,GPP_1km,RECO_1km,T2_1km,SWDOWN_1km,NEE_1km,GPP_9km,RECO_9km,T2_9km,SWDOWN_9km,NEE_9km,GPP_54km,RECO_54km,T2_54km,SWDOWN_54km,NEE_54km,GPP_CAMS,RECO_CAMS,T2_CAMS,SWDOWN_CAMS,NEE_CAMS
2012-01-20 00:00:00,0.0,0.4325238875815174,-1.1989997545847875,0.0,0.4325238875815174,0.0,0.33879200663169245,-1.7949593697968818,0.0,0.33879200663169245,0.0,0.3440034273385426,-0.988934199590449,0.0,0.3440034273385426,0.0,0.3985797481687541,3.0019618549546863,0.0,0.3985797481687541
2012-01-20 01:00:00,0.0,0.4172466489982744,-1.3514405414038688,0.0,0.4172466489982744,0.0,0.34680259767113525,-1.7360782763628686,0.0,0.34680259767113525,0.0,0.34848628881347893,-0.9386637336444653,0.0,0.34848628881347893,0.0,0.3944169511720172,2.9616943960676068,0.0,0.3944169511720172
2012-01-20 02:00:00,0.0,0.4058680656324217,-1.4823808325668826,0.0,0.4058680656324217,0.0,0.34922588069808796,-1.733397777119831,0.0,0.34922588069808796,0.0,0.3428915827363008,-0.9870047123276692,0.0,0.3428915827363008,0.0,0.3902541541752803,2.9214269371805273,0.0,0.3902541541752803
2012-01-20 03:00:00,0.0,0.39747717250795206,-1.5957957429750973,0.0,0.39747717250795206,0.0,0.3432377397572065,-1.7623751723444174,0.0,0.3432377397572065,0.0,0.32629745313828545,-1.1653270726579332,0.0,0.32629745313828545,0.0,0.3860913571785434,2.8811594782934478,0.0,0.3860913571785434
2012-01-20 04:00:00,0.0,0.384663281413864,-1.7576914560578283,0.0,0.384663281413864,0.0,0.33417165480892863,-1.8727673073157125,0.0,0.33417165480892863,0.0,0.30694921435511346,-1.3178919696437223,0.0,0.30694921435511346,5.752487879655488e-05,0.3752507742215411,2.5280034333131374,0.0,0.3751932493427445
2012-01-20 05:00:00,0.0,0.3671452167223214,-1.965890981179474,0.0,0.3671452167223214,0.0,0.3265085218359989,-2.0249489983951476,0.0,0.3265085218359989,0.0,0.2809417190401512,-1.6819691346863046,0.0,0.2809417190401512,0.00011504975759310976,0.3644101912645388,2.174847388332827,0.0,0.36429514150694564
2012-01-20 06:00:00,0.0,0.34797874946289575,-2.1643794346992205,0.0,0.34797874946289575,0.0,0.32009607422448644,-2.129086935962971,0.0,0.32009607422448644,0.0,0.2775751582185454,-1.683785750985568,0.0,0.2775751582185454,0.00017257463638966464,0.3535696083075364,1.8216913433525168,0.0,0.3533970336711468
2012-01-20 07:00:00,0.00040746401899445354,0.3318170031454862,-2.3435987542416683,2.4835305213928223,0.33140953912649174,0.0010093600302017865,0.29461413434833134,-2.379051464065334,2.755929400126118,0.29360477431812954,0.00048570672810566704,0.27008960648396424,-1.755155766289004,2.614870796486432,0.2696038997558586,0.28448485340200724,0.35744915861702936,1.8610129177810277,11.28885139561341,0.07296430521502212
2012-01-20 08:00:00,0.02738677145102579,0.3585378903267629,-2.1112295615821677,76.20545959472656,0.3311511188757371,0.04092093166122605,0.3434431052692829,-1.8592784444886392,84.68240404844173,0.30252217360805683,0.019518753438802834,0.2862663227809383,-1.611546952052077,91.1436096131761,0.26674756934213545,0.5687971321676248,0.36132870892652236,1.9003344922095387,22.57770279122682,-0.20746842324110248
2012-01-20 09:00:00,0.05149739885244247,0.364022258477334,-2.1506896121346406,153.68772888183594,0.3125248596248915,0.07793211645346308,0.3725166905942758,-1.6643629297022768,166.28824314275062,0.2945845741408127,0.052509002262245606,0.3102830221589764,-1.5066640079868456,182.1789944138969,0.2577740198967308,0.8531094109332426,0.3652082592360153,1.9396560666380496,33.86655418684023,-0.48790115169722725
2012-01-20 10:00:00,0.068206985143959,0.3621602628529424,-2.3295717046167406,208.985107421875,0.2939532777089834,0.10889034353886984,0.3759831380463713,-1.788094137741894,216.2291032567977,0.26709279450750145,0.10040612619437643,0.32806612033327404,-1.4824368570240978,251.75429165308583,0.2276599941388976,0.965804671796665,0.38140118252089983,2.092475028095574,72.41422028344678,-0.5844034892757651
2012-01-20 11:00:00,0.0774459394220477,0.3581811536586259,-2.536130121708958,234.7946319580078,0.2807352142365782,0.11834486716582088,0.35611807662979944,-2.1729245244396718,236.73982297937317,0.23777320946397856,0.11494619582532589,0.3138049479787612,-1.7400134467660704,282.50108692054386,0.1988587521534353,1.0784999326600873,0.3975941058057843,2.245293989553099,110.96188638005334,-0.6809058268543029
2012-01-20 12:00:00,0.07911088111164713,0.35145904106008696,-2.7788560400084807,228.032470703125,0.27234815994843986,0.10720385355389064,0.32880085262556225,-2.6081527260758928,237.35804558075338,0.2215969990716716,0.11529369447664717,0.29739241828584073,-2.0179604757055785,280.8267718688916,0.18209872380919356,1.1911951935235097,0.41378702909066883,2.3981129510106234,149.5095524766599,-0.7774081644328408
2012-01-20 13:00:00,0.07524191882056125,0.34089675455016183,-3.054489828834879,198.72642517089844,0.2656548357296006,0.08994547018569227,0.29461941783758266,-3.0770618780460355,212.77385001754934,0.2046739476518904,0.10536963691555684,0.2763892642143794,-2.345827073365547,242.22967118080743,0.17101962729882259,0.9481639515073471,0.39771505256614875,2.1402218360209666,139.4335821133142,-0.5504488989411984
2012-01-20 14:00:00,0.06282658873250882,0.3245785885194249,-3.3585791055550906,145.6602325439453,0.2617519997869161,0.05470981788767266,0.25551168956762904,-3.5214202653216358,151.12305106835615,0.2008018716799564,0.08012449558325237,0.24380498273197632,-2.803576561853009,170.27921733078676,0.16368048714872396,0.7051327094911846,0.38164307604162867,1.8823307210313096,129.35761174996847,-0.3234896334495559
2012-01-20 15:00:00,0.032545660635128607,0.28318972407291515,-3.8805047444645875,67.63938903808594,0.25064406343778656,0.02093589054362761,0.20517611136179723,-4.070673172512545,70.21602715637192,0.18424022081816963,0.0318414182944247,0.19439578974581118,-3.477188715437876,81.92161524094976,0.16255437145138646,0.462101467475022,0.3655710995171086,1.6244396060416526,119.28164138662277,-0.09653036795791342
2012-01-20 16:00:00,0.0003022768898412971,0.2268518831475416,-4.5662952631723925,0.2840456962585449,0.2265496062577003,0.00014545012060281212,0.13587136065564362,-4.960891154041444,0.28334339534690905,0.1357259105350408,0.00014155698920440097,0.13802523752355958,-4.254844345241039,0.8773206015325121,0.13788368053435518,0.30806764498334804,0.3550475236255499,1.183770035694471,81.03295684242809,0.04697987864220188
2012-01-20 17:00:00,0.0,0.211877423040068,-4.752127969214349,0.0,0.211877423040068,0.0,0.1258772862586587,-5.210564220213476,0.0,0.1258772862586587,0.0,0.12424783071509972,-4.5764936880385525,0.0,0.12424783071509972,0.15403382249167402,0.34452394773399125,0.7431004653472891,42.78427229823342,0.19049012524231723
2012-01-20 18:00:00,0.0,0.2037388386244408,-4.847828027532225,0.0,0.2037388386244408,0.0,0.12267897347134256,-5.339749086114799,0.0,0.12267897347134256,0.0,0.10513625287919977,-4.765685336332589,0.0,0.10513625287919977,0.0,0.3340003718424326,0.30243089500010734,4.535587754038744,0.3340003718424326
2012-01-20 19:00:00,0.0,0.1954378550763113,-4.875056630228827,0.0,0.1954378550763113,0.0,0.11704227567706188,-5.359063525276144,0.0,0.11704227567706188,0.0,0.11768783709067755,-4.493218124614239,0.0,0.11768783709067755,0.0,0.3298190865290904,0.03651115808655797,3.0267981858310486,0.3298190865290904
2012-01-20 20:00:00,0.0,0.1903546033509862,-4.835945769940209,0.0,0.1903546033509862,0.0,0.12906138691650826,-5.097824939123891,0.0,0.12906138691650826,0.0,0.10761854449976864,-4.270842782586111,0.0,0.10761854449976864,0.0,0.32563780121574826,-0.22940857882699145,1.5180086176233565,0.32563780121574826
2012-01-20 21:00:00,0.0,0.18634656718596584,-4.819434599101523,0.0,0.18634656718596584,0.0,0.13996995953649002,-4.878781929617991,0.0,0.13996995953649002,0.0,0.11617534947547382,-4.076388964315909,0.0,0.11617534947547382,0.0,0.3214565159024061,-0.495328315740541,0.009219049415664315,0.3214565159024061
2012-01-20 22:00:00,0.0,0.18067304951426771,-4.811579428766735,0.0,0.18067304951426771,0.0,0.13963055657520101,-4.7599494577224375,0.0,0.13963055657520101,0.0,0.1064511858863086,-3.985552942313782,0.0,0.1064511858863086,0.0,0.3295814426394212,-0.5242500723449887,0.006146032943776013,0.3295814426394212
2012-01-20 23:00:00,0.0,0.17403166500705047,-4.831541671774502,0.0,0.17403166500705047,0.0,0.14053823148923544,-4.709183103591472,0.0,0.14053823148923544,0.0,0.1281264445369806,-3.7065880721679294,0.0,0.1281264445369806,0.0,0.33770636937643633,-0.5531718289494362,0.0030730164718880066,0.33770636937643633
2012-02-19 00:00:00,0.0,0.17375440760392416,-4.49158421699461,0.0,0.17375440760392416,0.0,0.12377012379870916,-5.382462928062613,0.0,0.12377012379870916,0.0,0.10303895578930398,-5.727721470657321,0.0,0.10303895578930398,0.0,0.22760110963243457,-1.2624796346397245,0.0,0.22760110963243457
2012-02-19 01:00:00,0.0,0.17241004062685242,-4.575208892567906,0.0,0.17241004062685242,0.0,0.12425334025623647,-5.466892535325241,0.0,0.12425334025623647,0.0,0.10958036704755643,-5.636709936274582,0.0,0.10958036704755643,0.0,0.22469843343770432,-1.1439356196933983,0.0,0.22469843343770432
2012-02-19 02:00:00,0.0,0.17542349633521442,-4.618952474442032,0.0,0.17542349633521442,0.0,0.12529142437451285,-5.50626197988941,0.0,0.12529142437451285,0.0,0.10827239504681073,-5.641555420528661,0.0,0.10827239504681073,0.0,0.22179575724297404,-1.0253916047470721,0.0,0.22179575724297404
2012-02-19 03:00:00,0.0,0.185505828989285,-4.572930779402934,0.0,0.185505828989285,0.0,0.12610888039471435,-5.43912993296489,0.0,0.12610888039471435,0.0,0.1114588564295044,-5.336663531012348,0.0,0.1114588564295044,0.0,0.2188930810482438,-0.906847589800746,0.0,0.2188930810482438
2012-02-19 04:00:00,0.0,0.1951159042440989,-4.500680893553283,0.0,0.1951159042440989,0.0,0.13260301412478556,-5.23602615363748,0.0,0.13260301412478556,0.0,0.12090233122768863,-5.0706934415275144,0.0,0.12090233122768863,0.01623721201902064,0.21735342735011523,-0.9871851946440854,0.008957880388344063,0.20111621533109458
2012-02-19 05:00:00,0.0,0.1962906219200666,-4.43486261248725,0.0,0.1962906219200666,0.0,0.13948439177115163,-4.9634747924108815,0.0,0.13948439177115163,0.0,0.12149825486456732,-5.037279355767474,0.0,0.12149825486456732,0.03247442403804128,0.2158137736519867,-1.0675227994874248,0.017915760776688126,0.18333934961394543
2012-02-19 06:00:00,0.0,0.19484456712696857,-4.321360263847835,0.0,0.19484456712696857,0.0,0.14302673760805315,-4.802926205833415,0.0,0.14302673760805315,0.0,0.1143141994245956,-4.807490592327378,0.0,0.1143141994245956,0.04871163605706193,0.21427411995385814,-1.1478604043307643,0.026873641165032193,0.16556248389679623
2012-02-19 07:00:00,0.005811783123076724,0.2225192442127754,-3.6762078145661543,56.84531021118164,0.21670746108969868,0.0033841767588372123,0.16600365819047921,-4.11660882711001,53.14143561906192,0.162619481431642,0.0028166957799614033,0.1502808807305281,-3.7538815088423365,56.33152771783477,0.14746418495056668,0.22961167690721818,0.2263441255513278,-0.30340179005027024,25.75744157433123,-0.00326755135589038
2012-02-19 08:00:00,0.014416447057406901,0.2533903484036626,-3.1257206877188644,163.33079528808594,0.23897390134625568,0.009229183106686373,0.2089866591584065,-3.246817866533786,155.45776082318594,0.19975747605172012,0.0076357853935105505,0.1952540475770394,-2.74398926557671,163.47267112849445,0.18761826218352884,0.41051171775737444,0.23841413114879742,0.5410568242302238,51.48800950749743,-0.17209758660857702
2012-02-19 09:00:00,0.018565757389612022,0.27448262159681774,-2.859929863739303,269.9479064941406,0.2559168642072057,0.016643874292154682,0.24941592699468612,-2.6303138950444858,263.2719529640812,0.23277205270253143,0.013070782018910295,0.27529194684734676,-1.7194281218362462,283.04948008222283,0.26222116482843644,0.5914117586075308,0.25048413674626707,1.385515438510718,77.21857744066362,-0.34092762186126374
2012-02-19 10:00:00,0.02408193006676988,0.2946846338400541,-2.6604318678699377,364.6462707519531,0.2706027037732842,0.020336893607076124,0.28152514576667875,-2.233423348976199,351.4062729874585,0.2611882521596026,0.019769228192784608,0.3322383140531265,-1.1717727309209895,361.73241074556586,0.3124690858603419,0.7311216922852932,0.2693398400550033,2.0630785444142705,133.19463009062522,-0.46178185223028995
2012-02-19 11:00:00,0.02773335181700957,0.30883448322469925,-2.5359074965667903,429.5654296875,0.28110113140768966,0.022455269565691355,0.29979277630251083,-2.0437374789800105,407.9939842723273,0.27733750673681945,0.01929976658921045,0.33631367207404717,-1.1228668520686296,391.0923364024085,0.3170139054848367,0.8708316259630556,0.28819554336373954,2.7406416503178237,189.1706827405868,-0.5826360825993161
2012-02-19 12:00:00,0.030401011551097017,0.3154793768757835,-2.509263461644692,426.8216247558594,0.28507836532468644,0.021087783657256023,0.30215638552912677,-2.0555841885913155,394.3743094330131,0.28106860187187077,0.022405306126082,0.3224056758804512,-1.271982671669126,378.86972094342764,0.3000003697543692,1.010541559640818,0.30705124667247574,3.4182047562213764,245.14673539054843,-0.7034903129683423
2012-02-19 13:00:00,0.028675747369435796,0.3114582422642038,-2.5931352166367176,354.37359619140625,0.28278249489476803,0.01813259907734586,0.29104644982303735,-2.169465733228368,319.63057524987954,0.27291385074569147,0.02324616860664957,0.30348961137451813,-1.5139481059152855,321.6110624481905,0.28024344276786856,0.9032285134468365,0.3014107388817058,3.313665364361976,234.742327600776,-0.6018177745651307
2012-02-19 14:00:00,0.023238913129226487,0.2970122033444056,-2.7848958681727005,247.03799438476562,0.2737732902151791,0.014760674833014641,0.2649691205078832,-2.488829857170938,223.686979565198,0.25020844567486855,0.019742007272237475,0.2842239893142114,-1.8234129617842432,227.96601029561597,0.26448198204197393,0.795915467252855,0.29577023109093575,3.209125972502576,224.33791981100356,-0.5001452361619192
2012-02-19 15:00:00,0.014624777933596084,0.27263190681070415,-3.092903925316241,139.77169799804688,0.2580071288771081,0.00907495610053573,0.23252241748793112,-2.9854336631206047,128.7843471553906,0.22344746138739538,0.01332990409290773,0.2519506484851235,-2.3009183658472057,133.51163478697643,0.23862074439221576,0.6886024210588734,0.2901297233001658,3.1045865806431756,213.93351202123114,-0.3984726977587076
2012-02-19 16:00:00,0.004643995837576965,0.23813314146418918,-3.5382403205309654,45.54493713378906,0.23348914562661222,0.0025537981951544546,0.19884977670709947,-3.6679350150440793,43.861066717937156,0.19629597851194502,0.0035518023986129427,0.20955324532315142,-2.892979695147605,47.93841714415792,0.20600144292453848,0.4590682807059156,0.26801042418522214,2.0950639046319983,154.07281733952317,-0.19105785652069346
2012-02-19 17:00:00,0.0,0.19469348369151257,-4.121622838829112,0.0,0.19469348369151257,0.0,0.15186938586924575,-4.569898272784746,0.0,0.15186938586924575,0.0,0.16565135238943496,-3.804956288707037,0.0,0.16565135238943496,0.22953414035295783,0.24589112507027844,1.085541228620821,94.21212265781517,0.01635698471732061
2012-02-19 18:00:00,0.0,0.18286445146226196,-4.395548136358656,0.0,0.18286445146226196,0.0,0.12973427023307085,-5.029046062228997,0.0,0.12973427023307085,0.0,0.14196218528409296,-4.511947445992705,0.0,0.14196218528409296,0.0,0.22377182595533476,0.0760185526096433,34.351427976107175,0.22377182595533476
2012-02-19 19:00:00,0.0,0.1738982130121537,-4.629371491567824,0.0,0.1738982130121537,0.0,0.11596189188769347,-5.325991754502252,0.0,0.11596189188769347,0.0,0.12575070885993733,-5.107152595279002,0.0,0.12575070885993733,0.0,0.22015475992351935,-0.3483731225895905,22.900951984071447,0.22015475992351935
2012-02-19 20:00:00,0.0,0.16481075606888326,-4.867823853600538,0.0,0.16481075606888326,0.0,0.10370955948139175,-5.714146565322296,0.0,0.10370955948139175,0.0,0.10394752468228237,-5.678626562525356,0.0,0.10394752468228237,0.0,0.21653769389170394,-0.7727647977888246,11.450475992035724,0.21653769389170394
2012-02-19 21:00:00,0.0,0.15781139389046261,-5.101023740168858,0.0,0.15781139389046261,0.0,0.09748389288975848,-6.0838671317009965,0.0,0.09748389288975848,0.0,0.08268082233473892,-6.185000326663897,0.0,0.08268082233473892,0.0,0.21292062785988852,-1.1971564729880586,0.0,0.21292062785988852
2012-02-19 22:00:00,0.0,0.152492729664513,-5.326289781765424,0.0,0.152492729664513,0.0,0.08825613466143035,-6.516969610552032,0.0,0.08825613466143035,0.0,0.060820499218517614,-6.742672022631156,0.0,0.060820499218517614,0.0,0.21948520952772568,-1.424525677691278,0.0,0.21948520952772568
2012-02-19 23:00:00,0.0,0.14891717147188274,-5.55162631722069,0.0,0.14891717147188274,0.0,0.08125283641865695,-6.971564632588808,0.0,0.08125283641865695,0.0,0.04800031382196143,-7.2663105442317155,0.0,0.04800031382196143,0.0,0.22604979119556282,-1.6518948823944974,0.0,0.22604979119556282
2012-03-19 00:00:00,0.0,0.5369288552743399,-0.8257640045018945,0.0,0.5369288552743399,0.0,0.46319226782837236,-0.8688339913940243,0.0,0.46319226782837236,0.0,0.5061944576428111,0.26268804445755023,0.0,0.5061944576428111,0.0,0.7283159037142631,4.531838739654039,0.0,0.7283159037142631
2012-03-19 01:00:00,0.0,0.5138588394739066,-1.0545671634030205,0.0,0.5138588394739066,0.0,0.4475405192649687,-1.074666928074116,0.0,0.4475405192649687,0.0,0.48184828213211073,0.035190524571557025,0.0,0.48184828213211073,0.0,0.7117937837237714,4.3636509042831495,0.0,0.7117937837237714
2012-03-19 02:00:00,0.0,0.49430445919014515,-1.2468742307020957,0.0,0.49430445919014515,0.0,0.43265062569561813,-1.2057317491671893,0.0,0.43265062569561813,0.0,0.457777957757376,-0.21461450640868945,0.0,0.457777957757376,0.0,0.6952716637332799,4.195463068912259,0.0,0.6952716637332799
2012-03-19 03:00:00,0.0,0.4764989992627213,-1.4199864026371232,0.0,0.4764989992627213,0.0,0.41996966003903086,-1.365524649603347,0.0,0.41996966003903086,0.0,0.4363182739677472,-0.44883552826512624,0.0,0.4363182739677472,0.0,0.6787495437427882,4.02727523354137,0.0,0.6787495437427882
2012-03-19 04:00:00,0.0,0.46073135609005184,-1.5581129773583589,0.0,0.46073135609005184,0.0,0.4098201623756527,-1.489962204306966,0.0,0.4098201623756527,0.0,0.4096596445644678,-0.7157454620066955,0.0,0.4096596445644678,0.37673518610787293,0.6667745096273816,3.7717737781034466,1.6709085584869956,0.2900393235195087
2012-03-19 05:00:00,0.0,0.4480099783208361,-1.6699288922097992,0.0,0.4480099783208361,0.0,0.3956577575750688,-1.624800057275689,0.0,0.3956577575750688,0.0,0.38583813647378,-0.9553951096240544,0.0,0.38583813647378,0.7534703722157459,0.6547994755119749,3.5162723226655235,3.341817116973991,-0.09867089670377094
2012-03-19 06:00:00,0.042083099345134135,0.461155960323509,-1.5220596029866427,41.448848724365234,0.4190728609783748,0.025189089697687003,0.39692737782050175,-1.588052914932038,36.56458944521182,0.37173828812281473,0.022467032854036322,0.36746786624807865,-1.1377801049918845,35.69403664527742,0.3450008333940423,1.1302055583236188,0.6428244413965684,3.2607708672276,5.012725675460987,-0.48738111692705044
2012-03-19 07:00:00,0.11926287157558474,0.48677569296772216,-1.2352978502380048,153.8585968017578,0.3675128213921374,0.08176422994270044,0.4282638978824452,-1.2443490758027786,140.42970800840757,0.34649966793974474,0.058332215116882684,0.3733241843186799,-1.0351160811638866,119.31255731863486,0.31499196920179723,1.7562171619290217,0.7141779381457888,4.14331229666744,58.6523895288845,-1.0420392237832328
2012-03-19 08:00:00,0.17584065435453475,0.5017489865537352,-1.058138860241866,276.8878479003906,0.32590833219920046,0.12892097318594348,0.44856321693458884,-0.9982852967838921,257.569477263233,0.31964224374864536,0.10541972328500498,0.4036873518134077,-0.7463860035275052,226.97100833047338,0.2982676285284027,2.3822287655344248,0.7855314348950091,5.025853726107279,112.29205338230801,-1.5966973306394157
2012-03-19 09:00:00,0.22463804648649166,0.5150595134482123,-0.907679899169907,387.6832580566406,0.29042146696172066,0.16249407062390053,0.4659171941990901,-0.7785936843923436,357.40412986759515,0.3034231235751896,0.17071102594841908,0.44184078383294,-0.39343050231323673,339.807806968846,0.2711297578845209,3.0082403691398274,0.8568849316442295,5.908395155547119,165.93171723573153,-2.1513554374955977
2012-03-19 10:00:00,0.2713251020261293,0.529892347568154,-0.7630666916642422,473.74017333984375,0.25856724554202465,0.19045645584971285,0.48053396445294255,-0.6149793567683149,433.042936772694,0.2900775086032297,0.1997548665945598,0.47144139266290824,-0.11119161382055513,425.88612899948436,0.2716865260683484,3.3571293007008,0.9121611344279107,6.49323797907353,229.726528906834,-2.444968166272889
2012-03-19 11:00:00,0.30528900541576337,0.5440111344380789,-0.6408848235332263,515.3222045898438,0.23872212902231554,0.21915461380225024,0.494400490148827,-0.48115554247219794,489.5875948386387,0.2752458763465767,0.2339674557045421,0.4967197772320111,0.13523750492507675,481.2067520853201,0.26275232152746897,3.7060182322617723,0.967437337211592,7.078080802599942,293.5213405779365,-2.7385808950501804
2012-03-19 12:00:00,0.3236614352967139,0.5535486552342447,-0.5621978881655275,522.0346069335938,0.2298872199375308,0.23572823657791594,0.5069905114447351,-0.3766713570351487,483.6404766747521,0.2712622748668191,0.2593957196287812,0.5147550009853391,0.2966535489135596,487.1830209508104,0.2553592813565579,4.054907163822745,1.0227135399952731,7.6629236261263545,357.316152249039,-3.032193623827472
2012-03-19 13:00:00,0.32235903149362444,0.5570277618649715,-0.5323134166195311,488.02093505859375,0.23466873037134706,0.2320027812417234,0.5113620662712519,-0.34271087792662835,456.0595107871547,0.2793592850295285,0.26072098716088715,0.5275513537360027,0.4135873799110179,454.85760757113354,0.26683036657511555,3.7537115853323635,1.0056856008140729,7.708838941138413,339.47423586872264,-2.7480259845182906
2012-03-19 14:00:00,0.30718141986950914,0.5615852957055533,-0.5093507021647538,411.0888671875,0.2544038758360441,0.2087381554456738,0.5113199104589433,-0.34510794526882926,374.42199696779585,0.3025817550132695,0.2474668486166603,0.5400978070203599,0.5260328958386711,357.32925504749426,0.2926309584036996,3.4525160068419822,0.9886576616328727,7.754754256150471,321.6323194884062,-2.4638583452091094
2012-03-19 15:00:00,0.2542589668347051,0.5565352919735292,-0.575786068969055,292.2051086425781,0.30227632513882413,0.18168350029389058,0.502724070779303,-0.452888863202085,265.81330687357087,0.32104057048541246,0.19826757693562447,0.5421845811402173,0.5514948288404733,265.1431221998673,0.3439170042045928,3.1513204283516005,0.9716297224516725,7.800669571162529,303.79040310808983,-2.179690705899928
2012-03-19 16:00:00,0.1563827466282937,0.5339921935412236,-0.8269441451711818,156.30247497558594,0.3776094469129299,0.10792036953663894,0.4781638932180572,-0.7125467719564306,139.8210056719515,0.3702435236814182,0.14705650876593154,0.5229252465349491,0.3808955045222667,149.77162636378497,0.3758687377690175,2.100880285567734,0.8959247289572868,7.033337098896312,229.1150968330214,-1.204955556610447
2012-03-19 17:00:00,0.02991010051243649,0.46064562643509666,-1.6191450508502074,30.69074249267578,0.4307355259226602,0.02099388314632565,0.4165139833322406,-1.4047197990208604,28.515829862120977,0.39552010018591494,0.00984519433918232,0.4456099108774253,-0.34019964274788056,14.391787620785216,0.435764716538243,1.050440142783867,0.8202197354629013,6.266004626630096,154.43979055795296,-0.23022040732096571
2012-03-19 18:00:00,0.0,0.4244156361553142,-2.036920743120981,0.0,0.4244156361553142,0.0,0.37253761190259255,-1.9729004291727734,0.0,0.37253761190259255,0.0,0.4077675132338846,-0.7760186671147323,0.0,0.4077675132338846,0.0,0.7445147419685156,5.498672154363879,79.7644842828845,0.7445147419685156
2012-03-19 19:00:00,0.0,0.40351205342389374,-2.271611447260335,0.0,0.40351205342389374,0.0,0.36202012477173406,-2.227269835587624,0.0,0.36202012477173406,0.0,0.4037727148739617,-0.9887931524717881,0.0,0.4037727148739617,0.0,0.7027129259344096,4.828303447050914,53.17728238806116,0.7027129259344096
2012-03-19 20:00:00,0.0,0.377006850439979,-2.5670528411505096,0.0,0.377006850439979,0.0,0.34892274960445024,-2.4652677141608437,0.0,0.34892274960445024,0.0,0.4050559230437128,-0.9451523407736474,0.0,0.4050559230437128,0.0,0.6609111099003037,4.157934739737948,26.590080493237828,0.6609111099003037
2012-03-19 21:00:00,0.0,0.3593129452980274,-2.811029896893733,0.0,0.3593129452980274,0.0,0.33615761147029266,-2.643482589688304,0.0,0.33615761147029266,0.0,0.40921102186026165,-0.7989011426426287,0.0,0.40921102186026165,0.0,0.6191092938661976,3.487566032424983,0.0028785984144974464,0.6191092938661976
2012-03-19 22:00:00,0.0,0.34201751446860107,-3.0391443967046676,0.0,0.34201751446860107,0.0,0.32464684165675267,-2.8577927108769607,0.0,0.32464684165675267,0.0,0.40309357192438167,-0.8624743321616276,0.0,0.40309357192438167,0.0,0.6093460553749905,3.313077146624088,0.001919065609669466,0.6093460553749905
2012-03-19 23:00:00,0.0,0.32239130514673653,-3.260113879878997,0.0,0.32239130514673653,0.0,0.3061079274434348,-3.193802026814548,0.0,0.3061079274434348,0.0,0.36444097029898254,-1.355548055762146,0.0,0.36444097029898254,0.0,0.5995828168837836,3.1385882608231923,0.0009595328048347331,0.5995828168837836
2012-04-07 00:00:00,0.0,0.6900829549865859,0.46836638002085684,0.0,0.6900829549865859,0.0,0.6069223214048896,0.447235690288332,0.0,0.6069223214048896,0.0,0.5353730854026186,0.22901278866144137,0.0,0.5353730854026186,0.0,0.9046995536117551,6.412849634095675,0.0,0.9046995536117551
2012-04-07 01:00:00,0.0,0.6760823973216765,0.35276599611342874,0.0,0.6760823973216765,0.0,0.5858562711835746,0.25200830032729093,0.0,0.5858562711835746,0.0,0.5260129341417485,0.2549331300198544,0.0,0.5260129341417485,0.0,0.886200413899945,6.160280713919747,0.0,0.886200413899945
2012-04-07 02:00:00,0.0,0.6663538925390646,0.3008169033649297,0.0,0.6663538925390646,0.0,0.5708075469016624,0.11087553175610565,0.0,0.5708075469016624,0.0,0.5082460416051083,0.1868570110039594,0.0,0.5082460416051083,0.0,0.8677012741881349,5.907711793743817,0.0,0.8677012741881349
2012-04-07 03:00:00,0.0,0.6531426081705021,0.2168328561239299,0.0,0.6531426081705021,0.0,0.5616244456472864,0.036007785055677574,0.0,0.5616244456472864,0.0,0.5043078682065542,0.1824736767146892,0.0,0.5043078682065542,0.0,0.8492021344763248,5.655142873567889,0.0,0.8492021344763248
2012-04-07 04:00:00,0.0,0.6408451857241864,0.15549622109903075,0.0,0.6408451857241864,0.0,0.5456088936583329,-0.08701833293371802,0.0,0.5456088936583329,0.0,0.5085469753491861,0.17576367485231933,0.0,0.5085469753491861,0.5706024770687343,0.857040587788818,5.6973124833793465,5.147733023267449,0.2864381107200836
2012-04-07 05:00:00,0.03269035378848033,0.6445816742528577,0.2561744882614019,10.620888710021973,0.6118913204643774,0.019995354026629462,0.5490764847609542,-0.00275638230195806,10.000391823449538,0.5290811307343247,0.0,0.5035827239553754,0.13322906808974197,0.0,0.5035827239553754,1.1412049541374687,0.8648790411013113,5.739482093190804,10.295466046534898,-0.2763259130361574
2012-04-07 06:00:00,0.2822975737796795,0.6952615056475194,0.8206100544007611,109.94866943359375,0.4129639318678399,0.1936830441333386,0.6060811454911871,0.5878228188309247,106.88906174638898,0.4123981013578485,0.1857051983222919,0.5588603774490641,0.7510076545108346,108.76811904211957,0.3731551791267722,1.7118074312062033,0.8727174944138045,5.781651703002262,15.443199069802349,-0.8390899367923987
2012-04-07 07:00:00,0.4961162454806274,0.7155467171596399,1.0544146347298067,240.0420684814453,0.21943047167901253,0.37544008302744686,0.6527758404770416,1.058817090039515,243.61404314785057,0.27733575744959477,0.42963228244498386,0.6312443061301357,1.4142486737272189,253.17040633019786,0.20161202368515185,2.3511866317136416,0.9468406825276491,6.489284722549049,78.32228327439275,-1.4043459491859926
2012-04-07 08:00:00,0.657862166588378,0.728047056929984,1.1789632803539885,374.1176452636719,0.07018489034160591,0.5138764298006331,0.6758100220625523,1.2989634276723583,382.5014257317279,0.16193359226191917,0.6622895441029919,0.6854085407376865,1.8761991275284342,411.4038130566973,0.023118996634694633,2.9905658322210806,1.0209638706414936,7.196917742095836,141.20136747898314,-1.969601961579587
2012-04-07 09:00:00,0.7956504366179247,0.7391556269275975,1.2685730085083127,501.6086730957031,-0.056494809690327163,0.6193584722905559,0.6875832187691319,1.3874390008414788,516.0395871221828,0.06822474647857601,0.8127866503434729,0.7146361127278924,2.106439826500072,560.7219583701313,-0.09815053761558046,3.629945032728519,1.0950870587553383,7.904550761642623,204.08045168357353,-2.534857973973181
2012-04-07 10:00:00,0.9040003551254061,0.7585539740772873,1.4006500369869783,603.4939575195312,-0.1454463810481188,0.7378985864074314,0.7118184737414083,1.5316429926885573,630.7123009882173,-0.02608011266602317,0.8880121895774151,0.7356714476343911,2.251270884585222,666.2790989036537,-0.15234074194302405,3.847070358899368,1.1374377603746173,8.293224582406184,256.2524413982988,-2.7096325985247507
2012-04-07 11:00:00,0.9956426974853223,0.7791830707430639,1.5392506591958346,663.3562622070312,-0.21645962674225838,0.8173465901187487,0.7344941081187333,1.6968828356728953,680.7828859568685,-0.08285248200001538,0.9219437951845069,0.7558245494839608,2.403647218382399,708.3804661499182,-0.16611924570054604,4.064195685070216,1.1797884619938965,8.681898403169743,308.42443111302407,-2.8844072230763196
2012-04-07 12:00:00,1.048603189360628,0.7948633227846155,1.6530386985118959,671.4464111328125,-0.25373986657601255,0.886074794443177,0.756154699841222,1.859065735088629,681.9370563768248,-0.12992009460195508,0.9071898971009162,0.7633479104692515,2.4508908130019265,700.7143258536289,-0.1438419866316647,4.281321011241065,1.2221391636131755,9.070572223933304,360.59642082774934,-3.0591818476278894
2012-04-07 13:00:00,1.0306588816478217,0.7998750295858882,1.6944761042363146,621.3494262695312,-0.23078385206193353,0.8707607619063361,0.7609417604442612,1.895679848606807,628.012805011424,-0.1098190014620749,0.8089640893813893,0.7636242384059675,2.4278531299084904,636.4903287353603,-0.045339850975421814,3.9640326718140027,1.2062886907859012,9.054023327748025,343.86883537714107,-2.7577439810281015
2012-04-07 14:00:00,0.9350329597076031,0.7912351056631344,1.632265420416982,520.4420166015625,-0.14379785404446876,0.7950692692819645,0.751624017053655,1.8222880082034463,544.5041466147359,-0.04344525222830953,0.6902387128972836,0.7458376507975993,2.2753278961092946,518.0090938758491,0.05559893790031578,3.6467443323869406,1.190438217958627,9.037474431562746,327.14124992653274,-2.4563061144283136
2012-04-07 15:00:00,0.7855478102738787,0.7729589410634052,1.4630895009073905,379.51727294921875,-0.012588869210473419,0.6286331508412751,0.7225990397823804,1.5751295176331728,395.1601927650729,0.09396588894110525,0.5408690631270756,0.7220355889615573,2.0624178496834977,358.0346902784051,0.18116652583448167,3.329455992959878,1.1745877451313527,9.020925535377467,310.41366447592446,-2.1548682478285253
2012-04-07 16:00:00,0.5737672273617824,0.7480451033429408,1.1934862408633882,222.54867553710938,0.1742778759811584,0.3946023319670523,0.6745199858612877,1.140368660493318,223.15082722794997,0.2799176538942354,0.35815251122405795,0.6847597409943099,1.7419691436892168,214.0510780084849,0.32660722977025197,2.2343816049385743,1.1066211997141286,8.271309769126315,235.09076262765248,-1.1277604052244457
2012-04-07 17:00:00,0.2415414682890108,0.685586010737831,0.5487476091540778,79.4366455078125,0.4440445424488202,0.15095678216731778,0.5994630277918717,0.348672037388306,78.89338145478344,0.4485062456245539,0.11991179682925555,0.6009023291531652,0.9984013080803121,76.33330132762457,0.48099053232390965,1.1393072169172704,1.0386546542969046,7.521694002875164,159.7678607793805,-0.10065256262036582
2012-04-07 18:00:00,0.0,0.6021293252942284,-0.31633831021408326,0.0,0.6021293252942284,0.0,0.4839279790734878,-0.8484052434044999,0.0,0.4839279790734878,0.0,0.48752542263151716,-0.1742633994329042,0.0,0.48752542263151716,0.04423282889596658,0.9706881088796806,6.772078236624012,84.44495893110849,0.926455279983714
2012-04-07 19:00:00,0.0,0.5616386644583611,-0.6967916162867744,0.0,0.5616386644583611,0.0,0.4348490882733405,-1.359287917051808,0.0,0.4348490882733405,0.0,0.4175700984793259,-0.9169656966091814,0.0,0.4175700984793259,0.029488552597311125,0.9264437876126232,6.118827767193648,56.319811401240415,0.8969552350153122
2012-04-07 20:00:00,0.0,0.5261163320203435,-1.041473860299298,0.0,0.5261163320203435,0.0,0.3917779158951088,-1.8259727430620079,0.0,0.3917779158951088,0.0,0.35755117273908354,-1.5024429068851184,0.0,0.35755117273908354,0.014744276298655563,0.882199466345566,5.465577297763283,28.19466387137232,0.8674551900469104
2012-04-07 21:00:00,0.0,0.4986016620674079,-1.3180679467652665,0.0,0.4986016620674079,0.0,0.3541440456469442,-2.2681793553127045,0.0,0.3541440456469442,0.0,0.3028965628750787,-1.9920756178700914,0.0,0.3028965628750787,0.0,0.8379551450785087,4.812326828332918,0.06951634150422592,0.8379551450785087
2012-04-07 22:00:00,0.0,0.47065487095903763,-1.606409981135494,0.0,0.47065487095903763,0.0,0.31878439642690437,-2.6950145246730597,0.0,0.31878439642690437,0.0,0.2588922808745347,-2.3690845681360098,0.0,0.2588922808745347,0.0,0.8077424443542992,4.258435409804573,0.0463442276694804,0.8077424443542992
2012-04-07 23:00:00,0.0,0.4411327177212188,-1.8827760670677267,0.0,0.4411327177212188,0.0,0.2749268788319581,-3.2045924584421086,0.0,0.2749268788319581,0.0,0.22758973203055285,-2.7529293983102523,0.0,0.22758973203055285,0.0,0.7775297436300899,3.7045439912762275,0.0231721138347402,0.7775297436300899
2012-05-16 00:00:00,0.0,0.6948107725843046,0.08183307011264618,0.0,0.6948107725843046,0.0,0.5077012483238581,-1.1157352111083294,0.0,0.5077012483238581,0.0,0.49148447675544155,-0.2399574388414843,0.0,0.49148447675544155,0.0,1.0394771686243418,5.897984613688358,0.0,1.0394771686243418
2012-05-16 01:00:00,0.0,0.625191865660199,-0.6027389332494871,0.0,0.625191865660199,0.0,0.4610734375161744,-1.7959228397060165,0.0,0.4610734375161744,0.0,0.4445732332422348,-0.8109832533306528,0.0,0.4445732332422348,0.01703398437651562,1.0192713600950956,5.565457391247657,0.0,1.0022373757185798
2012-05-16 02:00:00,0.0,0.5650152810361407,-1.237145754761368,0.0,0.5650152810361407,0.0,0.4076191436010661,-2.5961138967140696,0.0,0.4076191436010661,0.0,0.4086230762794601,-1.212131201570313,0.0,0.4086230762794601,0.03406796875303124,0.9990655515658492,5.232930168806956,0.0,0.964997582812818
2012-05-16 03:00:00,0.0,0.5136714258856916,-1.8328149492666848,0.0,0.5136714258856916,0.0,0.34559095655593985,-3.2377595730253734,0.0,0.34559095655593985,0.0,0.36474820227800636,-1.6426465180659844,0.0,0.36474820227800636,0.051101953129546865,0.978859743036603,4.900402946366254,0.0,0.927757789907056
2012-05-16 04:00:00,0.057170519664430416,0.48027761569017663,-2.226065477614193,11.081488609313965,0.4231070960257462,0.037951418816612154,0.3044488930114649,-3.6415906930046975,13.376743630532909,0.2664974741948527,0.0008280962186122849,0.3274284275621481,-2.0126940896891083,0.5202798854270404,0.32660033134353583,0.9052112773411967,0.997584090295987,5.037833829320937,23.682654711532564,0.09237281295479038
2012-05-16 05:00:00,0.5355881174496672,0.4950592451315262,-2.0346990198602497,103.4875717163086,-0.04052887231814095,0.3807363381006117,0.333856798721765,-3.145787083925962,127.29090658637601,-0.0468795393788467,0.24632538679776753,0.3414123471474736,-1.7851639762268596,89.5429195861792,0.09508696034970607,1.7593206015528464,1.0163084375553713,5.175264712275619,47.36530942306513,-0.7430121639974752
2012-05-16 06:00:00,1.0164000447676824,0.5203108593922086,-1.7758685476739147,226.28155517578125,-0.49608918537547386,0.8807850904301705,0.39809510462698944,-2.384868561447257,273.68998650736137,-0.48268998580318107,0.7443772881535786,0.38882889714656055,-1.2714875222293016,248.83294776196504,-0.35554839100701807,2.613429925764496,1.0350327848147554,5.312695595230302,71.04796413459769,-1.5783971409497408
2012-05-16 07:00:00,1.4907528233561478,0.5537807963082719,-1.4550989795901375,371.1083679199219,-0.9369720270478759,1.4726292544214556,0.47526389670241714,-1.5422857498514746,435.30981368101,-0.9973653577190384,1.2814674658893537,0.44601423560316034,-0.7371063164013226,405.0434546604104,-0.8354532302861933,3.3955430267915157,1.1285567380450634,5.938823576939456,168.74607326114165,-2.2669862887464522
2012-05-16 08:00:00,2.0828876968861083,0.6050063782392487,-0.9931294216848366,524.8902587890625,-1.4778813186468596,2.042478328615718,0.5595584910888153,-0.7189706925686231,588.0470128121807,-1.4829198375269028,1.6785024441713308,0.4948162812111844,-0.2688854154341999,543.0992694521202,-1.1836861629601465,4.177656127818535,1.2220806912753714,6.564951558648611,266.4441823876856,-2.955575436543164
2012-05-16 09:00:00,2.5876264405782203,0.661111332336406,-0.48237756601415255,653.7122192382812,-1.9265151082418144,2.5415710044827966,0.6342899575215459,0.018111195991900936,716.3879794235132,-1.9072810469612507,1.9771698144347982,0.5454865504215325,0.19362718841466633,644.3316921571967,-1.4316832640132657,4.9597692288455555,1.3156046445056795,7.191079540357765,364.1422915142296,-3.644164584339876
2012-05-16 10:00:00,3.065417105109729,0.7196312041954945,0.049215681638313406,759.8687133789062,-2.3457859009142346,2.914283392557276,0.6932998606510058,0.5792115480824218,797.3247595832602,-2.2209835319062705,2.2432832424551425,0.5868597295125604,0.534825789166836,711.7935041286829,-1.6564235129425822,5.361031163681918,1.38116189699705,7.827320095160789,416.2733038461679,-3.9798692666848683
2012-05-16 11:00:00,3.50696372293448,0.7790973692979446,0.567080582326818,822.4188232421875,-2.7278663536365357,3.1973372839947936,0.7421265334954561,0.9947169301485322,829.2620247039897,-2.4552107504993375,2.4389588187556566,0.6331500290398627,0.9607973431306197,734.304666178968,-1.805808789715794,5.762293098518281,1.4467191494884204,8.463560649963812,468.40431617810617,-4.315573949029861
2012-05-16 12:00:00,3.7481909118910512,0.8221045075954369,0.9541068403317009,818.4922485351562,-2.9260864042956145,3.431952663914912,0.7789763154338206,1.3001558126389332,841.0454191674634,-2.6529763484810913,2.611798585144438,0.6800845882897615,1.346722466571356,700.0821848490015,-1.9317139968546766,6.163555033354644,1.512276401979791,9.099801204766836,520.5353285100445,-4.651278631374853
2012-05-16 13:00:00,3.996471628517614,0.8650830625597399,1.3086782922429159,778.2258911132812,-3.131388565957874,3.460854167108317,0.7968064421161029,1.4612258427419873,766.3616140373584,-2.664047724992214,2.596689387701082,0.6935916877473742,1.4731159647283885,638.9564202551824,-1.9030976999537077,5.851975959762895,1.5013228233393734,9.15611999316841,501.2087675816374,-4.350653136423522
2012-05-16 14:00:00,3.8805021122556203,0.8791767644325804,1.4329579710574465,669.0076904296875,-3.0013253478230397,3.340597301766758,0.8046966552340247,1.5525884615789085,636.0983622632402,-2.5359006465327334,2.456825151605435,0.6925959700374089,1.4666198712632261,556.5888452065174,-1.7642291815680262,5.5403968861711475,1.4903692446989556,9.212438781569986,481.8822066532304,-4.050027641472192
2012-05-16 15:00:00,3.5510988031123274,0.8677378704383009,1.3389648271461263,522.5181884765625,-2.6833609326740264,3.038842062461584,0.7945050829427978,1.4694111348754113,506.14638981147635,-2.2443369795187866,2.169372656439601,0.6742280239203534,1.3153961930042786,434.16522423896265,-1.4951446325192475,5.228817812579399,1.479415666058538,9.26875756997156,462.55564572482336,-3.7494021465208607
2012-05-16 16:00:00,3.016725831983724,0.838227160350137,1.089730936215937,362.75262451171875,-2.178498671633587,2.4183934656194963,0.745570198956998,1.0508498059960134,352.863028601683,-1.6728232666624983,1.6858055587274359,0.6391859740079225,1.0196597117986306,311.3695494707441,-1.0466195847195134,4.034075783009616,1.3869999958928925,8.663326570531996,366.9798076069253,-2.6470757871167234
2012-05-16 17:00:00,2.0362834794498186,0.7775123275855302,0.5906794582856287,202.53306579589844,-1.2587711518642883,1.5680260493137652,0.6717619230411238,0.46041290556066466,188.77273154060939,-0.8962641262726414,1.1037609144319553,0.5762158853602934,0.4883450031063077,179.7513900915813,-0.5275450290716619,2.8393337534398326,1.2945843257272471,8.057895571092434,271.4039694890273,-1.5447494277125855
2012-05-16 18:00:00,0.7406230712130616,0.6735416987285519,-0.2989930510254522,62.62871551513672,-0.06708137248450974,0.5308526113452845,0.5782382651005126,-0.33478568936979874,58.38835783308908,0.047385653755228074,0.3835128754063997,0.48683126676419575,-0.26246576064752003,57.316347372673896,0.10331839135779602,1.6445917238700494,1.2021686555616016,7.45246457165287,175.82813137112925,-0.4424230683084478
2012-05-16 19:00:00,0.0,0.5888158781832802,-1.0656238296652045,0.0,0.5888158781832802,0.0,0.4967523428157975,-1.1457255160706552,0.0,0.4967523428157975,0.0,0.41561509088706833,-0.8969810222943377,0.0,0.41561509088706833,1.096394482580033,1.122645554815891,6.698571872225005,119.57908266325418,0.026251072235857986
2012-05-16 20:00:00,0.0,0.5587649053975665,-1.3532087537017443,0.0,0.5587649053975665,0.0,0.4567387328684779,-1.5701712032024837,0.0,0.4567387328684779,0.0,0.3876604422029927,-1.16307246264425,0.0,0.3876604422029927,0.5481972412900165,1.0431224540701802,5.944679172797141,63.33003395537915,0.49492521278016377
2012-05-16 21:00:00,0.0,0.53732217192191,-1.6023869133649218,0.0,0.53732217192191,0.0,0.4325501879746953,-1.777859659355049,0.0,0.4325501879746953,0.0,0.3761334879572863,-1.3372947815586789,0.0,0.3761334879572863,0.0,0.9635993533244696,5.190786473369276,7.080985247504117,0.9635993533244696
2012-05-16 22:00:00,0.0,0.5137843717765049,-1.8763913879672638,0.0,0.5137843717765049,0.0,0.39845196418567075,-2.2041360064579756,0.0,0.39845196418567075,0.0,0.3669600728372781,-1.5336857062653295,0.0,0.3669600728372781,0.0,0.923612134340274,4.734976840219289,4.720656831669411,0.923612134340274
2012-05-16 23:00:00,0.0,0.4844973057946662,-2.221611872483249,0.0,0.4844973057946662,0.0,0.3670181593481739,-2.7079086385291764,0.0,0.3670181593481739,0.0,0.3506719523474807,-1.704726642280817,0.0,0.3506719523474807,0.0,0.8836249153560783,4.279167207069301,2.3603284158347053,0.8836249153560783
2012-06-10 00:00:00,0.0,1.562717689487962,8.20834013574826,0.0,1.562717689487962,0.0,1.4958903573762072,8.257717131362995,0.0,1.4958903573762072,0.0,1.4456397441035422,8.442507333139615,0.0,1.4456397441035422,0.0,1.9413560332150752,12.116978214021305,0.0,1.9413560332150752
2012-06-10 01:00:00,0.0,1.5302850892717572,7.904418152164535,0.0,1.5302850892717572,0.0,1.462175702805957,7.932684645239112,0.0,1.462175702805957,0.0,1.440396657146421,8.384132552765749,0.0,1.440396657146421,0.09263227114911977,1.90584685455798,11.796586304696161,0.00040229333956507654,1.8132145834088602
2012-06-10 02:00:00,0.0,1.5023040385509696,7.645264552553378,0.0,1.5023040385509696,0.0,1.4293780945104206,7.612834833607653,0.0,1.4293780945104206,0.0,1.4221705680202987,8.215635630357053,0.0,1.4221705680202987,0.18526454229823955,1.870337675900885,11.476194395371015,0.0008045866791301531,1.6850731336026454
2012-06-10 03:00:00,0.0,1.4718554676422098,7.361841945634419,0.0,1.4718554676422098,0.0,1.3977553587825213,7.312777750739376,0.0,1.3977553587825213,0.0,1.4004154203690764,7.995047617015218,0.0,1.4004154203690764,0.27789681344735934,1.8348284972437898,11.155802486045872,0.0012068800186952296,1.5569316837964304
2012-06-10 04:00:00,0.906301571913779,1.4609422088854076,7.2296697878652605,20.280431747436523,0.5546406369716286,0.6525950856473824,1.3864189457887388,7.164453167820083,16.06965762362445,0.7338238601413564,0.19399449241156488,1.3616496722622216,7.614269640602999,4.706768912992695,1.1676551798506567,1.9484257698037304,1.8892787520842897,11.506010986962867,19.285514519136694,-0.05914701771944064
2012-06-10 05:00:00,3.0127473683683466,1.480722911720958,7.341296090056087,87.70809936523438,-1.5320244566473886,2.2930030645683175,1.3982617695602504,7.217003505296064,69.27857837618595,-0.8947412950080671,0.8537236720541527,1.3227132920102733,7.21865441420334,23.226223867340273,0.46898961995612065,3.6189547261601014,1.9437290069247897,11.85621948787986,38.56982215825469,-1.6752257192353117
2012-06-10 06:00:00,5.05526165982326,1.5114807034524285,7.554679715939714,186.06155395507812,-3.5437809563708313,4.254723914099762,1.429789586522134,7.410452873966284,156.07191085138305,-2.8249343275776284,2.9070103097101145,1.3089358243749647,7.050125111533915,100.1114581062752,-1.5980744853351498,5.289483682516472,1.9981792617652896,12.206427988796856,57.854129797372686,-3.2913044207511826
2012-06-10 07:00:00,6.757131013928804,1.5589551159878472,7.900603360362273,301.3928527832031,-5.198175897940957,5.871801845047442,1.4791896677526526,7.822362339595871,276.39175672439654,-4.39261217729479,4.7937904676815455,1.3246875969568241,7.131206725257902,224.13760579824248,-3.469102870724721,6.6533182466481,2.1165359109237647,13.009633934415659,129.22524833338727,-4.536782335724335
2012-06-10 08:00:00,8.18011021605908,1.6250222893987736,8.393463150217828,424.8076171875,-6.555087926660307,7.405963311600867,1.5420843984113048,8.355519784163624,410.5196266975897,-5.863878913189562,5.746122899764842,1.3605258039170747,7.411918151818835,299.28543677259717,-4.385597095847768,8.017152810779727,2.2348925600822396,13.812839880034462,200.59636686940183,-5.782260250697488
2012-06-10 09:00:00,9.072806939869707,1.6933404484485417,8.92870058175526,527.229736328125,-7.379466491421166,8.305421217014905,1.596591219781326,8.799896383644814,496.04470211143047,-6.708829997233579,6.307448321520755,1.3893531076532049,7.657584331708038,380.7864237981691,-4.91809521386755,9.380987374911356,2.3532492092407145,14.616045825653265,271.9674854054164,-7.027738165670642
2012-06-10 10:00:00,9.674060020236182,1.7462832966756408,9.36828156011858,598.0682373046875,-7.927776723560541,8.900348758381794,1.6433012924518504,9.206392749740438,567.7527259895347,-7.2570474659299435,6.303800469267326,1.4103866766499609,7.888683526908342,423.42711860935304,-4.893413792617365,9.55927603829163,2.4529629647813413,15.42881318989277,354.7585338871848,-7.106313073510289
2012-06-10 11:00:00,10.212142610373428,1.7975506578272527,9.8018281708882,663.635986328125,-8.414591952546175,9.16671003118713,1.669920215988444,9.47602939464913,610.2032575532866,-7.496789815198685,6.727299216613986,1.4423712902385522,8.232033780373278,444.14610021718704,-5.284927926375434,9.737564701671904,2.5526767203219687,16.241580554132277,437.5495823689532,-7.1848879813499344
2012-06-10 12:00:00,10.685002819788153,1.851206883049931,10.259676865271404,695.23681640625,-8.833795936738221,9.357529886061323,1.7025623171788136,9.752266461510684,605.4999295645802,-7.65496756888251,6.998573250281949,1.5021510037032693,8.846892814096659,468.0938378182658,-5.49642224657868,9.915853365052177,2.6523904758625956,17.054347918371782,520.3406308507216,-7.263462889189581
2012-06-10 13:00:00,10.648687892867915,1.8849553931782481,10.592221524071578,662.298095703125,-8.763732499689667,9.092531539400019,1.729039209246525,10.013886189155,568.0210265061762,-7.363492330153494,7.233124887746333,1.5343824738055352,9.202105116488744,450.636092731622,-5.698742413940798,9.218748640431016,2.608942412174277,16.837285132187784,456.73689461287245,-6.60980622825674
2012-06-10 14:00:00,10.721383837081364,1.9152375707523075,10.892976904144868,613.7545166015625,-8.806146266329057,8.908022548377978,1.7385376375184185,10.176142446104548,506.36783032963746,-7.16948491085956,7.70350499523886,1.577180907566092,9.568895160954764,448.20798550133577,-6.126324087672768,8.521643915809854,2.5654943484859585,16.62022234600379,393.1331583750233,-5.956149567323895
2012-06-10 15:00:00,10.150458877294483,1.937612529808128,11.082604229934251,502.3343505859375,-8.212846347486355,8.261150001494135,1.7505016709890255,10.306151067257773,404.2706983155314,-6.510648330505109,6.96809299684577,1.597116546839373,9.788471256626787,355.06182065098153,-5.370976450006397,7.824539191188693,2.5220462847976397,16.40315955981979,329.5294221371741,-5.302492906391054
2012-06-10 16:00:00,8.443302717250154,1.9154072633330428,10.927520704540862,341.0263366699219,-6.527895453917111,6.839836811186088,1.7262509854520818,10.129396698032949,284.9387404136195,-5.113585825734006,5.5872380247956075,1.5912276366250282,9.724092285896223,212.72025900638084,-3.9960103881705793,5.912789878743842,2.4447630372213087,16.044524178652292,268.41479021364705,-3.4680268415225335
2012-06-10 17:00:00,6.012473208360147,1.85184560772896,10.43809821833703,193.67861938476562,-4.160627600631187,4.83145332315821,1.670496001505139,9.653613044498572,158.68193901204975,-3.160957321653071,3.428298805044734,1.5627762525755993,9.481360367654695,114.03936355457354,-1.8655225524691346,4.001040566298991,2.3674797896449777,15.685888797484795,207.30015829012,-1.6335607766540137
2012-06-10 18:00:00,2.917350752934768,1.74151232669226,9.571688481326783,75.7219009399414,-1.1758384262425081,2.39627932495794,1.59812075999396,8.999459950721057,63.18393898242601,-0.79815856496398,1.7436753789974813,1.5210180147951105,9.12483831697986,48.940345452818335,-0.2226573642023708,2.0892912538541406,2.2901965420686468,15.327253416317296,146.18552636659294,0.20090528821450615
2012-06-10 19:00:00,0.06799874610772481,1.6235433333563325,8.625658686753342,1.705191731452942,1.5555445872486078,0.0669305445573177,1.476596952617091,7.986961790443281,1.6565339825054717,1.4096664080597734,0.0086651020744016,1.4372356213353141,8.38079937226525,0.13979401984089496,1.4285705192609126,1.3928608359027608,2.192225587894206,14.501308478105008,99.83754926933372,0.7993647519914451
2012-06-10 20:00:00,0.0,1.5785023792048452,8.274378688138166,0.0,1.5785023792048452,0.0,1.4236942218104012,7.559498620320222,0.0,1.4236942218104012,0.0,1.3926987740372359,8.007234849942146,0.0,1.3926987740372359,0.6964304179513805,2.0942546337197645,13.67536353989272,53.48957217207449,1.397824215768384
2012-06-10 21:00:00,0.0,1.5396237117263172,7.964262301310693,0.0,1.5396237117263172,0.0,1.400628228563448,7.403714755233732,0.0,1.400628228563448,0.0,1.3585553262450427,7.718034960643966,0.0,1.3585553262450427,0.0,1.9962836795453236,12.849418601680432,7.141595074815257,1.9962836795453236
2012-06-10 22:00:00,0.0,1.5029077375427908,7.663032298851857,0.0,1.5029077375427908,0.0,1.3795093447059819,7.202332612835063,0.0,1.3795093447059819,0.0,1.3480790368862003,7.660187935671813,0.0,1.3480790368862003,0.0,1.9596912756431033,12.503271666721695,4.76106338321017,1.9596912756431033
2012-06-10 23:00:00,0.0,1.4727235207758338,7.404923035871533,0.0,1.4727235207758338,0.0,1.3535376947741848,6.950603023935157,0.0,1.3535376947741848,0.0,1.3441841331895983,7.639835423034278,0.0,1.3441841331895983,0.0,1.9230988717408832,12.15712473176296,2.3805316916050856,1.9230988717408832
2012-07-15 00:00:00,0.0,1.765208763909737,9.759952871461397,0.0,1.765208763909737,0.0,1.588062158810878,8.853992100112407,0.0,1.588062158810878,0.0,1.5554098135496734,9.229480308576711,0.0,1.5554098135496734,0.0,2.1788534174439333,13.14201427801396,0.0,2.1788534174439333
2012-07-15 01:00:00,0.0,1.7110952035205362,9.291071148334419,0.0,1.7110952035205362,0.0,1.5221856608048165,8.314984352764037,0.0,1.5221856608048165,0.0,1.496776169503358,8.740693441276516,0.0,1.496776169503358,0.01661217074559057,2.15269169317703,12.961214045633081,0.0,2.1360795224314395
2012-07-15 02:00:00,0.0,1.6613900074335646,8.865171187671644,0.0,1.6613900074335646,0.0,1.4697208064045426,7.887483642989844,0.0,1.4697208064045426,0.0,1.4458533255428723,8.34201567386157,0.0,1.4458533255428723,0.03322434149118114,2.1265299689101265,12.780413813252204,0.0,2.093305627418945
2012-07-15 03:00:00,0.0,1.6188726272241103,8.496098863232378,0.0,1.6188726272241103,0.0,1.4364498993749488,7.576349195428113,0.0,1.4364498993749488,0.0,1.4011318799043853,7.993363723538781,0.0,1.4011318799043853,0.04983651223677172,2.100368244643223,12.599613580871326,0.0,2.0505317324064514
2012-07-15 04:00:00,0.5772036849231957,1.593593230579032,8.257653632477297,10.890782356262207,1.0163895456558363,0.4690975288546815,1.386046321267857,7.147968794677836,10.362702992605694,0.9169487924131756,0.019874818163087966,1.3555386619743304,7.617754631456645,0.3527686252378979,1.3356638438112425,1.7914132421715192,2.136035722627374,12.885850908324983,19.37359834486231,0.34462248045585486
2012-07-15 05:00:00,3.8832124565258272,1.6337661242944705,8.523078629904365,96.45463562011719,-2.249446332231357,2.649290321283315,1.4149605189886656,7.36061537137406,77.25500955936155,-1.2343298022946496,1.8630093560157364,1.3595355724575702,7.6534111402182265,53.274674519709016,-0.5034737835581662,3.5329899721062668,2.1717032006115256,13.17208823577864,38.74719668972462,-1.3612867714947412
2012-07-15 06:00:00,6.566251861380764,1.6847731905308576,8.879244476749315,212.3858184814453,-4.881478670849907,5.061067474094914,1.4768214432787703,7.86849963502539,191.07228303291166,-3.5842460308161437,4.043744971476123,1.395883665518372,7.94256872147609,148.10374098185758,-2.647861305957751,5.274566702041015,2.2073706785956766,13.458325563232297,58.120795034586926,-3.067196023445338
2012-07-15 07:00:00,8.476652072318704,1.745595783491491,9.330364871991618,338.5704040527344,-6.7310562888272125,6.877378210439866,1.5395200617552194,8.443847819088813,321.49118122380185,-5.337858148684647,5.5492505295421175,1.4553548267764322,8.485758175672371,244.92046837848594,-4.0938957027656855,6.601764294758807,2.327536708917411,14.146636555173727,154.34096267543367,-4.2742275858413965
2012-07-15 08:00:00,9.805951200899209,1.8135658525433505,9.862467292051207,461.1569519042969,-7.9923853483558585,8.328319526251653,1.61645828875737,9.113463250892156,428.3925244930284,-6.711861237494283,6.9592483970201044,1.5071172197393132,8.987378663317095,361.37385680636737,-5.452131177280791,7.9289618874766,2.447702739239145,14.834947547115155,250.56113031628044,-5.481259148237455
2012-07-15 09:00:00,10.588502158385017,1.8712738691855053,10.352042834989797,564.76171875,-8.717228289199511,9.691188190223953,1.6926717697677698,9.760532290992751,547.2644412994892,-7.998516420456182,8.638683154998434,1.5869510493283456,9.701372246611752,492.7661068501701,-7.051732105670088,9.256159480194393,2.5678687695608793,15.523258539056584,346.7812979571272,-6.688290710633513
2012-07-15 10:00:00,11.408719287892941,1.916289458168578,10.790850719609448,672.7565307617188,-9.492429829724363,10.926686759024287,1.7858902228693165,10.544975799828276,656.6010743519097,-9.140796536154971,9.897031497317071,1.6569119532065253,10.260110701114064,609.3375980139023,-8.240119544110545,9.65550605831121,2.641360043960777,15.900708711162547,402.3441628962594,-7.014146014350432
2012-07-15 11:00:00,12.40476021476064,1.9778461264629204,11.324330739059924,750.9236450195312,-10.426914088297721,11.674283125152135,1.8653786506430061,11.214773897571932,713.252694456347,-9.808904474509129,11.038925960617945,1.7694788897581946,11.264689805484128,658.652856815729,-9.269447070859751,10.054852636428024,2.714851318360674,16.27815888326851,457.90702783539155,-7.340001318067349
2012-07-15 12:00:00,12.764358202718611,2.0419362741253857,11.855188309801814,762.4553833007812,-10.722421928593226,12.040241051770817,1.9294454563123202,11.767615397394419,735.2010458713362,-10.110795595458496,10.992819724315602,1.78950669794815,11.412107491373323,625.629086451036,-9.203313026367452,10.45419921454484,2.788342592760572,16.655609055374473,513.4698927745237,-7.665856621784268
2012-07-15 13:00:00,12.499844022487434,2.079744065459126,12.205376193833628,708.8567504882812,-10.420099957028308,12.319060522446442,1.965419118071183,12.12073030072806,719.5405214459513,-10.353641404375258,10.969664801651852,1.8379870762162676,11.799720387483188,566.7166052928978,-9.131677725435585,9.908791159362947,2.7822688324783353,16.78143443539831,504.75001794236033,-7.126522326884611
2012-07-15 14:00:00,12.134380549111734,2.092053764765986,12.348066446963161,629.3950805664062,-10.042326784345748,11.779430053581233,1.9653194284761926,12.083162411705967,608.7900358212942,-9.814110625105041,10.070482974794624,1.8085672809727815,11.587477760453408,478.22814448742287,-8.261915693821843,9.363383104181054,2.7761950721960993,16.907259815422147,496.0301431101969,-6.5871880319849545
2012-07-15 15:00:00,10.9518537263881,2.072748207051236,12.225233648977845,494.0157470703125,-8.879105519336864,10.858562113938778,1.9342734379141053,11.845946925715072,498.94150566566134,-8.924288676024672,9.166175786959812,1.7891797890499177,11.41031389678687,391.921955489165,-7.376995997909894,8.81797504899916,2.770121311913863,17.033085195445985,487.3102682780335,-6.047853737085298
2012-07-15 16:00:00,9.148637808598194,2.0130373139056554,11.747807618703948,340.8160400390625,-7.135600494692538,9.469147637382065,1.8957786904112233,11.49631299730588,371.1566494017131,-7.573368946970842,7.668711644473797,1.759718735894273,11.139046171618409,306.2167638429109,-5.908992908579524,6.91706002262575,2.663095888160646,16.410996927426098,396.64002655335383,-4.253964134465104
2012-07-15 17:00:00,6.8779993342875425,1.9297950238442387,11.032622443161177,202.0834503173828,-4.9482043104433036,7.173422831277101,1.8326916453186757,10.930903319644125,228.7488971694012,-5.340731185958425,5.646011013168942,1.6962244082479416,10.551792930825933,177.99992609853777,-3.9497866049210004,5.01614499625234,2.55607046440743,15.788908659406212,305.96978482867416,-2.46007453184491
2012-07-15 18:00:00,3.635344663428177,1.819278508179257,10.088493852819026,81.1752700805664,-1.8160661552489201,3.474459576191012,1.7072325389968954,9.878030586613134,84.19934754893885,-1.7672270371941168,3.2785738969636635,1.603041697360876,9.718035306805575,84.6809850575627,-1.6755321996027874,3.1152299698789285,2.4490450406542132,15.166820391386326,215.2995431039945,-0.6661849292247153
2012-07-15 19:00:00,0.03857800980837494,1.6951278151414189,9.05121608791359,0.8353214859962463,1.6565498053330439,0.02751934978753031,1.5354222378607905,8.42764499830425,0.6431738820725823,1.5079028880732601,0.0,1.4448194229050897,8.32068738182131,0.0,1.4448194229050897,2.0768199799192857,2.3333757758170104,14.43881114641545,147.74885326226772,0.2565557958977247
2012-07-15 20:00:00,0.0,1.6461813068560065,8.60521384765059,0.0,1.6461813068560065,0.0,1.4694670044501688,7.858068342360916,0.0,1.4694670044501688,0.0,1.3558566319632412,7.536465744806942,0.0,1.3558566319632412,1.0384099899596428,2.217706510979807,13.710801901444574,80.19816342054094,1.1792965210201642
2012-07-15 21:00:00,0.0,1.6110548981657336,8.280859469728611,0.0,1.6110548981657336,0.0,1.4170362488057942,7.38499745506017,0.0,1.4170362488057942,0.0,1.2801390511884276,6.889989015750499,0.0,1.2801390511884276,0.0,2.1020372461426042,12.982792656473698,12.647473578814129,2.1020372461426042
2012-07-15 22:00:00,0.0,1.5740173517833993,7.955609056285827,0.0,1.5740173517833993,0.0,1.3599875918141564,6.916815592564011,0.0,1.3599875918141564,0.0,1.223694025519502,6.432038733304951,0.0,1.223694025519502,0.0,2.0293900132174487,12.583063116123911,8.431649052542761,2.0293900132174487
2012-07-15 23:00:00,0.0,1.5302387190289055,7.578880936639767,0.0,1.5302387190289055,0.0,1.310288194249257,6.469478934209652,0.0,1.310288194249257,0.0,1.1836524160638142,6.109137289150788,0.0,1.1836524160638142,0.0,1.956742780292293,12.183333575774123,4.215824526271382,1.956742780292293
2012-08-30 00:00:00,0.0,2.0832129299862454,12.80722302500625,0.0,2.0832129299862454,0.0,1.8423898812211132,11.435091266642106,0.0,1.8423898812211132,0.0,1.815325143482509,11.639183744684507,0.0,1.815325143482509,0.0,2.3624982241080335,16.466668018223316,0.0,2.3624982241080335
2012-08-30 01:00:00,0.0,2.056469976038209,12.573066518369513,0.0,2.056469976038209,0.0,1.8079167390649202,11.130880537503096,0.0,1.8079167390649202,0.0,1.799656908538959,11.496581545793227,0.0,1.799656908538959,0.0,2.3207354261908812,16.066294323887462,0.0,2.3207354261908812
2012-08-30 02:00:00,0.0,2.0306499501189568,12.350089413902971,0.0,2.0306499501189568,0.0,1.7779772288428775,10.849662212101498,0.0,1.7779772288428775,0.0,1.7865357256457477,11.38283889267318,0.0,1.7865357256457477,0.0,2.2789726282737286,15.665920629551609,0.0,2.2789726282737286
2012-08-30 03:00:00,0.0,2.006796251946815,12.136640864863944,0.0,2.006796251946815,0.0,1.7539704122316688,10.671551101763109,0.0,1.7539704122316688,0.0,1.7543495046179707,11.09214448764915,0.0,1.7543495046179707,0.0,2.2372098303565764,15.265546935215756,0.0,2.2372098303565764
2012-08-30 04:00:00,0.0,1.9861969407141742,11.958601150923016,0.0,1.9861969407141742,0.0,1.7348156441651286,10.517917786603146,0.0,1.7348156441651286,0.0,1.7327936416597327,10.90862854127327,0.0,1.7327936416597327,1.3831534783491224,2.257604095325822,15.368006335808385,9.794980000863966,0.8744506169766997
2012-08-30 05:00:00,1.3938475476045078,1.993205761475481,12.012545115474538,28.347442626953125,0.5993582138709732,1.3039408326580042,1.7495304854150961,10.633702216766265,28.476332426702278,0.44558965275709195,8.147064852827048e-05,1.716533936009094,10.784709957796746,0.001566678977570797,1.7164524653605657,2.766306956698245,2.2779983602950677,15.470465736401012,19.58996000172793,-0.48830859640317703
2012-08-30 06:00:00,6.477776063294819,2.1445491274123305,13.28091476646301,195.65737915039062,-4.333226935882488,6.296532484390556,2.0075177475710593,12.794125071829761,193.4000903743887,-4.289014736819497,5.7214901733632235,1.9006793352758353,12.385479376706542,179.14419366646902,-3.820810838087388,4.149460435047367,2.2983926252643134,15.572925136993641,29.3849400025919,-1.851067809783054
2012-08-30 07:00:00,9.372442628032285,2.2741077797711466,14.362778841617292,380.7984619140625,-7.098334848261139,9.321965816926673,2.2125565558155613,14.54170554553071,377.55322353355746,-7.109409261111111,8.97066508356947,2.1589539601716203,14.65027581530665,361.73119331379905,-6.811711123397849,5.6258815090556595,2.490760842451318,17.169551865882234,119.96866526374588,-3.1351206666043416
2012-08-30 08:00:00,10.983074935525341,2.3892158840847264,15.308209019575282,549.5342407226562,-8.593859051440614,11.04461750242323,2.351945998451361,15.737622726412601,544.7656941739345,-8.69267150397187,10.81508929107211,2.3214615480591974,16.173643211218696,528.0007878468406,-8.493627743012913,7.102302583063952,2.6831290596383224,18.766178594770828,210.55239052489983,-4.419173523425629
2012-08-30 09:00:00,11.83643050588425,2.4979545649467885,16.18986606304575,673.52392578125,-9.338475940937462,11.94836017010915,2.4564703696563805,16.64911973436081,670.0430146197114,-9.491889800452771,11.308781881177797,2.3936342554447014,16.833073542186305,585.2752826182177,-8.915147625733095,8.578723657072244,2.875497276825327,20.362805323659423,301.13611578605384,-5.703226380246917
2012-08-30 10:00:00,12.163040632314635,2.5914975046443747,16.935417232734792,740.3038940429688,-9.57154312767026,12.256702217166957,2.538498784360736,17.350434823177373,726.3713925890606,-9.71820343280622,10.799341870959392,2.4048959692231695,16.964106781835724,545.2009857274418,-8.394445901736223,8.630404444515776,2.9803670261236257,20.90233515274159,378.6099914535654,-5.6500374183921505
2012-08-30 11:00:00,12.132364104092439,2.660210299202839,17.488801412267197,751.69580078125,-9.472153804889599,11.949782476239633,2.5826101627889515,17.69679930969707,690.994918635144,-9.367172313450682,10.166440971762032,2.3897258135486306,16.81292307189997,502.2628538534407,-7.776715158213402,8.68208523195931,3.085236775421924,21.441864981823752,456.083867121077,-5.596848456537385
2012-08-30 12:00:00,11.696773002413071,2.689857652249164,17.70521864972784,695.6585083007812,-9.006915350163908,11.194949396845324,2.5882200250253815,17.688868708169892,615.8954701572109,-8.606729371819942,9.181940358881816,2.37566985755939,16.67312129710733,428.3779054827636,-6.806270501322426,8.733766019402841,3.190106524720223,21.98139481090592,533.5577427885886,-5.543659494682618
2012-08-30 13:00:00,10.834906221135677,2.6655823993587315,17.495321213974517,588.892333984375,-8.169323821776945,10.703637247072374,2.560712357459383,17.435971523831537,557.1137100127839,-8.14292488961299,8.287942368933379,2.342429426244125,16.36158723875396,329.10901145427124,-5.945512942689254,7.789106287022636,3.165176424447403,21.719782658840987,478.85784257931834,-4.623929862575233
2012-08-30 14:00:00,9.825960491793724,2.6243670803812718,17.109895202097352,464.500244140625,-7.2015934114124525,9.562311929948535,2.513962245384092,16.94623340769069,434.33742865477524,-7.048349684564443,7.471705104314543,2.3243373992612235,16.16344168198588,287.4124659497931,-5.14736770505332,6.844446554642432,3.140246324174583,21.45817050677606,424.1579423700481,-3.704200230467849
2012-08-30 15:00:00,7.793679825360788,2.5222141079086913,16.28789720839705,296.90447998046875,-5.271465717452097,7.807041156641375,2.4169189432008125,16.0957787121546,296.32306226734676,-5.390122213440563,5.125455245080073,2.256203919986418,15.572979946692076,153.9662274666233,-2.8692513250936553,5.899786822262227,3.1153162239017633,21.19655835471113,369.45804216077784,-2.7844705983604636
2012-08-30 16:00:00,4.994372929429305,2.37742668079015,15.097624860093477,137.259521484375,-2.6169462486391555,4.969570903883503,2.2636973826233135,14.773873996641665,136.50377694681728,-2.7058735212601897,3.149288885360134,2.180563730871392,14.893782631405148,75.26189666299688,-0.9687251544887419,3.9644511021512945,2.989743196813772,20.28646606373577,282.70780270513364,-0.9747079053375223
2012-08-30 17:00:00,1.8971959746721723,2.2037893183449677,13.685068232743918,37.7938117980957,0.30659334367279545,1.7893257088011623,2.0870401412641866,13.307602246099224,35.425064763018796,0.2977144324630243,1.028033010843721,2.0951972050554613,14.175849657512753,19.310048149847248,1.0671641942117402,2.029115382040362,2.8641701697257815,19.376373772760413,195.9575632494894,0.8350547876854195
2012-08-30 18:00:00,0.0,2.064234120697249,12.532352950401508,0.0,2.064234120697249,0.0,1.9449277341711055,12.099676384900569,0.0,1.9449277341711055,0.0,2.016667285633014,13.501443131097531,0.0,2.016667285633014,0.0937796619294291,2.7385971426377904,18.466281481785053,109.20732379384515,2.6448174807083613
2012-08-30 19:00:00,0.0,1.9785815791515635,11.787435132990744,0.0,1.9785815791515635,0.0,1.8589105354261601,11.371499009081724,0.0,1.8589105354261601,0.0,1.9478416424483096,12.901625627572418,0.0,1.9478416424483096,0.06251977461961965,2.6545169573868237,17.793910468810473,72.86750774321999,2.591997182767204
2012-08-30 20:00:00,0.0,1.91235484409576,11.185413378327342,0.0,1.91235484409576,0.0,1.7791432951880894,10.661172542583037,0.0,1.7791432951880894,0.0,1.8870520919123928,12.332682350810742,0.0,1.8870520919123928,0.03125988730980983,2.5704367721358574,17.12153945583589,36.52769169259486,2.5391768848260474
2012-08-30 21:00:00,0.0,1.85967301015758,10.689524621187015,0.0,1.85967301015758,0.0,1.7041544901747203,9.958600228558767,0.0,1.7041544901747203,0.0,1.827422400707303,11.752085387665758,0.0,1.827422400707303,0.0,2.4863565868848907,16.44916844286131,0.18787564196971118,2.4863565868848907
2012-08-30 22:00:00,0.0,1.8066885470523226,10.19668410048943,0.0,1.8066885470523226,0.0,1.644477848876469,9.37401443106014,0.0,1.644477848876469,0.0,1.7664132922160227,11.184767752065072,0.0,1.7664132922160227,0.0,2.421506474897257,15.970670899717279,0.12525042797980476,2.421506474897257
2012-08-30 23:00:00,0.0,1.7671446079387256,9.797442342767377,0.0,1.7671446079387256,0.0,1.5817698353692848,8.813743037138726,0.0,1.5817698353692848,0.0,1.7043638793155473,10.624681954779353,0.0,1.7043638793155473,0.0,2.356656362909623,15.492173356573247,0.0626252139899024,2.356656362909623
2012-09-19 00:00:00,0.0,1.7619560754568024,10.074198431917274,0.0,1.7619560754568024,0.0,1.649975380224129,9.795340436299886,0.0,1.649975380224129,0.0,1.6346966022025704,10.202251990800958,0.0,1.6346966022025704,0.0,1.8667964827717938,13.059323187764765,0.0,1.8667964827717938
2012-09-19 01:00:00,0.0,1.7261922162266077,9.771327032540402,0.0,1.7261922162266077,0.0,1.6204750855334171,9.5197582009412,0.0,1.6204750855334171,0.0,1.6148588089187983,10.032352958837492,0.0,1.6148588089187983,0.0,1.8433998340554563,12.797485342231978,0.0,1.8433998340554563
2012-09-19 02:00:00,0.0,1.6912441949714467,9.45862843649987,0.0,1.6912441949714467,0.0,1.5915958123420244,9.255337235869575,0.0,1.5915958123420244,0.0,1.5821732025012352,9.757951361576158,0.0,1.5821732025012352,0.0,1.8200031853391185,12.535647496699191,0.0,1.8200031853391185
2012-09-19 03:00:00,0.0,1.65515457202327,9.145137689665278,0.0,1.65515457202327,0.0,1.5574961637854656,8.944440058684933,0.0,1.5574961637854656,0.0,1.5558347874376766,9.525389363299121,0.0,1.5558347874376766,0.0,1.796606536622781,12.273809651166404,0.0,1.796606536622781
2012-09-19 04:00:00,0.0,1.6172416999829755,8.792982149824494,0.0,1.6172416999829755,0.0,1.5315921408895161,8.677310563670801,0.0,1.5315921408895161,0.0,1.5284888095913094,9.292069519093832,0.0,1.5284888095913094,0.8543410121034675,1.7948308520528449,12.224936751910361,2.9086291585242465,0.9404898399493774
2012-09-19 05:00:00,0.0,1.5840406120051114,8.465945941709004,0.0,1.5840406120051114,0.0,1.5054044025403686,8.417320154783697,0.0,1.5054044025403686,0.0,1.4998852773259606,9.04847921964188,0.0,1.4998852773259606,1.708682024206935,1.793055167482909,12.176063852654318,5.817258317048493,0.084373143275974
2012-09-19 06:00:00,1.6165102554046136,1.602664824381643,8.54276677904954,48.373313903808594,-0.013845431022970534,1.2634033546010053,1.5150354749820734,8.464786811065563,38.42477397152468,0.2516321203810681,0.9939563872236882,1.4819661143067089,8.869831879577228,28.782256445163224,0.4880097270830207,2.5630230363104025,1.7912794829129728,12.127190953398275,8.72588747557274,-0.7717435533974297
2012-09-19 07:00:00,3.2584243657315444,1.6198950531996346,8.66067124202493,124.53941345214844,-1.6385293125319098,2.756132955676948,1.5341453417314694,8.600935708674111,103.22085365545959,-1.2219876139454784,2.2435530780457995,1.4728736487277323,8.746663897959804,79.17721755267141,-0.7706794293180672,3.573579593207313,1.8626999273791192,12.651121970349207,62.843171932097285,-1.710879665828194
2012-09-19 08:00:00,4.31706789727067,1.6389302596935256,8.808086519289043,194.09828186035156,-2.6781376375771444,3.8012507333563517,1.547712919407735,8.699946488610337,166.18017149041097,-2.2535378139486166,3.174005196584433,1.4711692779527297,8.647896414625365,141.93893170452066,-1.7028359186317032,4.584136150104224,1.9341203718452653,13.175052987300141,116.96045638862182,-2.650015778258959
2012-09-19 09:00:00,4.74184996739187,1.6520395736114435,8.913543209389433,237.7103271484375,-3.0898103937804264,4.32021152132641,1.5533798101429126,8.718129541671084,212.19489974749587,-2.7668317111834977,3.7313427795439895,1.4617612906049462,8.489131988979766,191.37082136935626,-2.2695814889390435,5.594692707001135,2.0055408163114117,13.698984004251074,171.07774084514637,-3.5891518906897235
2012-09-19 10:00:00,4.905509769128919,1.6524827901501444,8.931834562447841,264.98223876953125,-3.2530269789787747,4.565490037575162,1.5516212695027094,8.661861908413048,235.08183216238046,-3.0138687680724527,4.027729679896361,1.453978089423912,8.359089939950957,241.61672756210015,-2.5737515904724493,5.826368140891574,2.0567263660010138,13.98207968009256,233.14522513161228,-3.7696417748905606
2012-09-19 11:00:00,4.98358385736293,1.6449122140242636,8.87008493860576,278.2810363769531,-3.3386716433386665,4.900125517286352,1.5501234953850986,8.579756360033793,265.8155199580099,-3.350002021901253,4.0950886435240665,1.4488395097190114,8.290734114291535,274.49880283628806,-2.646249133805055,6.058043574782013,2.1079119156906154,14.265175355934048,295.2127094180782,-3.9501316590913973
2012-09-19 12:00:00,5.000659110402372,1.6362660434738723,8.759554541101641,273.5538330078125,-3.3643930669285,4.779993786097671,1.5417420310767345,8.456270836289146,266.61083895824885,-3.2382517550209364,3.991833408918524,1.4379119796819202,8.22590715083478,289.63675185805664,-2.553921429236604,6.289719008672452,2.1590974653802175,14.548271031775535,357.2801937045441,-4.130621543292234
2012-09-19 13:00:00,4.812539763071175,1.6221831394676405,8.57859093422869,253.70816040039062,-3.1903566236035346,4.363907416850569,1.5183338759499412,8.258510763669566,244.32077611820543,-2.845573540900628,3.926593732309351,1.426081306438001,8.158066781690502,284.8167986782976,-2.5005124258713503,5.465807811737475,2.1111327628297665,14.13087156863044,328.38691933526195,-3.354675048907709
2012-09-19 14:00:00,4.249809680425971,1.5910320512044553,8.260854941011004,210.0979461669922,-2.6587776292215155,3.5839587998136606,1.477298625261508,7.9090052230502215,192.59494852757146,-2.106660174552153,3.5594763106921534,1.4080389652780023,8.042830221700415,226.21806513612884,-2.151437345414151,4.641896614802498,2.063168060279316,13.713472105485344,299.49364496597974,-2.578728554523182
2012-09-19 15:00:00,3.2206246115702926,1.5394498345717749,7.780793659752374,141.73049926757812,-1.6811747769985177,2.5607609609919515,1.3982395933068512,7.242140935801152,133.38670458063615,-1.1625213676851003,2.775518504421944,1.3608618571545938,7.632186664814605,155.4673429015116,-1.4146566472673503,3.817985417867521,2.015203357728865,13.296072642340249,270.6003705966976,-1.8027820601386564
2012-09-19 16:00:00,1.8449710844478269,1.472930717266461,7.187104207828996,69.98332214355469,-0.3720403671813659,1.5311137094012275,1.307659340352329,6.449908335939118,71.69743184903301,-0.2234543690488986,1.7722134812347876,1.3041409815826264,7.1182314213157065,87.9022184764567,-0.46807249965216124,2.545323611911681,1.9164939561104024,12.511003563582157,202.4754561638539,-0.6288296558012787
2012-09-19 17:00:00,0.2233674231781087,1.386927092285137,6.451700471182906,7.542062759399414,1.1635596691070285,0.20406221267855554,1.192075282106031,5.4778605460294205,8.00090615820317,0.9880130694274755,0.0,1.204972567701463,6.220163014287044,0.0,1.204972567701463,1.2726618059558406,1.8177845544919398,11.725934484824068,134.3505417310102,0.5451227485360992
2012-09-19 18:00:00,0.0,1.3302785078529569,5.941633144263153,0.0,1.3302785078529569,0.0,1.1123355702967765,4.791520035792524,0.0,1.1123355702967765,0.0,1.1223594166198825,5.482124397069379,0.0,1.1223594166198825,0.0,1.7190751528734773,10.940865406065976,66.2256272981665,1.7190751528734773
2012-09-19 19:00:00,0.0,1.2805396822413135,5.500542338066844,0.0,1.2805396822413135,0.0,1.0638722192733225,4.385469774869268,0.0,1.0638722192733225,0.0,1.038167323668821,4.779052480958421,0.0,1.038167323668821,0.0,1.6499343383808847,10.309656101824146,44.15041819877767,1.6499343383808847
2012-09-19 20:00:00,0.0,1.2325758526582862,5.08197419219684,0.0,1.2325758526582862,0.0,1.020475205967922,4.021409488429259,0.0,1.020475205967922,0.0,0.9786018196953528,4.29098424803241,0.0,0.9786018196953528,0.0,1.580793523888292,9.678446797582318,22.075209099388836,1.580793523888292
2012-09-19 21:00:00,0.0,1.190620305804651,4.711806689131436,0.0,1.190620305804651,0.0,0.9786769643785721,3.6341931854967,0.0,0.9786769643785721,0.0,0.9315671271731759,3.8888806892263843,0.0,0.9315671271731759,0.0,1.5116527093956993,9.047237493340488,0.0,1.5116527093956993
2012-09-19 22:00:00,0.0,1.1526144110512992,4.360649892868995,0.0,1.1526144110512992,0.0,0.9329623562780236,3.2474740968137072,0.0,0.9329623562780236,0.0,0.8867825154550668,3.5156114934547364,0.0,0.8867825154550668,0.0,1.4464004839269922,8.637083962845235,0.0,1.4464004839269922
2012-09-19 23:00:00,0.0,1.110139347882783,3.9895598029244774,0.0,1.110139347882783,0.0,0.8850848336343167,2.8485952211725607,0.0,0.8850848336343167,0.0,0.8470014485723806,3.174172437516046,0.0,0.8470014485723806,0.0,1.381148258458285,8.226930432349985,0.0,1.381148258458285
2012-10-15 00:00:00,0.0,1.1147361187643203,4.298190368466172,0.0,1.1147361187643203,0.0,1.1172221431082456,4.898589858769667,0.0,1.1172221431082456,0.0,1.1493009643082157,5.876760883705035,0.0,1.1493009643082157,0.0,1.1802724773473954,7.492559686630743,0.0,1.1802724773473954
2012-10-15 01:00:00,0.0,1.0931011819831637,4.147653190564108,0.0,1.0931011819831637,0.0,1.112030525085961,4.883440398292659,0.0,1.112030525085961,0.0,1.1579630804874288,5.967172179532302,0.0,1.1579630804874288,0.0,1.165369688470845,7.416314231675905,0.0,1.165369688470845
2012-10-15 02:00:00,0.0,1.0738858908187257,3.9924051743017026,0.0,1.0738858908187257,0.0,1.0956695363783335,4.759228945742736,0.0,1.0956695363783335,0.0,1.1492097740319556,5.913633084158421,0.0,1.1492097740319556,0.0,1.150466899594295,7.340068776721067,0.0,1.150466899594295
2012-10-15 03:00:00,0.0,1.0526134424022873,3.822222920929572,0.0,1.0526134424022873,0.0,1.0682840978037975,4.502699627921613,0.0,1.0682840978037975,0.0,1.1212018363057978,5.666143444806678,0.0,1.1212018363057978,0.0,1.1355641107177448,7.263823321766228,0.0,1.1355641107177448
2012-10-15 04:00:00,0.0,1.0277841556392315,3.6211814181903934,0.0,1.0277841556392315,0.0,1.0357649077177602,4.205724747912103,0.0,1.0357649077177602,0.0,1.065457290139656,5.1497527076768295,0.0,1.065457290139656,0.40229792572102574,1.1229326139530245,7.106310158610056,0.538420790875604,0.7206346882319987
2012-10-15 05:00:00,0.0,0.9960094937259182,3.372165347829737,0.0,0.9960094937259182,0.0,1.0005724568039809,3.8745688885383203,0.0,1.0005724568039809,0.0,1.0075944500331973,4.609216465887079,0.0,1.0075944500331973,0.8045958514420515,1.110301117188304,6.948796995453884,1.076841581751208,0.30570526574625245
2012-10-15 06:00:00,0.15991097348391892,0.9757592317551208,3.199402097424978,11.365318298339844,0.8158482582712019,0.14732987382218873,0.9814966644805977,3.6537118511317916,10.17502664021287,0.8341667906584089,0.11925909079447543,0.960643277479612,4.134062680903654,8.641788606559818,0.8413841866851366,1.2068937771630772,1.0976696204235836,6.7912838322977125,1.615262372626812,-0.1092241567394936
2012-10-15 07:00:00,0.6330502897330039,0.9873420415333343,3.2750534781758462,59.84748077392578,0.35429175180033035,0.5904384090946443,0.9975750255764078,3.712919742740543,54.183553487378475,0.40713661648176347,0.4697866462401111,0.9515317482252621,4.00374375057242,44.678293198571595,0.48174510198515097,1.9413344851507217,1.1480812255062662,7.299437321851938,30.100921216554223,-0.7932532596444555
2012-10-15 08:00:00,0.9291892213517291,0.9871309867679661,3.2500907989366854,104.74592590332031,0.05794176541623697,0.872049435811312,1.0031942836456178,3.6914504719735803,94.8279647525521,0.1311448478343058,0.748724251489997,0.9312648623448578,3.7392156972479875,86.95877658741192,0.18254061085486084,2.675775193138366,1.198492830588949,7.807590811406164,58.58658006048163,-1.477282362549417
2012-10-15 09:00:00,1.086523892061672,0.9764333612217728,3.1449555679534105,142.38070678710938,-0.11009053083989917,0.9982036195779186,0.9871129490156947,3.4887732336112394,128.37062578492225,-0.011090670562223903,0.9721677904311905,0.9235897724798503,3.5926756768504577,134.5180537438659,-0.0485780179513402,3.4102159011260103,1.2489044356716317,8.31574430096039,87.07223890440905,-2.1613114654543786
2012-10-15 10:00:00,1.1484061785928623,0.9652048883276393,2.9917534440052185,164.969970703125,-0.18320129026522303,1.0595427176111296,0.9646927074914561,3.2406537156398523,160.80525242527696,-0.09485001011967353,0.8973586817133328,0.9087524783548738,3.3773563944006777,151.34696823108263,0.011393796641541054,3.5897895302391043,1.2897626849263282,8.785977139187175,128.7637580219777,-2.300026845312776
2012-10-15 11:00:00,1.1865722568610235,0.9589479585161363,2.853351500856377,177.65060424804688,-0.22762429834488718,1.0191384122051754,0.936480990756316,2.955048827504683,180.4963832801398,-0.08265742144885946,0.729841002413115,0.8759820805178699,3.0456389766158556,153.61178938850546,0.14614107810475485,3.7693631593521983,1.330620934181025,9.25620997741396,170.45527713954635,-2.4387422251711737
2012-10-15 12:00:00,1.0990586304287489,0.9542136443684346,2.710238120935082,168.95103454589844,-0.14484498606031426,0.8636252101301964,0.906003858096229,2.7067457340187353,165.91703148644092,0.04237864796603252,0.5843074243757944,0.8504355717582259,2.822213181561126,143.0939962393399,0.2661281473824315,3.948936788465292,1.3714791834357214,9.726442815640745,212.146796257115,-2.5774576050295703
2012-10-15 13:00:00,0.9344949516823059,0.938247642252296,2.5107990084337426,139.11038208007812,0.003752690569990058,0.7177629339377933,0.8536565632508751,2.2564954514398274,138.8794782829756,0.1358936293130818,0.4662006084908077,0.8226123372426243,2.5561325484733644,123.48104280113931,0.3564117287518166,3.358687817240705,1.348472770614127,9.587890269623909,189.40436613038406,-2.010215046626578
2012-10-15 14:00:00,0.6765616414870306,0.9007961441261652,2.166231181105177,99.71337127685547,0.22423450263913458,0.49833586650262124,0.7857957506562578,1.674982816324772,99.45105537817494,0.2874598841536366,0.2977302838382192,0.768234697015402,2.089345186817598,88.47679876018746,0.47050441317718283,2.7684388460161182,1.3254663577925325,9.449337723607073,166.66193600365312,-1.4429724882235857
2012-10-15 15:00:00,0.3772278531773712,0.8483150313095071,1.7150185608146484,54.76541519165039,0.47108717813213596,0.28444282813728206,0.7233926302442459,1.1452115202834576,57.24688923494277,0.4389498021069639,0.15393102097260764,0.7027569816371909,1.5654827044447979,49.47085173477824,0.5488259606645833,2.1781898747915314,1.3024599449709382,9.310785177590237,143.91950587692216,-0.8757299298205932
2012-10-15 16:00:00,0.0910514694668948,0.7947865432478007,1.2632099196600437,11.933038711547852,0.7037350737809059,0.062242117042878055,0.663723043314256,0.6423959756660337,12.749695862040005,0.601480926271378,0.04634914032674782,0.6356396381242677,1.0273120806763736,12.00938248612107,0.5892904977975199,1.4521265831943544,1.2547373166698494,8.82540006411179,101.49931519554706,-0.19738926652450495
2012-10-15 17:00:00,0.0,0.7630543771146981,0.9934279695361068,0.0,0.7630543771146981,0.0,0.6321128963228715,0.32528009803605246,0.0,0.6321128963228715,0.0,0.5631819846228509,0.4844787407985959,0.0,0.5631819846228509,0.7260632915971772,1.2070146883687607,8.340014950633341,59.07912451417195,0.4809513967715835
2012-10-15 18:00:00,0.0,0.7466960496896188,0.857340519841499,0.0,0.7466960496896188,0.0,0.6048828273063462,0.051313897019332526,0.0,0.6048828273063462,0.0,0.5305192608270289,0.26392410568669367,0.0,0.5305192608270289,0.0,1.159292060067672,7.854629837154893,16.658933832796833,1.159292060067672
2012-10-15 19:00:00,0.0,0.7264385005914408,0.6883337590073585,0.0,0.7264385005914408,0.0,0.5830827601897617,-0.17426851157955897,0.0,0.5830827601897617,0.0,0.5067457797571524,0.04934442865327014,0.0,0.5067457797571524,0.0,1.1272613076761941,7.554820928920368,11.105955888531225,1.1272613076761941
2012-10-15 20:00:00,0.0,0.7141130629917257,0.5855239550962682,0.0,0.7141130629917257,0.0,0.5649706776975841,-0.4298323853119387,0.0,0.5649706776975841,0.0,0.49047470714261626,-0.1676406807763872,0.0,0.49047470714261626,0.0,1.0952305552847164,7.255012020685843,5.5529779442656135,1.0952305552847164
2012-10-15 21:00:00,0.0,0.7025777856367771,0.4637477335969241,0.0,0.7025777856367771,0.0,0.5574198176055971,-0.6579054645561571,0.0,0.5574198176055971,0.0,0.4855166628786071,-0.31960425915283075,0.0,0.4855166628786071,0.0,1.0631998028932386,6.955203112451318,0.0,1.0631998028932386
2012-10-15 22:00:00,0.0,0.6908932952379846,0.29121936210603194,0.0,0.6908932952379846,0.0,0.5519822135670921,-0.7076870393280346,0.0,0.5519822135670921,0.0,0.4712347431328925,-0.495967604463698,0.0,0.4712347431328925,0.0,1.0233335962665273,6.437944135959916,0.0,1.0233335962665273
2012-10-15 23:00:00,0.0,0.6735729090131354,0.06730688671972497,0.0,0.6735729090131354,0.0,0.5471642569456638,-0.7346092379595008,0.0,0.5471642569456638,0.0,0.4587984805913148,-0.6476984213691832,0.0,0.4587984805913148,0.0,0.9834673896398158,5.9206851594685155,0.0,0.9834673896398158
2012-11-11 00:00:00,0.0,0.9819638089691246,3.521675827621923,0.0,0.9819638089691246,0.0,0.9272798227410463,3.4402889097091918,0.0,0.9272798227410463,0.0,0.894133995843277,3.6856396772807116,0.0,0.894133995843277,0.0,0.8736482583805752,6.185227932756481,0.0,0.8736482583805752
2012-11-11 01:00:00,0.0,0.9752908940364317,3.4531525855987346,0.0,0.9752908940364317,0.0,0.9339191591821607,3.48717880793311,0.0,0.9339191591821607,0.0,0.9280973316114903,3.954468416552622,0.0,0.9280973316114903,0.0,0.8621678269280734,6.107453043902751,0.0,0.8621678269280734
2012-11-11 02:00:00,0.0,0.9711254257361254,3.4136133488557157,0.0,0.9711254257361254,0.0,0.9500109654382776,3.6145919161047044,0.0,0.9500109654382776,0.0,0.957194206549421,4.1909493264130715,0.0,0.957194206549421,0.0,0.8506873954755716,6.029678155049021,0.0,0.8506873954755716
2012-11-11 03:00:00,0.0,0.9723202949332971,3.4324625472526016,0.0,0.9723202949332971,0.0,0.9695957386049148,3.7822926505636527,0.0,0.9695957386049148,0.0,0.9921983990796331,4.488251000647439,0.0,0.9921983990796331,0.0,0.8392069640230697,5.951903266195291,0.0,0.8392069640230697
2012-11-11 04:00:00,0.0,0.9712100202218324,3.406829756819468,0.0,0.9712100202218324,0.0,0.971223059847926,3.826291279369326,0.0,0.971223059847926,0.0,1.0289159809505495,4.802524624028432,0.0,1.0289159809505495,0.10560584394129596,0.8330932416846822,5.845341736196711,0.010712457501871369,0.7274873977433862
2012-11-11 05:00:00,0.0,0.961214420970801,3.312809058117823,0.0,0.961214420970801,0.0,0.9732455344759589,3.818227084324815,0.0,0.9732455344759589,0.0,1.0577007630561885,5.052496120585903,0.0,1.0577007630561885,0.21121168788259193,0.8269795193462948,5.738780206198131,0.021424915003742738,0.6157678314637028
2012-11-11 06:00:00,0.0,0.948439679668434,3.208037620429525,0.0,0.948439679668434,0.0,0.9653755102361555,3.734433374470808,0.0,0.9653755102361555,0.0,1.088861390257717,5.32122977671121,0.0,1.088861390257717,0.3168175318238879,0.8208657970079073,5.6322186761995505,0.03213737250561411,0.5040482651840195
2012-11-11 07:00:00,0.13076869743965158,0.9551062936481415,3.2883930348223984,21.352807998657227,0.8243375962084899,0.09756114019504224,0.9690556496973476,3.765612416324376,16.723509920756932,0.8714945095023053,0.1320017210170302,1.1098535513506065,5.503611094887103,15.533911169146425,0.9778518303335763,1.0603152909089961,0.8703206557874854,6.161670872297297,18.49173276572536,-0.1899946351215107
2012-11-11 08:00:00,0.34799153172858294,0.9754625740064511,3.4685547857797348,64.16216278076172,0.6274710422778682,0.27787214462077775,0.9893740267395111,3.927199546836629,48.74558687631031,0.7115018821187333,0.33299801342658303,1.1425096877040948,5.776866548205468,42.65735796429654,0.8095116742775117,1.8038130499941045,0.9197755145670636,6.691123068395042,36.95132815894511,-0.8840375354270409
2012-11-11 09:00:00,0.5051763174228066,0.991598588137834,3.613335245871906,102.7861328125,0.4864222707150274,0.44880515190082765,1.0180000892438505,4.145684389675927,80.77689328535953,0.569194937343023,0.49182601945527626,1.171112892169767,6.0153675650944995,66.91264911788075,0.6792868727144908,2.547310809079213,0.9692303733466417,7.220575264492788,55.41092355216486,-1.5780804357325713
2012-11-11 10:00:00,0.6352779059794399,1.010678090238192,3.7728303032738615,132.95533752441406,0.3754001842587521,0.6047541736381665,1.042778343198127,4.347957558408897,113.0408833188432,0.4380241695599605,0.6066154291009462,1.185117375804448,6.1135604673654,85.8218963410849,0.5785019467035017,2.6810528473390325,1.0039715120389008,7.699491490967687,80.26684307488995,-1.6770813353001317
2012-11-11 11:00:00,0.7339970257684358,1.033801402505138,3.9625977189225345,152.689208984375,0.29980437673670224,0.7638032889904305,1.0918142765004941,4.7232000529867735,132.37219315887077,0.32801098751006363,0.7353892039503012,1.2044755263881493,6.270919074912212,106.49893248613344,0.4690863224378481,2.814794885598852,1.0387126507311597,8.178407717442587,105.12276259761505,-1.7760822348676923
2012-11-11 12:00:00,0.7712971607269588,1.0625508598097215,4.177056641465774,154.3632049560547,0.2912536990827628,0.7779890377486748,1.1208907690715757,4.947585411289977,138.258763234536,0.3429017313229009,0.803260797177382,1.2236355344888719,6.395104651672785,116.18133871254209,0.4203747373114899,2.9485369238586716,1.0734537894234186,8.657323943917486,129.97868212034015,-1.875083134435253
2012-11-11 13:00:00,0.7073457013972442,1.0808959218607017,4.312859146219441,133.174560546875,0.37355022046345754,0.6962027378469411,1.1356168389407881,5.066306791445046,112.65102932951913,0.43941410109384704,0.7718824570188784,1.2429031441885934,6.553889525395602,104.86107823632958,0.471020687169715,2.2253717183207926,1.0557880599692149,8.5486780470847,110.61095209841693,-1.1695836583515777
2012-11-11 14:00:00,0.5443179087291256,1.0893050889842277,4.380112938764421,88.87892150878906,0.5449871802551022,0.475996481640735,1.127593871076661,5.0063128535505825,68.89331552128797,0.6515973894359262,0.5707909791629157,1.246172294782924,6.581324074690199,71.3381569632781,0.6753813156200082,1.5022065127829136,1.0381223305150113,8.440032150251913,91.24322207649371,-0.46408418226790227
2012-11-11 15:00:00,0.22143272668629155,1.0725566904217971,4.240497291560885,31.661123275756836,0.8511239637355056,0.17544759165577328,1.1054773748933415,4.845784530693993,22.61912841759939,0.9300297832375682,0.18459209434470772,1.223442526259863,6.3780366228165395,21.274424035305675,1.0388504319151552,0.7790413072450346,1.0204566010608076,8.331386253419126,71.87549205457047,0.24141529381577298
2012-11-11 16:00:00,0.0,1.0515563086135291,4.053906298276092,0.0,1.0515563086135291,0.0,1.0789322925885634,4.635319001592993,0.0,1.0789322925885634,0.0,1.187836180149931,6.060664737939927,0.0,1.187836180149931,0.51936087149669,0.9921195153113341,7.959803371710821,48.74699926251151,0.47275864381464416
2012-11-11 17:00:00,0.0,1.0481406177364714,3.9975038293000797,0.0,1.0481406177364714,0.0,1.069935322911183,4.5544803114007015,0.0,1.069935322911183,0.0,1.1594460896296277,5.807742803965493,0.0,1.1594460896296277,0.259680435748345,0.9637824295618608,7.5882204900025165,25.618506470452544,0.7041019938135158
2012-11-11 18:00:00,0.0,1.0425736034361042,3.91648513626469,0.0,1.0425736034361042,0.0,1.0566296664403358,4.430638173464979,0.0,1.0566296664403358,0.0,1.123760357847033,5.48599024593267,0.0,1.123760357847033,0.0,0.9354453438123873,7.216637608294212,2.4900136783935807,0.9354453438123873
2012-11-11 19:00:00,0.0,1.0392428353083571,3.859181251337548,0.0,1.0392428353083571,0.0,1.0424107591086735,4.295985750580412,0.0,1.0424107591086735,0.0,1.107740221541188,5.376619126290711,0.0,1.107740221541188,0.0,0.9191292941391946,6.966374947230846,1.6650976227204053,0.9191292941391946
2012-11-11 20:00:00,0.0,1.0362892327606363,3.7956935647066787,0.0,1.0362892327606363,0.0,1.0363378900429125,4.178542798261202,0.0,1.0363378900429125,0.0,1.0862587150385987,5.19817638944841,0.0,1.0862587150385987,0.0,0.9028132444660021,6.716112286167481,0.8401815670472339,0.9028132444660021
2012-11-11 21:00:00,0.0,1.0316378482113295,3.7247070247236356,0.0,1.0316378482113295,0.0,1.0315874354080776,4.165895542484159,0.0,1.0315874354080776,0.0,1.0617357407759251,4.988873104167622,0.0,1.0617357407759251,0.0,0.8864971947928094,6.465849625104115,0.015265511374062513,0.8864971947928094
2012-11-11 22:00:00,0.0,1.023873003533211,3.635494487690612,0.0,1.023873003533211,0.0,1.0170371461985797,4.032393291564737,0.0,1.0170371461985797,0.0,1.033524691446882,4.743209561934132,0.0,1.033524691446882,0.0,0.8986741435417342,6.381675039770288,0.010177007582708286,0.8986741435417342
2012-11-11 23:00:00,0.0,1.01855147622389,3.548949969864238,0.0,1.01855147622389,0.0,0.9993636679066185,3.8893667277301507,0.0,0.9993636679066185,0.0,1.0108603642531264,4.569171921403545,0.0,1.0108603642531264,0.0,0.910851092290659,6.29750045443646,0.005088503791354143,0.910851092290659
2012-12-07 00:00:00,0.0,0.03330249299266141,-11.811638185925952,0.0,0.03330249299266141,0.0,0.014329509415657384,-13.261883986680196,0.0,0.014329509415657384,0.0,0.0036468335282310647,-13.4748370219697,0.0,0.0036468335282310647,0.0,0.33083643258473994,-5.88410109927311,0.0,0.33083643258473994
2012-12-07 01:00:00,0.0,0.03021587186450588,-11.842042496682962,0.0,0.03021587186450588,0.0,0.01487763236672226,-13.24531345773221,0.0,0.01487763236672226,0.0,0.004363085579454081,-13.713013682221558,0.0,0.004363085579454081,0.0,0.32715559404176403,-6.350952565574523,0.0,0.32715559404176403
2012-12-07 02:00:00,0.0,0.02784734527344997,-11.813990358468471,0.0,0.02784734527344997,0.0,0.01622618873533607,-13.030685288457985,0.0,0.01622618873533607,0.0,0.008361089369174212,-13.60886745853298,0.0,0.008361089369174212,0.0,0.3234747554987881,-6.817804031875935,0.0,0.3234747554987881
2012-12-07 03:00:00,0.0,0.026815124492302306,-11.476833588749232,0.0,0.026815124492302306,0.0,0.01779809864695829,-12.58719549270131,0.0,0.01779809864695829,0.0,0.009500558543721987,-13.536884558941107,0.0,0.009500558543721987,0.0,0.3197939169558122,-7.284655498177348,0.0,0.3197939169558122
2012-12-07 04:00:00,0.0,0.024693502634879107,-11.423493512717435,0.0,0.024693502634879107,0.0,0.01560483607242629,-12.504349402005518,0.0,0.01560483607242629,0.0,0.00537758646593056,-13.239624567069965,0.0,0.00537758646593056,0.0014274693536386245,0.3176066328124113,-7.415703409954479,0.0,0.31617916345877267
2012-12-07 05:00:00,0.0,0.022226616647649498,-11.408294127694287,0.0,0.022226616647649498,0.0,0.01177943351645281,-12.567222238358596,0.0,0.01177943351645281,0.0,0.004132877240131558,-12.995366683658393,0.0,0.004132877240131558,0.002854938707277249,0.31541934866901045,-7.54675132173161,0.0,0.3125644099617332
2012-12-07 06:00:00,0.0,0.020874663267626683,-11.29533464009645,0.0,0.020874663267626683,0.0,0.010965987394183236,-12.330675543031681,0.0,0.010965987394183236,0.0,0.002360085055500412,-11.93716514610983,0.0,0.002360085055500412,0.004282408060915874,0.31323206452560953,-7.677799233508741,0.0,0.30894965646469363
2012-12-07 07:00:00,2.0668085903450822e-05,0.02056023215472837,-11.082127024874929,6.768371105194092,0.020539564068824918,1.2200967558440477e-05,0.011091970295646165,-12.00447704512154,6.357649366676788,0.011079769328087725,1.2900286106435638e-07,0.0009476687125338871,-11.385623270278503,7.025288176291128,0.0009475397096728227,0.13211651444608216,0.3194405666359042,-6.89719391112406,18.94184093632532,0.18732405218982204
2012-12-07 08:00:00,0.0007316530216491058,0.028374414753284297,-10.24313558024286,114.44293212890625,0.027642761731635192,0.0003634238210030048,0.016505204502666383,-10.887412819901462,115.47127313688662,0.01614178068166338,0.00011467489377084727,0.004826645773013655,-10.294858345219616,116.47872785689898,0.004711970879242807,0.2599506208312485,0.3256490687461989,-6.116588588739381,37.88368187265064,0.06569844791495044
2012-12-07 09:00:00,0.0020495174113470543,0.03742075583079545,-9.391503535829523,214.58135986328125,0.0353712384194484,0.0009808102606265042,0.02127935657871893,-9.704724007982742,216.56157825503192,0.020298546318092425,0.0010307972011153873,0.009198543236011448,-8.996060951972247,217.46353683221676,0.008167746034896062,0.38778472721641477,0.3318575708564936,-5.335983266354701,56.82552280897597,-0.05592715635992118
2012-12-07 10:00:00,0.00411237365961601,0.04774438411452356,-8.766173236337147,269.9153137207031,0.04363201045490755,0.0015003339335390217,0.029068518012268646,-8.798687508452375,277.8518204910768,0.027568184078729623,0.0014470867225352302,0.013071788085263707,-8.097114760813445,270.8284540576523,0.011624701362728477,0.4551164737929945,0.3394155758766942,-4.224154238664945,106.4717176025549,-0.11570089791630034
2012-12-07 11:00:00,0.004805081150260722,0.055601035741333585,-8.351181707290102,271.18853759765625,0.05079595459107286,0.0016949551119835678,0.038585275405363446,-8.17273187885441,268.1762996517569,0.03689032029337988,0.0013910280315590918,0.022491561442794916,-7.500695711686056,280.9917398306016,0.021100533411235824,0.5224482203695743,0.34697358089689473,-3.11232521097519,156.11791239613385,-0.17547463947267955
2012-12-07 12:00:00,0.004332871456831835,0.0580090239396347,-8.130508734438537,235.0907745361328,0.05367615248280287,0.0016562284405343005,0.044851116905089666,-7.735590071929255,230.47215240551787,0.04319488846455537,0.0009742639323036114,0.029171684774376722,-7.128679032112788,255.55072867052462,0.02819742084207311,0.5897799669461541,0.3545315859170953,-2.0004961832854344,205.76410718971277,-0.23524838102905876
2012-12-07 13:00:00,0.003053124679643466,0.05507048366493836,-8.136489435934857,177.82192993164062,0.052017358985294894,0.0011766693919492944,0.042839294041769914,-7.630881041420649,178.98774249690794,0.041662624649820616,0.0004096025996069066,0.02923365272753173,-6.970258554974707,197.02952075215896,0.028824050127924824,0.45890280128861005,0.34634310775442473,-2.300340621121747,171.77306060245576,-0.11255969353418532
2012-12-07 14:00:00,0.001285032688033921,0.046144478256688146,-8.404232267270626,106.61840057373047,0.044859445568654226,0.00047771933875267927,0.031504797742978444,-7.93873367696971,104.57700543613852,0.031027078404225764,0.0001549458188499499,0.022903255083712156,-7.108908800658068,108.73083687882178,0.022748309264862206,0.328025635631066,0.3381546295917541,-2.6001850589580595,137.78201401519874,0.01012899396068806
2012-12-07 15:00:00,0.00012333046416813844,0.032577055232719566,-8.9744414420856,21.119483947753906,0.03245372476855143,4.184454871913924e-05,0.021491334702587073,-8.600285952966924,19.523465471561348,0.021449490153867934,1.0771108221134598e-05,0.009558425922193229,-7.6457589390454945,18.95660023469833,0.009547654813972094,0.19714846997352198,0.3299661514290835,-2.9000294967943723,103.79096742794171,0.1328176814555615
2012-12-07 16:00:00,0.0,0.024452811846679898,-9.08605876761485,0.0,0.024452811846679898,0.0,0.015508965730638279,-8.77212752175811,0.0,0.015508965730638279,0.0,0.006339112434661844,-7.65862537711479,0.0,0.006339112434661844,0.1314323133156813,0.32552697643175005,-3.28059578014101,69.66984224501326,0.19409466311606874
2012-12-07 17:00:00,0.0,0.02149610579092155,-9.032769627635117,0.0,0.02149610579092155,0.0,0.014520500811301245,-8.762753681295242,0.0,0.014520500811301245,0.0,0.006595508854753634,-7.450695223282943,0.0,0.006595508854753634,0.06571615665784067,0.3210878014344166,-3.661162063487647,35.54871706208479,0.2553716447765759
2012-12-07 18:00:00,0.0,0.0206350590678701,-9.069558944771709,0.0,0.0206350590678701,0.0,0.013858248382990141,-8.7795612145071,0.0,0.013858248382990141,0.0,0.006375951839714261,-7.383309312915979,0.0,0.006375951839714261,0.0,0.3166486264370832,-4.041728346834285,1.4275918791563242,0.3166486264370832
2012-12-07 19:00:00,0.0,0.020510968469588792,-9.135668082197784,0.0,0.020510968469588792,0.0,0.013334147049132968,-8.95176704717669,0.0,0.013334147049132968,0.0,0.0046096388106316,-7.47774991862444,0.0,0.0046096388106316,0.0,0.3154605076824244,-4.064614115328068,0.9517279194375476,0.3154605076824244
2012-12-07 20:00:00,0.0,0.019865054879478785,-9.07737364598772,0.0,0.019865054879478785,0.0,0.01281325524292162,-9.083407853532979,0.0,0.01281325524292162,0.0,0.003424477730681029,-7.682593434520714,0.0,0.003424477730681029,0.0,0.31427238892776566,-4.08749988382185,0.4758639597187738,0.31427238892776566
2012-12-07 21:00:00,0.0,0.01841473779181509,-8.981056082515227,0.0,0.01841473779181509,0.0,0.01244989199549241,-9.099578865758907,0.0,0.01244989199549241,0.0,0.0035266563533571786,-7.852000625627626,0.0,0.0035266563533571786,0.0,0.31308427017310686,-4.110385652315633,0.0,0.31308427017310686
2012-12-07 22:00:00,0.0,0.018059412379841835,-8.928800825189839,0.0,0.018059412379841835,0.0,0.013576815058830448,-9.110817257017818,0.0,0.013576815058830448,0.0,0.002997894921591219,-8.017040465155478,0.0,0.002997894921591219,0.0,0.32134913071335713,-4.109389120816972,0.0,0.32134913071335713
2012-12-07 23:00:00,0.0,0.019264252187831538,-8.971559938997686,0.0,0.019264252187831538,0.0,0.01545240770849646,-9.023314243423139,0.0,0.01545240770849646,0.0,0.0024116017904576587,-8.344392056889781,0.0,0.0024116017904576587,0.0,0.32961399125360746,-4.108392589318311,0.0,0.32961399125360746
