,CH-Dav_REF_GPP_WRF,IT-Lav_REF_GPP_WRF,IT-Ren_REF_GPP_WRF,AT-Neu_REF_GPP_WRF,IT-MBo_REF_GPP_WRF,CH-Dav_ALPS_GPP_WRF,IT-Lav_ALPS_GPP_WRF,IT-Ren_ALPS_GPP_WRF,AT-Neu_ALPS_GPP_WRF,IT-MBo_ALPS_GPP_WRF,CH-Dav_SITE_GPP_WRF,IT-Lav_SITE_GPP_WRF,IT-Ren_SITE_GPP_WRF,AT-Neu_SITE_GPP_WRF,IT-MBo_SITE_GPP_WRF,CH-Dav_REF_RECO_WRF,IT-Lav_REF_RECO_WRF,IT-Ren_REF_RECO_WRF,AT-Neu_REF_RECO_WRF,IT-MBo_REF_RECO_WRF,CH-Dav_ALPS_RECO_WRF,IT-Lav_ALPS_RECO_WRF,IT-Ren_ALPS_RECO_WRF,AT-Neu_ALPS_RECO_WRF,IT-MBo_ALPS_RECO_WRF,CH-Dav_SITE_RECO_WRF,IT-Lav_SITE_RECO_WRF,IT-Ren_SITE_RECO_WRF,AT-Neu_SITE_RECO_WRF,IT-MBo_SITE_RECO_WRF,CH-Dav_REF_T2_WRF,IT-Lav_REF_T2_WRF,IT-Ren_REF_T2_WRF,AT-Neu_REF_T2_WRF,IT-MBo_REF_T2_WRF,CH-Dav_ALPS_T2_WRF,IT-Lav_ALPS_T2_WRF,IT-Ren_ALPS_T2_WRF,AT-Neu_ALPS_T2_WRF,IT-MBo_ALPS_T2_WRF,CH-Dav_SITE_T2_WRF,IT-Lav_SITE_T2_WRF,IT-Ren_SITE_T2_WRF,AT-Neu_SITE_T2_WRF,IT-MBo_SITE_T2_WRF,CH-Dav_ALPS_GPP_recalc,IT-Lav_ALPS_GPP_recalc,IT-Ren_ALPS_GPP_recalc,AT-Neu_ALPS_GPP_recalc,IT-MBo_ALPS_GPP_recalc,CH-Dav_SITE_GPP_recalc,IT-Lav_SITE_GPP_recalc,IT-Ren_SITE_GPP_recalc,AT-Neu_SITE_GPP_recalc,IT-MBo_SITE_GPP_recalc,CH-Dav_ALPS_RECO_recalc,IT-Lav_ALPS_RECO_recalc,IT-Ren_ALPS_RECO_recalc,AT-Neu_ALPS_RECO_recalc,IT-MBo_ALPS_RECO_recalc,CH-Dav_SITE_RECO_recalc,IT-Lav_SITE_RECO_recalc,IT-Ren_SITE_RECO_recalc,AT-Neu_SITE_RECO_recalc,IT-MBo_SITE_RECO_recalc,CH-Dav_ALPS_NEE_recalc,IT-Lav_ALPS_NEE_recalc,IT-Ren_ALPS_NEE_recalc,AT-Neu_ALPS_NEE_recalc,IT-MBo_ALPS_NEE_recalc,CH-Dav_SITE_NEE_recalc,IT-Lav_SITE_NEE_recalc,IT-Ren_SITE_NEE_recalc,AT-Neu_SITE_NEE_recalc,IT-MBo_SITE_NEE_recalc
2012-01-12 00:00:00,0.0,0.0,0.0,0.0,0.0,0.0,0.0,0.0,0.0,0.0,0.0,0.0,0.0,0.0,0.0,0.013812218,1.2030795,0.25215065,0.094111644,0.5702433,0.77959317,2.0166295,1.0464982,0.0,1.4712472,0.0,1.808152,1.093742,0.0,2.3503342,268.28488,274.94788,269.68683,267.8811,272.9532,268.28488,274.94788,269.68683,267.8811,272.9532,268.28488,274.94788,269.68683,267.8811,272.9532,0.0,0.0,0.0,0.0,0.0,0.0,0.0,0.0,0.0,0.0,0.805261,2.0196283,1.0494595,0.05900519,1.4741006,0.6196841167738066,1.2505008309080108,0.18864862103431607,0.059005189123045365,2.350258708118029,0.805261,2.0196283,1.0494595,0.05900519,1.4741006,0.6196841167738066,1.2505008309080108,0.18864862103431607,0.059005189123045365,2.350258708118029
2012-01-12 01:00:00,0.0,0.0,0.0,0.0,0.0,0.0,0.0,0.0,0.0,0.0,0.0,0.0,0.0,0.0,0.0,0.0,1.257788,0.23930714,0.03489042,0.5836048,0.17040491,2.069907,1.0329688,0.0,1.5215936,0.0,1.9013116,1.080313,0.0,2.396864,265.0119,275.25232,269.61368,267.1954,273.08862,265.0119,275.25232,269.61368,267.1954,273.08862,265.0119,275.25232,269.61368,267.1954,273.08862,0.0,0.0,0.0,0.0,0.0,0.0,0.0,0.0,0.0,0.0,0.26492807,2.0729058,1.0359302,0.049961787,1.5244468,0.20661920453836236,1.285206814310563,0.16599168556741553,0.04996178673801896,2.3967456699953877,0.26492807,2.0729058,1.0359302,0.049961787,1.5244468,0.20661920453836236,1.285206814310563,0.16599168556741553,0.04996178673801896,2.3967456699953877
2012-01-12 02:00:00,0.0,0.0,0.0,0.0,0.0,0.0,0.0,0.0,0.0,0.0,0.0,0.0,0.0,0.0,0.0,0.0,0.6497978,0.26878762,0.0,0.6229185,0.14964402,1.4778186,1.0640236,0.0,1.6697283,0.0,0.8660029,1.1111375,0.0,2.5337694,264.90036,271.86896,269.7816,265.9594,273.48712,264.90036,271.86896,269.7816,265.9594,273.48712,264.90036,271.86896,269.7816,265.9594,273.48712,0.0,0.0,0.0,0.0,0.0,0.0,0.0,0.0,0.0,0.0,0.24651375,1.4808176,1.0669849,0.033660803,1.6725817,0.19254212918828398,0.8995097858515253,0.2179977176654074,0.033660801380595184,2.5335250183943394,0.24651375,1.4808176,1.0669849,0.033660803,1.6725817,0.19254212918828398,0.8995097858515253,0.2179977176654074,0.033660801380595184,2.5335250183943394
2012-01-12 03:00:00,0.0,0.0,0.0,0.0,0.0,0.0,0.0,0.0,0.0,0.0,0.0,0.0,0.0,0.0,0.0,0.0,0.88341653,0.22741741,0.0,0.60659754,0.7465745,1.7053272,1.0204443,0.0,1.6082305,0.0,1.2638178,1.0678813,0.0,2.4769335,268.10748,273.169,269.54596,265.6157,273.3217,268.10748,273.169,269.54596,265.6157,273.3217,268.10748,273.169,269.54596,265.6157,273.3217,0.0,0.0,0.0,0.0,0.0,0.0,0.0,0.0,0.0,0.0,0.77597445,1.7083261,1.0234056,0.02912763,1.6110839,0.5972955972088256,1.0477129627710047,0.14501724259659673,0.029127629407541086,2.476741372531978,0.77597445,1.7083261,1.0234056,0.02912763,1.6110839,0.5972955972088256,1.0477129627710047,0.14501724259659673,0.029127629407541086,2.476741372531978
2012-01-12 04:00:00,0.0,0.0,0.0,0.0,0.0,0.0,0.0,0.0,0.0,0.0,0.0,0.0,0.0,0.0,0.0,0.29400438,1.2221036,0.44517237,0.0,0.5559546,1.0788394,2.0351558,1.2498271,0.0,1.4174068,0.46666142,1.8405468,1.2955639,0.0,2.3005745,269.89264,275.05374,270.7862,264.47577,272.80835,269.89264,275.05374,270.7862,264.47577,272.80835,269.89264,275.05374,270.7862,264.47577,272.80835,0.0,0.0,0.0,0.0,0.0,0.0,0.0,0.0,0.0,0.0,1.0818301,2.0381548,1.2527883,0.014093663,1.4202602,0.8337364828648763,1.2625693008782848,0.5291548551851816,0.014093662195475963,2.300545521757068,1.0818301,2.0381548,1.2527883,0.014093663,1.4202602,0.8337364828648763,1.2625693008782848,0.5291548551851816,0.014093662195475963,2.300545521757068
2012-01-12 05:00:00,0.0,0.0,0.0,0.0,0.0,0.0,0.0,0.0,0.0,0.0,0.0,0.0,0.0,0.0,0.0,0.31353906,1.1005449,0.84609556,0.0,0.50776833,1.0997026,1.9167767,1.6721591,0.0,1.2358401,0.5099265,1.6335522,1.7147655,0.0,2.1327717,270.00473,274.3773,273.06967,263.89682,272.31992,270.00473,274.3773,273.06967,263.89682,272.31992,270.00473,274.3773,273.06967,263.89682,272.31992,0.0,0.0,0.0,0.0,0.0,0.0,0.0,0.0,0.0,0.0,1.1026933,1.9197755,1.6751202,0.006458147,1.2386935,0.8502409995640626,1.1854549436107453,1.2364160968667972,0.006458147190520861,2.1328970709127413,1.1026933,1.9197755,1.6751202,0.006458147,1.2386935,0.8502409995640626,1.1854549436107453,1.2364160968667972,0.006458147190520861,2.1328970709127413
2012-01-12 06:00:00,0.0,0.0,0.0,0.0,0.0,0.0,0.0,0.0,0.0,0.0,0.0,0.0,0.0,0.0,0.0,0.022981234,0.6508013,1.1715438,0.0,0.4909897,0.78938574,1.478796,2.0149858,0.0,1.1726179,0.0,0.8677118,2.0550513,0.0,2.0743418,268.3375,271.87454,274.92328,263.21567,272.14984,268.3375,271.87454,274.92328,263.21567,272.14984,268.3375,271.87454,274.92328,263.21567,272.14984,0.0,0.0,0.0,0.0,0.0,0.0,0.0,0.0,0.0,0.0,0.8139468,1.4817948,2.0179472,0.0,1.1754713,0.6263240286489188,0.9001464333016723,1.8105335784371233,0.0,2.0745212623182123,0.8139468,1.4817948,2.0179472,0.0,1.1754713,0.6263240286489188,0.9001464333016723,1.8105335784371233,0.0,2.0745212623182123
2012-01-12 07:00:00,0.0,-0.0019289851,0.0,0.0,0.0,0.0,-0.0029158464,0.0,0.0,0.0,0.0,-0.0018726933,0.0,0.0,0.0,0.010711542,0.9121747,0.8224715,0.0,0.50320715,0.7762816,1.7333332,1.6472735,0.0,1.2186533,0.0,1.3127882,1.6900644,0.0,2.1168876,268.2671,273.32904,272.93512,263.18716,272.27368,268.2671,273.32904,272.93512,263.18716,272.27368,268.2671,273.32904,272.93512,263.18716,272.27368,0.0,0.005880187,0.0,0.0,0.0,0.0,0.0029596506670647406,0.0,0.0,0.0,0.8023238,1.736332,1.6502347,0.0,1.2215068,0.6174387173404015,1.0659565651129237,1.194741324871151,0.0,2.117027817365152,0.8023238,1.730452,1.6502347,0.0,1.2215068,0.6174387173404015,1.0629969144458589,1.194741324871151,0.0,2.117027817365152
2012-01-12 08:00:00,0.0,-1.2891097,-0.37948272,0.0,0.0,0.0,-1.7733872,-0.5235319,0.0,0.0,0.0,-1.3529428,-0.3680004,0.0,0.0,0.16140464,1.277415,1.0188367,0.0,0.5239087,0.9372225,2.089021,1.8541243,0.0,1.2966572,0.17298245,1.9347336,1.8953822,0.0,2.1889787,269.13177,275.36154,274.05353,264.12433,272.48352,269.13177,275.36154,274.05353,264.12433,272.48352,269.13177,275.36154,274.05353,264.12433,272.48352,0.0,2.726444,0.8722826,0.0,0.0,0.0,1.974717261298903,0.6960155062647203,0.0,0.0,0.94507384,2.0920198,1.8570856,0.009458662,1.2995107,0.7265659000952903,1.2976579685404883,1.5411457349633373,0.00945866188990098,2.189052231486089,0.94507384,-0.63442415,0.98480296,0.009458662,1.2995107,0.7265659000952903,-0.6770592927584147,0.845130228698617,0.00945866188990098,2.189052231486089
2012-01-12 09:00:00,0.0,-2.7360702,-0.6861115,0.0,-0.03671355,0.0,-3.5990918,-0.90322846,0.0,-0.044015512,0.0,-2.995216,-0.69676197,0.0,-0.0359589,0.16164927,1.4575045,1.0472993,0.0,0.7480703,0.9374837,2.2644,1.8841066,0.0,2.1413023,0.17352432,2.2413967,1.9251423,0.0,2.9695964,269.13318,276.3637,274.21564,266.7868,274.7557,269.13318,276.3637,274.21564,266.7868,274.7557,269.13318,276.3637,274.21564,266.7868,274.7557,0.0,4.9362864,1.3955281,0.0,0.06324257,0.0,4.201834648687699,1.2848293898886138,0.0,0.06324257144812978,0.9453056,2.267399,1.8870679,0.044572935,2.144156,0.72674306711748,1.4119031358376428,1.5913558481048373,0.04457293478496725,2.9689501013776463,0.9453056,-2.6688874,0.49153987,0.044572935,2.0809133,0.72674306711748,-2.789931512850056,0.3065264582162235,0.04457293478496725,2.9057075299295163
2012-01-12 10:00:00,0.0,-3.753768,-0.79587364,0.0,-0.04681677,0.0,-4.840986,-1.0266825,0.0,-0.055267677,0.0,-4.191736,-0.8256808,0.0,-0.04664357,0.45875946,1.580648,1.0478135,0.2353423,0.7656618,1.2547985,2.3843226,1.8846486,0.12737504,2.2075877,0.8315576,2.4510899,1.9256802,0.058040302,3.0308568,270.838,277.04898,274.21857,269.51636,274.93402,270.838,277.04898,274.21857,269.51636,274.93402,270.838,277.04898,274.21857,269.51636,274.93402,0.0,6.2573276,1.5444537,0.0,0.07690708,0.0,5.739946267821994,1.5102108583292895,0.0,0.07690708422224024,1.2577893,2.3873217,1.8876098,0.13007793,2.210441,0.9729352082412424,1.4900229090237207,1.5922632597881177,0.32938638830105926,3.030154093772736,1.2577893,-3.870006,0.343156,0.13007793,2.133534,0.9729352082412424,-4.249923358798273,0.0820524014588282,0.32938638830105926,2.9532470095504957
2012-01-12 11:00:00,0.0,-3.7679675,-1.8359374,0.0,-0.05050486,0.0,-4.822545,-2.3503215,0.0,-0.05926954,0.0,-4.2406588,-1.9209839,0.0,-0.050659716,0.5532844,1.5453091,1.2861171,0.37956706,0.77046984,1.3557514,2.349908,2.1356773,0.6876347,2.2257047,1.0409092,2.3909132,2.1748483,0.6347865,3.0476007,271.3804,276.85233,275.57584,271.18628,274.98276,271.3804,276.85233,275.57584,271.18628,274.98276,271.3804,276.85233,275.57584,271.18628,274.98276,0.0,6.23261,3.255626,0.0,0.08157153,0.0,5.823224357790152,3.271677244136481,0.0,0.0815715248285702,1.3587422,2.352907,2.1386383,0.6903376,2.228558,1.0527976572732702,1.467604569303788,2.0126500786827366,0.8956319856390006,3.046882277215309,1.3587422,-3.8797035,-1.1169876,0.6903376,2.1469865,1.0527976572732702,-4.355619788486364,-1.2590271654537446,0.8956319856390006,2.965310752386739
2012-01-12 12:00:00,-0.35447872,-3.8017426,-1.8062454,0.0,-0.054675546,-0.45423418,-4.870457,-2.3145776,0.0,-0.064204626,-0.446281,-4.2744017,-1.8878748,0.0,-0.054812044,1.0407475,1.5566444,1.2816322,0.4782024,0.7871402,1.8763638,2.3609474,2.1309528,1.0707961,2.2885184,2.1205318,2.4102159,2.1701589,1.029223,3.105653,274.1775,276.9154,275.5503,272.32834,275.15173,274.1775,276.9154,275.5503,272.32834,275.15173,274.1775,276.9154,275.5503,272.32834,275.15173,0.6827907,6.282961,3.2143357,0.0,0.0877429,0.5109875434573898,5.861576092482793,3.2205875101920483,0.0,0.08773919889648919,1.8793546,2.363946,2.133914,1.0734991,2.2913718,1.4646466847886306,1.4747955544374163,2.0047385830691375,1.2828872668739744,3.10488099463643,1.1965638,-3.9190152,-1.0804216,1.0734991,2.2036288,0.9536591413312407,-4.386780538045377,-1.2158489271229107,1.2828872668739744,3.017141795739941
2012-01-12 13:00:00,-0.37101367,-3.3527627,-1.0995759,0.0,-0.08029465,-0.48000696,-4.338705,-1.4233946,0.0,-0.098757364,-0.46291938,-3.730862,-1.1365212,0.0,-0.081433475,1.0621436,1.514094,1.1288021,0.5015414,0.9043225,1.899215,2.3195095,1.9699615,1.1614596,2.730064,2.1679194,2.3377595,2.0103607,1.1225543,3.5137274,274.30026,276.67862,274.67984,272.59857,276.33954,274.30026,276.67862,274.67984,272.59857,276.33954,274.30026,276.67862,274.67984,272.59857,276.33954,0.7254482,5.734696,2.0971272,0.0,0.12872118,0.5297852100899907,5.1645648881481785,2.0329138733263776,0.0,0.12643649164312454,1.9022057,2.3225083,1.9729228,1.1641624,2.7329173,1.4827239161201922,1.447802398340744,1.7351333388795658,1.3745192983876342,3.512579401619429,1.1767576,-3.4121876,-0.124204285,1.1641624,2.6041963,0.9529387060302015,-3.7167624898074347,-0.29778053444681185,1.3745192983876342,3.3861429099763045
2012-01-12 14:00:00,-0.15501605,-2.4932303,-0.8454646,0.0,-0.027971068,-0.20530748,-3.3059077,-1.1217623,0.0,-0.033685844,-0.18934983,-2.7082253,-0.8517331,0.0,-0.027264232,0.95978457,1.4385189,1.1075836,0.24691823,0.71483815,1.7898952,2.2459111,1.9476103,0.17234321,2.0160832,1.941217,2.2090673,1.9881752,0.10433173,2.8538694,273.71292,276.25806,274.559,269.6504,274.41885,273.71292,276.25806,274.559,269.6504,274.41885,273.71292,276.25806,274.559,269.6504,274.41885,0.33077675,4.607378,1.7188804,0.0,0.0495386,0.22184105297660778,3.8188688439827856,1.5476391862838739,0.0,0.04953860280810238,1.7928859,2.24891,1.9505715,0.17504615,2.0189366,1.3962425852210527,1.3998590185020738,1.6977026069442607,0.374835048087394,2.853329757708813,1.4621092,-2.3584683,0.2316911,0.17504615,1.9693981,1.174401532244445,-2.4190098254807118,0.1500634206603868,0.374835048087394,2.803791154900711
2012-01-12 15:00:00,0.0,-0.1853095,-0.30475977,0.0,-0.023099149,0.0,-0.25982627,-0.42821166,0.0,-0.02900546,0.0,-0.19123313,-0.29058516,0.0,-0.02159792,0.8308865,0.94863784,1.0202727,0.26528105,0.7701869,1.6522315,1.7688427,1.8556371,0.24367602,2.2246382,1.6557363,1.3748791,1.8968835,0.17776364,3.0466151,272.9733,273.53195,274.0617,269.863,274.9799,272.9733,273.53195,274.0617,269.863,274.9799,272.9733,273.53195,274.0617,269.863,274.9799,0.0,0.4546406,0.73346955,0.0,0.044601377,0.0,0.2953452887984382,0.5527026757462706,0.0,0.044601375416524265,1.6552223,1.7718415,1.8585982,0.24637891,2.2274916,1.287338837134617,1.0890880891349335,1.5436789259124941,0.44692995080401376,3.0458976502625212,1.6552223,1.317201,1.1251287,0.24637891,2.1828902,1.287338837134617,0.7937428003364952,0.9909762501662235,0.44692995080401376,3.001296274845997
2012-01-12 16:00:00,0.0,0.0,0.0,0.0,0.0,0.0,0.0,0.0,0.0,0.0,0.0,0.0,0.0,0.0,0.0,0.80036384,1.1024424,0.872538,0.1452387,0.5493852,1.6196334,1.9186245,1.7000135,0.0,1.3926532,1.5881355,1.6367834,1.7424135,0.0,2.2776978,272.79816,274.38785,273.22028,268.47308,272.74176,272.79816,274.38785,273.22028,268.47308,272.74176,272.79816,274.38785,273.22028,268.47308,272.74176,0.0,0.0,0.0,0.0,0.0,0.0,0.0,0.0,0.0,0.0,1.622624,1.9216233,1.7029747,0.06681257,1.3955067,1.261550810634037,1.1866586595547393,1.283062728710416,0.06681256459434994,2.277689606746614,1.622624,1.9216233,1.7029747,0.06681257,1.3955067,1.261550810634037,1.1866586595547393,1.283062728710416,0.06681256459434994,2.277689606746614
2012-01-12 17:00:00,0.0,0.0,0.0,0.0,0.0,0.0,0.0,0.0,0.0,0.0,0.0,0.0,0.0,0.0,0.0,0.8578989,0.50905615,0.9797543,0.023765204,0.92660177,1.681081,1.3407581,1.812955,0.0,2.814012,1.7155628,0.6263427,1.854518,0.0,3.5913122,273.1283,271.08575,273.83093,267.0666,276.56537,273.1283,271.08575,273.83093,267.0666,276.56537,273.1283,271.08575,273.83093,267.0666,276.56537,0.0,0.0,0.0,0.0,0.0,0.0,0.0,0.0,0.0,0.0,1.6840717,1.343757,1.8159164,0.048262905,2.8168657,1.3101611731855747,0.8102260691270764,1.4722013514441163,0.04826290376738401,3.5900925872644165,1.6840717,1.343757,1.8159164,0.048262905,2.8168657,1.3101611731855747,0.8102260691270764,1.4722013514441163,0.04826290376738401,3.5900925872644165
2012-01-12 18:00:00,0.0,0.0,0.0,0.0,0.0,0.0,0.0,0.0,0.0,0.0,0.0,0.0,0.0,0.0,0.0,0.66506237,0.5153463,0.78785247,0.14541794,0.5539705,1.4751308,1.3468838,1.6108057,0.0,1.409931,1.2884727,0.63705385,1.653867,0.0,2.2936654,272.0218,271.12076,272.73795,268.47516,272.78824,272.0218,271.12076,272.73795,268.47516,272.78824,272.0218,271.12076,272.73795,268.47516,272.78824,0.0,0.0,0.0,0.0,0.0,0.0,0.0,0.0,0.0,0.0,1.4781215,1.3498826,1.6137671,0.06683993,1.4127842,1.1472369242122293,0.8142164222708943,1.1336706281453919,0.06683993347423696,2.2936426583327374,1.4781215,1.3498826,1.6137671,0.06683993,1.4127842,1.1472369242122293,0.8142164222708943,1.1336706281453919,0.06683993347423696,2.2936426583327374
2012-01-12 19:00:00,0.0,0.0,0.0,0.0,0.0,0.0,0.0,0.0,0.0,0.0,0.0,0.0,0.0,0.0,0.0,0.47096002,0.5322151,0.9163729,0.0,0.99535096,1.2678286,1.3633114,1.7461891,0.0,3.0730612,0.858579,0.6657787,1.788247,0.0,3.8307242,270.90802,271.21463,273.46994,266.24774,277.26224,270.90802,271.21463,273.46994,266.24774,277.26224,270.90802,271.21463,273.46994,266.24774,277.26224,0.0,0.0,0.0,0.0,0.0,0.0,0.0,0.0,0.0,0.0,1.2708195,1.3663102,1.7491504,0.037463468,3.0759144,0.9832432292888691,0.8249176657498689,1.3603912180949438,0.03746346575078209,3.829283613508103,1.2708195,1.3663102,1.7491504,0.037463468,3.0759144,0.9832432292888691,0.8249176657498689,1.3603912180949438,0.03746346575078209,3.829283613508103
2012-01-12 20:00:00,0.0,0.0,0.0,0.0,0.0,0.0,0.0,0.0,0.0,0.0,0.0,0.0,0.0,0.0,0.0,0.7778189,1.082486,0.84977657,0.0,0.9683691,1.5955552,1.8991902,1.6760366,0.0,2.9713926,1.5382034,1.602801,1.7186143,0.0,3.7367628,272.6688,274.2768,273.09064,266.3051,276.98874,272.6688,274.2768,273.09064,266.3051,276.98874,272.6688,274.2768,273.09064,266.3051,276.98874,0.0,0.0,0.0,0.0,0.0,0.0,0.0,0.0,0.0,0.0,1.5985459,1.902189,1.6789979,0.038220134,2.9742463,1.2425029897007807,1.1739987684559132,1.2429097617252707,0.038220134782953066,3.735408860839134,1.5985459,1.902189,1.6789979,0.038220134,2.9742463,1.2425029897007807,1.1739987684559132,1.2429097617252707,0.038220134782953066,3.735408860839134
2012-01-12 21:00:00,0.0,0.0,0.0,0.0,0.0,0.0,0.0,0.0,0.0,0.0,0.0,0.0,0.0,0.0,0.0,0.69877607,1.0315397,1.2424694,0.0,0.5203741,1.511137,1.8495761,2.0896988,0.0,1.2833389,1.3631411,1.5160475,2.1292107,0.0,2.17667,272.21524,273.9933,275.32724,266.51337,272.4477,272.21524,273.9933,275.32724,266.51337,272.4477,272.21524,273.9933,275.32724,266.51337,272.4477,0.0,0.0,0.0,0.0,0.0,0.0,0.0,0.0,0.0,0.0,1.5141279,1.8525751,2.0926602,0.040966682,1.2861924,1.175721032939739,1.1416793432544587,1.9356524164744042,0.0409666823763226,2.1767548693310603,1.5141279,1.8525751,2.0926602,0.040966682,1.2861924,1.175721032939739,1.1416793432544587,1.9356524164744042,0.0409666823763226,2.1767548693310603
2012-01-12 22:00:00,0.0,0.0,0.0,0.0,0.0,0.0,0.0,0.0,0.0,0.0,0.0,0.0,0.0,0.0,0.0,0.860138,1.0585812,1.1315827,0.0,1.0930783,1.6834723,1.8759105,1.9728909,0.0,3.4412994,1.7205219,1.5620948,2.0132685,0.0,4.1710486,273.14114,274.14377,274.69568,265.7422,278.25284,273.14114,274.14377,274.69568,265.7422,278.25284,273.14114,274.14377,274.69568,265.7422,278.25284,0.0,0.0,0.0,0.0,0.0,0.0,0.0,0.0,0.0,0.0,1.686463,1.8789095,1.9758521,0.030795924,3.4441528,1.3120529242148034,1.1588340349302793,1.7400390332922988,0.030795923630066988,4.169294154864358,1.686463,1.8789095,1.9758521,0.030795924,3.4441528,1.3120529242148034,1.1588340349302793,1.7400390332922988,0.030795923630066988,4.169294154864358
2012-01-12 23:00:00,0.0,0.0,0.0,0.0,0.0,0.0,0.0,0.0,0.0,0.0,0.0,0.0,0.0,0.0,0.0,0.7558218,0.5696161,0.65960526,0.0411686,0.7458062,1.5720621,1.3997341,1.4757104,0.0,2.1327715,1.4894848,0.72946644,1.519773,0.0,2.9617121,272.54257,271.42276,272.0075,267.2681,274.73276,272.54257,271.42276,272.0075,267.2681,274.73276,272.54257,271.42276,272.0075,267.2681,274.73276,0.0,0.0,0.0,0.0,0.0,0.0,0.0,0.0,0.0,0.0,1.575053,1.402733,1.4786717,0.0509205,2.135625,1.2239179962164806,0.8486440898482457,0.9074321006525823,0.05092050250112069,2.961073085755345,1.575053,1.402733,1.4786717,0.0509205,2.135625,1.2239179962164806,0.8486440898482457,0.9074321006525823,0.05092050250112069,2.961073085755345
2012-02-22 00:00:00,0.0,0.0,0.0,0.0,0.0,0.0,0.0,0.0,0.0,0.0,0.0,0.0,0.0,0.0,0.0,0.0,0.3737163,0.05007893,0.0,0.18015313,0.0,1.208958,0.83363616,0.0,0.0013796539,0.0,0.39588088,0.8824578,0.0,0.9918879,263.46262,270.3326,268.53592,263.51547,268.99908,263.46262,270.3326,268.53592,263.51547,268.99908,263.46262,270.3326,268.53592,263.51547,268.99908,0.0,0.0,0.0,0.0,0.0,0.0,0.0,0.0,0.0,0.0,0.009158,1.211957,0.85109663,0.001428713,0.13317992,0.011092286809928454,0.7243691160004136,0.0,0.001428713027750369,0.9930656760032041,0.009158,1.211957,0.85109663,0.001428713,0.13317992,0.011092286809928454,0.7243691160004136,0.0,0.001428713027750369,0.9930656760032041
2012-02-22 01:00:00,0.0,0.0,0.0,0.0,0.0,0.0,0.0,0.0,0.0,0.0,0.0,0.0,0.0,0.0,0.0,0.0,0.3604889,0.0758034,0.0,0.11266832,0.0,1.1960766,0.8607342,0.0,0.0,0.0,0.3733567,0.909355,0.0,0.7568797,263.5147,270.259,268.68243,262.62036,268.31503,263.5147,270.259,268.68243,262.62036,268.31503,263.5147,270.259,268.68243,262.62036,268.31503,0.0,0.0,0.0,0.0,0.0,0.0,0.0,0.0,0.0,0.0,0.017758066,1.1990755,0.8754296,0.0,0.12139669,0.017666723915970593,0.7159778938706065,1.9472973555826768e-05,0.0,0.758274046782611,0.017758066,1.1990755,0.8754296,0.0,0.12139669,0.017666723915970593,0.7159778938706065,1.9472973555826768e-05,0.0,0.758274046782611
2012-02-22 02:00:00,0.0,0.0,0.0,0.0,0.0,0.0,0.0,0.0,0.0,0.0,0.0,0.0,0.0,0.0,0.0,0.0,0.0,0.0847033,0.0,0.20893843,0.0,0.68017155,0.8701094,0.0,0.10984317,0.0,0.0,0.91866064,0.0,1.0921296,263.9379,267.31097,268.73312,261.76306,269.29086,263.9379,267.31097,268.73312,261.76306,269.29086,263.9379,267.31097,268.73312,261.76306,269.29086,0.0,0.0,0.0,0.0,0.0,0.0,0.0,0.0,0.0,0.0,0.08762163,0.6831705,0.88393044,0.0,0.13820598,0.07107487819217731,0.3799080559927043,0.00010866772560192394,0.0,1.0932148068074907,0.08762163,0.6831705,0.88393044,0.0,0.13820598,0.07107487819217731,0.3799080559927043,0.00010866772560192394,0.0,1.0932148068074907
2012-02-22 03:00:00,0.0,0.0,0.0,0.0,0.0,0.0,0.0,0.0,0.0,0.0,0.0,0.0,0.0,0.0,0.0,0.0,0.0,0.5084896,0.0,0.08661974,0.0,0.59319496,1.3165253,0.0,0.0,0.0,0.0,1.3617679,0.0,0.66616833,261.61307,266.81396,271.14682,261.3346,268.051,261.61307,266.81396,271.14682,261.3346,268.051,261.61307,266.81396,271.14682,261.3346,268.051,0.0,0.0,0.0,0.0,0.0,0.0,0.0,0.0,0.0,0.0,0.0,0.59619385,1.3194866,0.0,0.11684847,0.0,0.323249911877431,0.640851562073944,0.0,0.6676464681068772,0.0,0.59619385,1.3194866,0.0,0.11684847,0.0,0.323249911877431,0.640851562073944,0.0,0.6676464681068772
2012-02-22 04:00:00,0.0,0.0,0.0,0.0,0.0,0.0,0.0,0.0,0.0,0.0,0.0,0.0,0.0,0.0,0.0,0.0,0.0,0.14319274,0.0,0.1272702,0.4370302,0.5620167,0.93172204,0.0,0.0,0.0,0.0,0.97981673,0.0,0.80772907,266.4444,266.6358,269.06625,260.31857,268.46304,266.4444,266.6358,269.06625,260.31857,268.46304,266.4444,266.6358,269.06625,260.31857,268.46304,0.0,0.0,0.0,0.0,0.0,0.0,0.0,0.0,0.0,0.0,0.5014173,0.56501555,0.939798,0.0,0.123946264,0.3874065963120083,0.30293981453339536,0.001552684960864524,0.0,0.8090766076445282,0.5014173,0.56501555,0.939798,0.0,0.123946264,0.3874065963120083,0.30293981453339536,0.001552684960864524,0.0,0.8090766076445282
2012-02-22 05:00:00,0.0,0.0,0.0,0.0,0.0,0.0,0.0,0.0,0.0,0.0,0.0,0.0,0.0,0.0,0.0,0.0,0.0,0.1478222,0.0,0.20323314,0.0,0.67683375,0.9365988,0.0,0.08834568,0.0,0.0,0.9846572,0.0,1.0722616,263.43518,267.2919,269.09262,259.8473,269.23303,263.43518,267.2919,269.09262,259.8473,269.23303,263.43518,267.2919,269.09262,259.8473,269.23303,0.0,0.0,0.0,0.0,0.0,0.0,0.0,0.0,0.0,0.0,0.0046287337,0.67983264,0.9442199,0.0,0.1372098,0.007629826963219779,0.3777337136083223,0.00926465613678377,0.0,1.073365146429484,0.0046287337,0.67983264,0.9442199,0.0,0.1372098,0.007629826963219779,0.3777337136083223,0.00926465613678377,0.0,1.073365146429484
2012-02-22 06:00:00,0.0,0.0,0.0,0.0,0.0,0.0,0.0,0.0,0.0,0.0,0.0,0.0,0.0,0.0,0.0,0.0,0.520951,0.0,0.0,0.14698127,0.121453576,1.3523419,0.44501734,0.0,0.0,0.0,0.6465977,0.4967194,0.0,0.87637055,264.7489,271.15195,266.43472,259.0568,268.66284,264.7489,271.15195,266.43472,259.0568,268.66284,264.7489,271.15195,266.43472,259.0568,268.66284,0.0,0.0,0.0,0.0,0.0,0.0,0.0,0.0,0.0,0.0,0.22150958,1.3553407,0.50241286,0.0,0.12738793,0.17342734807680965,0.8177719069378359,0.0,0.0,0.8776548274307082,0.22150958,1.3553407,0.50241286,0.0,0.12738793,0.17342734807680965,0.8177719069378359,0.0,0.0,0.8776548274307082
2012-02-22 07:00:00,0.0,0.0,0.0,0.0,0.0,0.0,0.0,0.0,0.0,0.0,0.0,0.0,0.0,0.0,0.0,0.0,0.3718956,0.6163008,0.0,0.4641433,0.27134082,1.207185,1.4300936,0.0,1.0714602,0.0,0.39278057,1.4744943,0.0,1.9808521,265.5542,270.32248,271.76086,260.733,271.87772,265.5542,270.32248,271.76086,260.733,271.87772,265.5542,270.32248,271.76086,260.733,271.87772,0.0,0.0,0.0,0.0,0.0,0.0,0.0,0.0,0.0,0.0,0.3544554,1.2101839,1.4330548,0.0,1.0743135,0.2750595955016705,0.7232141053258299,0.831039379566437,0.0,1.9811178736160024,0.3544554,1.2101839,1.4330548,0.0,1.0743135,0.2750595955016705,0.7232141053258299,0.831039379566437,0.0,1.9811178736160024
2012-02-22 08:00:00,0.0,0.0,0.0,0.0,0.0,0.0,0.0,0.0,0.0,0.0,0.0,0.0,0.0,0.0,0.0,0.0,0.6360987,0.5861237,0.0,0.49120045,0.401075,1.4644779,1.3983052,0.0,1.173412,0.0,0.8426756,1.4429413,0.0,2.0750759,266.25122,271.79272,271.589,263.44843,272.15198,266.25122,271.79272,271.589,263.44843,272.15198,266.25122,271.79272,271.589,263.44843,272.15198,0.0,0.0,0.0,0.0,0.0,0.0,0.0,0.0,0.0,0.0,0.469526,1.4674768,1.4012663,0.0005444567,1.1762655,0.3630268734758946,0.8908193742096271,0.7778045608140033,0.000544456717282482,2.0752544951553946,0.469526,1.4674768,1.4012663,0.0005444567,1.1762655,0.3630268734758946,0.8908193742096271,0.7778045608140033,0.000544456717282482,2.0752544951553946
2012-02-22 09:00:00,0.0,-0.18740192,0.0,0.0,0.0,0.0,-0.23826735,0.0,0.0,0.0,0.0,-0.2123791,0.0,0.0,0.0,0.0,0.9104034,0.7512403,0.000544779,0.5673802,0.51353014,1.7316082,1.5722384,0.0,1.4604586,0.0,1.309772,1.6155857,0.0,2.3403633,266.8554,273.31918,272.52942,266.79773,272.92416,266.8554,273.31918,272.52942,266.79773,272.92416,266.8554,273.31918,272.52942,266.79773,272.92416,0.0,0.37152112,0.0,0.0,0.0,0.0,0.32369650846389614,0.0,0.0,0.0,0.5692706,1.7346071,1.5751998,0.044717025,1.463312,0.439278019243569,1.0648328649686751,1.0690837111469225,0.04471702388790194,2.3402972162871665,0.5692706,1.363086,1.5751998,0.044717025,1.463312,0.439278019243569,0.741136356504779,1.0690837111469225,0.04471702388790194,2.3402972162871665
2012-02-22 10:00:00,0.0,-1.0935702,-0.041101173,0.0,-0.02263831,0.0,-1.3736615,-0.05170489,0.0,-0.02602927,0.0,-1.2554269,-0.04384018,0.0,-0.02298532,0.44875547,1.0481287,0.86750674,0.26765317,0.6527184,1.2441142,1.8657314,1.6947134,0.25289083,1.7820148,0.80940086,1.544296,1.7371528,0.1872496,2.6375442,270.7806,274.0856,273.19162,269.89047,273.78918,270.7806,274.0856,273.19162,269.89047,273.78918,270.7806,274.0856,273.19162,269.89047,273.78918,0.0,2.020118,0.07997968,0.0,0.037331015,0.0,1.8642605295060906,0.08385848900644255,0.0,0.037331015801212404,1.247105,1.8687303,1.6976748,0.25559372,1.7848682,0.9644829904598187,1.1522031603948677,1.2741871081833323,0.4562432007602299,2.637204141571918,1.247105,-0.1513877,1.6176951,0.25559372,1.7475373,0.9644829904598187,-0.7120573691112229,1.1903286191768898,0.4562432007602299,2.5998731257707055
2012-02-22 11:00:00,0.0,-1.7906417,-0.46039817,0.0,-0.032357745,0.0,-2.2377896,-0.576192,0.0,-0.037062004,0.0,-2.0671241,-0.49398008,0.0,-0.033008207,0.5670326,1.151239,0.9404685,0.4373545,0.67775536,1.3704348,1.9661449,1.7715714,0.9121173,1.8763547,1.0713584,1.7198763,1.8134412,0.86587477,2.7247329,271.4593,274.6594,273.60718,271.85538,274.04297,271.4593,274.6594,273.60718,271.85538,274.04297,271.4593,274.6594,273.60718,271.85538,274.04297,0.0,3.1691601,0.86474013,0.0,0.052214373,0.0,3.0149936349894495,0.9218494705109085,0.0,0.05221437375246063,1.3734254,1.9691439,1.7745327,0.91482025,1.8792081,1.0644132782009577,1.2176143372127093,1.402897784133597,1.1225131026279325,2.7243122026291764,1.3734254,-1.2000164,0.9097925,0.91482025,1.8269937,1.0644132782009577,-1.7973792977767402,0.4810483136226885,1.1225131026279325,2.6720978288767157
2012-02-22 12:00:00,0.0,-1.9794024,-0.59746605,0.0,-0.03895717,0.0,-2.4737976,-0.74779063,0.0,-0.044618864,0.0,-2.2849178,-0.64098954,0.0,-0.0397425,0.6981857,1.1812147,0.9647784,0.5000338,0.69619584,1.5105065,1.9953365,1.7971792,1.155603,1.9458389,1.3618336,1.7709199,1.8388591,1.1165254,2.78895,272.21185,274.8262,273.74564,272.58112,274.2299,272.21185,274.8262,273.74564,272.58112,274.2299,272.21185,274.8262,273.74564,272.58112,274.2299,0.0,3.472215,1.1135237,0.0,0.06229573,0.0,3.3171835829870755,1.1874094857165305,0.0,0.062295732894244504,1.5134974,1.9983354,1.8001406,1.1583059,1.9486923,1.175222257727757,1.236630265969561,1.4457824383736169,1.3686002106376838,2.788470075882629,1.5134974,-1.4738795,0.68661696,1.1583059,1.8863966,1.175222257727757,-2.0805533170175146,0.2583729526570864,1.3686002106376838,2.7261743429883842
2012-02-22 13:00:00,0.0,-2.519409,-0.8145932,0.0,-0.04837793,0.0,-3.165476,-1.0251015,0.0,-0.055621836,0.0,-2.891529,-0.8685411,0.0,-0.049122218,0.7829778,1.2812265,1.0083134,0.525679,0.72699535,1.6010648,2.0927327,1.8430389,1.2552252,2.0618918,1.5496292,1.9412239,1.8843789,1.2190791,2.8962054,272.6984,275.38275,273.9936,272.87805,274.54208,272.6984,275.38275,273.9936,272.87805,274.54208,272.6984,275.38275,273.9936,272.87805,274.54208,0.0,4.3417573,1.5150625,0.0,0.07693983,0.0,4.141013888600589,1.5917334936628214,0.0,0.07693983219022586,1.6040556,2.0957315,1.8460003,1.2579281,2.0647452,1.24686165596765,1.3000758372719212,1.5225816042762312,1.469286790719887,2.8956268176594158,1.6040556,-2.246026,0.3309378,1.2579281,1.9878055,1.24686165596765,-2.8409380513286675,-0.06915188938659012,1.469286790719887,2.81868698546919
2012-02-22 14:00:00,0.0,-2.260496,-0.8843444,0.0,-0.047662172,0.0,-2.8764517,-1.1273146,0.0,-0.05530513,0.0,-2.5595262,-0.9294289,0.0,-0.047866598,0.79401886,1.268043,1.0348575,0.53510946,0.73559994,1.6128569,2.0798938,1.8710006,1.291859,2.094314,1.574083,1.9187744,1.9121336,1.256791,2.9261699,272.76175,275.3094,274.14478,272.98724,274.6293,272.76175,275.3094,274.14478,272.98724,274.6293,272.76175,275.3094,274.14478,272.98724,274.6293,0.0,4.022404,1.6784276,0.0,0.0772149,0.0,3.6882851523709226,1.6991840206039222,0.0,0.07721489354604359,1.6158476,2.0828927,1.8739619,1.2945621,2.0971675,1.2561901004728255,1.2917124467246341,1.5694078280154995,1.5063121333235996,2.925563666926087,1.6158476,-1.9395113,0.19553433,1.2945621,2.0199525,1.2561901004728255,-2.3965727056462884,-0.12977619258842266,1.5063121333235996,2.8483487733800437
2012-02-22 15:00:00,0.0,-0.7870886,-0.85490966,0.0,-0.045797244,0.0,-1.0284929,-1.119439,0.0,-0.05417804,0.0,-0.86732775,-0.87300843,0.0,-0.04499271,0.8065812,1.0362942,1.0638611,0.5097015,0.7571114,1.6262733,1.8542064,1.901553,1.1931584,2.1753695,1.6019053,1.5241439,1.9424593,1.1551859,3.001081,272.83383,274.01974,274.30997,272.69305,274.84735,272.83383,274.01974,274.30997,272.69305,274.84735,272.83383,274.01974,274.30997,272.69305,274.84735,0.0,1.5954792,1.7093765,0.0,0.07710699,0.0,1.30659624679099,1.5996128847133022,0.0,0.07710698931801455,1.6292641,1.8572054,1.9045143,1.1958613,2.1782231,1.266803677506171,1.1446955910100733,1.6205726138654504,1.406556878237018,3.000405790092768,1.6292641,0.26172605,0.19513784,1.1958613,2.101116,1.266803677506171,-0.1619006557809166,0.020959729152148165,1.406556878237018,2.923298800774753
2012-02-22 16:00:00,0.0,-1.1156096,0.0,0.0,0.0,0.0,-1.5493909,0.0,0.0,0.0,0.0,-1.1609342,0.0,0.0,0.0,0.23278363,1.283815,0.7608421,0.25076368,0.54942137,1.0134554,2.0952535,1.5823531,0.18728146,1.3927895,0.33107114,1.9456315,1.6256253,0.11970957,2.2778237,269.54135,275.39716,272.5841,269.69492,272.74213,269.54135,275.39716,272.5841,269.69492,272.74213,269.54135,275.39716,272.5841,269.69492,272.74213,0.0,2.4324322,0.0,0.0,0.0,0.0,1.7113413621736169,0.0,0.0,0.0,1.0164462,2.0982523,1.5853144,0.18998435,1.3956429,0.7820121453412354,1.3017179006406066,1.0860220625681514,0.389932861071971,2.277815303804416,1.0164462,-0.3341799,1.5853144,0.18998435,1.3956429,0.7820121453412354,-0.4096234615330103,1.0860220625681514,0.389932861071971,2.277815303804416
2012-02-22 17:00:00,0.0,0.0,0.0,0.0,0.0,0.0,0.0,0.0,0.0,0.0,0.0,0.0,0.0,0.0,0.0,0.07397988,0.91365534,0.12993674,0.1157111,0.47411776,0.8438525,1.7347751,0.91775817,0.0,1.1090441,0.0,1.3153096,0.9659563,0.0,2.015587,268.63013,273.33728,268.99075,268.1312,271.97882,268.63013,273.33728,268.99075,268.1312,271.97882,268.63013,273.33728,268.99075,268.1312,271.97882,0.0,0.0,0.0,0.0,0.0,0.0,0.0,0.0,0.0,0.0,0.86225724,1.737774,0.9271362,0.062303543,1.1118975,0.6632556498614771,1.0668958810229767,0.0005619983076447629,0.06230354163296087,2.01582073632436,0.86225724,1.737774,0.9271362,0.062303543,1.1118975,0.6632556498614771,1.0668958810229767,0.0005619983076447629,0.06230354163296087,2.01582073632436
2012-02-22 18:00:00,0.0,0.0,0.0,0.0,0.0,0.0,0.0,0.0,0.0,0.0,0.0,0.0,0.0,0.0,0.0,0.1597772,0.92729414,0.99327296,0.0895203,0.3890083,0.9354843,1.7480571,1.8271955,0.0,0.78835005,0.16937806,1.3385342,1.8686529,0.0,1.719203,269.12244,273.41318,273.90793,267.82794,271.11612,269.12244,273.41318,273.90793,267.82794,271.11612,269.12244,273.41318,273.90793,267.82794,271.11612,0.0,0.0,0.0,0.0,0.0,0.0,0.0,0.0,0.0,0.0,0.94353217,1.7510561,1.8301568,0.058304064,0.79120344,0.725387354252028,1.0755480242389097,1.4960492647453223,0.058304062817703964,1.7197098924056915,0.94353217,1.7510561,1.8301568,0.058304064,0.79120344,0.725387354252028,1.0755480242389097,1.4960492647453223,0.058304062817703964,1.7197098924056915
2012-02-22 19:00:00,0.0,0.0,0.0,0.0,0.0,0.0,0.0,0.0,0.0,0.0,0.0,0.0,0.0,0.0,0.0,0.031777926,0.8038655,0.15111746,0.0,0.42473328,0.7987807,1.6278569,0.94007,0.0,0.9229623,0.0,1.1283553,0.98810273,0.0,1.8436111,268.38797,272.72632,269.1114,266.35065,271.47824,268.38797,272.72632,269.1114,266.35065,271.47824,268.38797,272.72632,269.1114,266.35065,271.47824,0.0,0.0,0.0,0.0,0.0,0.0,0.0,0.0,0.0,0.0,0.8222798,1.6308557,0.9473674,0.03882064,0.92581576,0.6326943385337422,0.9972473457664515,0.014754080064087426,0.03882064020635684,1.8440033330629104,0.8222798,1.6308557,0.9473674,0.03882064,0.92581576,0.6326943385337422,0.9972473457664515,0.014754080064087426,0.03882064020635684,1.8440033330629104
2012-02-22 20:00:00,0.0,0.0,0.0,0.0,0.0,0.0,0.0,0.0,0.0,0.0,0.0,0.0,0.0,0.0,0.0,0.0,0.79985666,0.49541572,0.0,0.45841098,0.16985959,1.6239529,1.3027534,0.0,1.0498605,0.0,1.121529,1.3480979,0.0,1.9608899,265.00897,272.704,271.07236,265.53796,271.8196,265.00897,272.704,271.07236,265.53796,271.8196,265.00897,272.704,271.07236,265.53796,271.8196,0.0,0.0,0.0,0.0,0.0,0.0,0.0,0.0,0.0,0.0,0.2644444,1.6269517,1.3057146,0.028102504,1.0527139,0.20624946466596628,0.9947042349136782,0.6177881817905743,0.028102503862360517,1.9611739404446438,0.2644444,1.6269517,1.3057146,0.028102504,1.0527139,0.20624946466596628,0.9947042349136782,0.6177881817905743,0.028102503862360517,1.9611739404446438
2012-02-22 21:00:00,0.0,0.0,0.0,0.0,0.0,0.0,0.0,0.0,0.0,0.0,0.0,0.0,0.0,0.0,0.0,0.0,0.89962727,0.94651246,0.0,0.48964995,0.70655805,1.7211139,1.777938,0.0,1.1675696,0.0,1.2914221,1.8197606,0.0,2.0696762,267.8925,273.25922,273.6416,265.0281,272.13626,267.8925,273.25922,273.6416,265.0281,272.13626,267.8925,273.25922,273.6416,265.0281,272.13626,0.0,0.0,0.0,0.0,0.0,0.0,0.0,0.0,0.0,0.0,0.74048096,1.7241129,1.7808994,0.021378212,1.170423,0.5701620826147623,1.057996732512178,1.4135598714121385,0.0213782115642326,2.0698599964246958,0.74048096,1.7241129,1.7808994,0.021378212,1.170423,0.5701620826147623,1.057996732512178,1.4135598714121385,0.0213782115642326,2.0698599964246958
2012-02-22 22:00:00,0.0,0.0,0.0,0.0,0.0,0.0,0.0,0.0,0.0,0.0,0.0,0.0,0.0,0.0,0.0,0.0,0.8563694,0.62570965,0.0,0.4951806,0.09538739,1.6789875,1.4400048,0.0,1.1884092,0.0,1.2177609,1.4843321,0.0,2.088936,264.60886,273.0185,271.81445,264.36917,272.19232,264.60886,273.0185,271.81445,264.36917,272.19232,264.60886,273.0185,271.81445,264.36917,272.19232,0.0,0.0,0.0,0.0,0.0,0.0,0.0,0.0,0.0,0.0,0.19838966,1.6819863,1.4429661,0.012687787,1.1912627,0.1557530118848783,1.0305547921473692,0.847637451606436,0.012687787233043398,2.0891021210233234,0.19838966,1.6819863,1.4429661,0.012687787,1.1912627,0.1557530118848783,1.0305547921473692,0.847637451606436,0.012687787233043398,2.0891021210233234
2012-02-22 23:00:00,0.0,0.0,0.0,0.0,0.0,0.0,0.0,0.0,0.0,0.0,0.0,0.0,0.0,0.0,0.0,0.0,0.8673319,0.63539726,0.0,0.5125975,0.095472574,1.6896634,1.4502095,0.0,1.2540365,0.0,1.2364284,1.4944613,0.0,2.1495886,264.6093,273.0795,271.86963,264.00323,272.36887,264.6093,273.0795,271.86963,264.00323,272.36887,264.6093,273.0795,271.86963,264.00323,272.36887,0.0,0.0,0.0,0.0,0.0,0.0,0.0,0.0,0.0,0.0,0.19846523,1.6926622,1.4531709,0.007861608,1.2568899,0.15581078373994023,1.0375092088295768,0.8647270383082116,0.007861607251786917,2.149698577639033,0.19846523,1.6926622,1.4531709,0.007861608,1.2568899,0.15581078373994023,1.0375092088295768,0.8647270383082116,0.007861607251786917,2.149698577639033
2012-03-27 00:00:00,0.0,0.0,0.0,0.0,0.0,0.0,0.0,0.0,0.0,0.0,0.0,0.0,0.0,0.0,0.0,0.52082586,1.5623202,1.1370534,0.45681378,0.99262637,1.3210857,2.3664746,1.9786537,0.9877094,3.0627942,0.9690207,2.419881,2.0189886,0.94369125,3.821236,271.19415,276.947,274.72684,272.0807,277.23462,271.19415,276.947,274.72684,272.0807,277.23462,271.19415,276.947,274.72684,272.0807,277.23462,0.0,0.0,0.0,0.0,0.0,0.0,0.0,0.0,0.0,0.0,1.3240764,2.3694735,1.981615,0.99041235,3.0656478,1.0253740075550195,1.478396265425953,1.7496897346321842,1.1989127964354256,3.819803960398817,1.3240764,2.3694735,1.981615,0.99041235,3.0656478,1.0253740075550195,1.478396265425953,1.7496897346321842,1.1989127964354256,3.819803960398817
2012-03-27 01:00:00,0.0,0.0,0.0,0.0,0.0,0.0,0.0,0.0,0.0,0.0,0.0,0.0,0.0,0.0,0.0,0.0,1.346552,1.0810769,0.46181104,0.6053662,0.62123686,2.1563497,1.919688,1.0071219,1.6035906,0.0,2.0524626,1.96046,0.963675,2.4726453,267.43408,275.74628,274.40802,272.13855,273.3092,267.43408,275.74628,274.40802,272.13855,273.3092,267.43408,275.74628,274.40802,272.13855,273.3092,0.0,0.0,0.0,0.0,0.0,0.0,0.0,0.0,0.0,0.0,0.6648034,2.1593485,1.9226494,1.0098249,1.606444,0.5123093469557948,1.3415170636443352,1.650942548640232,1.2185327096765208,2.4724571978118695,0.6648034,2.1593485,1.9226494,1.0098249,1.606444,0.5123093469557948,1.3415170636443352,1.650942548640232,1.2185327096765208,2.4724571978118695
2012-03-27 02:00:00,0.0,0.0,0.0,0.0,0.0,0.0,0.0,0.0,0.0,0.0,0.0,0.0,0.0,0.0,0.0,0.19400676,1.6903172,1.0436236,0.36091167,0.58733207,0.97204167,2.4911237,1.8802346,0.6151655,1.5356379,0.24518903,2.6378388,1.921299,0.56018466,2.4098434,269.31885,277.65927,274.1947,270.97028,273.1264,269.31885,277.65927,274.1947,270.97028,273.1264,269.31885,277.65927,274.1947,270.97028,273.1264,0.0,0.0,0.0,0.0,0.0,0.0,0.0,0.0,0.0,0.0,0.97595745,2.4941225,1.883196,0.6178683,1.5384912,0.750175331530579,1.5595949074283157,1.584871635451398,0.822388448761114,2.4097134164586973,0.97595745,2.4941225,1.883196,0.6178683,1.5384912,0.750175331530579,1.5595949074283157,1.584871635451398,0.822388448761114,2.4097134164586973
2012-03-27 03:00:00,0.0,0.0,0.0,0.0,0.0,0.0,0.0,0.0,0.0,0.0,0.0,0.0,0.0,0.0,0.0,0.5154489,1.6512655,0.96484274,0.26071867,0.75734323,1.315343,2.4530933,1.7972472,0.22595292,2.176243,0.957112,2.57134,1.8389266,0.159519,3.0018883,271.1633,277.44196,273.746,269.81018,274.8497,271.1633,277.44196,273.746,269.81018,274.8497,271.1633,277.44196,273.746,269.81018,274.8497,0.0,0.0,0.0,0.0,0.0,0.0,0.0,0.0,0.0,0.0,1.3183337,2.4560921,1.8002084,0.22865579,2.1790965,1.0208311090026436,1.5348213200376206,1.445895864834027,0.42901746672155816,3.001212346213668,1.3183337,2.4560921,1.8002084,0.22865579,2.1790965,1.0208311090026436,1.5348213200376206,1.445895864834027,0.42901746672155816,3.001212346213668
2012-03-27 04:00:00,0.0,0.0,0.0,0.0,0.0,0.0,0.0,0.0,0.0,0.0,0.0,0.0,0.0,0.0,0.0,0.1289727,1.5807247,0.40174463,0.19903834,0.75283915,0.902585,2.3843975,1.2040805,0.0,2.159272,0.10115297,2.4512208,1.2501564,0.0,2.9862037,268.94568,277.0494,270.53885,269.096,274.80405,268.94568,277.0494,270.53885,269.096,274.80405,268.94568,277.0494,270.53885,269.096,274.80405,0.0,0.0,0.0,0.0,0.0,0.0,0.0,0.0,0.0,0.0,0.9143514,2.3873963,1.2070416,0.0750399,2.1621253,0.7030797152841337,1.4900716142931307,0.45254473338325046,0.18685227174892466,2.9855421130076008,0.9143514,2.3873963,1.2070416,0.0750399,2.1621253,0.7030797152841337,1.4900716142931307,0.45254473338325046,0.18685227174892466,2.9855421130076008
2012-03-27 05:00:00,0.0,0.0,0.0,0.0,0.0,0.0,0.0,0.0,0.0,0.0,0.0,0.0,0.0,0.0,0.0,0.10703941,1.3081641,0.36615586,0.21427262,0.7730018,0.87916017,2.1189656,1.1665912,0.04552715,2.2352452,0.052575454,1.9870939,1.212945,0.0,3.056418,268.81982,275.53265,270.33615,269.2724,275.00842,268.81982,275.53265,270.33615,269.2724,275.00842,268.81982,275.53265,270.33615,269.2724,275.00842,0.0,0.0,0.0,0.0,0.0,0.0,0.0,0.0,0.0,0.0,0.8935742,2.1219645,1.1695524,0.07737118,2.2380986,0.6871963065991207,1.3171644289392563,0.38976318754630707,0.24666403257884612,3.055691546016314,0.8935742,2.1219645,1.1695524,0.07737118,2.2380986,0.6871963065991207,1.3171644289392563,0.38976318754630707,0.24666403257884612,3.055691546016314
2012-03-27 06:00:00,0.0,-1.4926158,-1.131874,0.0,-0.08219676,0.0,-2.0577695,-1.5610441,0.0,-0.15853968,0.0,-1.5634947,-1.0995849,0.0,-0.103879705,0.069315575,1.337827,1.246606,0.26954558,0.8550404,0.838871,2.1478527,2.0940564,0.2602422,2.5443678,0.0,2.0376053,2.1335359,0.19481727,3.342108,268.60336,275.69772,275.3508,269.91238,275.84,268.60336,275.69772,275.3508,269.91238,275.84,268.60336,275.69772,275.3508,269.91238,275.84,0.0,3.1210706,2.4232743,0.0,0.20896086,0.0,2.263793272882171,1.9498439294881549,0.0,0.17357083413840194,0.8578388,2.1508515,2.0970175,0.26294506,2.5472214,0.6598779220688592,1.3359820576706523,1.9429495187607817,0.4636731046141891,3.341118140021754,0.8578388,-0.970219,-0.3262567,0.26294506,2.3382604,0.6598779220688592,-0.9278112152115185,-0.006894410727373179,0.4636731046141891,3.167547305883352
2012-03-27 07:00:00,0.0,-3.2702897,-1.3096362,0.0,-0.18207492,0.0,-4.246897,-1.69989,0.0,-0.39801008,0.0,-3.6261458,-1.3497627,0.0,-0.25787485,0.24923894,1.487875,1.1209255,0.49409294,0.9125177,1.0310298,2.2939763,1.9616644,1.132525,2.7609434,0.36751595,2.2931128,2.0021253,1.0927683,3.5422661,269.63577,276.5327,274.63498,272.51233,276.4226,269.63577,276.5327,274.63498,272.51233,276.4226,269.63577,276.5327,274.63498,272.51233,276.4226,0.0,5.68292,2.5233092,0.0,0.47488797,0.0,5.0476880466994,2.426268705049937,0.0,0.3706245855176778,1.0340205,2.2969751,1.9646257,1.135228,2.7637968,0.7959149426914347,1.4311695488371752,1.7212385974793387,1.3452756935251156,3.541091684231004,1.0340205,-3.3859448,-0.5586834,1.135228,2.2889087,0.7959149426914347,-3.6165184978622245,-0.7050301075705983,1.3452756935251156,3.1704670987133263
2012-03-27 08:00:00,0.0,-5.0977073,-1.5963887,0.0,-0.21581163,0.0,-6.4423103,-2.016832,0.0,-0.47211528,0.0,-5.8142457,-1.6945916,0.0,-0.3094823,0.52972895,1.7002487,1.1271033,0.54702544,0.9120239,1.3305942,2.5007954,1.9681723,1.3381482,2.7590828,0.98873913,2.6547508,2.0085847,1.3044423,3.5405467,271.24524,277.71454,274.67017,273.1252,276.4176,271.24524,277.71454,274.67017,273.1252,276.4176,271.24524,277.71454,274.67017,273.1252,276.4176,0.0,7.8728375,2.888202,0.0,0.5489538,0.0,7.779124431485085,3.006901081829314,0.0,0.4271299316074329,1.3335849,2.5037942,1.9711336,1.3408511,2.7619364,1.0328960769681528,1.5658952819213012,1.7321369898837347,1.5530956922703254,3.539373824441034,1.3335849,-5.3690434,-0.9170683,1.3408511,2.2129827,1.0328960769681528,-6.213229149563784,-1.2747640919455794,1.5530956922703254,3.112243892833601
2012-03-27 09:00:00,0.0,-5.1381574,-2.1852934,-0.0013096071,-0.3236574,0.0,-6.403336,-2.72324,-0.0016368519,-0.78742445,0.0,-5.9496503,-2.3562675,-0.0015115959,-0.4991442,0.8522295,1.6341225,1.2012012,0.55044913,1.011687,1.6750258,2.4363987,2.0462267,1.3514482,3.1346157,1.7030063,2.5421486,2.0860608,1.3181336,3.8876126,273.09576,277.34656,275.0922,273.16486,277.42783,273.09576,277.34656,275.0922,273.16486,277.42783,273.09576,277.34656,275.0922,273.16486,277.42783,0.0,7.8287625,3.7504108,0.002555223,0.87410897,0.0,7.999165810897846,4.0687633746776095,0.0025552228916384673,0.6492051706198445,1.6780167,2.4393976,2.0491881,1.3541511,3.137469,1.3053711337623966,1.5239461291678953,1.8628515333012428,1.5665378163737973,3.886119633144549,1.6780167,-5.3893647,-1.7012227,1.3515959,2.26336,1.3053711337623966,-6.475219681729951,-2.2059118413763668,1.5639825934821587,3.2369144625247044
2012-03-27 10:00:00,-0.5081961,-5.26788,-2.5934758,-0.13425472,-0.33462018,-0.62909496,-6.517926,-3.213449,-0.16632475,-0.8141475,-0.66179603,-6.148618,-2.8209877,-0.15647858,-0.5173867,0.9707938,1.6213832,1.2522534,0.6792314,1.0099198,1.8016529,2.4239924,2.1000056,1.8517196,3.1279564,1.9655999,2.5204554,2.139441,1.8331261,3.8814583,273.7761,277.27567,275.38297,274.65598,277.4099,273.7761,277.27567,275.38297,274.65598,277.4099,273.7761,277.27567,275.38297,274.65598,277.4099,0.9330941,7.9283624,4.3210764,0.23628786,0.8984378,0.762298219029524,8.261431396474656,4.7876560098755965,0.23628786392555537,0.6671838617702777,1.8046438,2.4269915,2.1029665,1.8544225,3.1308098,1.4055440689039593,1.5158645333936243,1.9529121428667948,2.0721541564967714,3.879970952067035,0.8715497,-5.5013714,-2.2181096,1.6181345,2.232372,0.6432458498744353,-6.745566863081032,-2.8347438670088017,1.835866292571216,3.2127870902967572
2012-03-27 11:00:00,-0.7936105,-5.6560044,-2.4418101,-0.2404206,-0.34600377,-0.9794303,-6.977791,-3.0141737,-0.4547884,-0.8460789,-1.0366657,-6.623175,-2.6638172,-0.3384941,-0.53725165,1.0307593,1.6693847,1.22213,0.74431443,1.0166427,1.8656967,2.4707386,2.0682733,2.1045427,3.1532886,2.0984104,2.6021943,2.1079438,2.093389,3.90487,274.12018,277.5428,275.2114,275.40955,277.47806,274.12018,277.5428,275.2114,275.40955,277.47806,274.12018,277.5428,275.2114,275.40955,277.47806,1.419818,8.353203,4.077269,0.56680715,0.9295319,1.1813406024513438,8.828340170602736,4.552647291870318,0.4251311101262801,0.6886337144268337,1.8686873,2.4737375,2.0712345,2.1072457,3.156142,1.4562079474183414,1.5463157636184177,1.8997718461647028,2.3276786911288214,3.9033610795731506,0.44886917,-5.8794656,-2.0060346,1.5404385,2.22661,0.2748673449669976,-7.282024406984318,-2.6528754457056145,1.9025475810025414,3.2147273651463166
2012-03-27 12:00:00,-0.622353,-6.073581,-2.6391363,-0.6903188,-0.37628,-0.7682871,-7.496787,-3.2623684,-2.1436315,-0.9384457,-0.8127286,-7.1080823,-2.8788385,-1.275622,-0.59148204,0.99375355,1.7394154,1.2540807,0.926248,1.051064,1.8261741,2.5389378,2.10193,2.811287,3.2829888,2.016451,2.7214453,2.1413512,2.8209302,4.0247383,273.90784,277.9325,275.39337,277.51608,277.82697,273.90784,277.9325,275.39337,277.51608,277.82697,273.90784,277.9325,275.39337,277.51608,277.82697,1.1274502,8.81882,4.372198,2.3889775,1.0224779,0.931790241579872,9.381504660855025,4.878039250399335,1.2904783753521385,0.7502435124446081,1.8291649,2.5419366,2.1048913,2.8139899,3.2858422,1.4249423805267165,1.5907419272161114,1.9561353447834464,3.0419739186040786,4.023118951394656,0.70171463,-6.276883,-2.2673068,0.42501247,2.263364,0.4931521389468445,-7.790762733638914,-2.921903905615889,1.7514955432519401,3.272875438950048
2012-03-27 13:00:00,-0.5548413,-5.156234,-2.8088713,-0.4840764,-0.26703465,-0.68755054,-6.390377,-3.4893124,-1.383447,-0.6081672,-0.72178113,-6.0072074,-3.0509064,-0.8466351,-0.39611673,0.98168063,1.6111444,1.2909446,0.84318966,0.9389486,1.8132801,2.4140217,2.1407628,2.488636,2.8605359,1.9897119,2.5030208,2.1798959,2.4887848,3.6343088,273.83856,277.2187,275.60333,276.55438,276.69052,273.83856,277.2187,275.60333,276.55438,276.69052,273.83856,277.2187,275.60333,276.55438,276.69052,1.0174206,7.8093877,4.646217,1.5888491,0.6867241,0.8302185036787678,8.088134324236577,5.127164934107052,0.9026006396393481,0.5248173254870839,1.8162711,2.4170206,2.1437237,2.491339,2.863389,1.4147422027681669,1.5093693378229982,2.0211665154185217,2.7158756454149238,3.6330495567684826,0.7988504,-5.392367,-2.5024931,0.90248984,2.1766648,0.584523699089399,-6.578764986413579,-3.10599841868853,1.8132750057755755,3.1082322312813986
2012-03-27 14:00:00,-0.69277626,-5.801279,-2.7663863,-0.54875296,-0.22351754,-0.86570144,-7.253631,-3.4678319,-1.6411846,-0.48327294,-0.89368653,-6.693299,-2.9749455,-0.9757663,-0.319928,1.0196012,1.7657058,1.3068638,0.8821213,0.9047501,1.8537796,2.5645404,2.1575315,2.6398714,2.731675,2.0736976,2.7662134,2.1965406,2.6444707,3.515216,274.05615,278.0788,275.694,277.00516,276.34387,274.05615,278.0788,275.694,277.00516,276.34387,274.05615,278.0788,275.694,277.00516,276.34387,1.2780138,8.605244,4.643501,1.8742521,0.55775225,1.0245510942554321,8.840215080875263,4.99750332398387,1.0377116147622722,0.43557012872039264,1.8567704,2.5675395,2.160493,2.6425743,2.7345283,1.4467806465648447,1.6074200030412755,2.0492490165750343,2.8687267733074444,3.5140668168034277,0.57875645,-6.0377045,-2.483008,0.7683221,2.176776,0.4222295523094126,-7.232795077833988,-2.9482543074088357,1.8310151585451722,3.078496688083035
2012-03-27 15:00:00,-0.6246408,-5.3093514,-2.6825933,-0.49009144,-0.20386036,-0.7930835,-6.7519126,-3.4216855,-1.4556054,-0.44069746,-0.79334915,-6.0156045,-2.8317242,-0.8505257,-0.2895238,1.0181812,1.7788949,1.3415201,0.87875557,0.90513533,1.8522629,2.5773845,2.1940389,2.6267967,2.733127,2.0705526,2.7886724,2.2327774,2.631011,3.5165582,274.048,278.1522,275.8914,276.9662,276.34778,274.048,278.1522,275.8914,276.9662,276.34778,274.048,278.1522,275.8914,276.9662,276.34778,1.1941613,8.149183,4.628493,1.6905758,0.5163964,0.914463501876974,7.974772068679946,4.746942304312639,0.9444971321233304,0.40393241992613466,1.8552537,2.5803835,2.197,2.6294994,2.7359803,1.4455808899738614,1.6157868725363773,2.1103858787360323,2.8555123064251244,3.51540758541999,0.66109246,-5.5688,-2.4314926,0.93892366,2.219584,0.5311173880968874,-6.358985196143569,-2.6365564255766065,1.911015174301794,3.1114751654938555
2012-03-27 16:00:00,-0.45744932,-4.6480446,-2.342156,-0.34379223,-0.25882375,-0.59952056,-6.11464,-3.0913138,-0.9833488,-0.6380072,-0.56405777,-5.0878787,-2.3862653,-0.5609137,-0.39628583,1.0034384,1.8917283,1.393687,0.85072505,1.050501,1.8365177,2.6872668,2.2489915,2.5179083,3.2808673,2.037901,2.9808095,2.2873225,2.5189185,4.0227776,273.9634,278.7801,276.1885,276.64163,277.82126,273.9634,278.7801,276.1885,276.64163,277.82126,273.9634,278.7801,276.1885,276.64163,277.82126,0.9445467,7.494582,4.3005195,1.1919838,0.73464286,0.6580856439615642,6.708112457344424,3.9986724244249228,0.6900549765600767,0.542600873364302,1.8395084,2.690266,2.2519526,2.5206113,3.2837207,1.4331249900854472,1.687366223830234,2.2024125469486915,2.7454607361091705,4.021160172243897,0.8949618,-4.8043165,-2.048567,1.3286275,2.5490777,0.775039346123883,-5.02074623351419,-1.7962598774762313,2.0554057595490938,3.4785592988795955
2012-03-27 17:00:00,0.0,-1.8985865,-0.7700381,-0.12411361,-0.069289856,0.0,-2.700283,-1.0943606,-0.34259894,-0.14447059,0.0,-1.9354423,-0.7279202,-0.18170041,-0.0915966,0.5598793,1.8365207,1.2514446,0.8319879,0.8858519,1.3627948,2.6335034,2.099153,2.4451218,2.6604662,1.0555155,2.8868,2.1385949,2.4439902,3.4494057,271.41824,278.47287,275.37836,276.42468,276.1523,271.41824,278.47287,275.37836,276.42468,276.1523,271.41824,278.47287,275.37836,276.42468,276.1523,0.0,3.7637794,1.7771161,0.45609385,0.1912882,0.0,2.625670465289321,1.301787423049295,0.2801696193520287,0.15436544529202176,1.3657856,2.6365023,2.1021144,2.4478247,2.6633196,1.0583695605422576,1.652343656176516,1.9514848599066357,2.6718964095105706,3.448316780817808,1.3657856,-1.1272771,0.32499826,1.9917308,2.4720316,1.0583695605422576,-0.9733268091128049,0.6496974368573407,2.391726790158542,3.293951335525786
2012-03-27 18:00:00,0.0,0.0,0.0,0.0,0.0,0.0,0.0,0.0,0.0,0.0,0.0,0.0,0.0,0.0,0.0,0.5308831,1.4944011,1.0560491,0.6661189,0.83956546,1.3318268,2.3003316,1.8933239,1.8007821,2.4860578,0.9912952,2.3042254,1.9342911,1.7806898,3.288218,271.25186,276.56903,274.26547,274.50415,275.68314,271.25186,276.56903,274.26547,274.50415,275.68314,271.25186,276.56903,274.26547,274.50415,275.68314,0.0,0.0,0.0,0.0,0.0,0.0,0.0,0.0,0.0,0.0,1.3348175,2.3033304,1.896285,1.803485,2.4889114,1.0338711600402255,1.4353094967370386,1.6067912989256334,2.02067258034991,3.2872779002629384,1.3348175,2.3033304,1.896285,1.803485,2.4889114,1.0338711600402255,1.4353094967370386,1.6067912989256334,2.02067258034991,3.2872779002629384
2012-03-27 19:00:00,0.0,0.0,0.0,0.0,0.0,0.0,0.0,0.0,0.0,0.0,0.0,0.0,0.0,0.0,0.0,0.49589294,1.6218767,0.6947922,0.60031635,0.8294585,1.2944573,2.4244733,1.5127763,1.5451636,2.4479747,0.91379994,2.521296,1.5565641,1.5175494,3.2530217,271.0511,277.2784,272.20792,273.74225,275.5807,271.0511,277.2784,272.20792,273.74225,275.5807,271.0511,277.2784,272.20792,273.74225,275.5807,0.0,0.0,0.0,0.0,0.0,0.0,0.0,0.0,0.0,0.0,1.2974479,2.427472,1.5157375,1.5478666,2.4508283,1.0043086184219445,1.5161776386969752,0.9695047311119631,1.7623230265644745,3.2521141483426383,1.2974479,2.427472,1.5157375,1.5478666,2.4508283,1.0043086184219445,1.5161776386969752,0.9695047311119631,1.7623230265644745,3.2521141483426383
2012-03-27 20:00:00,0.0,0.0,0.0,0.0,0.0,0.0,0.0,0.0,0.0,0.0,0.0,0.0,0.0,0.0,0.0,0.3751427,1.542057,0.84779406,0.5757596,0.83855677,1.1654953,2.3467412,1.6739482,1.4497701,2.4822576,0.64636505,2.3853757,1.7165415,1.4193487,3.2847059,270.35822,276.83423,273.07935,273.45792,275.6729,270.35822,276.83423,273.07935,273.45792,275.6729,270.35822,276.83423,273.07935,273.45792,275.6729,0.0,0.0,0.0,0.0,0.0,0.0,0.0,0.0,0.0,0.0,1.1684862,2.34974,1.6769094,1.4524729,2.485111,0.9022888669549352,1.4655415532494864,1.2394124458626286,1.6659101934066234,3.28376885739928,1.1684862,2.34974,1.6769094,1.4524729,2.485111,0.9022888669549352,1.4655415532494864,1.2394124458626286,1.6659101934066234,3.28376885739928
2012-03-27 21:00:00,0.0,0.0,0.0,0.0,0.0,0.0,0.0,0.0,0.0,0.0,0.0,0.0,0.0,0.0,0.0,0.2748686,1.724318,1.1799561,0.4877014,0.94631577,1.0584023,2.5242352,2.0238473,1.1076963,2.8882952,0.42427993,2.6957366,2.063847,1.0672089,3.6599646,269.78284,277.84848,274.9712,272.43832,276.7652,269.78284,277.84848,274.9712,272.43832,276.7652,269.78284,277.84848,274.9712,272.43832,276.7652,0.0,0.0,0.0,0.0,0.0,0.0,0.0,0.0,0.0,0.0,1.0613931,2.527234,2.0268085,1.1103992,2.8911488,0.8175689764440564,1.5811643838813856,1.825373540340767,1.3201816589208668,3.6586812818054133,1.0613931,2.527234,2.0268085,1.1103992,2.8911488,0.8175689764440564,1.5811643838813856,1.825373540340767,1.3201816589208668,3.6586812818054133
2012-03-27 22:00:00,0.0,0.0,0.0,0.0,0.0,0.0,0.0,0.0,0.0,0.0,0.0,0.0,0.0,0.0,0.0,0.0077491393,1.7348747,0.7958735,0.45396197,0.94513255,0.77311784,2.5345159,1.6192552,0.9766312,2.8838367,0.0,2.7137132,1.6622539,0.9322871,3.6558437,268.2501,277.90723,272.78363,272.04767,276.7532,268.2501,277.90723,272.78363,272.04767,276.7532,268.2501,277.90723,272.78363,272.04767,276.7532,0.0,0.0,0.0,0.0,0.0,0.0,0.0,0.0,0.0,0.0,0.7995176,2.5375147,1.6222166,0.9793341,2.8866904,0.6152934557891037,1.587861358425282,1.1478205790815412,1.1877162003769526,3.654564703162375,0.7995176,2.5375147,1.6222166,0.9793341,2.8866904,0.6152934557891037,1.587861358425282,1.1478205790815412,1.1877162003769526,3.654564703162375
2012-03-27 23:00:00,0.0,0.0,0.0,0.0,0.0,0.0,0.0,0.0,0.0,0.0,0.0,0.0,0.0,0.0,0.0,0.049344774,1.7291822,0.7232225,0.4160186,0.82323235,0.8175421,2.5289721,1.5427248,0.82923543,2.4245148,0.0,2.70402,1.5862907,0.78055394,3.2313402,268.48877,277.87555,272.36984,271.60834,275.51758,268.48877,277.87555,272.36984,271.60834,275.51758,268.48877,277.87555,272.36984,271.60834,275.51758,0.0,0.0,0.0,0.0,0.0,0.0,0.0,0.0,0.0,0.0,0.8389207,2.5319712,1.545686,0.8319383,2.4273682,0.6454157010183684,1.5842502105933005,1.019658131023258,1.0387455932995218,3.2304523553813094,0.8389207,2.5319712,1.545686,0.8319383,2.4273682,0.6454157010183684,1.5842502105933005,1.019658131023258,1.0387455932995218,3.2304523553813094
2012-04-27 00:00:00,0.0,0.0,0.0,0.0,0.0,0.0,0.0,0.0,0.0,0.0,0.0,0.0,0.0,0.0,0.0,0.96702296,1.7958734,1.1277999,0.78423727,1.0383227,1.7976259,2.593919,1.9689059,2.2596278,3.2349794,1.9572484,2.817584,2.009313,2.2530377,3.9803686,273.75446,278.24667,274.67413,275.8718,277.6978,273.75446,278.24667,274.67413,275.8718,277.6978,273.75446,278.24667,274.67413,275.8718,277.6978,0.0,0.0,0.0,0.0,0.0,0.0,0.0,0.0,0.0,0.0,1.8006166,2.5969179,1.9718673,2.2623308,3.2378328,1.4023581984058042,1.6265576949716523,1.733365776538176,2.4844206878919395,3.9787897890095762,1.8006166,2.5969179,1.9718673,2.2623308,3.2378328,1.4023581984058042,1.6265576949716523,1.733365776538176,2.4844206878919395,3.9787897890095762
2012-04-27 01:00:00,0.0,0.0,0.0,0.0,0.0,0.0,0.0,0.0,0.0,0.0,0.0,0.0,0.0,0.0,0.0,0.8510381,1.5924715,0.92860025,0.6814402,1.1103175,1.6737535,2.395837,1.7590694,1.8602995,3.506257,1.7003677,2.4712234,1.8010317,1.8419586,4.2310824,273.08893,277.11478,273.53958,274.68155,278.42758,273.08893,277.11478,273.53958,274.68155,278.42758,273.08893,277.11478,273.53958,274.68155,278.42758,0.0,0.0,0.0,0.0,0.0,0.0,0.0,0.0,0.0,0.0,1.6767443,2.398836,1.7620306,1.8630024,3.5091107,1.3043645963976762,1.497523520512885,1.3819611499829152,2.0808258270115596,4.229272600945871,1.6767443,2.398836,1.7620306,1.8630024,3.5091107,1.3043645963976762,1.497523520512885,1.3819611499829152,2.0808258270115596,4.229272600945871
2012-04-27 02:00:00,0.0,0.0,0.0,0.0,0.0,0.0,0.0,0.0,0.0,0.0,0.0,0.0,0.0,0.0,0.0,0.2768417,1.7490563,1.1425884,0.7053301,0.998726,1.0605097,2.5483265,1.9844842,1.953103,3.085778,0.42864996,2.737862,2.0247757,1.9374927,3.8424773,269.79416,277.98615,274.75836,274.95816,277.29645,269.79416,277.98615,274.75836,274.95816,277.29645,269.79416,277.98615,274.75836,274.95816,277.29645,0.0,0.0,0.0,0.0,0.0,0.0,0.0,0.0,0.0,0.0,1.0635004,2.5513253,1.9874455,1.9558057,3.0886316,0.8192360539543742,1.5968579174749014,1.7594538624324798,2.1746206021261627,3.8410258136578372,1.0635004,2.5513253,1.9874455,1.9558057,3.0886316,0.8192360539543742,1.5968579174749014,1.7594538624324798,2.1746206021261627,3.8410258136578372
2012-04-27 03:00:00,0.0,0.0,0.0,0.0,0.0,0.0,0.0,0.0,0.0,0.0,0.0,0.0,0.0,0.0,0.0,0.25358412,1.6908984,0.8813093,0.63983583,0.9932315,1.0356705,2.4916897,1.7092531,1.6986822,3.0650744,0.37713957,2.6388288,1.7515846,1.6755855,3.8233433,269.6607,277.6625,273.27023,274.19983,277.24075,269.6607,277.6625,273.27023,274.19983,277.24075,269.6607,277.6625,273.27023,274.19983,277.24075,0.0,0.0,0.0,0.0,0.0,0.0,0.0,0.0,0.0,0.0,1.0386612,2.4946885,1.7122144,1.7013851,3.067928,0.799586107990437,1.5599636758967068,1.298535988351349,1.9174817708350351,3.821909386117013,1.0386612,2.4946885,1.7122144,1.7013851,3.067928,0.799586107990437,1.5599636758967068,1.298535988351349,1.9174817708350351,3.821909386117013
2012-04-27 04:00:00,0.0,0.0,0.0,0.0,0.0,0.0,0.0,0.0,0.0,0.0,0.0,0.0,0.0,0.0,0.0,0.68693185,2.1705847,1.066417,0.6717857,1.043191,1.4984875,2.9588296,1.9042455,1.8227953,3.2533228,1.3369088,3.4556565,1.9451318,1.8033507,3.9973218,272.14728,280.33188,274.32452,274.56976,277.74716,272.14728,280.33188,274.32452,274.56976,277.74716,272.14728,280.33188,274.32452,274.56976,277.74716,0.0,0.0,0.0,0.0,0.0,0.0,0.0,0.0,0.0,0.0,1.5014782,2.9618287,1.9072067,1.8254982,3.2561765,1.1657140744074523,1.8642672412757413,1.6250813156667485,2.0429208996897597,3.995727467548488,1.5014782,2.9618287,1.9072067,1.8254982,3.2561765,1.1657140744074523,1.8642672412757413,1.6250813156667485,2.0429208996897597,3.995727467548488
2012-04-27 05:00:00,0.0,-2.7279794,-0.8367951,-0.02848025,-0.5521231,0.0,-3.893241,-1.1849346,-0.04073302,-1.926422,0.0,-2.772885,-0.79284394,-0.028896902,-1.1039083,0.6886178,2.1289227,1.2276865,0.6039378,1.216764,1.5002881,2.9182575,2.0741265,1.5592316,3.9073486,1.3406428,3.3847132,2.1137538,1.5320313,4.60177,272.15695,280.10004,275.24304,273.78418,279.50656,272.15695,280.10004,275.24304,273.78418,279.50656,272.15695,280.10004,275.24304,273.78418,279.50656,0.0,5.151561,1.9243915,0.07375343,2.2686474,0.0,3.662686873912072,1.4225126174970242,0.07375343246394134,1.4471378279253808,1.5032789,2.9212563,2.0770876,1.5619345,3.9102023,1.167138504517347,1.8378376747251008,1.909573782785135,1.7765412548309645,4.59961803225184,1.5032789,-2.2303045,0.15269618,1.4881811,1.6415548,1.167138504517347,-1.824849199186971,0.4870611652881107,1.7027878223670232,3.152480204326459
2012-04-27 06:00:00,-2.202339,-6.8024826,-3.4890194,-0.08622124,-1.1853786,-2.9727554,-9.116825,-4.686962,-0.11629436,-4.296171,-2.7130036,-7.313706,-3.5033734,-0.09214602,-2.4168193,1.3950044,2.4190269,1.7227306,0.62918514,1.2394974,2.2547116,3.200774,2.5956054,1.6573076,3.99301,2.9051325,3.8787131,2.6313674,1.6329935,4.6809373,276.21024,281.71442,278.0626,274.0765,279.737,276.21024,281.71442,278.0626,274.0765,279.737,276.21024,281.71442,278.0626,274.0765,279.737,4.211821,10.275686,6.071267,0.18937702,4.788966,3.0684286822737437,9.14535160761397,5.41541537056636,0.18937702428557282,3.0437305803809562,2.2577024,3.2037728,2.5985668,1.6600107,3.9958637,1.7639522532112002,2.021874014139196,2.7828724580969446,1.8756652785316246,4.678712905874177,-1.9541188,-7.071913,-3.4727006,1.4706336,-0.7931027,-1.3044764290625435,-7.123477593474774,-2.6325429124694155,1.6862882542460518,1.6349823254932212
2012-04-27 07:00:00,-2.42556,-9.358779,-4.8880324,-0.08389713,-1.661423,-3.1438031,-12.10734,-6.3032193,-0.10860938,-6.1816635,-3.0799687,-10.417304,-5.1247363,-0.09332285,-3.436687,1.3174932,2.5229104,1.7537007,0.6050501,1.2943103,2.1719294,3.3019404,2.6282294,1.5635524,4.199546,2.7334626,4.05561,2.6637495,1.5364792,4.8718166,275.76547,282.2925,278.23898,273.79706,280.2926,275.76547,282.2925,278.23898,273.79706,280.2926,275.76547,282.2925,278.23898,273.79706,280.2926,4.3617926,12.726391,7.667951,0.16996878,6.6457324,3.4640821893245266,12.719462811984314,7.735316489432338,0.1699687879941939,4.199308310789624,2.17492,3.3049395,2.6311905,1.5662552,4.2023993,1.6984644159190847,2.0877757225989546,2.837506203194435,1.7809081342548791,4.869416292070481,-2.1868727,-9.421452,-5.036761,1.3962865,-2.4433334,-1.765617773405442,-10.631687089385359,-4.897810286237903,1.6109393462606851,0.6701079812808572
2012-04-27 08:00:00,-2.5944707,-12.203624,-6.1949596,-0.14607748,-2.247242,-3.293371,-15.3803835,-7.8287444,-0.1840268,-8.532366,-3.3529952,-13.959763,-6.6484785,-0.16717307,-4.706044,1.2959269,2.7813993,1.8752878,0.6315624,1.466983,2.1488962,3.5536687,2.7563088,1.666543,4.8501797,2.6856973,4.4957747,2.7908795,1.6425006,5.473131,275.64172,283.73096,278.9315,274.10403,282.04288,275.64172,283.73096,278.9315,274.10403,282.04288,275.64172,283.73096,278.9315,274.10403,282.04288,4.49714,14.829883,9.000016,0.2735884,8.858401,3.7520007130144064,16.359352781483697,9.657369958440917,0.27358839556102477,5.509063857377728,2.1518872,3.5566676,2.7592702,1.669246,4.853033,1.6802433935354197,2.25175592785951,3.051995639829774,1.884999224598855,5.470174905083581,-2.3452528,-11.273215,-6.240746,1.3956575,-4.005368,-2.0717573194789867,-14.107596853624187,-6.605374318611143,1.6114108290378302,-0.03888895229414757
2012-04-27 09:00:00,-3.2783604,-13.520857,-7.4287343,-0.16316144,-2.5289786,-4.1561284,-16.813406,-9.275047,-0.20272966,-9.685936,-4.2928786,-15.693903,-8.088685,-0.18955383,-5.321027,1.38324,2.8584385,2.0209327,0.6342324,1.5325109,2.2421472,3.628693,2.9097311,1.6769149,5.0970893,2.879077,4.6269603,2.9431648,1.6531775,5.701323,276.14273,284.15967,279.76102,274.13495,282.7071,276.14273,284.15967,279.76102,274.13495,282.7071,276.14273,284.15967,279.76102,274.13495,282.7071,5.4522085,15.709038,10.137671,0.29595336,9.894332,4.752877531920181,18.134626028038838,11.292361605174246,0.2959533512984962,6.122690030480062,2.245138,3.631692,2.9126925,1.6796178,5.099943,1.7540126967345873,2.300628186764788,3.3089254770685264,1.8954818048273512,5.698157943673196,-3.2070704,-12.077346,-7.224979,1.3836644,-4.794389,-2.9988648351855933,-15.83399784127405,-7.98343612810572,1.599528453528855,-0.4245320868068667
2012-04-27 10:00:00,-4.440647,-14.950636,-7.9977913,-0.24944116,-2.7594757,-5.66084,-18.435709,-9.920009,-0.30725423,-10.612754,-5.865731,-17.516596,-8.776605,-0.29260835,-5.8195553,1.5629771,3.0478067,2.076095,0.6746982,1.6187794,2.434107,3.8131084,2.9678392,1.8341088,5.4221516,3.277155,4.949424,3.000842,1.8149974,6.0017443,277.17407,285.21347,280.0752,274.6035,283.58154,277.17407,285.21347,280.0752,274.6035,283.58154,277.17407,285.21347,280.0752,274.6035,283.58154,7.0059953,16.437103,10.618178,0.43272787,10.704769,6.359567039603059,19.721269545545873,12.062465839579266,0.43272787332599066,6.58235803444094,2.4370978,3.8161073,2.9708002,1.8368119,5.425005,1.9058695281663869,2.4207597337649416,3.406235927895286,2.054355501024892,5.998301568196366,-4.5688972,-12.6209955,-7.6473784,1.4040841,-5.2797647,-4.453697511436672,-17.30050981178093,-8.65622991168398,1.6216276276989012,-0.584056466244574
2012-04-27 11:00:00,-5.167705,-16.127048,-8.881651,-0.2474511,-2.9354246,-6.6050916,-19.826014,-10.984642,-0.3040622,-11.31166,-6.8463717,-18.9597,-9.781865,-0.291072,-6.1971216,1.6845889,3.3048096,2.2219274,0.6719913,1.6990628,2.563989,4.0633893,3.1214585,1.8235939,5.72466,3.5464983,5.3870573,3.153323,1.8041729,6.281322,277.8719,286.64365,280.9058,274.57214,284.39532,277.8719,286.64365,280.9058,274.57214,284.39532,277.8719,286.64365,280.9058,274.57214,284.39532,7.89746,16.787447,11.326517,0.4277625,11.297111,7.311824686719877,20.682769219508785,12.996352535483767,0.4277625178813448,6.908463571554677,2.5669796,4.066388,3.1244202,1.8262968,5.727514,2.008617221834667,2.583797144167629,3.6634965923102345,2.0437280480192985,6.277621380143559,-5.33048,-12.721059,-8.202097,1.3985343,-5.569597,-5.30320746488521,-18.098972075341155,-9.332855943173533,1.6159655301379536,-0.6308421914111175
2012-04-27 12:00:00,-6.8766828,-16.537304,-9.4303465,-0.7678904,-3.024897,-8.847894,-20.316246,-11.679214,-2.343887,-11.667034,-9.120273,-19.457293,-10.370942,-1.412995,-6.388816,2.0201728,3.4172258,2.3484976,0.7629989,1.7411432,2.9223936,4.1728654,3.2547874,2.1771247,5.8832207,4.2897415,5.578485,3.2856636,2.1681068,6.4278626,279.7975,287.26923,281.62668,275.6259,284.82187,279.7975,287.26923,281.62668,275.6259,284.82187,279.7975,287.26923,281.62668,275.6259,284.82187,9.746257,16.842773,11.722315,2.6257677,11.591527,9.344292472141078,20.945225280281043,13.416243442978415,1.4309647873855638,7.069210719898113,2.9253845,4.1758647,3.2577488,2.1798277,5.886074,2.2921462157593218,2.655112095427545,3.8867765796273495,2.401036056617284,6.424027028219233,-6.8208723,-12.666908,-8.464566,-0.4459401,-5.705453,-7.052146256381755,-18.2901131848535,-9.529466863351065,0.9700712692317204,-0.6451836916788798
2012-04-27 13:00:00,-6.546174,-16.410955,-9.141505,-0.61267406,-2.9982855,-8.440316,-20.241894,-11.347351,-1.6615506,-11.545837,-8.655103,-19.221727,-10.026313,-1.0471504,-6.3274736,1.9727377,3.497446,2.3113227,0.7488057,1.7491546,2.8717325,4.2509875,3.215628,2.1219893,5.9134083,4.1846833,5.7150865,3.2467942,2.111349,6.455762,279.5253,287.71564,281.41495,275.46155,284.90308,279.5253,287.71564,281.41495,275.46155,284.90308,279.5253,287.71564,281.41495,275.46155,284.90308,9.43238,16.619965,11.514103,1.9046401,11.485735,8.931262018340334,20.53106513719769,13.08762879431135,1.1248951372462792,7.000405381683877,2.8747234,4.2539864,3.2185888,2.1246924,5.9162617,2.252068953456016,2.7060021440655295,3.821197181100292,2.3453117777125905,6.451900350786978,-6.557657,-12.365979,-8.295514,0.22005232,-5.5694733,-6.679193064884318,-17.82506299313216,-9.266431613211058,1.2204166404663113,-0.5485050308968988
2012-04-27 14:00:00,-7.201649,-15.914102,-9.141961,-0.54762936,-2.9282951,-9.35553,-19.76251,-11.426665,-1.4103498,-11.224247,-9.466907,-18.499594,-9.947985,-0.90035,-6.1652966,2.1682918,3.537271,2.3876173,0.7445595,1.7782922,3.0805855,4.2897706,3.2959964,2.105495,6.0231996,4.6177926,5.7829022,3.3265672,2.0943692,6.5572305,280.6474,287.93726,281.8495,275.41238,285.19843,280.6474,287.93726,281.8495,275.41238,285.19843,280.6474,287.93726,281.8495,275.41238,285.19843,10.065108,16.240881,11.491672,1.6432526,11.200062,9.555782873951527,19.716758822170892,12.816907438923883,1.0081710361181158,6.811846332556087,3.0835762,4.29277,3.2989576,2.108198,6.0260525,2.417289365792629,2.7312662630981412,3.9557871285818096,2.328641060290964,6.553275027904841,-6.9815316,-11.948112,-8.192715,0.46494535,-5.17401,-7.1384935081588985,-16.98549255907275,-8.861120310342073,1.3204700241728482,-0.25857130465124545
2012-04-27 15:00:00,-7.0276413,-14.638901,-8.667832,-0.9829204,-2.7670078,-9.246448,-18.414024,-10.971182,-3.4067686,-10.535848,-9.118128,-16.780247,-9.29938,-1.9064503,-5.8065133,2.2586153,3.47585,2.4278836,0.7971389,1.7821672,3.1770508,4.229956,3.338413,2.3097458,6.037799,4.817839,5.6783123,3.3686693,2.3046308,6.5707235,281.16568,287.59546,282.07883,276.02118,285.2377,281.16568,287.59546,282.07883,276.02118,285.2377,281.16568,287.59546,282.07883,276.02118,285.2377,9.902217,15.53338,11.100954,3.802462,10.5992,9.148812661887323,18.08875150829757,11.947160077002001,1.9142390414802732,6.442525456150812,3.1800418,4.2329555,3.3413742,2.312449,6.0406528,2.493601973225866,2.6923020475700152,4.026820449413581,2.5350744195982484,6.566756037354179,-6.722175,-11.300425,-7.75958,-1.4900131,-4.558548,-6.655210688661457,-15.396449460727554,-7.920339627588421,0.6208353781179752,0.12423058120336705
2012-04-27 16:00:00,-5.8500156,-12.440259,-7.9307656,-0.8256034,-2.3799214,-7.843535,-16.01969,-10.276918,-2.8141208,-8.948533,-7.4362273,-13.9127655,-8.294759,-1.5413158,-4.963661,2.165574,3.387733,2.5644841,0.79425544,1.730115,3.0776827,4.144144,3.4823077,2.298545,5.841666,4.611774,5.5282636,3.5114975,2.2930999,6.3894587,280.6318,287.1051,282.85684,275.9878,284.71008,280.6318,287.1051,282.85684,275.9878,284.71008,280.6318,287.1051,282.85684,275.9878,284.71008,8.797228,14.133162,10.395184,3.2160702,9.1977625,7.610164724150755,15.265516993975487,10.464857678427624,1.6423693616372579,5.606104505883941,3.0806737,4.147143,3.485269,2.3012478,5.8445196,2.4149932024293603,2.6364023140784143,4.267794964554659,2.523753646873692,6.385658001324964,-5.7165537,-9.986018,-6.9099145,-0.9148222,-3.3532426,-5.195171521721394,-12.629114679897071,-6.197062713872965,0.8813842852364342,0.7795534954410233
2012-04-27 17:00:00,-4.486541,-8.329024,-4.3519993,-1.0338168,-1.7804027,-6.262718,-11.237927,-5.901254,-3.848492,-6.5234423,-5.4855237,-8.898528,-4.340236,-1.95608,-3.6667342,2.268433,3.2036185,2.0889168,0.8781836,1.7903318,3.1875362,3.964845,2.9813454,2.6245747,6.0685654,4.839583,5.214746,3.0142484,2.6287236,6.599158,281.22202,286.08054,280.14822,276.95956,285.32047,281.22202,286.08054,280.14822,276.95956,285.32047,281.22202,286.08054,280.14822,276.95956,285.32047,7.260438,10.918645,7.060445,4.4335594,6.8966002,5.6294649511049215,10.11368783813693,6.17015106229253,2.148860604644198,4.183973862869201,3.1905274,3.9678438,2.9843068,2.6272776,6.0714183,2.5018969195440524,2.519603599085041,3.4288550545420495,2.853266778380126,6.595163572417585,-4.0699105,-6.950801,-4.076138,-1.8062817,-0.8251816,-3.127568031560869,-7.594084239051888,-2.7412960077504804,0.7044061737359284,2.411189709548384
2012-04-27 18:00:00,-1.1117374,-0.98025936,-0.7206104,-0.06746993,-0.30780548,-1.6866223,-1.45888,-1.0722281,-0.19053659,-1.0701038,-1.2643459,-0.9631145,-0.66044927,-0.09689979,-0.61825925,2.2303424,2.5748436,1.9251506,0.7559405,1.6630276,3.1468554,3.3525157,2.8088346,2.1497054,5.5888796,4.755221,4.144045,2.843016,2.139881,6.1558337,281.00345,282.5815,279.21548,275.54416,284.03006,281.00345,282.5815,279.21548,275.54416,284.03006,281.00345,282.5815,279.21548,275.54416,284.03006,2.2632546,1.880662,1.5510131,0.26129764,1.2334281,1.3416434230838403,1.2112037931107271,1.0050387235047749,0.16127052660881486,0.7555404021368977,3.1498463,3.3555148,2.8117957,2.1524084,5.591733,2.4697146846952713,2.1207213584071107,3.1399578598777405,2.3733239639697876,6.152249039740202,0.8865917,1.4748528,1.2607826,1.8911108,4.358305,1.128071261611431,0.9095175652963836,2.1349191363729654,2.212053437360973,5.396708637603304
2012-04-27 19:00:00,0.0,0.0,0.0,0.0,0.0,0.0,0.0,0.0,0.0,0.0,0.0,0.0,0.0,0.0,0.0,1.9291049,2.3972554,2.2253406,0.6352629,1.6824347,2.8251328,3.1795719,3.1250544,1.6809181,5.6620054,4.088047,3.84164,3.1568918,1.6572986,6.223417,279.27493,281.59326,280.92523,274.14688,284.22678,279.27493,281.59326,280.92523,274.14688,284.22678,279.27493,281.59326,280.92523,274.14688,284.22678,0.0,0.0,0.0,0.0,0.0,0.0,0.0,0.0,0.0,0.0,2.8281238,3.1825707,3.1280155,1.683621,5.664859,2.215204522473134,2.0080625913136014,3.669517646916999,1.8995278945305518,6.219769309289875,2.8281238,3.1825707,3.1280155,1.683621,5.664859,2.215204522473134,2.0080625913136014,3.669517646916999,1.8995278945305518,6.219769309289875
2012-04-27 20:00:00,0.0,0.0,0.0,0.0,0.0,0.0,0.0,0.0,0.0,0.0,0.0,0.0,0.0,0.0,0.0,1.9644779,2.5108128,2.4014149,0.5890409,1.6067698,2.8629112,3.2901592,3.3105304,1.5013627,5.3768983,4.16639,4.03501,3.3409934,1.4724596,5.959922,279.4779,282.2252,281.92807,273.6117,283.4598,279.4779,282.2252,281.92807,273.6117,283.4598,279.4779,282.2252,281.92807,273.6117,283.4598,0.0,0.0,0.0,0.0,0.0,0.0,0.0,0.0,0.0,0.0,2.8659022,3.293158,3.3134916,1.5040656,5.379752,2.245090593958647,2.0801011637190396,3.980126556544791,1.718054045105927,5.956517771231791,2.8659022,3.293158,3.3134916,1.5040656,5.379752,2.245090593958647,2.0801011637190396,3.980126556544791,1.718054045105927,5.956517771231791
2012-04-27 21:00:00,0.0,0.0,0.0,0.0,0.0,0.0,0.0,0.0,0.0,0.0,0.0,0.0,0.0,0.0,0.0,1.7151328,3.0096817,2.4993937,0.5335834,1.3573725,2.59661,3.7759805,3.413741,1.2859309,4.437165,3.6141462,4.8845034,3.4434392,1.2506883,5.0914235,278.04715,285.0013,282.4861,272.96957,280.93182,278.04715,285.0013,282.4861,272.96957,280.93182,278.04715,285.0013,282.4861,272.96957,280.93182,0.0,0.0,0.0,0.0,0.0,0.0,0.0,0.0,0.0,0.0,2.5996008,3.7789795,3.4167025,1.2886338,4.4400187,2.03442322221676,2.396574088554983,4.1529695777995865,1.5003206091851007,5.08882050646506,2.5996008,3.7789795,3.4167025,1.2886338,4.4400187,2.03442322221676,2.396574088554983,4.1529695777995865,1.5003206091851007,5.08882050646506
2012-04-27 22:00:00,0.0,0.0,0.0,0.0,0.0,0.0,0.0,0.0,0.0,0.0,0.0,0.0,0.0,0.0,0.0,1.7402147,3.124983,2.4876323,0.5067442,1.3218734,2.6233976,3.888266,3.4013522,1.1816705,4.3034034,3.6696968,5.080843,3.4311419,1.1433601,4.9678016,278.19107,285.64294,282.41913,272.6588,280.572,278.19107,285.64294,282.41913,272.6588,280.572,278.19107,285.64294,282.41913,272.6588,280.572,0.0,0.0,0.0,0.0,0.0,0.0,0.0,0.0,0.0,0.0,2.6263883,3.8912652,3.4043133,1.1843736,4.306257,2.055614428520425,2.469718966365595,4.132221987749588,1.3949463599582683,4.965312672419109,2.6263883,3.8912652,3.4043133,1.1843736,4.306257,2.055614428520425,2.469718966365595,4.132221987749588,1.3949463599582683,4.965312672419109
2012-04-27 23:00:00,0.0,0.0,0.0,0.0,0.0,0.0,0.0,0.0,0.0,0.0,0.0,0.0,0.0,0.0,0.0,1.6047642,3.1447968,2.5096388,0.5156687,1.3484669,2.4787362,3.9075618,3.424533,1.2163388,4.4036083,3.369704,5.114583,3.454151,1.1790484,5.0604105,277.41385,285.7532,282.54446,272.76215,280.84155,277.41385,285.7532,282.54446,272.76215,280.84155,277.41385,285.7532,282.54446,272.76215,280.84155,0.0,0.0,0.0,0.0,0.0,0.0,0.0,0.0,0.0,0.0,2.4817266,3.9105608,3.4274943,1.2190417,4.4064617,1.9411747249280276,2.4822884048212304,4.171042193824916,1.4299848759046547,5.0578361817167,2.4817266,3.9105608,3.4274943,1.2190417,4.4064617,1.9411747249280276,2.4822884048212304,4.171042193824916,1.4299848759046547,5.0578361817167
2012-05-26 00:00:00,0.0,0.0,0.0,0.0,0.0,0.0,0.0,0.0,0.0,0.0,0.0,0.0,0.0,0.0,0.0,1.5972972,2.4819832,1.8137602,1.0735618,1.3591428,2.470761,3.2620838,2.6914961,3.3835464,4.4438353,3.3531659,3.985918,2.7265472,3.4100294,5.0975885,277.371,282.06476,278.58105,279.22177,280.94977,277.371,282.06476,278.58105,279.22177,280.94977,277.371,282.06476,278.58105,279.22177,280.94977,0.0,0.0,0.0,0.0,0.0,0.0,0.0,0.0,0.0,0.0,2.4737518,3.2650826,2.694457,3.3862493,4.446689,1.9348658925170128,2.0618123350555253,2.943455969422423,3.620347436996115,5.0949796622973915,2.4737518,3.2650826,2.694457,3.3862493,4.446689,1.9348658925170128,2.0618123350555253,2.943455969422423,3.620347436996115,5.0949796622973915
2012-05-26 01:00:00,0.0,0.0,0.0,0.0,0.0,0.0,0.0,0.0,0.0,0.0,0.0,0.0,0.0,0.0,0.0,1.5484525,2.3061328,2.1515536,1.1807868,1.3367913,2.4185948,3.0908327,3.047327,3.8000755,4.359615,3.2449858,3.6864734,3.079741,3.8388155,5.019752,277.09073,281.08618,280.50497,280.4633,280.7232,277.09073,281.08618,280.50497,280.4633,280.7232,277.09073,281.08618,280.50497,280.4633,280.7232,0.0,0.0,0.0,0.0,0.0,0.0,0.0,0.0,0.0,0.0,2.4215853,3.0938318,3.0502882,3.8027785,4.3624682,1.8935978605634798,1.9502563944193745,3.5393513313914724,4.041327031128098,5.0172150825368,2.4215853,3.0938318,3.0502882,3.8027785,4.3624682,1.8935978605634798,1.9502563944193745,3.5393513313914724,4.041327031128098,5.0172150825368
2012-05-26 02:00:00,0.0,0.0,0.0,0.0,0.0,0.0,0.0,0.0,0.0,0.0,0.0,0.0,0.0,0.0,0.0,1.3938237,2.4040992,1.9358616,1.1572158,1.2999374,2.2534506,3.186237,2.820117,3.7085114,4.2207484,2.9025176,3.8532944,2.8542151,3.744557,4.8914123,276.20346,281.63135,279.2765,280.19037,280.34964,276.20346,281.63135,279.2765,280.19037,280.34964,276.20346,281.63135,279.2765,280.19037,280.34964,0.0,0.0,0.0,0.0,0.0,0.0,0.0,0.0,0.0,0.0,2.2564414,3.189236,2.8230786,3.7112143,4.223602,1.762954702787236,2.0124043181867357,3.1588528177410424,3.9487843707298307,4.888993608823248,2.2564414,3.189236,2.8230786,3.7112143,4.223602,1.762954702787236,2.0124043181867357,3.1588528177410424,3.9487843707298307,4.888993608823248
2012-05-26 03:00:00,0.0,0.0,0.0,0.0,0.0,0.0,0.0,0.0,0.0,0.0,0.0,0.0,0.0,0.0,0.0,0.8877301,2.4108446,1.9867158,1.0695424,1.277044,1.7129407,3.1928058,2.873687,3.3679323,4.1344857,1.7816325,3.8647804,2.907388,3.3939557,4.811689,273.29947,281.66888,279.56613,279.17523,280.11758,273.29947,281.66888,279.56613,279.17523,280.11758,273.29947,281.66888,279.56613,279.17523,280.11758,0.0,0.0,0.0,0.0,0.0,0.0,0.0,0.0,0.0,0.0,1.7159315,3.1958048,2.8766482,3.3706353,4.137339,1.3353650485369866,2.0166834239991993,3.24856369572033,3.6045666523480824,4.809343573195615,1.7159315,3.1958048,2.8766482,3.3706353,4.137339,1.3353650485369866,2.0166834239991993,3.24856369572033,3.6045666523480824,4.809343573195615
2012-05-26 04:00:00,-0.2774359,-2.282707,-0.8906096,-1.0368714,-0.6351361,-0.4066567,-3.350322,-1.3361331,-4.0103617,-2.3399644,-0.31217667,-2.2675643,-0.8213308,-1.8849503,-1.3481579,1.0215212,2.370082,1.9465885,1.0760078,1.2533288,1.8558301,3.1531093,2.8314173,3.3930476,4.0451264,2.07795,3.7953682,2.8654315,3.4198103,4.729103,274.06717,281.44205,279.3376,279.2501,279.8772,274.06717,281.44205,279.3376,279.2501,279.8772,274.06717,281.44205,279.3376,279.2501,279.8772,0.7544027,4.404443,1.9347229,4.572861,2.7405376,0.3731909816407647,2.9207787371952447,1.2585120061573374,2.20486913842352,1.6845249457022522,1.8588209,3.1561081,2.8343782,3.3957508,4.04798,1.4484027893713807,1.9908244048902208,3.1777761322194467,3.6299504325065244,4.726833929502971,1.1044182,-1.2483346,0.89965546,-1.1771103,1.307442,1.075211807730616,-0.9299543323050239,1.9192641260621093,1.4250812940830042,3.0423089838007185
2012-05-26 05:00:00,-3.2295642,-8.857871,-4.085238,-3.2155418,-3.6250505,-4.4800463,-11.980737,-5.7061105,-13.061392,-14.27856,-3.930015,-9.4419565,-4.015219,-6.505981,-7.9193993,1.3655082,2.4311082,1.981706,1.1033871,1.3287919,2.2232094,3.212539,2.8684096,3.499407,4.329473,2.839805,3.8992858,2.9021497,3.5292993,4.991895,276.041,281.78165,279.5376,279.5671,280.64212,276.041,281.78165,279.5376,279.5671,280.64212,276.041,281.78165,279.5376,279.5671,280.64212,6.4599733,13.650491,7.266572,13.892522,15.428366,4.4810065186609656,11.823915430981021,5.962562149118139,6.55508777149207,9.445330479402603,2.2262003,3.2155383,2.8713708,3.50211,4.3323264,1.739031466493616,2.029538136175666,3.2397258840133834,3.737446033112272,4.989383658988323,-4.2337728,-10.434953,-4.395201,-10.390412,-11.09604,-2.7419750521673496,-9.794377294805354,-2.722836265104756,-2.817641738379798,-4.4559468204142805
2012-05-26 06:00:00,-4.876903,-13.770649,-6.2219005,-5.848889,-4.4462442,-6.5319877,-17.726046,-8.3536215,-24.611654,-17.789026,-6.1821394,-15.406716,-6.3627734,-12.626418,-9.780638,1.4097525,2.5498424,2.0443692,1.3253806,1.3670338,2.2704628,3.328168,2.9344192,4.3617687,4.4735694,2.937796,4.101471,2.9676697,4.4170375,5.125068,276.29486,282.44238,279.8945,282.13748,281.02975,276.29486,282.44238,279.8945,282.13748,281.02975,276.29486,282.44238,279.8945,282.13748,281.02975,8.766258,18.417048,9.893217,24.608551,18.848824,6.930235280624872,18.72693165845831,9.177496959592348,11.814015278875486,11.511748840216734,2.2734532,3.331167,2.9373806,4.3644714,4.4764223,1.7764126465699925,2.104860835318475,3.3502694218879774,4.609021356237006,5.122433994672462,-6.492805,-15.08588,-6.955837,-20.24408,-14.372401,-5.15382263405488,-16.622070823139833,-5.8272275377043705,-7.204993922638479,-6.3893148455442725
2012-05-26 07:00:00,-6.755834,-11.4764,-4.544056,-8.036737,-6.022881,-8.96288,-15.186474,-6.32453,-34.345055,-24.85075,-8.781625,-12.490474,-4.4848113,-17.941486,-13.418724,1.5290879,2.5944655,2.073121,1.5784881,1.4027348,2.3979135,3.3716242,2.9647064,5.344998,4.608091,3.202098,4.1774573,2.9977326,5.429199,5.249393,276.9796,282.6907,280.05826,285.0681,281.39163,276.9796,282.6907,280.05826,285.0681,281.39163,276.9796,282.6907,280.05826,285.0681,281.39163,11.290812,16.208004,7.8336134,32.815445,25.395626,9.67233734536931,15.221836101479532,6.5148193182744345,16.25389716775689,15.50279907312913,2.4009042,3.3746233,2.9676676,5.3477006,4.6109443,1.877237134916396,2.1331690336892213,3.4009899541013224,5.602755474620776,5.246643637291146,-8.889908,-12.833381,-4.865946,-27.467743,-20.784681,-7.795100210452914,-13.088667067790311,-3.113829364173112,-10.651141693136115,-10.256155435837986
2012-05-26 08:00:00,-9.796009,-17.304125,-10.705832,-9.275682,-6.5365386,-13.023731,-21.692736,-13.534027,-39.903236,-27.048204,-12.946161,-19.908304,-11.709182,-21.087875,-14.59112,1.7947181,2.7148015,2.2651088,1.7585399,1.4815547,2.6816075,3.4888124,3.1669457,6.044431,4.905086,3.79041,4.3823695,3.1984732,6.1492147,5.5238748,278.5038,283.36035,281.15173,287.15286,282.19058,278.5038,283.36035,281.15173,287.15286,282.19058,278.5038,283.36035,281.15173,287.15286,282.19058,15.067921,21.076424,14.092999,37.085957,27.40519,13.799860019275872,23.495401930188752,15.675709273501456,18.792838793001238,16.62265563255717,2.6845982,3.4918115,3.169907,6.0471344,4.90794,2.1016635129563794,2.209507585594013,3.7396719126805933,6.309662190464101,5.52087271839733,-12.383322,-17.584612,-10.923092,-31.038824,-22.49725,-11.698196506319492,-21.285894344594738,-11.936037360820862,-12.483176602537137,-11.10178291415984
2012-05-26 09:00:00,-11.720021,-19.85323,-12.378137,-10.016935,-3.0088153,-15.546601,-24.449144,-15.538367,-43.198933,-11.660624,-15.627909,-23.29482,-13.657163,-22.99894,-6.5392094,1.9610369,2.8269548,2.479906,1.9202523,1.4103518,2.8592365,3.5980327,3.3932133,6.6726246,4.636791,4.158769,4.5733485,3.423063,6.795893,5.275918,279.45816,283.98447,282.37512,289.02527,281.46884,279.45816,283.98447,282.37512,289.02527,281.46884,279.45816,283.98447,282.37512,289.02527,281.46884,17.133596,22.739803,15.30895,39.337017,12.769088,16.28721902071459,26.94462411569445,17.422079523467826,20.34728343457784,7.748456794664603,2.8622272,3.6010315,3.3961744,6.675328,4.6396456,2.242183318623941,2.2806555473588084,4.118591908090317,6.944567136090369,5.273144766977877,-14.271368,-19.138771,-11.912776,-32.66169,-8.129443,-14.04503570209065,-24.66396856833564,-13.30348761537751,-13.40271629848747,-2.4753120276867255
2012-05-26 10:00:00,-12.98902,-20.494904,-13.545919,-10.387622,-7.0939484,-17.20319,-25.139107,-16.935093,-44.810448,-29.600296,-17.403887,-24.15619,-15.019913,-23.966434,-15.890844,2.0764315,2.86055,2.6475625,2.0573554,1.5095001,2.9824781,3.6307492,3.569822,7.2052197,5.0103846,4.414343,4.6305556,3.5983632,7.3441606,5.621191,280.1203,284.17142,283.33002,290.61273,282.47385,280.1203,284.17142,283.33002,290.61273,282.47385,280.1203,284.17142,283.33002,290.61273,282.47385,18.379726,23.119324,16.035765,40.2033,29.65801,17.85847199960228,27.785900107573408,18.49121143414047,21.15490541122652,17.963649602663434,2.9854689,3.633748,3.5727832,7.2079225,5.013238,2.3396781454200872,2.3019675816735674,4.414351403609433,7.482852287448647,5.618099392607704,-15.394258,-19.485577,-12.462981,-32.995377,-24.644773,-15.518793854182192,-25.48393252589984,-14.076860030531037,-13.672053123777872,-12.34555021005573
2012-05-26 11:00:00,-14.300799,-17.91813,-14.340243,-10.488558,-7.256764,-18.951351,-22.430622,-17.899336,-45.23746,-30.441774,-19.199118,-20.64649,-15.931229,-24.237476,-16.287876,2.222758,2.7919064,2.7865045,2.1178498,1.4888496,3.1387553,3.5639007,3.7161834,7.4402175,4.932574,4.738424,4.513667,3.7436397,7.586074,5.5492787,280.95993,283.78943,284.12137,291.31317,282.26453,280.95993,283.78943,284.12137,291.31317,282.26453,280.95993,283.78943,284.12137,291.31317,282.26453,19.575766,21.418056,16.451368,40.340702,30.371353,19.34623614794481,24.12156115574674,19.07686497934449,21.385246455972883,18.435595547790218,3.1417463,3.5669,3.7191446,7.44292,4.935427,2.463306995935936,2.2584215918730717,4.6594565323504415,7.720360857443173,5.546253049318655,-16.43402,-17.851156,-12.732224,-32.89778,-25.435926,-16.882929152008874,-21.863139563873666,-14.417408446994047,-13.664885598529711,-12.889342498471564
2012-05-26 12:00:00,-15.391372,-17.5516,-13.486905,-10.456097,-8.223261,-20.432568,-21.92086,-17.01318,-45.061684,-34.73503,-20.654945,-20.275377,-14.799165,-24.130833,-18.5177,2.3709462,2.6945379,2.7760024,2.1357436,1.6049361,3.2970212,3.469079,3.7051208,7.509728,5.3699903,5.066627,4.347864,3.7326593,7.6576304,5.953537,281.81024,283.2476,284.06155,291.52036,283.44122,281.81024,283.2476,284.06155,291.52036,283.44122,281.81024,283.2476,284.06155,291.52036,283.44122,20.47185,21.29157,15.862238,40.14852,34.08524,20.45350996036933,23.959330786689083,17.846971781951385,21.333691380912683,20.5237700331408,3.3000119,3.472078,3.708082,7.5124307,5.3728433,2.58850856108416,2.1966528734175466,4.6409302104834715,7.7906138062795645,5.950138645548305,-17.171837,-17.819492,-12.154157,-32.63609,-28.712399,-17.86500139928517,-21.76267791327154,-13.206041571467914,-13.543077574633118,-14.573631387592494
2012-05-26 13:00:00,-16.15383,-13.862841,-14.042314,-10.285966,-7.7902207,-21.513796,-17.990622,-17.639994,-44.203384,-32.729053,-21.616137,-15.381747,-15.483492,-23.604517,-17.5036,2.5128586,2.710414,2.8296852,2.1704001,1.5767801,3.4485836,3.48454,3.7616704,7.6443553,5.2638974,5.3809314,4.374899,3.7887895,7.796219,5.855487,282.62454,283.33594,284.3673,291.92163,283.15582,282.62454,283.33594,284.3673,291.92163,283.15582,282.62454,283.33594,284.3673,291.92163,283.15582,21.010685,18.26653,16.194328,39.379276,32.37871,21.07462548952518,18.365750992062477,18.445689158951765,21.02723842860105,19.52520746397573,3.4515748,3.487539,3.7646317,7.647059,5.266751,2.7084078311860895,2.206724427342004,4.7356318527208,7.92668038813988,5.852178738500749,-17.55911,-14.778991,-12.429696,-31.732216,-27.11196,-18.36621765833909,-16.159026564720474,-13.710057306230965,-13.100558040461168,-13.67302872547498
2012-05-26 14:00:00,-15.905716,-19.871454,-13.5648,-9.986475,-7.995859,-21.317923,-24.597466,-17.273233,-42.764557,-33.547268,-21.129866,-23.182636,-14.724599,-22.709797,-17.95847,2.5690799,2.919777,2.9770186,2.1553426,1.6335168,3.5086284,3.6884274,3.9168708,7.585862,5.477682,5.50545,4.73141,3.9428396,7.7360044,6.053066,282.94714,284.501,285.20645,291.74728,283.73093,282.94714,284.501,285.20645,291.74728,283.73093,282.94714,284.501,285.20645,291.74728,283.73093,20.75345,22.594326,15.660809,38.32238,33.082623,20.53047918078368,26.558149032296136,17.174620168407145,20.44559375612527,19.866631558883295,3.5116193,3.6914263,3.919832,7.5885653,5.4805355,2.7559083065542076,2.3395402180756886,4.995539134545316,7.867561947028923,6.049575493025044,-17.24183,-18.902899,-11.740976,-30.733816,-27.602087,-17.77457087422947,-24.218608814220445,-12.179081033861829,-12.578031809096347,-13.817056065858251
2012-05-26 15:00:00,-14.923728,-18.453974,-13.565824,-9.481684,-6.6707926,-20.143797,-23.070297,-17.26421,-40.33941,-27.457655,-19.65843,-21.295164,-14.735772,-21.231653,-14.866967,2.526458,2.859069,2.964309,2.1617181,1.5731583,3.463108,3.6293073,3.9034822,7.6106296,5.2502503,5.411051,4.6280336,3.9295502,7.7615,5.8428736,282.70258,284.16318,285.13406,291.8211,283.1191,282.70258,284.16318,285.13406,291.8211,283.1191,282.70258,284.16318,285.13406,291.8211,283.1191,19.96544,21.699524,15.679383,36.415203,27.78346,19.26965014095478,24.66221475760065,17.223199259642442,19.47703140657193,16.724965968698715,3.4660988,3.632306,3.9064438,7.6133327,5.2531037,2.7198976349431874,2.3010282657635144,4.97311850420427,7.8925938933001305,5.83957760845603,-16.499342,-18.067217,-11.77294,-28.801872,-22.530355,-16.549752506011593,-22.361186491837138,-12.250080755438173,-11.584437513271798,-10.885388360242686
2012-05-26 16:00:00,-13.290274,-10.6681185,-11.907502,-8.593994,-5.34595,-18.19937,-14.330031,-15.41305,-36.191284,-21.51303,-17.21863,-11.445323,-12.691729,-18.752579,-11.807093,2.4873724,2.7340775,2.870504,2.113227,1.5487444,3.421365,3.5075846,3.8046684,7.4222584,5.1582584,5.324486,4.415194,3.8314688,7.5675864,5.7578554,282.4783,283.46762,284.5998,291.25964,282.87164,282.4783,283.46762,284.5998,291.25964,282.87164,282.4783,283.46762,284.5998,291.25964,282.87164,18.540943,15.168855,14.551317,33.250496,22.35732,17.081942007525978,13.762839900099957,15.211124726359994,17.732557447944068,13.454963864953589,3.4243555,3.5105836,3.8076298,7.4249616,5.1611123,2.6868751211336797,2.2217360871637775,4.807638750671091,7.702210368084058,5.754637821645868,-15.116588,-11.658271,-10.743688,-25.825533,-17.196209,-14.395066886392298,-11.541103812936178,-10.403485975688902,-10.03034707986001,-7.700326043307721
2012-05-26 17:00:00,-10.489171,-6.3943667,-9.156511,-6.991234,-4.5088043,-14.742003,-8.950256,-12.221907,-28.902153,-17.893469,-13.206461,-6.6086698,-9.443901,-14.583324,-9.902114,2.4127388,2.551438,2.7216976,2.050279,1.5237194,3.3416555,3.3297222,3.647916,7.177728,5.063964,5.1591883,4.1041884,3.6758783,7.315861,5.670709,282.05005,282.45126,283.75226,290.5308,282.61798,282.05005,282.45126,283.75226,290.5308,282.61798,282.05005,282.45126,283.75226,290.5308,282.61798,15.828677,10.458668,12.366059,27.35054,18.921316,13.386663632042644,8.221778029856226,11.796394657721244,14.555967771711368,11.395294677112748,3.3446462,3.332721,3.6508772,7.180432,5.0668178,2.623818251316179,2.1058732091326426,4.54513211246218,7.4550677584126035,5.667571659607876,-12.484031,-7.1259465,-8.715182,-20.170109,-13.854499,-10.762845380726466,-6.115904820723584,-7.251262545259064,-7.100900013298764,-5.727723017504872
2012-05-26 18:00:00,-3.7622058,-1.688876,-4.51973,-3.6900465,-1.9835132,-5.6624556,-2.5005324,-6.411956,-14.751342,-7.531081,-4.418822,-1.6660696,-4.3901343,-7.0905514,-4.2773037,2.084909,2.4358625,2.4672878,1.7659172,1.4445984,2.9915323,3.2171695,3.379921,6.0730896,4.765834,4.433119,3.907382,3.40987,6.178716,5.3951783,280.16895,281.8081,282.30325,287.23828,281.81598,280.16895,281.8081,282.30325,287.23828,281.81598,280.16895,281.8081,282.30325,287.23828,281.81598,7.3162985,3.2913446,7.4755373,15.023312,8.421087,4.798626731484001,2.131774874770232,5.901260869015614,7.807125572133138,5.088014829863175,2.994523,3.2201684,3.382882,6.0757923,4.7686877,2.3468407372029634,2.0325543839312807,4.096331965234852,6.338626397827934,5.392295103020003,-4.3217754,-0.0711761,-4.092655,-8.947518,-3.6523993,-2.4517859942810376,-0.09922049083895113,-1.8049289037807617,-1.4684991743052045,0.30428027315682815
2012-05-26 19:00:00,0.0,0.0,0.0,0.0,0.0,0.0,0.0,0.0,0.0,0.0,0.0,0.0,0.0,0.0,0.0,1.9586384,2.386874,1.867481,1.596656,1.2993773,2.856675,3.169462,2.7480855,5.415572,4.218638,4.1534567,3.8239622,2.7827172,5.501851,4.8894625,279.4444,281.5355,278.88702,285.27847,280.34396,279.4444,281.5355,278.88702,285.27847,280.34396,279.4444,281.5355,278.88702,285.27847,280.34396,0.0,0.0,0.0,0.0,0.0,0.0,0.0,0.0,0.0,0.0,2.8596654,3.172461,2.7510464,5.418276,4.221492,2.2401567634833657,2.001476943099785,3.038223777094992,5.674084621229884,4.887045304427306,2.8596654,3.172461,2.7510464,5.418276,4.221492,2.2401567634833657,2.001476943099785,3.038223777094992,5.674084621229884,4.887045304427306
2012-05-26 20:00:00,0.0,0.0,0.0,0.0,0.0,0.0,0.0,0.0,0.0,0.0,0.0,0.0,0.0,0.0,0.0,1.9158514,2.441714,1.8367252,1.5303922,1.2194222,2.8109782,3.2228677,2.7156873,5.1581626,3.917366,4.058693,3.917346,2.7505593,5.236866,4.6110277,279.19888,281.84067,278.71185,284.51123,279.5335,279.19888,281.84067,278.71185,284.51123,279.5335,279.19888,281.84067,278.71185,284.51123,279.5335,0.0,0.0,0.0,0.0,0.0,0.0,0.0,0.0,0.0,0.0,2.813969,3.2258668,2.7186484,5.160866,3.9202194,2.2040067942906205,2.0362664212498975,2.983968120198867,5.41392415773074,4.608867240755154,2.813969,3.2258668,2.7186484,5.160866,3.9202194,2.2040067942906205,2.0362664212498975,2.983968120198867,5.41392415773074,4.608867240755154
2012-05-26 21:00:00,0.0,0.0,0.0,0.0,0.0,0.0,0.0,0.0,0.0,0.0,0.0,0.0,0.0,0.0,0.0,1.6329894,2.3446965,1.717871,1.377844,1.2290926,2.5088804,3.128388,2.590486,4.565569,3.9538043,3.4322166,3.752141,2.626286,4.626835,4.644703,277.5758,281.30078,278.0349,282.74493,279.63153,277.5758,281.30078,278.0349,282.74493,279.63153,277.5758,281.30078,278.0349,282.74493,279.63153,0.0,0.0,0.0,0.0,0.0,0.0,0.0,0.0,0.0,0.0,2.511871,3.1313868,2.5934474,4.568272,3.9566574,1.9650215722252184,1.9747203554545336,2.774299308130954,4.8149994011019865,4.642512153227004,2.511871,3.1313868,2.5934474,4.568272,3.9566574,1.9650215722252184,1.9747203554545336,2.774299308130954,4.8149994011019865,4.642512153227004
2012-05-26 22:00:00,0.0,0.0,0.0,0.0,0.0,0.0,0.0,0.0,0.0,0.0,0.0,0.0,0.0,0.0,0.0,1.2780942,2.3872523,1.6326227,1.3231798,1.3176131,2.1298509,3.1698308,2.5006857,4.353219,4.287351,2.646202,3.824607,2.5371513,4.408236,4.952966,275.5394,281.5376,277.54938,282.112,280.5288,275.5394,281.5376,277.54938,282.112,280.5288,275.5394,281.5376,277.54938,282.112,280.5288,0.0,0.0,0.0,0.0,0.0,0.0,0.0,0.0,0.0,0.0,2.1328416,3.1728296,2.503647,4.355922,4.2902045,1.6651767873572627,2.001716990499021,2.6239147260373423,4.600380729888739,4.9504908943532095,2.1328416,3.1728296,2.503647,4.355922,4.2902045,1.6651767873572627,2.001716990499021,2.6239147260373423,4.600380729888739,4.9504908943532095
2012-05-26 23:00:00,0.0,0.0,0.0,0.0,0.0,0.0,0.0,0.0,0.0,0.0,0.0,0.0,0.0,0.0,0.0,1.546107,1.9956667,1.7938439,1.2928905,1.2782754,2.4160898,2.788487,2.670516,4.2355566,4.1391253,3.2397912,3.1577997,2.7057228,4.2871113,4.8159766,277.07727,279.3585,278.46762,281.7613,280.13007,277.07727,279.3585,278.46762,281.7613,280.13007,277.07727,279.3585,278.46762,281.7613,280.13007,0.0,0.0,0.0,0.0,0.0,0.0,0.0,0.0,0.0,0.0,2.4190805,2.7914858,2.6734774,4.23826,4.141979,1.8916162401266867,1.7533027217681423,2.908322123310421,4.481460876003366,4.813627747915723,2.4190805,2.7914858,2.6734774,4.23826,4.141979,1.8916162401266867,1.7533027217681423,2.908322123310421,4.481460876003366,4.813627747915723
2012-06-28 00:00:00,0.0,0.0,0.0,0.0,0.0,0.0,0.0,0.0,0.0,0.0,0.0,0.0,0.0,0.0,0.0,2.751737,3.1768456,2.744909,1.7710541,1.8272974,3.703707,3.9387722,3.672367,6.0930448,6.207851,5.9099946,5.1691556,3.700148,6.1992583,6.7278852,283.99524,285.93155,283.88446,287.29776,285.69516,283.99524,285.93155,283.88446,287.29776,285.69516,283.99524,285.93155,283.88446,287.29776,285.69516,0.0,0.0,0.0,0.0,0.0,0.0,0.0,0.0,0.0,0.0,3.7066977,3.941771,3.6753283,6.0957475,6.210705,2.9102320532236483,2.5026193758521567,4.586079064670194,6.3587947580108946,6.723772612059363,3.7066977,3.941771,3.6753283,6.0957475,6.210705,2.9102320532236483,2.5026193758521567,4.586079064670194,6.3587947580108946,6.723772612059363
2012-06-28 01:00:00,0.0,0.0,0.0,0.0,0.0,0.0,0.0,0.0,0.0,0.0,0.0,0.0,0.0,0.0,0.0,2.9198372,3.1252027,3.0394301,1.7275574,1.7644401,3.8832386,3.8884797,3.9826148,5.924076,5.9710035,6.282299,5.0812163,4.008096,6.025318,6.5089912,284.9598,285.64417,285.56192,286.79413,285.058,284.9598,285.64417,285.56192,286.79413,285.058,284.9598,285.64417,285.56192,286.79413,285.058,0.0,0.0,0.0,0.0,0.0,0.0,0.0,0.0,0.0,0.0,3.8862298,3.8914788,3.9855764,5.9267793,5.973857,3.052257171467912,2.469858124278195,5.105638418783305,6.188020797980411,6.505080680992329,3.8862298,3.8914788,3.9855764,5.9267793,5.973857,3.052257171467912,2.469858124278195,5.105638418783305,6.188020797980411,6.505080680992329
2012-06-28 02:00:00,0.0,0.0,0.0,0.0,0.0,0.0,0.0,0.0,0.0,0.0,0.0,0.0,0.0,0.0,0.0,2.8804808,3.0446205,2.8006713,1.6582941,1.7613571,3.8412056,3.8100057,3.731107,5.655014,5.959387,6.1951337,4.9439983,3.7584527,5.748338,6.4982553,284.73398,285.19574,284.20206,285.99216,285.02676,284.73398,285.19574,284.20206,285.99216,285.02676,284.73398,285.19574,284.20206,285.99216,285.02676,0.0,0.0,0.0,0.0,0.0,0.0,0.0,0.0,0.0,0.0,3.8441968,3.8130045,3.7340682,5.657717,5.96224,3.0190054906691155,2.41873846508442,4.684448162460781,5.916084247314407,6.494354532059835,3.8441968,3.8130045,3.7340682,5.657717,5.96224,3.0190054906691155,2.41873846508442,4.684448162460781,5.916084247314407,6.494354532059835
2012-06-28 03:00:00,0.0,0.0,0.0,0.0,0.0,0.0,0.0,0.0,0.0,0.0,0.0,0.0,0.0,0.0,0.0,2.3070874,3.062427,2.5863562,1.4908623,1.7293351,3.2288196,3.827346,3.5053475,5.0046034,5.838728,4.9251943,4.9743204,3.5343666,5.078788,6.3867426,281.44382,285.29483,282.9814,284.05353,284.70218,281.44382,285.29483,282.9814,284.05353,284.70218,281.44382,285.29483,282.9814,284.05353,284.70218,0.0,0.0,0.0,0.0,0.0,0.0,0.0,0.0,0.0,0.0,3.2318106,3.8303454,3.508309,5.007306,5.8415813,2.534555462252924,2.4300346086397617,4.306378865504132,5.258724021238152,6.38294503982739,3.2318106,3.8303454,3.508309,5.007306,5.8415813,2.534555462252924,2.4300346086397617,4.306378865504132,5.258724021238152,6.38294503982739
2012-06-28 04:00:00,-2.7437696,-3.2792675,-3.7263434,-2.1268926,-2.5745196,-4.1946793,-4.8172317,-5.5604906,-8.422065,-10.011362,-3.1481676,-3.2552114,-3.5557704,-3.9394982,-5.693271,2.2973385,3.1937141,2.8682485,1.5810764,1.8107927,3.218408,3.9551997,3.8022926,5.355052,6.1456614,4.903603,5.1978807,3.8291106,5.43955,6.6704097,281.38788,286.02542,284.58694,285.09808,285.52786,281.38788,286.02542,284.58694,285.09808,285.52786,281.38788,286.02542,284.58694,285.09808,285.52786,5.3879237,5.3100863,6.2805457,9.10822,10.591327,3.306340379735432,3.743906114456237,4.4968800927337576,4.629826582347816,6.17183276330844,3.2213988,3.9581988,3.8052535,5.357755,6.1485147,2.526318931049654,2.513320619331131,4.8036593723517065,5.612917265128559,6.666350006153171,-2.166525,-1.3518876,-2.4752924,-3.7504652,-4.442812,-0.7800214486857779,-1.2305854951251058,0.30677927961794893,0.9830906827807429,0.4945172428447311
2012-06-28 05:00:00,-8.97874,-14.744769,-10.957345,-5.3499327,-7.9840717,-12.763827,-19.772156,-15.201641,-21.977966,-32.773827,-10.99883,-15.844589,-11.194913,-10.739333,-18.023647,2.3239791,3.5655575,3.0317094,1.6714858,1.9268461,3.2468598,4.3173175,3.9744813,5.706259,6.582953,4.9626055,5.8310695,4.0000234,5.8010907,7.0745525,281.54074,288.09467,285.51794,286.1449,286.70422,281.54074,288.09467,285.51794,286.1449,286.70422,281.54074,288.09467,285.51794,286.1449,286.70422,14.417762,17.657433,14.822811,22.456398,32.405727,11.201132972660483,17.061662949660075,13.378753493210969,11.39460894742568,18.84930232258635,3.2498507,4.3203163,3.977443,5.7089615,6.5858064,2.548826724174137,2.7492106759279693,5.092017791329068,5.967876265126476,7.070120380079836,-11.167911,-13.337115,-10.845367,-16.747435,-25.81992,-8.652306248486346,-14.312452273732106,-8.2867357018819,-5.426732682299205,-11.779181942506515
2012-06-28 06:00:00,-15.201135,-20.570658,-15.194248,-8.624733,-10.962546,-20.833075,-26.47025,-20.295492,-36.6109,-46.306274,-19.351065,-23.022669,-16.154583,-18.686947,-25.011206,2.8343008,3.710034,3.124582,1.8471041,2.011826,3.7918854,4.458015,4.072314,6.388471,6.903159,6.0928545,6.077089,4.0971303,6.5033784,7.370486,284.469,288.89865,286.0469,288.1783,287.5656,284.469,288.89865,286.0469,288.1783,287.5656,284.469,288.89865,286.0469,288.1783,287.5656,20.097261,21.824112,18.46822,35.265823,44.115074,18.243418438565133,24.095918640263584,18.684994830305726,18.13102005026065,25.62041200188231,3.794876,4.461014,4.075275,6.3911743,6.9060125,2.9799886873750685,2.8408635561144404,5.2558528611863,6.657377551607184,7.365780809541378,-16.302385,-17.363098,-14.392944,-28.87465,-37.20906,-15.263429751190063,-21.25505508414914,-13.429141969119426,-11.473642498653465,-18.254631192340934
2012-06-28 07:00:00,-19.152306,-24.126455,-18.10285,-10.128933,-12.492031,-25.709265,-30.356966,-23.67689,-43.455738,-53.626526,-24.923115,-27.647083,-19.700474,-22.62154,-28.675665,3.1655128,3.8823028,3.2947514,2.0759714,2.0206957,4.145621,4.6257787,4.25157,7.2775345,6.9365797,6.8264155,6.370435,4.2750583,7.418604,7.4013734,286.3695,289.8573,287.0161,290.82828,287.65552,286.3695,289.8573,287.0161,290.82828,287.65552,286.3695,289.8573,287.0161,290.82828,287.65552,22.706394,23.648737,20.351831,40.358185,50.19896,22.39904151690396,28.185647790185357,21.911547960977913,21.300802180026427,29.191342073821254,4.148612,4.6287775,4.2545314,7.280238,6.939433,3.25982404864883,2.9501477438273893,5.5560454408664395,7.555940603493931,7.396639437231936,-18.557781,-19.019958,-16.097301,-33.077946,-43.259525,-19.13921746825513,-25.235500046357966,-16.35550252011147,-13.744861576532497,-21.794702636589317
2012-06-28 08:00:00,-21.77449,-26.272865,-20.082989,-10.809791,-13.62058,-28.867693,-32.626667,-25.941736,-46.607456,-58.969223,-28.709627,-30.54089,-22.163649,-24.564394,-31.354488,3.440445,4.0008726,3.4629056,2.2582793,2.110008,4.43925,4.741247,4.428704,7.985733,7.27311,7.43533,6.5723405,4.450879,8.147642,7.7123933,287.94708,290.51712,287.97385,292.93915,288.56082,287.94708,290.51712,287.97385,292.93915,288.56082,287.94708,290.51712,287.97385,292.93915,288.56082,23.947132,24.541409,21.340816,42.252228,54.30683,24.872528978945066,30.60051724245609,23.82257649050932,22.76466739060949,31.470400523081192,4.4422407,4.744246,4.431665,7.988436,7.275964,3.4921095063803125,3.0253660745357474,5.852683991453732,8.271705254851168,7.707373038874983,-19.504892,-19.797163,-16.909151,-34.26379,-47.03087,-21.380419472564753,-27.575151167920342,-17.96989249905559,-14.49296213575832,-23.76302748420621
2012-06-28 09:00:00,-23.602268,-27.582975,-21.443968,-10.969753,-14.294914,-31.047573,-33.990505,-27.493122,-47.37004,-62.18752,-31.361952,-32.34073,-23.863653,-25.163313,-32.9563,3.72853,4.099009,3.6315162,2.423315,2.1753974,4.7469254,4.836817,4.606317,8.626838,7.5194983,8.073374,6.739451,4.6271753,8.807612,7.9401054,289.60013,291.06323,288.93417,294.85004,289.22363,289.60013,291.06323,288.93417,294.85004,289.22363,289.60013,291.06323,288.93417,294.85004,289.22363,24.3566,24.941765,21.801716,42.18631,56.675823,26.235298056581723,31.97766279802887,24.863929020821583,23.15140235333842,32.76023822849575,4.749916,4.8398156,4.6092787,8.62954,7.522352,3.7355073163571224,3.087621845685374,6.150125979468928,8.919659098471646,7.934874238743021,-19.606684,-20.101948,-17.192438,-33.55677,-49.153473,-22.4997907402246,-28.890040952343497,-18.713803041352655,-14.231743254866773,-24.82536398975273
2012-06-28 10:00:00,-24.623737,-28.349894,-22.44711,-10.721252,-14.689451,-32.253014,-34.785084,-28.651289,-46.2544,-64.04649,-32.83656,-33.4024,-25.094444,-24.691322,-33.88352,4.0155454,4.184943,3.849721,2.5895193,2.2363248,5.053459,4.9205036,4.836174,9.272477,7.749075,8.70905,6.885783,4.8553286,9.47225,8.152278,291.24704,291.54144,290.17697,296.77444,289.84122,291.24704,291.54144,290.17697,296.77444,289.84122,291.24704,291.54144,290.17697,296.77444,289.84122,24.09979,25.05479,21.831245,40.601734,57.94315,26.59763578049872,32.67656950514138,25.208526543076125,22.69099176577371,33.409491447044466,5.05645,4.9235024,4.8391356,9.27518,7.7519283,3.9780019387879113,3.1421369579466005,6.535057577280384,9.572197130681683,8.146851851972425,-19.04334,-20.131289,-16.99211,-31.326553,-50.191223,-22.619633841710808,-29.53443254719478,-18.673468965795742,-13.118794635092026,-25.26263959507204
2012-06-28 11:00:00,-24.268585,-28.699247,-22.890558,-10.219907,-14.846334,-31.880333,-35.151623,-29.165377,-43.944767,-64.70867,-32.215458,-33.88197,-25.629766,-23.452587,-34.226578,4.252653,4.2611384,4.009624,2.7050862,2.309768,5.3066907,4.994706,5.004616,9.721412,8.025809,9.234191,7.0155306,5.0225224,9.934396,8.408034,292.60757,291.96545,291.0877,298.11255,290.58566,292.60757,291.96545,291.0877,298.11255,290.58566,292.60757,291.96545,291.0877,298.11255,290.58566,23.101946,24.968252,21.638805,38.323723,58.212265,25.508313912792925,32.859484109588784,25.104577348322255,21.692839403614776,33.457379163258466,5.3096814,4.9977045,5.0075774,9.724115,8.028663,4.178329835189523,3.1904734588883668,6.8171397321150575,10.025928320493025,8.402373020975645,-17.792265,-19.970549,-16.631227,-28.599607,-50.1836,-21.329984077603402,-29.669010650700418,-18.2874376162072,-11.666911083121752,-25.05500614228282
2012-06-28 12:00:00,-24.358572,-28.662062,-21.79398,-9.156929,-14.889322,-31.95382,-35.12155,-28.025986,-38.876312,-64.887764,-32.35398,-33.821075,-24.128342,-20.403818,-34.318928,4.447191,4.294344,4.094915,2.735381,2.3347566,5.5144587,5.027043,5.0944614,9.839095,8.119967,9.665051,7.072075,5.1117024,10.055543,8.495056,293.72385,292.15024,291.5735,298.46332,290.83896,293.72385,292.15024,291.5735,298.46332,290.83896,293.72385,292.15024,291.5735,298.46332,290.83896,22.497293,24.831165,20.750051,34.335148,58.26289,25.108164740940452,32.691541858895334,23.445580812341365,19.5550482909128,33.45106788566409,5.5174494,5.0300417,5.0974226,9.841798,8.122821,4.342691994683898,3.21153848790826,6.967599931848943,10.144868870489413,8.489313485955835,-16.979843,-19.801125,-15.652629,-24.49335,-50.140068,-20.765472746256556,-29.480003370987074,-16.477980880492424,-9.410179420423388,-24.961754399708255
2012-06-28 13:00:00,-24.094564,-28.315434,-21.185526,-8.434188,-14.706821,-31.648474,-34.79072,-27.380516,-35.513653,-63.907772,-31.944534,-33.309746,-23.31422,-18.452772,-33.85126,4.513837,4.4003882,4.135074,2.7716002,2.3816152,5.5856366,5.1303134,5.136765,9.9797945,8.296532,9.812655,7.2526507,5.1536927,10.200382,8.658236,294.10626,292.74036,291.80222,298.8827,291.31393,294.10626,292.74036,291.80222,298.8827,291.31393,294.10626,292.74036,291.80222,298.8827,291.31393,22.115738,24.275055,20.271118,31.578869,57.337826,24.644208627913727,31.87441730021018,22.577204982138067,18.0874367578168,32.84634076486592,5.5886273,5.133312,5.1397266,9.982498,8.299385,4.398999671993319,3.2788109018071325,7.038444208580032,10.287071849265327,8.652342569925912,-16.527111,-19.141743,-15.131392,-21.59637,-49.03844,-20.245208955920408,-28.595606398403046,-15.538760773558035,-7.800364908551472,-24.193998194940008
2012-06-28 14:00:00,-23.442547,-27.476135,-19.183668,-7.6348925,-14.255973,-30.956741,-33.951736,-25.194147,-31.820637,-61.628803,-30.912483,-32.116665,-20.727083,-16.306187,-32.74356,4.3860292,4.456303,4.140116,2.7728236,2.406369,5.4491367,5.184766,5.1420765,9.984546,8.389805,9.529589,7.3478646,5.158964,10.205273,8.744438,293.3729,293.0515,291.83093,298.89685,291.56485,293.3729,293.0515,291.83093,298.89685,291.56485,293.3729,293.0515,291.83093,298.89685,291.56485,22.160597,23.644222,19.005266,28.64732,55.480663,24.214735056678887,30.61711352790229,20.214242280098485,16.45344372680732,31.732598633344267,5.452128,5.187765,5.1450377,9.987248,8.392658,4.291017085334417,3.314282253728987,7.047338733517183,10.29187334702053,8.738466004030382,-16.70847,-18.456457,-13.860229,-18.66007,-47.088005,-19.92371797134447,-27.302831274173304,-13.166903546581302,-6.161570379786788,-22.994132629313885
2012-06-28 15:00:00,-22.143719,-25.996254,-20.176626,-7.415937,-13.627849,-29.51632,-32.444695,-26.293058,-30.828773,-58.53201,-28.9112,-30.053846,-21.987299,-15.748889,-31.224049,4.2764106,4.468439,4.212006,2.7824965,2.4019496,5.3320637,5.1965847,5.2178054,10.022121,8.373151,9.286808,7.3685308,5.234132,10.243954,8.729048,292.7439,293.11905,292.2404,299.00885,291.52005,292.7439,293.11905,292.2404,299.00885,291.52005,292.7439,293.11905,292.2404,299.00885,291.52005,21.710083,22.818872,19.438284,27.817907,53.06807,23.001063834918387,28.71344137525011,21.139746183567883,16.003007593004938,30.33607371439548,5.335055,5.1995835,5.2207665,10.024824,8.376005,4.1984021673690135,3.3219811652436073,7.174158968460615,10.32985071073088,8.723089063959188,-16.375029,-17.61929,-14.217517,-17.793081,-44.692062,-18.802661667549373,-25.391460210006503,-13.965587215107268,-5.673156882274057,-21.61298465043629
2012-06-28 16:00:00,-20.806442,-23.267155,-18.587809,-6.6324015,-12.461016,-27.945786,-29.584015,-24.534336,-27.276054,-52.904285,-26.899284,-26.366737,-19.965458,-13.714409,-28.429607,4.5779405,4.432146,4.2188807,2.735771,2.3728993,5.654099,5.1612406,5.2250466,9.8406105,8.263689,9.954631,7.306729,5.2413197,10.057102,8.627883,294.4741,292.91708,292.27954,298.46783,291.2256,294.4741,292.91708,292.27954,298.46783,291.2256,294.4741,292.91708,292.27954,298.46783,291.2256,19.911114,21.398615,18.408026,25.04371,48.659794,20.845951701209245,25.441667181124775,19.29435960346551,14.38241677681225,27.81313295831882,5.6570897,5.16424,5.2280083,9.843313,8.266543,4.453159470461952,3.298957488603863,7.186286147519453,10.146400382704437,8.622018154731014,-14.254024,-16.234375,-13.1800165,-15.200397,-40.39325,-16.392792230747293,-22.14270969252091,-12.108073455946055,-4.236016394107812,-19.19111480358781
2012-06-28 17:00:00,-16.872055,-19.12559,-14.705363,-5.555115,-10.547148,-23.334105,-25.029516,-20.036423,-22.534386,-43.94676,-21.166262,-21.043493,-15.268587,-11.10966,-23.897022,4.4378467,4.360947,4.124926,2.6750631,2.3322968,5.5044785,5.091904,5.1260753,9.604783,8.1107,9.644355,7.185489,5.143081,9.814335,8.48649,293.67023,292.52087,291.74442,297.76492,290.81403,293.67023,292.52087,291.74442,297.76492,290.81403,293.67023,292.52087,291.74442,297.76492,290.81403,17.62258,18.98922,15.890295,21.159458,41.35415,16.854120178893808,20.639552352084547,15.175500923874745,12.125377314986213,23.629188695340417,5.5074697,5.094903,5.1290364,9.607487,8.113553,4.334796967229372,3.2537903091215714,7.020541732245317,9.90805362021385,8.480755611270434,-12.115109,-13.894317,-10.761259,-11.551972,-33.240597,-12.519323211664435,-17.385762042962973,-8.154959191629427,-2.2173236947723627,-15.148433084069984
2012-06-28 18:00:00,-1.1543063,-11.874995,-9.892028,-4.904437,-6.770948,-1.8087806,-16.376423,-14.040307,-19.741983,-27.227757,-1.2981414,-12.435378,-9.864437,-9.6018505,-15.142168,3.6089022,4.1927032,3.9693792,2.5470533,2.2314866,4.6191626,4.9280605,4.962222,9.1075115,7.730844,7.8084245,6.898997,4.9804425,9.30243,8.135429,288.9137,291.58463,290.8585,296.28275,289.79218,288.9137,291.58463,290.8585,296.28275,289.79218,288.9137,291.58463,290.8585,296.28275,289.79218,1.8999761,13.728661,12.0906,18.937231,26.814882,1.1826636699294888,12.596531778958099,10.20399466485775,10.736079853626665,15.333361752915154,4.622153,4.9310594,4.9651833,9.110215,7.733698,3.6344356871399173,3.1470596691048414,6.746144220103422,9.405469260354401,8.130018920981684,2.722177,-8.797602,-7.1254168,-9.827016,-19.081184,2.4517720172104287,-9.449472109853257,-3.457850444754329,-1.3306105932722634,-7.203342831933471
2012-06-28 19:00:00,-0.36242616,-0.24673386,-0.61006296,-0.3683656,-0.3326088,-0.5720397,-0.37284595,-0.94392157,-1.4170297,-1.2608998,-0.40541995,-0.23959017,-0.56450444,-0.6482552,-0.72754145,3.4473908,3.8936,3.5270157,2.2491994,2.0602562,4.446668,4.6367803,4.496237,7.9504614,7.085644,7.4507136,6.3896723,4.5179114,8.111332,7.5391383,287.98694,289.92017,288.339,292.834,288.05652,287.98694,289.92017,288.339,292.834,288.05652,287.98694,289.92017,288.339,292.834,288.05652,0.62603086,0.38296536,1.0123982,1.4831027,1.3420572,0.37684331232736995,0.2560332108503655,0.644946518268046,0.8276099572805643,0.7699819421331736,4.449659,4.639779,4.4991984,7.953164,7.088498,3.497977978694262,2.9573143763263126,5.965779624687551,8.236056203629875,7.534277715525873,3.823628,4.2568135,3.4868004,6.4700613,5.746441,3.1211346663668924,2.701281165475947,5.320833106419505,7.408446246349311,6.764295773392699
2012-06-28 20:00:00,0.0,0.0,0.0,0.0,0.0,0.0,0.0,0.0,0.0,0.0,0.0,0.0,0.0,0.0,0.0,3.1282303,3.8877597,3.582317,2.386218,1.8865567,4.1058035,4.6310925,4.554491,8.482728,6.431143,6.743843,6.379727,4.575734,8.659262,6.9342504,286.15558,289.88766,288.65396,294.4205,286.29584,286.15558,289.88766,288.65396,294.4205,286.29584,286.15558,289.88766,288.65396,294.4205,286.29584,0.0,0.0,0.0,0.0,0.0,0.0,0.0,0.0,0.0,0.0,4.108794,4.6340914,4.557453,8.485432,6.4339957,3.2283248212975377,2.953609296903325,6.0633358328451985,8.774010217211933,6.929947211120211,4.108794,4.6340914,4.557453,8.485432,6.4339957,3.2283248212975377,2.953609296903325,6.0633358328451985,8.774010217211933,6.929947211120211
2012-06-28 21:00:00,0.0,0.0,0.0,0.0,0.0,0.0,0.0,0.0,0.0,0.0,0.0,0.0,0.0,0.0,0.0,2.8659294,3.8032837,3.1483827,2.3473654,2.0472894,3.8256648,4.548826,4.0973854,8.3317995,7.036784,6.162905,6.235879,4.1220164,8.503892,7.493982,284.65048,289.41757,286.18246,293.97064,287.92508,284.65048,289.41757,286.18246,293.97064,287.92508,284.65048,289.41757,286.18246,293.97064,287.92508,0.0,0.0,0.0,0.0,0.0,0.0,0.0,0.0,0.0,0.0,3.828656,4.551825,4.100347,8.334503,7.039638,3.0067113557143177,2.900019584760892,5.297839555948076,8.62146953098462,7.489162946529526,3.828656,4.551825,4.100347,8.334503,7.039638,3.0067113557143177,2.900019584760892,5.297839555948076,8.62146953098462,7.489162946529526
2012-06-28 22:00:00,0.0,0.0,0.0,0.0,0.0,0.0,0.0,0.0,0.0,0.0,0.0,0.0,0.0,0.0,0.0,2.8888628,3.7708626,3.0096712,2.1998696,2.0349512,3.8501575,4.5172524,3.951267,7.758834,6.990295,6.2136974,6.1806703,3.9769807,7.9140663,7.451017,284.78207,289.23715,285.39243,292.26285,287.80002,284.78207,289.23715,285.39243,292.26285,287.80002,284.78207,289.23715,285.39243,292.26285,287.80002,0.0,0.0,0.0,0.0,0.0,0.0,0.0,0.0,0.0,0.0,3.8531487,4.5202518,3.9542282,7.761537,6.993149,3.0260871999851835,2.8794520452785455,5.053140872023536,8.042381996762607,7.446237401289911,3.8531487,4.5202518,3.9542282,7.761537,6.993149,3.0260871999851835,2.8794520452785455,5.053140872023536,8.042381996762607,7.446237401289911
2012-06-28 23:00:00,0.0,0.0,0.0,0.0,0.0,0.0,0.0,0.0,0.0,0.0,0.0,0.0,0.0,0.0,0.0,3.0840394,3.6219606,2.8956017,2.0460536,1.9147251,4.058607,4.3722453,3.8311062,7.1613164,6.53728,6.645971,5.9271145,3.8577106,7.2989655,7.032342,285.902,288.40854,284.74274,290.48187,286.58136,285.902,288.40854,284.74274,290.48187,286.58136,285.902,288.40854,284.74274,290.48187,286.58136,0.0,0.0,0.0,0.0,0.0,0.0,0.0,0.0,0.0,0.0,4.061598,4.375244,3.8340676,7.164019,6.540134,3.1909885759249432,2.78499165420536,4.851912879051135,7.438479825435031,7.027949017187036,4.061598,4.375244,3.8340676,7.164019,6.540134,3.1909885759249432,2.78499165420536,4.851912879051135,7.438479825435031,7.027949017187036
2012-07-27 00:00:00,0.0,0.0,0.0,0.0,0.0,0.0,0.0,0.0,0.0,0.0,0.0,0.0,0.0,0.0,0.0,3.3236253,3.5993936,2.9998925,1.9326165,1.9266896,4.3144855,4.350269,3.9409664,6.7206545,6.582363,7.1766005,5.888687,3.9667563,6.8453364,7.0740085,287.27676,288.28296,285.33673,289.16843,286.70264,287.27676,288.28296,285.33673,289.16843,286.70264,287.27676,288.28296,285.33673,289.16843,286.70264,0.0,0.0,0.0,0.0,0.0,0.0,0.0,0.0,0.0,0.0,4.3174767,4.3532677,3.9439275,6.723357,6.5852165,3.3934104295228047,2.7706757839465888,5.035890597836179,6.993109864473268,7.069575692829357,4.3174767,4.3532677,3.9439275,6.723357,6.5852165,3.3934104295228047,2.7706757839465888,5.035890597836179,6.993109864473268,7.069575692829357
2012-07-27 01:00:00,0.0,0.0,0.0,0.0,0.0,0.0,0.0,0.0,0.0,0.0,0.0,0.0,0.0,0.0,0.0,2.9759843,3.532445,3.001602,1.7964753,1.9201653,3.943204,4.285071,3.9427664,6.1917963,6.5577793,6.406653,5.7746844,3.9685433,6.300916,7.0512877,285.28198,287.9104,285.34647,287.5921,286.6365,285.28198,287.9104,285.34647,287.5921,286.6365,285.28198,287.9104,285.34647,287.5921,286.6365,0.0,0.0,0.0,0.0,0.0,0.0,0.0,0.0,0.0,0.0,3.946195,4.28807,3.9457278,6.1944995,6.560633,3.099694738250735,2.728204789020931,5.038905851242079,6.458601753375011,7.046876899141157,3.946195,4.28807,3.9457278,6.1944995,6.560633,3.099694738250735,2.728204789020931,5.038905851242079,6.458601753375011,7.046876899141157
2012-07-27 02:00:00,0.0,0.0,0.0,0.0,0.0,0.0,0.0,0.0,0.0,0.0,0.0,0.0,0.0,0.0,0.0,3.0391517,3.9484234,3.592321,1.7567239,1.9084599,4.010667,4.69017,4.5650296,6.037377,6.5136724,6.5465536,6.4830284,4.586195,6.1419525,7.0105243,285.64444,290.22525,288.71094,287.13184,286.51785,285.64444,290.22525,288.71094,287.13184,286.51785,285.64444,290.22525,288.71094,287.13184,286.51785,0.0,0.0,0.0,0.0,0.0,0.0,0.0,0.0,0.0,0.0,4.0136576,4.6931686,4.567991,6.04008,6.516526,3.153063685932803,2.99209341763298,6.08098309964399,6.3025323802198425,7.006151052413087,4.0136576,4.6931686,4.567991,6.04008,6.516526,3.153063685932803,2.99209341763298,6.08098309964399,6.3025323802198425,7.006151052413087
2012-07-27 03:00:00,0.0,0.0,0.0,0.0,0.0,0.0,0.0,0.0,0.0,0.0,0.0,0.0,0.0,0.0,0.0,2.487144,3.9788103,2.8947608,1.6725926,1.8937284,3.4211204,4.719762,3.8302197,5.710559,6.4581647,5.3239794,6.534772,3.8568308,5.8055177,6.9592237,282.477,290.39435,284.73795,286.1577,286.36853,282.477,290.39435,284.73795,286.1577,286.36853,282.477,290.39435,284.73795,286.1577,286.36853,0.0,0.0,0.0,0.0,0.0,0.0,0.0,0.0,0.0,0.0,3.4241114,4.722761,3.8331814,5.713262,6.461018,2.6866819019074173,3.0113702674759573,4.85042888286077,5.972222448439376,6.954898077094044,3.4241114,4.722761,3.8331814,5.713262,6.461018,2.6866819019074173,3.0113702674759573,4.85042888286077,5.972222448439376,6.954898077094044
2012-07-27 04:00:00,0.0,-0.051443364,-0.17125589,-0.21246825,0.0,0.0,-0.07786636,-0.266914,-0.8316529,0.0,0.0,-0.049891185,-0.1583346,-0.37780052,0.0,2.3717334,4.0087585,2.9017155,1.5895976,2.0706644,3.2978616,4.7489266,3.8375463,5.3881536,7.1248617,5.0683703,6.585769,3.864103,5.473625,7.575383,281.81476,290.561,284.77756,285.19675,288.16202,281.81476,290.561,284.77756,285.19675,288.16202,281.81476,290.561,284.77756,285.19675,288.16202,0.0,0.07885231,0.32190457,0.9091032,0.0,0.0,0.052746494317702876,0.20117124505252748,0.46415903581876494,0.0,3.3008525,4.751926,3.8405075,5.3908567,7.1277156,2.589173594700136,3.0303688014937338,4.86269784499512,5.646372528582387,7.570488942927862,3.3008525,4.6730733,3.518603,4.4817533,7.1277156,2.589173594700136,2.977622307176031,4.661526599942593,5.182213492763622,7.570488942927862
2012-07-27 05:00:00,-7.487704,-12.578925,-9.571176,-5.7130256,-5.2151694,-10.903013,-17.281837,-13.615135,-23.693712,-20.38632,-8.979744,-13.21737,-9.587334,-11.467761,-11.397405,2.5726593,4.049351,3.2304268,1.5746137,2.2019968,3.5124514,4.7884583,4.1838107,5.3299465,7.619726,5.513377,6.654892,4.207801,5.4137053,8.032735,282.96768,290.7869,286.64975,285.02325,289.49326,282.96768,290.7869,286.64975,285.02325,289.49326,282.96768,290.7869,286.64975,285.02325,289.49326,11.927374,14.759817,13.178011,24.123829,19.935484,8.82619368571892,13.601124822302767,11.137886223386328,12.020621290862433,11.511022717221914,3.5154421,4.7914567,4.186772,5.3326497,7.6225796,2.7589324121187473,3.056119973220447,5.442571719431254,5.587543833025622,8.027418697550244,-8.411932,-9.968361,-8.99124,-18.791178,-12.312904,-6.067261273600172,-10.54500484908232,-5.695314503955074,-6.433077457836811,-3.48360401967167
2012-07-27 06:00:00,-13.936731,-20.409668,-16.21406,-9.501989,-8.257785,-19.303217,-26.556608,-21.929752,-40.701927,-33.46281,-17.555506,-22.585924,-17.080305,-20.507189,-18.297825,2.9484084,4.326321,3.6662097,1.7677174,2.2737267,3.9137526,5.0581837,4.6428633,6.0800824,7.890006,6.3455772,7.1265264,4.663451,6.1859145,8.282526,285.12375,292.3282,289.13177,287.25912,290.22034,285.12375,292.3282,289.13177,287.25912,290.22034,285.12375,292.3282,289.13177,287.25912,290.22034,18.20342,20.131672,18.348856,39.069653,31.267735,16.16427153098724,22.225956738064248,18.086713575971533,19.803067914818126,18.05458088679078,3.9167433,5.0611825,4.6458254,6.0827856,7.8928595,3.0763960943396866,3.2318242326175906,6.211329007065167,6.345694119739151,8.276979731062653,-14.286678,-15.07049,-13.70303,-32.98687,-23.374876,-13.087875436647552,-18.994132505446657,-11.875384568906366,-13.457373795078976,-9.777601155728128
2012-07-27 07:00:00,-18.20678,-24.506039,-19.691736,-11.7835865,-9.800245,-24.574362,-31.012997,-25.954073,-51.20966,-40.464474,-23.556665,-27.909277,-21.331533,-26.407932,-21.872532,3.292044,4.345965,3.814668,2.02592,2.308434,4.280757,5.0773134,4.7992496,7.0831027,8.020784,7.106655,7.1599765,4.818678,7.2184505,8.403391,287.09555,292.4375,289.97733,290.24875,290.57214,287.09555,292.4375,289.97733,290.24875,290.57214,287.09555,292.4375,289.97733,290.24875,290.57214,21.05304,22.630394,20.51421,47.081333,36.942078,20.612526746767223,27.169427382923118,21.80798795846591,24.599669398311246,21.33854947462088,4.2837477,5.0803127,4.802211,7.085806,8.023638,3.36672820241696,3.244285823690961,6.473221251946857,7.359431029417771,8.397732704591762,-16.76929,-17.550081,-15.711998,-39.99553,-28.918438,-17.245798544350265,-23.925141559232156,-15.334766706519055,-17.240238368893475,-12.940816770029118
2012-07-27 08:00:00,-20.711391,-26.844143,-21.784872,-12.772078,-10.667347,-27.551565,-33.4536,-28.294868,-55.84075,-44.480576,-27.213543,-31.084208,-23.9863,-29.207596,-23.892248,3.50875,4.4143395,3.956798,2.2617795,2.3643067,4.5121994,5.1439,4.9489684,7.9993296,8.231313,7.586611,7.2764077,4.967288,8.161638,8.597961,288.33902,292.818,290.78683,292.97968,291.1385,288.33902,292.818,290.78683,292.97968,291.1385,288.33902,292.818,290.78683,292.97968,291.1385,22.34558,23.714634,21.48975,49.830578,39.989048,23.0875603012912,29.892071428799248,23.824522672133295,26.76403443514026,23.068494851568225,4.5151906,5.1468987,4.9519305,8.002033,8.234166,3.549819146447736,3.2876613450485213,6.723950442683195,8.285447472564341,8.59212320448361,-17.830389,-18.567734,-16.537819,-41.828545,-31.75488,-19.537741154843467,-26.60441008375073,-17.1005722294501,-18.478586962575918,-14.476371647084616
2012-07-27 09:00:00,-22.053509,-28.166388,-23.027836,-12.895078,-11.144407,-29.095007,-34.795628,-29.65453,-56.47766,-46.68848,-29.240797,-32.933044,-25.598608,-29.80649,-24.99464,3.6024718,4.565177,4.0714784,2.4739072,2.4402754,4.612295,5.2907925,5.069773,8.823368,8.517565,7.7941833,7.53326,5.0871964,9.009926,8.8625145,288.8768,293.65738,291.44,295.43582,291.90854,288.8768,293.65738,291.44,295.43582,291.90854,288.8768,293.65738,291.44,295.43582,291.90854,23.00379,23.867178,21.912819,49.320507,41.494923,24.456019965803655,31.089203165884292,24.886277824477062,27.132536277533294,23.877183938839003,4.615286,5.2937913,5.072735,8.826072,8.520419,3.629003081452654,3.383349804700406,6.926255987029491,9.118290023926722,8.856432692778199,-18.388504,-18.573387,-16.840084,-40.49444,-32.974506,-20.827016884351,-27.705853361183888,-17.96002183744757,-18.014246253606572,-15.020751246060804
2012-07-27 10:00:00,-23.56893,-28.8512,-23.760689,-12.494616,-11.399664,-30.910376,-35.470703,-30.44848,-54.697887,-47.8855,-31.39369,-33.916527,-26.551115,-29.026066,-25.58695,4.0818133,4.6516547,4.2204456,2.6554115,2.4824252,5.1242332,5.375008,5.226694,9.528443,8.676386,8.85582,7.6805167,5.242955,9.73575,9.009295,291.6273,294.1386,292.28845,297.53738,292.3358,291.6273,294.1386,292.28845,297.53738,292.3358,291.6273,294.1386,292.28845,297.53738,292.3358,22.557468,23.888592,21.885742,47.029762,42.287033,24.892468006254095,31.684296509455667,25.192092746374172,26.387553286786474,24.30080707120706,5.1272244,5.378007,5.2296567,9.531147,8.67924,4.033990579700479,3.438209332795318,7.189046191389429,9.830898518354353,9.003079260214662,-17.430244,-18.510584,-16.656086,-37.498615,-33.60779,-20.858477426553616,-28.24608717666035,-18.003046554984742,-16.55665476843212,-15.297727810992399
2012-07-27 11:00:00,-23.977753,-29.129772,-24.042107,-11.843989,-11.49185,-31.356962,-35.734642,-30.742792,-51.7634,-48.30927,-32.00476,-34.329273,-26.917841,-27.549578,-25.795311,4.3170176,4.713646,4.368379,2.8030467,2.5177772,5.3754315,5.4353776,5.3825274,10.101952,8.809592,9.376742,7.7860775,5.3976326,10.326134,9.132403,292.9769,294.48358,293.131,299.2468,292.69412,292.9769,294.48358,293.131,299.2468,292.69412,292.9769,294.48358,293.131,299.2468,292.69412,22.052248,23.789528,21.578932,44.03234,42.500954,24.744315018146363,31.84548636025724,24.977521459026015,25.092354543932476,24.393672472275902,5.3784227,5.438377,5.385489,10.104655,8.812446,4.23270981370669,3.4775353588962052,7.450012120177771,10.410534499518233,9.126073831274587,-16.673826,-18.35115,-16.193443,-33.927685,-33.688507,-20.51160520443967,-28.367951001361035,-17.527509338848244,-14.681820044414243,-15.267598641001316
2012-07-27 12:00:00,-23.896685,-29.045315,-23.973982,-11.145151,-11.444006,-31.237099,-35.641796,-30.659618,-48.581364,-48.05838,-31.88233,-34.218014,-26.826551,-25.862198,-25.669743,4.495568,4.74656,4.4637694,2.909821,2.5594392,5.5661244,5.467432,5.483012,10.51673,8.966576,9.772194,7.8421264,5.497373,10.7531185,9.277488,294.00143,294.66675,293.67432,300.4831,293.11642,294.00143,294.66675,293.67432,300.4831,293.11642,294.00143,294.66675,293.67432,300.4831,293.11642,21.422752,23.62291,21.23637,41.084557,42.181023,24.212014967102103,31.64121769801765,24.563354731277677,23.674330518148697,24.17091289872868,5.569116,5.470431,5.485974,10.519434,8.969429,4.383564601244148,3.498416003681903,7.618289726401063,10.829744576158534,9.27102348843071,-15.853638,-18.15248,-15.750397,-30.56512,-33.211594,-19.828450365857954,-28.142801694335745,-16.945065004876614,-12.844585941990163,-14.89988941029797
2012-07-27 13:00:00,-23.46885,-28.586285,-23.566593,-10.58744,-11.272277,-30.738787,-35.180973,-30.214012,-45.999992,-47.225014,-31.221367,-33.56635,-26.283287,-24.429354,-25.25765,4.604245,4.757062,4.546628,2.9676745,2.575471,5.682193,5.4776587,5.570296,10.741469,9.026984,10.01289,7.8600097,5.584009,10.984469,9.333317,294.62503,294.7252,294.14624,301.15295,293.27893,294.62503,294.7252,294.14624,301.15295,293.27893,294.62503,294.7252,294.14624,301.15295,293.27893,20.82472,23.360216,20.747631,38.86549,41.500248,23.483364403179387,31.03826164630534,23.822134196579032,22.536927297459417,23.76134519869809,5.6851835,5.480658,5.5732565,10.744172,9.029838,4.475384174952608,3.5050781887476496,7.764458625049436,11.056884394535139,9.326801557830652,-15.139537,-17.879559,-15.174374,-28.121317,-32.47041,-19.007980228226778,-27.53318345755769,-16.057675571529597,-11.480042902924279,-14.434543640867439
2012-07-27 14:00:00,-22.721605,-27.631363,-22.799297,-10.129465,-10.945543,-29.903687,-34.212,-29.39322,-43.819157,-45.65985,-30.053589,-32.226048,-25.259007,-23.150448,-24.482885,4.6501756,4.784198,4.571677,2.9892921,2.578933,5.731246,5.504084,5.5966825,10.825447,9.0400305,10.114615,7.9062157,5.6102004,11.070918,9.345374,294.88858,294.8762,294.2889,301.40326,293.31403,294.88858,294.8762,294.2889,301.40326,293.31403,294.88858,294.8762,294.2889,301.40326,293.31403,20.254036,22.787344,20.244574,37.14738,40.29865,22.559073127072892,29.78155088182917,22.880271923905834,21.60591725239973,23.060250723505725,5.734237,5.5070834,5.5996437,10.82815,9.042884,4.514189785138878,3.522292022536325,7.808647683584171,11.141759145802789,9.338847525870078,-14.519798,-17.28026,-14.644929,-26.319231,-31.255766,-18.044883341934014,-26.259258859292842,-15.071624240321663,-10.464158106596942,-13.721403197635647
2012-07-27 15:00:00,-21.535156,-26.05469,-21.51178,-9.630985,-10.373179,-28.605417,-32.602493,-28.0081,-41.383766,-42.949535,-28.197868,-30.035814,-23.56316,-21.659407,-23.132101,4.590429,4.771173,4.5562778,2.9824817,2.5863788,5.667436,5.4914002,5.580461,10.79899,9.068084,9.982287,7.884037,5.594099,11.043683,9.371302,294.54575,294.8037,294.2012,301.3244,293.3895,294.54575,294.8037,294.2012,301.3244,293.3895,294.54575,294.8037,294.2012,301.3244,293.3895,19.754696,22.029182,19.558441,35.381535,38.189457,21.386635424349937,27.894439155511574,21.495625658057957,20.596985731534275,21.830744510092668,5.670427,5.4943995,5.5834217,10.801693,9.070938,4.463710138910003,3.5140295214756736,7.781482046315971,11.115019770372943,9.364751594532247,-14.084269,-16.534784,-13.9750185,-24.579842,-29.118517,-16.922925285439934,-24.3804096340359,-13.714143611741985,-9.481965961161333,-12.46599291556042
2012-07-27 16:00:00,-13.739365,-23.364998,-19.31503,-8.945415,-9.425985,-19.382788,-29.783659,-25.58641,-38.02646,-38.570137,-16.933884,-26.407366,-20.754162,-19.589119,-20.927208,4.047057,4.703292,4.481929,2.9390955,2.5476942,5.087114,5.4252954,5.502141,10.630451,8.922321,8.778842,7.768447,5.51636,10.870185,9.236588,291.42786,294.42596,293.77774,300.82205,292.99738,291.42786,294.42596,293.77774,300.82205,292.99738,291.42786,294.42596,293.77774,300.82205,292.99738,15.671606,20.78772,18.439615,33.044525,34.845352,13.941290121404391,24.842956867010894,19.28979413938351,19.205502723103336,19.92300703020584,5.090105,5.4282937,5.505102,10.633155,8.925175,4.004625750778839,3.4709671054214644,7.6503232492618585,10.944680428673749,9.230161469890025,-10.581501,-15.3594265,-12.934513,-22.411371,-25.920177,-9.936664370625552,-21.37198976158943,-11.63947089012165,-8.260822294429587,-10.692845560315817
2012-07-27 17:00:00,-9.155031,-18.414,-15.412147,-7.933791,-7.646858,-13.364507,-24.282602,-21.05815,-33.144,-30.610077,-10.943251,-20.108896,-16.024422,-16.598574,-16.833353,3.5290933,4.7373643,4.3796625,2.7556624,2.5164192,4.5339255,5.4584756,5.394414,9.917881,8.804476,7.631665,7.826466,5.4094315,10.136646,9.127677,288.45575,294.61557,293.19528,298.69815,292.68036,288.45575,294.61557,293.19528,298.69815,292.68036,288.45575,294.61557,293.19528,298.69815,292.68036,12.335674,17.621363,16.03203,29.857122,28.393446,9.653214455960251,19.050060299410713,15.323079883126608,17.117546553544035,16.218384853487898,4.536917,5.461475,5.3973756,9.920585,8.807329,3.5670066706444112,3.492581808196129,7.469918463979728,10.224497157615062,9.121349716852169,-7.798757,-12.159888,-10.634653,-19.936537,-19.586117,-6.08620778531584,-15.557478491214585,-7.85316141914688,-6.893049395928973,-7.0970351366357285
2012-07-27 18:00:00,-7.447971,-9.073387,-7.664547,-4.5576963,-3.995427,-10.998003,-12.808489,-11.163257,-18.380947,-15.373581,-8.817528,-9.308752,-7.495604,-8.757923,-8.674133,3.202003,4.4364786,4.0337996,2.4852252,2.252453,4.1845922,5.1654596,5.0300827,8.867333,7.8098464,6.907233,7.3141065,5.0478005,9.055184,8.208444,286.5789,292.9412,291.2254,295.56686,290.0047,286.5789,292.9412,291.2254,295.56686,290.0047,286.5789,292.9412,291.2254,295.56686,290.0047,10.929815,10.7364025,9.831794,17.690527,15.23083,8.101266989901056,9.259962873262477,7.732291551294735,9.959183449435407,8.764030573246892,4.1875834,5.168459,5.0330443,8.870036,7.8127003,3.2906537489137677,3.3017058573777214,6.859788081229224,9.162724574273382,8.202965113526506,-6.7422323,-5.5679436,-4.7987494,-8.82049,-7.41813,-4.810613240987289,-5.958257015884756,-0.872503470065511,-0.7964588751620258,-0.5610654597203855
2012-07-27 19:00:00,0.0,0.0,0.0,0.0,0.0,0.0,0.0,0.0,0.0,0.0,0.0,0.0,0.0,0.0,0.0,2.896915,4.2122426,3.6733894,2.2387674,2.2851765,3.8587573,4.9470887,4.6504273,7.9099364,7.933149,6.2315307,6.9322696,4.670959,8.069615,8.322398,284.82828,291.69336,289.17267,292.71323,290.3364,284.82828,291.69336,289.17267,292.71323,290.3364,284.82828,291.69336,289.17267,292.71323,290.3364,0.0,0.0,0.0,0.0,0.0,0.0,0.0,0.0,0.0,0.0,3.8617482,4.950088,4.6533885,7.9126396,7.9360023,3.0328903141378016,3.1594551601697263,6.223994961810952,8.195098599933537,8.316815223631288,3.8617482,4.950088,4.6533885,7.9126396,7.9360023,3.0328903141378016,3.1594551601697263,6.223994961810952,8.195098599933537,8.316815223631288
2012-07-27 20:00:00,0.0,0.0,0.0,0.0,0.0,0.0,0.0,0.0,0.0,0.0,0.0,0.0,0.0,0.0,0.0,3.2344985,3.9237947,3.4844615,2.3227086,1.8952578,4.219298,4.6661854,4.451411,8.236017,6.4639273,6.9792047,6.4410896,4.4734178,8.405292,6.96455,286.76535,290.0882,288.09662,293.68515,286.38403,286.76535,290.0882,288.09662,293.68515,286.38403,286.76535,290.0882,288.09662,293.68515,286.38403,0.0,0.0,0.0,0.0,0.0,0.0,0.0,0.0,0.0,0.0,4.222289,4.669184,4.454372,8.23872,6.466781,3.3181088529246656,2.976469462995764,5.890710212306189,8.524663471717504,6.960219252541024,4.222289,4.669184,4.454372,8.23872,6.466781,3.3181088529246656,2.976469462995764,5.890710212306189,8.524663471717504,6.960219252541024
2012-07-27 21:00:00,0.0,0.0,0.0,0.0,0.0,0.0,0.0,0.0,0.0,0.0,0.0,0.0,0.0,0.0,0.0,2.7683094,3.7611995,3.4622467,2.2011666,1.9891344,3.7214062,4.5078425,4.4280095,7.7638717,6.817656,5.946698,6.164216,4.45019,7.919252,7.291465,284.09033,289.18338,287.9701,292.27786,287.3356,284.09033,289.18338,287.9701,292.27786,287.3356,284.09033,289.18338,287.9701,292.27786,287.3356,0.0,0.0,0.0,0.0,0.0,0.0,0.0,0.0,0.0,0.0,3.7243972,4.5108414,4.4309707,7.766575,6.82051,2.924233706922168,2.8733221392284958,5.851521370234529,8.047473240072005,7.286832582486476,3.7243972,4.5108414,4.4309707,7.766575,6.82051,2.924233706922168,2.8733221392284958,5.851521370234529,8.047473240072005,7.286832582486476
2012-07-27 22:00:00,0.0,0.0,0.0,0.0,0.0,0.0,0.0,0.0,0.0,0.0,0.0,0.0,0.0,0.0,0.0,2.7774198,3.6539161,3.0092692,2.087181,1.9145563,3.7311363,4.4033647,3.9508436,7.32108,6.536645,5.966876,5.981529,3.9765606,7.463431,7.0317554,284.1426,288.58636,285.39014,290.95807,286.57965,284.1426,288.58636,285.39014,290.95807,286.57965,284.1426,288.58636,285.39014,290.95807,286.57965,0.0,0.0,0.0,0.0,0.0,0.0,0.0,0.0,0.0,0.0,3.734127,4.406364,3.953805,7.3237834,6.539499,2.9319310216800516,2.80526348312343,5.052431956645973,7.599950883564806,7.0273624309172895,3.734127,4.406364,3.953805,7.3237834,6.539499,2.9319310216800516,2.80526348312343,5.052431956645973,7.599950883564806,7.0273624309172895
2012-07-27 23:00:00,0.0,0.0,0.0,0.0,0.0,0.0,0.0,0.0,0.0,0.0,0.0,0.0,0.0,0.0,0.0,3.132868,3.6401892,3.298448,2.027712,2.00342,4.1107564,4.3899975,4.2554646,7.0900655,6.871485,6.754115,5.958155,4.2789235,7.2256184,7.341213,286.1822,288.50998,287.03717,290.2695,287.4804,286.1822,288.50998,287.03717,290.2695,287.4804,286.1822,288.50998,287.03717,290.2695,287.4804,0.0,0.0,0.0,0.0,0.0,0.0,0.0,0.0,0.0,0.0,4.113747,4.3929963,4.2584257,7.092768,6.874339,3.232243127467342,2.7965556767424573,5.5625674623400165,7.366467707162467,7.336535294092619,4.113747,4.3929963,4.2584257,7.092768,6.874339,3.232243127467342,2.7965556767424573,5.5625674623400165,7.366467707162467,7.336535294092619
2012-08-27 00:00:00,0.0,0.0,0.0,0.0,0.0,0.0,0.0,0.0,0.0,0.0,0.0,0.0,0.0,0.0,0.0,1.4887155,2.9222121,1.7552333,1.1490796,1.1383953,2.3547957,3.6907985,2.6298435,3.676905,3.6120548,3.112682,4.735556,2.6653516,3.7120202,4.3288603,276.74796,284.51456,278.2477,280.09616,278.7122,276.74796,284.51456,278.2477,280.09616,278.7122,276.74796,284.51456,278.2477,280.09616,278.7122,0.0,0.0,0.0,0.0,0.0,0.0,0.0,0.0,0.0,0.0,2.3577862,3.6937973,2.6328049,3.6796074,3.6149082,1.8431272012753608,2.341084870905554,2.8402095338342073,3.9168399233800093,4.326960164368189,2.3577862,3.6937973,2.6328049,3.6796074,3.6149082,1.8431272012753608,2.341084870905554,2.8402095338342073,3.9168399233800093,4.326960164368189
2012-08-27 01:00:00,0.0,0.0,0.0,0.0,0.0,0.0,0.0,0.0,0.0,0.0,0.0,0.0,0.0,0.0,0.0,1.2307864,2.5070834,1.7136542,1.0354182,1.1371307,2.0793262,3.2865274,2.5860443,3.235372,3.60729,2.541426,4.02866,2.6218772,3.257495,4.324457,275.26794,282.20444,278.0109,278.78012,278.69937,275.26794,282.20444,278.0109,278.78012,278.69937,275.26794,282.20444,278.0109,278.78012,278.69937,0.0,0.0,0.0,0.0,0.0,0.0,0.0,0.0,0.0,0.0,2.0823169,3.2895265,2.5890052,3.2380753,3.6101437,1.6252073683430341,2.077735479204832,2.766860422769064,3.4705903777001597,4.322560767345095,2.0823169,3.2895265,2.5890052,3.2380753,3.6101437,1.6252073683430341,2.077735479204832,2.766860422769064,3.4705903777001597,4.322560767345095
2012-08-27 02:00:00,0.0,0.0,0.0,0.0,0.0,0.0,0.0,0.0,0.0,0.0,0.0,0.0,0.0,0.0,0.0,1.246412,2.3074875,1.5788968,1.2161684,1.3131332,2.0960143,3.092152,2.4440906,3.9375193,4.2704706,2.5760334,3.6887798,2.4809759,3.9803038,4.9373655,275.3576,281.09372,277.24338,280.87296,280.4834,275.3576,281.09372,277.24338,280.87296,280.4834,275.3576,281.09372,277.24338,280.87296,280.4834,0.0,0.0,0.0,0.0,0.0,0.0,0.0,0.0,0.0,0.0,2.0990052,3.095151,2.4470522,3.9402225,4.273324,1.6384091843142317,1.9511156945296824,2.5291374661597406,4.180239328252815,4.9349044591856766,2.0990052,3.095151,2.4470522,3.9402225,4.273324,1.6384091843142317,1.9511156945296824,2.5291374661597406,4.180239328252815,4.9349044591856766
2012-08-27 03:00:00,0.0,0.0,0.0,0.0,0.0,0.0,0.0,0.0,0.0,0.0,0.0,0.0,0.0,0.0,0.0,1.1056219,2.1767378,1.7332593,1.117844,1.2802474,1.94565,2.9648218,2.6066966,3.5555658,4.146556,2.2642145,3.4661345,2.6423762,3.5871108,4.8228445,274.54974,280.36612,278.12256,279.7345,280.15005,274.54974,280.36612,278.12256,279.7345,280.15005,274.54974,280.36612,278.12256,279.7345,280.15005,0.0,0.0,0.0,0.0,0.0,0.0,0.0,0.0,0.0,0.0,1.9486407,2.967821,2.6096578,3.558269,4.14941,1.5194580364621058,1.868170620724184,2.8014460409890845,3.794205117567656,4.820488712320786,1.9486407,2.967821,2.6096578,3.558269,4.14941,1.5194580364621058,1.868170620724184,2.8014460409890845,3.794205117567656,4.820488712320786
2012-08-27 04:00:00,0.0,0.0,0.0,0.0,0.0,0.0,0.0,0.0,0.0,0.0,0.0,0.0,0.0,0.0,0.0,1.0220212,2.159145,1.7603984,1.0924728,1.0271982,1.856364,2.9476895,2.6352842,3.4570088,3.1930618,2.0790572,3.4361768,2.6707523,3.4856534,3.9416285,274.07004,280.26822,278.27713,279.44073,277.58505,274.07004,280.26822,278.27713,279.44073,277.58505,274.07004,280.26822,278.27713,279.44073,277.58505,0.0,0.0,0.0,0.0,0.0,0.0,0.0,0.0,0.0,0.0,1.8593549,2.9506884,2.6382458,3.4597118,3.1959152,1.448825175586933,1.8570101561336279,2.849321459487145,3.6945947352581707,3.940085569961168,1.8593549,2.9506884,2.6382458,3.4597118,3.1959152,1.448825175586933,1.8570101561336279,2.849321459487145,3.6945947352581707,3.940085569961168
2012-08-27 05:00:00,-0.3049809,-3.4110796,-1.4310007,-1.2354311,-0.75199777,-0.4482201,-4.9672914,-2.1368117,-4.8707614,-2.6777184,-0.34249997,-3.4099395,-1.3510435,-2.2727914,-1.5438843,1.0845077,2.5383863,1.5884771,1.0837171,1.3077862,1.9231,3.3170118,2.454183,3.422996,4.2503233,2.2174509,4.081963,2.4909935,3.4506397,4.9187455,274.4286,282.37863,277.29794,279.33936,280.4292,274.4286,282.37863,277.29794,279.33936,280.4292,274.4286,282.37863,277.29794,279.33936,280.4292,0.79646814,6.107787,3.2404683,5.5001106,2.976407,0.39447777961450503,4.218588934994239,2.2314547923478196,2.612644075968127,1.8535805476679612,1.9260906,3.3200104,2.457144,3.4256988,4.2531767,1.5016189590605893,2.097593313332916,2.546038008760833,3.660218494864227,4.9163012946308795,1.1296225,-2.7877765,-0.78332424,-2.0744116,1.2767695,1.1071411794460841,-2.120995621661323,0.31458321641301357,1.0475744188961,3.0627207469629183
2012-08-27 06:00:00,-1.7809746,-12.137007,-6.807218,-4.5961256,-3.1671915,-2.3827581,-16.167784,-9.415203,-19.201418,-11.996839,-2.1561763,-13.124918,-6.9908404,-9.511882,-6.694792,1.164843,2.6284556,1.9404267,1.1716857,1.479107,2.0088983,3.4047253,2.8249261,3.7647214,4.895863,2.395376,4.235337,2.8589885,3.802421,5.515351,274.88956,282.87985,279.3025,280.3579,282.16577,274.88956,282.87985,279.3025,280.3579,282.16577,274.88956,282.87985,279.3025,280.3579,282.16577,3.5634718,17.002552,11.399543,19.999289,12.212726,2.394922529731985,15.69173241037499,10.328522837687455,9.372363163049013,7.4979480925643145,2.011889,3.4077241,2.8278875,3.7674246,4.898717,1.5694928291235375,2.154731552246661,3.166906096430153,4.005595195462749,5.512356742731198,-1.5515828,-13.594829,-8.571655,-16.231863,-7.314008,-0.8254297006084477,-13.537000858128328,-7.161616741257301,-5.366767967586264,-1.9855913498331166
2012-08-27 07:00:00,-1.1366451,-17.671577,-10.52138,-7.7390018,-4.582134,-1.4577512,-22.618294,-14.052785,-33.35809,-17.844135,-1.4298643,-19.887747,-11.258801,-17.023123,-9.807491,0.99940705,2.8695655,2.154329,1.3797363,1.5983427,1.8322122,3.639529,3.0502508,4.572921,5.345146,2.0289721,4.645908,3.0826428,4.6344028,5.930576,273.94028,284.2216,280.52078,282.76685,283.3744,273.94028,284.2216,280.52078,282.76685,283.3744,273.94028,284.2216,280.52078,282.76685,283.3744,2.1715705,21.487692,15.378471,32.83298,17.407198,1.6104894308952082,22.796014183775185,15.626015072657134,15.706196940394992,10.607019330203396,1.8352029,3.6425278,3.053212,4.5756235,5.347999,1.4297189395387597,2.307686971881446,3.544247573599171,4.822429304955946,5.927198932499316,-0.33636758,-17.845163,-12.325259,-28.257357,-12.059199,-0.18077049135644851,-20.48832721189374,-12.081767499057964,-10.883767635439046,-4.679820397704081
2012-08-27 08:00:00,-5.580102,-21.383373,-13.350403,-9.900795,-5.3757143,-7.3229833,-26.823475,-17.522427,-43.278122,-21.221977,-7.2422976,-24.58462,-14.602037,-22.45746,-11.575083,1.4916832,3.1117501,2.3667634,1.5628744,1.6701659,2.357965,3.8753796,3.2740288,5.2843437,5.615777,3.1192548,5.058309,3.3047624,5.36676,6.180692,276.76498,285.5693,281.7307,284.88733,284.10242,276.76498,285.5693,281.7307,284.88733,284.10242,276.76498,285.5693,281.7307,284.88733,284.10242,9.070935,23.719542,17.869286,41.115566,20.24661,7.741221504146267,27.184766142297967,19.22272012085609,20.1300845628135,12.287632918900037,2.3609557,3.8783784,3.2769902,5.287047,5.6186304,1.8456345577464053,2.4613242652879728,3.9189991465888276,5.5414535937978595,6.177084683411048,-6.70998,-19.841162,-14.592296,-35.828518,-14.62798,-5.895586946399862,-24.723441877009993,-15.30372097426726,-14.588630969015641,-6.110548235488989
2012-08-27 09:00:00,-7.0237966,-24.027592,-15.578028,-11.385851,-5.9225445,-9.1941395,-29.815952,-20.249613,-50.0716,-23.55083,-9.239508,-27.954147,-17.248695,-26.240831,-12.7922945,1.617385,3.3653636,2.5755224,1.7491015,1.7437415,2.492215,4.1223598,3.493935,6.0077677,5.893011,3.397656,5.490172,3.5230384,6.111471,6.4369116,277.48627,286.98062,282.9197,287.04358,284.8482,277.48627,286.98062,282.9197,287.04358,284.8482,277.48627,286.98062,282.9197,287.04358,284.8482,10.85074,24.83594,19.526608,46.323387,22.131577,9.708894715583531,29.890718589978512,21.675764620611098,23.25436960950863,13.374862410607397,2.4952056,4.1253586,3.4968963,6.01047,5.8958645,1.9518377301355334,2.622211685940983,4.287266506925044,6.272605803693867,6.4330667416262095,-8.355535,-20.71058,-16.029713,-40.31292,-16.235712,-7.757056985447997,-27.26850690403753,-17.388498113686055,-16.98176380581476,-6.941795668981188
2012-08-27 10:00:00,-8.468679,-25.431366,-17.123856,-12.173841,-6.213867,-11.090735,-31.379868,-22.143745,-53.65036,-24.799374,-11.225616,-29.774473,-19.083057,-28.276192,-13.441931,1.762297,3.5131798,2.7477813,1.8937349,1.7846568,2.6469812,4.2663097,3.675392,6.569614,6.047181,3.718604,5.741878,3.7031505,6.689851,6.5793943,278.31778,287.8032,283.90082,288.71823,285.26294,278.31778,287.8032,283.90082,288.71823,285.26294,278.31778,287.8032,283.90082,288.71823,285.26294,12.518418,25.29105,20.502813,48.779224,23.11897,11.577487196032846,31.238649524966984,23.142136343856425,24.96187235365983,13.940316528181809,2.6499722,4.2693086,3.6783535,6.5723166,6.0500345,2.0742713175307768,2.7159832453467967,4.591145446568509,6.840455349635379,6.575418659587746,-9.868446,-21.021742,-16.82446,-42.20691,-17.068937,-9.50321587850207,-28.52266627962019,-18.550990897287917,-18.12141700402445,-7.3648978685940625
2012-08-27 11:00:00,-10.086533,-25.921585,-18.187403,-12.545568,-6.4968567,-13.2439575,-31.91717,-23.470352,-55.26351,-25.948166,-13.419479,-30.420618,-20.318306,-29.206795,-14.055843,1.9529369,3.5628486,2.9021437,2.0282865,1.8674178,2.8505855,4.314679,3.8379982,7.0922976,6.359026,4.1408296,5.826456,3.864551,7.227916,6.8676004,279.41168,288.0796,284.78,290.27615,286.10184,279.41168,288.0796,284.78,290.27615,286.10184,279.41168,288.0796,284.78,290.27615,286.10184,14.232645,25.43883,21.047472,49.59468,23.98158,13.517341384529717,31.713093624448458,23.921284476853724,25.832389484958867,14.391165623804149,2.8535764,4.3176785,3.840959,7.0950003,6.36188,2.235339763237919,2.7474920757073535,4.863454021397853,7.368723583262972,6.863359194749241,-11.379069,-21.121153,-17.206514,-42.49968,-17.6197,-11.282001621291798,-28.965601548741105,-19.05783045545587,-18.463665901695894,-7.527806429054908
2012-08-27 12:00:00,-11.105594,-25.986269,-19.064003,-12.569534,-6.526354,-14.620337,-32.022957,-24.612762,-55.25687,-26.047173,-14.776215,-30.468536,-21.280348,-29.205853,-14.114245,2.0951257,3.6097696,3.09359,2.1282766,1.8895648,3.0024438,4.360373,4.039667,7.4807215,6.442476,4.455746,5.9063554,4.064726,7.6277695,6.944724,280.22757,288.3407,285.8704,291.4339,286.32632,280.22757,288.3407,285.8704,291.4339,286.32632,280.22757,288.3407,285.8704,291.4339,286.32632,15.21424,25.339682,21.322777,49.21782,24.04252,14.633031107740996,31.604026683923276,24.21760704456101,25.973661522530005,14.40889855926124,3.0054348,4.3633723,4.042629,7.4834247,6.445329,2.3554726937995154,2.77725795321259,5.201181307268673,7.761297765028496,6.940411491182285,-12.208805,-20.976309,-17.280148,-41.734398,-17.59719,-12.277558413941481,-28.826768730710686,-19.016425737292337,-18.212363757501507,-7.4684870680789555
2012-08-27 13:00:00,-11.957139,-25.552025,-19.113743,-12.313381,-6.566476,-15.815187,-31.615822,-24.757929,-53.9282,-26.116552,-15.858577,-29.823652,-21.248274,-28.414452,-14.175538,2.2523658,3.6467648,3.1919925,2.1920683,1.9659278,3.1703768,4.396401,4.143324,7.7285275,6.730215,4.803998,5.9693522,4.1676145,7.882868,7.2106514,281.12982,288.54657,286.43085,292.17252,287.10037,281.12982,288.54657,286.43085,292.17252,287.10037,281.12982,288.54657,286.43085,292.17252,287.10037,15.960333,24.97559,21.160343,47.94731,24.02731,15.43104078978556,30.850426362545512,23.811460446396527,25.52494534571983,14.336235058187638,3.1733677,4.3993998,4.1462855,7.7312307,6.7330675,2.4883221455314626,2.800726935172656,5.374771052721168,8.011751752462162,7.206093172357886,-12.786964,-20.576189,-17.014057,-40.216084,-17.29424,-12.942718644254098,-28.049699427372857,-18.43668939367536,-17.513193593257668,-7.130141885829752
2012-08-27 14:00:00,-12.13652,-24.482044,-18.653526,-11.802981,-6.317213,-16.171278,-30.537384,-24.327074,-51.38993,-24.996935,-15.977126,-28.321047,-20.566656,-26.895096,-13.607179,2.3624525,3.66297,3.2745082,2.2277632,1.9667801,3.28795,4.4121823,4.230246,7.86719,6.7334247,5.047816,5.996947,4.253892,8.025611,7.2136183,281.7615,288.63675,286.90082,292.58582,287.109,281.7615,288.63675,286.90082,292.58582,287.109,281.7615,288.63675,286.90082,292.58582,287.109,16.079826,24.285948,20.665638,45.848797,23.13201,15.390376824514776,29.324361674505845,22.803672425405026,24.548148531869057,13.79564724914665,3.2909408,4.415181,4.233207,7.869893,6.736278,2.5813324888901494,2.811007225966014,5.520335010247354,8.151895468192201,7.2090575279710665,-12.788885,-19.870766,-16.43243,-37.978905,-16.395731,-12.809044335624627,-26.51335444853983,-17.28333741515767,-16.396253063676856,-6.586589721175584
2012-08-27 15:00:00,-11.32863,-22.413662,-17.07895,-10.869701,-5.814846,-15.281105,-28.373686,-22.572031,-46.85911,-22.794052,-14.712066,-25.51805,-18.544796,-24.206596,-12.475252,2.3854017,3.6526659,3.2509108,2.2271307,1.9513052,3.3124595,4.4021473,4.2053885,7.864732,6.6751146,5.0986433,5.9794,4.229219,8.023081,7.159728,281.8932,288.5794,286.76642,292.5785,286.95215,281.8932,288.5794,286.76642,292.5785,286.95215,281.8932,288.5794,286.76642,292.5785,286.95215,15.366747,23.01152,19.57448,42.30023,21.35655,14.215460119326435,26.583503401141652,20.77941065647378,22.702666933761353,12.737771337742593,3.3154504,4.405146,4.2083497,7.867436,6.677968,2.6007218135721506,2.804470283021608,5.478707499276878,8.149411934870544,7.155217288212252,-12.051296,-18.606375,-15.36613,-34.43279,-14.678583,-11.614738305754285,-23.779033118120044,-15.300703157196901,-14.553254998890809,-5.582554049530342
2012-08-27 16:00:00,-9.080823,-18.40667,-14.088486,-9.201673,-4.8675346,-12.522975,-23.958794,-19.096079,-39.011208,-18.758259,-11.505394,-20.36214,-14.877886,-19.69468,-10.36865,2.274161,3.5560813,3.1746054,2.1654425,1.9080143,3.193654,4.308089,4.1250086,7.625097,6.511994,4.8522696,5.814933,4.1494346,7.7763925,7.0089726,281.25488,288.04193,286.33182,291.86423,286.51334,281.25488,288.04193,286.33182,291.86423,286.51334,281.25488,288.04193,286.33182,291.86423,286.51334,13.304712,20.46669,17.345982,36.133774,18.00393,11.38618345400674,21.633544656484617,17.08903390200078,19.334516898443006,10.750042268979266,3.1966448,4.311088,4.1279697,7.6278,6.5148473,2.5067363871413906,2.7431990541036297,5.344098647385293,7.907215695731389,7.004600788700188,-10.1080675,-16.155603,-13.218011,-28.505974,-11.489081,-8.87944706686535,-18.890345602380986,-11.744935254615486,-11.427301202711618,-3.7454414802790783
2012-08-27 17:00:00,-5.9127183,-10.72941,-8.338175,-5.658689,-2.8807907,-8.549738,-14.800955,-11.915425,-23.204388,-10.729247,-7.1478653,-11.232752,-8.344934,-11.209935,-6.0505514,2.29794,3.4014704,3.0297534,2.0018506,1.7510123,3.21905,4.157522,3.9724214,6.989604,5.9204073,4.904934,5.551656,3.9979784,7.1222,6.4622307,281.39133,287.18155,285.5068,289.97006,284.9219,281.39133,287.18155,285.5068,289.97006,284.9219,281.39133,287.18155,285.5068,289.97006,284.9219,9.699982,14.09474,11.991888,22.737015,10.887725,7.196741467898132,12.347014726779912,10.04998536153617,12.040764705861395,6.548878854892457,3.2220407,4.160521,3.9753828,6.9923067,5.923261,2.526826693202393,2.6451170783550175,5.088567736491596,7.264932586528697,6.458363274509,-6.4779415,-9.934219,-8.016504,-15.744708,-4.9644637,-4.669914774695739,-9.701897648424895,-4.961417625044573,-4.775832119332699,-0.09051558038345675
2012-08-27 18:00:00,0.0,0.0,0.0,0.0,0.0,0.0,0.0,0.0,0.0,0.0,0.0,0.0,0.0,0.0,0.0,2.089733,3.239736,2.7630413,1.6296997,1.624021,2.996684,4.0000176,3.6914673,5.543935,5.4419017,4.443802,5.2762485,3.719107,5.6339903,6.0199976,280.19662,286.28152,283.98773,285.66107,283.63467,280.19662,286.28152,283.98773,285.66107,283.63467,280.19662,286.28152,283.98773,285.66107,283.63467,0.0,0.0,0.0,0.0,0.0,0.0,0.0,0.0,0.0,0.0,2.999675,4.003017,3.6944284,5.546638,5.4447556,2.350916314836005,2.542515949394706,4.618065326505819,5.803818193119975,6.016538116332573,2.999675,4.003017,3.6944284,5.546638,5.4447556,2.350916314836005,2.542515949394706,4.618065326505819,5.803818193119975,6.016538116332573
2012-08-27 19:00:00,0.0,0.0,0.0,0.0,0.0,0.0,0.0,0.0,0.0,0.0,0.0,0.0,0.0,0.0,0.0,1.4933054,3.1191044,2.6889112,1.7697098,1.4578545,2.3596976,3.8825412,3.6133785,6.0878224,4.815783,3.1228476,5.0708323,3.641597,6.193883,5.441341,276.7743,285.61023,283.56552,287.2822,281.95035,276.7743,285.61023,283.56552,287.2822,281.95035,276.7743,285.61023,283.56552,287.2822,281.95035,0.0,0.0,0.0,0.0,0.0,0.0,0.0,0.0,0.0,0.0,2.362688,3.8855402,3.6163402,6.090526,4.818637,1.8470050662117612,2.4659895343079032,4.487294069858106,6.353517249702373,5.438415448478771,2.362688,3.8855402,3.6163402,6.090526,4.818637,1.8470050662117612,2.4659895343079032,4.487294069858106,6.353517249702373,5.438415448478771
2012-08-27 20:00:00,0.0,0.0,0.0,0.0,0.0,0.0,0.0,0.0,0.0,0.0,0.0,0.0,0.0,0.0,0.0,1.622129,3.1057835,2.6389894,1.7369379,1.5722702,2.4972818,3.869569,3.5607913,5.9605155,5.2469034,3.4081633,5.048149,3.5893993,6.0628295,5.839781,277.5135,285.5361,283.2812,286.90274,283.1101,277.5135,285.5361,283.2812,286.90274,283.1101,277.5135,285.5361,283.2812,286.90274,283.1101,0.0,0.0,0.0,0.0,0.0,0.0,0.0,0.0,0.0,0.0,2.5002723,3.872568,3.5637524,5.963218,5.249757,1.9558459057129018,2.4575391700652407,4.399227875554764,6.224849527529494,5.836487555785047,2.5002723,3.872568,3.5637524,5.963218,5.249757,1.9558459057129018,2.4575391700652407,4.399227875554764,6.224849527529494,5.836487555785047
2012-08-27 21:00:00,0.0,0.0,0.0,0.0,0.0,0.0,0.0,0.0,0.0,0.0,0.0,0.0,0.0,0.0,0.0,1.420634,3.0423615,2.4682255,1.558233,1.4907644,2.282084,3.807805,3.3809085,5.2663136,4.9397883,2.9618964,4.9401507,3.4108498,5.3482,5.5559464,276.3573,285.18317,282.3086,284.8336,282.28394,276.3573,285.18317,282.3086,284.8336,282.28394,276.3573,285.18317,282.3086,284.8336,282.28394,0.0,0.0,0.0,0.0,0.0,0.0,0.0,0.0,0.0,0.0,2.285075,3.8108041,3.38387,5.2690167,4.942642,1.7856062869638216,2.417305138584635,4.097986101115832,5.523230668050196,5.552914993382196,2.285075,3.8108041,3.38387,5.2690167,4.942642,1.7856062869638216,2.417305138584635,4.097986101115832,5.523230668050196,5.552914993382196
2012-08-27 22:00:00,0.0,0.0,0.0,0.0,0.0,0.0,0.0,0.0,0.0,0.0,0.0,0.0,0.0,0.0,0.0,1.3628808,2.8847342,2.0904922,1.5561402,1.5473024,2.2204037,3.6543012,2.9830048,5.258184,5.1528244,2.8339863,4.6717377,3.0158954,5.339831,5.752834,276.0259,284.306,280.1572,284.80936,282.85703,276.0259,284.306,280.1572,284.80936,282.85703,276.0259,284.306,280.1572,284.80936,282.85703,0.0,0.0,0.0,0.0,0.0,0.0,0.0,0.0,0.0,0.0,2.2233944,3.6573,2.9859662,5.260887,5.1556783,1.7368116921267776,2.317309741537767,3.431634002822094,5.515014311977712,5.749620414088577,2.2233944,3.6573,2.9859662,5.260887,5.1556783,1.7368116921267776,2.317309741537767,3.431634002822094,5.515014311977712,5.749620414088577
2012-08-27 23:00:00,0.0,0.0,0.0,0.0,0.0,0.0,0.0,0.0,0.0,0.0,0.0,0.0,0.0,0.0,0.0,1.4686543,3.0130434,1.9744296,1.4927018,1.524096,2.33337,3.7792547,2.8607445,5.0117497,5.065382,3.068251,4.890228,2.8945413,5.086145,5.6720195,276.63284,285.02002,279.49615,284.07483,282.6218,276.63284,285.02002,279.49615,284.07483,282.6218,276.63284,285.02002,279.49615,284.07483,282.6218,0.0,0.0,0.0,0.0,0.0,0.0,0.0,0.0,0.0,0.0,2.3363607,3.7822535,2.8637059,5.014453,5.068236,1.8261778310087313,2.3987066835655853,3.2268897895769832,5.265946963981973,5.668881003959988,2.3363607,3.7822535,2.8637059,5.014453,5.068236,1.8261778310087313,2.3987066835655853,3.2268897895769832,5.265946963981973,5.668881003959988
2012-09-21 00:00:00,0.0,0.0,0.0,0.0,0.0,0.0,0.0,0.0,0.0,0.0,0.0,0.0,0.0,0.0,0.0,1.019415,1.8214178,1.4503334,1.1166158,0.87247235,1.8535807,2.6187954,2.3086627,3.5507948,2.6100519,2.0732853,2.861082,2.3465514,3.582199,3.402813,274.05508,278.38882,276.51114,279.72028,276.0167,274.05508,278.38882,276.51114,279.72028,276.0167,274.05508,278.38882,276.51114,279.72028,276.0167,0.0,0.0,0.0,0.0,0.0,0.0,0.0,0.0,0.0,0.0,1.8565716,2.6217942,2.3116238,3.5534978,2.6129053,1.4466233751016073,1.6427626338939747,2.3023412585699154,3.789382923701438,3.401766970411548,1.8565716,2.6217942,2.3116238,3.5534978,2.6129053,1.4466233751016073,1.6427626338939747,2.3023412585699154,3.789382923701438,3.401766970411548
2012-09-21 01:00:00,0.0,0.0,0.0,0.0,0.0,0.0,0.0,0.0,0.0,0.0,0.0,0.0,0.0,0.0,0.0,0.9006806,1.6957299,1.390124,1.022585,0.87813544,1.7267718,2.4963946,2.245238,3.1855202,2.6313906,1.8103148,2.6470559,2.283597,3.206176,3.422534,273.37378,277.6894,276.1682,278.63153,276.0741,273.37378,277.6894,276.1682,278.63153,276.0741,273.37378,277.6894,276.1682,278.63153,276.0741,0.0,0.0,0.0,0.0,0.0,0.0,0.0,0.0,0.0,0.0,1.7297627,2.4993937,2.2481992,3.1882234,2.634244,1.3463066489079416,1.5630286289217317,2.19612683060097,3.42020569543703,3.4214699842221186,1.7297627,2.4993937,2.2481992,3.1882234,2.634244,1.3463066489079416,1.5630286289217317,2.19612683060097,3.42020569543703,3.4214699842221186
2012-09-21 02:00:00,0.0,0.0,0.0,0.0,0.0,0.0,0.0,0.0,0.0,0.0,0.0,0.0,0.0,0.0,0.0,1.0990484,1.7907019,1.34107,0.9577656,0.91613346,1.9386294,2.588883,2.1935647,2.9337206,2.774568,2.2496552,2.808778,2.2323065,2.9469671,3.554858,274.51202,278.2179,275.88882,277.881,276.45926,274.51202,278.2179,275.88882,277.881,276.45926,274.51202,278.2179,275.88882,277.881,276.45926,0.0,0.0,0.0,0.0,0.0,0.0,0.0,0.0,0.0,0.0,1.9416201,2.5918818,2.1965258,2.9364238,2.7774215,1.5139041070746309,1.6232770471820968,2.1095918935131626,3.1657159663556707,3.553671864766089,1.9416201,2.5918818,2.1965258,2.9364238,2.7774215,1.5139041070746309,1.6232770471820968,2.1095918935131626,3.1657159663556707,3.553671864766089
2012-09-21 03:00:00,0.0,0.0,0.0,0.0,0.0,0.0,0.0,0.0,0.0,0.0,0.0,0.0,0.0,0.0,0.0,0.88635796,1.7317215,1.3379034,0.89601666,0.9096545,1.7114753,2.531445,2.190229,2.6938496,2.750155,1.7785934,2.7083437,2.2289956,2.700037,3.5322955,273.2916,277.88968,275.8708,277.16605,276.3936,273.2916,277.88968,275.8708,277.16605,276.3936,273.2916,277.88968,275.8708,277.16605,276.3936,0.0,0.0,0.0,0.0,0.0,0.0,0.0,0.0,0.0,0.0,1.7144661,2.5344439,2.19319,2.6965525,2.7530084,1.3342057331794068,1.5858609634316507,2.104005640337969,2.923281721939857,3.5311301924001417,1.7144661,2.5344439,2.19319,2.6965525,2.7530084,1.3342057331794068,1.5858609634316507,2.104005640337969,2.923281721939857,3.5311301924001417
2012-09-21 04:00:00,0.0,0.0,0.0,0.0,0.0,0.0,0.0,0.0,0.0,0.0,0.0,0.0,0.0,0.0,0.0,0.5761378,1.6120055,1.4320834,0.8684105,0.86878425,1.380159,2.4148602,2.2894382,2.58661,2.5961552,1.0915245,2.5044868,2.3274696,2.5896416,3.3899696,271.51154,277.22348,276.4072,276.8464,275.9793,271.51154,277.22348,276.4072,276.8464,275.9793,271.51154,277.22348,276.4072,276.8464,275.9793,0.0,0.0,0.0,0.0,0.0,0.0,0.0,0.0,0.0,0.0,1.3831497,2.417859,2.2923994,2.5893128,2.5990086,1.072106099488463,1.509915532629955,2.270147048223539,2.8148961885605153,3.388935395760858,1.3831497,2.417859,2.2923994,2.5893128,2.5990086,1.072106099488463,1.509915532629955,2.270147048223539,2.8148961885605153,3.388935395760858
2012-09-21 05:00:00,0.0,0.0,0.0,0.0,0.0,0.0,0.0,0.0,0.0,0.0,0.0,0.0,0.0,0.0,0.0,0.5488329,1.7619603,1.4239874,0.9039976,0.76631206,1.3509972,2.5608928,2.2809095,2.724852,2.210038,1.0310501,2.7598357,2.319004,2.731952,3.0331216,271.35486,278.05795,276.36108,277.25845,274.9406,271.35486,278.05795,276.36108,277.25845,274.9406,271.35486,278.05795,276.36108,277.25845,274.9406,0.0,0.0,0.0,0.0,0.0,0.0,0.0,0.0,0.0,0.0,1.3539879,2.5638916,2.283871,2.727555,2.2128913,1.0490366225667034,1.6050438816836228,2.255864766416911,2.9546156340147713,3.032416640813184,1.3539879,2.5638916,2.283871,2.727555,2.2128913,1.0490366225667034,1.6050438816836228,2.255864766416911,2.9546156340147713,3.032416640813184
2012-09-21 06:00:00,-0.47547233,-4.5387907,-1.7694769,-0.8756525,-0.74925244,-0.663306,-6.2732177,-2.5590615,-3.3339686,-2.6974857,-0.5558196,-4.743533,-1.7009465,-1.6077309,-1.5289513,1.029935,1.9065351,1.4304816,0.89119333,1.0311874,1.8648161,2.7016864,2.2877505,2.675113,3.2080932,2.0965848,3.0060232,2.3257942,2.680749,3.95552,274.11545,278.8625,276.39807,277.1102,277.6255,274.11545,278.8625,276.39807,277.1102,277.6255,274.11545,278.8625,276.39807,277.1102,277.6255,1.11429,8.166247,3.8687441,3.7849145,2.9888685,0.645960220013393,6.28739991443911,2.8842518330865494,1.8097144354338457,1.9378777035633483,1.8678068,2.7046854,2.2907116,2.6778157,3.2109466,1.4555114595097178,1.6967593829307646,2.267320838918323,2.9043447803622184,3.9539646200935468,0.75351685,-5.4615617,-1.5780324,-1.1070988,0.22207795,0.8095512394963248,-4.590640531508345,-0.6169309941682264,1.0946303449283727,2.0160869165301984
2012-09-21 07:00:00,-1.4012383,-8.876041,-4.7583427,-2.7412698,-1.523036,-1.8326244,-11.571575,-6.4306064,-11.210826,-5.777594,-1.731046,-9.803525,-4.936137,-5.619087,-3.2062712,1.1343735,2.108385,1.5552726,1.0272422,1.0985787,1.9763567,2.898257,2.4192054,3.203612,3.4620252,2.3278928,3.349741,2.4562747,3.2248,4.1902037,274.71472,279.98575,277.10883,278.68546,278.3086,274.71472,279.98575,277.10883,278.68546,278.3086,274.71472,279.98575,277.10883,278.68546,278.3086,2.7169645,13.221021,8.38635,11.7483835,6.0342693,1.9438806850714234,12.433274626412791,7.900123861838271,5.467246789992834,3.8631598586715796,1.9793476,2.9012558,2.4221666,3.206315,3.464879,1.5437497373267397,1.8248090151578837,2.487462694164094,3.438490709517734,4.188431531914816,-0.73761684,-10.319764,-5.964183,-8.5420685,-2.5693903,-0.4001309477446837,-10.608465611254907,-5.412661167674177,-2.0287560804751,0.32527167324323614
2012-09-21 08:00:00,-0.28959414,-12.091359,-7.1799655,-5.137548,-2.1690845,-0.36792612,-15.34259,-9.478213,-21.842321,-8.491791,-0.36758038,-13.731817,-7.7136254,-11.214971,-4.654381,0.9065097,2.3322916,1.733522,1.2447681,1.1806656,1.7329972,3.1163073,2.6069732,4.0486193,3.7713296,1.8232248,3.7310176,2.6426508,4.0946727,4.476062,273.40723,281.23175,278.12405,281.2041,279.14066,273.40723,281.23175,278.12405,281.2041,279.14066,273.40723,281.23175,278.12405,281.2041,279.14066,0.56557244,16.094444,11.335968,21.569498,8.567607,0.42442438846686764,16.75876365334463,11.686795578075925,10.188121596551493,5.424254809083403,1.735988,3.1193063,2.6099343,4.051322,3.7741833,1.3512314924424662,1.9668509754969783,2.8019091990357587,4.292526078558261,4.474025721997326,1.1704156,-12.975138,-8.726034,-17.518177,-4.7934237,0.9268071039755985,-14.791912677847652,-8.884886379040166,-5.8955955179932324,-0.9502290870860772
2012-09-21 09:00:00,-5.006631,-14.184556,-9.259521,-6.8727665,-2.7381258,-6.6852317,-17.752523,-12.096808,-29.676216,-10.921665,-6.5497394,-16.348684,-10.12742,-15.4617195,-5.9436326,1.6384141,2.4953697,1.9204301,1.4297327,1.2762672,2.5146742,3.2751203,2.8038614,4.767138,4.1315594,3.444231,4.008713,2.83808,4.834335,4.8089843,277.60693,282.13925,279.1886,283.34573,280.1097,277.60693,282.13925,279.1886,283.34573,280.1097,277.60693,282.13925,279.1886,283.34573,280.1097,8.011791,17.673386,13.566427,28.254,10.765498,7.0373380444501645,19.443725019427234,14.602069030741916,13.646904586811068,6.743215950302697,2.517665,3.278119,2.806823,4.7698407,4.1344123,1.9696049120109984,2.070304446671968,3.1316304672426383,5.018721569866461,4.806641086452857,-5.4941263,-14.395267,-10.759604,-23.484158,-6.631086,-5.067733132439166,-17.373420572755265,-11.470438563499277,-8.628183016944607,-1.93657486384984
2012-09-21 10:00:00,-6.247383,-14.925229,-11.177038,-7.8986044,-3.113578,-8.35266,-18.552362,-14.538211,-34.27904,-12.531153,-8.248874,-17.331614,-12.334034,-17.975513,-6.7956066,1.8165452,2.5233984,2.132661,1.5817486,1.347395,2.7049189,3.3024158,3.0274253,5.3576627,4.39957,3.8387518,4.0564413,3.0599866,5.442237,5.056679,278.62906,282.29523,280.39737,285.10587,280.8307,278.62906,282.29523,280.39737,285.10587,280.8307,278.62906,282.29523,280.39737,285.10587,280.8307,9.486546,18.211172,15.389629,31.924543,12.183201,8.6693808961048,20.490669984776158,16.919808865987527,15.740373377260791,7.578375953214939,2.7079093,3.3054147,3.0303867,5.360366,4.4024234,2.120104715388577,2.0880853489544906,3.5060228564409965,5.615556019282819,5.054107169001887,-6.778636,-14.905758,-12.359243,-26.564178,-7.780778,-6.549276180716223,-18.40258463582167,-13.41378600954653,-10.124817357977973,-2.524268784213052
2012-09-21 11:00:00,-5.0402374,-15.674162,-12.498447,-8.54199,-3.335889,-6.653454,-19.437557,-16.228354,-37.11335,-13.4775,-6.6559744,-18.248709,-13.844536,-19.523342,-7.298471,1.5964144,2.6107478,2.3005152,1.7195529,1.3980831,2.4698184,3.3874805,3.204243,5.892981,4.590564,3.3512108,4.205183,3.2354937,5.993308,5.2331944,277.36594,282.7813,281.3534,286.70145,281.34448,277.36594,282.7813,281.3534,286.70145,281.34448,277.36594,282.7813,281.3534,286.70145,281.34448,7.9697227,18.6796,16.49699,34.0135,13.005232,7.150784582825636,21.31798185240043,18.30871225068284,17.092436054505985,8.052335953040691,2.4728088,3.3904793,3.2072043,5.8956842,4.593417,1.9341199764342292,2.1434980297519894,3.8021320835463746,6.156593753405935,5.23046014109905,-5.496914,-15.28912,-13.289785,-28.117815,-8.411816,-5.216664606391406,-19.17448382264844,-14.506580167136466,-10.935842301100049,-2.8218758119416414
2012-09-21 12:00:00,-6.073728,-15.676484,-13.216942,-8.79607,-3.4350631,-8.098175,-19.468578,-17.190966,-38.134216,-13.883699,-8.029274,-18.222193,-14.621994,-20.047554,-7.519426,1.7764227,2.6316419,2.430595,1.8364086,1.4336125,2.6620677,3.4078279,3.3412688,6.346923,4.7244377,3.7498894,4.240762,3.3715038,6.460607,5.356921,278.39883,282.89758,282.09427,288.05447,281.70462,278.39883,282.89758,282.09427,288.05447,281.70462,278.39883,282.89758,282.09427,288.05447,281.70462,9.27223,18.659575,17.025574,34.60854,13.360161,8.470526140538047,21.241229305487774,18.843890116552192,17.679369127457644,8.245658971109622,2.6650586,3.410827,3.3442302,6.3496256,4.727292,2.086205974855318,2.1567528209271822,4.031603265160871,6.6153851423601555,5.3540727226931715,-6.6071715,-15.248747,-13.681344,-28.258913,-8.632869,-6.384320165682729,-19.084476484560593,-14.81228685139132,-11.063983985097488,-2.8915862484164503
2012-09-21 13:00:00,-5.529522,-15.299983,-13.222135,-8.663745,-3.39298,-7.387166,-19.109001,-17.288437,-37.384193,-13.672902,-7.266229,-17.67407,-14.541435,-19.560875,-7.4180617,1.7111281,2.651505,2.5015314,1.9051313,1.4497677,2.5923328,3.4271717,3.4159932,6.6138854,4.785312,3.605276,4.2745857,3.4456744,6.735426,5.41318,278.02417,283.00812,282.4983,288.8502,281.86838,278.02417,283.00812,282.4983,288.8502,281.86838,278.02417,283.00812,282.4983,288.8502,281.86838,8.651191,18.362043,16.979233,33.874676,13.190877,7.737362334751476,20.59046173494236,18.523855674400906,17.484000211506494,8.128060036918626,2.5953236,3.4301705,3.4189546,6.6165886,4.788166,2.0310396390219636,2.169353569913153,4.156741007608219,6.885200341647245,5.410280257040604,-6.055867,-14.931873,-13.560278,-27.258085,-8.402711,-5.706322695729513,-18.421108165029207,-14.367114666792688,-10.59879986985925,-2.717779779878022
2012-09-21 14:00:00,-7.163886,-14.273831,-12.601067,-8.170404,-3.2255788,-9.765496,-18.036915,-16.651443,-34.96274,-12.873497,-9.335777,-16.281973,-13.691403,-18.11021,-7.0230956,2.1138098,2.6493497,2.5452754,1.9458739,1.4969546,3.022398,3.4250727,3.4620728,6.772155,4.963113,4.4971266,4.270916,3.4914129,6.898352,5.577503,280.33478,282.99612,282.74744,289.32193,282.34668,280.33478,282.99612,282.74744,289.32193,282.34668,280.33478,282.99612,282.74744,289.32193,282.34668,10.532511,17.585464,16.424591,31.864796,12.52447,9.541967637074201,19.04804874716823,17.37952371500485,16.571316204674314,7.682051946758992,3.025389,3.4280717,3.4650342,6.774858,4.965966,2.371258255238187,2.1679863434218536,4.233908809507167,7.045160583673011,5.574451089285723,-7.507122,-14.1573925,-12.959558,-25.089937,-7.5585036,-7.170709381836014,-16.88006240374638,-13.145614905497684,-9.526155621001303,-2.107600857473269
2012-09-21 15:00:00,-6.552355,-12.010656,-10.76109,-7.0738277,-2.747451,-9.108797,-15.528496,-14.515719,-29.835503,-10.833519,-8.36597,-13.377483,-11.423881,-15.157385,-5.945898,2.1925175,2.5840845,2.5086367,1.9238898,1.4300448,3.1064584,3.3615146,3.4234776,6.686754,4.7109957,4.671447,4.15978,3.4531035,6.810438,5.3444967,280.7864,282.63293,282.53876,289.06738,281.66846,280.7864,282.63293,282.53876,289.06738,281.66846,280.7864,282.63293,282.53876,289.06738,281.66846,9.911253,15.794139,14.823285,27.737196,10.752642,8.550036118159927,15.89588757603642,14.745802785859416,14.444009556172533,6.62890843508757,3.1094491,3.3645136,3.4264388,6.689457,4.713849,2.437757123365401,2.126583385475405,4.1692746314835265,6.958847452689901,5.341660138235156,-6.8018036,-12.4296255,-11.396846,-21.047739,-6.038793,-6.112278994794526,-13.769304190561016,-10.57652815437589,-7.485162103482632,-1.2872482968524146
2012-09-21 16:00:00,-4.863023,-7.7860603,-6.94537,-4.6791897,-1.8064306,-7.038015,-10.564208,-9.790171,-19.187355,-6.9051733,-5.961944,-8.275287,-7.0374327,-9.382716,-3.8513398,2.2936375,2.4793727,2.3839204,1.7699603,1.3650227,3.2144544,3.2595415,3.2921016,6.0887957,4.465991,4.8954053,3.981473,3.3227012,6.1948843,5.118065,281.36664,282.05023,281.82843,287.2851,281.00937,281.36664,282.05023,281.82843,287.2851,281.00937,281.36664,282.05023,281.82843,287.2851,281.00937,7.948408,11.732448,10.933247,18.773302,7.1602583,6.1321694309858845,10.106469197269913,9.48793789991157,9.668822267601525,4.435829551925041,3.2174454,3.2625406,3.295063,6.091499,4.4688444,2.5231914756664167,2.0601563558955798,3.949265107108233,6.354500314975529,5.115436858454778,-4.7309628,-8.469907,-7.6381836,-12.681804,-2.6914136,-3.608977955319468,-8.046312841374334,-5.538672792803337,-3.3143219526259964,0.6796073065297374
2012-09-21 17:00:00,-0.506935,-0.2808877,-0.29484868,-0.18458593,-0.07536037,-0.7989645,-0.42323104,-0.45740592,-0.71372384,-0.26266485,-0.5734885,-0.27335632,-0.2729509,-0.3255071,-0.15191394,1.9983034,2.1493945,1.991206,1.576551,1.0639198,2.899037,2.9381938,2.8784168,5.3374724,3.3314292,4.241306,3.4195733,2.9120827,5.4214525,4.0695066,279.672,280.21396,279.5917,285.0457,277.95728,279.672,280.21396,279.5917,285.0457,277.95728,279.672,280.21396,279.5917,285.0457,277.95728,1.1278552,0.6017375,0.6615227,0.7701756,0.30872902,0.632305546594526,0.3575701857655679,0.41349680847521625,0.39604204551347844,0.19941912468028689,2.9020278,2.9411929,2.8813782,5.340175,3.3342826,2.2736690655640985,1.8508245869185378,3.2564846435389625,5.595149653823198,4.067846154462777,1.7741727,2.3394554,2.2198553,4.5699997,3.0255535,1.6413635189695726,1.4932544011529698,2.842987835063746,5.19910760830972,3.8684270297824903
2012-09-21 18:00:00,0.0,0.0,0.0,0.0,0.0,0.0,0.0,0.0,0.0,0.0,0.0,0.0,0.0,0.0,0.0,1.8350854,2.0844474,1.9263401,1.5402234,1.1166912,2.7247195,2.8749454,2.8100874,5.196353,3.5302732,3.879814,3.308979,2.8442597,5.27618,4.253278,278.73544,279.85254,279.22226,284.62506,278.4922,278.73544,279.85254,279.22226,284.62506,278.4922,278.73544,279.85254,279.22226,284.62506,278.4922,0.0,0.0,0.0,0.0,0.0,0.0,0.0,0.0,0.0,0.0,2.7277102,2.8779442,2.8130486,5.1990557,3.5331266,2.135768953127037,1.8096234079453595,3.1420562493953255,5.452522404771502,4.251447656893228,2.7277102,2.8779442,2.8130486,5.1990557,3.5331266,2.135768953127037,1.8096234079453595,3.1420562493953255,5.452522404771502,4.251447656893228
2012-09-21 19:00:00,0.0,0.0,0.0,0.0,0.0,0.0,0.0,0.0,0.0,0.0,0.0,0.0,0.0,0.0,0.0,1.9043156,1.9597026,1.4844058,1.4058956,1.1240885,2.7986577,2.7534633,2.3445544,4.6745396,3.5581462,4.033144,3.0965588,2.3821769,4.7390113,4.2790384,279.1327,279.15836,276.7052,283.06973,278.56717,279.1327,279.15836,276.7052,283.06973,278.56717,279.1327,279.15836,276.7052,283.06973,278.56717,0.0,0.0,0.0,0.0,0.0,0.0,0.0,0.0,0.0,0.0,2.8016486,2.7564623,2.3475156,4.6772423,3.5609999,2.194260457040271,1.7304877819972986,2.362447830382189,4.925133755861996,4.277184129478327,2.8016486,2.7564623,2.3475156,4.6772423,3.5609999,2.194260457040271,1.7304877819972986,2.362447830382189,4.925133755861996,4.277184129478327
2012-09-21 20:00:00,0.0,0.0,0.0,0.0,0.0,0.0,0.0,0.0,0.0,0.0,0.0,0.0,0.0,0.0,0.0,1.84268,2.089087,1.4253912,1.3236622,1.121153,2.7328308,2.8794637,2.2823884,4.355093,3.5470858,3.8966348,3.3168793,2.3204718,4.4101653,4.268816,278.77902,279.87836,276.36908,282.11758,278.5374,278.77902,279.87836,276.36908,282.11758,278.5374,278.77902,279.87836,276.36908,282.11758,278.5374,0.0,0.0,0.0,0.0,0.0,0.0,0.0,0.0,0.0,0.0,2.7358215,2.8824625,2.2853496,4.357796,3.5499392,2.142185628827129,1.812566597796859,2.2583412441358637,4.602274424046503,4.2669712435318585,2.7358215,2.8824625,2.2853496,4.357796,3.5499392,2.142185628827129,1.812566597796859,2.2583412441358637,4.602274424046503,4.2669712435318585
2012-09-21 21:00:00,0.0,0.0,0.0,0.0,0.0,0.0,0.0,0.0,0.0,0.0,0.0,0.0,0.0,0.0,0.0,1.5900482,2.0670192,1.387761,1.3014328,1.0041543,2.4630191,2.857973,2.2427487,4.26874,3.1062322,3.337111,3.2793016,2.281126,4.3212714,3.8613808,277.3294,279.75555,276.15475,281.8602,277.35147,277.3294,279.75555,276.15475,281.8602,277.35147,277.3294,279.75555,276.15475,281.8602,277.35147,0.0,0.0,0.0,0.0,0.0,0.0,0.0,0.0,0.0,0.0,2.4660096,2.860972,2.24571,4.2714434,3.1090853,1.9287412923915046,1.7985673117892538,2.1919584081809016,4.514998923901251,3.85991179659269,2.4660096,2.860972,2.24571,4.2714434,3.1090853,1.9287412923915046,1.7985673117892538,2.1919584081809016,4.514998923901251,3.85991179659269
2012-09-21 22:00:00,0.0,0.0,0.0,0.0,0.0,0.0,0.0,0.0,0.0,0.0,0.0,0.0,0.0,0.0,0.0,1.563876,2.0650506,1.3569249,1.3174077,1.1179888,2.4350672,2.8560557,2.210266,4.3307967,3.5351627,3.2791455,3.275949,2.2488842,4.385154,4.257797,277.17923,279.7446,275.97913,282.04517,278.50534,277.17923,279.7446,275.97913,282.04517,278.50534,277.17923,279.7446,275.97913,282.04517,278.50534,0.0,0.0,0.0,0.0,0.0,0.0,0.0,0.0,0.0,0.0,2.438058,2.8590548,2.2132273,4.3335,3.538016,1.9066289246603052,1.7973183695236647,2.1375609682092658,4.577718488328613,4.255962276219307,2.438058,2.8590548,2.2132273,4.3335,3.538016,1.9066289246603052,1.7973183695236647,2.1375609682092658,4.577718488328613,4.255962276219307
2012-09-21 23:00:00,0.0,0.0,0.0,0.0,0.0,0.0,0.0,0.0,0.0,0.0,0.0,0.0,0.0,0.0,0.0,1.7284875,2.0833068,1.310984,1.1660192,1.0920877,2.6108727,2.8738346,2.1618721,3.7427084,3.437567,3.6437235,3.3070364,2.2008488,3.77976,4.167599,278.12378,279.8462,275.71747,280.2923,278.2428,278.12378,279.8462,275.71747,280.2923,278.2428,278.12378,279.8462,275.71747,280.2923,278.2428,0.0,0.0,0.0,0.0,0.0,0.0,0.0,0.0,0.0,0.0,2.6138635,2.8768334,2.1648333,3.7454114,3.4404204,2.0457063263364597,1.808899786799837,2.0565177622463096,3.9833468761228996,4.165847960529602,2.6138635,2.8768334,2.1648333,3.7454114,3.4404204,2.0457063263364597,1.808899786799837,2.0565177622463096,3.9833468761228996,4.165847960529602
2012-10-20 00:00:00,0.0,0.0,0.0,0.0,0.0,0.0,0.0,0.0,0.0,0.0,0.0,0.0,0.0,0.0,0.0,1.1166471,2.1427972,2.3404927,1.15341,1.3340425,1.957425,2.9317691,3.246355,3.6937263,4.3492575,2.2886326,3.408339,3.2772937,3.7293367,5.0101795,274.613,280.17725,281.5811,280.1463,280.69534,274.613,280.17725,281.5811,280.1463,280.69534,274.613,280.17725,281.5811,280.1463,280.69534,0.0,0.0,0.0,0.0,0.0,0.0,0.0,0.0,0.0,0.0,1.9604157,2.934768,3.2493162,3.6964295,4.352111,1.5287730005561466,1.8466394126970793,3.8726549853063026,3.933841778577857,5.007651631388979,1.9604157,2.934768,3.2493162,3.6964295,4.352111,1.5287730005561466,1.8466394126970793,3.8726549853063026,3.933841778577857,5.007651631388979
2012-10-20 01:00:00,0.0,0.0,0.0,0.0,0.0,0.0,0.0,0.0,0.0,0.0,0.0,0.0,0.0,0.0,0.0,1.6046259,1.980679,2.3056,1.0784299,1.373284,2.478588,2.773891,3.2095993,3.4024568,4.49712,3.3693979,3.1322777,3.2408104,3.4294965,5.146834,277.41306,279.2751,281.38235,279.27814,281.0931,277.41306,279.2751,281.38235,279.27814,281.0931,277.41306,279.2751,281.38235,279.27814,281.0931,0.0,0.0,0.0,0.0,0.0,0.0,0.0,0.0,0.0,0.0,2.481579,2.77689,3.212561,3.4051602,4.4999733,1.941057894698194,1.7437947573897166,3.811102226123801,3.6394602955173716,5.144179585672325,2.481579,2.77689,3.212561,3.4051602,4.4999733,1.941057894698194,1.7437947573897166,3.811102226123801,3.6394602955173716,5.144179585672325
2012-10-20 02:00:00,0.0,0.0,0.0,0.0,0.0,0.0,0.0,0.0,0.0,0.0,0.0,0.0,0.0,0.0,0.0,1.5039531,2.558858,2.55701,0.9580028,1.4748981,2.371069,3.336948,3.474434,2.9346423,4.880004,3.1464293,4.116823,3.503682,2.9479153,5.500694,276.8354,282.49255,282.81427,277.88376,282.1231,276.8354,282.49255,282.81427,277.88376,282.1231,276.8354,282.49255,282.81427,277.88376,282.1231,0.0,0.0,0.0,0.0,0.0,0.0,0.0,0.0,0.0,0.0,2.3740597,3.339947,3.4773953,2.9373453,4.8828573,1.856000993908949,2.1105802255263533,4.254609138531995,3.166647291351292,5.497713035497186,2.3740597,3.339947,3.4773953,2.9373453,4.8828573,1.856000993908949,2.1105802255263533,4.254609138531995,3.166647291351292,5.497713035497186
2012-10-20 03:00:00,0.0,0.0,0.0,0.0,0.0,0.0,0.0,0.0,0.0,0.0,0.0,0.0,0.0,0.0,0.0,1.4870137,2.5128691,1.8266679,0.933939,1.4060826,2.3529778,3.292162,2.7050927,2.8411634,4.6207056,3.1089125,4.0385118,2.7400432,2.851686,5.2610517,276.7382,282.23663,278.65457,277.60513,281.42557,276.7382,282.23663,278.65457,277.60513,281.42557,276.7382,282.23663,278.65457,277.60513,281.42557,0.0,0.0,0.0,0.0,0.0,0.0,0.0,0.0,0.0,0.0,2.3559685,3.2951608,2.708054,2.8438663,4.623559,1.8416892907543319,2.0814057691496686,2.966226331349734,3.0721695445732333,5.258291564647528,2.3559685,3.2951608,2.708054,2.8438663,4.623559,1.8416892907543319,2.0814057691496686,2.966226331349734,3.0721695445732333,5.258291564647528
2012-10-20 04:00:00,0.0,0.0,0.0,0.0,0.0,0.0,0.0,0.0,0.0,0.0,0.0,0.0,0.0,0.0,0.0,1.590346,2.522373,2.3527737,0.92646146,1.115508,2.463337,3.301417,3.2592916,2.8121164,3.5258148,3.3377707,4.054695,3.2901344,2.821784,4.2491574,277.33112,282.28952,281.65103,277.51855,278.4802,277.33112,282.28952,281.65103,277.51855,278.4802,277.33112,282.28952,281.65103,277.51855,278.4802,0.0,0.0,0.0,0.0,0.0,0.0,0.0,0.0,0.0,0.0,2.466328,3.304416,3.262253,2.8148193,3.5286684,1.9289929267326849,2.087434785713083,3.8943194392446148,3.042812111100138,4.247331078250189,2.466328,3.304416,3.262253,2.8148193,3.5286684,1.9289929267326849,2.087434785713083,3.8943194392446148,3.042812111100138,4.247331078250189
2012-10-20 05:00:00,0.0,0.0,0.0,0.0,0.0,0.0,0.0,0.0,0.0,0.0,0.0,0.0,0.0,0.0,0.0,1.1715868,1.9519593,2.585692,0.86835784,1.2412046,2.0161006,2.7459226,3.5046477,2.5864053,3.9994426,2.410312,3.0833728,3.5336719,2.5894308,4.6868825,274.92825,279.11526,282.97763,276.8458,279.7543,274.92825,279.11526,282.97763,276.8458,279.7543,274.92825,279.11526,282.97763,276.8458,279.7543,0.0,0.0,0.0,0.0,0.0,0.0,0.0,0.0,0.0,0.0,2.0190914,2.7489214,3.5076091,2.589108,4.002296,1.575190549563115,1.7255755076825028,4.305206792079895,2.8146892274503776,4.684652091855354,2.0190914,2.7489214,3.5076091,2.589108,4.002296,1.575190549563115,1.7255755076825028,4.305206792079895,2.8146892274503776,4.684652091855354
2012-10-20 06:00:00,-0.08161853,-0.83150595,-0.8483413,-0.08764996,-0.1684761,-0.12579302,-1.2334299,-1.2999946,-0.29521567,-0.58372366,-0.09085574,-0.81906927,-0.7893675,-0.14126658,-0.33693832,1.400759,2.067743,2.364288,0.83862996,1.316728,2.2608576,2.8586779,3.2714212,2.470923,4.284016,2.9178774,3.2805345,3.302174,2.4705508,4.949884,276.24326,279.75958,281.7166,276.5016,280.51984,276.24326,279.75958,281.7166,276.5016,280.51984,276.24326,279.75958,281.7166,276.5016,280.51984,0.21126089,1.7356815,1.7064404,0.3651673,0.6580613,0.10408548379133134,1.079404757434243,1.1054207669642506,0.19376067607503494,0.417327996089373,2.2638483,2.861677,3.2743824,2.4736261,4.2868695,1.7688141881604296,1.7990265329008353,3.914632227863042,2.6979735093879755,4.9474113164370435,2.0525873,1.1259954,1.5679419,2.1084588,3.628808,1.6647287043690981,0.7196217754665923,2.8092114608987915,2.5042128333129408,4.5300833203476705
2012-10-20 07:00:00,-0.87639415,-6.2194915,-7.072553,-0.9687718,-1.4350115,-1.1909791,-8.393216,-9.892814,-3.6034696,-5.275017,-1.0469041,-6.6435895,-7.1554585,-1.8228958,-2.9628437,1.1919937,2.5189178,2.6559105,0.93450034,1.5197545,2.0378952,3.2980525,3.578616,2.8433444,5.0490227,2.4555087,4.048812,3.607092,2.853931,5.656901,275.04535,282.2703,283.37756,277.61163,282.5778,275.04535,282.2703,283.37756,277.61163,282.5778,275.04535,282.2703,283.37756,277.61163,282.5778,1.8196769,9.168804,10.465079,3.9664164,5.366921,1.1716567861495215,8.058091125110215,9.160339142524997,1.9412619179858008,3.3288422822727672,2.0408862,3.3010514,3.581577,2.8460472,5.051877,1.592431995404329,2.0852430485896263,4.429077939052665,3.0743736803962043,5.653776407514033,0.22120921,-5.867752,-6.8835025,-1.1203693,-0.3150438,0.4207752092548074,-5.972848076520588,-4.731261203472331,1.1331117624104035,2.3249341252412656
2012-10-20 08:00:00,-4.25935,-9.6704855,-9.76719,-2.2206979,-2.1389172,-5.868934,-12.515775,-13.133523,-8.777781,-8.062617,-5.376724,-10.759739,-10.29584,-4.5420504,-4.473571,2.1219788,2.8120217,2.6201286,1.1437317,1.6375601,3.0311232,3.5834904,3.5409234,3.6561303,5.4929175,4.5152197,4.54792,3.5696788,3.6906345,6.0671463,280.38165,283.90137,283.17377,280.03424,283.7719,280.38165,283.90137,283.17377,280.03424,283.7719,280.38165,283.90137,283.17377,280.03424,283.7719,6.5145216,12.1594925,13.234391,8.988953,7.8402433,5.448564174769654,12.424229584259267,13.055561626410759,4.3456248619724445,4.820112501335056,3.0341136,3.5864892,3.5438848,3.6588333,5.495771,2.3781602257391268,2.271182372458533,4.365956113834493,3.8958437187564954,6.063643088744128,-3.4804082,-8.573004,-9.690507,-5.330119,-2.3444722,-3.0704039490305273,-10.153047211800734,-8.689605512576266,-0.4497811432159491,1.2435305874090723
2012-10-20 09:00:00,-2.0559018,-11.513688,-12.055764,-3.3645818,-2.5613623,-2.682377,-14.617212,-15.917167,-13.586075,-9.765722,-2.6223698,-13.0685625,-12.971856,-7.1267195,-5.388111,1.3334486,2.9730268,2.8609934,1.3860224,1.747833,2.1889696,3.7402844,3.7946498,4.59734,5.9084277,2.7688,4.822086,3.8215241,4.6595407,6.451159,275.85703,284.79733,284.54562,282.83963,284.88968,275.85703,284.79733,284.54562,282.83963,284.88968,275.85703,284.79733,284.54562,282.83963,284.88968,3.5697732,13.426536,14.929354,13.255207,9.252103,2.8662949415888384,14.705207571716308,15.585696285328346,6.551059090571773,5.646991737758413,2.1919606,3.7432833,3.7976112,4.600043,5.911281,1.7119448270537319,2.3733208013594482,4.790861086735443,4.847109417339919,6.447301933422364,-1.3778127,-9.683253,-11.1317425,-8.655165,-3.3408217,-1.1543501145351065,-12.33188677035686,-10.794835198592903,-1.703949673231854,0.8003101956639505
2012-10-20 10:00:00,-5.3057466,-12.638209,-13.081456,-4.040786,-2.7769458,-7.1172814,-15.901263,-17.124847,-16.415785,-10.640286,-6.8955913,-14.483106,-14.212797,-8.678258,-5.855847,2.1594048,3.1209197,2.9530673,1.5734513,1.8130176,3.071094,3.8843088,3.8916411,5.3254313,6.1540446,4.5981092,5.073923,3.9177969,5.409057,6.6781573,280.5964,285.62033,285.07004,285.0098,285.5504,280.5964,285.62033,285.07004,285.0098,285.5504,280.5964,285.62033,285.07004,285.0098,285.5504,7.54608,14.042485,15.613733,15.559327,9.948612,6.871775043138969,15.961909957484663,16.72379725805575,7.862096396931164,6.048109089136547,3.0740848,3.887308,3.8946023,5.3281345,6.1568985,2.4097807767906305,2.4671410660346718,4.9532877780425855,5.582980340547076,6.674090849962853,-4.4719954,-10.155177,-11.719131,-10.231192,-3.7917142,-4.461994266348339,-13.49476889144999,-11.770509480013164,-2.2791160563840878,0.6259817608263054
2012-10-20 11:00:00,-5.866755,-13.181667,-13.577854,-4.410148,-2.8417497,-7.857898,-16.542439,-17.729431,-17.918045,-10.903366,-7.649738,-15.14788,-14.794578,-9.499914,-5.9964085,2.3086672,3.2380633,3.0342813,1.735997,1.8344929,3.2305067,3.9983888,3.977191,5.9568596,6.2349644,4.928693,5.2734,4.0027127,6.0590663,6.752943,281.45288,286.27222,285.5326,286.89185,285.7681,281.45288,286.27222,285.5326,286.89185,285.7681,281.45288,286.27222,285.5326,286.89185,285.7681,8.03554,14.247835,15.871965,16.660381,10.1539135,7.476421271319311,16.450133803970044,17.13465905672335,8.593353261484657,6.165138791329454,3.2334976,4.001388,3.9801524,5.9595633,6.237818,2.535890022955254,2.541454870311127,5.096554849745469,6.221155271713527,6.74880727607173,-4.802042,-10.246447,-11.891813,-10.700818,-3.916096,-4.940531248364057,-13.908678933658916,-12.03810420697788,-2.37219798977113,0.583668484742276
2012-10-20 12:00:00,-6.0137534,-13.151495,-13.490341,-4.4813404,-2.8067207,-8.075712,-16.553034,-17.660059,-18.147293,-10.7504635,-7.8234925,-15.06548,-14.6553,-9.601837,-5.9172034,2.3881035,3.3095422,3.0734754,1.8437122,1.8415318,3.3153453,4.067998,4.0184784,6.3752937,6.261487,5.104627,5.3951163,4.0436945,6.4898133,6.7774563,281.9087,286.66998,285.75583,288.13904,285.83945,281.9087,286.66998,285.75583,288.13904,285.83945,281.9087,286.66998,285.75583,288.13904,285.83945,8.143902,14.120703,15.746791,16.734142,10.027018,7.5804631548935895,16.23997135250432,16.875955244040536,8.756261032825773,6.085052363733874,3.318336,4.070997,4.02144,6.377997,6.264341,2.603004496524284,2.5867994761319837,5.165697729570407,6.644059604169795,6.773297252833618,-4.825566,-10.0497055,-11.72535,-10.356146,-3.762677,-4.977458658369306,-13.653171876372337,-11.710257514470129,-2.112201428655978,0.6882448890997441
2012-10-20 13:00:00,-5.745674,-12.438927,-12.715219,-4.2477717,-2.6696382,-7.7769766,-15.80528,-16.791317,-17.099209,-10.170108,-7.410963,-14.106088,-13.676377,-8.969155,-5.612639,2.4049737,3.3185468,3.0631292,1.8586826,1.8451449,3.3333626,4.0767674,4.00758,6.4334497,6.2751,5.14199,5.41045,4.032876,6.54968,6.7900367,282.0055,286.7201,285.6969,288.31238,285.87607,282.0055,286.7201,285.6969,288.31238,285.87607,282.0055,286.7201,285.6969,288.31238,285.87607,7.897658,13.617599,15.167791,15.868504,9.550575,7.192243350449793,15.237106738210764,15.842825945232555,8.336160185693267,5.793415558128178,3.3363533,4.0797663,4.010541,6.4361525,6.277954,2.617257784563984,2.5925119084442323,5.147445521649428,6.702836559449025,6.785866958613887,-4.5613046,-9.537832,-11.15725,-9.432351,-3.2726212,-4.574985565885809,-12.644594829766532,-10.695380423583128,-1.6333236262442412,0.9924514004857095
2012-10-20 14:00:00,-5.0574384,-10.76955,-11.064177,-3.7178013,-2.358677,-6.9624085,-13.965425,-14.887997,-14.795554,-8.885048,-6.4062853,-11.958922,-11.655854,-7.624333,-4.9309325,2.3989372,3.2680283,3.0339434,1.8437253,1.8336802,3.3269155,4.02757,3.9768355,6.375345,6.2319016,5.128621,5.3244247,4.00236,6.489866,6.7501125,281.97086,286.43896,285.53067,288.1392,285.75986,281.97086,286.43896,285.53067,288.1392,285.75986,281.97086,286.43896,285.53067,288.1392,285.75986,7.2474275,12.46076,13.858473,13.974115,8.480165,6.2696745372367975,13.07784368630003,13.6888651062705,7.359470152243368,5.14583692878578,3.3299065,4.030569,3.9797966,6.378048,6.2347546,2.6121576956847097,2.5604638411723486,5.095959360828316,6.64411134444733,6.7459790922711695,-3.9175212,-8.430191,-9.878675,-7.5960674,-2.2454095,-3.657516841552088,-10.517379845127682,-8.592905745442184,-0.7153588077960382,1.6001421634853896
2012-10-20 15:00:00,-3.5135264,-7.2760797,-7.6365714,-2.4931319,-1.5973973,-5.0131164,-9.85201,-10.697622,-9.707507,-5.8807044,-4.2913074,-7.748006,-7.71617,-4.8264246,-3.3020363,2.3094754,3.081089,2.9390936,1.6721395,1.6760157,3.23137,3.8455205,3.8769205,5.708798,5.637819,4.9304833,5.0060983,3.9031856,5.8037047,6.201063,281.45752,285.39868,284.99045,286.15247,284.1617,281.45752,285.39868,284.99045,286.15247,284.1617,281.45752,285.39868,284.99045,286.15247,284.1617,5.610075,9.655462,10.729145,9.652553,5.8853383,4.311206383966571,8.77185696025858,9.37465376023825,5.025526475399651,3.6073626410861266,3.234361,3.8485193,3.8798819,5.711501,5.6406727,2.536573030452743,2.441873468054245,4.928636427313476,5.970442582892189,6.197437132020266,-2.375714,-5.8069425,-6.8492627,-3.9410517,-0.24466567,-1.7746333535138277,-6.3299834922043345,-4.446017332924773,0.9449161074925376,2.590074490934139
2012-10-20 16:00:00,-0.54157794,-0.7289467,-0.852955,-0.24521363,-0.22499579,-0.83781934,-1.0873374,-1.3100264,-0.908359,-0.7855843,-0.6138693,-0.7149275,-0.79298955,-0.421294,-0.45290837,1.9698975,2.3927364,2.680108,1.5807022,1.5087323,2.8686996,3.1751714,3.6041055,5.353598,5.007491,4.1783934,3.8339453,3.6323924,5.4380527,5.618518,279.509,281.5681,283.51538,285.09375,282.46606,279.509,281.5681,283.51538,285.09375,282.46606,279.509,281.5681,283.51538,285.09375,282.46606,1.1705425,1.4356189,1.6149579,0.98520994,0.86346453,0.6623882680963544,0.9032081336528375,1.0442543065527026,0.5210458341070896,0.5374746302286284,2.8716903,3.1781702,3.6070666,5.3563013,5.0103455,2.2496694402740487,2.0051959383140323,4.471764096986968,5.611447841246577,5.615428330129397,1.7011478,1.7425512,1.9921086,4.3710914,4.1468806,1.5872811721776943,1.1019878046611948,3.4275097904342653,5.090402007139488,5.077953699900769
2012-10-20 17:00:00,0.0,0.0,0.0,0.0,0.0,0.0,0.0,0.0,0.0,0.0,0.0,0.0,0.0,0.0,0.0,2.0908926,2.3205395,2.6827066,1.5331228,1.562681,2.9979224,3.1048627,3.6068425,5.16877,5.2107716,4.44637,3.7110052,3.6351094,5.2477856,5.806388,280.20328,281.16635,283.53018,284.54285,283.0129,280.20328,281.16635,283.53018,284.54285,283.0129,280.20328,281.16635,283.53018,284.54285,283.0129,0.0,0.0,0.0,0.0,0.0,0.0,0.0,0.0,0.0,0.0,3.0009131,3.1078615,3.609804,5.171473,5.213625,2.3518958913784562,1.9593955903294091,4.47634841642854,5.424644743235895,5.803125461693252,3.0009131,3.1078615,3.609804,5.171473,5.213625,2.3518958913784562,1.9593955903294091,4.47634841642854,5.424644743235895,5.803125461693252
2012-10-20 18:00:00,0.0,0.0,0.0,0.0,0.0,0.0,0.0,0.0,0.0,0.0,0.0,0.0,0.0,0.0,0.0,2.0205345,2.370647,2.6537187,1.4769801,1.5325018,2.9227796,3.1536593,3.5763073,4.950676,5.0970554,4.290543,3.79633,3.6048005,5.0232744,5.7012916,279.79956,281.4452,283.36508,283.8928,282.707,279.79956,281.4452,283.36508,283.8928,282.707,279.79956,281.4452,283.36508,283.8928,282.707,0.0,0.0,0.0,0.0,0.0,0.0,0.0,0.0,0.0,0.0,2.9257708,3.1566584,3.5792685,4.953379,5.0999093,2.29245177174504,1.9911827365151669,4.425211987193691,5.204220812883272,5.698126519408746,2.9257708,3.1566584,3.5792685,4.953379,5.0999093,2.29245177174504,1.9911827365151669,4.425211987193691,5.204220812883272,5.698126519408746
2012-10-20 19:00:00,0.0,0.0,0.0,0.0,0.0,0.0,0.0,0.0,0.0,0.0,0.0,0.0,0.0,0.0,0.0,1.9046879,2.8912385,2.6260335,1.3939849,1.4713364,2.7990553,3.660635,3.5471435,4.628271,4.8665833,4.0339684,4.682813,3.5758526,4.691382,5.4882903,279.13483,284.3422,283.2074,282.93182,282.087,279.13483,284.3422,283.2074,282.93182,282.087,279.13483,284.3422,283.2074,282.93182,282.087,0.0,0.0,0.0,0.0,0.0,0.0,0.0,0.0,0.0,0.0,2.8020463,3.6636338,3.5501046,4.630974,4.8694367,2.1945749999667457,2.32143577364637,4.376372443782146,4.878370893026284,5.485321400548805,2.8020463,3.6636338,3.5501046,4.630974,4.8694367,2.1945749999667457,2.32143577364637,4.376372443782146,4.878370893026284,5.485321400548805
2012-10-20 20:00:00,0.0,0.0,0.0,0.0,0.0,0.0,0.0,0.0,0.0,0.0,0.0,0.0,0.0,0.0,0.0,2.1255953,2.890668,2.5684924,1.3447292,1.3242848,3.0349853,3.6600795,3.48653,4.4369307,4.31249,4.5232296,4.681842,3.5156882,4.494411,4.9761996,280.4024,284.33902,282.87967,282.3615,280.59644,280.4024,284.33902,282.87967,282.3615,280.59644,280.4024,284.33902,282.87967,282.3615,280.59644,0.0,0.0,0.0,0.0,0.0,0.0,0.0,0.0,0.0,0.0,3.037976,3.6630785,3.489491,4.439634,4.315344,2.3812157855963134,2.3210739630736095,4.274865213920215,4.684986431713209,4.9737029510274375,3.037976,3.6630785,3.489491,4.439634,4.315344,2.3812157855963134,2.3210739630736095,4.274865213920215,4.684986431713209,4.9737029510274375
2012-10-20 21:00:00,0.0,0.0,0.0,0.0,0.0,0.0,0.0,0.0,0.0,0.0,0.0,0.0,0.0,0.0,0.0,1.8975824,2.847838,2.533032,1.3044295,1.3067476,2.791467,3.6183696,3.4491758,4.280381,4.246409,4.0182314,4.608909,3.478611,4.333255,4.915128,279.09406,284.10068,282.6777,281.8949,280.41867,279.09406,284.10068,282.6777,281.8949,280.41867,279.09406,284.10068,282.6777,281.8949,280.41867,0.0,0.0,0.0,0.0,0.0,0.0,0.0,0.0,0.0,0.0,2.7944577,3.6213686,3.4521372,4.2830844,4.249263,2.18857172354145,2.2939033806383713,4.212310521004093,4.526764663012605,4.912687504219053,2.7944577,3.6213686,3.4521372,4.2830844,4.249263,2.18857172354145,2.2939033806383713,4.212310521004093,4.526764663012605,4.912687504219053
2012-10-20 22:00:00,0.0,0.0,0.0,0.0,0.0,0.0,0.0,0.0,0.0,0.0,0.0,0.0,0.0,0.0,0.0,1.882845,2.3889635,2.7101455,1.2564731,1.2964599,2.775727,3.1714969,3.635747,4.094089,4.2076454,3.9855912,3.8275204,3.6637993,4.141481,4.879303,279.0095,281.54712,283.68646,281.33963,280.3144,279.0095,281.54712,283.68646,281.33963,280.3144,279.0095,281.54712,283.68646,281.33963,280.3144,0.0,0.0,0.0,0.0,0.0,0.0,0.0,0.0,0.0,0.0,2.778718,3.174496,3.6387084,4.096792,4.2104993,2.176120317123414,2.0028024222173046,4.524753158408513,4.338481793064434,4.876895267009739,2.778718,3.174496,3.6387084,4.096792,4.2104993,2.176120317123414,2.0028024222173046,4.524753158408513,4.338481793064434,4.876895267009739
2012-10-20 23:00:00,0.0,0.0,0.0,0.0,0.0,0.0,0.0,0.0,0.0,0.0,0.0,0.0,0.0,0.0,0.0,1.9217124,2.662643,2.4895616,1.1949958,1.546378,2.8172374,3.4380183,3.4033844,3.8552725,5.149342,4.071674,4.293552,3.4331589,3.8956366,5.749615,279.2325,283.0701,282.4301,280.6278,282.84766,279.2325,283.0701,282.4301,280.6278,282.84766,279.2325,283.0701,282.4301,280.6278,282.84766,0.0,0.0,0.0,0.0,0.0,0.0,0.0,0.0,0.0,0.0,2.8202283,3.4410174,3.4063454,3.8579752,5.1521955,2.208958598647414,2.176419312925441,4.135624781561888,4.097113398365833,5.746404664359792,2.8202283,3.4410174,3.4063454,3.8579752,5.1521955,2.208958598647414,2.176419312925441,4.135624781561888,4.097113398365833,5.746404664359792
2012-11-15 00:00:00,0.0,0.0,0.0,0.0,0.0,0.0,0.0,0.0,0.0,0.0,0.0,0.0,0.0,0.0,0.0,0.0,1.2219937,1.1063244,0.5606967,0.9974254,0.74413776,2.035049,1.9462838,1.391256,3.0808773,0.0,1.8403599,1.9868586,1.3591129,3.837948,268.0944,275.05313,274.55182,273.2835,277.28326,268.0944,275.05313,274.55182,273.2835,277.28326,268.0944,275.05313,274.55182,273.2835,277.28326,0.0,0.0,0.0,0.0,0.0,0.0,0.0,0.0,0.0,0.0,0.7738131,2.038048,1.9492451,1.393959,3.0837307,0.5956433221540559,1.2624997219219845,1.6954813387612313,1.6067710561846509,3.8365007195769403,0.7738131,2.038048,1.9492451,1.393959,3.0837307,0.5956433221540559,1.2624997219219845,1.6954813387612313,1.6067710561846509,3.8365007195769403
2012-11-15 01:00:00,0.0,0.0,0.0,0.0,0.0,0.0,0.0,0.0,0.0,0.0,0.0,0.0,0.0,0.0,0.0,0.01861474,0.93479073,1.2556666,0.520716,0.73906523,0.78472227,1.7553577,2.1036007,1.2359456,2.1073716,0.0,1.3512998,2.1430094,1.1992323,2.9382372,268.31244,273.4549,275.4024,272.8206,274.66443,268.31244,273.4549,275.4024,272.8206,274.66443,268.31244,273.4549,275.4024,272.8206,274.66443,0.0,0.0,0.0,0.0,0.0,0.0,0.0,0.0,0.0,0.0,0.80981046,1.7583566,2.106562,1.2386488,2.110225,0.6231619824485318,1.0803037459020302,1.9589331974735595,1.4498014022003816,2.9376201097203283,0.80981046,1.7583566,2.106562,1.2386488,2.110225,0.6231619824485318,1.0803037459020302,1.9589331974735595,1.4498014022003816,2.9376201097203283
2012-11-15 02:00:00,0.0,0.0,0.0,0.0,0.0,0.0,0.0,0.0,0.0,0.0,0.0,0.0,0.0,0.0,0.0,0.5708353,0.9069539,1.287269,0.44204074,0.9634888,1.3744959,1.728249,2.1368906,0.9303217,2.9530034,1.0797807,1.3038981,2.1760526,0.8846148,3.7197676,271.4811,273.3,275.5824,271.90964,276.93927,271.4811,273.3,275.5824,271.90964,276.93927,271.4811,273.3,275.5824,271.90964,276.93927,0.0,0.0,0.0,0.0,0.0,0.0,0.0,0.0,0.0,0.0,1.3774867,1.7312479,2.1398518,0.93302464,2.955857,1.067626109521382,1.062644606793033,2.014682302765082,1.140911945319213,3.7184292832809547,1.3774867,1.7312479,2.1398518,0.93302464,2.955857,1.067626109521382,1.062644606793033,2.014682302765082,1.140911945319213,3.7184292832809547
2012-11-15 03:00:00,0.0,0.0,0.0,0.0,0.0,0.0,0.0,0.0,0.0,0.0,0.0,0.0,0.0,0.0,0.0,0.024879906,0.90728843,1.3385841,0.42838526,0.96667403,0.79141355,1.7285748,2.1909456,0.87727517,2.9650059,0.0,1.3044678,2.2297068,0.8300073,3.73086,268.3484,273.30185,275.87466,271.75153,276.97156,268.3484,273.30185,275.87466,271.75153,276.97156,268.3484,273.30185,275.87466,271.75153,276.97156,0.0,0.0,0.0,0.0,0.0,0.0,0.0,0.0,0.0,0.0,0.81574535,1.7315736,2.193907,0.8799781,2.9678593,0.6276989987993915,1.0628568226097488,2.105206070377309,1.0872986697379288,3.7295115738772244,0.81574535,1.7315736,2.193907,0.8799781,2.9678593,0.6276989987993915,1.0628568226097488,2.105206070377309,1.0872986697379288,3.7295115738772244
2012-11-15 04:00:00,0.0,0.0,0.0,0.0,0.0,0.0,0.0,0.0,0.0,0.0,0.0,0.0,0.0,0.0,0.0,0.17508905,1.0241033,1.3698326,0.39885238,1.0361278,0.9518374,1.8423344,2.2238631,0.76255095,3.2267094,0.20329031,1.5033846,2.2623804,0.7119072,3.9727254,269.2103,273.9519,276.05264,271.40958,277.67557,269.2103,273.9519,276.05264,271.40958,277.67557,269.2103,273.9519,276.05264,271.40958,277.67557,0.0,0.0,0.0,0.0,0.0,0.0,0.0,0.0,0.0,0.0,0.9580369,1.8453332,2.2268243,0.7652539,3.2295628,0.736475698966905,1.1369618900173035,2.160331330136576,0.9713487077830377,3.9711536927480635,0.9580369,1.8453332,2.2268243,0.7652539,3.2295628,0.736475698966905,1.1369618900173035,2.160331330136576,0.9713487077830377,3.9711536927480635
2012-11-15 05:00:00,0.0,0.0,0.0,0.0,0.0,0.0,0.0,0.0,0.0,0.0,0.0,0.0,0.0,0.0,0.0,0.04996705,1.1971402,1.3640994,0.35267776,0.943019,0.8182067,2.0108457,2.2178237,0.5831799,2.8758733,0.0,1.7980385,2.2563858,0.52725786,3.648484,268.49234,274.91483,276.02,270.87494,276.73178,268.49234,274.91483,276.02,270.87494,276.73178,268.49234,274.91483,276.02,270.87494,276.73178,0.0,0.0,0.0,0.0,0.0,0.0,0.0,0.0,0.0,0.0,0.83951014,2.0138445,2.220785,0.5858827,2.8787267,0.645866321487851,1.2467331304243536,2.1502174707500163,0.7900611233575371,3.6472114252809185,0.83951014,2.0138445,2.220785,0.5858827,2.8787267,0.645866321487851,1.2467331304243536,2.1502174707500163,0.7900611233575371,3.6472114252809185
2012-11-15 06:00:00,0.0,0.0,0.0,0.0,0.0,0.0,0.0,0.0,0.0,0.0,0.0,0.0,0.0,0.0,0.0,0.4434423,0.98475003,1.304849,0.29647177,0.9753388,1.2384398,1.8040104,2.1554093,0.36484033,2.9976552,0.7976334,1.4363724,2.1944342,0.30249336,3.7610343,270.75012,273.7329,275.68253,270.22415,277.0594,270.75012,273.7329,275.68253,270.22415,277.0594,270.75012,273.7329,275.68253,270.22415,277.0594,0.0,0.0,0.0,0.0,0.0,0.0,0.0,0.0,0.0,0.0,1.2414305,1.8070092,2.1583707,0.36754325,3.0005085,0.9599940135519811,1.1119969604967828,2.0456949874821877,0.5693888396727492,3.7596579182402343,1.2414305,1.8070092,2.1583707,0.36754325,3.0005085,0.9599940135519811,1.1119969604967828,2.0456949874821877,0.5693888396727492,3.7596579182402343
2012-11-15 07:00:00,0.0,-0.6506382,-1.216038,0.0,-0.1458206,0.0,-0.9221875,-1.758868,0.0,-0.41150767,0.0,-0.6652168,-1.1568602,0.0,-0.24362089,0.70480186,1.1678063,1.3856499,0.2582807,0.94493073,1.5175726,1.9822788,2.240525,0.21648218,2.8830771,1.3764869,1.7480874,2.278919,0.14976954,3.6551414,272.24982,274.7516,276.14273,269.78195,276.75116,272.24982,274.7516,276.14273,269.78195,276.75116,272.24982,274.7516,276.14273,269.78195,276.75116,0.0,1.529108,2.7094293,0.0,0.47963634,0.0,0.9920318942668751,1.9727702669452356,0.0,0.34480822605228034,1.5205635,1.9852777,2.2434862,0.21918502,2.8859303,1.1808121348782572,1.2281242385618583,2.1882342393974397,0.4194455153776694,3.6538628945896434,1.5205635,0.45616964,-0.46594307,0.21918502,2.4062939,1.1808121348782572,0.23609234429498316,0.21546397245220406,0.4194455153776694,3.309054668537363
2012-11-15 08:00:00,0.0,-3.5047717,-4.6848593,0.0,-0.5059835,0.0,-4.653417,-6.4241943,0.0,-1.5959425,0.0,-3.8020484,-4.7866173,0.0,-0.92514646,0.18887977,1.697216,1.8380809,0.27959812,1.1157669,0.96656597,2.497842,2.7171152,0.29929247,3.5267904,0.23383388,2.6495867,2.7519765,0.23501666,4.250059,269.28943,277.69766,278.71957,270.02878,278.48282,269.28943,277.69766,278.71957,270.02878,278.48282,269.28943,277.69766,278.71957,270.02878,278.48282,0.0,6.044346,7.9032245,0.0,1.6729902,0.0,5.148476247812154,7.148194696016766,0.0,1.1360307401603946,0.97110075,2.500841,2.7200763,0.30199534,3.529644,0.7464625269786022,1.5639714237795999,2.9863595280725113,0.5031405883175317,4.248231907164442,0.97110075,-3.543505,-5.183148,0.30199534,1.8566538,0.7464625269786022,-3.5845048240325545,-4.161835167944255,0.5031405883175317,3.1122011670040473
2012-11-15 09:00:00,0.0,-4.973536,-5.222394,0.0,-0.7133361,0.0,-6.422447,-6.9538765,0.0,-2.313195,0.0,-5.54639,-5.487998,0.0,-1.3319906,0.305088,1.8462769,1.7203999,0.4375047,1.1883699,1.0906768,2.6430042,2.5931501,0.91270095,3.8003602,0.49120936,2.903413,2.6289303,0.8664756,4.5028915,269.95624,278.52716,278.04932,271.85712,279.21875,269.95624,278.52716,278.04932,271.85712,279.21875,269.95624,278.52716,278.04932,271.85712,279.21875,0.0,7.7420206,8.482974,0.0,2.3353808,0.0,7.292153615082604,8.329056420395148,0.0,1.5640343046991452,1.0936676,2.646003,2.5961115,0.9154039,3.8032136,0.8431008751330779,1.6585327043394207,2.778760748907082,1.1231029417918261,4.500830619573749,1.0936676,-5.096018,-5.8868628,0.9154039,1.4678328,0.8431008751330779,-5.633620910743184,-5.550295671488065,1.1231029417918261,2.936796314874604
2012-11-15 10:00:00,-0.27220383,-6.208073,-5.3732066,0.0,-0.7804196,-0.34767324,-7.9181495,-7.060228,0.0,-2.547289,-0.34375724,-7.012124,-5.71997,0.0,-1.4644883,0.9341762,2.0250773,1.6666468,0.53670144,1.1942438,1.7625453,2.8171282,2.536527,1.2980434,3.8224928,1.8845001,3.2078815,2.5727267,1.2631572,4.5233464,273.56598,279.52216,277.74316,273.00568,279.2783,273.56598,279.52216,277.74316,273.00568,279.2783,273.56598,279.52216,277.74316,273.00568,279.2783,0.5248267,8.996248,8.594329,0.0,2.5415468,0.38967200355830867,8.957846647226212,8.746052660824697,0.0,1.6995948292740284,1.7655361,2.8201272,2.5394883,1.3007462,3.8253465,1.3746065253499442,1.7719603189000477,2.683936228004308,1.5125623588497714,4.521266866221501,1.2407094,-6.176121,-6.05484,1.3007462,1.2837995,0.9849345217916355,-7.1858863283261645,-6.062116432820389,1.5125623588497714,2.821672036947473
2012-11-15 11:00:00,-0.97923726,-6.635439,-5.7028275,-0.009383483,-0.8248792,-1.2453163,-8.433168,-7.4742355,-0.01196439,-2.7058382,-1.241785,-7.5229087,-6.0962353,-0.0106023885,-1.5536058,1.1225506,2.0898051,1.7018769,0.558177,1.2148701,1.96373,2.8801632,2.573638,1.3814679,3.9002132,2.3017077,3.3181026,2.6095626,1.3490367,4.5951753,274.64688,279.88235,277.94382,273.25433,279.48737,274.64688,279.88235,277.94382,273.25433,279.48737,274.64688,279.88235,277.94382,273.25433,279.48737,1.7602135,9.394096,8.975869,0.018453754,2.6824841,1.363713498131009,9.51475385889027,9.229972619458103,0.018453754135635738,1.7883135376129928,1.9667206,2.883162,2.5765994,1.3841709,3.9030666,1.533760752675966,1.8130223399606256,2.746084476103963,1.596878315120048,4.593029411472015,0.20650716,-6.510935,-6.39927,1.365717,1.2205824,0.17004725454495695,-7.701731518929645,-6.4838881433541395,1.5784245609844123,2.8047158738590223
2012-11-15 12:00:00,-1.3977785,-6.7403355,-5.7093205,-0.06495031,-0.8150202,-1.7939787,-8.59929,-7.5135217,-0.08321259,-2.671708,-1.7697344,-7.6112294,-6.079837,-0.07302178,-1.534204,1.2481247,2.1520596,1.7266957,0.614557,1.2207319,2.0978434,2.9407892,2.5997825,1.6004832,3.9223006,2.5798264,3.4241118,2.6355135,1.5744967,4.615588,275.36743,280.2288,278.08517,273.90714,279.54678,275.36743,280.2288,278.08517,273.90714,279.54678,275.36743,280.2288,278.08517,273.90714,279.54678,2.4454267,9.485965,9.007663,0.12436564,2.6541595,1.915534340805794,9.557284879061182,9.166094726647406,0.12436564283101624,1.7682722665954822,2.1008341,2.9437883,2.6027434,1.6031861,3.9251542,1.639856081776017,1.8525153555566334,2.789867089822229,1.818233570468292,4.613423759100501,-0.34459263,-6.5421767,-6.404919,1.4788204,1.2709945,-0.27567825902977705,-7.704769523504549,-6.376227636825178,1.6938679276372757,2.8451514925050185
2012-11-15 13:00:00,-1.791008,-6.050583,-5.029284,-0.089085355,-0.71696603,-2.3617373,-7.8179555,-6.6922436,-0.115868114,-2.3259265,-2.25038,-6.7433653,-5.2826242,-0.09862532,-1.3391826,1.4085292,2.1132603,1.6843557,0.64955366,1.1895952,2.269156,2.9030046,2.5551813,1.7364321,3.8049772,2.935087,3.3580427,2.5912428,1.7144463,4.5071583,276.28784,280.01288,277.84402,274.31235,279.23117,276.28784,280.01288,277.84402,274.31235,279.23117,276.28784,280.01288,277.84402,274.31235,279.23117,3.106369,8.843156,8.241299,0.17259958,2.3468378,2.413227323681489,8.546176998890317,8.086220671733614,0.1725995783695328,1.5713843111304293,2.272147,2.9060037,2.5581424,1.739135,3.8078306,1.7753791483830026,1.8279017997654288,2.715175765642234,1.9556350514890009,4.505093844784223,-0.8342221,-5.937152,-5.683156,1.5665355,1.4609929,-0.6378481752984866,-6.718275199124888,-5.371044906091379,1.783035473119468,2.9337095336537935
2012-11-15 14:00:00,-1.8856328,-4.4844966,-4.222476,0.0,-0.5541725,-2.5733647,-5.961431,-5.781111,0.0,-1.7656806,-2.315335,-4.859211,-4.308657,0.0,-1.0210905,1.5863093,1.986185,1.727612,0.5167176,1.1559718,2.459026,2.779253,2.600747,1.2204138,3.6782832,3.3288302,3.1416535,2.636471,1.1832433,4.390068,277.30795,279.30573,278.0904,272.7743,278.89035,277.30795,279.30573,278.0904,272.7743,278.89035,277.30795,279.30573,278.0904,272.7743,278.89035,3.3364377,7.216438,7.3159447,0.0,1.8349534,2.4566818280776848,6.319581863074047,6.6030157794067454,0.0,1.237128195570096,2.4620166,2.7822518,2.6037087,1.2231166,3.6811366,1.9255823827156193,1.747287620995988,2.7914834168830716,1.4341034019964038,4.388111782989195,-0.87442106,-4.434186,-4.712236,1.2231166,1.8461833,-0.5310994453620654,-4.572294242078059,-3.811532362523674,1.4341034019964038,3.150983587419099
2012-11-15 15:00:00,-0.16677368,-1.8232685,-1.550502,0.0,-0.2145288,-0.2360153,-2.5911899,-2.2557766,0.0,-0.6452799,-0.19274499,-1.8598605,-1.4821906,0.0,-0.3777048,0.98019147,1.8079655,1.5420433,0.48958853,1.0433114,1.8116897,2.605695,2.4052696,1.1150272,3.253777,1.9864138,2.8381753,2.4424424,1.0747555,3.9977412,273.83002,278.31396,277.03348,272.46017,277.74838,273.83002,278.31396,277.03348,272.46017,277.74838,273.83002,278.31396,277.03348,272.46017,277.74838,0.40570986,3.6202066,3.3195853,0.0,0.7271444,0.22311536496079426,2.523820367199269,2.4310587260193413,0.0,0.504699503544144,1.8146806,2.6086938,2.4082308,1.1177301,3.2566304,1.4134840310622663,1.634228774903752,2.4641251999347333,1.3275908666638119,3.9961464577411636,1.4089707,-1.0115126,-0.9113545,1.1177301,2.529486,1.190368666101472,-0.8895915922955169,0.03306647391539208,1.3275908666638119,3.49144695419702
2012-11-15 16:00:00,0.0,0.0,0.0,0.0,0.0,0.0,0.0,0.0,0.0,0.0,0.0,0.0,0.0,0.0,0.0,0.83875775,1.668551,0.81536114,0.45236734,1.0295765,1.6606382,2.4699268,1.6397836,0.97043675,3.2020237,1.6731695,2.6007748,1.6826301,0.92591035,3.949911,273.01846,277.53815,272.89462,272.0292,277.60916,273.01846,277.53815,272.89462,272.0292,277.60916,273.01846,277.53815,272.89462,272.0292,277.60916,0.0,0.0,0.0,0.0,0.0,0.0,0.0,0.0,0.0,0.0,1.6636289,2.4729257,1.6427448,0.9731397,3.2048774,1.2939891732943762,1.545786963550536,1.1821982487908098,1.1814556267952736,3.9483606262665107,1.6636289,2.4729257,1.6427448,0.9731397,3.2048774,1.2939891732943762,1.545786963550536,1.1821982487908098,1.1814556267952736,3.9483606262665107
2012-11-15 17:00:00,0.0,0.0,0.0,0.0,0.0,0.0,0.0,0.0,0.0,0.0,0.0,0.0,0.0,0.0,0.0,0.92909175,1.2212863,1.6795065,0.33467868,1.0143154,1.7571151,2.0343602,2.5500731,0.51326,3.1445193,1.8732394,1.8391553,2.5861726,0.45528057,3.8967655,273.5368,275.0492,277.8164,270.66653,277.45447,273.5368,275.0492,277.8164,270.66653,277.45447,273.5368,275.0492,277.8164,270.66653,277.45447,0.0,0.0,0.0,0.0,0.0,0.0,0.0,0.0,0.0,0.0,1.7601058,2.037359,2.5530345,0.5159629,3.1473727,1.3703107676683701,1.2620509376538482,2.706621520086312,0.7193942523008704,3.895264094099694,1.7601058,2.037359,2.5530345,0.5159629,3.1473727,1.3703107676683701,1.2620509376538482,2.706621520086312,0.7193942523008704,3.895264094099694
2012-11-15 18:00:00,0.0,0.0,0.0,0.0,0.0,0.0,0.0,0.0,0.0,0.0,0.0,0.0,0.0,0.0,0.0,0.25232366,1.7047455,1.635275,0.22256184,1.0061955,1.0343243,2.5051746,2.5034797,0.07772776,3.1139235,0.37434787,2.662408,2.5399246,0.00693209,3.868489,269.65347,277.73956,277.56448,269.36838,277.37216,269.65347,277.73956,277.56448,269.36838,277.37216,269.65347,277.73956,277.56448,269.36838,277.37216,0.0,0.0,0.0,0.0,0.0,0.0,0.0,0.0,0.0,0.0,1.037315,2.5081735,2.506441,0.08043066,3.116777,0.7985211555107999,1.5687480191296101,2.628593567529255,0.2792086671480681,3.867013680358542,1.037315,2.5081735,2.506441,0.08043066,3.116777,0.7985211555107999,1.5687480191296101,2.628593567529255,0.2792086671480681,3.867013680358542
2012-11-15 19:00:00,0.0,0.0,0.0,0.0,0.0,0.0,0.0,0.0,0.0,0.0,0.0,0.0,0.0,0.0,0.0,0.18582702,1.1160318,1.3793968,0.2068189,1.0131352,0.96330565,1.9318584,2.233938,0.016572267,3.140072,0.2270726,1.6599238,2.2723806,0.0,3.8926556,269.2719,274.46347,276.10712,269.1861,277.4425,269.2719,274.46347,276.10712,269.1861,277.4425,269.2719,274.46347,276.10712,269.1861,277.4425,0.0,0.0,0.0,0.0,0.0,0.0,0.0,0.0,0.0,0.0,0.96820885,1.9348574,2.2368994,0.07623055,3.1429257,0.7442517906582342,1.1952794922403371,2.1772035161225656,0.21739973160531365,3.8911579902114735,0.96820885,1.9348574,2.2368994,0.07623055,3.1429257,0.7442517906582342,1.1952794922403371,2.1772035161225656,0.21739973160531365,3.8911579902114735
2012-11-15 20:00:00,0.0,0.0,0.0,0.0,0.0,0.0,0.0,0.0,0.0,0.0,0.0,0.0,0.0,0.0,0.0,0.039276946,1.5187994,1.5705649,0.2713036,0.88644195,0.80678964,2.324092,2.435314,0.26707137,2.6626897,0.0,2.3457718,2.472264,0.2018474,3.4514601,268.431,276.7048,277.19592,269.93274,276.1583,268.431,276.7048,277.19592,269.93274,276.1583,268.431,276.7048,277.19592,269.93274,276.1583,0.0,0.0,0.0,0.0,0.0,0.0,0.0,0.0,0.0,0.0,0.82938355,2.3270905,2.4382753,0.26977426,2.665543,0.638124892909559,1.4507873355660237,2.5144392873316095,0.470575257637296,3.4503698327619183,0.82938355,2.3270905,2.4382753,0.26977426,2.665543,0.638124892909559,1.4507873355660237,2.5144392873316095,0.470575257637296,3.4503698327619183
2012-11-15 21:00:00,0.0,0.0,0.0,0.0,0.0,0.0,0.0,0.0,0.0,0.0,0.0,0.0,0.0,0.0,0.0,0.0,1.5296795,0.7931249,0.16822982,0.7316741,0.73072696,2.3346875,1.6163598,0.0,2.079521,0.0,2.364299,1.65938,0.0,2.912498,268.02234,276.76535,272.76797,268.7393,274.5895,268.02234,276.76535,272.76797,268.7393,274.5895,268.02234,276.76535,272.76797,268.7393,274.5895,0.0,0.0,0.0,0.0,0.0,0.0,0.0,0.0,0.0,0.0,0.7619181,2.3376863,1.6193211,0.07032532,2.0823743,0.5865500321673158,1.457689568031006,1.142971597899013,0.0703253229042585,2.9119045866448623,0.7619181,2.3376863,1.6193211,0.07032532,2.0823743,0.5865500321673158,1.457689568031006,1.142971597899013,0.0703253229042585,2.9119045866448623
2012-11-15 22:00:00,0.0,0.0,0.0,0.0,0.0,0.0,0.0,0.0,0.0,0.0,0.0,0.0,0.0,0.0,0.0,0.6367363,1.553365,1.5458101,0.12448005,0.7015218,1.4448783,2.3577533,2.4092374,0.0,1.9659072,1.2257366,2.4046316,2.4463809,0.0,2.8074965,271.85925,276.89716,277.05493,268.23273,274.28387,271.85925,276.89716,277.05493,268.23273,274.28387,271.85925,276.89716,277.05493,268.23273,274.28387,0.0,0.0,0.0,0.0,0.0,0.0,0.0,0.0,0.0,0.0,1.4478692,2.3607523,2.4121988,0.063642606,1.9687605,1.1233047009778527,1.4727151436440395,2.470770100073753,0.06364260432978684,2.806999917153708,1.4478692,2.3607523,2.4121988,0.063642606,1.9687605,1.1233047009778527,1.4727151436440395,2.470770100073753,0.06364260432978684,2.806999917153708
2012-11-15 23:00:00,0.0,0.0,0.0,0.0,0.0,0.0,0.0,0.0,0.0,0.0,0.0,0.0,0.0,0.0,0.0,0.016040612,1.5329425,0.60676324,0.094601884,0.66550183,0.7819731,2.337865,1.4200468,0.0,1.830183,0.0,2.3698554,1.464522,0.0,2.6820612,268.29767,276.7835,271.70654,267.88678,273.91876,268.29767,276.7835,271.70654,267.88678,273.91876,268.29767,276.7835,271.70654,267.88678,273.91876,0.0,0.0,0.0,0.0,0.0,0.0,0.0,0.0,0.0,0.0,0.80737203,2.340864,1.423008,0.05908005,1.8330364,0.6212978772585351,1.4597595419809377,0.8142144546056181,0.05908005105920696,2.6816799505244338,0.80737203,2.340864,1.423008,0.05908005,1.8330364,0.6212978772585351,1.4597595419809377,0.8142144546056181,0.05908005105920696,2.6816799505244338
2012-12-24 00:00:00,0.0,0.0,0.0,0.0,0.0,0.0,0.0,0.0,0.0,0.0,0.0,0.0,0.0,0.0,0.0,0.97973937,1.3988695,1.4155805,0.68212014,1.4238638,1.811207,2.2072988,2.2720537,1.8629409,4.6877055,1.9854125,2.1415508,2.3102138,1.8446779,5.322973,273.82742,276.0374,276.3132,274.68942,281.6058,273.82742,276.0374,276.3132,274.68942,281.6058,273.82742,276.0374,276.3132,274.68942,281.6058,0.0,0.0,0.0,0.0,0.0,0.0,0.0,0.0,0.0,0.0,1.8141978,2.2102976,2.275015,1.865644,4.690559,1.4131020860801182,1.3747062257995426,2.241034256718302,2.0834956253323416,5.32015546659608,1.8141978,2.2102976,2.275015,1.865644,4.690559,1.4131020860801182,1.3747062257995426,2.241034256718302,2.0834956253323416,5.32015546659608
2012-12-24 01:00:00,0.0,0.0,0.0,0.0,0.0,0.0,0.0,0.0,0.0,0.0,0.0,0.0,0.0,0.0,0.0,0.8152183,1.3311913,1.3975718,0.6327484,0.9695643,1.6354978,2.1413906,2.2530835,1.6711504,2.9758966,1.6210347,2.0263057,2.2913842,1.6472435,3.740925,272.8834,275.6608,276.21063,274.11777,277.00085,272.8834,275.6608,276.21063,274.11777,277.00085,272.8834,275.6608,276.21063,274.11777,277.00085,0.0,0.0,0.0,0.0,0.0,0.0,0.0,0.0,0.0,0.0,1.6384887,2.1443894,2.2560446,1.6738534,2.97875,1.2741010734003935,1.3317725308144888,2.2092653955984636,1.8896558495769629,3.739567338501439,1.6384887,2.1443894,2.2560446,1.6738534,2.97875,1.2741010734003935,1.3317725308144888,2.2092653955984636,1.8896558495769629,3.739567338501439
2012-12-24 02:00:00,0.0,0.0,0.0,0.0,0.0,0.0,0.0,0.0,0.0,0.0,0.0,0.0,0.0,0.0,0.0,1.1804154,1.4502711,1.9526755,0.5368359,1.464418,2.0255299,2.257356,2.837829,1.2985654,4.840514,2.4298654,2.2290792,2.871796,1.2636946,5.4641976,274.9789,276.32346,279.37225,273.00723,282.01688,274.9789,276.32346,279.37225,273.00723,282.01688,274.9789,276.32346,279.37225,273.00723,282.01688,0.0,0.0,0.0,0.0,0.0,0.0,0.0,0.0,0.0,0.0,2.0285203,2.2603548,2.8407903,1.3012683,4.8433676,1.582649710390953,1.407314403669643,3.188513837138261,1.5130901096806237,5.461250413979591,2.0285203,2.2603548,2.8407903,1.3012683,4.8433676,1.582649710390953,1.407314403669643,3.188513837138261,1.5130901096806237,5.461250413979591
2012-12-24 03:00:00,0.0,0.0,0.0,0.0,0.0,0.0,0.0,0.0,0.0,0.0,0.0,0.0,0.0,0.0,0.0,0.88299674,2.3075094,1.2494996,0.49600646,1.4415305,1.7078854,3.0921733,2.0971043,1.1399584,4.754275,1.7711489,3.6888175,2.1365612,1.1004204,5.384495,273.2723,281.09384,275.36728,272.5345,281.78488,273.2723,281.09384,275.36728,272.5345,281.78488,273.2723,281.09384,275.36728,272.5345,281.78488,0.0,0.0,0.0,0.0,0.0,0.0,0.0,0.0,0.0,0.0,1.7108762,3.0951722,2.1000655,1.1426612,4.757128,1.3313658599003744,1.9511296103209423,1.9480537094792323,1.35278838182313,5.381621327861591,1.7108762,3.0951722,2.1000655,1.1426612,4.757128,1.3313658599003744,1.9511296103209423,1.9480537094792323,1.35278838182313,5.381621327861591
2012-12-24 04:00:00,0.0,0.0,0.0,0.0,0.0,0.0,0.0,0.0,0.0,0.0,0.0,0.0,0.0,0.0,0.0,0.9882968,1.4778996,1.2101599,0.5305208,1.4196367,1.8203464,2.2842617,2.055664,1.2740337,4.6717777,2.0043654,2.2761261,2.095428,1.238441,5.308252,273.87653,276.4772,275.14322,272.9341,281.56296,273.87653,276.4772,275.14322,272.9341,281.56296,273.87653,276.4772,275.14322,272.9341,281.56296,0.0,0.0,0.0,0.0,0.0,0.0,0.0,0.0,0.0,0.0,1.8233371,2.2872605,2.0586252,1.2767365,4.6746316,1.4203320799186674,1.4248413427616697,1.8786556201183715,1.488296168686075,5.305448910833167,1.8233371,2.2872605,2.0586252,1.2767365,4.6746316,1.4203320799186674,1.4248413427616697,1.8786556201183715,1.488296168686075,5.305448910833167
2012-12-24 05:00:00,0.0,0.0,0.0,0.0,0.0,0.0,0.0,0.0,0.0,0.0,0.0,0.0,0.0,0.0,0.0,0.84007686,1.6947975,1.7630721,0.43317693,1.2775075,1.6620468,2.4954867,2.6381013,0.8958891,4.136233,1.676091,2.6454682,2.6735482,0.849169,4.8133035,273.02603,277.6842,278.29236,271.807,280.12228,273.02603,277.6842,278.29236,271.807,280.12228,273.02603,277.6842,278.29236,271.807,280.12228,0.0,0.0,0.0,0.0,0.0,0.0,0.0,0.0,0.0,0.0,1.6650375,2.4984858,2.6410623,0.898592,4.1390862,1.295103553948174,1.5624372077931798,2.8540381097991947,1.1061114346494854,4.810956685437415,1.6650375,2.4984858,2.6410623,0.898592,4.1390862,1.295103553948174,1.5624372077931798,2.8540381097991947,1.1061114346494854,4.810956685437415
2012-12-24 06:00:00,0.0,0.0,0.0,0.0,0.0,0.0,0.0,0.0,0.0,0.0,0.0,0.0,0.0,0.0,0.0,0.8409915,1.7488973,1.7443026,0.3704028,1.0226641,1.6630237,2.5481713,2.6183293,0.6520348,3.175977,1.6781169,2.737591,2.6539228,0.598139,3.9258387,273.03128,277.98526,278.18546,271.08017,277.5391,273.03128,277.98526,278.18546,271.08017,277.5391,273.03128,277.98526,278.18546,271.08017,277.5391,0.0,0.0,0.0,0.0,0.0,0.0,0.0,0.0,0.0,0.0,1.6660146,2.5511706,2.6212904,0.6547378,3.1788306,1.295876430853227,1.596757027988266,2.8209270355645044,0.8596517966414854,3.9243105892069305,1.6660146,2.5511706,2.6212904,0.6547378,3.1788306,1.295876430853227,1.596757027988266,2.8209270355645044,0.8596517966414854,3.9243105892069305
2012-12-24 07:00:00,0.0,-0.002171023,0.0,0.0,0.0,0.0,-0.0032869147,0.0,0.0,0.0,0.0,-0.002105138,0.0,0.0,0.0,0.93684614,1.3950307,1.1168318,0.4345053,1.2679095,1.7653967,2.2035604,1.9573524,0.9010493,4.1000667,1.8904133,2.1350138,1.997845,0.85448116,4.779879,273.5813,276.01605,274.61166,271.8224,280.025,273.5813,276.01605,274.61166,271.8224,280.025,273.5813,276.01605,274.61166,271.8224,280.025,0.0,0.0057071485,0.0,0.0,0.0,0.0,0.0030648300509069667,0.0,0.0,0.0,1.7683876,2.2065592,1.9603136,0.90375227,4.1029205,1.3768622474798082,1.3722709623290346,1.7140171128332344,1.1113268546249662,4.777563167081169,1.7683876,2.200852,1.9603136,0.90375227,4.1029205,1.3768622474798082,1.3692061322781275,1.7140171128332344,1.1113268546249662,4.777563167081169
2012-12-24 08:00:00,-0.2395993,-2.030744,-2.5915194,0.0,-0.094825014,-0.33579898,-2.8140044,-3.7041028,0.0,-0.15764016,-0.2790515,-2.1174798,-2.5374272,0.0,-0.10736063,1.0947137,1.8942621,1.8983974,0.48071945,1.2625264,1.934,2.6897342,2.7806528,1.080574,4.0797834,2.2400553,2.9851239,2.815043,1.0392886,4.7611327,274.48715,278.7942,279.0631,272.35748,279.97043,274.48715,278.7942,279.0631,272.35748,279.97043,274.48715,278.7942,279.0631,272.35748,279.97043,0.5514611,3.6833854,4.832325,0.0,0.17000341,0.31835274445898176,2.8093703261191427,3.828470625598908,0.0,0.15152890977996977,1.9369909,2.692733,2.783614,1.083277,4.082637,1.5102419287163853,1.6889734977207693,3.0927630001421407,1.2927696598830705,4.758834305468571,1.3855298,-0.99065214,-2.0487113,1.083277,3.9126332,1.1918891842574035,-1.1203968283983734,-0.7357076254567674,1.2927696598830705,4.607305395688601
2012-12-24 09:00:00,-0.44320485,-3.50018,-3.8131185,0.0,-0.16318999,-0.59375954,-4.637051,-5.203895,0.0,-0.2689255,-0.53594875,-3.8052042,-3.8998811,0.0,-0.19041598,1.1292145,2.0419354,1.7969624,0.5338391,1.3474342,1.970847,2.8335452,2.673801,1.286924,4.3997173,2.316467,3.2365875,2.7089832,1.2517108,5.0568147,274.68512,279.61597,278.48538,272.97253,280.8311,274.68512,279.61597,278.48538,272.97253,280.8311,274.68512,279.61597,278.48538,272.97253,280.8311,0.9025024,5.490578,6.504809,0.0,0.26726502,0.6008881813318451,4.886135580437736,5.922060111933806,0.0,0.23538214180310704,1.9738379,2.8365443,2.6767623,1.2896271,4.4025707,1.5393910710598704,1.7826546044833922,2.9138233066403076,1.5013243705692705,5.054243340814506,1.0713354,-2.654034,-3.8280466,1.2896271,4.135306,0.9385028897280253,-3.1034809759543442,-3.0082368052934987,1.5013243705692705,4.8188611990113985
2012-12-24 10:00:00,-1.1240587,-4.2317915,-4.1176805,0.0,-0.17752422,-1.4899229,-5.4959135,-5.524014,0.0,-0.28946808,-1.3885548,-4.691944,-4.2818594,0.0,-0.20919245,1.4623731,2.1028628,1.7393571,0.54313254,1.2877982,2.3266618,2.892879,2.6131196,1.3230256,4.175008,3.0543394,3.3403373,2.6487517,1.2888746,4.849139,276.5968,279.95502,278.1573,273.08014,280.2266,276.5968,279.95502,278.1573,273.08014,280.2266,276.5968,279.95502,278.1573,273.08014,280.2266,1.9879781,6.247396,6.8495326,0.0,0.28643197,1.48177534016736,5.939721511302718,6.547254918066381,0.0,0.2527009489575822,2.3296525,2.895878,2.6160808,1.3257285,4.177861,1.8208710424920584,1.8213057147081675,2.8122026503179676,1.537811614286624,4.846759397401546,0.34167436,-3.3515182,-4.2334514,1.3257285,3.8914294,0.33909570232469854,-4.118415796594551,-3.7350522677484133,1.537811614286624,4.594058448443963
2012-12-24 11:00:00,-1.4391313,-4.3799667,-3.6715908,-0.047810547,-0.18953441,-1.894297,-5.6492825,-4.855668,-0.06189144,-0.30873287,-1.7943714,-4.8903503,-3.853353,-0.053183638,-0.22453219,1.5939094,2.0830379,1.5673873,0.6370999,1.3023399,2.4671428,2.8735728,2.431967,1.6880544,4.229801,3.3456626,3.3065784,2.4689422,1.664645,4.8997793,277.35156,279.8447,277.17783,274.16815,280.374,277.35156,279.8447,277.17783,274.16815,280.374,277.35156,279.8447,277.17783,274.16815,280.374,2.4062555,6.394669,6.2130184,0.092803515,0.30174637,1.8757999594934998,6.194472224080681,6.113372243428368,0.09280351179158648,0.2656986316837742,2.4701335,2.876572,2.4349282,1.6907574,4.2326546,1.9320035518860894,1.8087293183569018,2.508834129746348,1.906740489218866,4.897352463167126,0.063877925,-3.5180972,-3.77809,1.5979539,3.9309082,0.05620359239258965,-4.385742905723779,-3.60453811368202,1.8139369774272796,4.6316538314833515
2012-12-24 12:00:00,-0.84567374,-4.0748105,-3.506648,-0.05014581,-0.17905478,-1.1082411,-5.2689223,-4.6455264,-0.06509731,-0.2909341,-1.048327,-4.53798,-3.6692257,-0.055622734,-0.21143687,1.2846891,2.003591,1.5450814,0.6433914,1.2660067,2.1368942,2.796204,2.4084697,1.7124941,4.0928974,2.6608083,3.1712937,2.4456189,1.6898038,4.7732534,275.57724,279.4026,277.05078,274.241,280.0057,275.57724,279.4026,277.05078,274.241,280.0057,275.57724,279.4026,277.05078,274.241,280.0057,1.5477525,6.097362,5.999937,0.09757073,0.28826374,1.1421671304038932,5.815580971077405,5.859141760576742,0.09757073160660353,0.25459620360206464,2.139885,2.799203,2.4114313,1.7151971,4.095751,1.67074869062625,1.7583298013608335,2.469484600189107,1.9314412977138526,4.770943122036895,0.5921325,-3.2981591,-3.5885057,1.6176263,3.807487,0.5285815602223569,-4.057251169716571,-3.3896571603876353,1.8338705661072492,4.516346918434831
2012-12-24 13:00:00,-0.97680163,-3.3068576,-3.0214252,-0.008331578,-0.151809,-1.2951893,-4.3320994,-4.0473413,-0.010982076,-0.24601373,-1.2034895,-3.6347673,-3.1170473,-0.009102343,-0.17714903,1.387133,1.8570474,1.5041239,0.566287,1.2061993,2.246305,2.6534932,2.3653252,1.4129723,3.8675413,2.8876994,2.9217536,2.402794,1.3814682,4.5649796,276.16507,278.5871,276.8175,273.34824,279.39948,276.16507,278.5871,276.8175,273.34824,279.39948,276.16507,278.5871,276.8175,273.34824,279.39948,1.771856,5.2850776,5.377624,0.017669242,0.2520986,1.2978500398165291,4.772914681487974,5.053934272629329,0.017669241700103203,0.22411837794429423,2.2492957,2.656492,2.3682864,1.4156752,3.870395,1.757301917051441,1.665365357848103,2.3972319449079267,1.6287192819148006,4.562862117599372,0.4774398,-2.6285856,-3.0093374,1.398006,3.6182964,0.4594518772349119,-3.107549323639871,-2.656702327721402,1.6110500402146974,4.338743739655078
2012-12-24 14:00:00,-1.2228067,-2.0497022,-2.060401,-0.018197194,-0.08279606,-1.6957695,-2.7688034,-2.8412752,-0.02493343,-0.12939987,-1.4588287,-2.1874542,-2.0541806,-0.01916748,-0.092143066,1.8615022,1.6332011,1.4340875,0.6026463,1.0028597,2.7529328,2.4355016,2.291549,1.5542146,3.101354,3.9383214,2.5405798,2.3295646,1.5268667,3.8568723,278.88702,277.34143,276.4186,273.76923,277.33835,278.88702,277.34143,276.4186,273.76923,277.33835,278.88702,277.34143,276.4186,273.76923,277.33835,2.1546543,3.7307804,4.0304375,0.041349925,0.14937012,1.4937656220088922,2.9918838280429227,3.4312572227865417,0.04134992475225824,0.13672537859339268,2.7559235,2.4385004,2.2945104,1.5569175,3.1042073,2.1580880204956343,1.5233616659349734,2.273682172906318,1.77147070763258,3.8554076520214275,0.60126925,-1.29228,-1.7359273,1.5155677,2.9548373,0.6643223984867421,-1.4685221621079494,-1.1575750498802235,1.7301207828803218,3.7186822734280347
2012-12-24 15:00:00,-0.2583652,-0.61043143,-0.50675607,-0.0044474243,-0.0090641305,-0.3774955,-0.88399017,-0.7400961,-0.006534751,-0.011665919,-0.29325563,-0.6130028,-0.4703663,-0.004413989,-0.008281791,1.3534992,1.4586396,1.2524142,0.5939986,0.7066581,2.210384,2.2655056,2.1001747,1.5206214,1.9852606,2.8132076,2.2433298,2.1396089,1.4922851,2.8253832,275.97208,276.37003,275.38388,273.6691,274.33594,275.97208,276.37003,275.38388,273.6691,274.33594,275.97208,276.37003,275.38388,273.6691,274.33594,0.60616577,1.3912524,1.2405267,0.012201977,0.018898122,0.32623608082619426,0.8754337772432511,0.8421223862642435,0.012201977015735672,0.018898122031535184,2.2133746,2.2685044,2.103136,1.5233245,1.988114,1.7288852103796046,1.4126232780353503,1.9531957090178198,1.7375187375144188,2.824869848871322,1.6072088,0.8772521,0.86260927,1.5111226,1.9692159,1.4026491295534105,0.5371895007920992,1.1110733227535763,1.725316760498683,2.805971726839787
2012-12-24 16:00:00,0.0,0.0,0.0,0.0,0.0,0.0,0.0,0.0,0.0,0.0,0.0,0.0,0.0,0.0,0.0,1.2702016,1.3529683,1.4084488,0.543288,0.6642524,2.1214216,2.1625981,2.2645411,1.3236297,1.8254751,2.628722,2.0633883,2.3027568,1.2894965,2.67771,275.4941,275.78198,276.27258,273.08194,273.9061,275.4941,275.78198,276.27258,273.08194,273.9061,275.4941,275.78198,276.27258,273.08194,273.9061,0.0,0.0,0.0,0.0,0.0,0.0,0.0,0.0,0.0,0.0,2.1244123,2.165597,2.2675025,1.3263327,1.8283286,1.6585084773159906,1.3455874325878985,2.228453371817824,1.5384221495615316,2.6773329272754243,2.1244123,2.165597,2.2675025,1.3263327,1.8283286,1.6585084773159906,1.3455874325878985,2.228453371817824,1.5384221495615316,2.6773329272754243
2012-12-24 17:00:00,0.0,0.0,0.0,0.0,0.0,0.0,0.0,0.0,0.0,0.0,0.0,0.0,0.0,0.0,0.0,1.2948686,1.1748203,1.2865403,0.57700896,0.66471004,2.1477664,1.9891094,2.136123,1.4546231,1.8271995,2.6833537,1.7600312,2.1752906,1.4243447,2.6793036,275.63565,274.79062,275.57825,273.47238,273.91074,275.63565,274.79062,275.57825,273.47238,273.91074,275.63565,274.79062,275.57825,273.47238,273.91074,0.0,0.0,0.0,0.0,0.0,0.0,0.0,0.0,0.0,0.0,2.1507568,1.9921083,2.1390843,1.457326,1.8300529,1.6793491929301552,1.2325738128172579,2.013396802880435,1.6708151717168975,2.678925090007591,2.1507568,1.9921083,2.1390843,1.457326,1.8300529,1.6793491929301552,1.2325738128172579,2.013396802880435,1.6708151717168975,2.678925090007591
2012-12-24 18:00:00,0.0,0.0,0.0,0.0,0.0,0.0,0.0,0.0,0.0,0.0,0.0,0.0,0.0,0.0,0.0,1.1576523,1.224319,0.9567733,0.54800063,0.6932755,2.0012188,2.0373135,1.7887468,1.3419363,1.9348348,2.3794503,1.8443196,1.8304893,1.308342,2.7787797,274.8483,275.06607,273.70004,273.1365,274.2003,274.8483,275.06607,273.70004,273.1365,274.2003,274.8483,275.06607,273.70004,273.1365,274.2003,0.0,0.0,0.0,0.0,0.0,0.0,0.0,0.0,0.0,0.0,2.0042095,2.0403123,1.7917081,1.3446393,1.9376884,1.5634176571721898,1.2639747957955494,1.43166084405257,1.5569244728078808,2.7783095637102457,2.0042095,2.0403123,1.7917081,1.3446393,1.9376884,1.5634176571721898,1.2639747957955494,1.43166084405257,1.5569244728078808,2.7783095637102457
2012-12-24 19:00:00,0.0,0.0,0.0,0.0,0.0,0.0,0.0,0.0,0.0,0.0,0.0,0.0,0.0,0.0,0.0,0.8015978,0.8948123,1.2231482,0.46653944,0.6463478,1.620951,1.716425,2.0693457,1.02549,1.7580101,1.5908682,1.283223,2.1090083,0.9825837,2.6153595,272.80524,273.23242,275.2172,272.1933,273.7246,272.80524,273.23242,275.2172,272.1933,273.7246,272.80524,273.23242,275.2172,272.1933,273.7246,0.0,0.0,0.0,0.0,0.0,0.0,0.0,0.0,0.0,0.0,1.6239418,1.7194238,2.0723069,1.028193,1.7608635,1.262593295761783,1.0549422163305981,1.9015677651211946,1.2370971212559116,2.615039560379379,1.6239418,1.7194238,2.0723069,1.028193,1.7608635,1.262593295761783,1.0549422163305981,1.9015677651211946,1.2370971212559116,2.615039560379379
2012-12-24 20:00:00,0.0,0.0,0.0,0.0,0.0,0.0,0.0,0.0,0.0,0.0,0.0,0.0,0.0,0.0,0.0,0.7149761,0.8806361,1.1424599,0.48453328,0.60457134,1.5284388,1.7026196,1.9843488,1.0953895,1.6005958,1.3990206,1.2590833,2.0246413,1.0545399,2.469877,272.3082,273.15353,274.75763,272.40164,273.30115,272.3082,273.15353,274.75763,272.40164,273.30115,272.3082,273.15353,274.75763,272.40164,273.30115,0.0,0.0,0.0,0.0,0.0,0.0,0.0,0.0,0.0,0.0,1.5314295,1.7056184,1.98731,1.0980923,1.6034491,1.1894081437117838,1.045949136228794,1.7592270095116596,1.3077432962015647,2.4696918625402104,1.5314295,1.7056184,1.98731,1.0980923,1.6034491,1.1894081437117838,1.045949136228794,1.7592270095116596,1.3077432962015647,2.4696918625402104
2012-12-24 21:00:00,0.0,0.0,0.0,0.0,0.0,0.0,0.0,0.0,0.0,0.0,0.0,0.0,0.0,0.0,0.0,1.1679915,0.84548366,0.5054729,0.50922173,0.7190141,2.012261,1.6683865,1.3133477,1.1912949,2.031818,2.4023492,1.1992242,1.3586137,1.1532677,2.8684113,274.90762,272.95792,271.12964,272.6875,274.46118,274.90762,272.95792,271.12964,272.6875,274.46118,274.90762,272.95792,271.12964,272.6875,274.46118,0.0,0.0,0.0,0.0,0.0,0.0,0.0,0.0,0.0,0.0,2.0152516,1.6713853,1.3163089,1.1939979,2.0346713,1.5721529635874412,1.023649080734572,0.6355299706397074,1.404673532134761,2.8678582426398394,2.0152516,1.6713853,1.3163089,1.1939979,2.0346713,1.5721529635874412,1.023649080734572,0.6355299706397074,1.404673532134761,2.8678582426398394
2012-12-24 22:00:00,0.0,0.0,0.0,0.0,0.0,0.0,0.0,0.0,0.0,0.0,0.0,0.0,0.0,0.0,0.0,0.61732394,1.1374851,0.41440597,0.5191425,0.6816934,1.4241459,1.9527507,1.2174177,1.2298334,1.8911932,1.1827426,1.6964556,1.2633948,1.19294,2.7384465,271.74786,274.58286,270.61096,272.80237,274.0829,271.74786,274.58286,270.61096,272.80237,274.0829,271.74786,274.58286,270.61096,272.80237,274.0829,0.0,0.0,0.0,0.0,0.0,0.0,0.0,0.0,0.0,0.0,1.4271367,1.9557496,1.220379,1.2325362,1.8940465,1.1069035340973654,1.2088891360926612,0.4748802938789893,1.443623613062758,2.738013181929669,1.4271367,1.9557496,1.220379,1.2325362,1.8940465,1.1069035340973654,1.2088891360926612,0.4748802938789893,1.443623613062758,2.738013181929669
2012-12-24 23:00:00,0.0,0.0,0.0,0.0,0.0,0.0,0.0,0.0,0.0,0.0,0.0,0.0,0.0,0.0,0.0,0.43598583,1.065908,0.4371137,0.5318966,0.67413056,1.230476,1.8830456,1.2413381,1.2793782,1.8626959,0.7811189,1.574571,1.2871379,1.2439429,2.7121093,270.70734,274.18454,270.7403,272.95004,274.00623,270.70734,274.18454,270.7403,272.95004,274.00623,270.70734,274.18454,270.7403,272.95004,274.00623,0.0,0.0,0.0,0.0,0.0,0.0,0.0,0.0,0.0,0.0,1.233467,1.8860445,1.2442994,1.2820811,1.8655494,0.9536941680817228,1.1634819092111341,0.514938738813793,1.49369785366068,2.711700597829641,1.233467,1.8860445,1.2442994,1.2820811,1.8655494,0.9536941680817228,1.1634819092111341,0.514938738813793,1.49369785366068,2.711700597829641
