,CH-Cha_REF_GPP_WRF,CH-Cha_ALPS_GPP_WRF,CH-Fru_REF_GPP_WRF,CH-Fru_ALPS_GPP_WRF,CH-Oe1_REF_GPP_WRF,CH-Oe1_ALPS_GPP_WRF,DE-Lkb_REF_GPP_WRF,DE-Lkb_ALPS_GPP_WRF,IT-Isp_REF_GPP_WRF,IT-Isp_ALPS_GPP_WRF,IT-La2_REF_GPP_WRF,IT-La2_ALPS_GPP_WRF,IT-PT1_REF_GPP_WRF,IT-PT1_ALPS_GPP_WRF,CH-Oe2_REF_GPP_WRF,CH-Oe2_ALPS_GPP_WRF,CH-Oe2_SITE_GPP_WRF,IT-Tor_REF_GPP_WRF,IT-Tor_ALPS_GPP_WRF,IT-Tor_SITE_GPP_WRF,CH-Lae_REF_GPP_WRF,CH-Lae_ALPS_GPP_WRF,CH-Lae_SITE_GPP_WRF,CH-Dav_REF_GPP_WRF,IT-Lav_REF_GPP_WRF,IT-Ren_REF_GPP_WRF,AT-Neu_REF_GPP_WRF,IT-MBo_REF_GPP_WRF,CH-Dav_ALPS_GPP_WRF,IT-Lav_ALPS_GPP_WRF,IT-Ren_ALPS_GPP_WRF,AT-Neu_ALPS_GPP_WRF,IT-MBo_ALPS_GPP_WRF,CH-Dav_SITE_GPP_WRF,IT-Lav_SITE_GPP_WRF,IT-Ren_SITE_GPP_WRF,AT-Neu_SITE_GPP_WRF,IT-MBo_SITE_GPP_WRF,CH-Cha_REF_RECO_WRF,CH-Cha_ALPS_RECO_WRF,CH-Fru_REF_RECO_WRF,CH-Fru_ALPS_RECO_WRF,CH-Oe1_REF_RECO_WRF,CH-Oe1_ALPS_RECO_WRF,DE-Lkb_REF_RECO_WRF,DE-Lkb_ALPS_RECO_WRF,IT-Isp_REF_RECO_WRF,IT-Isp_ALPS_RECO_WRF,IT-La2_REF_RECO_WRF,IT-La2_ALPS_RECO_WRF,IT-PT1_REF_RECO_WRF,IT-PT1_ALPS_RECO_WRF,CH-Oe2_REF_RECO_WRF,CH-Oe2_ALPS_RECO_WRF,CH-Oe2_SITE_RECO_WRF,IT-Tor_REF_RECO_WRF,IT-Tor_ALPS_RECO_WRF,IT-Tor_SITE_RECO_WRF,CH-Lae_REF_RECO_WRF,CH-Lae_ALPS_RECO_WRF,CH-Lae_SITE_RECO_WRF,CH-Dav_REF_RECO_WRF,IT-Lav_REF_RECO_WRF,IT-Ren_REF_RECO_WRF,AT-Neu_REF_RECO_WRF,IT-MBo_REF_RECO_WRF,CH-Dav_ALPS_RECO_WRF,IT-Lav_ALPS_RECO_WRF,IT-Ren_ALPS_RECO_WRF,AT-Neu_ALPS_RECO_WRF,IT-MBo_ALPS_RECO_WRF,CH-Dav_SITE_RECO_WRF,IT-Lav_SITE_RECO_WRF,IT-Ren_SITE_RECO_WRF,AT-Neu_SITE_RECO_WRF,IT-MBo_SITE_RECO_WRF,CH-Cha_REF_T2_WRF,CH-Cha_ALPS_T2_WRF,CH-Fru_REF_T2_WRF,CH-Fru_ALPS_T2_WRF,CH-Oe1_REF_T2_WRF,CH-Oe1_ALPS_T2_WRF,DE-Lkb_REF_T2_WRF,DE-Lkb_ALPS_T2_WRF,IT-Isp_REF_T2_WRF,IT-Isp_ALPS_T2_WRF,IT-La2_REF_T2_WRF,IT-La2_ALPS_T2_WRF,IT-PT1_REF_T2_WRF,IT-PT1_ALPS_T2_WRF,CH-Oe2_REF_T2_WRF,CH-Oe2_ALPS_T2_WRF,CH-Oe2_SITE_T2_WRF,IT-Tor_REF_T2_WRF,IT-Tor_ALPS_T2_WRF,IT-Tor_SITE_T2_WRF,CH-Lae_REF_T2_WRF,CH-Lae_ALPS_T2_WRF,CH-Lae_SITE_T2_WRF,CH-Dav_REF_T2_WRF,IT-Lav_REF_T2_WRF,IT-Ren_REF_T2_WRF,AT-Neu_REF_T2_WRF,IT-MBo_REF_T2_WRF,CH-Dav_ALPS_T2_WRF,IT-Lav_ALPS_T2_WRF,IT-Ren_ALPS_T2_WRF,AT-Neu_ALPS_T2_WRF,IT-MBo_ALPS_T2_WRF,CH-Dav_SITE_T2_WRF,IT-Lav_SITE_T2_WRF,IT-Ren_SITE_T2_WRF,AT-Neu_SITE_T2_WRF,IT-MBo_SITE_T2_WRF,CH-Cha_ALPS_GPP_recalc,CH-Fru_ALPS_GPP_recalc,CH-Oe1_ALPS_GPP_recalc,DE-Lkb_ALPS_GPP_recalc,IT-Isp_ALPS_GPP_recalc,IT-La2_ALPS_GPP_recalc,IT-PT1_ALPS_GPP_recalc,CH-Oe2_ALPS_GPP_recalc,IT-Tor_ALPS_GPP_recalc,CH-Lae_ALPS_GPP_recalc,CH-Dav_ALPS_GPP_recalc,IT-Lav_ALPS_GPP_recalc,IT-Ren_ALPS_GPP_recalc,AT-Neu_ALPS_GPP_recalc,IT-MBo_ALPS_GPP_recalc,CH-Dav_SITE_GPP_recalc,IT-Lav_SITE_GPP_recalc,IT-Ren_SITE_GPP_recalc,AT-Neu_SITE_GPP_recalc,IT-MBo_SITE_GPP_recalc,CH-Cha_ALPS_RECO_recalc,CH-Fru_ALPS_RECO_recalc,CH-Oe1_ALPS_RECO_recalc,DE-Lkb_ALPS_RECO_recalc,IT-Isp_ALPS_RECO_recalc,IT-La2_ALPS_RECO_recalc,IT-PT1_ALPS_RECO_recalc,CH-Oe2_ALPS_RECO_recalc,IT-Tor_ALPS_RECO_recalc,CH-Lae_ALPS_RECO_recalc,CH-Dav_ALPS_RECO_recalc,IT-Lav_ALPS_RECO_recalc,IT-Ren_ALPS_RECO_recalc,AT-Neu_ALPS_RECO_recalc,IT-MBo_ALPS_RECO_recalc,CH-Dav_SITE_RECO_recalc,IT-Lav_SITE_RECO_recalc,IT-Ren_SITE_RECO_recalc,AT-Neu_SITE_RECO_recalc,IT-MBo_SITE_RECO_recalc,CH-Cha_ALPS_NEE_recalc,CH-Fru_ALPS_NEE_recalc,CH-Oe1_ALPS_NEE_recalc,DE-Lkb_ALPS_NEE_recalc,IT-Isp_ALPS_NEE_recalc,IT-La2_ALPS_NEE_recalc,IT-PT1_ALPS_NEE_recalc,CH-Oe2_ALPS_NEE_recalc,IT-Tor_ALPS_NEE_recalc,CH-Lae_ALPS_NEE_recalc,CH-Dav_ALPS_NEE_recalc,IT-Lav_ALPS_NEE_recalc,IT-Ren_ALPS_NEE_recalc,AT-Neu_ALPS_NEE_recalc,IT-MBo_ALPS_NEE_recalc,CH-Dav_SITE_NEE_recalc,IT-Lav_SITE_NEE_recalc,IT-Ren_SITE_NEE_recalc,AT-Neu_SITE_NEE_recalc,IT-MBo_SITE_NEE_recalc
2012-01-12 00:00:00,0.0,0.0,0.0,0.0,0.0,0.0,0.0,0.0,0.0,0.0,0.0,0.0,0.0,0.0,0.0,0.0,0.0,0.0,0.0,0.0,0.0,0.0,0.0,0.0,0.0,0.0,0.0,0.0,0.0,0.0,0.0,0.0,0.0,0.0,0.0,0.0,0.0,0.0,0.024062304,1.0475824,0.055814445,0.4420579,0.032736924,1.0142593,0.67901516,1.8269576,0.8038126,1.4722185,0.66199154,1.5456121,0.0,0.7954652,0.032736924,1.0142593,0.7940065,0.0,0.0,0.0,0.024062304,1.0475824,0.79276806,0.14716446,0.5111108,0.0,0.0,0.5111108,0.7158195,1.5531957,0.57297546,0.0,1.5531957,0.6518618,1.4968913,0.7249303,0.0,1.59668,271.86575,271.86575,269.72366,269.72366,271.48074,271.48074,274.13272,274.13272,276.4932,276.4932,274.2912,274.2912,272.21896,272.21896,271.48074,271.48074,271.48074,266.0455,266.0455,266.0455,271.86575,271.86575,271.86575,270.48438,273.6673,268.5941,259.03528,273.6673,270.48438,273.6673,268.5941,259.03528,273.6673,270.48438,273.6673,268.5941,259.03528,273.6673,0.0,0.0,0.0,0.0,0.0,0.0,0.0,0.0,0.0,0.0,0.0,0.0,0.0,0.0,0.0,0.0,0.0,0.0,0.0,0.0,1.0470065,0.44875506,1.0138544,1.8283665,1.4721584,1.5461683,0.7938929,1.0138544,0.21311454,1.0470065,0.72380084,1.5535214,0.6249974,0.0,1.5535214,0.66098990208095,1.450109532785508,0.230643735906011,0.0,1.596845999331949,1.0470065,0.44875506,1.0138544,1.8283665,1.4721584,1.5461683,0.7938929,1.0138544,0.21311454,1.0470065,0.72380084,1.5535214,0.6249974,0.0,1.5535214,0.66098990208095,1.450109532785508,0.230643735906011,0.0,1.596845999331949
2012-01-12 01:00:00,0.0,0.0,0.0,0.0,0.0,0.0,0.0,0.0,0.0,0.0,0.0,0.0,0.0,0.0,0.0,0.0,0.0,0.0,0.0,0.0,0.0,0.0,0.0,0.0,0.0,0.0,0.0,0.0,0.0,0.0,0.0,0.0,0.0,0.0,0.0,0.0,0.0,0.0,0.033824444,1.0600088,0.08456608,0.49883994,0.1174577,1.130757,0.49780726,1.5443437,0.8759644,1.5751039,0.62152845,1.4896672,0.0,0.74617106,0.1174577,1.130757,0.9059289,0.0,0.043361813,0.0,0.033824444,1.0600088,0.80561906,0.0,0.4229357,0.0,0.0,0.4229357,0.24035054,1.4479512,0.47989085,0.0,1.4479512,0.15170164,1.3801095,0.63413054,0.0,1.4922751,271.93167,271.93167,270.03986,270.03986,272.03973,272.03973,272.958,272.958,277.11707,277.11707,274.01678,274.01678,271.98956,271.98956,272.03973,272.03973,272.03973,266.5849,266.5849,266.5849,271.93167,271.93167,271.93167,268.07434,273.0788,268.05945,258.80713,273.0788,268.07434,273.0788,268.05945,258.80713,273.0788,268.07434,273.0788,268.05945,258.80713,273.0788,0.0,0.0,0.0,0.0,0.0,0.0,0.0,0.0,0.0,0.0,0.0,0.0,0.0,0.0,0.0,0.0,0.0,0.0,0.0,0.0,1.0594324,0.50502867,1.1303477,1.5457544,1.5750439,1.4902234,0.7445991,1.1303477,0.24076638,1.0594324,0.41299307,1.4483354,0.57061625,0.0,1.4483354,0.37189414877825966,1.3502961129931121,0.21691009503350783,0.0,1.4925090338481415,1.0594324,0.50502867,1.1303477,1.5457544,1.5750439,1.4902234,0.7445991,1.1303477,0.24076638,1.0594324,0.41299307,1.4483354,0.57061625,0.0,1.4483354,0.37189414877825966,1.3502961129931121,0.21691009503350783,0.0,1.4925090338481415
2012-01-12 02:00:00,0.0,0.0,0.0,0.0,0.0,0.0,0.0,0.0,0.0,0.0,0.0,0.0,0.0,0.0,0.0,0.0,0.0,0.0,0.0,0.0,0.0,0.0,0.0,0.0,0.0,0.0,0.0,0.0,0.0,0.0,0.0,0.0,0.0,0.0,0.0,0.0,0.0,0.0,0.01747282,1.0391948,0.08916423,0.507921,0.11884989,1.1326714,0.56368476,1.6470871,0.7692243,1.4228971,0.58349997,1.4370879,0.0,0.72213054,0.11884989,1.1326714,0.9077681,0.0,0.07456182,0.0,0.01747282,1.0391948,0.7840936,0.0,0.34665352,0.0,0.0,0.34665352,0.19434005,1.3569021,0.4101319,0.0,1.3569021,0.10330187,1.2790792,0.5660839,0.0,1.4019523,271.82126,271.82126,270.09042,270.09042,272.04892,272.04892,273.38507,273.38507,276.19412,276.19412,273.75888,273.75888,271.8777,271.8777,272.04892,272.04892,272.04892,266.83594,266.83594,266.83594,271.82126,271.82126,271.82126,267.84113,272.56967,267.65878,259.22656,272.56967,267.84113,272.56967,267.65878,259.22656,272.56967,267.84113,272.56967,267.65878,259.22656,272.56967,0.0,0.0,0.0,0.0,0.0,0.0,0.0,0.0,0.0,0.0,0.0,0.0,0.0,0.0,0.0,0.0,0.0,0.0,0.0,0.0,1.038619,0.5140284,1.1322621,1.648496,1.4228371,1.4376444,0.7205588,1.1322621,0.25363562,1.038619,0.39760825,1.3577048,0.5298622,0.0,1.3577048,0.35861037825276154,1.2643132682836415,0.2066178996447816,0.0,1.4026127732099316,1.038619,0.5140284,1.1322621,1.648496,1.4228371,1.4376444,0.7205588,1.1322621,0.25363562,1.038619,0.39760825,1.3577048,0.5298622,0.0,1.3577048,0.35861037825276154,1.2643132682836415,0.2066178996447816,0.0,1.4026127732099316
2012-01-12 03:00:00,0.0,0.0,0.0,0.0,0.0,0.0,0.0,0.0,0.0,0.0,0.0,0.0,0.0,0.0,0.0,0.0,0.0,0.0,0.0,0.0,0.0,0.0,0.0,0.0,0.0,0.0,0.0,0.0,0.0,0.0,0.0,0.0,0.0,0.0,0.0,0.0,0.0,0.0,0.0,1.0156484,0.068840235,0.46778274,0.07880908,1.0776122,0.68137836,1.8306432,0.73421264,1.3729718,0.55036294,1.391272,0.0,0.7124842,0.07880908,1.0776122,0.85487115,0.0,0.0,0.0,0.0,1.0156484,0.7597424,0.0,0.28483406,0.0,0.0,0.28483406,0.17704251,1.2831153,0.34229642,0.0,1.2831153,0.08510607,1.1972035,0.4999135,0.0,1.3287541,271.69635,271.69635,269.8669,269.8669,271.78473,271.78473,274.14804,274.14804,275.8914,275.8914,273.53415,273.53415,271.8328,271.8328,271.78473,271.78473,271.78473,265.61447,265.61447,265.61447,271.69635,271.69635,271.69635,267.75345,272.15707,267.26917,257.92065,272.15707,267.75345,272.15707,267.26917,257.92065,272.15707,267.75345,272.15707,267.26917,257.92065,272.15707,0.0,0.0,0.0,0.0,0.0,0.0,0.0,0.0,0.0,0.0,0.0,0.0,0.0,0.0,0.0,0.0,0.0,0.0,0.0,0.0,1.0150733,0.47424954,1.077205,1.8320522,1.3729118,1.3918282,0.7109125,1.077205,0.1910181,1.0150733,0.39182436,1.284257,0.4902319,0.0,1.284257,0.3536163619324585,1.1946322720316462,0.19660948632100464,0.0,1.3297603219824186,1.0150733,0.47424954,1.077205,1.8320522,1.3729118,1.3918282,0.7109125,1.077205,0.1910181,1.0150733,0.39182436,1.284257,0.4902319,0.0,1.284257,0.3536163619324585,1.1946322720316462,0.19660948632100464,0.0,1.3297603219824186
2012-01-12 04:00:00,0.0,0.0,0.0,0.0,0.0,0.0,0.0,0.0,0.0,0.0,0.0,0.0,0.0,0.0,0.0,0.0,0.0,0.0,0.0,0.0,0.0,0.0,0.0,0.0,0.0,0.0,0.0,0.0,0.0,0.0,0.0,0.0,0.0,0.0,0.0,0.0,0.0,0.0,0.0027030203,1.0203943,0.041340142,0.41347232,0.044485062,1.030414,0.716492,1.8854067,0.693356,1.314712,0.5178737,1.3463517,0.0,0.6950801,0.044485062,1.030414,0.8095267,0.0,0.0,0.0,0.0027030203,1.0203943,0.7646507,0.0,0.23825905,0.0,0.0,0.23825905,0.0,1.2275242,0.2492914,0.0,1.2275242,0.0,1.1355182,0.40919143,0.0,1.2736064,271.72153,271.72153,269.56448,269.56448,271.55826,271.55826,274.37567,274.37567,275.53812,275.53812,273.3138,273.3138,271.7518,271.7518,271.55826,271.55826,271.55826,265.55515,265.55515,265.55515,271.72153,271.72153,271.72153,266.01566,271.84622,266.735,259.72055,271.84622,266.01566,271.84622,266.735,259.72055,271.84622,266.01566,271.84622,266.735,259.72055,271.84622,0.0,0.0,0.0,0.0,0.0,0.0,0.0,0.0,0.0,0.0,0.0,0.0,0.0,0.0,0.0,0.0,0.0,0.0,0.0,0.0,1.0198193,0.42042544,1.0300084,1.8868158,1.3146521,1.346908,0.6935085,1.0300084,0.18797679,1.0198193,0.27718517,1.2289215,0.43589732,0.00085692754,1.2289215,0.2546329768495007,1.1421344445299577,0.18288760437384466,0.0008569275304303498,1.274873112795773,1.0198193,0.42042544,1.0300084,1.8868158,1.3146521,1.346908,0.6935085,1.0300084,0.18797679,1.0198193,0.27718517,1.2289215,0.43589732,0.00085692754,1.2289215,0.2546329768495007,1.1421344445299577,0.18288760437384466,0.0008569275304303498,1.274873112795773
2012-01-12 05:00:00,0.0,0.0,0.0,0.0,0.0,0.0,0.0,0.0,0.0,0.0,0.0,0.0,0.0,0.0,0.0,0.0,0.0,0.0,0.0,0.0,0.0,0.0,0.0,0.0,0.0,0.0,0.0,0.0,0.0,0.0,0.0,0.0,0.0,0.0,0.0,0.0,0.0,0.0,0.0067570396,1.0255548,0.008686878,0.3489849,0.04325475,1.0287222,0.72580814,1.8999364,0.6488924,1.2513089,0.46480224,1.2729739,0.0,0.67008877,0.04325475,1.0287222,0.8079013,0.0,0.0,0.0,0.0067570396,1.0255548,0.76998734,0.21459931,0.20273568,0.0,0.0,0.20273568,0.8376007,1.1851242,0.19088168,0.0,1.1851242,0.7799671,1.08847,0.35221547,0.0,1.2315444,271.7489,271.7489,269.20538,269.20538,271.55014,271.55014,274.43607,274.43607,275.15366,275.15366,272.9539,272.9539,271.6355,271.6355,271.55014,271.55014,271.55014,265.39862,265.39862,265.39862,271.7489,271.7489,271.7489,271.10165,271.60913,266.3995,258.32187,271.60913,271.10165,271.60913,266.3995,258.32187,271.60913,271.10165,271.60913,266.3995,258.32187,271.60913,0.0,0.0,0.0,0.0,0.0,0.0,0.0,0.0,0.0,0.0,0.0,0.0,0.0,0.0,0.0,0.0,0.0,0.0,0.0,0.0,1.0249794,0.37541792,1.0283167,1.9013455,1.251249,1.2736148,0.66851735,1.0283167,0.17995268,1.0249794,0.8440658,1.1867162,0.4017737,0.0,1.1867162,0.7756938051405378,1.1020936412842661,0.17426987995399032,0.0,1.2330098958145195,1.0249794,0.37541792,1.0283167,1.9013455,1.251249,1.2736148,0.66851735,1.0283167,0.17995268,1.0249794,0.8440658,1.1867162,0.4017737,0.0,1.1867162,0.7756938051405378,1.1020936412842661,0.17426987995399032,0.0,1.2330098958145195
2012-01-12 06:00:00,0.0,0.0,0.0,0.0,0.0,0.0,0.0,0.0,0.0,0.0,0.0,0.0,0.0,0.0,0.0,0.0,0.0,0.0,0.0,0.0,0.0,0.0,0.0,0.0,0.0,0.0,0.0,0.0,0.0,0.0,0.0,0.0,0.0,0.0,0.0,0.0,0.0,0.0,0.01683104,1.0383779,0.0,0.27791545,0.06685279,1.0611713,0.71905756,1.8894081,0.6105841,1.1966832,0.39877993,1.1816901,0.0,0.63933986,0.06685279,1.0611713,0.8390761,0.0,0.0,0.0,0.01683104,1.0383779,0.7832488,0.0,0.16764672,0.0,0.0,0.16764672,0.0,1.1432424,0.1539805,0.0,1.1432424,0.0,1.0419971,0.31622005,0.0,1.1899968,271.81693,271.81693,268.80963,268.80963,271.70584,271.70584,274.3923,274.3923,274.82242,274.82242,272.50613,272.50613,271.4924,271.4924,271.70584,271.70584,271.70584,265.1421,265.1421,265.1421,271.81693,271.81693,271.81693,266.1485,271.37494,266.18756,257.92285,271.37494,266.1485,271.37494,266.18756,257.92285,271.37494,266.1485,271.37494,266.18756,257.92285,271.37494,0.0,0.0,0.0,0.0,0.0,0.0,0.0,0.0,0.0,0.0,0.0,0.0,0.0,0.0,0.0,0.0,0.0,0.0,0.0,0.0,1.0378022,0.35225266,1.0607647,1.8908172,1.196623,1.1825244,0.6377685,1.0607647,0.16680183,1.0378022,0.2859486,1.145027,0.38021556,0.0,1.145027,0.262199615569403,1.062542460423481,0.16882549752008802,0.0,1.191658585850027,1.0378022,0.35225266,1.0607647,1.8908172,1.196623,1.1825244,0.6377685,1.0607647,0.16680183,1.0378022,0.2859486,1.145027,0.38021556,0.0,1.145027,0.262199615569403,1.062542460423481,0.16882549752008802,0.0,1.191658585850027
2012-01-12 07:00:00,0.0,0.0,0.0,0.0,0.0,0.0,0.0,0.0,0.0,0.0,0.0,0.0,0.0,0.0,0.0,0.0,0.0,0.0,0.0,0.0,0.0,0.0,0.0,0.0,0.0,0.0,0.0,0.0,0.0,0.0,0.0,0.0,0.0,0.0,0.0,0.0,0.0,0.0,0.023876991,1.0473466,0.0,0.20314679,0.0,0.91215456,0.7113278,1.8773528,0.5756923,1.1469288,0.3455329,1.1080694,0.0,0.66129506,0.0,0.91215456,0.6959117,0.0,0.0,0.0,0.023876991,1.0473466,0.7925241,0.21886003,0.15609671,0.0,0.0,0.15609671,0.84529537,1.1294565,0.12696743,0.0,1.1294565,0.78806126,1.0266999,0.28987002,0.0,1.1763209,271.8645,271.8645,268.39328,268.39328,270.9908,270.9908,274.3422,274.3422,274.52072,274.52072,272.14502,272.14502,271.59457,271.59457,270.9908,270.9908,270.9908,264.95004,264.95004,264.95004,271.8645,271.8645,271.8645,271.14066,271.29785,266.0324,257.82364,271.29785,271.14066,271.29785,266.0324,257.82364,271.29785,271.14066,271.29785,266.0324,257.82364,271.29785,0.0,0.0,0.0,0.0,0.0,0.0,0.0,0.0,0.0,0.0,0.0,0.0,0.0,0.0,0.0,0.0,0.0,0.0,0.0,0.0,1.0467707,0.33075404,0.9117534,1.8787616,1.1468688,1.1090598,0.6597235,0.9117534,0.15695669,1.0467707,0.8516645,1.1313045,0.36443418,0.0,1.1313045,0.7829411274379696,1.0495236589048023,0.1648400057570989,0.0,1.178047247699088,1.0467707,0.33075404,0.9117534,1.8787616,1.1468688,1.1090598,0.6597235,0.9117534,0.15695669,1.0467707,0.8516645,1.1313045,0.36443418,0.0,1.1313045,0.7829411274379696,1.0495236589048023,0.1648400057570989,0.0,1.178047247699088
2012-01-12 08:00:00,0.0,0.0,0.0,0.0,0.0,0.0,-0.13764352,-0.18481238,-0.10140532,-0.14208929,-0.032591484,-0.043048304,0.0,0.0,0.0,0.0,0.0,0.0,0.0,0.0,0.0,0.0,0.0,0.0,0.0,0.0,0.0,0.0,0.0,0.0,0.0,0.0,0.0,0.0,0.0,0.0,0.0,0.0,0.14019594,1.1954079,0.06000469,0.45033324,0.11132462,1.1223236,0.7325541,1.9104576,0.66760534,1.2779927,0.5258475,1.3573766,0.0,0.87007844,0.11132462,1.1223236,0.8978266,0.0,0.10496536,0.0,0.14019594,1.1954079,0.94564664,0.24606135,0.3409105,0.0,0.0,0.3409105,0.89441836,1.3500472,0.44042325,0.0,1.3500472,0.8397353,1.2714728,0.5956317,0.0,1.3951521,272.64993,272.64993,269.76974,269.76974,271.99927,271.99927,274.4798,274.4798,275.31546,275.31546,273.3679,273.3679,272.5662,272.5662,271.99927,271.99927,271.99927,267.08057,267.08057,267.08057,272.64993,272.64993,272.64993,271.38965,272.53134,267.83276,262.86505,272.53134,271.38965,272.53134,267.83276,262.86505,272.53134,271.38965,272.53134,267.83276,262.86505,272.53134,0.0,0.0,0.0,0.2663336,0.12505016,0.05499523,0.0,0.0,0.0,0.0,0.0,0.0,0.0,0.0,0.0,0.0,0.0,0.0,0.0,0.0,1.194828,0.45695633,1.1219146,1.9118665,1.2779329,1.3579328,0.86850584,1.1219146,0.26617634,1.194828,0.900176,1.3508815,0.54755884,0.02647011,1.3508815,0.8292094393509164,1.2578399449631898,0.2110870752035544,0.02647010938821612,1.395844823598855,1.194828,0.45695633,1.1219146,1.645533,1.1528827,1.3029375,0.86850584,1.1219146,0.26617634,1.194828,0.900176,1.3508815,0.54755884,0.02647011,1.3508815,0.8292094393509164,1.2578399449631898,0.2110870752035544,0.02647010938821612,1.395844823598855
2012-01-12 09:00:00,-0.20848006,-0.22631812,0.0,0.0,-0.082963414,-0.09049943,-0.31464088,-0.40551955,-0.24576841,-0.32718325,-0.4063391,-0.5152486,-0.017789638,-0.023830805,-0.082963414,-0.09049943,-0.0841786,0.0,0.0,0.0,-0.20848006,-0.22631812,-0.20610407,0.0,-0.040849913,0.0,0.0,-0.040849913,0.0,-0.047621872,0.0,0.0,-0.047621872,0.0,-0.04361995,0.0,0.0,-0.042232215,0.41216275,1.5415921,0.16730507,0.6622426,0.38835883,1.5032673,0.77193284,1.971873,0.79640085,1.4616495,0.77576184,1.7029136,0.27748582,1.260608,0.38835883,1.5032673,1.2638091,0.0,0.3661677,0.24490342,0.41216275,1.5415921,1.3036643,0.30030394,0.4693141,0.10763638,0.0,0.4693141,0.9923756,1.5033078,0.7925498,0.0,1.5033078,0.94277954,1.4415344,0.93911487,0.0,1.5471902,274.48636,274.48636,270.94977,270.94977,273.82715,273.82715,274.73508,274.73508,276.4291,276.4291,275.06277,275.06277,274.3836,274.3836,273.82715,273.82715,273.82715,269.18222,269.18222,269.18222,274.48636,274.48636,274.48636,271.88617,273.38834,269.85522,264.65573,273.38834,271.88617,273.38834,269.85522,264.65573,273.38834,271.88617,273.38834,269.85522,264.65573,273.38834,0.26455545,0.0,0.089734204,0.56820625,0.28795218,0.6291997,0.019145293,0.089734204,0.0,0.26455545,0.0,0.05743858,0.0,0.0,0.05743858,0.0,0.05253361316244484,0.0,0.0,0.05743857870014968,1.5410098,0.6669681,1.5028493,1.973282,1.4615896,1.7034699,1.2590348,1.5028493,0.38078097,1.5410098,0.99691355,1.5036334,0.7960486,0.1272421,1.5036334,0.921473863278315,1.4027682394171443,0.4112934327989982,0.12724210302469452,1.5473604552290285,1.2764542,0.6669681,1.4131151,1.4050757,1.1736374,1.0742701,1.2398894,1.4131151,0.38078097,1.2764542,0.99691355,1.4461949,0.7960486,0.1272421,1.4461949,0.921473863278315,1.3502346262546996,0.4112934327989982,0.12724210302469452,1.4899218765288789
2012-01-12 10:00:00,-0.54543334,-0.60634637,0.0,0.0,-0.34759635,-0.38444307,-0.4847724,-0.60578644,-0.40066707,-0.52131903,-0.78364396,-0.98676354,-0.05103908,-0.066655315,-0.34759635,-0.38444307,-0.3595276,0.0,0.0,0.0,-0.54543334,-0.60634637,-0.55872864,-0.016701445,-0.24501623,0.0,0.0,-0.24501623,-0.020097768,-0.28131065,0.0,0.0,-0.28131065,-0.01931336,-0.26267427,0.0,0.0,-0.25425446,0.651684,1.8464768,0.30315164,0.9305284,0.6472251,1.8592285,0.802386,2.0193682,0.95606464,1.6893233,0.97849494,1.9832169,0.5731214,1.6687713,0.6472251,1.8592285,1.6057905,0.15268156,0.6445441,0.56653196,0.651684,1.8464768,1.6189705,0.44782242,0.62295747,0.40391222,0.0,0.62295747,1.2587808,1.6866941,1.1834583,0.20398162,1.6866941,1.2230191,1.6450244,1.3204283,0.0,1.7291136,276.1037,276.1037,272.44373,272.44373,275.53516,275.53516,274.9325,274.9325,277.80966,277.80966,276.43768,276.43768,276.28308,276.28308,275.53516,275.53516,275.53516,271.42206,271.42206,271.42206,276.1037,276.1037,276.1037,273.2365,274.4138,272.10043,267.71948,274.4138,273.2365,274.4138,272.10043,267.71948,274.4138,273.2365,274.4138,272.10043,267.71948,274.4138,0.6836478,0.0,0.3777429,0.8317554,0.46047086,1.165046,0.05443462,0.3777429,0.0,0.6836478,0.027812002,0.33219725,0.0,0.0,0.33219725,0.022283945378864623,0.31167147758217356,0.0,0.0,0.33219726016004053,1.8458941,0.9328516,1.8588105,2.020777,1.6892632,1.9837731,1.667198,1.8588105,0.64675367,1.8458941,1.2602142,1.6870198,1.1856791,0.36367887,1.6870198,1.172609311912113,1.5767931972733695,0.9292770040156361,0.3636788619982559,1.7292676046597613,1.1622463,0.9328516,1.4810677,1.1890216,1.2287923,0.8187271,1.6127633,1.4810677,0.64675367,1.1622463,1.2324022,1.3548226,1.1856791,0.36367887,1.3548226,1.1503253665332485,1.265121719691196,0.9292770040156361,0.3636788619982559,1.3970703444997208
2012-01-12 11:00:00,-0.8238115,-0.931242,-0.13158558,-0.15589897,-0.59452295,-0.6891141,-0.5975769,-0.7360164,-0.5445561,-0.7018304,-0.98019564,-1.2291876,-0.082283214,-0.10638513,-0.59452295,-0.6891141,-0.6282385,0.0,0.0,0.0,-0.8238115,-0.931242,-0.85843384,-0.26091784,-0.40976992,-0.09282013,0.0,-0.40976992,-0.31160754,-0.4680779,-0.11450093,0.0,-0.4680779,-0.30457428,-0.4402368,-0.09583442,0.0,-0.42611426,0.847664,2.095938,0.44377404,1.208246,0.8734924,2.170364,0.8283435,2.0598516,1.0925965,1.8840119,1.0798187,2.1233096,0.86182725,2.067367,0.8734924,2.170364,1.9047065,0.25748047,0.8092791,0.75686234,0.847664,2.095938,1.8769592,0.5815953,0.7398705,0.5798269,0.16003868,0.7398705,1.5003626,1.82624,1.4155616,0.59413475,1.82624,1.4771464,1.7998675,1.5468342,0.25427517,1.8675462,277.42703,277.42703,273.9902,273.9902,277.02808,277.02808,275.10077,275.10077,278.9902,278.9902,277.12485,277.12485,278.13803,278.13803,277.02808,277.02808,277.02808,272.74753,272.74753,272.74753,277.42703,277.42703,277.42703,274.46103,275.1941,273.43353,269.962,275.1941,274.46103,275.1941,273.43353,269.962,275.1941,274.46103,275.1941,273.43353,269.962,275.1941,1.0273266,0.20494924,0.6717173,0.99954325,0.6261698,1.4305667,0.0883781,0.6717173,0.0,1.0273266,0.41807818,0.5453461,0.16199487,0.0,0.5453461,0.34000131381469434,0.5166383095566723,0.17165000032250755,0.0,0.5452089492792833,2.0953555,1.2094334,2.169946,2.0612605,1.8839518,2.1238656,2.0657935,2.169946,0.81044555,2.0953555,1.501796,1.8265654,1.4171847,0.59885633,1.8265654,1.4031593581372577,1.7092152003513366,1.2369927006423076,0.6543919016134766,1.867687457757625,1.0680289,1.0044842,1.4982287,1.0617173,1.257782,0.693299,1.9774154,1.4982287,0.81044555,1.0680289,1.0837178,1.2812192,1.2551899,0.59885633,1.2812192,1.0631580443225634,1.1925768907946641,1.0653427003198002,0.6543919016134766,1.3224785084783417
2012-01-12 12:00:00,-0.94443965,-1.073436,-0.23571536,-0.2791458,-0.7004107,-0.8206842,-0.5964902,-0.7380502,-0.60161227,-0.7749501,-0.9644774,-1.2102244,-0.2974466,-0.38130957,-0.7004107,-0.8206842,-0.7433219,-0.021197064,-0.025450045,-0.0250667,-0.94443965,-1.073436,-0.98687124,-0.35000587,-0.32339635,-0.23615412,0.0,-0.32339635,-0.4179186,-0.36912748,-0.29151455,0.0,-0.36912748,-0.408672,-0.3473213,-0.24364929,0.0,-0.33615923,0.94861656,2.2244396,0.5061807,1.331494,0.9836475,2.3218353,0.83770674,2.0744548,1.1541214,1.9717436,1.0729429,2.113803,1.0676161,2.351485,0.9836475,2.3218353,2.0502293,0.30321914,0.8811764,0.83993053,0.94861656,2.2244396,2.0098534,0.63253075,0.6727469,0.63916576,0.29862708,0.6727469,1.5923474,1.7461222,1.4938538,0.8216971,1.7461222,1.5739079,1.7109671,1.6232046,0.5494231,1.7880676,278.1087,278.1087,274.6765,274.6765,277.75488,277.75488,275.16147,275.16147,279.5222,279.5222,277.07822,277.07822,279.46024,279.46024,277.75488,277.75488,277.75488,273.32602,273.32602,273.32602,278.1087,278.1087,278.1087,274.92728,274.7461,273.8832,271.27,274.7461,274.92728,274.7461,273.8832,271.27,274.7461,274.92728,274.7461,273.8832,271.27,274.7461,1.1748036,0.36183405,0.79884064,1.0024441,0.6947873,1.4099886,0.35794324,0.79884064,0.03570341,1.1748036,0.5550226,0.43283865,0.408101,0.0,0.43283865,0.45138789743915364,0.4101153956805732,0.42686622798624474,0.0,0.43283864112896764,2.2238572,1.3326814,2.3214178,2.0758636,1.9716835,2.114359,2.3499117,2.3214178,0.88202614,2.2238572,1.5937806,1.7464477,1.495477,0.82522404,1.7464477,1.4909436224669212,1.633187393038397,1.3409918536054115,0.8820556471015331,1.7882160883854699,1.0490535,0.97084737,1.522577,1.0734196,1.2768962,0.7043703,1.9919684,1.522577,0.8463227,1.0490535,1.038758,1.3136091,1.087376,0.82522404,1.3136091,1.0395557250277676,1.223071997357824,0.9141256256191668,0.8820556471015331,1.3553774472565023
2012-01-12 13:00:00,-0.96141505,-1.1047877,-0.34766144,-0.43437073,-0.6874975,-0.80992526,-0.49004138,-0.61499184,-0.56832254,-0.73925143,-0.8234064,-1.041034,-0.39735222,-0.5176077,-0.6874975,-0.80992526,-0.7272878,-0.016905269,-0.020419689,-0.01984015,-0.96141505,-1.1047877,-1.0108417,-0.36891,-0.24942437,-0.21108007,0.0,-0.24942437,-0.4436421,-0.28666595,-0.26290366,0.0,-0.28666595,-0.42694378,-0.26732072,-0.21578845,0.0,-0.258756,0.9778579,2.2616606,0.5850431,1.4872406,1.0104415,2.3586795,0.8171961,2.042466,1.1540651,1.9716631,1.0170859,2.0365736,1.2008901,2.535487,1.0104415,2.3586795,2.0856261,0.30092207,0.8775656,0.8357587,0.9778579,2.2616606,2.0483465,0.65645146,0.62838036,0.6346836,0.3400937,0.62838036,1.635546,1.6931669,1.4879401,0.8897852,1.6931669,1.6193497,1.6522067,1.6174359,0.63773334,1.7355348,278.30615,278.30615,275.5438,275.5438,277.93167,277.93167,275.0285,275.0285,279.5217,279.5217,276.6994,276.6994,280.31653,280.31653,277.93167,277.93167,277.93167,273.29697,273.29697,273.29697,278.30615,278.30615,278.30615,275.14624,274.44998,273.84924,271.66135,274.44998,275.14624,274.44998,273.84924,271.66135,274.44998,275.14624,274.44998,273.84924,271.66135,274.44998,1.2043166,0.5459938,0.7893554,0.8443388,0.6631465,1.2247003,0.492613,0.7893554,0.028751923,1.2043166,0.58849424,0.338492,0.3698693,0.0,0.338492,0.47143297268407935,0.3170111898774447,0.3797938480417451,0.0,0.338492011116514,2.2610781,1.488428,2.3582616,2.0438747,1.971603,2.0371299,2.5339136,2.3582616,0.87841535,2.2610781,1.6369795,1.6934925,1.4895632,0.89295477,1.6934925,1.532169705499081,1.5829354983273989,1.3331363356381272,0.9501741695499426,1.735688111749365,1.0567616,0.94243413,1.5689063,1.1995361,1.3084565,0.8124295,2.0413005,1.5689063,0.84966344,1.0567616,1.0484852,1.3550006,1.1196939,0.89295477,1.3550006,1.0607367328150017,1.265924308449954,0.9533424875963821,0.9501741695499426,1.397196100632851
2012-01-12 14:00:00,-0.7410971,-0.8520746,-0.036114365,-0.0438063,-0.5415256,-0.6399692,-0.3183967,-0.4109943,-0.4886045,-0.65127575,-0.60512435,-0.7802509,-0.35490412,-0.481612,-0.5415256,-0.6399692,-0.5665676,0.0,0.0,0.0,-0.7410971,-0.8520746,-0.7523973,-0.013111258,-0.18962774,-0.035625365,0.0,-0.18962774,-0.016055018,-0.22157001,-0.04535128,0.0,-0.22157001,-0.014847143,-0.20238134,-0.035646133,0.0,-0.19595054,0.9249976,2.194375,0.39281422,1.1076045,0.9418259,2.2643275,0.7798651,1.9842442,1.1575238,1.9765952,0.9482917,1.9414573,1.2420042,2.5922503,0.9418259,2.2643275,1.9949801,0.20403984,0.72527504,0.65980625,0.9249976,2.194375,1.9787613,0.44704235,0.60746604,0.56075865,0.18401518,0.60746604,1.2573719,1.6682038,1.3904028,0.63350415,1.6682038,1.2215371,1.624507,1.5222929,0.30533725,1.7107708,277.94922,277.94922,273.42978,273.42978,277.47894,277.47894,274.7865,274.7865,279.5516,279.5516,276.23285,276.23285,280.5807,280.5807,277.47894,277.47894,277.47894,272.07162,272.07162,272.07162,277.94922,277.94922,277.94922,273.22937,274.3104,273.28903,270.1883,274.3104,273.22937,274.3104,273.28903,270.1883,274.3104,273.22937,274.3104,273.28903,270.1883,274.3104,0.94299746,0.05892739,0.6263395,0.5756596,0.585218,0.9330043,0.45910645,0.6263395,0.0,0.94299746,0.022419315,0.26395285,0.06534456,0.0,0.26395285,0.017316698561940548,0.24039860776197258,0.06494150195498591,0.0,0.26395284673739305,2.1937928,1.1087921,2.2639098,1.9856532,1.9765351,1.9420135,2.5906768,2.2639098,0.72697335,2.1937928,1.2588054,1.6685295,1.392026,0.6380191,1.6685295,1.171264795754688,1.5592467251224,1.2035732239351276,0.6937788981788976,1.710926392164335,1.2507952,1.0498646,1.6375704,1.4099935,1.3913171,1.0090091,2.1315703,1.6375704,0.72697335,1.2507952,1.2363861,1.4045767,1.3266814,0.6380191,1.4045767,1.1539480971927474,1.3188481173604274,1.1386317219801416,0.6937788981788976,1.446973545426942
2012-01-12 15:00:00,-0.33749342,-0.39008218,0.0,0.0,-0.24865216,-0.29176137,-0.085617736,-0.11684564,-0.26822224,-0.37621206,-0.14888096,-0.19998984,-0.09176484,-0.13262245,-0.24865216,-0.29176137,-0.25383523,0.0,0.0,0.0,-0.33749342,-0.39008218,-0.32727033,0.0,-0.06565724,0.0,0.0,-0.06565724,0.0,-0.07969156,0.0,0.0,-0.07969156,0.0,-0.069663614,0.0,0.0,-0.06750053,0.7140714,1.9258891,0.22990039,0.7858632,0.7407616,1.9878485,0.7264626,1.9009571,1.0567414,1.8328838,0.6805624,1.5712887,0.9633869,2.2075832,0.7407616,1.9878485,1.7293591,0.0,0.39949554,0.28340945,0.7140714,1.9258891,1.7010975,0.42650884,0.5320938,0.371752,0.2691148,0.5320938,1.2202901,1.5782408,1.1410259,0.77323776,1.5782408,1.1825299,1.5246818,1.2790372,0.48657158,1.6215253,276.52496,276.52496,271.63815,271.63815,276.1523,276.1523,274.4403,274.4403,278.68018,278.68018,274.41714,274.41714,278.79056,278.79056,276.1523,276.1523,276.1523,269.45038,269.45038,269.45038,276.52496,276.52496,276.52496,273.0414,273.80734,271.85672,270.99146,273.80734,273.0414,273.80734,271.85672,270.99146,273.80734,273.0414,273.80734,271.85672,270.99146,273.80734,0.44621557,0.0,0.2884906,0.17010804,0.33663148,0.25223106,0.12059015,0.2884906,0.0,0.44621557,0.0,0.09720909,0.0,0.0,0.09720909,0.0,0.08317681738935997,0.0,0.0,0.09720908684399326,1.9253067,0.7894818,1.9874306,1.902366,1.8328236,1.5718449,2.2060099,1.9874306,0.40325662,1.9253067,1.2219905,1.5785663,1.1433854,0.7770192,1.5785663,1.136143179060225,1.4738759910797232,0.8730508170705616,0.8335748490364494,1.621688922632277,1.479091,0.7894818,1.69894,1.732258,1.4961922,1.3196139,2.0854197,1.69894,0.40325662,1.479091,1.2219905,1.4813572,1.1433854,0.7770192,1.4813572,1.136143179060225,1.3906991736903633,0.8730508170705616,0.8335748490364494,1.5244798357882838
2012-01-12 16:00:00,0.0,0.0,0.0,0.0,0.0,0.0,0.0,0.0,0.0,0.0,0.0,0.0,-0.00023670806,-0.00037178444,0.0,0.0,0.0,0.0,0.0,0.0,0.0,0.0,0.0,0.0,0.0,0.0,0.0,0.0,0.0,0.0,0.0,0.0,0.0,0.0,0.0,0.0,0.0,0.0,0.3435248,1.4542234,0.0056399517,0.3429674,0.3621614,1.4672437,0.7692355,1.9676659,0.772549,1.4276379,0.6808594,1.5716994,0.37121797,1.3900173,0.3621614,1.4672437,1.2292005,0.0,0.0,0.0,0.3435248,1.4542234,1.2133092,0.32843542,0.0,0.0,0.0,0.0,1.0431786,0.8201848,0.57465446,0.0,0.8201848,0.99622077,0.6835248,0.7265681,0.0,0.86951625,274.0229,274.0229,269.17188,269.17188,273.6543,273.6543,274.7176,274.7176,276.22287,276.22287,274.41916,274.41916,274.98584,274.98584,273.6543,273.6543,273.6543,266.08273,266.08273,266.08273,274.0229,274.0229,274.0229,272.14368,269.56848,268.60373,265.9906,269.56848,272.14368,269.56848,268.60373,265.9906,269.56848,272.14368,269.56848,268.60373,265.9906,269.56848,0.0,0.0,0.0,0.0,0.0,0.0,0.000301525,0.0,0.0,0.0,0.0,0.0,0.0,0.0,0.0,0.0,0.0,0.0,0.0,0.0,1.453641,0.3734565,1.4668258,1.969075,1.427578,1.5722556,1.3884441,1.4668258,0.21502319,1.453641,1.047084,0.82345456,0.6259783,0.23025706,0.82345456,0.9693243371012646,0.7574613293479915,0.23089145726657448,0.23025705699820403,0.8726920179534735,1.453641,0.3734565,1.4668258,1.969075,1.427578,1.5722556,1.3881425,1.4668258,0.21502319,1.453641,1.047084,0.82345456,0.6259783,0.23025706,0.82345456,0.9693243371012646,0.7574613293479915,0.23089145726657448,0.23025705699820403,0.8726920179534735
2012-01-12 17:00:00,0.0,0.0,0.0,0.0,0.0,0.0,0.0,0.0,0.0,0.0,0.0,0.0,0.0,0.0,0.0,0.0,0.0,0.0,0.0,0.0,0.0,0.0,0.0,0.0,0.0,0.0,0.0,0.0,0.0,0.0,0.0,0.0,0.0,0.0,0.0,0.0,0.0,0.0,0.18590641,1.2535924,0.0,0.08768095,0.1924423,1.2338667,0.7595378,1.9525415,0.84580564,1.5320987,0.61527365,1.4810191,0.3052625,1.2989573,0.1924423,1.2338667,1.004989,0.0,0.0,0.0,0.18590641,1.2535924,1.00582,0.0,0.17169333,0.0,0.37280062,0.17169333,0.0,1.1480722,0.4465602,0.94349015,1.1480722,0.0,1.0473566,0.60161805,0.7073884,1.1947882,272.9586,272.9586,267.7503,267.7503,272.5345,272.5345,274.65472,274.65472,276.8563,276.8563,273.97437,273.97437,274.56207,274.56207,272.5345,272.5345,272.5345,265.9786,265.9786,265.9786,272.9586,272.9586,272.9586,266.67288,271.40195,267.868,271.97003,271.40195,266.67288,271.40195,267.868,271.97003,271.40195,266.67288,271.40195,267.868,271.97003,271.40195,0.0,0.0,0.0,0.0,0.0,0.0,0.0,0.0,0.0,0.0,0.0,0.0,0.0,0.0,0.0,0.0,0.0,0.0,0.0,0.0,1.253011,0.29975903,1.2334536,1.9539506,1.5320387,1.4815753,1.297384,1.2334536,0.20968525,1.253011,0.32054126,1.1498349,0.5511441,0.94637775,1.1498349,0.2920681092804255,1.0671036794828757,0.21199251245498094,1.0039030259571216,1.1964274038482778,1.253011,0.29975903,1.2334536,1.9539506,1.5320387,1.4815753,1.297384,1.2334536,0.20968525,1.253011,0.32054126,1.1498349,0.5511441,0.94637775,1.1498349,0.2920681092804255,1.0671036794828757,0.21199251245498094,1.0039030259571216,1.1964274038482778
2012-01-12 18:00:00,0.0,0.0,0.0,0.0,0.0,0.0,0.0,0.0,0.0,0.0,0.0,0.0,0.0,0.0,0.0,0.0,0.0,0.0,0.0,0.0,0.0,0.0,0.0,0.0,0.0,0.0,0.0,0.0,0.0,0.0,0.0,0.0,0.0,0.0,0.0,0.0,0.0,0.0,0.10366013,1.1489018,0.0,0.0,0.11438655,1.1265337,0.716958,1.8861337,0.81068784,1.4820225,0.19833283,0.9045475,0.092349015,1.0050027,0.11438655,1.1265337,0.90187156,0.0,0.27475622,0.13928899,0.10366013,1.1489018,0.8975508,0.029150948,0.19146001,0.0,0.12281123,0.19146001,0.5026977,1.1716655,0.26392442,0.5330073,1.1716655,0.42767262,1.0735363,0.42346528,0.17499292,1.2181932,272.40323,272.40323,267.0762,267.0762,272.01947,272.01947,274.3787,274.3787,276.55264,276.55264,271.14673,271.14673,273.1941,273.1941,272.01947,272.01947,272.01947,268.44672,268.44672,268.44672,272.40323,272.40323,272.40323,269.4041,271.53387,266.81903,269.61066,271.53387,269.4041,271.53387,266.81903,269.61066,271.53387,269.4041,271.53387,266.81903,269.61066,271.53387,0.0,0.0,0.0,0.0,0.0,0.0,0.0,0.0,0.0,0.0,0.0,0.0,0.0,0.0,0.0,0.0,0.0,0.0,0.0,0.0,1.1483232,0.2672635,1.1261249,1.8875426,1.4819623,0.9059689,1.0034294,1.1261249,0.33621097,1.1483232,0.51333266,1.1733197,0.44444606,0.5380497,1.1733197,0.4602538186032573,1.0893840749560544,0.18504654306685644,0.593237148888232,1.2197218673583767,1.1483232,0.2672635,1.1261249,1.8875426,1.4819623,0.9059689,1.0034294,1.1261249,0.33621097,1.1483232,0.51333266,1.1733197,0.44444606,0.5380497,1.1733197,0.4602538186032573,1.0893840749560544,0.18504654306685644,0.593237148888232,1.2197218673583767
2012-01-12 19:00:00,0.0,0.0,0.0,0.0,0.0,0.0,0.0,0.0,0.0,0.0,0.0,0.0,0.0,0.0,0.0,0.0,0.0,0.0,0.0,0.0,0.0,0.0,0.0,0.0,0.0,0.0,0.0,0.0,0.0,0.0,0.0,0.0,0.0,0.0,0.0,0.0,0.0,0.0,0.04819202,1.0782969,0.0,0.0,0.08219013,1.0822614,0.71336615,1.8805318,0.8055774,1.4747348,0.4558789,1.2606364,0.0016995193,0.87984943,0.08219013,1.0822614,0.8593378,0.0,0.39957136,0.2834971,0.04819202,1.0782969,0.8245325,0.0,0.19083816,0.0,0.07986694,0.19083816,0.35482264,1.1709234,0.3484438,0.4624926,1.1709234,0.27211827,1.0727125,0.50591004,0.08353565,1.217457,272.0287,272.0287,266.9489,266.9489,271.80704,271.80704,274.3554,274.3554,276.50845,276.50845,272.89337,272.89337,272.61166,272.61166,271.80704,271.80704,271.80704,269.451,269.451,269.451,272.0287,272.0287,272.0287,268.65457,271.52972,267.30447,269.20535,271.52972,268.65457,271.52972,267.30447,269.20535,271.52972,268.65457,271.52972,267.30447,269.20535,271.52972,0.0,0.0,0.0,0.0,0.0,0.0,0.0,0.0,0.0,0.0,0.0,0.0,0.0,0.0,0.0,0.0,0.0,0.0,0.0,0.0,1.0777202,0.26112747,1.081854,1.8819407,1.4746748,1.2613034,0.8782767,1.081854,0.40333202,1.0777202,0.45126987,1.1725808,0.49382335,0.48194525,1.1725808,0.404943655321219,1.088683141857662,0.1975164914291436,0.5227026443568639,1.2189890320501713,1.0777202,0.26112747,1.081854,1.8819407,1.4746748,1.2613034,0.8782767,1.081854,0.40333202,1.0777202,0.45126987,1.1725808,0.49382335,0.48194525,1.1725808,0.404943655321219,1.088683141857662,0.1975164914291436,0.5227026443568639,1.2189890320501713
2012-01-12 20:00:00,0.0,0.0,0.0,0.0,0.0,0.0,0.0,0.0,0.0,0.0,0.0,0.0,0.0,0.0,0.0,0.0,0.0,0.0,0.0,0.0,0.0,0.0,0.0,0.0,0.0,0.0,0.0,0.0,0.0,0.0,0.0,0.0,0.0,0.0,0.0,0.0,0.0,0.0,0.040282853,1.0682293,0.0,0.20497173,0.07740763,1.0756851,0.717989,1.8877416,0.8233798,1.5001204,0.5014807,1.3236864,0.0,0.8529957,0.07740763,1.0756851,0.8530198,0.0,0.15555821,0.0015708972,0.040282853,1.0682293,0.81412077,0.0,0.37340692,0.0,0.0070514125,0.37340692,0.024651855,1.3888346,0.4386964,0.34292948,1.3888346,0.0,1.3145121,0.5939473,0.0,1.43363,271.97528,271.97528,268.40344,268.40344,271.77548,271.77548,274.38538,274.38538,276.66238,276.66238,273.20264,273.20264,272.4867,272.4867,271.77548,271.77548,271.77548,267.48764,267.48764,267.48764,271.97528,271.97528,271.97528,266.98102,272.74823,267.82285,268.51813,272.74823,266.98102,272.74823,267.82285,268.51813,272.74823,266.98102,272.74823,267.82285,268.51813,272.74823,0.0,0.0,0.0,0.0,0.0,0.0,0.0,0.0,0.0,0.0,0.0,0.0,0.0,0.0,0.0,0.0,0.0,0.0,0.0,0.0,1.067653,0.33124393,1.0752778,1.8891505,1.5000603,1.3242426,0.85142314,1.0752778,0.28704467,1.067653,0.34086847,1.3894904,0.54655,0.42531213,1.3894904,0.30961930412417765,1.2944688532740576,0.21083229848778504,0.42531214302719317,1.4341408569475187,1.067653,0.33124393,1.0752778,1.8891505,1.5000603,1.3242426,0.85142314,1.0752778,0.28704467,1.067653,0.34086847,1.3894904,0.54655,0.42531213,1.3894904,0.30961930412417765,1.2944688532740576,0.21083229848778504,0.42531214302719317,1.4341408569475187
2012-01-12 21:00:00,0.0,0.0,0.0,0.0,0.0,0.0,0.0,0.0,0.0,0.0,0.0,0.0,0.0,0.0,0.0,0.0,0.0,0.0,0.0,0.0,0.0,0.0,0.0,0.0,0.0,0.0,0.0,0.0,0.0,0.0,0.0,0.0,0.0,0.0,0.0,0.0,0.0,0.0,0.037073992,1.064145,0.0,0.19716223,0.08385061,1.0845447,0.7203239,1.8913832,0.82735735,1.5057924,0.509792,1.3351778,0.09485215,1.0084587,0.08385061,1.0845447,0.8615315,0.0,0.013686553,0.0,0.037073992,1.064145,0.8098967,0.0,0.1809251,0.21792582,0.0,0.1809251,0.0,1.1590912,0.93806654,0.2380788,1.1590912,0.0,1.0595834,1.0810597,0.0,1.2057192,271.9536,271.9536,268.35995,268.35995,271.818,271.818,274.4005,274.4005,276.69678,276.69678,273.259,273.259,273.21017,273.21017,271.818,271.818,271.818,266.34613,266.34613,266.34613,271.9536,271.9536,271.9536,265.87463,271.46356,270.691,267.91547,271.46356,265.87463,271.46356,270.691,267.91547,271.46356,265.87463,271.46356,270.691,267.91547,271.46356,0.0,0.0,0.0,0.0,0.0,0.0,0.0,0.0,0.0,0.0,0.0,0.0,0.0,0.0,0.0,0.0,0.0,0.0,0.0,0.0,1.0635686,0.32914758,1.0841371,1.8927921,1.5057323,1.335734,1.0068853,1.0841371,0.22852604,1.0635686,0.26788223,1.1608031,0.9410896,0.3788034,1.1608031,0.24660048488426564,1.0775094436421049,0.6041141918604498,0.3788033912595411,1.2073067750781852,1.0635686,0.32914758,1.0841371,1.8927921,1.5057323,1.335734,1.0068853,1.0841371,0.22852604,1.0635686,0.26788223,1.1608031,0.9410896,0.3788034,1.1608031,0.24660048488426564,1.0775094436421049,0.6041141918604498,0.3788033912595411,1.2073067750781852
2012-01-12 22:00:00,0.0,0.0,0.0,0.0,0.0,0.0,0.0,0.0,0.0,0.0,0.0,0.0,0.0,0.0,0.0,0.0,0.0,0.0,0.0,0.0,0.0,0.0,0.0,0.0,0.0,0.0,0.0,0.0,0.0,0.0,0.0,0.0,0.0,0.0,0.0,0.0,0.0,0.0,0.05634525,1.0886753,0.0,0.16411015,0.08916505,1.0918523,0.7245559,1.8979836,0.8340844,1.5153849,0.25954023,0.98917407,0.22695296,1.190841,0.08916505,1.0918523,0.8685522,0.0,0.0,0.0,0.05634525,1.0886753,0.83526534,0.0,0.43808424,0.42752695,0.0,0.43808424,0.0,1.4660324,1.214616,0.08666971,1.4660324,0.0,1.4001727,1.3508207,0.0,1.510212,272.08374,272.08374,268.1759,268.1759,271.85306,271.85306,274.42795,274.42795,276.75494,276.75494,271.56183,271.56183,274.05893,274.05893,271.85306,271.85306,271.85306,264.3602,264.3602,264.3602,272.08374,272.08374,272.08374,264.1732,273.1799,272.2794,267.0452,273.1799,264.1732,273.1799,272.2794,267.0452,273.1799,264.1732,273.1799,272.2794,267.0452,273.1799,0.0,0.0,0.0,0.0,0.0,0.0,0.0,0.0,0.0,0.0,0.0,0.0,0.0,0.0,0.0,0.0,0.0,0.0,0.0,0.0,1.088098,0.32027528,1.0914446,1.8993926,1.5153247,0.9904163,1.1892675,1.0914446,0.12671879,1.088098,0.15564077,1.466358,1.2167346,0.31164268,1.466358,0.14968736552963394,1.367395628794026,0.9705630496261942,0.311642662367596,1.5103856968631006,1.088098,0.32027528,1.0914446,1.8993926,1.5153247,0.9904163,1.1892675,1.0914446,0.12671879,1.088098,0.15564077,1.466358,1.2167346,0.31164268,1.466358,0.14968736552963394,1.367395628794026,0.9705630496261942,0.311642662367596,1.5103856968631006
2012-01-12 23:00:00,0.0,0.0,0.0,0.0,0.0,0.0,0.0,0.0,0.0,0.0,0.0,0.0,0.0,0.0,0.0,0.0,0.0,0.0,0.0,0.0,0.0,0.0,0.0,0.0,0.0,0.0,0.0,0.0,0.0,0.0,0.0,0.0,0.0,0.0,0.0,0.0,0.0,0.0,0.11398272,1.1620413,0.0,0.0,0.09047398,1.0936522,0.7283974,1.9039745,0.8488233,1.5364017,0.63946944,1.5144728,0.36560372,1.3822662,0.09047398,1.0936522,0.8702814,0.0,0.1985464,0.051238257,0.11398272,1.1620413,0.9111395,0.0,0.40966645,0.326689,0.0,0.40966645,0.18255751,1.4321133,1.0815696,0.0,1.4321133,0.09090748,1.3625354,1.2210404,0.0,1.4765635,272.47293,272.47293,266.88748,266.88748,271.8617,271.8617,274.45285,274.45285,276.8824,276.8824,274.13846,274.13846,274.94977,274.94977,271.8617,271.8617,271.8617,267.83353,267.83353,267.83353,272.47293,272.47293,272.47293,267.7814,272.99023,271.51523,266.35266,272.99023,267.7814,272.99023,271.51523,266.35266,272.99023,267.7814,272.99023,271.51523,266.35266,272.99023,0.0,0.0,0.0,0.0,0.0,0.0,0.0,0.0,0.0,0.0,0.0,0.0,0.0,0.0,0.0,0.0,0.0,0.0,0.0,0.0,1.1614623,0.2581661,1.0932444,1.9053836,1.5363417,1.515029,1.3806928,1.0932444,0.30477625,1.1614623,0.39366844,1.4325703,1.0841234,0.2581981,1.4325703,0.35520860660680503,1.3353394376141705,0.7942665656411373,0.2581981057611889,1.4768716216098101,1.1614623,0.2581661,1.0932444,1.9053836,1.5363417,1.515029,1.3806928,1.0932444,0.30477625,1.1614623,0.39366844,1.4325703,1.0841234,0.2581981,1.4325703,0.35520860660680503,1.3353394376141705,0.7942665656411373,0.2581981057611889,1.4768716216098101
2012-02-22 00:00:00,0.0,0.0,0.0,0.0,0.0,0.0,0.0,0.0,0.0,0.0,0.0,0.0,0.0,0.0,0.0,0.0,0.0,0.0,0.0,0.0,0.0,0.0,0.0,0.0,0.0,0.0,0.0,0.0,0.0,0.0,0.0,0.0,0.0,0.0,0.0,0.0,0.0,0.0,0.0,0.4117244,0.0,0.0,0.0,0.0,0.0,0.3933166,0.4611521,0.9835996,0.08530934,0.74827856,0.0,0.4055388,0.0,0.0,0.0,0.0,0.0,0.0,0.0,0.4117244,0.1351746,0.0,0.0,0.0,0.0,0.0,0.03328556,0.8419226,0.0,0.0,0.8419226,0.0,0.70764554,0.119802594,0.0,0.8910805,268.49268,268.49268,265.10904,265.10904,265.6559,265.6559,268.17365,268.17365,273.53033,273.53033,270.38022,270.38022,270.40436,270.40436,265.6559,265.6559,265.6559,261.96548,261.96548,261.96548,268.49268,268.49268,268.49268,267.02478,269.69003,265.03104,254.74055,269.69003,267.02478,269.69003,265.03104,254.74055,269.69003,267.02478,269.69003,265.03104,254.74055,269.69003,0.0,0.0,0.0,0.0,0.0,0.0,0.0,0.0,0.0,0.0,0.0,0.0,0.0,0.0,0.0,0.0,0.0,0.0,0.0,0.0,0.4564159,0.17243518,0.31335476,0.54089814,0.9835395,0.75003123,0.4039688,0.31335476,0.04825796,0.4564159,0.3437554,0.8450923,0.26257858,0.0,0.8450923,0.3121119666383839,0.777989392075188,0.13911696460466738,0.0,0.894154393193058,0.4564159,0.17243518,0.31335476,0.54089814,0.9835395,0.75003123,0.4039688,0.31335476,0.04825796,0.4564159,0.3437554,0.8450923,0.26257858,0.0,0.8450923,0.3121119666383839,0.777989392075188,0.13911696460466738,0.0,0.894154393193058
2012-02-22 01:00:00,0.0,0.0,0.0,0.0,0.0,0.0,0.0,0.0,0.0,0.0,0.0,0.0,0.0,0.0,0.0,0.0,0.0,0.0,0.0,0.0,0.0,0.0,0.0,0.0,0.0,0.0,0.0,0.0,0.0,0.0,0.0,0.0,0.0,0.0,0.0,0.0,0.0,0.0,0.0,0.4001036,0.0,0.0,0.0,0.0,0.0,0.4109814,0.39528263,0.8896725,0.07297069,0.73121893,0.0,0.40552577,0.0,0.0,0.0,0.0,0.0,0.0,0.0,0.4001036,0.12315667,0.0,0.0,0.0,0.0,0.0,0.0,0.8150165,0.0,0.0,0.8150165,0.0,0.67778987,0.10241901,0.0,0.86438906,268.43103,268.43103,266.38794,266.38794,265.4706,265.4706,268.24707,268.24707,272.9608,272.9608,270.29654,270.29654,270.4043,270.4043,265.4706,265.4706,265.4706,264.03302,264.03302,264.03302,268.43103,268.43103,268.43103,266.61017,269.53958,264.92868,255.11002,269.53958,266.61017,269.53958,264.92868,255.11002,269.53958,266.61017,269.53958,264.92868,255.11002,269.53958,0.0,0.0,0.0,0.0,0.0,0.0,0.0,0.0,0.0,0.0,0.0,0.0,0.0,0.0,0.0,0.0,0.0,0.0,0.0,0.0,0.45299557,0.23408535,0.30337906,0.5475245,0.8896614,0.73300767,0.4039557,0.30337906,0.10994621,0.45299557,0.31640416,0.81831,0.25216734,0.0,0.81831,0.2884959883134144,0.7525805672584469,0.13648766889792754,0.0,0.8675891132705994,0.45299557,0.23408535,0.30337906,0.5475245,0.8896614,0.73300767,0.4039557,0.30337906,0.10994621,0.45299557,0.31640416,0.81831,0.25216734,0.0,0.81831,0.2884959883134144,0.7525805672584469,0.13648766889792754,0.0,0.8675891132705994
2012-02-22 02:00:00,0.0,0.0,0.0,0.0,0.0,0.0,0.0,0.0,0.0,0.0,0.0,0.0,0.0,0.0,0.0,0.0,0.0,0.0,0.0,0.0,0.0,0.0,0.0,0.0,0.0,0.0,0.0,0.0,0.0,0.0,0.0,0.0,0.0,0.0,0.0,0.0,0.0,0.0,0.0,0.3848873,0.0,0.0,0.0,0.0,0.0,0.44727266,0.4218556,0.9275644,0.07692607,0.73668766,0.0,0.43521234,0.0,0.0,0.0,0.0,0.0,0.0,0.0,0.3848873,0.10742025,0.0,0.0,0.0,0.0,0.0,0.0,0.92949533,0.0,0.0,0.92949533,0.0,0.80481815,0.09511109,0.0,0.9779547,268.3503,268.3503,266.2803,266.2803,265.29675,265.29675,268.39792,268.39792,273.19055,273.19055,270.32336,270.32336,270.54245,270.54245,265.29675,265.29675,265.29675,259.15912,259.15912,259.15912,268.3503,268.3503,268.3503,266.17026,270.17972,264.88565,255.74063,270.17972,266.17026,270.17972,264.88565,255.74063,270.17972,266.17026,270.17972,264.88565,255.74063,270.17972,0.0,0.0,0.0,0.0,0.0,0.0,0.0,0.0,0.0,0.0,0.0,0.0,0.0,0.0,0.0,0.0,0.0,0.0,0.0,0.0,0.44851696,0.22889672,0.29401943,0.56113803,0.92750436,0.7384649,0.43364218,0.29401943,0.0,0.44851696,0.287384,0.9322625,0.24779055,0.0,0.9322625,0.2634389937929937,0.8606891898458624,0.1353823299156666,0.0,0.9806181825715102,0.44851696,0.22889672,0.29401943,0.56113803,0.92750436,0.7384649,0.43364218,0.29401943,0.0,0.44851696,0.287384,0.9322625,0.24779055,0.0,0.9322625,0.2634389937929937,0.8606891898458624,0.1353823299156666,0.0,0.9806181825715102
2012-02-22 03:00:00,0.0,0.0,0.0,0.0,0.0,0.0,0.0,0.0,0.0,0.0,0.0,0.0,0.0,0.0,0.0,0.0,0.0,0.0,0.0,0.0,0.0,0.0,0.0,0.0,0.0,0.0,0.0,0.0,0.0,0.0,0.0,0.0,0.0,0.0,0.0,0.0,0.0,0.0,0.0,0.3510892,0.0,0.0,0.0,0.0,0.0,0.44004822,0.4003544,0.89690465,0.07800156,0.73817474,0.0,0.47360098,0.0,0.0,0.0,0.0,0.0,0.0,0.0,0.3510892,0.072466865,0.0,0.0,0.0,0.0,0.0,0.0,0.9121128,0.12437977,0.0,0.9121128,0.0,0.78553027,0.2873459,0.0,0.9607109,268.17102,268.17102,265.41632,265.41632,265.166,265.166,268.3679,268.3679,273.00464,273.00464,270.33066,270.33066,270.7211,270.7211,265.166,265.166,265.166,264.0074,264.0074,264.0074,268.17102,268.17102,268.17102,266.5566,270.08252,266.01755,256.37637,270.08252,266.5566,270.08252,266.01755,256.37637,270.08252,266.5566,270.08252,266.01755,256.37637,270.08252,0.0,0.0,0.0,0.0,0.0,0.0,0.0,0.0,0.0,0.0,0.0,0.0,0.0,0.0,0.0,0.0,0.0,0.0,0.0,0.0,0.43856925,0.18724787,0.2869796,0.558428,0.8968822,0.7399487,0.4720306,0.2869796,0.10863207,0.43856925,0.312871,0.9149599,0.3629225,0.0,0.9149599,0.2854453448598356,0.844273955151883,0.16445823264762297,0.0,0.9634558262727211,0.43856925,0.18724787,0.2869796,0.558428,0.8968822,0.7399487,0.4720306,0.2869796,0.10863207,0.43856925,0.312871,0.9149599,0.3629225,0.0,0.9149599,0.2854453448598356,0.844273955151883,0.16445823264762297,0.0,0.9634558262727211
2012-02-22 04:00:00,0.0,0.0,0.0,0.0,0.0,0.0,0.0,0.0,0.0,0.0,0.0,0.0,0.0,0.0,0.0,0.0,0.0,0.0,0.0,0.0,0.0,0.0,0.0,0.0,0.0,0.0,0.0,0.0,0.0,0.0,0.0,0.0,0.0,0.0,0.0,0.0,0.0,0.0,0.0,0.2976279,0.0,0.0,0.0,0.0,0.0,0.47426903,0.3922437,0.88533926,0.06372342,0.7184334,0.0,0.5302069,0.0,0.0,0.0,0.0,0.0,0.0,0.0,0.2976279,0.017178029,0.0,0.0,0.0,0.0,0.0,0.0,0.7760765,0.0,0.0,0.7760765,0.0,0.63458115,0.12485596,0.0,0.8257598,267.88742,267.88742,265.63104,265.63104,265.0838,265.0838,268.51013,268.51013,272.9345,272.9345,270.23383,270.23383,270.98453,270.98453,265.0838,265.0838,265.0838,263.98755,263.98755,263.98755,267.88742,267.88742,267.88742,264.92322,269.32184,265.0608,256.85748,269.32184,264.92322,269.32184,265.0608,256.85748,269.32184,264.92322,269.32184,265.0608,256.85748,269.32184,0.0,0.0,0.0,0.0,0.0,0.0,0.0,0.0,0.0,0.0,0.0,0.0,0.0,0.0,0.0,0.0,0.0,0.0,0.0,0.0,0.42283407,0.19759867,0.28255525,0.5712648,0.88533497,0.7202493,0.5286362,0.28255525,0.10761517,0.42283407,0.20511897,0.7824754,0.2656051,0.0,0.7824754,0.1924085416883838,0.7187338126233478,0.1398812947519755,0.0,0.831333175276929,0.42283407,0.19759867,0.28255525,0.5712648,0.88533497,0.7202493,0.5286362,0.28255525,0.10761517,0.42283407,0.20511897,0.7824754,0.2656051,0.0,0.7824754,0.1924085416883838,0.7187338126233478,0.1398812947519755,0.0,0.831333175276929
2012-02-22 05:00:00,0.0,0.0,0.0,0.0,0.0,0.0,0.0,0.0,0.0,0.0,0.0,0.0,0.0,0.0,0.0,0.0,0.0,0.0,0.0,0.0,0.0,0.0,0.0,0.0,0.0,0.0,0.0,0.0,0.0,0.0,0.0,0.0,0.0,0.0,0.0,0.0,0.0,0.0,0.0,0.2498561,0.0,0.0,0.0,0.0,0.0,0.5053108,0.3766861,0.86315465,0.058287572,0.7109177,0.0,0.5525424,0.0,0.0,0.0,0.0,0.0,0.0,0.0,0.2498561,0.0,0.0,0.0,0.0,0.0,0.0,0.0,0.913379,0.16749766,0.0,0.913379,0.0,0.78693527,0.32940546,0.0,0.96196693,267.634,267.634,265.6639,265.6639,265.06125,265.06125,268.63916,268.63916,272.8,272.8,270.19696,270.19696,271.08847,271.08847,265.06125,265.06125,265.06125,262.62567,262.62567,262.62567,267.634,267.634,267.634,265.25555,270.0896,266.2652,257.3587,270.0896,265.25555,270.0896,266.2652,257.3587,270.0896,265.25555,270.0896,266.2652,257.3587,270.0896,0.0,0.0,0.0,0.0,0.0,0.0,0.0,0.0,0.0,0.0,0.0,0.0,0.0,0.0,0.0,0.0,0.0,0.0,0.0,0.0,0.4087735,0.19918306,0.28134114,0.5829091,0.86318517,0.7127495,0.55097157,0.28134114,0.061814297,0.4087735,0.22704262,0.91622025,0.38811243,0.0,0.91622025,0.21133817542597533,0.8454696645550235,0.17081981125829498,0.0,0.9647059570926015,0.4087735,0.19918306,0.28134114,0.5829091,0.86318517,0.7127495,0.55097157,0.28134114,0.061814297,0.4087735,0.22704262,0.91622025,0.38811243,0.0,0.91622025,0.21133817542597533,0.8454696645550235,0.17081981125829498,0.0,0.9647059570926015
2012-02-22 06:00:00,0.0,0.0,0.0,0.0,0.0,0.0,0.0,0.0,0.0,0.0,0.0,0.0,0.0,0.0,0.0,0.0,0.0,0.0,0.0,0.0,0.0,0.0,0.0,0.0,0.0,0.0,0.0,0.0,0.0,0.0,0.0,0.0,0.0,0.0,0.0,0.0,0.0,0.0,0.0,0.17631724,0.0,0.0,0.0,0.0,0.0,0.5846994,0.36726254,0.8497171,0.05973653,0.712921,0.0,0.5506341,0.0,0.0,0.0,0.0,0.0,0.0,0.0,0.17631724,0.0,0.0,0.0,0.0,0.0,0.0,0.0075831115,0.8957072,0.0,0.0,0.8957072,0.0,0.7673262,0.1486663,0.0,0.9444361,267.2439,267.2439,266.7966,266.7966,265.54645,265.54645,268.96915,268.96915,272.7185,272.7185,270.2068,270.2068,271.0796,271.0796,265.54645,265.54645,265.54645,261.114,261.114,261.114,267.2439,267.2439,267.2439,266.8945,269.99078,265.201,257.8613,269.99078,266.8945,269.99078,265.201,257.8613,269.99078,266.8945,269.99078,265.201,257.8613,269.99078,0.0,0.0,0.0,0.0,0.0,0.0,0.0,0.0,0.0,0.0,0.0,0.0,0.0,0.0,0.0,0.0,0.0,0.0,0.0,0.0,0.38712895,0.2537851,0.30746165,0.62676114,0.8497687,0.7147486,0.54906327,0.30746165,0.030773772,0.38712895,0.33516106,0.8986298,0.27986544,0.0,0.8986298,0.3046913416222427,0.8287812721094643,0.14348266162042003,0.0,0.9472580105634086,0.38712895,0.2537851,0.30746165,0.62676114,0.8497687,0.7147486,0.54906327,0.30746165,0.030773772,0.38712895,0.33516106,0.8986298,0.27986544,0.0,0.8986298,0.3046913416222427,0.8287812721094643,0.14348266162042003,0.0,0.9472580105634086
2012-02-22 07:00:00,0.0,0.0,0.0,0.0,0.0,0.0,0.0,0.0,-0.0113611575,-0.015983766,0.0,0.0,0.0,0.0,0.0,0.0,0.0,0.0,0.0,0.0,0.0,0.0,0.0,0.0,0.0,0.0,0.0,0.0,0.0,0.0,0.0,0.0,0.0,0.0,0.0,0.0,0.0,0.0,0.0,0.22372663,0.0,0.0,0.0,0.0,0.39057863,1.3771087,0.4468862,0.963257,0.24535654,0.96956354,0.0,0.66040313,0.0,0.0,0.0,0.0,0.0,0.0,0.0,0.22372663,0.0,0.0,0.0,0.0,0.0,0.0,0.117539704,0.93393224,0.27202725,0.0,0.93393224,0.022513181,0.8097416,0.43136922,0.0,0.9823563,267.4954,267.4954,266.789,266.789,266.2433,266.2433,272.26288,272.26288,273.40698,273.40698,271.46564,271.46564,271.59042,271.59042,266.2433,266.2433,266.2433,266.01852,266.01852,266.01852,267.4954,267.4954,267.4954,267.45184,270.20453,266.86557,262.74127,270.20453,267.45184,270.20453,266.86557,262.74127,270.20453,267.45184,270.20453,266.86557,262.74127,270.20453,0.0,0.0,0.0,0.0,0.0142564,0.0,0.0,0.0,0.0,0.0,0.0,0.0,0.0,0.0,0.0,0.0,0.0,0.0,0.0,0.0,0.40108284,0.2534188,0.3449757,1.3785254,0.96319693,0.97084725,0.6588317,0.3449757,0.21173155,0.40108284,0.37192798,0.9366791,0.44917986,0.025461879,0.9366791,0.3364371543816213,0.8648793266766963,0.18624203381008195,0.02546187885788122,0.984999028936005,0.40108284,0.2534188,0.3449757,1.3785254,0.9489406,0.97084725,0.6588317,0.3449757,0.21173155,0.40108284,0.37192798,0.9366791,0.44917986,0.025461879,0.9366791,0.3364371543816213,0.8648793266766963,0.18624203381008195,0.02546187885788122,0.984999028936005
2012-02-22 08:00:00,0.0,0.0,0.0,0.0,0.0,0.0,-0.16883211,-0.21108133,-0.11802879,-0.15442362,0.0,0.0,-0.014007613,-0.018712964,0.0,0.0,0.0,0.0,0.0,0.0,0.0,0.0,0.0,0.0,0.0,0.0,0.0,0.0,0.0,0.0,0.0,0.0,0.0,0.0,0.0,0.0,0.0,0.0,0.0,0.70043176,0.0,0.21865077,0.0,0.28298947,0.6153267,1.7276282,0.5804853,1.1537634,0.43637192,1.2336656,0.22046,1.1818763,0.0,0.28298947,0.09145642,0.0,0.19448806,0.046549357,0.0,0.70043176,0.43375084,0.07498878,0.108003676,0.0,0.0,0.108003676,0.58547676,1.0720533,0.53307754,0.0,1.0720533,0.5147503,0.9630041,0.68601173,0.0,1.1193756,270.0242,270.0242,268.4796,268.4796,267.9719,267.9719,273.71985,273.71985,274.56216,274.56216,272.76108,272.76108,274.0172,274.0172,267.9719,267.9719,267.9719,267.80087,267.80087,267.80087,270.0242,270.0242,270.0242,269.8237,270.97687,268.36493,264.89844,270.97687,269.8237,270.97687,268.36493,264.89844,270.97687,269.8237,270.97687,268.36493,264.89844,270.97687,0.0,0.0,0.0,0.2989928,0.13731875,0.0,0.015221863,0.0,0.0,0.0,0.0,0.0,0.0,0.0,0.0,0.0,0.0,0.0,0.0,0.0,0.6998652,0.33491585,0.43803468,1.7290373,1.1537033,1.2343898,1.1803032,0.43803468,0.30310228,0.6998652,0.595081,1.0741653,0.60168856,0.14597231,1.0741653,0.538222077028445,0.9953147300158607,0.22475721787920433,0.1459723087573326,1.1213710582012344,0.6998652,0.33491585,0.43803468,1.4300444,1.0163846,1.2343898,1.1650814,0.43803468,0.30310228,0.6998652,0.595081,1.0741653,0.60168856,0.14597231,1.0741653,0.538222077028445,0.9953147300158607,0.22475721787920433,0.1459723087573326,1.1213710582012344
2012-02-22 09:00:00,0.0,0.0,0.0,0.0,0.0,0.0,-0.47044745,-0.5742793,-0.3146419,-0.39813316,-0.29917258,-0.36741605,-0.063585795,-0.082087405,0.0,0.0,0.0,0.0,0.0,0.0,0.0,0.0,0.0,0.0,0.0,0.0,0.0,0.0,0.0,0.0,0.0,0.0,0.0,0.0,0.0,0.0,0.0,0.0,0.10275622,1.1477512,0.1645495,0.6568006,0.0,0.8136113,0.7323941,1.9102079,0.7853679,1.4459172,0.64670074,1.5244709,0.6136228,1.7246885,0.0,0.8136113,0.6012387,0.03742037,0.4633634,0.35720062,0.10275622,1.1477512,0.89636093,0.35975075,0.32783332,0.22493294,0.0,0.32783332,1.0997312,1.3344386,0.9473119,0.19008152,1.3344386,1.0557101,1.2541531,1.0900781,0.0,1.3796676,272.39713,272.39713,270.91946,270.91946,270.51797,270.51797,274.47876,274.47876,276.3337,276.3337,274.1875,274.1875,276.5433,276.5433,270.51797,270.51797,270.51797,269.96426,269.96426,269.96426,272.39713,272.39713,272.39713,272.43033,272.44406,270.7441,267.6396,272.44406,272.43033,272.44406,270.7441,267.6396,272.44406,272.43033,272.44406,270.7441,267.6396,272.44406,0.0,0.0,0.0,0.78977424,0.3549637,0.455624,0.06830148,0.0,0.0,0.0,0.0,0.0,0.0,0.0,0.0,0.0,0.0,0.0,0.0,0.0,1.1471727,0.66157484,0.81321394,1.9116169,1.445857,1.5250272,1.7231153,0.81321394,0.46672007,1.1471727,1.1029325,1.3353446,0.95030457,0.3575132,1.3353446,1.022590454738023,1.2430997342175756,0.616364826130977,0.35751317878336253,1.380433728146881,1.1471727,0.66157484,0.81321394,1.1218426,1.0908934,1.0694032,1.6548138,0.81321394,0.46672007,1.1471727,1.1029325,1.3353446,0.95030457,0.3575132,1.3353446,1.022590454738023,1.2430997342175756,0.616364826130977,0.35751317878336253,1.380433728146881
2012-02-22 10:00:00,-0.084915906,-0.08966921,-0.03361344,-0.039155036,0.0,0.0,-0.71779525,-0.8662111,-0.47622094,-0.59321135,-0.3343339,-0.40582892,-0.08994589,-0.11423784,0.0,0.0,0.0,0.0,0.0,0.0,-0.084915906,-0.08966921,-0.08864396,-0.1931355,-0.148724,0.0,0.0,-0.148724,-0.22703528,-0.16805044,0.0,0.0,-0.16805044,-0.2289483,-0.1605831,0.0,0.0,-0.15519695,0.27573192,1.3679307,0.38357908,1.089366,0.18697062,1.2263428,0.81919193,2.0455787,0.9468634,1.6762028,0.65240216,1.5323538,0.7899726,1.9681623,0.18697062,1.2263428,0.99776053,0.14041924,0.6252689,0.5442618,0.27573192,1.3679307,1.1240664,0.5284329,0.5201734,0.5131466,0.18905945,0.5201734,1.404356,1.5640128,1.327583,0.64178693,1.5640128,1.3761542,1.5088941,1.461015,0.31607994,1.6074108,273.56512,273.56512,273.32822,273.32822,272.49838,272.49838,275.04144,275.04144,277.7301,277.7301,274.22617,274.22617,277.67636,277.67636,272.49838,272.49838,272.49838,271.26697,271.26697,271.26697,273.56512,273.56512,273.56512,273.9744,273.72778,272.92822,270.2359,273.72778,273.9744,273.72778,272.92822,270.2359,273.72778,273.9744,273.72778,272.92822,270.2359,273.72778,0.10588478,0.051704623,0.0,1.169511,0.5308908,0.50088793,0.09605074,0.0,0.0,0.10588478,0.3055159,0.20099512,0.0,0.0,0.20099512,0.2562978870675258,0.19475845776620326,0.0,0.0,0.2009951159768358,1.3673481,1.0905534,1.22593,2.0469878,1.6761427,1.53291,1.9665889,1.22593,0.62760043,1.3673481,1.4057895,1.5643383,1.3293325,0.64625835,1.5643383,1.3115369023838332,1.4603743225739443,1.1202531273421004,0.7020653060874689,1.6075757169133935,1.2614633,1.0388488,1.22593,0.8774769,1.1452519,1.032022,1.8705381,1.22593,0.62760043,1.2614633,1.1002736,1.3633432,1.3293325,0.64625835,1.3633432,1.0552390153163074,1.265615864807741,1.1202531273421004,0.7020653060874689,1.4065806009365578
2012-02-22 11:00:00,-0.32032102,-0.33705854,-0.18229364,-0.21127534,-0.10857518,-0.113809966,-0.9028764,-1.0998544,-0.58549774,-0.72373927,-0.38535348,-0.46551365,-0.26302862,-0.3221601,-0.10857518,-0.113809966,-0.112983,0.0,0.0,0.0,-0.32032102,-0.33705854,-0.3368757,-0.26540577,-0.22277138,-0.22271396,0.0,-0.22277138,-0.3104522,-0.25074518,-0.26947695,0.0,-0.25074518,-0.31667542,-0.24092636,-0.2351781,0.0,-0.23283617,0.44357795,1.5815804,0.45373625,1.2279204,0.38024154,1.4921054,0.88518715,2.1485057,1.0419987,1.8118615,0.67185503,1.55925,0.96936214,2.2158327,0.38024154,1.4921054,1.2530856,0.22141263,0.7525836,0.69135773,0.44357795,1.5815804,1.3450193,0.55867136,0.56024176,0.60948217,0.34306854,0.56024176,1.4589641,1.6118375,1.4546891,0.8946698,1.6118375,1.433598,1.5619617,1.5850012,0.6440687,1.6548542,274.6985,274.6985,274.09976,274.09976,273.7736,273.7736,275.46927,275.46927,278.5527,278.5527,274.3581,274.3581,278.82895,278.82895,273.7736,273.7736,273.7736,272.29135,272.29135,272.29135,274.6985,274.6985,274.6985,274.2512,273.9952,273.65826,271.68942,273.9952,274.2512,273.9952,273.65826,271.68942,273.9952,274.2512,273.9952,273.65826,271.68942,273.9952,0.3918143,0.27400732,0.11459112,1.4589196,0.65148485,0.5722343,0.3026117,0.11459112,0.0,0.3918143,0.4142609,0.29823834,0.3765975,0.0,0.29823834,0.3510909197749773,0.29093080952990374,0.41479065175532076,0.0,0.2982383422952336,1.5809978,1.229108,1.4916874,2.1499147,1.8118017,1.5598061,2.2142594,1.4916874,0.75410897,1.5809978,1.4603975,1.6121633,1.4563122,0.8978138,1.6121633,1.3636512679729187,1.5057579516940593,1.2889675742371698,0.9550610254960231,1.6550149273907913,1.1891836,0.95510066,1.3770963,0.690995,1.1603168,0.98757184,1.9116477,1.3770963,0.75410897,1.1891836,1.0461366,1.313925,1.0797148,0.8978138,1.313925,1.0125603481979413,1.2148271421641557,0.874176922481849,0.9550610254960231,1.3567765850955578
2012-02-22 12:00:00,-0.55392283,-0.5829893,-0.21451354,-0.24843524,-0.31204832,-0.32684016,-1.0390046,-1.2811334,-0.64173895,-0.7918749,-0.4154435,-0.50186706,-0.509789,-0.61727947,-0.31204832,-0.32684016,-0.32500106,-0.048757862,-0.057315998,-0.059033673,-0.55392283,-0.5829893,-0.58342665,-0.29021513,-0.26549232,-0.35727143,0.0,-0.26549232,-0.3392834,-0.2987931,-0.43228886,0.0,-0.2987931,-0.34653348,-0.2871443,-0.37726444,0.0,-0.27750182,0.6204224,1.806684,0.4688988,1.2578651,0.5636929,1.7443652,0.94287354,2.238474,1.0903944,1.8808714,0.68625927,1.5791652,1.1378605,2.4484665,0.5636929,1.7443652,1.4954383,0.3121396,0.89519864,0.85613143,0.6204224,1.806684,1.5778179,0.56974334,0.5850199,0.6508684,0.44256693,0.5850199,1.4789588,1.6414124,1.5092944,1.0580465,1.6414124,1.4546311,1.5947785,1.6382661,0.85596776,1.684193,275.8926,275.8926,274.2665,274.2665,274.984,274.984,275.84323,275.84323,278.97116,278.97116,274.45578,274.45578,279.91156,279.91156,274.984,274.984,274.984,273.43884,273.43884,273.43884,275.8926,275.8926,275.8926,274.35254,274.16058,273.9719,272.62848,274.16058,274.35254,274.16058,273.9719,272.62848,274.16058,274.35254,274.16058,273.9719,272.62848,274.16058,0.66824985,0.3210183,0.32819846,1.6778299,0.71582115,0.61582994,0.59873146,0.32819846,0.079489216,0.66824985,0.45161703,0.35450506,0.5995811,0.0,0.35450506,0.38316386012705084,0.34582489350409373,0.6551594209606832,0.0,0.3545050706254741,1.8061016,1.2590528,1.7439475,2.239883,1.8808113,1.5797216,2.4468932,1.7439475,0.8960483,1.8061016,1.4803923,1.641738,1.5109175,1.0603328,1.641738,1.3827330549763757,1.5338229849249054,1.3615023075253834,1.118510421492593,1.6843511229376382,1.1378517,0.9380344,1.415749,0.562053,1.1649902,0.9638916,1.8481617,1.415749,0.8165591,1.1378517,1.0287752,1.287233,0.9113364,1.0603328,1.287233,0.9995691948493248,1.1879980914208117,0.7063428865647001,1.118510421492593,1.3298460523121642
2012-02-22 13:00:00,-0.6699153,-0.70685434,-0.22435445,-0.26070237,-0.4259888,-0.44813368,-0.9864566,-1.2217512,-0.6899792,-0.8552441,-0.391379,-0.47524714,-0.60800534,-0.7427373,-0.4259888,-0.44813368,-0.44295192,0.0,0.0,0.0,-0.6699153,-0.70685434,-0.7025431,-0.27515924,-0.2780458,-0.41788858,0.0,-0.2780458,-0.32285866,-0.3140774,-0.5081401,0.0,-0.3140774,-0.3269738,-0.30025613,-0.43889314,0.0,-0.2901842,0.72690696,1.9422271,0.476394,1.2726678,0.68132246,1.906115,0.9374976,2.2300894,1.1530873,1.970269,0.6808323,1.5716621,1.2267858,2.5712392,0.68132246,1.906115,1.6508356,0.2862228,0.8544595,0.80906254,0.72690696,1.9422271,1.7179942,0.5660994,0.5971735,0.6739316,0.47978473,0.5971735,1.4723783,1.6559188,1.5397239,1.119158,1.6559188,1.4477087,1.6108752,1.6679487,0.9352294,1.6985837,276.61163,276.61163,274.34894,274.34894,275.76013,275.76013,275.80838,275.80838,279.51324,279.51324,274.41898,274.41898,280.4829,280.4829,275.76013,275.76013,275.76013,273.11105,273.11105,273.11105,276.61163,276.61163,276.61163,274.31918,274.2417,274.14667,272.97974,274.2417,274.31918,274.2417,274.14667,272.97974,274.2417,274.31918,274.2417,274.14667,272.97974,274.2417,0.8048007,0.33683679,0.449796,1.6062768,0.77708,0.58458155,0.7252598,0.449796,0.0,0.8048007,0.4308215,0.37275732,0.7033825,0.0,0.37275732,0.36271221710584045,0.36117576889763164,0.7570740296709803,0.0,0.37275731158166603,1.9416448,1.2738552,1.9056971,2.2314985,1.9702089,1.5722183,2.5696661,1.9056971,0.85533994,1.9416448,1.4738116,1.6562444,1.5413471,1.1211236,1.6562444,1.3764529004461803,1.5475887827340193,1.4019232881171508,1.1796492388180138,1.6987404212885364,1.1368442,0.9370184,1.4559011,0.62522167,1.193129,0.98763674,1.8444062,1.4559011,0.85533994,1.1368442,1.0429902,1.2834871,0.83796465,1.1211236,1.2834871,1.0137406833403397,1.1864130138363878,0.6448492584461706,1.1796492388180138,1.3259831097068704
2012-02-22 14:00:00,-0.6797333,-0.7213091,-0.22112319,-0.25918037,-0.46759713,-0.49523118,-0.8268982,-1.0305593,-0.70543694,-0.88605875,-0.34025264,-0.41814333,-0.6193524,-0.7768683,-0.46759713,-0.49523118,-0.48343718,0.0,0.0,0.0,-0.6797333,-0.7213091,-0.7046825,-0.23679486,-0.26166734,-0.40717134,0.0,-0.26166734,-0.28041482,-0.29818764,-0.5008323,0.0,-0.29818764,-0.27803755,-0.28159517,-0.42241344,0.0,-0.27217638,0.77437997,2.0026553,0.4822548,1.2842423,0.7536568,2.0055804,0.90466714,2.1788867,1.2207533,2.066758,0.66916424,1.5555292,1.2877493,2.655407,0.7536568,2.0055804,1.7463946,0.24697715,0.79276884,0.73778677,0.77437997,2.0026553,1.7804878,0.5557743,0.5990802,0.680999,0.49561602,0.5990802,1.453732,1.6581947,1.5490489,1.145153,1.6581947,1.4280943,1.6134007,1.6770449,0.9689449,1.7008417,276.9322,276.9322,274.4134,274.4134,276.2374,276.2374,275.59555,275.59555,280.09833,280.09833,274.33984,274.33984,280.8746,280.8746,276.2374,276.2374,276.2374,272.6147,272.6147,272.6147,276.9322,276.9322,276.9322,274.22467,274.25443,274.20023,273.12915,274.25443,274.22467,274.25443,274.20023,273.12915,274.25443,274.22467,274.25443,274.20023,273.12915,274.25443,0.82098055,0.3357941,0.49750456,1.3734307,0.809343,0.5172055,0.7607269,0.49750456,0.0,0.82098055,0.37663814,0.3551138,0.69596,0.0,0.3551138,0.3110048842305216,0.3386946014274556,0.7296956854522729,0.0,0.3551138190005657,2.0020728,1.2854297,2.0051625,2.1802957,2.0666976,1.5560856,2.6538339,2.0051625,0.7940398,2.0020728,1.4551655,1.6585202,1.550672,1.1469821,1.6585202,1.3586581716447033,1.5497484282142304,1.4143100213000657,1.2056558113310685,1.7009978845738356,1.1810923,0.9496356,1.507658,0.8068649,1.2573547,1.0388801,1.8931069,1.507658,0.7940398,1.1810923,1.0785273,1.3034065,0.85471207,1.1469821,1.3034065,1.0476532874141817,1.2110538267867748,0.6846143358477927,1.2056558113310685,1.3458840655732698
2012-02-22 15:00:00,-0.55981326,-0.60096216,-0.17272085,-0.20614377,-0.40708998,-0.43630067,-0.55746025,-0.70317656,-0.56314456,-0.7269879,-0.2679821,-0.33761466,-0.47794282,-0.6309258,-0.40708998,-0.43630067,-0.4160957,0.0,0.0,0.0,-0.55981326,-0.60096216,-0.5672094,-0.18809457,-0.22077703,-0.306336,0.0,-0.22077703,-0.22706121,-0.25625002,-0.38591412,0.0,-0.25625002,-0.21561262,-0.23613113,-0.31016693,0.0,-0.22829053,0.7476154,1.9685868,0.47125754,1.2625234,0.7559139,2.0086842,0.8458227,2.0871122,1.1698238,1.9941345,0.6587334,1.5411075,1.2647889,2.6237073,0.7559139,2.0086842,1.7493763,0.13788572,0.6212864,0.5396606,0.7476154,1.9685868,1.7452548,0.54724944,0.5984446,0.6666867,0.41656303,0.5984446,1.4383371,1.6574361,1.5301651,1.015348,1.6574361,1.4118998,1.6125588,1.6586246,0.800588,1.700089,276.75146,276.75146,274.29245,274.29245,276.2523,276.2523,275.21408,275.21408,279.65796,279.65796,274.2691,274.2691,280.72708,280.72708,276.2523,276.2523,276.2523,271.23492,271.23492,271.23492,276.75146,276.75146,276.75146,274.14664,274.25018,274.09177,272.38306,274.25018,274.14664,274.25018,274.09177,272.38306,274.25018,274.14664,274.25018,274.09177,272.38306,274.25018,0.6898516,0.27004334,0.43958616,0.9636693,0.6627236,0.4218025,0.6162743,0.43958616,0.0,0.6898516,0.30843106,0.30753818,0.54361403,0.0,0.30753818,0.24462812397808437,0.2840059792972684,0.5428170686367502,0.0,0.30753817906025577,1.9680043,1.263711,2.0082662,2.0885212,1.9940745,1.5416638,2.622134,2.0082662,0.62364316,1.9680043,1.4397705,1.6577616,1.5317883,1.0178584,1.6577616,1.343966172437284,1.5490285463874933,1.3892260043587101,1.0757929263639197,1.7002453968120692,1.2781528,0.99366766,1.56868,1.124852,1.3313508,1.1198614,2.0058599,1.56868,0.62364316,1.2781528,1.1313394,1.3502234,0.9881744,1.0178584,1.3502234,1.0993380484591997,1.2650225670902249,0.84640893572196,1.0757929263639197,1.3927072177518134
2012-02-22 16:00:00,-0.1955404,-0.21507426,0.0,0.0,-0.20273054,-0.22256091,-0.029535454,-0.039395977,-0.31215462,-0.42599234,-0.2331876,-0.31067765,-0.13488111,-0.19328058,-0.20273054,-0.22256091,-0.20313972,0.0,0.0,0.0,-0.1955404,-0.21507426,-0.18940592,0.0,-0.05074255,0.0,0.0,-0.05074255,0.0,-0.061386712,0.0,0.0,-0.061386712,0.0,-0.053775355,0.0,0.0,-0.05202823,0.4851395,1.6344837,0.33521944,0.9938596,0.62533844,1.8291327,0.5625267,1.6452808,1.0640188,1.8432611,0.7462832,1.6621556,0.99988896,2.257979,0.62533844,1.8291327,1.5768764,0.0,0.2521849,0.113210775,0.4851395,1.6344837,1.3997312,0.38512844,0.49493352,0.27467534,0.20877096,0.49493352,1.145561,1.5338867,1.0129423,0.67415327,1.5338867,1.10392,1.4754655,1.1540977,0.358059,1.5775249,274.97913,274.97913,272.7964,272.7964,275.39075,275.39075,273.37756,273.37756,278.7431,278.7431,274.86285,274.86285,279.0251,279.0251,275.39075,275.39075,275.39075,268.2651,268.2651,268.2651,274.97913,274.97913,274.97913,272.66263,273.55933,271.12106,270.42194,273.55933,272.66263,273.55933,271.12106,270.42194,273.55933,272.66263,273.55933,271.12106,270.42194,273.55933,0.2556808,0.0,0.2258509,0.058218107,0.38676885,0.39196584,0.18199219,0.2258509,0.0,0.2556808,0.0,0.075793825,0.0,0.0,0.075793825,0.0,0.06524749419790711,0.0,0.0,0.07579382404388618,1.6339012,0.99561566,1.8287146,1.6466899,1.8432013,1.662712,2.2564056,1.8287146,0.32690087,1.6339012,1.1481917,1.5342124,1.0157205,0.67845476,1.5342124,1.0657568219743694,1.4317862097423761,0.7033302482629028,0.7344460385301939,1.5776927496835371,1.3782203,0.99561566,1.6028638,1.5884718,1.4564325,1.2707461,2.0744135,1.6028638,0.32690087,1.3782203,1.1481917,1.4584186,1.0157205,0.67845476,1.4584186,1.0657568219743694,1.366538715544469,0.7033302482629028,0.7344460385301939,1.5018989256396509
2012-02-22 17:00:00,0.0,0.0,0.0,0.0,0.0,0.0,0.0,0.0,0.0,0.0,0.0,0.0,0.0,0.0,0.0,0.0,0.0,0.0,0.0,0.0,0.0,0.0,0.0,0.0,0.0,0.0,0.0,0.0,0.0,0.0,0.0,0.0,0.0,0.0,0.0,0.0,0.0,0.0,0.33888778,1.4483211,0.10454042,0.53828764,0.4829638,1.6333563,0.48638678,1.5265322,1.0225306,1.7841008,0.5597136,1.4042006,0.5914033,1.6940118,0.4829638,1.6333563,1.3887893,0.0,0.0,0.0,0.33888778,1.4483211,1.2072049,0.0,0.3106821,0.0,0.0,0.3106821,0.36921823,1.3139671,0.32821602,0.0,1.3139671,0.28726143,1.2314374,0.48617873,0.0,1.3593599,273.99158,273.99158,270.25952,270.25952,274.45135,274.45135,272.88397,272.88397,278.38437,278.38437,273.59756,273.59756,276.40054,276.40054,274.45135,274.45135,274.45135,265.8167,265.8167,265.8167,273.99158,273.99158,273.99158,268.72754,272.3296,267.1883,265.80173,272.3296,268.72754,272.3296,267.1883,265.80173,272.3296,268.72754,272.3296,267.1883,265.80173,272.3296,0.0,0.0,0.0,0.0,0.0,0.0,0.0,0.0,0.0,0.0,0.0,0.0,0.0,0.0,0.0,0.0,0.0,0.0,0.0,0.0,1.4477385,0.5441231,1.6329385,1.5279435,1.7840408,1.4047568,1.6924385,1.6329385,0.20138578,1.4477385,0.45668137,1.3149672,0.48200595,0.21568127,1.3149672,0.40969780135123723,1.2237673808935197,0.19453207617703905,0.21568126883282035,1.3602214837271767,1.4477385,0.5441231,1.6329385,1.5279435,1.7840408,1.4047568,1.6924385,1.6329385,0.20138578,1.4477385,0.45668137,1.3149672,0.48200595,0.21568127,1.3149672,0.40969780135123723,1.2237673808935197,0.19453207617703905,0.21568126883282035,1.3602214837271767
2012-02-22 18:00:00,0.0,0.0,0.0,0.0,0.0,0.0,0.0,0.0,0.0,0.0,0.0,0.0,0.0,0.0,0.0,0.0,0.0,0.0,0.0,0.0,0.0,0.0,0.0,0.0,0.0,0.0,0.0,0.0,0.0,0.0,0.0,0.0,0.0,0.0,0.0,0.0,0.0,0.0,0.010481127,1.0302951,0.033856,0.39869177,0.0,0.7993966,0.42364916,1.428686,0.6678348,1.27832,0.5481534,1.3882173,0.023030767,0.90929997,0.0,0.7993966,0.5875823,0.0,0.0,0.0,0.010481127,1.0302951,0.7748898,0.0,0.24646202,0.0,0.0,0.24646202,0.32102227,1.2373152,0.5613551,0.0,1.2373152,0.23656267,1.1463826,0.71359515,0.0,1.2833192,271.77405,271.77405,269.48218,269.48218,270.44977,270.44977,272.47726,272.47726,275.31744,275.31744,273.51917,273.51917,272.74872,272.74872,270.44977,270.44977,270.44977,265.88324,265.88324,265.88324,271.77405,271.77405,271.77405,268.48325,271.90097,268.52734,261.8301,271.90097,268.48325,271.90097,268.52734,261.8301,271.90097,268.48325,271.90097,268.52734,261.8301,271.90097,0.0,0.0,0.0,0.0,0.0,0.0,0.0,0.0,0.0,0.0,0.0,0.0,0.0,0.0,0.0,0.0,0.0,0.0,0.0,0.0,1.0297196,0.40577725,0.79899967,1.4301008,1.27826,1.3887734,0.9077271,0.79899967,0.20479631,1.0297196,0.4399678,1.2386674,0.6182087,0.018040098,1.2386674,0.39518507278652304,1.151380576724934,0.22892928459097223,0.01804009903928913,1.284540072670193,1.0297196,0.40577725,0.79899967,1.4301008,1.27826,1.3887734,0.9077271,0.79899967,0.20479631,1.0297196,0.4399678,1.2386674,0.6182087,0.018040098,1.2386674,0.39518507278652304,1.151380576724934,0.22892928459097223,0.01804009903928913,1.284540072670193
2012-02-22 19:00:00,0.0,0.0,0.0,0.0,0.0,0.0,0.0,0.0,0.0,0.0,0.0,0.0,0.0,0.0,0.0,0.0,0.0,0.0,0.0,0.0,0.0,0.0,0.0,0.0,0.0,0.0,0.0,0.0,0.0,0.0,0.0,0.0,0.0,0.0,0.0,0.0,0.0,0.0,0.0,0.9347228,0.0,0.2736627,0.0,0.9550532,0.30332404,1.2410257,0.77176917,1.4265257,0.5132929,1.3400183,0.0,0.77511674,0.0,0.9550532,0.7371258,0.0,0.02456829,0.0,0.0,0.9347228,0.6760505,0.0,0.22297333,0.0,0.0,0.22297333,0.0,1.2092793,0.41904238,0.0,1.2092793,0.0,1.1152735,0.57477564,0.0,1.255507,271.26706,271.26706,268.78595,268.78595,271.19666,271.19666,271.69724,271.69724,276.21613,276.21613,273.28275,273.28275,272.12427,272.12427,271.19666,271.19666,271.19666,266.4337,266.4337,266.4337,271.26706,271.26706,271.26706,266.37143,271.7442,267.70996,263.06012,271.7442,266.37143,271.7442,267.70996,263.06012,271.7442,266.37143,271.7442,267.70996,263.06012,271.7442,0.0,0.0,0.0,0.0,0.0,0.0,0.0,0.0,0.0,0.0,0.0,0.0,0.0,0.0,0.0,0.0,0.0,0.0,0.0,0.0,0.9341499,0.35086647,0.95465064,1.2424471,1.4264657,1.3405744,0.77354455,0.95465064,0.23301448,0.9341499,0.30065498,1.2107606,0.53506786,0.028059017,1.2107606,0.2748975930214788,1.1249048905010806,0.20793254749815154,0.028059017068171942,1.256859374300686,0.9341499,0.35086647,0.95465064,1.2424471,1.4264657,1.3405744,0.77354455,0.95465064,0.23301448,0.9341499,0.30065498,1.2107606,0.53506786,0.028059017,1.2107606,0.2748975930214788,1.1249048905010806,0.20793254749815154,0.028059017068171942,1.256859374300686
2012-02-22 20:00:00,0.0,0.0,0.0,0.0,0.0,0.0,0.0,0.0,0.0,0.0,0.0,0.0,0.0,0.0,0.0,0.0,0.0,0.0,0.0,0.0,0.0,0.0,0.0,0.0,0.0,0.0,0.0,0.0,0.0,0.0,0.0,0.0,0.0,0.0,0.0,0.0,0.0,0.0,0.0,0.8817734,0.0,0.1729226,0.0,0.5864928,0.059049055,0.8600518,0.6929254,1.3140984,0.4640372,1.2719163,0.0,0.7731166,0.0,0.5864928,0.3830399,0.0,0.20059453,0.05360466,0.0,0.8817734,0.6212913,0.0,0.33881178,0.0,0.0,0.33881178,0.0,1.3475423,0.3652925,0.0,1.3475423,0.0,1.2686932,0.5223451,0.0,1.392667,270.98618,270.98618,268.22498,268.22498,269.4282,269.4282,270.11368,270.11368,275.5344,275.5344,272.9487,272.9487,272.11496,272.11496,269.4282,269.4282,269.4282,267.85,267.85,267.85,270.98618,270.98618,270.98618,266.31024,272.51733,267.40125,260.44165,272.51733,266.31024,272.51733,267.40125,260.44165,272.51733,266.31024,272.51733,267.40125,260.44165,272.51733,0.0,0.0,0.0,0.0,0.0,0.0,0.0,0.0,0.0,0.0,0.0,0.0,0.0,0.0,0.0,0.0,0.0,0.0,0.0,0.0,0.88120204,0.32264084,0.5861038,0.8614869,1.3140382,1.2725594,0.7715445,0.5861038,0.3056211,0.88120204,0.29661852,1.348388,0.5036665,0.0067305663,1.348388,0.27141238497337317,1.255474295756114,0.2000023282466964,0.006730566386762619,1.3933715044336603,0.88120204,0.32264084,0.5861038,0.8614869,1.3140382,1.2725594,0.7715445,0.5861038,0.3056211,0.88120204,0.29661852,1.348388,0.5036665,0.0067305663,1.348388,0.27141238497337317,1.255474295756114,0.2000023282466964,0.006730566386762619,1.3933715044336603
2012-02-22 21:00:00,0.0,0.0,0.0,0.0,0.0,0.0,0.0,0.0,0.0,0.0,0.0,0.0,0.0,0.0,0.0,0.0,0.0,0.0,0.0,0.0,0.0,0.0,0.0,0.0,0.0,0.0,0.0,0.0,0.0,0.0,0.0,0.0,0.0,0.0,0.0,0.0,0.0,0.0,0.0,0.8595674,0.013140731,0.35778084,0.0,0.4946913,0.037752084,0.82683694,0.682256,1.298884,0.42936558,1.2239785,0.0,0.70157224,0.0,0.4946913,0.29484382,0.0,0.13456103,0.0,0.0,0.8595674,0.59832615,0.21385585,0.18248887,0.0,0.0,0.18248887,0.83625805,1.1609578,0.34102646,0.0,1.1609578,0.7785548,1.0616546,0.49867472,0.0,1.2075709,270.86838,270.86838,269.25436,269.25436,268.9877,268.9877,269.97562,269.97562,275.44214,275.44214,272.71356,272.71356,271.782,271.782,268.9877,268.9877,268.9877,267.3187,267.3187,267.3187,270.86838,270.86838,270.86838,271.09485,271.474,267.26187,260.8883,271.474,271.09485,271.474,267.26187,260.8883,271.474,271.09485,271.474,267.26187,260.8883,271.474,0.0,0.0,0.0,0.0,0.0,0.0,0.0,0.0,0.0,0.0,0.0,0.0,0.0,0.0,0.0,0.0,0.0,0.0,0.0,0.0,0.85899657,0.378285,0.52016044,0.82827306,1.298824,1.2247232,0.7000006,0.52016044,0.27838382,0.85899657,0.8427399,1.1626611,0.48949,0.010368748,1.1626611,0.7744292097787793,1.0792720842277694,0.19642212744386964,0.010368747363582578,1.2091496403385265,0.85899657,0.378285,0.52016044,0.82827306,1.298824,1.2247232,0.7000006,0.52016044,0.27838382,0.85899657,0.8427399,1.1626611,0.48949,0.010368748,1.1626611,0.7744292097787793,1.0792720842277694,0.19642212744386964,0.010368747363582578,1.2091496403385265
2012-02-22 22:00:00,0.0,0.0,0.0,0.0,0.0,0.0,0.0,0.0,0.0,0.0,0.0,0.0,0.0,0.0,0.0,0.0,0.0,0.0,0.0,0.0,0.0,0.0,0.0,0.0,0.0,0.0,0.0,0.0,0.0,0.0,0.0,0.0,0.0,0.0,0.0,0.0,0.0,0.0,0.0,0.8201373,0.0047408566,0.34119177,0.0,0.5616439,0.046912998,0.84112436,0.6703547,1.2819134,0.44680718,1.2480937,0.0,0.6994804,0.0,0.5616439,0.35916698,0.0,0.0813093,0.0,0.0,0.8201373,0.55754817,0.0,0.14294638,0.0,0.0,0.14294638,0.0,1.1137604,0.24518418,0.0,1.1137604,0.0,1.0092832,0.40518504,0.0,1.1607499,270.6592,270.6592,269.162,269.162,269.30896,269.30896,270.035,270.035,275.33923,275.33923,272.83185,272.83185,271.77228,271.77228,269.30896,269.30896,269.30896,266.89023,266.89023,266.89023,270.6592,270.6592,270.6592,266.19644,271.21008,266.7114,263.98715,271.21008,266.19644,271.21008,266.7114,263.98715,271.21008,266.19644,271.21008,266.7114,263.98715,271.21008,0.0,0.0,0.0,0.0,0.0,0.0,0.0,0.0,0.0,0.0,0.0,0.0,0.0,0.0,0.0,0.0,0.0,0.0,0.0,0.0,0.81956756,0.37287775,0.5653225,0.84256,1.2818534,1.2487872,0.6979087,0.5653225,0.2564188,0.81956756,0.28911132,1.1156806,0.43349782,0.07564631,1.1156806,0.26493041948141,1.0347009854417297,0.18228162775449167,0.07564630933795555,1.1625499363285015,0.81956756,0.37287775,0.5653225,0.84256,1.2818534,1.2487872,0.6979087,0.5653225,0.2564188,0.81956756,0.28911132,1.1156806,0.43349782,0.07564631,1.1156806,0.26493041948141,1.0347009854417297,0.18228162775449167,0.07564630933795555,1.1625499363285015
2012-02-22 23:00:00,0.0,0.0,0.0,0.0,0.0,0.0,0.0,0.0,0.0,0.0,0.0,0.0,0.0,0.0,0.0,0.0,0.0,0.0,0.0,0.0,0.0,0.0,0.0,0.0,0.0,0.0,0.0,0.0,0.0,0.0,0.0,0.0,0.0,0.0,0.0,0.0,0.0,0.0,0.0,0.8604188,0.0,0.30898362,0.0,0.66231763,0.4736199,1.5066208,0.6728148,1.2854213,0.4226338,1.2146709,0.0,0.53551865,0.0,0.66231763,0.4558869,0.0,0.018795565,0.0,0.0,0.8604188,0.5992067,0.1823838,0.13339448,0.0,0.0,0.13339448,0.7794225,1.1023593,0.22266088,0.0,1.1023593,0.71876764,0.9966324,0.3832146,0.0,1.1494398,270.8729,270.8729,268.98264,268.98264,269.79202,269.79202,272.8012,272.8012,275.3605,275.3605,272.6679,272.6679,271.00925,271.00925,269.79202,269.79202,269.79202,266.38724,266.38724,266.38724,270.8729,270.8729,270.8729,270.80676,271.14633,266.58203,261.08264,271.14633,270.80676,271.14633,266.58203,261.08264,271.14633,270.80676,271.14633,266.58203,261.08264,271.14633,0.0,0.0,0.0,0.0,0.0,0.0,0.0,0.0,0.0,0.0,0.0,0.0,0.0,0.0,0.0,0.0,0.0,0.0,0.0,0.0,0.85984796,0.36237943,0.66192585,1.5080328,1.2853613,1.2154354,0.5339479,0.66192585,0.23063336,0.85984796,0.7866119,1.1043321,0.42033944,0.01195169,1.1043321,0.7208965630747446,1.0239344468936218,0.17895855545250292,0.01195168918241216,1.1512933704546646,0.85984796,0.36237943,0.66192585,1.5080328,1.2853613,1.2154354,0.5339479,0.66192585,0.23063336,0.85984796,0.7866119,1.1043321,0.42033944,0.01195169,1.1043321,0.7208965630747446,1.0239344468936218,0.17895855545250292,0.01195168918241216,1.1512933704546646
2012-03-27 00:00:00,0.0,0.0,0.0,0.0,0.0,0.0,0.0,0.0,0.0,0.0,0.0,0.0,0.0,0.0,0.0,0.0,0.0,0.0,0.0,0.0,0.0,0.0,0.0,0.0,0.0,0.0,0.0,0.0,0.0,0.0,0.0,0.0,0.0,0.0,0.0,0.0,0.0,0.0,0.8160003,2.0556333,0.35966703,1.0421416,0.9054437,2.2142992,0.66744393,1.8089108,1.2177851,2.062525,0.8091015,1.7490096,0.97079176,2.2178066,0.9054437,2.2142992,1.9469163,0.0,0.0,0.0,0.8160003,2.0556333,1.835277,0.27604645,0.80882293,0.61815244,0.0,0.80882293,0.9485688,1.9085404,1.4661287,0.0,1.9085404,0.8966979,1.8911902,1.59616,0.0,1.9491901,277.21323,277.21323,273.06525,273.06525,277.2389,277.2389,274.0577,274.0577,280.07266,280.07266,275.28888,275.28888,278.83813,278.83813,277.2389,277.2389,277.2389,264.99835,264.99835,264.99835,277.21323,277.21323,277.21323,271.66412,275.6543,273.72397,262.75616,275.6543,271.66412,275.6543,273.72397,262.75616,275.6543,271.66412,275.6543,273.72397,262.75616,275.6543,0.0,0.0,0.0,0.0,0.0,0.0,0.0,0.0,0.0,0.0,0.0,0.0,0.0,0.0,0.0,0.0,0.0,0.0,0.0,0.0,2.0550508,1.0434654,2.2138815,1.81032,2.0624652,1.749566,2.2162333,2.2138815,0.15943322,2.0550508,0.9536522,1.908866,1.4677519,0.025583185,1.908866,0.8802128953314341,1.787314610043375,1.3041633785350704,0.025583184700781476,1.949324259537741,2.0550508,1.0434654,2.2138815,1.81032,2.0624652,1.749566,2.2162333,2.2138815,0.15943322,2.0550508,0.9536522,1.908866,1.4677519,0.025583185,1.908866,0.8802128953314341,1.787314610043375,1.3041633785350704,0.025583184700781476,1.949324259537741
2012-03-27 01:00:00,0.0,0.0,0.0,0.0,0.0,0.0,0.0,0.0,0.0,0.0,0.0,0.0,0.0,0.0,0.0,0.0,0.0,0.0,0.0,0.0,0.0,0.0,0.0,0.0,0.0,0.0,0.0,0.0,0.0,0.0,0.0,0.0,0.0,0.0,0.0,0.0,0.0,0.0,0.7336861,1.9508566,0.3243165,0.9723271,0.8010564,2.0707586,0.5568353,1.6364045,1.1583531,1.9777777,0.78025275,1.7091228,0.8902831,2.1066537,0.8010564,2.0707586,1.8090131,0.0,0.0,0.0,0.7336861,1.9508566,1.7269185,0.26218748,0.7858007,0.51546216,0.0,0.7858007,0.92354065,1.8810613,1.3306384,0.0,1.8810613,0.8703699,1.8606987,1.4639955,0.0,1.9219303,276.6574,276.6574,272.67648,272.67648,276.55014,276.55014,273.34067,273.34067,279.55878,279.55878,275.09323,275.09323,278.32086,278.32086,276.55014,276.55014,276.55014,264.41046,264.41046,264.41046,276.6574,276.6574,276.6574,271.53726,275.50064,272.94577,262.11234,275.50064,271.53726,275.50064,272.94577,262.11234,275.50064,271.53726,275.50064,272.94577,262.11234,275.50064,0.0,0.0,0.0,0.0,0.0,0.0,0.0,0.0,0.0,0.0,0.0,0.0,0.0,0.0,0.0,0.0,0.0,0.0,0.0,0.0,1.9502741,0.9742761,2.0703406,1.6378134,1.9777179,1.709679,2.1050806,2.0703406,0.12929545,1.9502741,0.92893565,1.881387,1.3323777,0.020338945,1.881387,0.8566392499555155,1.7612383150964641,1.1243014691269013,0.020338944193267757,1.9220668791025366,1.9502741,0.9742761,2.0703406,1.6378134,1.9777179,1.709679,2.1050806,2.0703406,0.12929545,1.9502741,0.92893565,1.881387,1.3323777,0.020338945,1.881387,0.8566392499555155,1.7612383150964641,1.1243014691269013,0.020338944193267757,1.9220668791025366
2012-03-27 02:00:00,0.0,0.0,0.0,0.0,0.0,0.0,0.0,0.0,0.0,0.0,0.0,0.0,0.0,0.0,0.0,0.0,0.0,0.0,0.0,0.0,0.0,0.0,0.0,0.0,0.0,0.0,0.0,0.0,0.0,0.0,0.0,0.0,0.0,0.0,0.0,0.0,0.0,0.0,0.65646106,1.8525575,0.29620588,0.9168111,0.7145733,1.9518375,0.5003681,1.5483378,1.1346532,1.9439826,0.7665821,1.6902215,0.8359314,2.0316143,0.7145733,1.9518375,1.6947625,0.0,0.0,0.0,0.65646106,1.8525575,1.6252593,0.26188737,0.7445984,0.362228,0.0,0.7445984,0.9229988,1.831883,1.1284598,0.0,1.831883,0.8697999,1.8061291,1.2667797,0.0,1.8731443,276.13596,276.13596,272.36734,272.36734,275.97952,275.97952,272.9746,272.9746,279.35385,279.35385,275.00052,275.00052,277.97165,277.97165,275.97952,275.97952,275.97952,265.2961,265.2961,265.2961,276.13596,276.13596,276.13596,271.53452,275.22565,271.78455,263.1589,275.22565,271.53452,275.22565,271.78455,263.1589,275.22565,271.53452,275.22565,271.78455,263.1589,275.22565,0.0,0.0,0.0,0.0,0.0,0.0,0.0,0.0,0.0,0.0,0.0,0.0,0.0,0.0,0.0,0.0,0.0,0.0,0.0,0.0,1.851975,0.9192571,1.9514198,1.5497483,1.9439226,1.6907777,2.030041,1.9514198,0.17469765,1.851975,0.9284005,1.8322085,1.1308603,0.028863663,1.8322085,0.8561288751458371,1.7145702925013078,0.8563998112948165,0.02886366258757384,1.8732851005322033,1.851975,0.9192571,1.9514198,1.5497483,1.9439226,1.6907777,2.030041,1.9514198,0.17469765,1.851975,0.9284005,1.8322085,1.1308603,0.028863663,1.8322085,0.8561288751458371,1.7145702925013078,0.8563998112948165,0.02886366258757384,1.8732851005322033
2012-03-27 03:00:00,0.0,0.0,0.0,0.0,0.0,0.0,0.0,0.0,0.0,0.0,0.0,0.0,0.0,0.0,0.0,0.0,0.0,0.0,0.0,0.0,0.0,0.0,0.0,0.0,0.0,0.0,0.0,0.0,0.0,0.0,0.0,0.0,0.0,0.0,0.0,0.0,0.0,0.0,0.5886908,1.7662933,0.26253697,0.8503178,0.63680893,1.8449055,0.5081074,1.5604079,1.1754532,2.0021617,0.8704933,1.8338915,0.69012743,1.8303132,0.63680893,1.8449055,1.5920302,0.0,0.15827012,0.004704129,0.5886908,1.7662933,1.5360464,0.27217245,0.70429224,0.19681187,0.0,0.70429224,0.9415727,1.7837741,0.9102087,0.0,1.7837741,0.88933843,1.7527466,1.0538857,0.0,1.8254192,275.67834,275.67834,271.99707,271.99707,275.46643,275.46643,273.02478,273.02478,279.70663,279.70663,275.70523,275.70523,277.03485,277.03485,275.46643,275.46643,275.46643,267.50946,267.50946,267.50946,275.67834,275.67834,275.67834,271.62866,274.95663,270.531,262.5405,274.95663,271.62866,274.95663,270.531,262.5405,274.95663,271.62866,274.95663,270.531,262.5405,274.95663,0.0,0.0,0.0,0.0,0.0,0.0,0.0,0.0,0.0,0.0,0.0,0.0,0.0,0.0,0.0,0.0,0.0,0.0,0.0,0.0,1.7657107,0.8533592,1.8444877,1.561818,2.0021017,1.8344476,1.8287399,1.8444877,0.28816327,1.7657107,0.9467432,1.7840997,0.91332275,0.023826487,1.7840997,0.8736233894553656,1.6689173550719094,0.5672003553774765,0.023826487176650108,1.8255643838417706,1.7657107,0.8533592,1.8444877,1.561818,2.0021017,1.8344476,1.8287399,1.8444877,0.28816327,1.7657107,0.9467432,1.7840997,0.91332275,0.023826487,1.7840997,0.8736233894553656,1.6689173550719094,0.5672003553774765,0.023826487176650108,1.8255643838417706
2012-03-27 04:00:00,0.0,0.0,0.0,0.0,0.0,0.0,0.0,0.0,0.0,0.0,0.0,0.0,0.0,0.0,0.0,0.0,0.0,0.0,0.0,0.0,0.0,0.0,0.0,0.0,0.0,0.0,0.0,0.0,0.0,0.0,0.0,0.0,0.0,0.0,0.0,0.0,0.0,0.0,0.5318533,1.6939454,0.23900789,0.8038498,0.5615006,1.7413507,0.52567124,1.5878007,1.2016839,2.0395658,0.7475206,1.6638668,0.55494887,1.6436816,0.5615006,1.7413507,1.4925423,0.0,0.0,0.0,0.5318533,1.6939454,1.4612253,0.2747196,0.5732458,0.1120863,0.0,0.5732458,0.9461726,1.6273593,0.7984209,0.0,1.6273593,0.8941772,1.5791847,0.9448419,0.0,1.670252,275.29456,275.29456,271.7383,271.7383,274.96954,274.96954,273.13864,273.13864,279.93344,279.93344,274.87125,274.87125,276.16632,276.16632,274.96954,274.96954,274.96954,265.9318,265.9318,265.9318,275.29456,275.29456,275.29456,271.65198,274.082,269.88895,262.09314,274.082,271.65198,274.082,269.88895,262.09314,274.082,271.65198,274.082,269.88895,262.09314,274.082,0.0,0.0,0.0,0.0,0.0,0.0,0.0,0.0,0.0,0.0,0.0,0.0,0.0,0.0,0.0,0.0,0.0,0.0,0.0,0.0,1.6933627,0.8073073,1.7409328,1.5892099,2.0395055,1.6644229,1.6421082,1.7409328,0.20728536,1.6933627,0.9512858,1.6276847,0.8019006,0.02018259,1.6276847,0.8779559045064123,1.5204870446094545,0.4190732896202237,0.020182588916250823,1.6704111518113913,1.6933627,0.8073073,1.7409328,1.5892099,2.0395055,1.6644229,1.6421082,1.7409328,0.20728536,1.6933627,0.9512858,1.6276847,0.8019006,0.02018259,1.6276847,0.8779559045064123,1.5204870446094545,0.4190732896202237,0.020182588916250823,1.6704111518113913
2012-03-27 05:00:00,0.0,0.0,0.0,0.0,0.0,0.0,0.0,0.0,0.0,0.0,0.0,0.0,0.0,0.0,0.0,0.0,0.0,0.0,0.0,0.0,0.0,0.0,0.0,0.0,0.0,0.0,0.0,0.0,0.0,0.0,0.0,0.0,0.0,0.0,0.0,0.0,0.0,0.0,0.47931382,1.6270683,0.25525543,0.8359373,0.4858592,1.6373379,0.56039894,1.6419623,1.1930896,2.0273106,0.72998905,1.6396273,0.4910928,1.55552,0.4858592,1.6373379,1.3926144,0.0,0.0,0.0,0.47931382,1.6270683,1.3920622,0.2622441,0.62016374,0.04468113,0.0,0.62016374,0.923643,1.6833596,0.7094861,0.0,1.6833596,0.87047756,1.6413243,0.8580901,0.0,1.7258056,274.9398,274.9398,271.917,271.917,274.47046,274.47046,273.36377,273.36377,279.85913,279.85913,274.75235,274.75235,275.75604,275.75604,274.47046,274.47046,274.47046,264.2086,264.2086,264.2086,274.9398,274.9398,274.9398,271.53778,274.39514,269.37814,262.0103,274.39514,271.53778,274.39514,269.37814,262.0103,274.39514,271.53778,274.39514,269.37814,262.0103,274.39514,0.0,0.0,0.0,0.0,0.0,0.0,0.0,0.0,0.0,0.0,0.0,0.0,0.0,0.0,0.0,0.0,0.0,0.0,0.0,0.0,1.6264857,0.8391075,1.63692,1.6433713,2.0272505,1.6401834,1.5539467,1.63692,0.11894655,1.6264857,0.92903674,1.6836853,0.71325654,0.01950795,1.6836853,0.8567356540862324,1.573628824639296,0.3012278204132796,0.019507949453891612,1.7259599066566018,1.6264857,0.8391075,1.63692,1.6433713,2.0272505,1.6401834,1.5539467,1.63692,0.11894655,1.6264857,0.92903674,1.6836853,0.71325654,0.01950795,1.6836853,0.8567356540862324,1.573628824639296,0.3012278204132796,0.019507949453891612,1.7259599066566018
2012-03-27 06:00:00,-0.26970693,-0.3043732,-0.072683685,-0.09105456,-0.14771964,-0.16460763,-0.4783887,-0.61810756,-0.47125664,-0.6763137,-0.28564304,-0.37969923,-0.06961109,-0.10115619,-0.14771964,-0.16460763,-0.14586684,0.0,0.0,0.0,-0.26970693,-0.3043732,-0.25618318,0.0,-0.23164621,0.0,0.0,-0.23164621,0.0,-0.2797348,0.0,0.0,-0.2797348,0.0,-0.24632435,0.0,0.0,-0.23864695,0.570441,1.7430631,0.4344307,1.1897936,0.5340636,1.7036227,0.8183776,2.0443087,1.2172099,2.0617049,0.71769094,1.6226236,0.65541136,1.7823831,0.5340636,1.7036227,1.4562958,0.0,0.0,0.0,0.570441,1.7430631,1.512022,0.4136033,0.65795046,0.15645257,0.0,0.65795046,1.196984,1.7284615,0.8569582,0.0,1.7284615,1.1580133,1.6913702,1.0019424,0.0,1.7705477,275.5551,275.5551,273.88745,273.88745,274.7885,274.7885,275.03616,275.03616,280.0677,280.0677,274.66895,274.66895,276.8118,276.8118,274.7885,274.7885,274.7885,265.23447,265.23447,265.23447,275.5551,275.5551,275.5551,272.92328,274.64734,270.22516,262.98322,274.64734,272.92328,274.64734,270.22516,262.98322,274.64734,272.92328,274.64734,270.22516,262.98322,274.64734,0.3618147,0.12362915,0.16944396,0.87136066,0.62423074,0.47263393,0.085628815,0.16944396,0.0,0.3618147,0.0,0.33898053,0.0,0.0,0.33898053,0.0,0.2933717708107615,0.0,0.0,0.33898051559956266,1.7424808,1.190981,1.7032048,2.0457177,2.0616448,1.6231797,1.7808098,1.7032048,0.17153744,1.7424808,1.1989744,1.728787,0.8602465,0.027432602,1.728787,1.1141913914128396,1.6164281297914849,0.49663951821700375,0.027432601649916514,1.7706977402050683,1.380666,1.0673519,1.5337608,1.1743569,1.4374139,1.1505457,1.695181,1.5337608,0.17153744,1.380666,1.1989744,1.3898064,0.8602465,0.027432602,1.3898064,1.1141913914128396,1.3230563589807234,0.49663951821700375,0.027432601649916514,1.4317172246055057
2012-03-27 07:00:00,-1.1457137,-1.327027,-0.33495966,-0.3993108,-0.73327285,-0.85827404,-1.5107471,-2.0828815,-1.0238837,-1.365067,-0.44183284,-0.5569638,-1.1586068,-1.5744295,-0.73327285,-0.85827404,-0.76115364,0.0,0.0,0.0,-1.1457137,-1.327027,-1.198339,-0.29576728,-0.30345827,0.0,0.0,-0.30345827,-0.35540277,-0.35145578,0.0,0.0,-0.35145578,-0.33552393,-0.32508072,0.0,0.0,-0.3147013,0.9935995,2.2816978,0.5406571,1.3995821,0.9119052,2.2231843,1.1349937,2.5381062,1.3280617,2.2197747,0.7075437,1.6085936,1.3381207,2.7249515,0.9119052,2.2231843,1.9554524,0.04407993,0.47383168,0.3692954,0.9935995,2.2816978,2.0690687,0.585436,0.6098666,0.42953244,0.0,0.6098666,1.5072985,1.6710691,1.2172619,0.0,1.6710691,1.4844424,1.6276865,1.353402,0.0,1.7136132,278.41245,278.41245,275.05566,275.05566,277.28152,277.28152,277.08868,277.08868,281.02618,281.02618,274.60013,274.60013,281.19824,281.19824,277.28152,277.28152,277.28152,270.0485,270.0485,270.0485,278.41245,278.41245,278.41245,274.4962,274.32642,272.2946,265.35126,274.32642,274.4962,274.32642,272.2946,265.35126,274.32642,274.4962,274.32642,272.2946,265.35126,274.32642,1.48495,0.51678944,0.8743546,2.6535769,1.2648965,0.68167657,1.554045,0.8743546,0.0,1.48495,0.4792694,0.42035672,0.0,0.0,0.42035672,0.38029913886992656,0.3895184825144722,0.0,0.0,0.4203567251782755,2.2811153,1.4007695,2.2227664,2.5395153,2.2197146,1.6091499,2.7233782,2.2227664,0.47712207,2.2811153,1.5087318,1.6713947,1.219372,0.18091746,1.6713947,1.4097785146045814,1.5619657032449674,0.9740692656415519,0.18091746060706013,1.7137685221997832,0.79616547,0.88398004,1.3484118,-0.11406168,0.9548182,0.9274733,1.1693331,1.3484118,0.47712207,0.79616547,1.0294625,1.251038,1.219372,0.18091746,1.251038,1.0294793757346548,1.1724472207304952,0.9740692656415519,0.18091746060706013,1.2934117970215078
2012-03-27 08:00:00,-2.6281598,-3.0957856,-0.46778765,-0.5630622,-1.9532937,-2.351751,-2.8960724,-4.0309167,-1.541736,-1.9741013,-0.5543654,-0.68029594,-2.4306107,-3.0709703,-1.9532937,-2.351751,-2.2111592,0.0,0.0,0.0,-2.6281598,-3.0957856,-3.0003726,-0.51668656,-0.39538312,-0.505022,0.0,-0.39538312,-0.60624796,-0.4484763,-0.61665946,0.0,-0.4484763,-0.6042619,-0.42617792,-0.52874494,0.0,-0.4124441,1.3131026,2.6883907,0.5628986,1.4435072,1.3567853,2.8349292,1.5190547,3.1370916,1.521463,2.4955568,0.7172994,1.6220822,1.6923686,3.2140362,1.3567853,2.8349292,2.5431716,0.23641595,0.7761675,0.718606,1.3131026,2.6883907,2.4896636,0.6523074,0.6246539,0.6711728,0.050076574,0.6246539,1.6280622,1.6887188,1.5360844,0.41357678,1.6887188,1.6114774,1.6472709,1.6643984,0.020091921,1.7311221,280.56985,280.56985,275.30026,275.30026,280.21686,280.21686,279.57843,279.57843,282.69846,282.69846,274.6663,274.6663,283.4743,283.4743,280.21686,280.21686,280.21686,272.4811,272.4811,272.4811,280.56985,280.56985,280.56985,275.1083,274.4251,274.12576,268.9242,274.4251,275.1083,274.4251,274.12576,268.9242,274.4251,275.1083,274.4251,274.12576,268.9242,274.4251,3.3022234,0.70895725,2.3819578,4.7836914,1.8490047,0.824436,3.0653458,2.3819578,0.0,3.3022234,0.7975624,0.53114516,0.8558101,0.0,0.53114516,0.6648579733334317,0.5099929890159742,0.9131480677369976,0.0,0.5311451809006176,2.6878083,1.4446946,2.8345113,3.1385012,2.4954967,1.6226383,3.2124631,2.8345113,0.7775436,2.6878083,1.6294956,1.6890446,1.5377074,0.45835295,1.6890446,1.525027681637203,1.5787146084799846,1.3970885802936202,0.47378404835003823,1.7312760432181449,-0.61441517,0.7357374,0.4525534,-1.6451904,0.6464921,0.7982024,0.14711733,0.4525534,0.7775436,-0.61441517,0.83193326,1.1578994,0.68189734,0.45835295,1.1578994,0.8601697083037714,1.0687216194640103,0.4839405125566225,0.47378404835003823,1.2001308623175273
2012-03-27 09:00:00,-4.0151963,-4.669388,-0.5829636,-0.72787875,-3.1445522,-3.7436318,-4.134124,-5.710644,-1.8921856,-2.3678594,-0.6981945,-0.8451958,-3.4925096,-4.223513,-3.1445522,-3.7436318,-3.5885062,-0.29360175,-0.3446852,-0.3540757,-4.0151963,-4.669388,-4.604281,-0.6909648,-0.5033697,-0.86919236,0.0,-0.5033697,-0.8454938,-0.5649589,-1.0478715,0.0,-0.5649589,-0.83300793,-0.54465777,-0.9225724,0.0,-0.52703875,1.5993738,3.0527828,0.5876293,1.4923482,1.7092667,3.3196187,1.8609502,3.6703157,1.6593573,2.6921883,0.7544234,1.6734105,1.97451,3.6035695,1.7092667,3.3196187,3.0088253,0.39547583,1.0261962,1.0074824,1.5993738,3.0527828,2.8665113,0.698672,0.65845346,0.7498177,0.46184194,0.65845346,1.7117926,1.7290616,1.6398487,1.089696,1.7290616,1.699556,1.6920362,1.7656159,0.8970171,1.7711431,282.50287,282.50287,275.57224,275.57224,282.54254,282.54254,281.79483,281.79483,283.89078,283.89078,274.91806,274.91806,285.28708,285.28708,282.54254,282.54254,282.54254,274.49286,274.49286,274.49286,282.50287,282.50287,282.50287,275.5327,274.6507,274.72174,272.8104,274.6507,275.5327,274.6507,274.72174,272.8104,274.6507,275.5327,274.6507,274.72174,272.8104,274.6507,4.890894,0.8928661,3.787604,6.4740043,2.234603,1.0154961,4.236684,3.787604,0.46795538,4.890894,1.0754415,0.6642121,1.4259635,0.0,0.6642121,0.9269875909132803,0.6494856338501254,1.5418603771304875,0.0,0.6642121203932476,3.0522003,1.4935356,3.3192005,3.671725,2.6921282,1.6739669,3.601996,3.3192005,1.0270458,3.0522003,1.713226,1.7293873,1.641472,1.0918161,1.7293873,1.604934460275286,1.616997820445737,1.534923630053814,1.1501740609432303,1.7712932341172576,-1.8386936,0.60066956,-0.46840364,-2.8022792,0.4575252,0.6584707,-0.63468784,-0.46840364,0.5590905,-1.8386936,0.6377845,1.065175,0.21550845,1.0918161,1.065175,0.6779468693620057,0.9675121865956116,-0.006936747076673466,1.1501740609432303,1.10708111372401
2012-03-27 10:00:00,-5.140525,-5.9105287,-0.6822551,-0.8781247,-4.0999756,-4.8234673,-5.0685477,-6.951391,-2.171734,-2.6834457,-0.8071515,-0.9702483,-4.3399024,-5.117683,-4.0999756,-4.8234673,-4.6586432,-0.4629274,-0.54265374,-0.5644447,-5.140525,-5.9105287,-5.8664513,-1.2537159,-0.5810793,-1.1045065,-0.022436116,-0.5810793,-1.6893661,-0.64861834,-1.3228426,-0.027410518,-0.64861834,-1.5679915,-0.630112,-1.1808667,-0.025912082,-0.60969377,1.854528,3.3775666,0.6124571,1.5413811,2.0242603,3.752759,2.1624408,4.140524,1.8104836,2.9076874,0.78455913,1.7150769,2.2406163,3.9709635,2.0242603,3.752759,3.4249551,0.4516551,1.1145052,1.1095122,1.854528,3.3775666,3.2023966,0.8969557,0.68372536,0.7980862,0.50274587,0.68372536,2.0698752,1.7592258,1.7035347,1.1568604,1.7592258,2.076234,1.725507,1.8277385,0.9841292,1.8010666,284.22577,284.22577,275.84528,275.84528,284.62088,284.62088,283.7493,283.7493,285.1975,285.1975,275.12244,275.12244,286.99683,286.99683,284.62088,284.62088,284.62088,275.2034,275.2034,275.2034,284.22577,284.22577,284.22577,277.34775,274.81937,275.08752,273.19644,274.81937,277.34775,274.81937,275.08752,273.19644,274.81937,277.34775,274.81937,275.08752,273.19644,274.81937,6.1292057,1.0572802,4.8822412,7.633815,2.5541399,1.1591917,5.1515245,4.8822412,0.7212453,6.1292057,2.0096314,0.759173,1.7798567,0.0396771,0.759173,1.778284942552323,0.7493798216256342,1.9356598682260842,0.03967709689926943,0.7591729691461547,3.376984,1.5425686,3.7523415,4.141933,2.9076273,1.7156332,3.9693902,3.7523415,1.1153549,3.376984,2.0713089,1.7595514,1.7051578,1.1586703,1.7595514,1.9466656502875093,1.6456221863189398,1.6195204300141648,1.2174107464738806,1.8012140964142536,-2.7522216,0.48528838,-1.1298999,-3.4918818,0.3534874,0.5564415,-1.1821343,-1.1298999,0.39410955,-2.7522216,0.061677378,1.0003785,-0.07469893,1.1189932,1.0003785,0.1683807077351862,0.8962423646933055,-0.31613943821191937,1.1777336495746111,1.042041127268099
2012-03-27 11:00:00,-5.8897066,-6.7299256,-1.0307407,-1.4459989,-4.639885,-5.421034,-5.7065434,-7.7912993,-2.3543305,-2.8887033,-1.1632539,-1.410815,-5.005515,-5.8315296,-4.639885,-5.421034,-5.252015,-0.6273448,-0.7698249,-0.7780163,-5.8897066,-6.7299256,-6.6980505,-1.1166679,-0.60846055,-1.1513643,0.0,-0.60846055,-1.4749827,-0.6776113,-1.3752887,0.0,-0.6776113,-1.3946673,-0.66043943,-1.2346436,0.0,-0.63902414,2.054892,3.6326077,0.73089343,1.7752831,2.2273228,4.031986,2.427076,4.5532517,1.9272861,3.0742424,0.91404766,1.8941106,2.5377908,4.3812513,2.2273228,4.031986,3.6932158,0.50525254,1.1987557,1.2068532,2.054892,3.6326077,3.4661565,0.8359422,0.6914117,0.8051094,0.489039,0.6914117,1.9596901,1.7684001,1.7128011,1.1343536,1.7684001,1.9603268,1.735687,1.8367776,0.95493805,1.8101678,285.5787,285.5787,277.14777,277.14777,285.9607,285.9607,285.46484,285.46484,286.20746,286.20746,276.0006,276.0006,288.9062,288.9062,285.9607,285.9607,285.9607,275.8813,275.8813,275.8813,285.5787,285.5787,285.5787,276.78925,274.87067,275.14075,273.06708,274.87067,276.78925,274.87067,275.14075,273.06708,274.87067,276.78925,274.87067,275.14075,273.06708,274.87067,6.93882,1.6649678,5.4908442,8.35518,2.7679803,1.6562811,5.8894734,5.4908442,0.9893939,6.93882,1.7770437,0.79183614,1.8460331,0.0,0.79183614,1.5762534182735155,0.7847814243962071,2.016836788450775,0.0,0.7918361261793944,3.6320255,1.7764705,4.031568,4.554661,3.0741827,1.8946669,4.379678,4.031568,1.1996055,3.6320255,1.9611233,1.7687256,1.7144243,1.1362393,1.7687256,1.8415118460266653,1.6543280953171042,1.631829525553198,1.1948516102502773,1.810314326108708,-3.3067946,0.111502744,-1.4592761,-3.8005192,0.30620235,0.23838572,-1.5097955,-1.4592761,0.2102116,-3.3067946,0.18407968,0.97688955,-0.13160883,1.1362393,0.97688955,0.2652584277531498,0.8695466709208971,-0.3850072628975769,1.1948516102502773,1.0184781999293135
2012-03-27 12:00:00,-6.1702337,-7.047207,-0.9801703,-1.3628922,-5.0157604,-5.8513803,-5.983206,-8.163663,-2.4321196,-2.9820786,-0.9648808,-1.1635422,-5.2595506,-6.1217046,-5.0157604,-5.8513803,-5.6795435,-0.7073396,-0.8813299,-0.88131535,-6.1702337,-7.047207,-7.018514,-0.75669664,-0.6133677,-1.1498141,0.0,-0.6133677,-0.9256381,-0.683121,-1.3740573,0.0,-0.683121,-0.92542326,-0.66574734,-1.2323562,0.0,-0.64416033,2.1556864,3.7609084,0.7120874,1.7381426,2.4349504,4.31749,2.604857,4.8305206,2.0062532,3.1868463,0.83880067,1.7900726,2.723189,4.6372175,2.4349504,4.31749,3.9675071,0.53320825,1.2427,1.2576249,2.1556864,3.7609084,3.5988421,0.7062433,0.69372076,0.8054759,0.48230684,0.69372076,1.7254655,1.7711562,1.7132846,1.1232995,1.7711562,1.713939,1.7387453,1.8372492,0.9406007,1.8129019,286.2593,286.2593,276.94095,276.94095,287.33063,287.33063,286.61734,286.61734,286.89026,286.89026,275.4903,275.4903,290.09738,290.09738,287.33063,287.33063,287.33063,276.23486,276.23486,276.23486,286.2593,286.2593,286.2593,275.60202,274.88608,275.14352,273.00354,274.88608,275.60202,274.88608,275.14352,273.00354,274.88608,275.60202,274.88608,275.14352,273.00354,274.88608,7.2493343,1.5770394,5.934368,8.633679,2.8709118,1.3789046,6.194459,5.934368,1.1185286,7.2493343,1.1673441,0.7981275,1.8446192,0.0,0.7981275,1.025258822825359,0.7909083423809256,2.013191125965013,0.0,0.7981274519591945,3.7603257,1.7393302,4.3170724,4.8319297,3.1867864,1.7906287,4.635644,4.3170724,1.2435495,3.7603257,1.726899,1.7714818,1.7149078,1.1252431,1.7714818,1.6179831619569633,1.6569434933207166,1.6324718006071266,1.1837924427722994,1.8130481845237583,-3.4890087,0.16229075,-1.6172957,-3.80175,0.31587467,0.41172415,-1.558815,-1.6172957,0.12502086,-3.4890087,0.55955493,0.9733543,-0.12971142,1.1252431,0.9733543,0.5927243391316044,0.866035150939791,-0.38071932535788644,1.1837924427722994,1.0149207325645637
2012-03-27 13:00:00,-6.262136,-7.194701,-0.67891145,-0.8718073,-4.995591,-5.8565626,-5.8193994,-7.9760776,-2.4062965,-2.9656603,-0.980525,-1.1883036,-5.20923,-6.1230392,-4.995591,-5.8565626,-5.6840854,-0.5816493,-0.70821464,-0.7177249,-6.262136,-7.194701,-7.1628356,-0.60995376,-0.8050272,-1.1494473,0.0,-0.8050272,-0.7063251,-0.9015678,-1.3803226,0.0,-0.9015678,-0.7319951,-0.87371486,-1.2276756,0.0,-0.84551173,2.259735,3.893351,0.6108004,1.5381093,2.4984736,4.4048395,2.609056,4.83707,2.0371568,3.2309136,0.85266477,1.8092413,2.8309665,4.7860174,2.4984736,4.4048395,4.051426,0.4916632,1.1773944,1.1821728,2.259735,3.893351,3.735812,0.6599354,0.78716785,0.8113433,0.48068368,0.78716785,1.6418376,1.8826932,1.7210262,1.1206341,1.8826932,1.6259681,1.8625095,1.8448007,0.9371438,1.9235492,286.96188,286.96188,275.82706,275.82706,287.74976,287.74976,286.64456,286.64456,287.15747,287.15747,275.58432,275.58432,290.78986,290.78986,287.74976,287.74976,287.74976,275.7094,275.7094,275.7094,286.96188,286.96188,286.96188,275.17813,275.50977,275.188,272.98822,275.50977,275.17813,275.50977,275.188,272.98822,275.50977,275.17813,275.50977,275.188,272.98822,275.50977,7.388977,1.0504558,5.9443965,8.448345,2.8609219,1.4073933,6.2026815,5.9443965,0.91732496,7.388977,0.9181132,1.0450239,1.8531842,0.0,1.0450239,0.7956277307886748,1.0298673773506997,2.004518798310335,0.0,1.04404971485256,3.8927681,1.5392967,4.404422,4.8384786,3.2308536,1.8097975,4.7844443,4.404422,1.1782441,3.8927681,1.6432711,1.8830189,1.7226493,1.1225917,1.8830189,1.5381740618431377,1.7627868378748406,1.6427552594376147,1.1811259192017207,1.923685539827487,-3.496209,0.4888409,-1.5399748,-3.6098669,0.3699318,0.40240428,-1.4182372,-1.5399748,0.26091918,-3.496209,0.7251579,0.83799493,-0.13053492,1.1225917,0.83799493,0.7425463310544629,0.7329194605241409,-0.3617635388727205,1.1811259192017207,0.879635824974927
2012-03-27 14:00:00,-5.8680806,-6.831587,-0.5223278,-0.6247631,-4.7919335,-5.6840787,-5.470292,-7.566976,-2.299503,-2.8678257,-0.92506653,-1.129812,-4.918254,-5.913779,-4.7919335,-5.6840787,-5.511359,-0.46825972,-0.5556507,-0.56877506,-5.8680806,-6.831587,-6.786001,-0.5247977,-0.57454914,-1.1085811,0.0,-0.57454914,-0.60849106,-0.64545006,-1.3428804,0.0,-0.64545006,-0.6236226,-0.62145287,-1.1742594,0.0,-0.6013559,2.2452452,3.8749068,0.5653767,1.4484011,2.5507715,4.476753,2.6091688,4.837246,2.0536077,3.2543714,0.8488668,1.8039902,2.935542,4.9303975,2.5507715,4.476753,4.1205153,0.4582495,1.124871,1.1214886,2.2452452,3.8749068,3.716738,0.636668,0.6936979,0.8147985,0.48458004,0.6936979,1.599819,1.7711289,1.725585,1.1270318,1.7711289,1.5817676,1.7387152,1.8492477,0.9454418,1.8128748,286.86404,286.86404,275.3275,275.3275,288.09482,288.09482,286.6453,286.6453,287.2997,287.2997,275.55856,275.55856,291.46176,291.46176,288.09482,288.09482,288.09482,275.2868,275.2868,275.2868,286.86404,286.86404,286.86404,274.96515,274.88593,275.21417,273.025,274.88593,274.96515,274.88593,275.21417,273.025,274.88593,274.96515,274.88593,275.21417,273.025,274.88593,7.026565,0.7799055,5.7765474,8.0466175,2.7704575,1.3422692,5.9973316,5.7765474,0.7365025,7.026565,0.7982702,0.7566815,1.8074962,0.0,0.7566815,0.6823615965413161,0.7384915986014361,1.9208033617847906,0.0,0.7566814982438185,3.8743246,1.4495887,4.4763355,4.8386545,3.2543116,1.8045465,4.928825,4.4763355,1.1257207,3.8743246,1.6012524,1.7714545,1.7272081,1.1289561,1.7714545,1.49807415473771,1.656917598290978,1.6488109956603734,1.1875266381310978,1.813021116618659,-3.1522408,0.6696831,-1.3002123,-3.207963,0.48385403,0.46227726,-1.0685067,-1.3002123,0.38921815,-3.1522408,0.8029822,1.0147729,-0.08028803,1.1289561,1.0147729,0.815712558196394,0.918425999689542,-0.27199236612441724,1.1875266381310978,1.0563396183748406
2012-03-27 15:00:00,-5.1603556,-6.146754,-0.47075766,-0.564807,-4.2797093,-5.183491,-4.7690806,-6.70872,-2.0232728,-2.579178,-0.8155497,-1.0108263,-4.276981,-5.356762,-4.2797093,-5.183491,-5.011808,-0.35894853,-0.42488304,-0.42817512,-5.1603556,-6.146754,-6.077697,-0.46262866,-0.5068626,-1.0095559,0.0,-0.5068626,-0.5428319,-0.5759568,-1.2417026,0.0,-0.5759568,-0.54102564,-0.54601157,-1.0526433,0.0,-0.5284285,2.2122798,3.8329456,0.56204677,1.4418249,2.5383801,4.459715,2.5591135,4.7591786,1.978512,3.1472888,0.83880067,1.7900726,2.9799666,4.9917316,2.5383801,4.459715,4.1041455,0.42831767,1.0778208,1.067128,2.2122798,3.8329456,3.6733422,0.6288833,0.68480897,0.8160669,0.46571892,0.68480897,1.5857606,1.7605194,1.7272587,1.0960621,1.7605194,1.5669792,1.7269424,1.8508803,0.9052739,1.80235,286.64145,286.64145,275.2909,275.2909,288.01306,288.01306,286.3208,286.3208,286.6504,286.6504,275.4903,275.4903,291.7472,291.7472,288.01306,288.01306,288.01306,274.90823,274.90823,274.90823,286.64145,286.64145,286.64145,274.8939,274.8266,275.2238,272.847,274.8266,274.8939,274.8266,275.2238,272.847,274.8266,274.8939,274.8266,275.2238,272.847,274.8266,6.341633,0.7112265,5.276314,7.2170105,2.4822779,1.2086146,5.4354005,5.276314,0.5738033,6.341633,0.71732825,0.6788358,1.6819056,0.0,0.6788358,0.5980379620200543,0.6495435408587751,1.7302803292569564,0.0,0.6788358083152252,3.8323631,1.4430122,4.4592967,4.7605877,3.1472287,1.7906287,4.9901586,4.4592967,1.0786704,3.8323631,1.587194,1.7608448,1.7288818,1.0981487,1.7608448,1.4846577221411816,1.6468496107285557,1.6510342554624347,1.156542909072959,1.8024971151159699,-2.5092697,0.73178566,-0.8170171,-2.456423,0.6649507,0.58201414,-0.4452415,-0.8170171,0.5048671,-2.5092697,0.8698658,1.0820091,0.046976306,1.0981487,1.0820091,0.8866197601211273,0.9973060698697807,-0.07924607379452175,1.156542909072959,1.1236613068007446
2012-03-27 16:00:00,-3.9617455,-4.8955507,-0.48088083,-0.6312767,-3.3402002,-4.184583,-3.4724534,-5.034025,-1.6030087,-2.1247816,-0.6420929,-0.8209015,-3.1702116,-4.2555585,-3.3402002,-4.184583,-4.0194864,-0.23912144,-0.28918162,-0.27750096,-3.9617455,-4.8955507,-4.7929645,-0.604003,-0.41215056,-0.9504755,0.0,-0.41215056,-0.7880454,-0.47918883,-1.215027,0.0,-0.47918883,-0.7021111,-0.44109678,-0.9667883,0.0,-0.42704043,2.140754,3.7419007,0.6038574,1.5243974,2.4497097,4.337785,2.4276407,4.554133,1.9271591,3.0740612,0.83426476,1.7838011,2.9500003,4.95036,2.4497097,4.337785,3.9870052,0.397493,1.029367,1.0111458,2.140754,3.7419007,3.579185,0.739659,0.68560004,0.8667397,0.3664727,0.68560004,1.7858113,1.7614634,1.7941166,0.9330995,1.7614634,1.7774185,1.7279899,1.916097,0.69391197,1.8032864,286.15848,286.15848,275.7507,275.7507,287.428,287.428,285.4685,285.4685,286.20636,286.20636,275.45953,275.45953,291.55466,291.55466,287.428,287.428,287.428,274.51837,274.51837,274.51837,286.15848,286.15848,286.15848,275.9079,274.83188,275.6078,271.9103,274.83188,275.9079,274.83188,275.6078,271.9103,274.83188,275.9079,274.83188,275.6078,271.9103,274.83188,5.083657,0.78015655,4.2710867,5.5598216,2.0418775,0.9924525,4.3172846,4.2710867,0.39815915,5.083657,1.0029817,0.57001567,1.6486624,0.0,0.57001567,0.8128481375355007,0.5246697416142487,1.5791915862103258,0.0,0.5700156830926142,3.7413182,1.5255848,4.3373675,4.5555415,3.0740016,1.7843573,4.9487863,4.3373675,1.0302167,3.7413182,1.7872448,1.7617891,1.7957398,0.9360418,1.7617891,1.6755732707000068,1.6477455787575164,1.739844662095264,0.9935078334718177,1.8034336646324132,-1.3423387,0.7454283,0.06628094,-1.00428,1.0321239,0.7919048,0.6315018,0.06628094,0.63205755,-1.3423387,0.78426313,1.1917733,0.14707737,0.9360418,1.1917733,0.8627251331645062,1.1230758371432676,0.16065307588493805,0.9935078334718177,1.233417981539799
2012-03-27 17:00:00,-1.8803936,-2.4595351,-0.1484445,-0.18553416,-1.662284,-2.1958718,-1.0698488,-1.6429123,-0.76073,-1.0921239,-0.26975536,-0.37141162,-1.3620926,-2.063986,-1.662284,-2.1958718,-2.070955,0.0,0.0,0.0,-1.8803936,-2.4595351,-2.3435688,-0.22228537,-0.20867208,-0.20154357,0.0,-0.20867208,-0.28175682,-0.25631702,-0.27346706,0.0,-0.25631702,-0.23715198,-0.2216081,-0.1917044,0.0,-0.21478024,1.9512367,3.500666,0.5018434,1.3229282,2.1989286,3.9929416,2.04406,3.955896,1.7286963,2.7910626,0.82570595,1.7719675,2.775351,4.7092338,2.1989286,3.9929416,3.6557045,0.06660906,0.5092455,0.41021162,1.9512367,3.500666,3.3297043,0.6518807,0.70764834,0.695287,0.07793975,0.70764834,1.6272914,1.7877799,1.5679007,0.45932823,1.7877799,1.6106668,1.7571914,1.6954339,0.079431355,1.829393,284.87878,284.87878,274.6288,274.6288,285.77335,285.77335,282.98187,282.98187,284.49033,284.49033,275.4015,275.4015,290.43253,290.43253,285.77335,285.77335,285.77335,270.33344,270.33344,270.33344,284.87878,284.87878,284.87878,275.1044,274.97903,274.3085,269.18716,274.97903,275.1044,274.97903,274.3085,269.18716,274.97903,275.1044,274.97903,274.3085,269.18716,274.97903,2.598892,0.24796288,2.254857,1.9509244,1.0410076,0.46153077,2.0900273,2.254857,0.0,2.598892,0.38597462,0.31146523,0.39755768,0.0,0.31146523,0.27449741964925906,0.26252791575613665,0.3377933311496821,0.0,0.3114652471702327,3.5000834,1.3241156,3.9925237,3.957305,2.7910025,1.7725238,4.70766,3.9925237,0.5123117,3.5000834,1.628725,1.7881056,1.5695238,0.480419,1.7881056,1.5242922198075002,1.6727187454375572,1.4393516904356674,0.5195380418147963,1.8295379523103787,0.9011917,1.0761528,1.7376666,2.0063803,1.7499948,1.310993,2.6176329,1.7376666,0.5123117,0.9011917,1.2427504,1.4766403,1.1719662,0.480419,1.4766403,1.249794800158241,1.4101908296814205,1.1015583592859852,0.5195380418147963,1.518072705140146
2012-03-27 18:00:00,0.0,0.0,0.0,0.0,0.0,0.0,0.0,0.0,0.0,0.0,0.0,0.0,0.0,0.0,0.0,0.0,0.0,0.0,0.0,0.0,0.0,0.0,0.0,0.0,0.0,0.0,0.0,0.0,0.0,0.0,0.0,0.0,0.0,0.0,0.0,0.0,0.0,0.0,1.4620029,2.8779244,0.09468368,0.5188214,1.7536782,3.3806882,1.682953,3.3927093,1.5100774,2.4793212,0.85271424,1.8093098,1.9522052,3.5727742,1.7536782,3.3806882,3.0674965,0.0,0.0,0.0,1.4620029,2.8779244,2.6856756,0.3947101,0.685033,0.4799554,0.0,0.685033,1.1628644,1.7607868,1.2837902,0.0,1.7607868,1.1221219,1.7272391,1.4182973,0.0,1.8026152,281.5753,281.5753,270.15112,270.15112,282.83557,282.83557,280.64093,280.64093,282.6,282.6,275.58466,275.58466,285.14377,285.14377,282.83557,282.83557,282.83557,265.53094,265.53094,265.53094,281.5753,281.5753,281.5753,272.75034,274.8281,272.6767,266.35373,274.8281,272.75034,274.8281,272.6767,266.35373,274.8281,272.75034,274.8281,272.6767,266.35373,274.8281,0.0,0.0,0.0,0.0,0.0,0.0,0.0,0.0,0.0,0.0,0.0,0.0,0.0,0.0,0.0,0.0,0.0,0.0,0.0,0.0,2.877342,0.5248312,3.38027,3.3941185,2.479261,1.809866,3.571201,3.38027,0.18673618,2.877342,1.1652797,1.7611123,1.285683,0.25828055,1.7611123,1.082054790896763,1.6471033820199954,1.0622245482284884,0.25828053468117407,1.8027623805859452,2.877342,0.5248312,3.38027,3.3941185,2.479261,1.809866,3.571201,3.38027,0.18673618,2.877342,1.1652797,1.7611123,1.285683,0.25828055,1.7611123,1.082054790896763,1.6471033820199954,1.0622245482284884,0.25828053468117407,1.8027623805859452
2012-03-27 19:00:00,0.0,0.0,0.0,0.0,0.0,0.0,0.0,0.0,0.0,0.0,0.0,0.0,0.0,0.0,0.0,0.0,0.0,0.0,0.0,0.0,0.0,0.0,0.0,0.0,0.0,0.0,0.0,0.0,0.0,0.0,0.0,0.0,0.0,0.0,0.0,0.0,0.0,0.0,1.2224182,2.5729594,0.07547245,0.48088083,1.5103205,3.0460522,1.6275356,3.3062801,1.4179983,2.3480203,0.8515803,1.8077421,1.6625922,3.1729262,1.5103205,3.0460522,2.7460032,0.075973466,0.5239656,0.42721874,1.2224182,2.5729594,2.3702865,0.39163953,0.66686213,0.42362875,0.0,0.66686213,1.1573197,1.7390982,1.2094727,0.0,1.7390982,1.1162891,1.7031729,1.3458039,0.0,1.7810996,279.95752,279.95752,269.93985,269.93985,281.2299,281.2299,280.28168,280.28168,281.80383,281.80383,275.57697,275.57697,283.283,283.283,281.2299,281.2299,281.2299,270.45187,270.45187,270.45187,279.95752,279.95752,279.95752,272.72223,274.70682,272.24985,265.5356,274.70682,272.72223,274.70682,272.24985,265.5356,274.70682,272.72223,274.70682,272.24985,265.5356,274.70682,0.0,0.0,0.0,0.0,0.0,0.0,0.0,0.0,0.0,0.0,0.0,0.0,0.0,0.0,0.0,0.0,0.0,0.0,0.0,0.0,2.572377,0.48723036,3.0456343,3.307689,2.3479605,1.8082981,3.171353,3.0456343,0.52693856,2.572377,1.1598037,1.7394238,1.2116082,0.1951447,1.7394238,1.0768319553443884,1.6265220123836455,0.9637477542389125,0.19514469219650651,1.7812488096128565,2.572377,0.48723036,3.0456343,3.307689,2.3479605,1.8082981,3.171353,3.0456343,0.52693856,2.572377,1.1598037,1.7394238,1.2116082,0.1951447,1.7394238,1.0768319553443884,1.6265220123836455,0.9637477542389125,0.19514469219650651,1.7812488096128565
2012-03-27 20:00:00,0.0,0.0,0.0,0.0,0.0,0.0,0.0,0.0,0.0,0.0,0.0,0.0,0.0,0.0,0.0,0.0,0.0,0.0,0.0,0.0,0.0,0.0,0.0,0.0,0.0,0.0,0.0,0.0,0.0,0.0,0.0,0.0,0.0,0.0,0.0,0.0,0.0,0.0,1.0940052,2.4095037,0.102500804,0.53425956,1.330338,2.798562,1.5439953,3.1759896,1.3146676,2.2006752,0.8503969,1.8061055,1.5354027,2.9973245,1.330338,2.798562,2.508233,0.0,0.34282273,0.21793123,1.0940052,2.4095037,2.201243,0.5729105,0.66477257,0.40681973,0.0,0.66477257,1.4846786,1.7366041,1.1872946,0.0,1.7366041,1.4606478,1.7004056,1.3241702,0.0,1.7786255,279.09042,279.09042,270.2371,270.2371,280.04236,280.04236,279.7401,279.7401,280.91037,280.91037,275.56894,275.56894,282.4658,282.4658,280.04236,280.04236,280.04236,268.9944,268.9944,268.9944,279.09042,279.09042,279.09042,274.38153,274.69287,272.12247,265.1048,274.69287,274.38153,274.69287,272.12247,265.1048,274.69287,274.38153,274.69287,272.12247,265.1048,274.69287,0.0,0.0,0.0,0.0,0.0,0.0,0.0,0.0,0.0,0.0,0.0,0.0,0.0,0.0,0.0,0.0,0.0,0.0,0.0,0.0,2.408921,0.54013115,2.7981443,3.1773987,2.2006154,1.8066618,2.9957514,2.7981443,0.36862755,2.408921,1.486112,1.7369297,1.1895027,0.16189757,1.7369297,1.3881915607436999,1.6241552066655245,0.934360313178464,0.1618975760984741,1.7787748030867614,2.408921,0.54013115,2.7981443,3.1773987,2.2006154,1.8066618,2.9957514,2.7981443,0.36862755,2.408921,1.486112,1.7369297,1.1895027,0.16189757,1.7369297,1.3881915607436999,1.6241552066655245,0.934360313178464,0.1618975760984741,1.7787748030867614
2012-03-27 21:00:00,0.0,0.0,0.0,0.0,0.0,0.0,0.0,0.0,0.0,0.0,0.0,0.0,0.0,0.0,0.0,0.0,0.0,0.0,0.0,0.0,0.0,0.0,0.0,0.0,0.0,0.0,0.0,0.0,0.0,0.0,0.0,0.0,0.0,0.0,0.0,0.0,0.0,0.0,0.9836158,2.2689898,0.17121498,0.6699645,1.1786621,2.5899956,1.4598054,3.0446863,1.3115511,2.1962314,0.85283124,1.8094716,1.5259268,2.984242,1.1786621,2.5899956,2.3078578,0.0,0.010777459,0.0,0.9836158,2.2689898,2.0559263,0.36367813,0.6733459,0.3861528,0.0,0.6733459,1.1068237,1.7468373,1.1600264,0.0,1.7468373,1.0631709,1.7117604,1.2975714,0.0,1.7887769,278.34503,278.34503,270.99277,270.99277,279.0416,279.0416,279.19434,279.19434,280.88342,280.88342,275.58545,275.58545,282.4049,282.4049,279.0416,279.0416,279.0416,266.32272,266.32272,266.32272,278.34503,278.34503,278.34503,272.46628,274.7501,271.96585,265.70053,274.7501,272.46628,274.7501,271.96585,265.70053,274.7501,272.46628,274.7501,271.96585,265.70053,274.7501,0.0,0.0,0.0,0.0,0.0,0.0,0.0,0.0,0.0,0.0,0.0,0.0,0.0,0.0,0.0,0.0,0.0,0.0,0.0,0.0,2.2684073,0.6746208,2.589578,3.0460951,2.1961713,1.8100277,2.9826689,2.589578,0.2273261,2.2684073,1.1099366,1.7471627,1.1623238,0.20787172,1.7471627,1.0292706939135898,1.633865842817552,0.8982279826748174,0.20787171744222205,1.788925267499077,2.2684073,0.6746208,2.589578,3.0460951,2.1961713,1.8100277,2.9826689,2.589578,0.2273261,2.2684073,1.1099366,1.7471627,1.1623238,0.20787172,1.7471627,1.0292706939135898,1.633865842817552,0.8982279826748174,0.20787171744222205,1.788925267499077
2012-03-27 22:00:00,0.0,0.0,0.0,0.0,0.0,0.0,0.0,0.0,0.0,0.0,0.0,0.0,0.0,0.0,0.0,0.0,0.0,0.0,0.0,0.0,0.0,0.0,0.0,0.0,0.0,0.0,0.0,0.0,0.0,0.0,0.0,0.0,0.0,0.0,0.0,0.0,0.0,0.0,0.88100004,2.1383712,0.21506253,0.7565597,1.0403115,2.399753,1.3825638,2.9242196,1.2026757,2.0409799,0.84968144,1.8051164,1.4098992,2.824051,1.0403115,2.399753,2.1250865,0.0,8.158386e-05,0.0,0.88100004,2.1383712,1.9208429,0.58165866,0.68474966,0.39759374,0.0,0.68474966,1.5004771,1.7604482,1.1751217,0.0,1.7604482,1.4772667,1.7268636,1.3122962,0.0,1.8022795,277.65213,277.65213,271.47498,271.47498,278.12875,278.12875,278.6936,278.6936,279.94202,279.94202,275.5641,275.5641,281.65942,281.65942,278.12875,278.12875,278.12875,266.23666,266.23666,266.23666,277.65213,277.65213,277.65213,274.4616,274.8262,272.05255,264.78543,274.8262,274.4616,274.8262,272.05255,264.78543,274.8262,274.4616,274.8262,272.05255,264.78543,274.8262,0.0,0.0,0.0,0.0,0.0,0.0,0.0,0.0,0.0,0.0,0.0,0.0,0.0,0.0,0.0,0.0,0.0,0.0,0.0,0.0,2.1377885,0.76044065,2.3993351,2.9256284,2.0409198,1.8056726,2.8224778,2.3993351,0.22291432,2.1377885,1.5019104,1.7607739,1.1773697,0.13725133,1.7607739,1.403268528252604,1.6467822836512351,0.9182303113889365,0.13725132902289794,1.8024267385627115,2.1377885,0.76044065,2.3993351,2.9256284,2.0409198,1.8056726,2.8224778,2.3993351,0.22291432,2.1377885,1.5019104,1.7607739,1.1773697,0.13725133,1.7607739,1.403268528252604,1.6467822836512351,0.9182303113889365,0.13725132902289794,1.8024267385627115
2012-03-27 23:00:00,0.0,0.0,0.0,0.0,0.0,0.0,0.0,0.0,0.0,0.0,0.0,0.0,0.0,0.0,0.0,0.0,0.0,0.0,0.0,0.0,0.0,0.0,0.0,0.0,0.0,0.0,0.0,0.0,0.0,0.0,0.0,0.0,0.0,0.0,0.0,0.0,0.0,0.0,0.79134625,2.0242517,0.2349342,0.7958046,0.9181354,2.2317514,1.3173972,2.8225849,1.1691426,1.9931631,0.84133404,1.7935753,1.183715,2.5117743,0.9181354,2.2317514,1.963683,0.0,0.0,0.0,0.79134625,2.0242517,1.8028224,0.62435925,0.68165404,0.3779456,0.0,0.68165404,1.5775905,1.7567534,1.1491978,0.0,1.7567534,1.5583847,1.7227638,1.2870086,0.0,1.7986139,277.04675,277.04675,271.6935,271.6935,277.32263,277.32263,278.27115,278.27115,279.65207,279.65207,275.50748,275.50748,280.20618,280.20618,277.32263,277.32263,277.32263,265.63434,265.63434,265.63434,277.04675,277.04675,277.04675,274.85248,274.80554,271.90366,264.30035,274.80554,274.85248,274.80554,271.90366,264.30035,274.80554,274.85248,274.80554,271.90366,264.30035,274.80554,0.0,0.0,0.0,0.0,0.0,0.0,0.0,0.0,0.0,0.0,0.0,0.0,0.0,0.0,0.0,0.0,0.0,0.0,0.0,0.0,2.023669,0.79933417,2.2313335,2.823994,1.9931031,1.7941315,2.510201,2.2313335,0.19203657,2.023669,1.5790238,1.7570791,1.1515306,0.09981682,1.7570791,1.4768606775872244,1.6432760966246098,0.8838792512706024,0.09981682378961715,1.7987617442122381,2.023669,0.79933417,2.2313335,2.823994,1.9931031,1.7941315,2.510201,2.2313335,0.19203657,2.023669,1.5790238,1.7570791,1.1515306,0.09981682,1.7570791,1.4768606775872244,1.6432760966246098,0.8838792512706024,0.09981682378961715,1.7987617442122381
2012-04-27 00:00:00,0.0,0.0,0.0,0.0,0.0,0.0,0.0,0.0,0.0,0.0,0.0,0.0,0.0,0.0,0.0,0.0,0.0,0.0,0.0,0.0,0.0,0.0,0.0,0.0,0.0,0.0,0.0,0.0,0.0,0.0,0.0,0.0,0.0,0.0,0.0,0.0,0.0,0.0,1.375933,2.7683668,0.55325,1.4244521,1.2742106,2.7213821,2.127878,4.0866194,1.070792,1.8529192,1.2086953,2.3014967,1.303205,2.6767461,1.2742106,2.7213821,2.4340844,0.29337457,0.86570156,0.8220512,1.375933,2.7683668,2.5723736,0.66669655,1.0410622,0.5043434,0.83548415,1.0410622,1.6540477,2.1857376,1.315968,1.7032171,2.1857376,1.6388123,2.1987748,1.4496852,1.6927528,2.2241764,280.9941,280.9941,275.19415,275.19415,279.67203,279.67203,283.52524,283.52524,278.80167,278.80167,277.99887,277.99887,280.9739,280.9739,279.67203,279.67203,279.67203,273.2015,273.2015,273.2015,280.9941,280.9941,280.9941,275.24002,277.2043,272.8615,276.3368,277.2043,275.24002,277.2043,272.8615,276.3368,277.2043,275.24002,277.2043,272.8615,276.3368,277.2043,0.0,0.0,0.0,0.0,0.0,0.0,0.0,0.0,0.0,0.0,0.0,0.0,0.0,0.0,0.0,0.0,0.0,0.0,0.0,0.0,2.7677846,1.4256394,2.7209647,4.0880284,1.8528593,2.3020532,2.6751726,2.7209647,0.8665513,2.7677846,1.6554811,2.1860633,1.3177555,1.7050269,2.1860633,1.549826535207489,2.05036150113544,1.1048623879654498,1.7668790530528349,2.224285453119563,2.7677846,1.4256394,2.7209647,4.0880284,1.8528593,2.3020532,2.6751726,2.7209647,0.8665513,2.7677846,1.6554811,2.1860633,1.3177555,1.7050269,2.1860633,1.549826535207489,2.05036150113544,1.1048623879654498,1.7668790530528349,2.224285453119563
2012-04-27 01:00:00,0.0,0.0,0.0,0.0,0.0,0.0,0.0,0.0,0.0,0.0,0.0,0.0,0.0,0.0,0.0,0.0,0.0,0.0,0.0,0.0,0.0,0.0,0.0,0.0,0.0,0.0,0.0,0.0,0.0,0.0,0.0,0.0,0.0,0.0,0.0,0.0,0.0,0.0,1.3577782,2.7452576,0.5400605,1.3984038,1.3775064,2.8634222,2.0785193,4.009639,1.0562259,1.832149,1.2369095,2.3405068,1.1973705,2.5306277,1.3775064,2.8634222,2.5705457,0.28350103,0.8501812,0.80411947,1.3577782,2.7452576,2.5484743,0.6437393,1.0659318,0.7056407,0.84329313,1.0659318,1.612589,2.2154217,1.5815613,1.7160394,2.2154217,1.5952007,2.2317128,1.7087592,1.7093832,2.2536235,280.87152,280.87152,275.0491,275.0491,280.35358,280.35358,283.20526,283.20526,278.67572,278.67572,278.19022,278.19022,280.2939,280.2939,280.35358,280.35358,280.35358,273.07663,273.07663,273.07663,280.87152,280.87152,280.87152,275.02988,277.3703,274.38696,276.4105,277.3703,275.02988,277.3703,274.38696,276.4105,277.3703,275.02988,277.3703,274.38696,276.4105,277.3703,0.0,0.0,0.0,0.0,0.0,0.0,0.0,0.0,0.0,0.0,0.0,0.0,0.0,0.0,0.0,0.0,0.0,0.0,0.0,0.0,2.7446752,1.3995912,2.8630044,4.011048,1.8320888,2.3410628,2.5290544,2.8630044,0.8510887,2.7446752,1.6140224,2.215747,1.5831845,1.7178493,2.215747,1.5102609870877046,2.0785301144852406,1.4574977252010655,1.7797743618425512,2.2537299202868075,2.7446752,1.3995912,2.8630044,4.011048,1.8320888,2.3410628,2.5290544,2.8630044,0.8510887,2.7446752,1.6140224,2.215747,1.5831845,1.7178493,2.215747,1.5102609870877046,2.0785301144852406,1.4574977252010655,1.7797743618425512,2.2537299202868075
2012-04-27 02:00:00,0.0,0.0,0.0,0.0,0.0,0.0,0.0,0.0,0.0,0.0,0.0,0.0,0.0,0.0,0.0,0.0,0.0,0.0,0.0,0.0,0.0,0.0,0.0,0.0,0.0,0.0,0.0,0.0,0.0,0.0,0.0,0.0,0.0,0.0,0.0,0.0,0.0,0.0,1.3520067,2.7379115,0.5366112,1.3915917,1.3238071,2.7895815,2.0740094,4.0026054,1.01964,1.779979,1.2708341,2.3874114,1.1242762,2.4297116,1.3238071,2.7895815,2.4996054,0.26507866,0.8212228,0.7706617,1.3520067,2.7379115,2.5408766,0.6279499,1.076636,1.0154836,0.6800557,1.076636,1.5840747,2.2281976,1.9903706,1.448003,2.2281976,1.5652058,2.2458894,2.107534,1.3617408,2.2662976,280.83255,280.83255,275.01117,275.01117,279.99927,279.99927,283.17603,283.17603,278.35938,278.35938,278.4203,278.4203,279.82428,279.82428,279.99927,279.99927,279.99927,272.84363,272.84363,272.84363,280.83255,280.83255,280.83255,274.88535,277.44174,276.735,274.86987,277.44174,274.88535,277.44174,276.735,274.86987,277.44174,274.88535,277.44174,276.735,274.86987,277.44174,0.0,0.0,0.0,0.0,0.0,0.0,0.0,0.0,0.0,0.0,0.0,0.0,0.0,0.0,0.0,0.0,0.0,0.0,0.0,0.0,2.7373288,1.3927791,2.7891638,4.0040145,1.7799189,2.3879678,2.4281383,2.7891638,0.8223136,2.7373288,1.5855082,2.2285235,1.9919938,1.449813,2.2285235,1.4830488993887072,2.0906541674089185,2.000537754314145,1.5102116812499022,2.2664031134543974,2.7373288,1.3927791,2.7891638,4.0040145,1.7799189,2.3879678,2.4281383,2.7891638,0.8223136,2.7373288,1.5855082,2.2285235,1.9919938,1.449813,2.2285235,1.4830488993887072,2.0906541674089185,2.000537754314145,1.5102116812499022,2.2664031134543974
2012-04-27 03:00:00,0.0,0.0,0.0,0.0,0.0,0.0,0.0,0.0,0.0,0.0,0.0,0.0,0.0,0.0,0.0,0.0,0.0,0.0,0.0,0.0,0.0,0.0,0.0,0.0,0.0,0.0,0.0,0.0,0.0,0.0,0.0,0.0,0.0,0.0,0.0,0.0,0.0,0.0,1.3596084,2.7475877,0.53506,1.3885281,1.2726611,2.7192519,2.0572271,3.9764314,1.0135094,1.771237,1.2923434,2.417151,1.0219944,2.2884986,1.2726611,2.7192519,2.432037,0.23505028,0.77402085,0.7161258,1.3596084,2.7475877,2.5508838,0.6181116,1.1104858,0.9527017,0.58587307,1.1104858,1.5663075,2.2686005,1.9075356,1.2933552,2.2686005,1.546516,2.2907214,2.026732,1.1611627,2.3063781,280.88388,280.88388,274.9941,274.9941,279.6618,279.6618,283.06723,283.06723,278.30637,278.30637,278.56616,278.56616,279.1671,279.1671,279.6618,279.6618,279.6618,272.46384,272.46384,272.46384,280.88388,280.88388,280.88388,274.7953,277.66766,276.25922,273.981,277.66766,274.7953,277.66766,276.25922,273.981,277.66766,274.7953,277.66766,276.25922,273.981,277.66766,0.0,0.0,0.0,0.0,0.0,0.0,0.0,0.0,0.0,0.0,0.0,0.0,0.0,0.0,0.0,0.0,0.0,0.0,0.0,0.0,2.7470052,1.3897157,2.718834,3.9778402,1.7711769,2.4177072,2.286925,2.718834,0.7754104,2.7470052,1.567741,2.2689261,1.9091586,1.2951652,2.2689261,1.4660930567367343,2.1289943484400964,1.8905040390311596,1.3546830439339326,2.306479853744728,2.7470052,1.3897157,2.718834,3.9778402,1.7711769,2.4177072,2.286925,2.718834,0.7754104,2.7470052,1.567741,2.2689261,1.9091586,1.2951652,2.2689261,1.4660930567367343,2.1289943484400964,1.8905040390311596,1.3546830439339326,2.306479853744728
2012-04-27 04:00:00,0.0,0.0,0.0,0.0,0.0,0.0,0.0,0.0,0.0,0.0,0.0,0.0,0.0,0.0,0.0,0.0,0.0,0.0,0.0,0.0,0.0,0.0,0.0,0.0,0.0,0.0,0.0,0.0,0.0,0.0,0.0,0.0,0.0,0.0,0.0,0.0,0.0,0.0,1.3572358,2.7445674,0.5409707,1.4002013,1.2269683,2.6564207,2.0588133,3.9789057,1.007393,1.7625151,1.3045381,2.4340117,1.0327907,2.303404,1.2269683,2.6564207,2.3716738,0.19925027,0.71774626,0.65110767,1.3572358,2.7445674,2.5477602,0.61926174,1.1433707,0.7063011,0.4552423,1.1433707,1.5683846,2.3078513,1.5824327,1.0788594,2.3078513,1.548701,2.334275,1.7096093,0.8829621,2.345316,280.86786,280.86786,275.0591,275.0591,279.36032,279.36032,283.0775,283.0775,278.25348,278.25348,278.64886,278.64886,279.23648,279.23648,279.36032,279.36032,279.36032,272.01105,272.01105,272.01105,280.86786,280.86786,280.86786,274.80582,277.88715,274.39197,272.7481,277.88715,274.80582,277.88715,274.39197,272.7481,277.88715,274.80582,277.88715,274.39197,272.7481,277.88715,0.0,0.0,0.0,0.0,0.0,0.0,0.0,0.0,0.0,0.0,0.0,0.0,0.0,0.0,0.0,0.0,0.0,0.0,0.0,0.0,2.743985,1.4013888,2.6560028,3.9803145,1.7624551,2.4345677,2.3018308,2.6560028,0.7194922,2.743985,1.5698181,2.3081772,1.5840559,1.0810364,2.3081772,1.4680753561996047,2.1662417592162995,1.4586552318916626,1.1393326772628494,2.3454143284398605,2.743985,1.4013888,2.6560028,3.9803145,1.7624551,2.4345677,2.3018308,2.6560028,0.7194922,2.743985,1.5698181,2.3081772,1.5840559,1.0810364,2.3081772,1.4680753561996047,2.1662417592162995,1.4586552318916626,1.1393326772628494,2.3454143284398605
2012-04-27 05:00:00,-1.4391253,-1.9210026,-0.1732948,-0.22196113,-0.8640269,-1.1958587,-4.390743,-7.4533653,-0.41722634,-0.6415513,-1.4764736,-2.2998738,-0.39027512,-0.61916643,-0.8640269,-1.1958587,-1.0030346,0.0,0.0,0.0,-1.4391253,-1.9210026,-1.7073268,-0.21792194,-0.88867563,-1.553257,-0.08922728,-0.88867563,-0.27893472,-1.1456004,-2.3381774,-0.12351671,-1.1456004,-0.22646491,-0.9803184,-1.6385779,-0.09114519,-0.96314234,1.3920994,2.7889452,0.5501559,1.4183413,1.2636373,2.7068434,2.441674,4.576019,1.0501412,1.8234723,1.4092685,2.578814,1.0636499,2.3460095,1.2636373,2.7068434,2.4201162,0.18012571,0.68768406,0.6163747,1.3920994,2.7889452,2.5936549,0.6399886,1.2405491,1.3661854,0.53992486,1.2405491,1.6058156,2.423842,2.4530892,1.2179081,2.423842,1.5880756,2.462981,2.5588944,1.0633081,2.4603815,281.10327,281.10327,275.16013,275.16013,279.60226,279.60226,285.55948,285.55948,278.6231,278.6231,279.35913,279.35913,279.43475,279.43475,279.60226,279.60226,279.60226,271.76917,271.76917,271.76917,281.10327,281.10327,281.10327,274.99554,278.53574,279.39264,273.54733,278.53574,274.99554,278.53574,279.39264,273.54733,278.53574,274.99554,278.53574,279.39264,273.54733,278.53574,2.0336275,0.3068431,1.2116276,8.159391,0.5841203,2.4426699,0.57767445,1.2116276,0.0,2.0336275,0.3861176,1.2981584,2.8980331,0.18789998,1.2981584,0.267221365392869,1.1244039288045795,2.357644901908089,0.18789998342378536,1.2738891253822042,2.7883625,1.4195288,2.7064254,4.577428,1.8234123,2.57937,2.344436,2.7064254,0.6896204,2.7883625,1.607249,2.4241676,2.4547124,1.2197181,2.4241676,1.503796967100084,2.276311172623786,2.615187922956485,1.2788062994611094,2.4604691658558293,0.7547351,1.1126857,1.4947978,-3.5819638,1.239292,0.13670033,1.7667614,1.4947978,0.6896204,0.7547351,1.2211314,1.1260092,-0.4433207,1.0318182,1.1260092,1.236575601707215,1.1519072438192066,0.257543021048396,1.090906316037324,1.186580040473625
2012-04-27 06:00:00,-6.614251,-8.421685,-0.56380457,-0.7171455,-4.861911,-6.494712,-8.69305,-14.162343,-2.0745676,-2.8961024,-4.8984785,-7.095725,-3.9612033,-5.466213,-4.861911,-6.494712,-5.802922,-0.03272793,-0.04016433,-0.037156917,-6.614251,-8.421685,-7.922655,-0.7325009,-2.912003,-2.096371,-0.99660903,-2.912003,-0.9482494,-3.6147394,-2.8924744,-1.3078123,-3.6147394,-0.83904946,-3.27078,-2.2583,-1.101137,-3.208157,1.6547785,3.1233072,0.56489104,1.447442,1.5236784,3.06442,2.5819075,4.7947283,1.2792217,2.1501312,1.7735469,3.082474,1.4874964,2.9311838,1.5236784,3.06442,2.7636497,0.30009928,0.87627226,0.8342644,1.6547785,3.1233072,2.9394464,0.69354445,1.5089746,1.0327317,0.725244,1.5089746,1.7025326,2.7442305,2.0131278,1.5222026,2.7442305,1.6898152,2.8184924,2.1297324,1.4579772,2.7782142,282.87698,282.87698,275.32217,275.32217,281.31802,281.31802,286.46857,286.46857,280.60388,280.60388,281.82962,281.82962,282.158,282.158,281.31802,281.31802,281.31802,273.28656,273.28656,273.28656,282.87698,282.87698,282.87698,275.48578,280.32727,276.8657,275.29636,280.32727,275.48578,280.32727,276.8657,275.29636,280.32727,275.48578,280.32727,276.8657,275.29636,280.32727,8.678428,0.932227,6.506546,14.958925,2.6792805,7.2768464,5.3046765,6.506546,0.056729432,8.678428,1.2208295,3.9198227,3.660377,1.8212507,3.9198227,0.985092249888633,3.6614146460084234,3.4671375002304616,1.8013768563359858,3.8324672989326287,3.1227245,1.4486295,3.0640023,4.7961373,2.150071,3.08303,2.9296107,3.0640023,0.877122,3.1227245,1.703966,2.7445562,2.014751,1.5240124,2.7445562,1.5960974267277654,2.580344716786328,2.030767029654557,1.5848336027142025,2.7782734396291517,-5.555703,0.51640254,-3.4425437,-10.162787,-0.52920955,-4.193816,-2.375066,-3.4425437,0.82039255,-5.555703,0.4831366,-1.1752664,-1.6456262,-0.29723826,-1.1752664,0.6110051768391325,-1.0810699292220955,-1.4363704705759046,-0.21654325362178328,-1.054193859303477
2012-04-27 07:00:00,-10.874274,-13.365015,-0.6896194,-0.84048694,-9.02998,-11.699394,-11.475624,-18.192553,-3.3686817,-4.4815826,-7.8324046,-10.876533,-8.010922,-10.213402,-9.02998,-11.699394,-10.746495,-0.2770965,-0.32986268,-0.3263255,-10.874274,-13.365015,-12.822118,-1.0636905,-4.7052345,-3.5426898,-1.6800543,-4.7052345,-1.4222513,-5.6996255,-4.893378,-2.3110163,-5.6996255,-1.27991,-5.2977915,-3.9582858,-1.9728948,-5.1929154,1.9628654,3.5154681,0.5598517,1.4374897,1.9553857,3.6580515,2.882546,5.2636075,1.4587984,2.4062,2.1347747,3.5819154,1.8627145,3.4492211,1.9553857,3.6580515,3.3339667,0.36131904,0.9725045,0.9454485,1.9628654,3.5154681,3.3450124,0.73067075,1.7807155,1.2341375,0.8109354,1.7807155,1.7695794,3.068576,2.2788644,1.6629078,3.068576,1.7603436,3.1783934,2.388946,1.6404717,3.0999725,284.9573,284.9573,275.26675,275.26675,284.16644,284.16644,288.4175,288.4175,282.15662,282.15662,284.27942,284.27942,284.5688,284.5688,284.16644,284.16644,284.16644,274.06085,274.06085,274.06085,284.9573,284.9573,284.9573,275.82562,282.14093,278.39197,276.1051,282.14093,275.82562,282.14093,278.39197,276.1051,282.14093,275.82562,282.14093,278.39197,276.1051,282.14093,13.61743,1.0858763,11.722818,18.729116,4.1926084,10.972507,10.021455,11.722818,0.45101756,13.61743,1.7632824,6.0325875,5.893046,3.0281942,6.0325875,1.5090751953455324,5.816905116586214,5.747435461213026,2.877049411450834,5.885576817067364,3.5148857,1.4386772,3.6576335,5.2650166,2.4061396,3.5824716,3.4476478,3.6576335,0.9733542,3.5148857,1.7710129,3.0689018,2.2804875,1.6647177,3.0689018,1.660082605911895,2.8881330402609864,2.3837571645133098,1.7263402603689733,3.1000025596419025,-10.102544,0.3528009,-8.065185,-13.4641,-1.7864689,-7.3900356,-6.5738072,-8.065185,0.52233666,-10.102544,0.00773044,-2.963686,-3.6125584,-1.3634765,-2.963686,0.15100741056636258,-2.9287720763252274,-3.3636782966997165,-1.1507091510818606,-2.785574257425462
2012-04-27 08:00:00,-14.299133,-17.1025,-0.70022404,-0.80117524,-12.264441,-15.463892,-13.388371,-20.781837,-4.2791853,-5.532332,-8.075008,-10.979717,-11.387343,-13.812089,-12.264441,-15.463892,-14.360522,-0.41147593,-0.48226577,-0.4943096,-14.299133,-17.1025,-16.547005,-1.298279,-6.2294803,-5.291516,-2.0380359,-6.2294803,-1.7719404,-7.414081,-7.283967,-2.8178432,-7.414081,-1.6057755,-6.9927826,-6.0344577,-2.4521706,-6.852583,2.2475367,3.8778236,0.54554665,1.4092383,2.3047497,4.138454,3.2180393,5.786846,1.5865526,2.5883718,1.9680904,3.3514538,2.161271,3.8614175,2.3047497,4.138454,3.7955022,0.38561684,1.0106986,0.9895768,2.2475367,3.8778236,3.7197545,0.7587423,2.0497537,1.4997553,0.8449358,2.0497537,1.8202741,3.3896961,2.6293225,1.7187364,3.3896961,1.8136708,3.5347164,2.7308016,1.7128812,3.4185307,286.87952,286.87952,275.10944,275.10944,286.47156,286.47156,290.5924,290.5924,283.26126,283.26126,283.149,283.149,286.48703,286.48703,286.47156,286.47156,286.47156,274.36816,274.36816,274.36816,286.87952,286.87952,286.87952,276.08258,283.93655,280.40485,276.426,283.93655,276.08258,283.93655,280.40485,276.426,283.93655,276.08258,283.93655,280.40485,276.426,283.93655,17.322458,1.0496866,15.520514,20.968842,5.213953,11.069155,13.627724,15.520514,0.6500904,17.322458,2.1505392,7.724191,8.367501,3.6168525,7.724191,1.8944699785778105,7.562997408343471,8.168148089767257,3.399344258206588,7.525373529108702,3.8772411,1.4104259,4.1380363,5.788255,2.5883117,3.3520098,3.859844,4.1380363,1.0115483,3.8772411,1.8217074,3.3900218,2.6309457,1.7205464,3.3900218,1.708462204397022,3.192860571220527,2.8492865931621334,1.7824869154099119,3.4185322532718927,-13.445217,0.36073932,-11.382478,-15.180587,-2.625641,-7.717145,-9.7678795,-11.382478,0.36145788,-13.445217,-0.32883176,-4.3341694,-5.7365556,-1.896306,-4.3341694,-0.18600777418078862,-4.370136837122944,-5.318861496605123,-1.616857342796676,-4.106841275836809
2012-04-27 09:00:00,-16.664585,-19.56063,-0.71296,-0.8096007,-14.214276,-17.591663,-14.481023,-22.134552,-4.9489927,-6.2864256,-9.19585,-12.312138,-13.473863,-15.849451,-14.214276,-17.591663,-16.413563,-0.543416,-0.63143295,-0.66028196,-16.664585,-19.56063,-19.00234,-1.4912219,-7.098587,-6.7539825,-2.2678595,-7.098587,-2.074306,-8.353897,-9.245649,-3.1435685,-8.353897,-1.8771973,-7.938429,-7.764941,-2.7660367,-7.777599,2.4694724,4.1603236,0.538809,1.3959322,2.5090377,4.4193664,3.5200944,6.2579355,1.6947682,2.742682,2.0879266,3.5171423,2.3209684,4.0818996,2.5090377,4.4193664,4.065382,0.41030303,1.0495033,1.0344108,2.4694724,4.1603236,4.011911,0.786507,2.197412,1.751101,0.8665615,2.197412,1.8704145,3.5659385,2.96095,1.7542459,3.5659385,1.8664151,3.730279,3.054289,1.758937,3.5933678,288.3781,288.3781,275.03534,275.03534,287.81946,287.81946,292.55054,292.55054,284.19696,284.19696,283.9617,283.9617,287.5131,287.5131,287.81946,287.81946,287.81946,274.6804,274.6804,274.6804,288.3781,288.3781,288.3781,276.33673,284.92206,282.30957,276.6301,284.92206,276.33673,284.92206,282.30957,276.6301,284.92206,276.33673,284.92206,282.30957,276.6301,284.92206,19.748367,1.0583258,17.675154,22.002289,5.961262,12.356059,15.676888,17.675154,0.8419894,19.748367,2.4791875,8.638621,10.26166,3.9881945,8.638621,2.219508370443557,8.520974524493344,9.94833883869896,3.726301066166202,8.411078054891316,4.1597414,1.3971196,4.418948,6.2593446,2.7426221,3.5176983,4.0803266,4.418948,1.0503529,4.1597414,1.871848,3.5662642,2.962573,1.7560558,3.5662642,1.75631318969205,3.36010621029115,3.289802584545858,1.818198644265242,3.5933530251475743,-15.588626,0.33879384,-13.256206,-15.742944,-3.21864,-8.838361,-11.596562,-13.256206,0.20836352,-15.588626,-0.60733944,-5.0723567,-7.299086,-2.2321386,-5.0723567,-0.4631951807515069,-5.160868314202194,-6.658536254153103,-1.9081024219009601,-4.817725029743742
2012-04-27 10:00:00,-18.310629,-21.239073,-0.7146121,-0.80813825,-15.69128,-19.178185,-14.942661,-22.598541,-5.5552,-6.9778156,-11.427521,-15.080837,-15.110141,-17.459888,-15.69128,-19.178185,-17.95608,-0.6646344,-0.76864576,-0.81270754,-18.310629,-21.239073,-20.683594,-1.6530457,-7.8227234,-6.532892,-2.4407628,-7.8227234,-2.3375075,-9.139411,-8.905196,-3.395752,-9.139411,-2.104751,-8.724379,-7.529234,-3.0015783,-8.54741,2.677809,4.4255133,0.5341109,1.3866539,2.7308323,4.724352,3.783511,6.6687613,1.8281273,2.9328463,2.5571606,4.165915,2.4960737,4.3236547,2.7308323,4.724352,4.358389,0.433959,1.0866884,1.0773734,2.677809,4.4255133,4.286165,0.81348497,2.3599806,1.6626866,0.88573945,2.3599806,1.9191344,3.7599778,2.8442955,1.7857361,3.7599778,1.9176651,3.9455895,2.9404979,1.7997799,3.7858593,289.78488,289.78488,274.98367,274.98367,289.28287,289.28287,294.25818,294.25818,285.35007,285.35007,287.14398,287.14398,288.63815,288.63815,289.28287,289.28287,289.28287,274.97958,274.97958,274.97958,289.78488,289.78488,289.78488,276.58368,286.00708,281.63956,276.8111,286.00708,276.58368,286.00708,281.63956,276.8111,286.00708,276.58368,286.00708,281.63956,276.8111,286.00708,21.399273,1.0553353,19.30887,22.211283,6.6678634,15.02384,17.311714,19.30887,1.0161461,21.399273,2.7621121,9.391491,9.964673,4.272181,9.391491,2.4954109866558323,9.299854454117343,9.800254798506115,3.973671189881761,9.139177914963827,4.424931,1.3878413,4.7239337,6.670171,2.9327862,4.1664715,4.322082,4.7239337,1.0875381,4.424931,1.9205678,3.7603037,2.8459184,1.7875462,3.7603037,1.8028081672385636,3.5442405877573795,3.134844905325976,1.849868241131415,3.785827484729155,-16.974342,0.332506,-14.584937,-15.541113,-3.7350771,-10.857368,-12.989632,-14.584937,0.07139195,-16.974342,-0.8415443,-5.6311874,-7.1187544,-2.4846349,-5.6311874,-0.6926028194172686,-5.755613866359964,-6.665409893180139,-2.1238029487503463,-5.353350430234673
2012-04-27 11:00:00,-19.226336,-22.16978,-0.73253846,-0.82694423,-16.545534,-20.084782,-14.880437,-22.34016,-5.9858966,-7.4756308,-12.148559,-15.945992,-16.0823,-18.435068,-16.545534,-20.084782,-18.847305,-0.7687173,-0.9051813,-0.94743466,-19.226336,-22.16978,-21.620958,-1.7515758,-8.28988,-6.3448377,-2.6175084,-8.28988,-2.5010324,-9.652757,-8.633768,-3.6674702,-9.652757,-2.2428095,-9.233468,-7.318324,-3.2365735,-9.046801,2.8467171,4.640516,0.5363392,1.3910546,2.9157176,4.978583,4.0515404,7.0867825,1.9499203,3.1065183,2.751281,4.4343104,2.6364486,4.517461,2.9157176,4.978583,4.6026363,0.45449027,1.1189618,1.1146612,2.8467171,4.640516,4.508517,0.83141804,2.499445,1.6106045,0.9114362,2.499445,1.9515197,3.9264405,2.7755775,1.8279302,3.9264405,1.9517324,4.1303005,2.873467,1.8545055,3.950994,290.9254,290.9254,275.00818,275.00818,290.50275,290.50275,295.99573,295.99573,286.40317,286.40317,288.46048,288.46048,289.54007,289.54007,290.50275,290.50275,290.50275,275.23926,275.23926,275.23926,290.9254,290.9254,290.9254,276.74783,286.9379,281.24487,277.05362,286.9379,276.74783,286.9379,281.24487,277.05362,286.9379,276.74783,286.9379,281.24487,277.05362,286.9379,22.31143,1.0785493,20.264402,21.739939,7.194047,15.85716,18.312082,20.264402,1.1799623,22.31143,2.9367733,9.875688,9.7139015,4.5749936,9.875688,2.663938935730985,9.792792369404195,9.622260456272478,4.233903110093502,9.606702559041542,4.6399326,1.3922421,4.978165,7.088192,3.106458,4.4348664,4.5158877,4.978165,1.1198114,4.6399326,1.9529532,3.9267662,2.777201,1.8297402,3.9267662,1.8337148014727085,3.7022054481696394,3.0435642100241904,1.892302617509003,3.950947119417174,-17.671497,0.3136928,-15.286238,-14.651746,-4.087589,-11.422293,-13.796196,-15.286238,-0.06015079,-17.671497,-0.9838199,-5.9489217,-6.936701,-2.7452536,-5.9489217,-0.8302241342582766,-6.090586921234555,-6.578696246248288,-2.341600492584499,-5.655755439624368
2012-04-27 12:00:00,-19.511139,-22.483519,-0.74971384,-0.8464905,-16.93794,-20.518738,-14.540451,-21.786491,-6.065862,-7.5759115,-12.172492,-15.992454,-16.645538,-19.090296,-16.93794,-20.518738,-19.289234,-0.84219193,-1.026963,-1.0473044,-19.511139,-22.483519,-21.942244,-1.8990133,-8.684293,-6.0699234,-2.6362603,-8.684293,-2.7592585,-10.112143,-8.261924,-3.7012105,-10.112143,-2.4432952,-9.675908,-6.9951286,-3.258891,-9.482524,2.9617434,4.7869315,0.5407404,1.3997465,3.105566,5.239639,4.211366,7.336049,1.9856167,3.1574197,2.7865105,4.4830194,2.803237,4.747734,3.105566,5.239639,4.8534393,0.46916062,1.1420223,1.1413049,2.9617434,4.7869315,4.6599374,0.8659539,2.6999745,1.5608985,0.9163933,2.6999745,2.0138886,4.1657896,2.709995,1.8360696,4.1657896,2.0173397,4.395888,2.809494,1.8650622,4.1884336,291.70212,291.70212,275.05658,275.05658,291.75537,291.75537,297.03183,297.03183,286.71182,286.71182,288.6994,288.6994,290.6117,290.6117,291.75537,291.75537,291.75537,275.4248,275.4248,275.4248,291.70212,291.70212,291.70212,277.06396,288.27628,280.8682,277.1004,288.27628,277.06396,288.27628,280.8682,277.1004,288.27628,277.06396,288.27628,280.8682,277.1004,288.27628,22.616669,1.103212,20.757235,21.09311,7.3060007,15.902995,19.003004,20.757235,1.3167818,22.616669,3.211638,10.295604,9.355842,4.6122894,10.295604,2.9178313070680924,10.201791727120758,9.29700583731504,4.264997787696812,10.010782028984027,4.786349,1.400934,5.239221,7.3374586,3.1573596,4.483576,4.7461605,5.239221,1.142872,4.786349,2.015322,4.166115,2.7116182,1.8378795,4.166115,1.8932354975187216,3.929335933014072,2.9564477156215028,1.900488335262475,4.1883651286259775,-17.830318,0.29772192,-15.518012,-13.75565,-4.148641,-11.419419,-14.256844,-15.518012,-0.17390974,-17.830318,-1.196316,-6.1294885,-6.6442237,-2.7744098,-6.1294885,-1.0245958095493708,-6.272455794106687,-6.3405581216935385,-2.364509452434337,-5.822416900358049
2012-04-27 13:00:00,-19.161888,-22.209358,-0.7550365,-0.8543221,-16.341717,-19.985662,-14.08865,-21.193203,-6.0996637,-7.651664,-12.143537,-16.025808,-16.622957,-19.237467,-16.341717,-19.985662,-18.79686,-0.8740733,-1.0885146,-1.088267,-19.161888,-22.209358,-21.675156,-2.0655875,-8.552184,-5.58934,-2.687467,-8.552184,-3.0597463,-9.999458,-7.622381,-3.800173,-9.999458,-2.6634834,-9.548041,-6.421812,-3.315877,-9.358862,3.023742,4.865849,0.5447558,1.4076766,3.2280288,5.408035,4.2512345,7.3982286,2.050304,3.249661,2.8993134,4.6389832,2.964839,4.970845,3.2280288,5.408035,5.015222,0.4786553,1.1569471,1.1585485,3.023742,4.865849,4.741553,0.9126819,2.7274137,1.48856,0.933463,2.7274137,2.098275,4.1985407,2.614551,1.8640981,4.1985407,2.1061084,4.432229,2.716393,1.9014151,4.2209234,292.12076,292.12076,275.10074,275.10074,292.5634,292.5634,297.29028,297.29028,287.27115,287.27115,289.46442,289.46442,291.65,291.65,292.5634,292.5634,292.5634,275.5449,275.5449,275.5449,292.12076,292.12076,292.12076,277.4917,288.4594,280.32,277.2615,288.4594,277.4917,288.4594,280.32,277.2615,288.4594,277.4917,288.4594,280.32,277.2615,288.4594,22.344864,1.1136693,20.271727,20.518208,7.408591,15.939835,19.188765,20.271727,1.3851328,22.344864,3.5300775,10.181543,8.725262,4.7211666,10.181543,3.2025805379302166,10.066059198590372,8.681520302595093,4.354710604383764,9.899540545846472,4.8652663,1.408864,5.407617,7.3996377,3.2496006,4.6395397,4.9692726,5.407617,1.1577969,4.8652663,2.0997086,4.198866,2.6161745,1.865908,4.198866,1.9737685678711607,3.9604151477065064,2.829665443162987,1.9286764657390432,4.220852028326407,-17.479597,0.2951948,-14.86411,-13.11857,-4.15899,-11.300295,-14.219492,-14.86411,-0.22733596,-17.479597,-1.4303689,-5.9826775,-6.109087,-2.8552587,-5.9826775,-1.2288119700590558,-6.105644050883866,-5.851854859432105,-2.426034138644721,-5.678688517520065
2012-04-27 14:00:00,-18.110476,-21.27713,-0.7742807,-0.9031613,-14.973249,-18.66415,-13.455429,-20.42487,-5.962393,-7.557019,-11.107793,-14.858459,-15.876979,-18.732882,-14.973249,-18.66415,-17.54537,-0.8929721,-1.1446639,-1.1069678,-18.110476,-21.27713,-20.748384,-2.1662664,-8.29386,-4.971512,-2.451072,-8.29386,-3.2577605,-9.777115,-6.8059883,-3.4591308,-9.777115,-2.784893,-9.296439,-5.6775618,-2.992301,-9.11557,3.0247273,4.867103,0.5542629,1.4264523,3.315705,5.5285974,4.219256,7.3483543,2.1086419,3.332848,2.6994019,4.3625813,3.0912206,5.1453323,3.315705,5.5285974,5.131049,0.4921964,1.1782327,1.1831412,3.0247273,4.867103,4.7428503,0.9555092,2.794944,1.4086951,0.9086748,2.794944,2.1756172,4.279144,2.509177,1.823396,4.279144,2.187467,4.5216684,2.6136055,1.8486246,4.300884,292.1274,292.1274,275.2053,275.2053,293.14188,293.14188,297.08298,297.08298,287.77557,287.77557,288.10864,288.10864,292.462,292.462,293.14188,293.14188,293.14188,275.71616,275.71616,275.71616,292.1274,292.1274,292.1274,277.88373,288.91013,279.71478,277.02756,288.91013,277.88373,288.91013,279.71478,277.02756,288.91013,277.88373,288.91013,279.71478,277.02756,288.91013,21.427008,1.1667458,18.989988,19.844917,7.3453445,14.815638,18.716541,18.989988,1.446477,21.427008,3.7397208,9.954336,7.8999805,4.341565,9.954336,3.3732707214605866,9.796555855558342,7.835353962009212,4.0237151102213495,9.677806468422203,4.8665204,1.4276397,5.528179,7.349764,3.3327878,4.3631372,5.1437593,5.528179,1.1790824,4.8665204,2.1770508,4.2794695,2.5108001,1.8252059,4.2794695,2.047579057436474,4.036903886548797,2.6896918292122383,1.887742537299306,4.300805206409334,-16.560488,0.260894,-13.46181,-12.495154,-4.0125566,-10.4525,-13.572782,-13.46181,-0.26739466,-16.560488,-1.56267,-5.674867,-5.38918,-2.516359,-5.674867,-1.3256916640241125,-5.759651969009545,-5.145662132796974,-2.135972572922044,-5.377001262012869
2012-04-27 15:00:00,-15.880199,-19.163763,-0.7707065,-0.9419321,-12.987317,-16.620844,-12.277953,-18.92129,-5.5504975,-7.1671796,-10.539785,-14.341465,-14.29639,-17.436634,-12.987317,-16.620844,-15.592049,-0.97405475,-1.3192534,-1.2025708,-15.880199,-19.163763,-18.640583,-2.122708,-7.6782556,-4.8598857,-2.39905,-7.6782556,-3.2248976,-9.180756,-6.724834,-3.4364898,-9.180756,-2.7006633,-8.6615305,-5.509708,-2.8970616,-8.497859,2.9478502,4.769247,0.5630152,1.4437374,3.3115747,5.5229173,4.183653,7.2928276,2.1335278,3.368334,2.8727596,4.6022696,3.1654646,5.2478356,3.3115747,5.5229173,5.125592,0.5303876,1.2382661,1.2525021,2.9478502,4.769247,4.641649,0.9797801,2.8172028,1.457286,0.9302618,2.8172028,2.219448,4.3057113,2.573288,1.8588417,4.3057113,2.2335742,4.551148,2.6761427,1.8945978,4.3272395,291.6083,291.6083,275.30154,275.30154,293.11462,293.11462,296.85217,296.85217,287.99075,287.99075,289.28433,289.28433,292.93903,292.93903,293.11462,293.11462,293.11462,276.1992,276.1992,276.1992,291.6083,291.6083,291.6083,278.1059,289.0587,280.083,277.2313,289.0587,278.1059,289.0587,280.083,277.2313,289.0587,278.1059,289.0587,280.083,277.2313,289.0587,19.344862,1.2032716,16.955849,18.492823,6.9820895,14.324253,17.440496,16.955849,1.6396328,19.344862,3.7070007,9.366962,7.7955413,4.3129144,9.366962,3.3031751230019797,9.14454079738335,7.547526385625755,3.987041971566551,9.107129277962528,4.7686644,1.4449248,5.5224996,7.2942367,3.368274,4.6028256,5.2462626,5.5224996,1.2391156,4.7686644,2.2208817,4.306037,2.574911,1.8606517,4.306037,2.089408449000812,4.062115287502434,2.774853266582636,1.9233901900861161,4.327158518814215,-14.576199,0.24165317,-11.433349,-11.198586,-3.6138155,-9.721428,-12.194234,-11.433349,-0.40051714,-14.576199,-1.4861192,-5.060926,-5.22063,-2.4522624,-5.060926,-1.2137666740011679,-5.082425509880916,-4.772673119043119,-2.0636517814804347,-4.779970759148313
2012-04-27 16:00:00,-12.6238575,-15.800915,-0.7497462,-0.979089,-9.233822,-12.375728,-10.409146,-16.401464,-4.579807,-6.152135,-9.051213,-12.698314,-11.6782055,-15.031674,-9.233822,-12.375728,-11.542286,-0.8331973,-1.164053,-0.99860615,-12.6238575,-15.800915,-15.290252,-1.8665313,-6.5478115,-4.358886,-2.4173179,-6.5478115,-2.854837,-8.01402,-6.1403875,-3.5713406,-8.01402,-2.3240533,-7.455892,-4.8757277,-2.8704193,-7.322193,2.7951853,4.5749207,0.5782387,1.4738026,3.2303877,5.4112787,4.1283154,7.2065225,2.1354017,3.3710067,2.9765987,4.74584,3.2017434,5.297923,3.2303877,5.4112787,5.0183387,0.5439939,1.2596538,1.277213,2.7951853,4.5749207,4.44068,0.9754859,2.795264,1.4913548,1.0038242,2.795264,2.2116935,4.2795258,2.618239,1.9796314,4.2795258,2.225417,4.5220923,2.7199903,2.0512617,4.301263,290.57745,290.57745,275.46896,275.46896,292.57895,292.57895,296.49344,296.49344,288.00696,288.00696,289.98856,289.98856,293.17212,293.17212,292.57895,292.57895,292.57895,276.37128,276.37128,276.37128,290.57745,290.57745,290.57745,278.0666,288.91226,280.3412,277.92557,288.91226,278.0666,288.91226,280.3412,277.92557,288.91226,278.0666,288.91226,280.3412,277.92557,288.91226,16.01899,1.2348235,12.684076,16.19036,6.0046105,12.739827,15.046473,12.684076,1.4592593,16.01899,3.3165267,8.220182,7.155895,4.449706,8.220182,2.8867725327648204,7.909160543303986,6.671891275345573,4.08256552719938,7.993854076511977,4.5743384,1.4749901,5.410861,7.207932,3.3709464,4.746396,5.29635,5.410861,1.2605035,4.5743384,2.2131271,4.2798514,2.6198618,1.9814414,4.2798514,2.0820078643394293,4.037266416965138,2.8345636726951478,2.044867736655907,4.301184157080726,-11.444652,0.24016666,-7.2732153,-8.982428,-2.6336641,-7.9934306,-9.750123,-7.2732153,-0.19875574,-11.444652,-1.1033995,-3.9403312,-4.536033,-2.4682646,-3.9403312,-0.8047646684253911,-3.871894126338848,-3.837327602650425,-2.037697790543473,-3.6926699194312507
2012-04-27 17:00:00,-7.751037,-10.202593,-0.6392801,-0.9023981,-5.6898518,-7.9267445,-7.0818872,-11.558287,-3.134208,-4.4558816,-6.0239916,-8.937261,-7.4911666,-10.535014,-5.6898518,-7.9267445,-7.3264256,-0.5851596,-0.8497242,-0.6726312,-7.751037,-10.202593,-9.758052,-1.3245673,-4.388226,-2.7793005,-1.5623344,-4.388226,-2.0429535,-5.5898085,-4.037893,-2.3604712,-5.5898085,-1.5813143,-5.060043,-3.0140526,-1.7671399,-4.97871,2.572418,4.291363,0.60033876,1.5174482,3.011493,5.1102815,4.033835,7.05917,2.0870912,3.3021173,2.9337828,4.6866407,3.118233,5.1826262,3.011493,5.1102815,4.729162,0.55868113,1.2827408,1.3038872,2.572418,4.291363,4.147429,0.9440605,2.6271763,1.3870294,0.95151246,2.6271763,2.154942,4.0788984,2.480591,1.8937354,4.0788984,2.1657186,4.2994714,2.5857213,1.9398546,4.102236,289.07324,289.07324,275.712,275.712,291.13467,291.13467,295.88095,295.88095,287.58923,287.58923,289.69818,289.69818,292.63556,292.63556,291.13467,291.13467,291.13467,276.55704,276.55704,276.55704,289.07324,289.07324,289.07324,277.77893,287.7904,279.5506,277.43185,287.7904,277.77893,287.7904,279.5506,277.43185,287.7904,277.77893,287.7904,279.5506,277.43185,287.7904,10.433064,1.1331742,8.149193,11.634089,4.3488603,9.058877,10.538304,8.149193,1.083395,10.433064,2.433703,5.816885,4.874123,3.0462885,5.816885,2.019331235373791,5.430906401800512,4.272343968316179,2.82450241946157,5.661197309113908,4.29078,1.5186357,5.1098633,7.060579,3.3020575,4.687197,5.1810527,5.1098633,1.2835907,4.29078,2.1563756,4.0792246,2.4822142,1.8955454,4.0792246,2.027847995536483,3.8468809793199776,2.651719963386551,1.9584825169457498,4.102175505208125,-6.1422844,0.3854616,-3.0393293,-4.5735106,-1.0468029,-4.37168,-5.357251,-3.0393293,0.20019567,-6.1422844,-0.27732724,-1.7376608,-2.391909,-1.1507431,-1.7376608,0.008516760162692094,-1.5840254224805346,-1.6206240049296277,-0.8660199025158204,-1.5590218039057833
2012-04-27 18:00:00,-2.38201,-3.2911549,-0.2546969,-0.39448857,-1.866224,-2.6986156,0.0,0.0,-0.8446086,-1.3189979,0.0,0.0,-1.6885675,-2.7152965,-1.866224,-2.6986156,-2.4607348,-0.19937432,-0.30180675,-0.21701752,-2.38201,-3.2911549,-3.0788732,-0.38665962,0.0,0.0,0.0,0.0,-0.6128758,0.0,0.0,0.0,0.0,-0.42666838,0.0,0.0,0.0,0.0,2.298309,3.9424515,0.631746,1.579475,2.7345648,4.7294836,3.2277935,5.8020587,1.8644166,2.9845936,2.5364838,4.1373267,2.7653766,4.6954627,2.7345648,4.7294836,4.3633204,0.5622088,1.2882862,1.3102939,2.298309,3.9424515,3.786591,0.90654415,2.191335,1.7642536,0.8959218,2.191335,2.087191,3.5586855,2.9783034,1.8024557,3.5586855,2.094449,3.7222307,3.0712166,1.821465,3.5861726,287.22235,287.22235,276.0574,276.0574,289.3075,289.3075,290.65564,290.65564,285.66385,285.66385,287.00375,287.00375,290.36844,290.36844,289.3075,289.3075,289.3075,276.60165,276.60165,276.60165,287.22235,287.22235,287.22235,277.43552,284.8815,282.40924,276.9072,284.8815,277.43552,284.8815,282.40924,276.9072,284.8815,277.43552,284.8815,282.40924,276.9072,284.8815,3.4148192,0.50533754,2.7854197,0.0,1.2763519,0.0,2.7024,2.7854197,0.39736483,3.4148192,0.76804626,0.0,0.0,0.0,0.0,0.5745628457971504,0.0,0.0,0.0,0.0,3.9418688,1.5806625,4.729066,5.8034678,2.9845335,4.137883,4.693889,4.729066,1.2891358,3.9418688,2.0886245,3.559011,2.9799266,1.8042655,3.559011,1.9631905582736406,3.3532233113865937,3.312853906811043,1.8666828694456248,3.5861583759721256,0.5270497,1.075325,1.9436463,5.8034678,1.7081816,4.137883,1.9914893,1.9436463,0.89177096,0.5270497,1.3205781,3.559011,2.9799266,1.8042655,3.559011,1.3886277124764903,3.3532233113865937,3.312853906811043,1.8666828694456248,3.5861583759721256
2012-04-27 19:00:00,0.0,0.0,0.0,0.0,0.0,0.0,0.0,0.0,0.0,0.0,0.0,0.0,0.0,0.0,0.0,0.0,0.0,0.0,0.0,0.0,0.0,0.0,0.0,0.0,0.0,0.0,0.0,0.0,0.0,0.0,0.0,0.0,0.0,0.0,0.0,0.0,0.0,0.0,2.1102245,3.7030401,0.65523905,1.6258719,2.4808006,4.380538,3.0102289,5.4627433,1.6806327,2.7225258,2.5914319,4.2132993,2.4080791,4.2021675,2.4808006,4.380538,4.0280786,0.55833125,1.282191,1.3032516,2.1102245,3.7030401,3.5389962,0.8987762,1.9679574,1.665236,0.92451906,1.9679574,2.0731626,3.2920654,2.8476584,1.8494122,3.2920654,2.079692,3.4263825,2.9437785,1.8823676,3.321679,285.95233,285.95233,276.31577,276.31577,287.63315,287.63315,289.24524,289.24524,284.07474,284.07474,287.3764,287.3764,288.07278,288.07278,287.63315,287.63315,287.63315,276.5526,276.5526,276.5526,285.95233,285.95233,285.95233,277.3644,283.39062,281.65887,277.1771,283.39062,277.3644,283.39062,281.65887,277.1771,283.39062,277.3644,283.39062,281.65887,277.1771,283.39062,0.0,0.0,0.0,0.0,0.0,0.0,0.0,0.0,0.0,0.0,0.0,0.0,0.0,0.0,0.0,0.0,0.0,0.0,0.0,0.0,3.7024577,1.6270593,4.38012,5.4641523,2.7224658,4.2138553,4.2005944,4.38012,1.2830406,3.7024577,2.0745962,3.2923906,2.8492818,1.8512222,3.2923906,1.9498028546548347,3.100213333821264,3.139312598832977,1.9139069319451072,3.321688702406873,3.7024577,1.6270593,4.38012,5.4641523,2.7224658,4.2138553,4.2005944,4.38012,1.2830406,3.7024577,2.0745962,3.2923906,2.8492818,1.8512222,3.2923906,1.9498028546548347,3.100213333821264,3.139312598832977,1.9139069319451072,3.321688702406873
2012-04-27 20:00:00,0.0,0.0,0.0,0.0,0.0,0.0,0.0,0.0,0.0,0.0,0.0,0.0,0.0,0.0,0.0,0.0,0.0,0.0,0.0,0.0,0.0,0.0,0.0,0.0,0.0,0.0,0.0,0.0,0.0,0.0,0.0,0.0,0.0,0.0,0.0,0.0,0.0,0.0,2.0688617,3.65039,0.6616603,1.6385535,2.3296103,4.1726394,2.8270204,5.177009,1.71268,2.7682238,2.1993842,3.6712458,2.2061663,3.9234004,2.3296103,4.1726394,3.828345,0.54735017,1.2649297,1.2833086,2.0688617,3.65039,3.4845462,0.9203965,1.8861516,1.6077211,0.90171623,1.8861516,2.112207,3.194423,2.7717733,1.8119702,3.194423,2.120764,3.3180363,2.8697562,1.8338053,3.2248156,285.67303,285.67303,276.38638,276.38638,286.6356,286.6356,288.05756,288.05756,284.35184,284.35184,284.7176,284.7176,286.77548,286.77548,286.6356,286.6356,286.6356,276.41373,276.41373,276.41373,285.67303,285.67303,285.67303,277.56232,282.84464,281.22302,276.96188,282.84464,277.56232,282.84464,281.22302,276.96188,282.84464,277.56232,282.84464,281.22302,276.96188,282.84464,0.0,0.0,0.0,0.0,0.0,0.0,0.0,0.0,0.0,0.0,0.0,0.0,0.0,0.0,0.0,0.0,0.0,0.0,0.0,0.0,3.6498075,1.639741,4.1722217,5.178418,2.7681637,3.6718018,3.921827,4.1722217,1.2657794,3.6498075,2.1136405,3.1947486,2.7733965,1.8137801,3.1947486,1.9870643387612539,3.007555738410106,3.038510705204266,1.8762515623446605,3.224834324379814,3.6498075,1.639741,4.1722217,5.178418,2.7681637,3.6718018,3.921827,4.1722217,1.2657794,3.6498075,2.1136405,3.1947486,2.7733965,1.8137801,3.1947486,1.9870643387612539,3.007555738410106,3.038510705204266,1.8762515623446605,3.224834324379814
2012-04-27 21:00:00,0.0,0.0,0.0,0.0,0.0,0.0,0.0,0.0,0.0,0.0,0.0,0.0,0.0,0.0,0.0,0.0,0.0,0.0,0.0,0.0,0.0,0.0,0.0,0.0,0.0,0.0,0.0,0.0,0.0,0.0,0.0,0.0,0.0,0.0,0.0,0.0,0.0,0.0,2.0777383,3.6616888,0.62813574,1.572345,2.2368555,4.0450945,2.664812,4.9240274,1.6388905,2.663003,2.3580184,3.8905766,2.0206208,3.667231,2.2368555,4.0450945,3.705809,0.5286286,1.2355009,1.2493075,2.0777383,3.6616888,3.4962313,0.950385,1.853719,1.5400381,0.89357746,1.853719,2.1663637,3.1557121,2.6824718,1.798606,3.1557121,2.177733,3.2750819,2.7826467,1.8164723,3.1864135,285.73297,285.73297,276.0177,276.0177,286.0236,286.0236,287.006,287.006,283.7138,283.7138,285.79343,285.79343,285.58334,285.58334,286.0236,286.0236,286.0236,276.17694,276.17694,276.17694,285.73297,285.73297,285.73297,277.83682,282.62817,280.7101,276.88507,282.62817,277.83682,282.62817,280.7101,276.88507,282.62817,277.83682,282.62817,280.7101,276.88507,282.62817,0.0,0.0,0.0,0.0,0.0,0.0,0.0,0.0,0.0,0.0,0.0,0.0,0.0,0.0,0.0,0.0,0.0,0.0,0.0,0.0,3.661106,1.5735326,4.0446763,4.9254365,2.662943,3.891133,3.665658,4.0446763,1.2363507,3.661106,2.1677969,3.1560378,2.6840951,1.8004162,3.1560378,2.038747769684498,2.97082104922273,2.9198874433209348,1.8628116069725211,3.1864357942056514,3.661106,1.5735326,4.0446763,4.9254365,2.662943,3.891133,3.665658,4.0446763,1.2363507,3.661106,2.1677969,3.1560378,2.6840951,1.8004162,3.1560378,2.038747769684498,2.97082104922273,2.9198874433209348,1.8628116069725211,3.1864357942056514
2012-04-27 22:00:00,0.0,0.0,0.0,0.0,0.0,0.0,0.0,0.0,0.0,0.0,0.0,0.0,0.0,0.0,0.0,0.0,0.0,0.0,0.0,0.0,0.0,0.0,0.0,0.0,0.0,0.0,0.0,0.0,0.0,0.0,0.0,0.0,0.0,0.0,0.0,0.0,0.0,0.0,2.091726,3.6794934,0.6549865,1.6253731,2.1645765,3.945705,2.6030445,4.8276935,1.5828962,2.5831578,2.2913482,3.7983973,2.0884573,3.7608876,2.1645765,3.945705,3.6103234,0.50317025,1.1954826,1.2030712,2.091726,3.6794934,3.514645,0.96134686,1.8432482,0.99976194,0.8844751,1.8432482,2.1861598,3.1432142,1.969627,1.7836602,3.1432142,2.1985571,3.2612135,2.0872993,1.7970874,3.1740153,285.82742,285.82742,276.313,276.313,285.5467,285.5467,286.6056,286.6056,283.22964,283.22964,285.34128,285.34128,286.0192,286.0192,285.5467,285.5467,285.5467,275.85495,275.85495,275.85495,285.82742,285.82742,285.82742,277.93716,282.5583,276.61584,276.79916,282.5583,277.93716,282.5583,276.61584,276.79916,282.5583,277.93716,282.5583,276.61584,276.79916,282.5583,0.0,0.0,0.0,0.0,0.0,0.0,0.0,0.0,0.0,0.0,0.0,0.0,0.0,0.0,0.0,0.0,0.0,0.0,0.0,0.0,3.6789112,1.6265606,3.9452875,4.829103,2.5830977,3.7989533,3.7593148,3.9452875,1.1963322,3.6789112,2.1875932,3.14354,1.9712504,1.7854701,3.14354,2.0576399454349845,2.9589611256023876,1.972983448703832,1.8477804292321274,3.1740386936700773,3.6789112,1.6265606,3.9452875,4.829103,2.5830977,3.7989533,3.7593148,3.9452875,1.1963322,3.6789112,2.1875932,3.14354,1.9712504,1.7854701,3.14354,2.0576399454349845,2.9589611256023876,1.972983448703832,1.8477804292321274,3.1740386936700773
2012-04-27 23:00:00,0.0,0.0,0.0,0.0,0.0,0.0,0.0,0.0,0.0,0.0,0.0,0.0,0.0,0.0,0.0,0.0,0.0,0.0,0.0,0.0,0.0,0.0,0.0,0.0,0.0,0.0,0.0,0.0,0.0,0.0,0.0,0.0,0.0,0.0,0.0,0.0,0.0,0.0,2.0900946,3.677417,0.6829028,1.6805056,2.113449,3.8754005,2.4986167,4.6648273,1.5472845,2.532377,2.2117682,3.6883671,1.9133757,3.5191653,2.113449,3.8754005,3.5427802,0.47216222,1.1467406,1.1467562,2.0900946,3.677417,3.5124972,0.9392964,1.8447982,1.1651297,0.66079354,1.8447982,2.1463385,3.1450644,2.1878147,1.4163749,3.1450644,2.156668,3.2632668,2.3001313,1.320719,3.1758509,285.8164,285.8164,276.62,276.62,285.20935,285.20935,285.92862,285.92862,282.92172,282.92172,284.80157,284.80157,284.8943,284.8943,285.20935,285.20935,285.20935,275.46277,275.46277,275.46277,285.8164,285.8164,285.8164,277.73532,282.56863,277.86902,274.68808,282.56863,277.73532,282.56863,277.86902,274.68808,282.56863,277.73532,282.56863,277.86902,274.68808,282.56863,0.0,0.0,0.0,0.0,0.0,0.0,0.0,0.0,0.0,0.0,0.0,0.0,0.0,0.0,0.0,0.0,0.0,0.0,0.0,0.0,3.6768346,1.6816931,3.874983,4.6662364,2.5323167,3.6889238,3.517592,3.874983,1.1475903,3.6768346,2.147772,3.14539,2.1894379,1.4181848,3.14539,2.0196372537033183,2.9607168086186735,2.2628118312811587,1.4784032529019353,3.1758738976358236,3.6768346,1.6816931,3.874983,4.6662364,2.5323167,3.6889238,3.517592,3.874983,1.1475903,3.6768346,2.147772,3.14539,2.1894379,1.4181848,3.14539,2.0196372537033183,2.9607168086186735,2.2628118312811587,1.4784032529019353,3.1758738976358236
2012-05-26 00:00:00,0.0,0.0,0.0,0.0,0.0,0.0,0.0,0.0,0.0,0.0,0.0,0.0,0.0,0.0,0.0,0.0,0.0,0.0,0.0,0.0,0.0,0.0,0.0,0.0,0.0,0.0,0.0,0.0,0.0,0.0,0.0,0.0,0.0,0.0,0.0,0.0,0.0,0.0,1.6097099,3.0659394,0.9003396,2.1099253,1.7807361,3.4178944,1.8023648,3.5789452,1.8697494,2.9921985,2.178577,3.6424766,2.2377665,3.9670284,1.7807361,3.4178944,3.103242,0.40918586,1.0477471,1.0323818,1.6097099,3.0659394,2.8801177,1.0624474,1.9667318,1.3967429,0.55915457,1.9667318,2.3687382,3.2906027,2.4934068,1.2494833,3.2906027,2.390617,3.4247596,2.5982225,1.1042612,3.320228,282.57266,282.57266,279.01123,279.01123,283.0141,283.0141,281.41504,281.41504,285.70996,285.70996,284.57648,284.57648,286.97852,286.97852,283.0141,283.0141,283.0141,274.66626,274.66626,274.66626,282.57266,282.57266,282.57266,278.8626,283.38245,279.6242,273.72882,283.38245,278.8626,283.38245,279.6242,273.72882,283.38245,278.8626,283.38245,279.6242,273.72882,283.38245,0.0,0.0,0.0,0.0,0.0,0.0,0.0,0.0,0.0,0.0,0.0,0.0,0.0,0.0,0.0,0.0,0.0,0.0,0.0,0.0,3.065357,2.1111126,3.4174767,3.5803545,2.9921381,3.643033,3.9654555,3.4174767,1.0485969,3.065357,2.3701718,3.290928,2.4950302,1.2512933,3.290928,2.23188119532352,3.0988253602272673,2.66874378129948,1.3105613310853095,3.3202378626935394,3.065357,2.1111126,3.4174767,3.5803545,2.9921381,3.643033,3.9654555,3.4174767,1.0485969,3.065357,2.3701718,3.290928,2.4950302,1.2512933,3.290928,2.23188119532352,3.0988253602272673,2.66874378129948,1.3105613310853095,3.3202378626935394
2012-05-26 01:00:00,0.0,0.0,0.0,0.0,0.0,0.0,0.0,0.0,0.0,0.0,0.0,0.0,0.0,0.0,0.0,0.0,0.0,0.0,0.0,0.0,0.0,0.0,0.0,0.0,0.0,0.0,0.0,0.0,0.0,0.0,0.0,0.0,0.0,0.0,0.0,0.0,0.0,0.0,1.5306138,2.9652588,0.94260263,2.193391,1.6711129,3.267154,1.745328,3.48999,1.8176024,2.9178388,2.1591463,3.6156118,2.1826546,3.8909397,1.6711129,3.267154,2.9584217,0.40173966,1.0360425,1.0188584,1.5306138,2.9652588,2.7759955,1.0777735,1.8954977,1.370736,0.54945725,1.8954977,2.3964155,3.2055783,2.4590933,1.2335604,3.2055783,2.4197316,3.3304148,2.5647511,1.083609,3.235882,282.03857,282.03857,279.476,279.476,282.2908,282.2908,281.0453,281.0453,285.25906,285.25906,284.4447,284.4447,286.62442,286.62442,282.2908,282.2908,282.2908,274.57208,274.57208,274.57208,282.03857,282.03857,282.03857,279.0029,282.907,279.42712,273.6373,282.907,279.0029,282.907,279.42712,273.6373,282.907,279.0029,282.907,279.42712,273.6373,282.907,0.0,0.0,0.0,0.0,0.0,0.0,0.0,0.0,0.0,0.0,0.0,0.0,0.0,0.0,0.0,0.0,0.0,0.0,0.0,0.0,2.9646761,2.1945786,3.2667363,3.4913993,2.9177785,3.616168,3.8893666,3.2667363,1.036892,2.9646761,2.397849,3.205904,2.4607165,1.2353704,3.205904,2.258294617441825,3.0181416265673024,2.623163426373404,1.2945476536276037,3.235899683984492,2.9646761,2.1945786,3.2667363,3.4913993,2.9177785,3.616168,3.8893666,3.2667363,1.036892,2.9646761,2.397849,3.205904,2.4607165,1.2353704,3.205904,2.258294617441825,3.0181416265673024,2.623163426373404,1.2945476536276037,3.235899683984492
2012-05-26 02:00:00,0.0,0.0,0.0,0.0,0.0,0.0,0.0,0.0,0.0,0.0,0.0,0.0,0.0,0.0,0.0,0.0,0.0,0.0,0.0,0.0,0.0,0.0,0.0,0.0,0.0,0.0,0.0,0.0,0.0,0.0,0.0,0.0,0.0,0.0,0.0,0.0,0.0,0.0,1.4755118,2.89512,0.970039,2.2475755,1.5819888,3.1446018,1.7225577,3.4544773,1.8273436,2.9317288,2.1032758,3.538364,2.1383348,3.8297505,1.5819888,3.1446018,2.8406823,0.41702294,1.0600663,1.0466151,1.4755118,2.89512,2.703459,1.1093689,1.8671392,1.3571528,0.5411665,1.8671392,2.453474,3.1717305,2.4411712,1.219947,3.1717305,2.4797533,3.292856,2.547269,1.0659524,3.2023041,281.6665,281.6665,279.77774,279.77774,281.70276,281.70276,280.89767,280.89767,285.3433,285.3433,284.0658,284.0658,286.33966,286.33966,281.70276,281.70276,281.70276,274.76538,274.76538,274.76538,281.6665,281.6665,281.6665,279.2921,282.71774,279.3242,273.55905,282.71774,279.2921,282.71774,279.3242,273.55905,282.71774,279.2921,282.71774,279.3242,273.55905,282.71774,0.0,0.0,0.0,0.0,0.0,0.0,0.0,0.0,0.0,0.0,0.0,0.0,0.0,0.0,0.0,0.0,0.0,0.0,0.0,0.0,2.8945372,2.248763,3.1441839,3.4558864,2.931669,3.5389202,3.828177,3.1441839,1.0609161,2.8945372,2.4549074,3.172056,2.4427946,1.2217569,3.172056,2.3127475218175437,2.98602143167937,2.599356901572281,1.28085673365376,3.202324654499063,2.8945372,2.248763,3.1441839,3.4558864,2.931669,3.5389202,3.828177,3.1441839,1.0609161,2.8945372,2.4549074,3.172056,2.4427946,1.2217569,3.172056,2.3127475218175437,2.98602143167937,2.599356901572281,1.28085673365376,3.202324654499063
2012-05-26 03:00:00,0.0,0.0,0.0,0.0,0.0,0.0,0.0,0.0,0.0,0.0,0.0,0.0,0.0,0.0,0.0,0.0,0.0,0.0,0.0,0.0,0.0,0.0,0.0,0.0,0.0,0.0,0.0,0.0,0.0,0.0,0.0,0.0,0.0,0.0,0.0,0.0,0.0,0.0,1.4288205,2.8356867,0.99054885,2.2880812,1.5078738,3.0426877,1.714983,3.442664,1.8403566,2.9502852,2.0607383,3.479551,2.0462031,3.7025506,1.5078738,3.0426877,2.7427707,0.44073677,1.0973425,1.0896829,1.4288205,2.8356867,2.6419947,1.1225477,1.8294989,1.3470609,0.42552957,1.8294989,2.477274,3.1268032,2.427856,1.030071,3.1268032,2.5047889,3.2430038,2.5342805,0.81968373,3.1577353,281.35123,281.35123,280.0033,280.0033,281.21375,281.21375,280.84857,280.84857,285.4558,285.4558,283.7773,283.7773,285.7477,285.7477,281.21375,281.21375,281.21375,275.0653,275.0653,275.0653,281.35123,281.35123,281.35123,279.41275,282.46652,279.2477,272.46768,282.46652,279.41275,282.46652,279.2477,272.46768,282.46652,279.41275,282.46652,279.2477,272.46768,282.46652,0.0,0.0,0.0,0.0,0.0,0.0,0.0,0.0,0.0,0.0,0.0,0.0,0.0,0.0,0.0,0.0,0.0,0.0,0.0,0.0,2.8351045,2.2892685,3.0422697,3.444073,2.9502249,3.480107,3.7009776,3.0422697,1.0981922,2.8351045,2.4787073,3.1271288,2.4294791,1.0325042,3.1271288,2.335460651605157,2.943387854717509,2.5816696347025467,1.0905225476013993,3.157760055543233,2.8351045,2.2892685,3.0422697,3.444073,2.9502249,3.480107,3.7009776,3.0422697,1.0981922,2.8351045,2.4787073,3.1271288,2.4294791,1.0325042,3.1271288,2.335460651605157,2.943387854717509,2.5816696347025467,1.0905225476013993,3.157760055543233
2012-05-26 04:00:00,0.0,0.0,0.0,0.0,0.0,0.0,-2.8876674,-5.2432246,0.0,0.0,-0.91440207,-1.4953359,0.0,0.0,0.0,0.0,0.0,0.0,0.0,0.0,0.0,0.0,0.0,0.0,0.0,-0.20381802,0.0,0.0,0.0,0.0,-0.32303774,0.0,0.0,0.0,0.0,-0.21320672,0.0,0.0,1.3883346,2.7841527,0.9758692,2.25909,1.4418945,2.951961,1.9182554,3.7596893,1.8381965,2.9472048,1.9997382,3.3952103,1.9391813,3.5547931,1.4418945,2.951961,2.655607,0.43236405,1.0841812,1.0744767,1.3883346,2.7841527,2.588699,1.0688552,1.7645335,1.3351729,0.48868334,1.7645335,2.38031,3.0492618,2.4121711,1.1337696,3.0492618,2.4027898,3.156962,2.5189805,0.9541806,3.0808125,281.07785,281.07785,279.84186,279.84186,280.7784,280.7784,282.16632,282.16632,285.43713,285.43713,283.36362,283.36362,285.0601,285.0601,280.7784,280.7784,280.7784,274.9594,274.9594,274.9594,281.07785,281.07785,281.07785,278.92126,282.03293,279.15762,273.06372,282.03293,278.92126,282.03293,279.15762,273.06372,282.03293,278.92126,282.03293,279.15762,273.06372,282.03293,0.0,0.0,0.0,5.90178,0.0,1.5647671,0.0,0.0,0.0,0.0,0.0,0.0,0.40576202,0.0,0.0,0.0,0.0,0.3101378857105743,0.0,0.0,2.7835703,2.2602773,2.951543,3.7610986,2.947145,3.3957667,3.55322,2.951543,1.085031,2.7835703,2.3817434,3.0495872,2.4137943,1.1356584,3.0495872,2.242924614360149,2.869804538211907,2.560834514271798,1.1942673122567242,3.080843896412471,2.7835703,2.2602773,2.951543,-2.1406815,2.947145,1.8309995,3.55322,2.951543,1.085031,2.7835703,2.3817434,3.0495872,2.008032,1.1356584,3.0495872,2.242924614360149,2.869804538211907,2.2506966285612235,1.1942673122567242,3.080843896412471
2012-05-26 05:00:00,-5.502985,-7.3222437,-2.4153254,-4.537902,-5.1417465,-7.4710984,-9.134321,-16.012814,-0.97349656,-1.5436225,-7.6281767,-11.526991,-3.6524673,-5.524792,-5.1417465,-7.4710984,-6.326613,-0.289006,-0.35855412,-0.29305622,-5.502985,-7.3222437,-6.6824455,-2.567638,-6.147361,-1.6429062,-1.361236,-6.147361,-4.4040666,-7.7844687,-2.5402367,-2.1218162,-7.7844687,-3.0607655,-7.0076423,-1.7508044,-1.5154271,-6.951275,1.6697382,3.142349,1.0576258,2.4205523,1.653227,3.2425597,2.2991388,4.3537197,1.810787,2.9081202,2.1914375,3.660258,2.0837076,3.75433,1.653227,3.2425597,2.9347932,0.4216581,1.0673525,1.0550332,1.6697382,3.142349,2.959139,1.1263183,1.9200243,1.3601046,0.84852815,1.9200243,2.4840834,3.234853,2.445066,1.7246351,3.234853,2.511952,3.362898,2.5510683,1.7205322,3.2649233,282.978,282.978,280.74097,280.74097,282.1728,282.1728,284.63547,284.63547,285.20013,285.20013,284.6637,284.6637,285.98868,285.98868,282.1728,282.1728,282.1728,274.824,274.824,274.824,282.978,282.978,282.978,279.44727,283.0707,279.34656,276.4599,283.0707,279.44727,283.0707,279.34656,276.4599,283.0707,279.44727,283.0707,279.34656,276.4599,283.0707,7.497543,4.930659,7.4137845,17.021475,1.4554851,11.71006,5.3778396,7.4137845,0.4937175,7.497543,4.9564633,8.064776,3.1110387,2.7744503,8.064776,4.257408471790095,7.564301879649458,2.5193373717980156,2.5458527835092917,7.791149492189448,3.1417665,2.4217398,3.2421417,4.3551283,2.90806,3.6608145,3.752757,3.2421417,1.0682021,3.1417665,2.4855168,3.2351785,2.4466891,1.7264452,3.2351785,2.341959146366045,3.045921814471022,2.6045303918418403,1.788419291420419,3.2649381325752445,-4.3557763,-2.5089192,-4.171643,-12.666347,1.4525751,-8.049246,-1.6250827,-4.171643,0.57448465,-4.3557763,-2.4709463,-4.829598,-0.6643495,-1.0480051,-4.829598,-1.9154493254240497,-4.518380065178436,0.08519302004382467,-0.7574334920888726,-4.526211359614203
2012-05-26 06:00:00,-11.567306,-14.730566,-4.8303237,-9.021633,-10.74456,-14.995329,-13.480031,-22.978245,-4.0008407,-5.967253,-11.8922,-17.22895,-9.567204,-12.806678,-10.74456,-14.995329,-13.08933,-0.55051064,-0.65402174,-0.5912969,-11.567306,-14.730566,-13.869177,-4.460182,-10.176156,-2.088362,-3.1093593,-10.176156,-7.6435432,-12.499514,-3.2104378,-4.970417,-12.499514,-5.56861,-11.488952,-2.2398095,-3.736627,-11.363701,2.0621278,3.641818,1.174192,2.6507607,1.9903202,3.706089,2.497845,4.663623,1.7998601,2.8925388,2.3878884,3.9318757,2.424352,4.224634,1.9903202,3.706089,3.380118,0.41438568,1.0559207,1.0418253,2.0621278,3.641818,3.4756813,1.2546403,2.110892,1.3830147,1.0126517,2.110892,2.7158215,3.4626696,2.4752934,1.9941261,3.4626696,2.7557242,3.615689,2.5805538,2.0700612,3.4909227,285.62756,285.62756,282.0229,282.0229,284.39694,284.39694,285.9236,285.9236,285.10565,285.10565,285.996,285.996,288.17734,288.17734,284.39694,284.39694,284.39694,274.73203,274.73203,274.73203,285.62756,285.62756,285.62756,280.6219,284.3446,279.52017,278.00888,284.3446,280.6219,284.3446,279.52017,278.00888,284.3446,280.6219,284.3446,279.52017,278.00888,284.3446,14.844713,9.461223,14.799287,23.770998,5.5990853,17.26309,12.563015,14.799287,0.8789307,14.844713,8.316672,12.766182,3.8972025,6.0332184,12.766182,7.4414310849913115,12.29163770390263,3.2027508261862168,5.306617089516554,12.30711867262115,3.6412358,2.6519482,3.705671,4.6650324,2.8924787,3.9324324,4.223061,3.705671,1.0567704,3.6412358,2.7172546,3.4629953,2.4769168,1.995936,3.4629953,2.563114816875847,3.2621090597478637,2.6446831696638355,2.059445042244282,3.490917245088996,-11.203478,-6.8092747,-11.093616,-19.105965,-2.7066066,-13.330657,-8.339953,-11.093616,0.17783979,-11.203478,-5.5994177,-9.303187,-1.4202856,-4.0372825,-9.303187,-4.878316268115464,-9.029528644154766,-0.5580676565223812,-3.2471720472722723,-8.816201427532155
2012-05-26 07:00:00,-15.959998,-19.660635,-6.393016,-11.876808,-15.106583,-20.423689,-16.27166,-27.208717,-7.9324603,-11.02219,-8.515315,-12.830433,-14.022985,-17.481716,-15.106583,-20.423689,-18.091848,-0.75746864,-0.8778605,-0.8435867,-15.959998,-19.660635,-18.728237,-6.524104,-11.91786,-3.1189623,-5.0902367,-11.91786,-11.135802,-14.433567,-4.734079,-8.182007,-14.433567,-8.399267,-13.384687,-3.3913298,-6.391705,-13.221995,2.3783133,4.0442886,1.3091421,2.9172764,2.3217382,4.1618147,2.6727772,4.936451,1.8514389,2.966088,2.4549234,4.02456,2.7395425,4.6597953,2.3217382,4.1618147,3.8179452,0.42222512,1.0682437,1.0560629,2.3783133,4.0442886,3.8919094,1.4295468,2.1628397,1.4301071,1.2002213,2.1628397,3.0316868,3.5246737,2.537428,2.3021157,3.5246737,3.0879924,3.6844904,2.6411629,2.4695232,3.5524323,287.76257,287.76257,283.507,283.507,286.58365,286.58365,287.05765,287.05765,285.55164,285.55164,286.45062,286.45062,290.20245,290.20245,286.58365,286.58365,286.58365,274.83118,274.83118,274.83118,287.76257,287.76257,287.76257,282.22293,284.6913,279.87704,279.77914,284.6913,282.22293,284.6913,279.87704,279.77914,284.6913,282.22293,284.6913,279.87704,279.77914,284.6913,19.678339,12.245854,20.158495,27.704914,10.335188,12.984114,17.240025,20.158495,1.1609467,19.678339,11.784997,14.66745,5.642642,9.419098,14.66745,10.842836766463925,14.267968503108866,4.784907919047381,8.103524628842012,14.131307356301713,4.043706,2.918464,4.1613965,4.937859,2.966028,4.025116,4.658222,4.1613965,1.0690935,4.043706,3.0331202,3.5249991,2.5390513,2.3039258,3.5249991,2.864556488529673,3.320947746320228,2.7272190430775134,2.369188757471554,3.552420939056099,-15.634634,-9.327391,-15.997099,-22.767054,-7.36916,-8.958998,-12.581803,-15.997099,-0.091853276,-15.634634,-8.751877,-11.14245,-3.103591,-7.115172,-11.14245,-7.978280277934252,-10.947020756788639,-2.0576888759698675,-5.734335871370457,-10.578886417245615
2012-05-26 08:00:00,-18.822552,-22.640827,-7.443323,-13.74795,-18.322481,-24.1772,-18.24801,-30.078018,-8.265347,-11.448927,-10.305763,-15.230059,-16.750011,-20.025105,-18.322481,-24.1772,-21.598969,-1.1295664,-1.3312738,-1.3089505,-18.822552,-22.640827,-21.681448,-6.458902,-12.524942,-4.9483886,-5.652433,-12.524942,-11.0481615,-15.145629,-7.365671,-8.999416,-15.145629,-8.277064,-14.064564,-5.498404,-7.224387,-13.892384,2.5760877,4.296034,1.386839,3.070721,2.6105018,4.5588875,2.8354328,5.190129,1.8998166,3.0350728,2.4603367,4.0320444,2.909371,4.8942647,2.6105018,4.5588875,4.1994233,0.4570021,1.1229101,1.1192231,2.5760877,4.296034,4.15226,1.4676834,2.2572973,1.516637,1.2028728,2.2572973,3.1005578,3.6374168,2.651596,2.3064694,3.6374168,3.16044,3.8095927,2.7525287,2.4751701,3.664276,289.09802,289.09802,284.36145,284.36145,288.48892,288.48892,288.1121,288.1121,285.96994,285.96994,286.48734,286.48734,291.2936,291.2936,288.48892,288.48892,288.48892,275.27103,275.27103,275.27103,289.09802,289.09802,289.09802,282.57202,285.32175,280.53278,279.80417,285.32175,282.57202,285.32175,280.53278,279.80417,285.32175,282.57202,285.32175,280.53278,279.80417,285.32175,22.585003,14.033207,23.900585,30.288013,10.771983,15.329577,19.798615,23.900585,1.704967,22.585003,11.698625,15.3621,8.532809,10.263222,15.3621,10.720962134961358,14.963474779477648,7.575209983665097,8.804892588257124,14.792939207212118,4.295451,3.0719087,4.5584693,5.1915383,3.0350125,4.0326004,4.892692,4.5584693,1.1237599,4.295451,3.1019912,3.6377423,2.6532192,2.3082795,3.6377423,2.9302826437638014,3.427935651188805,2.878873593448617,2.373567288820443,3.664254695765225,-18.28955,-10.961299,-19.342115,-25.096476,-7.7369704,-11.296977,-14.905922,-19.342115,-0.5812072,-18.28955,-8.596633,-11.724358,-5.8795905,-7.954942,-11.724358,-7.790679491197556,-11.535539128288843,-4.69633639021648,-6.431325299436681,-11.128684511446894
2012-05-26 09:00:00,-20.76358,-24.574753,-7.440413,-13.744646,-20.471474,-26.552359,-19.451992,-31.765057,-10.280502,-13.810124,-11.847671,-17.222689,-18.083555,-21.29334,-20.471474,-26.552359,-23.84614,-1.576427,-2.0613096,-1.9132032,-20.76358,-24.574753,-23.605307,-6.9105587,-11.742168,-6.712217,-6.434064,-11.742168,-11.7659445,-14.328195,-9.806571,-10.252773,-14.328195,-8.956988,-13.238192,-7.599968,-8.291361,-13.086819,2.7365718,4.500312,1.3991627,3.0950594,2.8466585,4.8836203,2.9370503,5.3486123,1.9750216,3.1423116,2.4766302,4.054573,3.1370707,5.208634,2.8466585,4.8836203,4.511403,0.5023885,1.1942538,1.2016516,2.7365718,4.500312,4.363521,1.4380686,2.305939,1.5769985,1.2854923,2.305939,3.0470757,3.6954746,2.731238,2.4421308,3.6954746,3.1041806,3.8740153,2.8302155,2.6511226,3.7218704,290.18167,290.18167,284.49698,284.49698,290.0471,290.0471,288.77084,288.77084,286.6202,286.6202,286.59784,286.59784,292.7566,292.7566,290.0471,290.0471,290.0471,275.84506,275.84506,275.84506,290.18167,290.18167,290.18167,282.30093,285.6464,280.9902,280.58392,285.6464,282.30093,285.6464,280.9902,280.58392,285.6464,282.30093,285.6464,280.9902,280.58392,285.6464,24.46605,14.032692,26.300072,31.778986,13.041708,17.259462,21.122278,26.300072,2.5045936,24.46605,12.396776,14.559532,11.1111,11.506063,14.559532,11.476514262847013,14.098388078714637,10.274018253294855,9.816035027717742,14.019603439874098,4.4997296,3.096247,4.8832026,5.350022,3.1422513,4.055129,5.207061,4.8832026,1.1951034,4.4997296,3.0485091,3.6958003,2.732861,2.4439409,3.6958003,2.879242741941548,3.483029916460947,2.9846654701886215,2.510001257717355,3.7218443706549387,-19.966318,-10.936445,-21.416868,-26.428965,-9.899457,-13.204333,-15.915218,-21.416868,-1.3094903,-19.966318,-9.348267,-10.863732,-8.37824,-9.062123,-10.863732,-8.597271520905466,-10.61535816225369,-7.289352783106233,-7.306033770000387,-10.29775906921916
2012-05-26 10:00:00,-22.113485,-25.899908,-6.8731956,-12.740248,-21.920763,-28.084042,-20.392826,-33.046577,-11.531618,-15.19384,-13.41973,-19.178122,-13.870675,-17.624107,-21.920763,-28.084042,-25.329266,-2.253366,-3.220739,-2.8284147,-22.113485,-25.899908,-24.932537,-6.8568993,-9.789478,-8.624607,-6.442478,-9.789478,-11.678099,-12.154196,-12.41999,-10.212011,-12.154196,-8.880169,-11.114007,-9.920081,-8.354158,-11.004051,2.910085,4.721176,1.3631157,3.0238695,3.0994327,5.231206,3.0842366,5.578166,2.0078912,3.1891818,2.4892979,4.072087,3.20295,5.2995887,3.0994327,5.231206,4.845337,0.58311385,1.3211474,1.348261,2.910085,4.721176,4.5919347,1.435818,2.3057194,1.6912508,1.2536745,2.3057194,3.0430117,3.6952128,2.8819828,2.389886,3.6952128,3.0999055,3.8737247,2.9772606,2.583361,3.7216108,291.3533,291.3533,284.10056,284.10056,291.7149,291.7149,289.725,289.725,286.90442,286.90442,286.68375,286.68375,293.17987,293.17987,291.7149,291.7149,291.7149,276.86606,276.86606,276.86606,291.3533,291.3533,291.3533,282.28033,285.64493,281.85602,280.28363,285.64493,282.28033,285.64493,281.85602,280.28363,285.64493,282.28033,285.64493,281.85602,280.28363,285.64493,25.75247,13.077632,27.900545,32.842175,14.366821,19.138561,17.505688,27.900545,3.7435415,25.75247,12.311727,12.414217,13.741461,11.476416,12.414217,11.389098784256868,11.876907278275432,13.051617240604036,9.796798029101655,11.958799163351511,4.7205935,3.025057,5.2307878,5.579575,3.1891217,4.072643,5.2980156,5.2307878,1.321997,4.7205935,3.044445,3.6955385,2.8836062,2.391696,3.6955385,2.875364329948975,3.482781324175455,3.184907069694303,2.457458881530685,3.721584518765983,-21.031878,-10.052575,-22.669758,-27.2626,-11.177699,-15.065917,-12.207673,-22.669758,-2.4215443,-21.031878,-9.267282,-8.718678,-10.857855,-9.08472,-8.718678,-8.513734454307894,-8.394125954099977,-9.866710170909734,-7.33933914757097,-8.237214644585528
2012-05-26 11:00:00,-22.805008,-26.568483,-7.4760814,-13.808782,-22.590567,-28.735603,-20.96213,-33.780983,-9.427183,-12.900079,-17.817965,-24.250057,-18.961767,-22.080313,-22.590567,-28.735603,-25.99185,-2.440611,-3.5325599,-3.0860858,-22.805008,-26.568483,-25.610142,-7.0061936,-11.066701,-6.3725557,-7.287276,-11.066701,-11.91684,-13.576553,-9.385367,-11.594217,-13.576553,-9.10265,-12.502529,-7.1778607,-9.4700775,-12.365408,3.048997,4.8979955,1.4128461,3.122083,3.3060892,5.5153747,3.2455082,5.8296866,2.0521183,3.2522478,2.534652,4.134794,3.3486586,5.500759,3.3060892,5.5153747,5.1183457,0.60354626,1.3532653,1.3853691,3.048997,4.8979955,4.7747993,1.4326607,2.2861905,1.6186587,1.3715814,2.2861905,3.0373101,3.6719034,2.7862043,2.583489,3.6719034,3.0939078,3.8478599,2.8838327,2.834464,3.6984875,292.2913,292.2913,284.64746,284.64746,293.07843,293.07843,290.77048,290.77048,287.28683,287.28683,286.99133,286.99133,294.11606,294.11606,293.07843,293.07843,293.07843,277.12448,277.12448,277.12448,292.2913,292.2913,292.2913,282.25143,285.5146,281.3059,281.39642,285.5146,282.25143,285.5146,281.3059,281.39642,285.5146,282.25143,285.5146,281.3059,281.39642,285.5146,26.399858,14.095585,28.630238,33.373196,12.267452,23.951347,21.970402,28.630238,4.0717545,26.399858,12.542148,13.821054,10.642068,12.805101,13.821054,11.635949922116854,13.333169806529401,9.661434059100605,10.871038772807513,13.31137036959572,4.8974133,3.1232708,5.5149565,5.8310957,3.2521877,4.1353507,5.4991856,5.5149565,1.3541149,4.8974133,3.0387435,3.672229,2.7878277,2.5852993,3.672229,2.8699230615682843,3.4606617897726233,3.0576801452753757,2.6521646950744584,3.6984631142299835,-21.502445,-10.972314,-23.115282,-27.542099,-9.0152645,-19.815996,-16.471216,-23.115282,-2.7176397,-21.502445,-9.503404,-10.148826,-7.8542404,-10.219802,-10.148826,-8.76602686054857,-9.872508016756779,-6.60375391382523,-8.218874077733055,-9.612907255365736
2012-05-26 12:00:00,-23.006893,-26.777563,-6.974231,-12.923601,-22.597841,-28.740614,-20.484653,-33.10518,-8.88976,-12.275663,-19.113514,-25.899097,-20.267046,-23.102602,-22.597841,-28.740614,-25.999706,-2.1664054,-3.1662014,-2.6690326,-23.006893,-26.777563,-25.841114,-8.035234,-14.893581,-5.9206576,-7.927502,-14.893581,-13.626675,-17.663244,-8.778721,-12.619771,-17.663244,-10.510781,-16.588167,-6.6346207,-10.322067,-16.35898,3.2219458,5.11814,1.3994845,3.0956953,3.3171527,5.5305877,3.3454447,5.985549,2.0536215,3.2543914,2.8423717,4.5602546,3.484151,5.6878233,3.3171527,5.5305877,5.1329613,0.60596645,1.3570694,1.3897644,3.2219458,5.11814,5.0024686,1.555115,2.3241143,1.6302004,1.4617739,2.3241143,3.2584512,3.717169,2.8014326,2.731585,3.717169,3.3265333,3.8980877,2.8986874,3.026544,3.743392,293.4591,293.4591,284.50052,284.50052,293.15143,293.15143,291.41833,291.41833,287.29984,287.29984,289.07825,289.07825,294.9866,294.9866,293.15143,293.15143,293.15143,277.1551,277.1551,277.1551,293.4591,293.4591,293.4591,283.37234,285.7677,281.39337,282.24765,285.7677,283.37234,285.7677,281.39337,282.24765,285.7677,283.37234,285.7677,281.39337,282.24765,285.7677,26.59963,13.257499,28.64044,32.661327,11.682034,25.541729,23.031096,28.64044,3.687496,26.59963,14.183723,17.81094,9.990453,13.761902,17.81094,13.256683913516172,17.561956359584833,8.936096428200939,11.644743174506516,17.13950134116366,5.117558,3.0968826,5.5301695,5.986958,3.2543316,4.560811,5.68625,5.5301695,1.3579191,5.117558,3.2598848,3.7174942,2.8030558,2.733395,3.7174942,3.0809661319196753,3.503616465103245,3.077908280490323,2.8011041766775877,3.7433633552090475,-21.482073,-10.160616,-23.11027,-26.67437,-8.427702,-20.980917,-17.344845,-23.11027,-2.329577,-21.482073,-10.923839,-14.093445,-7.1873965,-11.028506,-14.093445,-10.175717781596497,-14.058339894481588,-5.8581881477106155,-8.84363899782893,-13.39613798595461
2012-05-26 13:00:00,-22.593721,-26.419207,-8.755348,-16.027584,-22.269234,-28.398466,-20.223991,-32.745575,-9.583748,-13.091045,-11.109853,-16.351902,-19.754206,-22.700945,-22.269234,-28.398466,-25.707325,-2.615398,-3.8970978,-3.2823067,-22.593721,-26.419207,-25.488297,-6.7863274,-13.601152,-4.939483,-8.019534,-13.601152,-11.612461,-16.34345,-7.4067044,-12.821828,-16.34345,-8.695409,-15.238098,-5.480486,-10.378087,-15.044098,3.2306006,5.129157,1.5002277,3.2946544,3.4052963,5.6517916,3.3610172,6.009836,2.0706406,3.2786598,2.669608,4.3213873,3.5665119,5.8015337,3.4052963,5.6517916,5.2494054,0.65328556,1.4314512,1.4757029,3.2306006,5.129157,5.0138617,1.5469869,2.3470132,1.6077412,1.5244782,2.3470132,3.2437727,3.7445006,2.7718,2.8345456,3.7445006,3.3110924,3.9284153,2.869782,3.1600838,3.7705054,293.51755,293.51755,285.60843,285.60843,293.733,293.733,291.5193,291.5193,287.447,287.447,287.9066,287.9066,295.51578,295.51578,293.733,293.733,293.733,277.75357,277.75357,277.75357,293.51755,293.51755,293.51755,283.29794,285.92053,281.22318,282.83945,285.92053,283.29794,285.92053,281.22318,282.83945,285.92053,283.29794,285.92053,281.22318,282.83945,285.92053,26.251938,16.178501,28.352282,32.317158,12.465102,16.420351,22.66007,28.352282,4.456843,26.251938,12.24373,16.529129,8.525299,13.916604,16.529129,11.225641186201496,16.16827788174386,7.4437116091019195,11.766973580399004,15.908170440853471,5.128575,3.295842,5.651374,6.0112453,3.2785997,4.3219438,5.79996,5.651374,1.4323008,5.128575,3.2452064,3.744826,2.7734232,2.8363557,3.744826,3.0669578823820576,3.5295529268895676,3.038545995042394,2.9046511034064397,3.770474568956715,-21.123363,-12.88266,-22.700907,-26.305912,-9.186502,-12.098407,-16.86011,-22.700907,-3.024542,-21.123363,-8.998524,-12.784303,-5.7518764,-11.080249,-12.784303,-8.158683303819439,-12.638724954854293,-4.405165614059525,-8.862322476992563,-12.137695871896756
2012-05-26 14:00:00,-21.725588,-25.650154,-8.452603,-15.505867,-21.46561,-27.587366,-19.970316,-32.404335,-7.53686,-10.641523,-12.129134,-17.633047,-18.754683,-21.92248,-21.46561,-27.587366,-24.968256,-2.721769,-4.095854,-3.411923,-21.725588,-25.650154,-24.735792,-6.4908285,-14.559892,-7.581802,-7.1909423,-14.559892,-11.146378,-17.378979,-11.018715,-11.503909,-17.378979,-8.23838,-16.26754,-8.643817,-9.273272,-16.052061,3.276917,5.1881127,1.5732375,3.4388428,3.4558408,5.7212944,3.3506231,5.993625,2.0382438,3.2324638,2.5945907,4.217667,3.5372388,5.761119,3.4558408,5.7212944,5.3161793,0.6773348,1.4692544,1.5193799,3.276917,5.1881127,5.0748324,1.6135349,2.4028106,1.645012,1.4062254,2.4028106,3.3639526,3.8110998,2.8209748,2.6403744,3.8110998,3.4375126,4.0023155,2.91775,2.9082441,3.8365734,293.8303,293.8303,286.41135,286.41135,294.0665,294.0665,291.4519,291.4519,287.16687,287.16687,287.39783,287.39783,295.3277,295.3277,294.0665,294.0665,294.0665,278.05774,278.05774,278.05774,293.8303,293.8303,293.8303,283.9071,286.29294,281.5056,281.7234,286.29294,283.9071,286.29294,281.5056,281.7234,286.29294,283.9071,286.29294,281.5056,281.7234,286.29294,25.504477,15.702684,27.591177,32.014084,10.130337,17.658201,21.876093,27.591177,4.664898,25.504477,11.777187,17.53507,12.334177,12.6972475,17.53507,10.710504219674299,17.222857422276995,11.51368696824051,10.77936588319837,16.8702942295736,5.18753,3.4400303,5.7208767,5.995034,3.2324038,4.218223,5.7595453,5.7208767,1.4701041,5.18753,3.365386,3.8114252,2.8225982,2.6421845,3.8114252,3.1816497072468577,3.592752336469935,3.1038674854172514,2.7093739449183594,3.836536498142574,-20.316948,-12.262654,-21.8703,-26.019049,-6.8979325,-13.439979,-16.116549,-21.8703,-3.194794,-20.316948,-8.411801,-13.723646,-9.511579,-10.055063,-13.723646,-7.528854512427441,-13.63010508580706,-8.40981948282326,-8.06999193828001,-13.033757731431024
2012-05-26 15:00:00,-20.210262,-24.262096,-7.5825477,-13.994612,-20.086792,-26.163511,-18.400356,-30.241913,-10.934224,-14.621821,-12.381637,-17.941145,-14.542956,-18.29477,-20.086792,-26.163511,-23.661335,-2.6078963,-3.8859372,-3.271348,-20.210262,-24.262096,-23.355375,-5.44283,-8.803382,-6.9568124,-6.1629806,-8.803382,-9.403276,-11.025263,-10.220454,-9.987554,-11.025263,-6.798036,-10.029224,-7.8681793,-7.7693624,-9.937868,3.2131147,5.1068997,1.5462756,3.3855953,3.5079262,5.7929153,3.2912889,5.9010873,2.095798,3.3145335,2.5717268,4.1860547,3.5146394,5.7299175,3.5079262,5.7929153,5.384987,0.65298396,1.430977,1.4751554,3.2131147,5.1068997,4.990844,1.5740514,2.3085454,1.6836958,1.3837976,2.3085454,3.2926493,3.698586,2.8720152,2.6035483,3.698586,3.3625066,3.8774672,2.9675374,2.8604803,3.7249568,293.39948,293.39948,286.11484,286.11484,294.41016,294.41016,291.06726,291.06726,287.66452,287.66452,287.24277,287.24277,295.1825,295.1825,294.41016,294.41016,294.41016,277.74976,277.74976,277.74976,293.39948,293.39948,293.39948,283.5457,285.6638,281.79877,281.51172,285.6638,283.5457,285.6638,281.79877,281.51172,285.6638,283.5457,285.6638,281.79877,281.51172,285.6638,24.157438,14.283315,26.233244,30.074532,13.930024,17.954468,18.26117,26.233244,4.4452415,24.157438,10.052391,11.291555,11.479514,11.186956,11.291555,9.005040549470573,10.73544061305947,10.458092400388878,9.539244809983886,10.879659513447699,5.106317,3.3867831,5.7924976,5.9024963,3.3144734,4.1866107,5.728344,5.7924976,1.4318267,5.106317,3.2940826,3.6989112,2.8736384,2.6053581,3.6989112,3.11360225061273,3.4859819498511633,3.1716663224286927,2.672337977313609,3.7249301118362825,-19.05112,-10.896531,-20.440746,-24.172035,-10.615551,-13.767857,-12.5328245,-20.440746,-3.0134149,-19.05112,-6.758308,-7.592644,-8.605876,-8.581598,-7.592644,-5.891438298857843,-7.249458663208307,-7.2864260779601855,-6.866906832670278,-7.154729401611416
2012-05-26 16:00:00,-17.818459,-21.934286,-7.7699986,-14.323915,-17.927397,-23.89353,-16.26306,-27.155172,-10.027717,-13.640543,-9.615903,-14.340264,-10.84607,-14.600357,-17.927397,-23.89353,-21.526566,-2.3866146,-3.5911846,-2.9333596,-17.818459,-21.934286,-21.042955,-6.566277,-5.3298626,-5.979576,-6.214395,-5.3298626,-11.273713,-6.8739657,-8.8884535,-10.052188,-6.8739657,-8.336386,-6.1425214,-6.6974087,-7.8544564,-6.102862,3.0952227,4.9568357,1.5384669,3.370174,3.3908422,5.631917,3.262427,5.856073,2.1458206,3.385863,2.5297563,4.1280255,3.3653305,5.523776,3.3908422,5.631917,5.2303114,0.662013,1.4451698,1.4915533,3.0952227,4.9568357,4.8356504,1.6306112,2.2761586,1.6771922,1.3738254,2.2761586,3.3947906,3.659929,2.8634336,2.5871735,3.659929,3.4699526,3.834573,2.9591663,2.839243,3.6866083,292.60342,292.60342,286.02896,286.02896,293.63763,293.63763,290.88016,290.88016,288.09705,288.09705,286.95813,286.95813,294.22318,294.22318,293.63763,293.63763,293.63763,277.86395,277.86395,277.86395,292.60342,292.60342,292.60342,284.06342,285.44763,281.74948,281.4176,285.44763,284.06342,285.44763,281.74948,281.4176,285.44763,284.06342,285.44763,281.74948,281.4176,285.44763,21.893064,14.593833,23.976072,27.220425,13.059498,14.461896,14.547132,23.976072,4.137431,21.893064,11.899159,7.114146,10.078093,11.258729,7.114146,10.825754143719971,6.613708186342616,8.955384229392493,9.599776019269948,6.861664486885191,4.9562535,3.3713613,5.6314983,5.8574824,3.3858032,4.1285815,5.522203,5.6314983,1.4460195,4.9562535,3.3962243,3.660255,2.8650572,2.5889838,3.660255,3.2110796720260524,3.4492990507232646,3.1602677047133603,2.655870427703884,3.6865857174723193,-16.93681,-11.222472,-18.344574,-21.362942,-9.673694,-10.333314,-9.024928,-18.344574,-2.6914117,-16.93681,-8.502934,-3.453891,-7.2130356,-8.6697445,-3.453891,-7.6146744716939185,-3.1644091356193513,-5.795116524679132,-6.943905591566064,-3.1750787694128717
2012-05-26 17:00:00,-14.038694,-17.930603,-6.0638227,-11.294069,-14.433383,-19.895706,-12.727684,-21.769169,-9.405247,-12.9381695,-7.1958213,-11.003678,-5.5936437,-8.336665,-14.433383,-19.895706,-17.801107,-1.8046464,-2.697461,-2.143564,-14.038694,-17.930603,-17.087454,-6.0625796,-2.3550427,-4.201097,-4.242885,-2.3550427,-10.44123,-3.1159453,-6.376141,-7.012102,-3.1159453,-7.6363335,-2.7427368,-4.6248393,-5.1359053,-2.7311602,2.918975,4.7324915,1.5194445,3.3326058,3.2054806,5.3770294,3.203672,5.7644386,2.1750937,3.4276052,2.4801002,4.0593696,3.1813335,5.269745,3.2054806,5.3770294,4.9854345,0.6236987,1.3849431,1.4219689,2.918975,4.7324915,4.603637,1.6199193,2.2289755,1.6446778,1.2873743,2.2289755,3.3754823,3.6036124,2.8205338,2.4452207,3.6036124,3.4496412,3.7720828,2.9173198,2.6551304,3.6307411,291.41333,291.41333,285.81976,285.81976,292.4146,292.4146,290.49927,290.49927,288.35016,288.35016,286.62137,286.62137,293.041,293.041,292.4146,292.4146,292.4146,277.37936,277.37936,277.37936,291.41333,291.41333,291.41333,283.96555,285.13272,281.50308,280.60168,285.13272,283.96555,285.13272,281.50308,280.60168,285.13272,283.96555,285.13272,281.50308,280.60168,285.13272,17.979668,11.695654,19.999609,22.145761,12.424697,11.180929,8.287967,19.999609,3.1810248,17.979668,11.079045,3.257934,7.3743057,8.133497,3.257934,10.005791008477516,2.9670061144538713,6.268143650139855,7.008022418985541,3.14577003599836,4.7319093,3.3337934,5.3766117,5.7658477,3.4275453,4.059926,5.268172,5.3766117,1.3857929,4.7319093,3.3769157,3.603938,2.8221571,2.4470308,3.603938,3.1926529057146746,3.3958568883484546,3.1032816741043274,2.5131089470405907,3.6307229749279553,-13.247758,-8.361861,-14.622998,-16.379913,-8.997152,-7.121003,-3.019795,-14.622998,-1.7952319,-13.247758,-7.7021294,0.3460039,-4.552149,-5.6864667,0.3460039,-6.813138102762841,0.42885077389458326,-3.1648619760355277,-4.49491347194495,0.48495293892959523
2012-05-26 18:00:00,-8.219757,-11.049822,-3.7580562,-7.082643,-8.820252,-12.739889,-6.66082,-11.836801,-4.511103,-6.7259197,-3.4565208,-5.502658,-3.40882,-5.3101873,-8.820252,-12.739889,-11.2513895,-0.9533644,-1.4165347,-1.0621079,-8.219757,-11.049822,-10.381041,-3.647426,-1.7801521,-1.7908968,-2.0326178,-1.7801521,-6.3689704,-2.365048,-2.800845,-3.4419725,-2.365048,-4.4134994,-2.0753334,-1.9252999,-2.3206382,-2.0673769,2.688877,4.439602,1.450883,3.1972024,2.950796,5.026818,2.9206913,5.323099,2.1287737,3.3615549,2.417453,3.972752,2.9950902,5.012611,2.950796,5.026818,4.648977,0.57562685,1.309378,1.334663,2.688877,4.439602,4.300736,1.5472101,2.1460586,1.5817504,1.156792,2.1460586,3.2441764,3.504644,2.7375076,2.2308044,3.504644,3.3115168,3.6622648,2.8363314,2.377033,3.5325625,289.85962,289.85962,285.06577,285.06577,290.7342,290.7342,288.6648,288.6648,287.94965,287.94965,286.1965,286.1965,291.84436,291.84436,290.7342,290.7342,290.7342,276.77136,276.77136,276.77136,289.85962,289.85962,289.85962,283.3,284.5793,281.0262,279.36926,284.5793,283.3,284.5793,281.0262,279.36926,284.5793,283.3,284.5793,281.0262,279.36926,284.5793,11.1851845,7.516162,12.869238,12.482642,6.4736853,5.665396,5.262741,12.869238,1.7434775,11.1851845,6.950997,2.480828,3.3449047,4.2096243,2.480828,6.044237709231295,2.2483601212584046,2.6635012488830827,3.687495173390766,2.3968780399550003,4.4390197,3.19839,5.0264,5.324508,3.3614948,3.9733083,5.0110383,5.0264,1.3102279,4.4390197,3.2456098,3.5049698,2.7391307,2.2326148,3.5049698,3.0673428506835423,3.301940794491993,2.9929938719868203,2.2974716177801753,3.5325530967130594,-6.7461653,-4.317772,-7.8428383,-7.158134,-3.1121905,-1.6920877,-0.25170258,-7.8428383,-0.43324968,-6.7461653,-3.7053874,1.0241417,-0.60577387,-1.9770094,1.0241417,-2.9768948585477526,1.0535806732335886,0.3294926231037376,-1.3900235556105907,1.1356750567580591
2012-05-26 19:00:00,0.0,0.0,0.0,0.0,0.0,0.0,0.0,0.0,0.0,0.0,0.0,0.0,0.0,0.0,0.0,0.0,0.0,0.0,0.0,0.0,0.0,0.0,0.0,0.0,0.0,0.0,0.0,0.0,0.0,0.0,0.0,0.0,0.0,0.0,0.0,0.0,0.0,0.0,2.4025564,4.0751467,1.1335771,2.57055,2.625358,4.5793166,2.344515,4.4244885,1.9609357,3.1222255,2.1827166,3.6482008,2.623743,4.499919,2.625358,4.5793166,4.2190504,0.45585352,1.1211047,1.1171372,2.4025564,4.0751467,3.9238226,1.203755,2.0411072,1.2926028,0.90264755,2.0411072,2.6239266,3.3793757,2.3560035,1.8134992,3.3793757,2.6590576,3.5232642,2.464192,1.8357885,3.408293,287.92627,287.92627,281.57623,281.57623,288.58694,288.58694,284.92963,284.92963,286.4984,286.4984,284.60455,284.60455,289.45844,289.45844,288.58694,288.58694,288.58694,275.2565,275.2565,275.2565,287.92627,287.92627,287.92627,280.1561,283.87885,278.83502,276.97067,283.87885,280.1561,283.87885,278.83502,276.97067,283.87885,280.1561,283.87885,278.83502,276.97067,283.87885,0.0,0.0,0.0,0.0,0.0,0.0,0.0,0.0,0.0,0.0,0.0,0.0,0.0,0.0,0.0,0.0,0.0,0.0,0.0,0.0,4.0745645,2.5717375,4.578898,4.4258976,3.1221654,3.648757,4.498346,4.578898,1.1219544,4.0745645,2.6253603,3.3797014,2.3576267,1.8153092,3.3797014,2.4754167394793525,3.183067070973335,2.4862247385016607,1.877789387989148,3.408295171563258,4.0745645,2.5717375,4.578898,4.4258976,3.1221654,3.648757,4.498346,4.578898,1.1219544,4.0745645,2.6253603,3.3797014,2.3576267,1.8153092,3.3797014,2.4754167394793525,3.183067070973335,2.4862247385016607,1.877789387989148,3.408295171563258
2012-05-26 20:00:00,0.0,0.0,0.0,0.0,0.0,0.0,0.0,0.0,0.0,0.0,0.0,0.0,0.0,0.0,0.0,0.0,0.0,0.0,0.0,0.0,0.0,0.0,0.0,0.0,0.0,0.0,0.0,0.0,0.0,0.0,0.0,0.0,0.0,0.0,0.0,0.0,0.0,0.0,2.2074575,3.8268073,1.0957403,2.4958253,2.3996043,4.2688866,2.1671014,4.1477923,1.8815169,3.0089777,2.147397,3.5993671,2.4580562,4.2711673,2.3996043,4.2688866,3.9208124,0.46270853,1.1318803,1.1295868,2.2074575,3.8268073,3.666994,1.1250381,1.9769557,1.1424413,0.7449006,1.9769557,2.4817715,3.302806,2.1578794,1.5544785,3.302806,2.50952,3.4383001,2.2709308,1.4998393,3.3323338,286.6089,286.6089,281.16013,281.16013,287.0974,287.0974,283.7795,283.7795,285.8117,285.8117,284.36502,284.36502,288.3939,288.3939,287.0974,287.0974,287.0974,275.3432,275.3432,275.3432,286.6089,286.6089,286.6089,279.43555,283.45068,277.69708,275.48187,283.45068,279.43555,283.45068,277.69708,275.48187,283.45068,279.43555,283.45068,277.69708,275.48187,283.45068,0.0,0.0,0.0,0.0,0.0,0.0,0.0,0.0,0.0,0.0,0.0,0.0,0.0,0.0,0.0,0.0,0.0,0.0,0.0,0.0,3.8262248,2.4970126,4.268469,4.1492014,3.0089173,3.5999234,4.269594,4.268469,1.1327299,3.8262248,2.4832048,3.303131,2.1595025,1.5562885,3.303131,2.3397527608769377,3.110405617526432,2.223047241678571,1.6172934710921258,3.332342629854039,3.8262248,2.4970126,4.268469,4.1492014,3.0089173,3.5999234,4.269594,4.268469,1.1327299,3.8262248,2.4832048,3.303131,2.1595025,1.5562885,3.303131,2.3397527608769377,3.110405617526432,2.223047241678571,1.6172934710921258,3.332342629854039
2012-05-26 21:00:00,0.0,0.0,0.0,0.0,0.0,0.0,0.0,0.0,0.0,0.0,0.0,0.0,0.0,0.0,0.0,0.0,0.0,0.0,0.0,0.0,0.0,0.0,0.0,0.0,0.0,0.0,0.0,0.0,0.0,0.0,0.0,0.0,0.0,0.0,0.0,0.0,0.0,0.0,2.0199652,3.5881498,0.9845049,2.2761445,2.2181787,4.0194125,2.039376,3.9485903,1.8328954,2.9396455,2.072096,3.4952545,2.2816544,4.027622,2.2181787,4.0194125,3.681136,0.44408342,1.1026032,1.095761,2.0199652,3.5881498,3.4201787,0.9801134,1.9631242,1.1253383,0.6498773,1.9631242,2.2200503,3.2862968,2.1353135,1.3984501,3.2862968,2.2342076,3.4199815,2.2489188,1.2974708,3.3159566,285.34286,285.34286,279.93683,279.93683,285.90036,285.90036,282.9515,282.9515,285.3913,285.3913,283.85434,283.85434,287.2605,287.2605,285.90036,285.90036,285.90036,275.10764,275.10764,275.10764,285.34286,285.34286,285.34286,278.10895,283.35837,277.56747,274.58505,283.35837,278.10895,283.35837,277.56747,274.58505,283.35837,278.10895,283.35837,277.56747,274.58505,283.35837,0.0,0.0,0.0,0.0,0.0,0.0,0.0,0.0,0.0,0.0,0.0,0.0,0.0,0.0,0.0,0.0,0.0,0.0,0.0,0.0,3.5875673,2.2773323,4.0189943,3.9499996,2.9395857,3.4958105,4.0260487,4.0189943,1.1034529,3.5875673,2.2214837,3.286622,2.1369367,1.4002601,3.286622,2.089983028555267,3.094739124534495,2.19307205317268,1.460376518958216,3.3159665472688378,3.5875673,2.2773323,4.0189943,3.9499996,2.9395857,3.4958105,4.0260487,4.0189943,1.1034529,3.5875673,2.2214837,3.286622,2.1369367,1.4002601,3.286622,2.089983028555267,3.094739124534495,2.19307205317268,1.460376518958216,3.3159665472688378
2012-05-26 22:00:00,0.0,0.0,0.0,0.0,0.0,0.0,0.0,0.0,0.0,0.0,0.0,0.0,0.0,0.0,0.0,0.0,0.0,0.0,0.0,0.0,0.0,0.0,0.0,0.0,0.0,0.0,0.0,0.0,0.0,0.0,0.0,0.0,0.0,0.0,0.0,0.0,0.0,0.0,1.812293,3.323806,0.9411707,2.1905634,2.046443,3.7832623,1.9313469,3.7801075,1.7493047,2.820449,1.9594595,3.3395207,2.380298,4.1638117,2.046443,3.7832623,3.4542603,0.48675534,1.1696798,1.1732595,1.812293,3.323806,3.1467986,0.8977493,1.9646376,1.0912249,0.58048284,1.9646376,2.0713084,3.2881029,2.0903041,1.2845044,3.2881029,2.0777414,3.4219854,2.2050142,1.1496832,3.3177478,283.94058,283.94058,279.46027,279.46027,284.76724,284.76724,282.2512,282.2512,284.66852,284.66852,283.09045,283.09045,287.8943,287.8943,284.76724,284.76724,284.76724,275.64734,275.64734,275.64734,283.94058,283.94058,283.94058,277.355,283.36847,277.30896,273.9301,283.36847,277.355,283.36847,277.30896,273.9301,283.36847,277.355,283.36847,277.30896,273.9301,283.36847,0.0,0.0,0.0,0.0,0.0,0.0,0.0,0.0,0.0,0.0,0.0,0.0,0.0,0.0,0.0,0.0,0.0,0.0,0.0,0.0,3.3232234,2.1917508,3.7828445,3.7815166,2.8203888,3.3400767,4.162238,3.7828445,1.1705295,3.3232234,2.0727417,3.2884283,2.0919273,1.2863144,3.2884283,1.9480331496271126,3.096453375503199,2.1332840094162866,1.3457818100819836,3.317758442586424,3.3232234,2.1917508,3.7828445,3.7815166,2.8203888,3.3400767,4.162238,3.7828445,1.1705295,3.3232234,2.0727417,3.2884283,2.0919273,1.2863144,3.2884283,1.9480331496271126,3.096453375503199,2.1332840094162866,1.3457818100819836,3.317758442586424
2012-05-26 23:00:00,0.0,0.0,0.0,0.0,0.0,0.0,0.0,0.0,0.0,0.0,0.0,0.0,0.0,0.0,0.0,0.0,0.0,0.0,0.0,0.0,0.0,0.0,0.0,0.0,0.0,0.0,0.0,0.0,0.0,0.0,0.0,0.0,0.0,0.0,0.0,0.0,0.0,0.0,1.6660548,3.1376605,0.9280368,2.1646247,1.8882174,3.56569,1.8313491,3.6241496,1.7178752,2.7756317,1.8847076,3.236167,2.3010144,4.054351,1.8882174,3.56569,3.2452333,0.49581814,1.1839257,1.1897188,1.6660548,3.1376605,2.9542904,0.86643726,1.9483049,0.9606712,0.51969916,1.9483049,2.0147617,3.2686086,1.9180504,1.1846976,3.2686086,2.018258,3.400354,2.0369887,1.0202342,3.2984095,282.95312,282.95312,279.31583,279.31583,283.72327,283.72327,281.60294,281.60294,284.39676,284.39676,282.5835,282.5835,287.3849,287.3849,283.72327,283.72327,283.72327,275.76196,275.76196,275.76196,282.95312,282.95312,282.95312,277.0684,283.25946,276.3196,273.35645,283.25946,277.0684,283.25946,276.3196,273.35645,283.25946,277.0684,283.25946,276.3196,273.35645,283.25946,0.0,0.0,0.0,0.0,0.0,0.0,0.0,0.0,0.0,0.0,0.0,0.0,0.0,0.0,0.0,0.0,0.0,0.0,0.0,0.0,3.137078,2.1658123,3.5652723,3.6255589,2.7755718,3.236723,4.052778,3.5652723,1.1847755,3.137078,2.016195,3.2689338,1.9196737,1.1865076,3.2689338,1.8940686378726814,3.0779539662578435,1.904471756962207,1.2454066487448876,3.2984211311833356,3.137078,2.1658123,3.5652723,3.6255589,2.7755718,3.236723,4.052778,3.5652723,1.1847755,3.137078,2.016195,3.2689338,1.9196737,1.1865076,3.2689338,1.8940686378726814,3.0779539662578435,1.904471756962207,1.2454066487448876,3.2984211311833356
2012-06-28 00:00:00,0.0,0.0,0.0,0.0,0.0,0.0,0.0,0.0,0.0,0.0,0.0,0.0,0.0,0.0,0.0,0.0,0.0,0.0,0.0,0.0,0.0,0.0,0.0,0.0,0.0,0.0,0.0,0.0,0.0,0.0,0.0,0.0,0.0,0.0,0.0,0.0,0.0,0.0,2.4969513,4.195301,1.4233717,3.1428702,2.554624,4.4820514,2.6641815,4.9230437,2.4914317,3.8786898,2.6585567,4.3061075,2.9704435,4.978584,2.554624,4.4820514,4.125605,0.9850479,1.9529531,2.0782323,2.4969513,4.195301,4.048084,1.5449799,2.4443243,1.9222679,1.2580462,2.4443243,3.240148,3.8606493,3.1867888,2.3970644,3.8606493,3.3072798,4.0572968,3.2745845,2.5926714,3.8857276,288.56366,288.56366,284.7632,284.7632,288.12024,288.12024,287.00192,287.00192,291.08542,291.08542,287.83163,287.83163,291.686,291.686,288.12024,288.12024,288.12024,281.94962,281.94962,281.94962,288.56366,288.56366,288.56366,283.27957,286.57,283.6067,280.3249,286.57,283.27957,286.57,283.6067,280.3249,286.57,283.27957,286.57,283.6067,280.3249,286.57,0.0,0.0,0.0,0.0,0.0,0.0,0.0,0.0,0.0,0.0,0.0,0.0,0.0,0.0,0.0,0.0,0.0,0.0,0.0,0.0,4.194719,3.1440578,4.481633,4.924453,3.8786297,4.3066635,4.9770107,4.481633,1.9538028,4.194719,3.241582,3.8609748,3.188412,2.3988743,3.8609748,3.063498913464237,3.6397725314695375,3.5897944405040367,2.464678118583975,3.8856864002222595,4.194719,3.1440578,4.481633,4.924453,3.8786297,4.3066635,4.9770107,4.481633,1.9538028,4.194719,3.241582,3.8609748,3.188412,2.3988743,3.8609748,3.063498913464237,3.6397725314695375,3.5897944405040367,2.464678118583975,3.8856864002222595
2012-06-28 01:00:00,0.0,0.0,0.0,0.0,0.0,0.0,0.0,0.0,0.0,0.0,0.0,0.0,0.0,0.0,0.0,0.0,0.0,0.0,0.0,0.0,0.0,0.0,0.0,0.0,0.0,0.0,0.0,0.0,0.0,0.0,0.0,0.0,0.0,0.0,0.0,0.0,0.0,0.0,2.4440186,4.1279235,1.4374547,3.1706831,2.499209,4.405851,2.651104,4.9026475,2.480914,3.8636923,2.6725688,4.3254814,3.0482352,5.0859857,2.499209,4.405851,4.0523973,1.064953,2.0785573,2.2233517,2.4440186,4.1279235,3.9784036,1.5412925,2.4960935,1.870536,1.2970684,2.4960935,3.2334895,3.9224405,3.1185334,2.4611387,3.9224405,3.3002748,4.1258616,3.2080042,2.6757755,3.9470258,288.20624,288.20624,284.9181,284.9181,287.7546,287.7546,286.91714,286.91714,290.99448,290.99448,287.92667,287.92667,292.18582,292.18582,287.7546,287.7546,287.7546,282.96024,282.96024,282.96024,288.20624,288.20624,288.20624,283.24582,286.91553,283.21466,280.69318,286.91553,283.24582,286.91553,283.21466,280.69318,286.91553,283.24582,286.91553,283.21466,280.69318,286.91553,0.0,0.0,0.0,0.0,0.0,0.0,0.0,0.0,0.0,0.0,0.0,0.0,0.0,0.0,0.0,0.0,0.0,0.0,0.0,0.0,4.1273413,3.1718705,4.405433,4.904057,3.863632,4.326038,5.084412,4.405433,2.079407,4.1273413,3.234923,3.9227657,3.1201565,2.4629486,3.9227657,3.057144063591963,3.6984092368099395,3.4991277883856773,2.5291172848259196,3.9469789645295856,4.1273413,3.1718705,4.405433,4.904057,3.863632,4.326038,5.084412,4.405433,2.079407,4.1273413,3.234923,3.9227657,3.1201565,2.4629486,3.9227657,3.057144063591963,3.6984092368099395,3.4991277883856773,2.5291172848259196,3.9469789645295856
2012-06-28 02:00:00,0.0,0.0,0.0,0.0,0.0,0.0,0.0,0.0,0.0,0.0,0.0,0.0,0.0,0.0,0.0,0.0,0.0,0.0,0.0,0.0,0.0,0.0,0.0,0.0,0.0,0.0,0.0,0.0,0.0,0.0,0.0,0.0,0.0,0.0,0.0,0.0,0.0,0.0,2.395447,4.0660977,1.4577289,3.2107227,2.416412,4.291999,2.656974,4.9118032,2.4598572,3.8336666,2.6867929,4.345148,3.0284953,5.0587316,2.416412,4.291999,3.9430172,1.14162,2.1990714,2.3625906,2.395447,4.0660977,3.914464,1.6066003,2.461352,1.826492,1.2571831,2.461352,3.3514295,3.8809736,3.060421,2.3956468,3.8809736,3.4243395,4.0798492,3.1513186,2.5908327,3.9058897,287.87827,287.87827,285.14105,285.14105,287.2083,287.2083,286.9552,286.9552,290.8124,290.8124,288.02313,288.02313,292.059,292.059,287.2083,287.2083,287.2083,283.9299,283.9299,283.9299,287.87827,287.87827,287.87827,283.84363,286.68365,282.8809,280.31674,286.68365,283.84363,286.68365,282.8809,280.31674,286.68365,283.84363,286.68365,282.8809,280.31674,286.68365,0.0,0.0,0.0,0.0,0.0,0.0,0.0,0.0,0.0,0.0,0.0,0.0,0.0,0.0,0.0,0.0,0.0,0.0,0.0,0.0,4.065515,3.21191,4.291581,4.9132123,3.8336062,4.3457046,5.0571585,4.291581,2.1999211,4.065515,3.352863,3.881299,3.0620444,2.3974566,3.881299,3.1696984525141896,3.6590591496189515,3.4219347964645728,2.463252426059398,3.9058465759403735,4.065515,3.21191,4.291581,4.9132123,3.8336062,4.3457046,5.0571585,4.291581,2.1999211,4.065515,3.352863,3.881299,3.0620444,2.3974566,3.881299,3.1696984525141896,3.6590591496189515,3.4219347964645728,2.463252426059398,3.9058465759403735
2012-06-28 03:00:00,0.0,0.0,0.0,0.0,0.0,0.0,0.0,0.0,0.0,0.0,0.0,0.0,0.0,0.0,0.0,0.0,0.0,0.0,0.0,0.0,0.0,0.0,0.0,0.0,0.0,0.0,0.0,0.0,0.0,0.0,0.0,0.0,0.0,0.0,0.0,0.0,0.0,0.0,2.3587801,4.0194244,1.481896,3.258451,2.3420477,4.1897416,2.6680608,4.9290934,2.4312446,3.7928655,2.6841156,4.3414464,2.9158685,4.9032364,2.3420477,4.1897416,3.844776,1.130306,2.1812868,2.3420424,2.3587801,4.0194244,3.8661957,1.6280708,2.4450557,1.7948071,1.2086027,2.4450557,3.390203,3.8615227,3.018616,2.3158774,3.8615227,3.4651268,4.0582657,3.1105394,2.4873724,3.8865936,287.63068,287.63068,285.40683,285.40683,286.71765,286.71765,287.02707,287.02707,290.565,290.565,288.00497,288.00497,291.33536,291.33536,286.71765,286.71765,286.71765,283.7868,283.7868,283.7868,287.63068,287.63068,287.63068,284.04016,286.5749,282.64078,279.85825,286.5749,284.04016,286.5749,282.64078,279.85825,286.5749,284.04016,286.5749,282.64078,279.85825,286.5749,0.0,0.0,0.0,0.0,0.0,0.0,0.0,0.0,0.0,0.0,0.0,0.0,0.0,0.0,0.0,0.0,0.0,0.0,0.0,0.0,4.018842,3.2596385,4.189324,4.9305024,3.7928054,4.3420024,4.901663,4.189324,2.1821363,4.018842,3.3916364,3.861848,3.0202389,2.3176877,3.861848,3.206701375821104,3.6406011724211775,3.3664027071864124,2.383029188271945,3.886552573185444,4.018842,3.2596385,4.189324,4.9305024,3.7928054,4.3420024,4.901663,4.189324,2.1821363,4.018842,3.3916364,3.861848,3.0202389,2.3176877,3.861848,3.206701375821104,3.6406011724211775,3.3664027071864124,2.383029188271945,3.886552573185444
2012-06-28 04:00:00,0.0,0.0,0.0,0.0,0.0,0.0,-4.985112,-9.130646,0.0,0.0,-2.1350975,-3.4781609,0.0,0.0,0.0,0.0,0.0,0.0,0.0,0.0,0.0,0.0,0.0,-0.9921869,-1.6548618,-1.7068224,-1.165976,-1.6548618,-1.9154652,-2.240782,-2.7671876,-2.1502035,-2.240782,-1.1766541,-1.9401972,-1.8640312,-1.3275096,-1.9383326,2.362649,4.024349,1.5023144,3.2987757,2.303575,4.1368384,3.0350802,5.501501,2.370556,3.7063265,2.691626,4.35183,2.7857673,4.7236147,2.303575,4.1368384,3.79395,1.1269715,2.176045,2.3359866,2.362649,4.024349,3.8712883,1.6544119,2.4588597,1.8108268,1.2108371,2.4588597,3.4377725,3.8779988,3.0397522,2.3195467,3.8779988,3.515167,4.0765486,3.131157,2.492131,3.9029386,287.6568,287.6568,285.63138,285.63138,286.4638,286.4638,289.40634,289.40634,290.04025,290.04025,288.0559,288.0559,290.49945,290.49945,286.4638,286.4638,286.4638,283.74463,283.74463,283.74463,287.6568,287.6568,287.6568,284.28128,286.66702,282.76218,279.87933,286.66702,284.28128,286.66702,282.76218,279.87933,286.66702,284.28128,286.66702,282.76218,279.87933,286.66702,0.0,0.0,0.0,9.608248,0.0,3.573351,0.0,0.0,0.0,0.0,2.1144168,2.3226738,3.2097151,2.6106145,2.3226738,1.7919173673751463,2.1065475675324743,2.512552586097394,2.2075899183932433,2.2217946415888843,4.0237665,3.2999632,4.1364207,5.5029106,3.7062664,4.3523865,4.7220416,4.1364207,2.1768947,4.0237665,3.4392064,3.8783245,3.0413754,2.3213565,3.8783245,3.252098906418608,3.656236591377428,3.3944793024010185,2.386718901884241,3.902896174284527,4.0237665,3.2999632,4.1364207,-4.105337,3.7062664,0.77903545,4.7220416,4.1364207,2.1768947,4.0237665,1.3247895,1.5556507,-0.1683396,-0.289258,1.5556507,1.4601815390434616,1.5496890238449539,0.8819267163036244,0.17912898349099793,1.6811015326956427
2012-06-28 05:00:00,-8.097145,-10.770979,-5.659013,-11.5100155,-8.110777,-11.630292,-12.157268,-21.46581,-7.312982,-10.768333,-10.530525,-15.951049,-6.074946,-8.973892,-8.110777,-11.630292,-10.290895,-2.0322864,-3.4765787,-2.4017348,-8.097145,-10.770979,-10.16112,-6.435938,-9.858327,-7.87834,-4.7744966,-9.858327,-12.238558,-12.629239,-12.177458,-8.567055,-12.629239,-8.15031,-11.319358,-8.936346,-5.857203,-11.2393675,2.671504,4.417488,1.6353109,3.5614333,2.6242204,4.577751,3.1987057,5.756693,2.421313,3.7787035,2.9063106,4.6486583,3.1230109,5.1892223,2.6242204,4.577751,4.217547,1.1306415,2.181814,2.3426518,2.671504,4.417488,4.277866,1.8029873,2.6591244,2.119055,1.3843279,2.6591244,3.7060866,4.117031,3.446431,2.6044188,4.117031,3.797414,4.3417845,3.5278535,2.86161,4.1400647,289.7423,289.7423,287.094,287.094,288.57944,288.57944,290.46707,290.46707,290.47913,290.47913,289.51187,289.51187,292.66626,292.66626,288.57944,288.57944,288.57944,283.79105,283.79105,283.79105,289.7423,289.7423,289.7423,285.6413,288.00363,285.09796,281.51672,288.00363,285.6413,288.00363,285.09796,281.51672,288.00363,285.6413,288.00363,285.09796,281.51672,288.00363,10.868414,11.930555,11.632005,21.799603,10.528852,15.97697,8.89181,11.632005,3.8365211,10.868414,12.8666935,12.787679,13.182799,9.717906,12.787679,11.540803199852874,12.121240462965634,11.326732981331812,8.021174381925105,12.193230050810092,4.416906,3.5626206,4.5773335,5.758102,3.7786431,4.6492143,5.1876497,4.5773335,2.1826637,4.416906,3.70752,4.117357,3.448054,2.6062288,4.117357,3.508160284861563,3.883066693876892,3.9346890864962356,2.673213683583387,4.140000195794177,-6.451508,-8.367935,-7.0546713,-16.0415,-6.7502093,-11.327756,-3.7041605,-7.0546713,-1.6538576,-6.451508,-9.159174,-8.670321,-9.734746,-7.1116767,-8.670321,-8.03264291499131,-8.238173769088743,-7.3920438948355764,-5.347960698341718,-8.053229855015914
2012-06-28 06:00:00,-14.166804,-17.867435,-9.287443,-18.645084,-14.4646435,-19.733704,-16.822788,-28.91036,-11.919085,-16.531487,-16.238382,-23.442867,-11.803692,-15.664964,-14.4646435,-19.733704,-17.778591,-4.3732285,-7.31258,-5.409098,-14.166804,-17.867435,-17.142275,-10.402107,-15.512691,-12.1297655,-9.334946,-15.512691,-19.50978,-19.19464,-18.255066,-16.395664,-19.19464,-13.673992,-17.593868,-14.005867,-12.013904,-17.404495,3.0776327,4.934446,1.801605,3.8898494,3.0769587,5.200302,3.2764177,5.8778934,2.5405118,3.9486759,3.2387352,5.108275,3.4337652,5.6182594,3.0769587,5.200302,4.8156476,1.1377426,2.1929762,2.3555486,3.0776327,4.934446,4.8124948,1.9999509,3.014092,2.5168934,1.8426884,3.014092,4.061785,4.5407157,3.9713423,3.357047,4.5407157,4.171584,4.811915,4.0398803,3.8377674,4.5603695,292.48465,292.48465,288.9228,288.9228,291.56662,291.56662,290.97086,290.97086,291.5098,291.5098,291.76633,291.76633,294.66287,294.66287,291.56662,291.56662,291.56662,283.88086,283.88086,283.88086,292.48465,292.48465,292.48465,287.44424,290.37277,288.11282,285.84268,290.37277,287.44424,290.37277,288.11282,285.84268,290.37277,287.44424,290.37277,288.11282,285.84268,290.37277,17.844372,18.802046,19.700891,28.811264,16.222988,23.174429,15.590329,19.700891,7.8236003,17.844372,19.88968,19.181839,18.82021,17.259136,19.181839,18.408475936302896,18.621999862566835,16.69542413209469,13.953479306658249,18.250082799200815,4.9338636,3.8910372,5.199884,5.879303,3.9486158,5.1088314,5.6166863,5.199884,2.193826,4.9338636,4.0632186,4.5410414,3.9729655,3.3588572,4.5410414,3.8476161398381437,4.285123283612458,4.631952766196135,3.4301282619969076,4.560267317531177,-12.910507,-14.911009,-14.501007,-22.931961,-12.274373,-18.065598,-9.973642,-14.501007,-5.6297746,-12.910507,-15.826462,-14.640799,-14.847243,-13.900279,-14.640799,-14.560859796464753,-14.336876578954376,-12.063471365898554,-10.523351044661341,-13.689815481669637
2012-06-28 07:00:00,-16.535654,-20.349499,-10.902328,-21.65112,-16.673964,-22.260103,-19.599682,-33.030624,-14.303391,-19.24205,-19.240698,-27.019314,-15.151085,-18.882475,-16.673964,-22.260103,-20.209866,-6.289121,-10.312699,-8.030698,-16.535654,-20.349499,-19.640509,-12.663524,-18.513996,-14.83346,-11.487406,-18.513996,-23.489626,-22.459179,-21.91625,-19.889858,-22.459179,-16.907,-20.830494,-17.313988,-15.0612,-20.568102,3.403364,5.3490663,1.9682454,4.218951,3.463528,5.731865,3.4207702,6.1030273,2.6509542,4.106162,3.4708295,5.429175,3.7598376,6.0684447,3.463528,5.731865,5.326334,1.1627063,2.232217,2.400886,3.403364,5.3490663,5.241288,2.1862128,3.2613294,2.726116,2.0489607,3.2613294,4.398157,4.835813,4.247392,3.6957464,4.835813,4.525424,5.1393623,4.3091545,4.2770596,4.853113,294.6841,294.6841,290.7554,290.7554,294.11722,294.11722,291.90665,291.90665,292.46475,292.46475,293.34036,293.34036,296.7579,296.7579,294.11722,294.11722,294.11722,284.1966,284.1966,284.1966,294.6841,294.6841,294.6841,289.14923,292.0229,289.69833,287.78946,292.0229,289.14923,292.0229,289.69833,287.78946,292.0229,289.14923,292.0229,289.69833,287.78946,292.0229,20.255722,21.577358,22.311224,32.495766,18.997917,26.567421,18.881214,22.311224,10.776647,20.255722,23.54815,22.31762,22.026503,20.331005,22.31762,22.108990057382616,21.904878413282283,19.97064596536179,16.333762541921548,21.213255770455604,5.348484,4.2201385,5.731447,6.1044364,4.106102,5.4297304,6.066871,5.731447,2.2330668,5.348484,4.399591,4.8361397,4.2490153,3.6975565,4.8361397,4.168627991116713,4.5651573142131365,4.998642416216162,3.7707566422509786,4.852985056858276,-14.907239,-17.35722,-16.579777,-26.39133,-14.891815,-21.13769,-12.814344,-16.579777,-8.54358,-14.907239,-19.148558,-17.481482,-17.777487,-16.633448,-17.481482,-17.940362066265905,-17.339721099069145,-14.972003549145628,-12.56300589967057,-16.360270713597327
2012-06-28 08:00:00,-17.822735,-21.57026,-11.94892,-23.510801,-17.455078,-23.03477,-21.386936,-35.474148,-15.620322,-20.64716,-20.992676,-28.968185,-17.152416,-20.517567,-17.455078,-23.03477,-20.996439,-8.415421,-13.540552,-10.887451,-17.822735,-21.57026,-20.884716,-13.990343,-20.252995,-16.623697,-12.877615,-20.252995,-25.763521,-24.256075,-24.235865,-22.059996,-24.256075,-18.842587,-22.657703,-19.517773,-17.050413,-22.348177,3.6133094,5.616304,2.102477,4.484047,3.716978,6.080379,3.6167831,6.408732,2.7658827,4.270045,3.595539,5.6016006,3.960278,6.345178,3.716978,6.080379,5.6611605,1.3943071,2.596274,2.8215077,3.6133094,5.616304,5.5176606,2.2858264,3.424831,2.9364946,2.2270074,3.424831,4.5780506,5.0309668,4.524967,3.9880996,5.0309668,4.714659,5.355909,4.5799155,4.6562414,5.04671,296.10175,296.10175,292.2316,292.2316,295.7895,295.7895,293.17734,293.17734,293.4585,293.4585,294.18613,294.18613,298.04575,298.04575,295.7895,295.7895,295.7895,287.12582,287.12582,287.12582,296.10175,296.10175,296.10175,290.06107,293.11414,291.2926,289.46985,293.11414,290.06107,293.11414,291.2926,289.46985,293.11414,290.06107,293.11414,291.2926,289.46985,293.11414,21.435263,23.2443,23.166885,34.522892,20.54707,28.40611,20.57375,23.166885,13.722133,21.435263,25.588902,24.034443,23.866333,22.075932,24.034443,24.221504907216907,23.73405709570806,21.870552218065058,17.673050828934112,22.834468345083632,5.6157217,4.4852347,6.079961,6.4101405,4.2699847,5.602157,6.343605,6.079961,2.5971239,5.6157217,4.579484,5.0312924,4.5265903,3.98991,5.0312924,4.340306616192379,4.7503482088927065,5.3673577029447355,4.064775022328886,5.046563886967916,-15.819541,-18.759066,-17.086926,-28.112753,-16.277086,-22.803955,-14.2301445,-17.086926,-11.125009,-15.819541,-21.009418,-19.003149,-19.339743,-18.086021,-19.003149,-19.88119829102453,-18.983708886815354,-16.50319451512032,-13.608275806605226,-17.787904458115715
2012-06-28 09:00:00,-18.391998,-22.024542,-12.74841,-24.862736,-19.03628,-24.57078,-21.997587,-36.12469,-16.61947,-21.649357,-21.994822,-30.00309,-17.883041,-20.835188,-19.03628,-24.57078,-22.497328,-9.503171,-15.098442,-12.331519,-18.391998,-22.024542,-21.366175,-14.822683,-20.681581,-17.21995,-13.256897,-20.681581,-27.07667,-24.666325,-24.982822,-22.65408,-24.666325,-20.016806,-23.094833,-20.2571,-17.665974,-22.773048,3.7843778,5.8340554,2.2234554,4.722969,3.9460902,6.395426,3.8306377,6.7422614,2.8766255,4.4279594,3.7091427,5.758672,4.2186513,6.7018967,3.9460902,6.395426,5.9638343,1.5614598,2.859024,3.125082,3.7843778,5.8340554,5.7428555,2.454605,3.5713415,3.012667,2.1886322,3.5713415,4.88285,5.2058396,4.625469,3.9250875,5.2058396,5.035287,5.549952,4.677951,4.5745144,5.2201877,297.25687,297.25687,293.56204,293.56204,297.30118,297.30118,294.5637,294.5637,294.41605,294.41605,294.95657,294.95657,299.7058,299.7058,297.30118,297.30118,297.30118,289.23993,289.23993,289.23993,297.25687,297.25687,297.25687,291.60602,294.09198,291.86984,289.10767,294.09198,291.60602,294.09198,291.86984,289.10767,294.09198,291.60602,294.09198,291.86984,289.10767,294.09198,21.868797,24.418577,24.757692,34.869377,21.71893,29.384426,20.975924,24.757692,15.041656,21.868797,26.677494,24.429203,24.428928,22.674562,24.429203,25.36235421053457,24.161246222794226,22.468267134637358,18.134256609436243,23.20465771049428,5.833473,4.724157,6.3950076,6.743671,4.427899,5.759228,6.7003236,6.3950076,2.8598738,5.833473,4.8842835,5.2061653,4.6270924,3.9268975,5.2061653,4.631187515635317,4.916293917470446,5.500859160582814,4.00140379056228,5.2200258500076036,-16.035324,-19.69442,-18.362684,-28.125706,-17.291029,-23.625198,-14.2756,-18.362684,-12.181782,-16.035324,-21.793211,-19.223038,-19.801836,-18.747663,-19.223038,-20.73116669489925,-19.24495230532378,-16.967407974054545,-14.132852818873962,-17.98463186048668
2012-06-28 10:00:00,-19.13228,-22.585629,-13.238744,-25.657717,-19.738054,-25.021946,-22.8274,-37.1671,-17.124905,-22.131044,-22.315094,-30.19004,-17.94713,-20.582306,-19.738054,-25.021946,-22.994354,-10.03052,-15.812711,-13.0252695,-19.13228,-22.585629,-21.95396,-15.300475,-21.691807,-17.837082,-13.619372,-21.691807,-27.860588,-25.621897,-25.7604,-23.153667,-25.621897,-20.72476,-24.110264,-21.040886,-18.091314,-23.757504,3.9407623,6.0331163,2.3027062,4.8794827,4.187459,6.727327,3.9090376,6.8645344,2.9348392,4.51097,3.8944664,6.014904,4.4080586,6.9633975,4.187459,6.727327,6.2827,1.6674821,3.0256817,3.3176336,3.9407623,6.0331163,5.948721,2.4925017,3.7264254,3.025706,2.3979115,3.7264254,4.9512873,5.3909454,4.6426735,4.2687244,5.3909454,5.107279,5.75535,4.694733,5.020211,5.4038167,298.31284,298.31284,294.4336,294.4336,298.89374,298.89374,295.07193,295.07193,294.9194,294.9194,296.2134,296.2134,300.92276,300.92276,298.89374,298.89374,298.89374,290.58087,290.58087,290.58087,298.31284,298.31284,298.31284,291.9529,295.12704,291.96866,291.08282,295.12704,291.9529,295.12704,291.96866,291.08282,295.12704,291.9529,295.12704,291.96866,291.08282,295.12704,22.405209,25.089888,25.290413,35.71041,22.297997,29.57927,20.78499,25.290413,15.601199,22.405209,27.357548,25.34243,25.107267,22.7875,25.34243,26.08600433225998,25.160763548101944,23.245147611386066,18.210659763632336,24.066395278469294,6.0325336,4.8806705,6.7269087,6.865944,4.5109096,6.01546,6.961824,6.7269087,3.0265317,6.0325336,4.952721,5.3912706,4.644297,4.2705345,5.3912706,4.696499973590239,5.091950262200212,5.523712859754484,4.346998066126677,5.403638277459605,-16.372675,-20.209217,-18.563505,-28.844467,-17.787086,-23.56381,-13.823167,-18.563505,-12.574668,-16.372675,-22.404827,-19.95116,-20.462969,-18.516966,-19.95116,-21.38950435866974,-20.068813285901733,-17.721434751631584,-13.863661697505659,-18.662757001009687
2012-06-28 11:00:00,-19.73528,-22.912931,-13.362602,-25.767212,-19.634432,-24.805553,-22.531153,-36.486027,-17.281271,-22.241653,-22.594376,-30.497524,-16.790672,-19.111334,-19.634432,-24.805553,-22.816732,-10.174519,-16.008982,-13.222951,-19.73528,-22.912931,-22.317158,-15.562513,-21.975235,-17.932838,-13.611627,-21.975235,-28.190592,-25.91969,-25.882202,-23.083681,-25.91969,-21.081001,-24.406105,-21.164513,-18.028034,-24.045511,4.1221538,6.2640066,2.3838162,5.039669,4.2693586,6.839944,4.112545,7.1819267,3.0078423,4.615068,3.8827665,5.998728,4.6852984,7.3461623,4.2693586,6.839944,6.3908954,1.6760334,3.0391235,3.3331642,4.1221538,6.2640066,6.187504,2.6110287,3.6748204,3.0203662,2.5172927,3.6748204,5.1653366,5.3293505,4.635628,4.464749,5.3293505,5.332443,5.687003,4.68786,5.274454,5.3427134,299.53766,299.53766,295.3256,295.3256,299.4341,299.4341,296.3912,296.3912,295.55063,295.55063,296.13406,296.13406,302.70404,302.70404,299.4341,299.4341,299.4341,290.68903,290.68903,290.68903,299.53766,299.53766,299.53766,293.03787,294.78262,291.9282,292.20953,294.78262,293.03787,294.78262,291.9282,292.20953,294.78262,293.03787,294.78262,291.9282,292.20953,294.78262,22.711338,25.13383,25.108164,34.849014,22.545782,29.864702,19.395918,25.108164,15.771392,22.711338,27.560198,25.622238,25.224552,22.519468,25.622238,26.322488106203224,25.458518182527392,23.3846235608341,17.99639180176046,24.332183191847463,6.263425,5.0408564,6.8395267,7.1833363,4.615008,5.999284,7.344589,6.8395267,3.0399735,6.263425,5.16677,5.329676,4.6372514,4.466559,5.329676,4.900774496790147,5.033500001073929,5.514353994682948,4.544138770274223,5.342540602068995,-16.447914,-20.092972,-18.268639,-27.66568,-17.930773,-23.865417,-12.051328,-18.268639,-12.731418,-16.447914,-22.393429,-20.292562,-20.5873,-18.05291,-20.292562,-21.421713609413075,-20.425018181453463,-17.87026956615115,-13.452253031486237,-18.98964258977847
2012-06-28 12:00:00,-19.031948,-22.155016,-13.373697,-25.854235,-19.733055,-24.68721,-21.926865,-35.449356,-17.317432,-22.292973,-22.08076,-29.75759,-15.137406,-17.227432,-19.733055,-24.68721,-22.748821,-10.167005,-16.000494,-13.214684,-19.031948,-22.155016,-21.584156,-15.444887,-21.55672,-16.64359,-9.153409,-21.55672,-27.91132,-25.407373,-24.231358,-16.055023,-25.407373,-20.884434,-23.937695,-19.513813,-11.497107,-23.585697,4.2204213,6.389092,2.3372133,4.947632,4.402871,7.023535,4.2551985,7.4044104,2.9843285,4.5815396,4.0565696,6.239032,4.9239507,7.675653,4.402871,7.023535,6.567275,1.6701533,3.0298805,3.322485,4.2204213,6.389092,6.316864,2.6880052,3.8911755,3.0675755,2.4097238,3.8911755,5.3043494,5.587588,4.697917,4.28812,5.587588,5.4786754,5.9735494,4.7486196,5.0453663,5.5988903,300.2012,300.2012,294.81308,294.81308,300.31503,300.31503,297.31598,297.31598,295.34732,295.34732,297.31277,297.31277,304.2374,304.2374,300.31503,300.31503,300.31503,290.61465,290.61465,290.61465,300.2012,300.2012,300.2012,293.7425,296.22662,292.28595,291.1943,296.22662,293.7425,296.22662,292.28595,291.1943,296.22662,293.7425,296.22662,292.28595,291.1943,296.22662,21.9698,25.244015,25.037766,33.74429,22.55099,29.1948,17.566624,25.037766,15.769198,21.9698,27.243084,25.147179,23.669853,16.239733,25.147179,26.008307226419596,24.976474355972428,21.578345910459745,13.128947699547538,23.879437690549793,6.3885093,4.948819,7.023117,7.4058194,4.5814795,6.2395883,7.67408,7.023117,3.0307302,6.3885093,5.305783,5.5879135,4.6995397,4.28993,5.5879135,5.0334391701183065,5.278555025503517,5.5970945491577675,4.366503889318741,5.598695015187679,-15.581291,-20.295195,-18.014648,-26.338469,-17.96951,-22.955212,-9.892545,-18.014648,-12.738468,-15.581291,-21.937302,-19.559265,-18.970312,-11.949801,-19.559265,-20.97486805630129,-19.69791933046891,-15.981251361301979,-8.762443810228797,-18.280742675362113
2012-06-28 13:00:00,-18.1923,-21.26079,-12.679663,-24.490837,-18.568647,-23.393038,-22.0221,-35.622795,-16.818958,-21.69173,-21.628437,-29.286983,-14.295089,-16.387058,-18.568647,-23.393038,-21.559252,-10.053547,-15.840664,-13.052844,-18.1923,-21.26079,-20.715963,-15.234983,-21.131752,-14.233704,-8.434101,-21.131752,-27.544039,-24.973202,-21.104698,-14.877785,-24.973202,-20.565184,-23.498775,-16.517426,-10.505083,-23.158476,4.3186393,6.5141125,2.4138749,5.099033,4.495825,7.151353,4.227391,7.3610415,3.124101,4.780849,4.049303,6.228984,4.9924283,7.7701955,4.495825,7.151353,6.690073,1.6797974,3.0450406,3.3400002,4.3186393,6.5141125,6.4461584,2.7004805,3.9208136,2.9175632,2.3741033,3.9208136,5.326879,5.622964,4.499989,4.2296314,5.622964,5.502374,6.012804,4.5555506,4.969507,5.6339846,300.8644,300.8644,295.65616,295.65616,300.92834,300.92834,297.1357,297.1357,296.55588,296.55588,297.2635,297.2635,304.67737,304.67737,300.92834,300.92834,300.92834,290.73663,290.73663,290.73663,300.8644,300.8644,300.8644,293.8567,296.42444,291.14914,290.85812,296.42444,293.8567,296.42444,291.14914,290.85812,296.42444,293.8567,296.42444,291.14914,290.85812,296.42444,21.095282,23.965336,23.797224,33.934208,22.226635,28.75402,16.736465,23.797224,15.61512,21.095282,26.90266,24.736864,21.020483,15.164621,24.736864,25.651508990881396,24.539252602267894,18.729935946811526,12.284652997742375,23.49070593940932,6.5135303,5.1002197,7.1509356,7.3624506,4.7807884,6.2295403,7.768622,7.1509356,3.0458903,6.5135303,5.3283124,5.62329,4.501612,4.231441,5.62329,5.0549399370460195,5.31212534205682,5.334178197136826,4.307682058417078,5.633785847358682,-14.581752,-18.865116,-16.646288,-26.571756,-17.445847,-22.52448,-8.967843,-16.646288,-12.56923,-14.581752,-21.574347,-19.113575,-16.51887,-10.93318,-19.113575,-20.596569053835378,-19.227127260211073,-13.3957577496747,-7.976970939325297,-17.856920092050636
2012-06-28 14:00:00,-17.162777,-20.229507,-12.716696,-24.541042,-18.036692,-22.765852,-21.007015,-34.175556,-16.407288,-21.315367,-20.501629,-27.997044,-14.490954,-16.8743,-18.036692,-22.765852,-20.986958,-8.014405,-12.955828,-10.287596,-17.162777,-20.229507,-19.704607,-13.13532,-20.293983,-14.108287,-13.426761,-20.293983,-23.978462,-24.11408,-20.948475,-22.796959,-24.11408,-17.4346,-22.630398,-16.38465,-17.741695,-22.312922,4.385289,6.5989504,2.4260905,5.1231565,4.5541496,7.2315545,4.2728515,7.431943,3.081148,4.7195992,4.1100287,6.3129454,4.869476,7.6004434,4.5541496,7.2315545,6.767125,1.4669906,2.7105262,2.9535112,4.385289,6.5989504,6.5338964,2.6670814,3.9678822,2.8097582,2.5236502,3.9678822,5.266563,5.679145,4.357751,4.4751873,5.679145,5.4389267,6.075144,4.4168034,5.287993,5.6897173,301.31445,301.31445,295.7905,295.7905,301.31317,301.31317,297.43042,297.43042,296.18448,296.18448,297.67532,297.67532,303.8874,303.8874,301.31317,301.31317,301.31317,288.0451,288.0451,288.0451,301.31445,301.31445,301.31445,293.55096,296.7386,290.33218,292.26953,296.7386,293.55096,296.7386,290.33218,292.26953,296.7386,293.55096,296.7386,290.33218,292.26953,296.7386,20.089178,24.001856,23.197657,32.587704,21.771185,27.552835,17.197111,23.197657,13.125396,20.089178,23.696722,23.922974,21.01574,22.25323,23.922974,22.287640090527987,23.673666662802518,18.79297248862691,17.791511871913574,22.719762433059852,6.5983677,5.1243443,7.2311363,7.433352,4.719539,6.3135014,7.59887,7.2311363,2.711376,6.5983677,5.267997,5.6794705,4.3593736,4.4769974,5.6794705,4.997378557280699,5.365438029282936,5.145236403799716,4.5546365661668045,5.689513250377549,-13.490809,-18.87751,-15.96652,-25.154352,-17.051647,-21.239334,-9.598242,-15.96652,-10.414021,-13.490809,-18.428726,-18.243502,-16.656366,-17.776232,-18.243502,-17.29026153324729,-18.308228633519583,-13.647736084827192,-13.23687530574677,-17.030249182682304
2012-06-28 15:00:00,-15.9814625,-19.112146,-10.109268,-19.855267,-17.516094,-22.187153,-19.723856,-32.39985,-15.499234,-20.37058,-18.875029,-26.175013,-11.272802,-13.473799,-17.516094,-22.187153,-20.452662,-8.989709,-14.372328,-11.629295,-15.9814625,-19.112146,-18.59623,-13.111472,-19.334211,-14.802862,-13.063384,-19.334211,-23.940744,-23.171488,-21.859474,-22.239979,-23.171488,-17.400087,-21.64962,-17.224203,-17.187462,-21.360508,4.3998284,6.617457,2.2863035,4.847089,4.589038,7.279528,4.270154,7.4277353,3.09979,4.746182,4.117903,6.323833,5.167344,8.011688,4.589038,7.279528,6.8132143,1.521961,2.7969348,3.0533462,4.3998284,6.617457,6.5530353,2.662751,3.9155738,2.9334784,2.5195532,3.9155738,5.258742,5.6167097,4.5209875,4.46846,5.6167097,5.4306993,6.005864,4.5760336,5.279268,5.6277804,301.41263,301.41263,294.2532,294.2532,301.54337,301.54337,297.41293,297.41293,296.34567,296.34567,297.72873,297.72873,305.8012,305.8012,301.54337,301.54337,301.54337,288.74036,288.74036,288.74036,301.41263,301.41263,301.41263,293.51132,296.38947,291.26974,292.23087,296.38947,293.51132,296.38947,291.26974,292.23087,296.38947,293.51132,296.38947,291.26974,292.23087,296.38947,19.002031,19.788969,22.63756,31.002312,20.867622,25.838907,13.830643,22.63756,14.404456,19.002031,23.665503,23.021692,21.696884,21.763105,23.021692,22.254228727272775,22.69803592032703,19.454400791488354,17.415123916562784,21.866799649903808,6.6168747,4.848276,7.2791104,7.429145,4.7461224,6.324389,8.010116,7.2791104,2.7977846,6.6168747,5.2601757,5.6170354,4.5226107,4.47027,5.6170354,4.989914768868326,5.3061902012407005,5.362071285193166,4.547871201265533,5.627581883509874,-12.385157,-14.940693,-15.358449,-23.573168,-16.1215,-19.514519,-5.820528,-15.358449,-11.606671,-12.385157,-18.405327,-17.404655,-17.174274,-17.292835,-17.404655,-17.26431395840445,-17.39184571908633,-14.092329506295187,-12.867252715297251,-16.239217766393935
2012-06-28 16:00:00,-16.59942,-19.977913,-9.604074,-18.928097,-15.64249,-20.285114,-17.73901,-29.57452,-14.018992,-18.771572,-15.280395,-22.088305,-10.064837,-13.039162,-15.64249,-20.285114,-18.656713,-8.463472,-13.597761,-10.861096,-16.59942,-19.977913,-19.408428,-11.892486,-17.79531,-10.158613,-9.227151,-17.79531,-21.913925,-21.598063,-15.508784,-16.185339,-21.598063,-15.641475,-20.04292,-11.57375,-11.608618,-19.79646,4.1724916,6.328082,2.2464018,4.7682867,4.5718594,7.255907,4.249276,7.395174,3.135808,4.797542,3.8203807,5.912471,4.821935,7.534807,4.5718594,7.255907,6.790521,1.6036156,2.9252887,3.2016425,4.1724916,6.328082,6.2537694,2.5181293,3.850951,2.6937828,2.3777122,3.850951,4.997569,5.539577,4.2047315,4.2355566,5.539577,5.1559634,5.9202757,4.2675405,4.977192,5.551263,299.87756,299.87756,293.8144,293.8144,301.43002,301.43002,297.2776,297.2776,296.6571,296.6571,295.71097,295.71097,303.58194,303.58194,301.43002,301.43002,301.43002,289.7731,289.7731,289.7731,299.87756,299.87756,299.87756,292.1875,295.95816,289.4533,290.89218,295.95816,292.1875,295.95816,289.4533,290.89218,295.95816,292.1875,295.95816,289.4533,290.89218,295.95816,19.858555,18.939632,20.753323,28.477179,19.334736,21.923082,13.316582,20.753323,13.620917,19.858555,21.894794,21.512732,15.969446,16.404608,21.512732,20.410809427432874,21.086253626585236,13.645181737980092,13.259940081726121,20.4384279769963,6.3275003,4.769474,7.255489,7.396583,4.797482,5.9130273,7.533234,7.255489,2.9261386,6.3275003,4.9990025,5.539903,4.2063546,4.2373667,5.539903,4.740667903941209,5.232995310181179,4.941973994150281,4.313641132789469,5.551071742955606,-13.5310545,-14.170157,-13.497832,-21.080595,-14.537254,-16.010056,-5.783348,-13.497832,-10.694779,-13.5310545,-16.895792,-15.972829,-11.763092,-12.167241,-15.972829,-15.670141523491665,-15.853258316404057,-8.703207743829811,-8.946298948936652,-14.887356234040695
2012-06-28 17:00:00,-12.591873,-16.059355,-8.22843,-16.380543,-6.796124,-9.739245,-14.534549,-24.775091,-11.012535,-15.382056,-10.187022,-15.442495,-8.825943,-12.243651,-6.796124,-9.739245,-8.792111,-7.151546,-11.654749,-9.0599,-12.591873,-16.059355,-15.459325,-5.5257764,-13.45267,-4.2570944,-4.321164,-13.45267,-10.417005,-16.857288,-6.782141,-7.8745613,-16.857288,-6.849966,-15.358412,-4.7096963,-5.124317,-15.214932,3.78036,5.828942,2.101678,4.482469,4.174555,6.7095823,4.2055335,7.326953,3.061874,4.692115,3.5362623,5.519644,4.166109,6.6293554,4.174555,6.7095823,6.265652,1.5565617,2.8513246,3.116186,3.78036,5.828942,5.737567,2.3579988,3.7122915,2.5813346,2.1769688,3.7122915,4.7083874,5.374077,4.056366,3.9059358,5.374077,4.8517647,5.7366314,4.122817,4.549675,5.3870826,297.22974,297.22974,292.2228,292.2228,298.8086,298.8086,296.99402,296.99402,296.01782,296.01782,293.78412,293.78412,299.36823,299.36823,298.8086,298.8086,298.8086,289.17798,289.17798,289.17798,297.22974,297.22974,297.22974,290.7217,295.0327,288.60117,288.9976,295.0327,290.7217,295.0327,288.60117,288.9976,295.0327,290.7217,295.0327,288.60117,288.9976,295.0327,16.048536,16.578402,10.061626,24.12611,15.812833,15.485594,12.35859,10.061626,11.831274,16.048536,10.851515,16.924261,7.2672977,8.40691,16.924261,9.648841511922736,16.308943026684798,5.738654966140876,6.896557473183395,16.09210828892771,5.8283587,4.4836564,6.709164,7.328362,4.692055,5.5201993,6.6277823,6.709164,2.8521743,5.8283587,4.7098207,5.374401,4.0579896,3.9077463,5.374401,4.464691598140838,5.075941954815724,4.744894364140864,3.982143592299545,5.38690489852709,-10.220178,-12.094746,-3.3524618,-16.797749,-11.120778,-9.965394,-5.7308083,-3.3524618,-8.9791,-10.220178,-6.141694,-11.54986,-3.209308,-4.4991636,-11.54986,-5.184149913781898,-11.233001071869074,-0.9937606020000125,-2.91441388088385,-10.705203390400621
2012-06-28 18:00:00,-8.492327,-11.264916,-2.3103638,-4.6713686,-9.511851,-13.400515,-9.103897,-16.065681,-7.0681105,-10.422443,-7.308548,-11.358878,-5.4086375,-8.071588,-9.511851,-13.400515,-12.1142845,-4.928506,-8.209703,-6.0778313,-8.492327,-11.264916,-10.7637005,-4.9058166,-5.95854,-2.5466294,-2.1169326,-5.95854,-9.282068,-7.852581,-4.1121593,-3.9322493,-7.852581,-6.049681,-6.9360285,-2.7959733,-2.4453301,-6.906905,3.815558,5.8737445,2.0110385,4.303464,3.9299114,6.3731775,4.0436172,7.074426,2.975064,4.568329,3.4224334,5.362261,4.0547037,6.4755454,3.9299114,6.3731775,5.94246,1.4814824,2.733306,2.9798307,3.815558,5.8737445,5.783901,2.2773516,3.3384025,2.431628,1.974622,3.3384025,4.5627456,4.927807,3.8588426,3.5736828,4.927807,4.6985598,5.2414417,3.930142,4.118743,4.9443736,297.4674,297.4674,291.226,291.226,297.19443,297.19443,295.94437,295.94437,295.2672,295.2672,293.01215,293.01215,298.65244,298.65244,297.19443,297.19443,297.19443,288.2284,288.2284,288.2284,297.4674,297.4674,297.4674,289.9835,292.5373,287.46667,287.08786,292.5373,289.9835,292.5373,287.46667,287.08786,292.5373,289.9835,292.5373,287.46667,287.08786,292.5373,11.324026,4.931142,13.701534,16.031069,10.698809,11.47001,8.146158,13.701534,8.541637,11.324026,9.731959,8.009943,4.502966,4.354638,8.009943,8.607034986648664,7.468903908750169,3.4819692096325996,3.6020081913851847,7.63207547408332,5.8731623,4.3046513,6.3727603,7.075835,4.5682683,5.362817,6.473972,6.3727603,2.7341557,5.8731623,4.5641794,4.928133,3.860466,3.5754926,4.928133,4.325700803918128,4.652454638468375,4.482514417659467,3.647997574310781,4.944236378529737,-5.4508643,-0.62649035,-7.328774,-8.955234,-6.1305404,-6.1071935,-1.6721866,-7.328774,-5.8074813,-5.4508643,-5.1677794,-3.0818105,-0.6425,-0.7791457,-3.0818105,-4.281334182730536,-2.8164492702817947,1.0005452080268675,0.04598938292559618,-2.6878390955535822
2012-06-28 19:00:00,-1.7290311,-2.4286258,-0.76352555,-1.5531689,-2.878312,-4.263833,0.0,0.0,-1.033216,-1.660508,0.0,0.0,0.0,0.0,-2.878312,-4.263833,-3.8026993,-1.0604115,-1.8284957,-1.2330008,-1.7290311,-2.4286258,-2.2728827,-1.3351053,0.0,0.0,0.0,0.0,-2.5577624,0.0,0.0,0.0,0.0,-1.5888584,0.0,0.0,0.0,0.0,3.551202,5.5372477,1.9086223,4.1011996,3.802527,6.1980147,3.537108,6.2844696,2.795053,4.3116407,3.186752,5.036403,3.7144344,6.0057592,3.802527,6.1980147,5.7741766,1.400629,2.6062114,2.832989,3.551202,5.5372477,5.4359026,2.126426,3.1358705,2.2839875,1.7921258,3.1358705,4.2901874,4.686069,3.6640446,3.2740235,4.686069,4.4118476,4.9732013,3.7401254,3.7300854,4.704562,295.68237,295.68237,290.0997,290.0997,296.35394,296.35394,292.66083,292.66083,293.71072,293.71072,291.4138,291.4138,296.4662,296.4662,296.35394,296.35394,296.35394,287.20578,287.20578,287.20578,295.68237,295.68237,295.68237,288.60196,291.18555,286.34784,285.36548,291.18555,288.60196,291.18555,286.34784,285.36548,291.18555,288.60196,291.18555,286.34784,285.36548,291.18555,2.474525,1.6621991,4.407335,0.0,1.6937228,0.0,0.0,4.407335,1.9936945,2.474525,2.7610703,0.0,0.0,0.0,0.0,2.3653778818898683,0.0,0.0,0.0,0.0,5.536666,4.1023874,6.197597,6.285878,4.3115807,5.0369587,6.004186,6.197597,2.6070611,5.536666,4.291621,4.6863937,3.6656678,3.2758334,4.6863937,4.065588639616264,4.42305574901883,4.223755208569998,3.3466318050425414,4.704447220834216,3.0621407,2.4401884,1.790262,6.285878,2.6178582,5.0369587,6.004186,1.790262,0.6133665,3.0621407,1.5305508,4.6863937,3.6656678,3.2758334,4.6863937,1.7002107577263956,4.42305574901883,4.223755208569998,3.3466318050425414,4.704447220834216
2012-06-28 20:00:00,0.0,0.0,0.0,0.0,0.0,0.0,0.0,0.0,0.0,0.0,0.0,0.0,0.0,0.0,0.0,0.0,0.0,0.0,0.0,0.0,0.0,0.0,0.0,0.0,0.0,0.0,0.0,0.0,0.0,0.0,0.0,0.0,0.0,0.0,0.0,0.0,0.0,0.0,3.3537939,5.285969,1.8320658,3.9500074,3.5934932,5.910577,3.4295635,6.116742,2.7048168,4.1829677,3.087809,4.899602,3.5086977,5.7217135,3.5934932,5.910577,5.4980273,1.3757399,2.5670881,2.787787,3.3537939,5.285969,5.176034,2.1201217,3.0125973,2.2949736,1.701358,3.0125973,4.2788024,4.5389314,3.6785393,3.1249824,4.5389314,4.399871,4.809934,3.7542644,3.5367794,4.558599,294.3494,294.3494,289.25778,289.25778,294.97473,294.97473,291.96365,291.96365,292.93048,292.93048,290.74277,290.74277,295.14432,295.14432,294.97473,294.97473,294.97473,286.891,286.891,286.891,294.3494,294.3494,294.3494,288.54425,290.3628,286.4311,284.50882,290.3628,288.54425,290.3628,286.4311,284.50882,290.3628,288.54425,290.3628,286.4311,284.50882,290.3628,0.0,0.0,0.0,0.0,0.0,0.0,0.0,0.0,0.0,0.0,0.0,0.0,0.0,0.0,0.0,0.0,0.0,0.0,0.0,0.0,5.2853866,3.951195,5.910159,6.118151,4.1829076,4.9001575,5.72014,5.910159,2.5679379,5.2853866,4.280236,4.5392566,3.6801627,3.1267924,4.5392566,4.054723340241517,4.283429748667545,4.243009344252615,3.196741861756361,4.558497076537669,5.2853866,3.951195,5.910159,6.118151,4.1829076,4.9001575,5.72014,5.910159,2.5679379,5.2853866,4.280236,4.5392566,3.6801627,3.1267924,4.5392566,4.054723340241517,4.283429748667545,4.243009344252615,3.196741861756361,4.558497076537669
2012-06-28 21:00:00,0.0,0.0,0.0,0.0,0.0,0.0,0.0,0.0,0.0,0.0,0.0,0.0,0.0,0.0,0.0,0.0,0.0,0.0,0.0,0.0,0.0,0.0,0.0,0.0,0.0,0.0,0.0,0.0,0.0,0.0,0.0,0.0,0.0,0.0,0.0,0.0,0.0,0.0,3.293856,5.2096744,1.8208939,3.9279437,3.4596615,5.7265477,3.3571804,6.003853,2.5996263,4.03297,3.0662231,4.869756,3.371472,5.5322547,3.4596615,5.7265477,5.321225,1.3029023,2.452593,2.655503,3.293856,5.2096744,5.0971313,2.056094,2.9173117,2.3268154,1.622334,2.9173117,4.1631746,4.4252,3.720552,2.995225,4.4252,4.2782383,4.683736,3.795246,3.368485,4.445775,293.94467,293.94467,289.13492,289.13492,294.0917,294.0917,291.49442,291.49442,292.02094,292.02094,290.59637,290.59637,294.26263,294.26263,294.0917,294.0917,294.0917,285.96976,285.96976,285.96976,293.94467,293.94467,293.94467,287.95816,289.72684,286.6724,283.763,289.72684,287.95816,289.72684,286.6724,283.763,289.72684,287.95816,289.72684,286.6724,283.763,289.72684,0.0,0.0,0.0,0.0,0.0,0.0,0.0,0.0,0.0,0.0,0.0,0.0,0.0,0.0,0.0,0.0,0.0,0.0,0.0,0.0,5.209092,3.929131,5.72613,6.0052614,4.03291,4.8703127,5.530682,5.72613,2.453443,5.209092,4.1646075,4.4255257,3.7221754,2.997035,4.4255257,3.944375336808397,4.175504443722426,4.298816694268173,3.066245608542334,4.44568346166394,5.209092,3.929131,5.72613,6.0052614,4.03291,4.8703127,5.530682,5.72613,2.453443,5.209092,4.1646075,4.4255257,3.7221754,2.997035,4.4255257,3.944375336808397,4.175504443722426,4.298816694268173,3.066245608542334,4.44568346166394
2012-06-28 22:00:00,0.0,0.0,0.0,0.0,0.0,0.0,0.0,0.0,0.0,0.0,0.0,0.0,0.0,0.0,0.0,0.0,0.0,0.0,0.0,0.0,0.0,0.0,0.0,0.0,0.0,0.0,0.0,0.0,0.0,0.0,0.0,0.0,0.0,0.0,0.0,0.0,0.0,0.0,3.187968,5.074891,1.8186795,3.9235704,3.3595016,5.58882,3.325442,5.954353,2.5374835,3.9443576,3.03386,4.8250103,3.2639272,5.3837767,3.3595016,5.58882,5.188908,1.2473792,2.365316,2.554665,3.187968,5.074891,4.9577403,1.9889123,2.869562,2.3051178,1.578937,2.869562,4.04185,4.3682065,3.6919234,2.9239674,4.3682065,4.1506143,4.6204944,3.76732,3.2760634,4.389236,293.22968,293.22968,289.11057,289.11057,293.43085,293.43085,291.28867,291.28867,291.4836,291.4836,290.3769,290.3769,293.57166,293.57166,293.43085,293.43085,293.43085,285.26752,285.26752,285.26752,293.22968,293.22968,293.22968,287.3432,289.40814,286.50797,283.35342,289.40814,287.3432,289.40814,286.50797,283.35342,289.40814,287.3432,289.40814,286.50797,283.35342,289.40814,0.0,0.0,0.0,0.0,0.0,0.0,0.0,0.0,0.0,0.0,0.0,0.0,0.0,0.0,0.0,0.0,0.0,0.0,0.0,0.0,5.0743084,3.9247577,5.5884027,5.955762,3.9442976,4.8255663,5.382203,5.5884027,2.3661656,5.0743084,4.043284,4.368532,3.693547,2.9257772,4.368532,3.828591810790132,4.121420084610095,4.260788364701481,2.9945818655747223,4.389149435073108,5.0743084,3.9247577,5.5884027,5.955762,3.9442976,4.8255663,5.382203,5.5884027,2.3661656,5.0743084,4.043284,4.368532,3.693547,2.9257772,4.368532,3.828591810790132,4.121420084610095,4.260788364701481,2.9945818655747223,4.389149435073108
2012-06-28 23:00:00,0.0,0.0,0.0,0.0,0.0,0.0,0.0,0.0,0.0,0.0,0.0,0.0,0.0,0.0,0.0,0.0,0.0,0.0,0.0,0.0,0.0,0.0,0.0,0.0,0.0,0.0,0.0,0.0,0.0,0.0,0.0,0.0,0.0,0.0,0.0,0.0,0.0,0.0,3.0873046,4.946757,1.8260386,3.9381042,3.2743735,5.4717627,3.359685,6.007758,2.561095,3.9780269,2.9915116,4.7664585,3.1772773,5.2641444,3.2743735,5.4717627,5.0764475,1.206821,2.301562,2.4810054,3.0873046,4.946757,4.8252263,1.951546,2.8482726,2.2756636,1.57139,2.8482726,3.9743705,4.342796,3.653062,2.9115746,4.342796,4.07963,4.592298,3.7294123,3.2599907,4.364028,292.54996,292.54996,289.1915,289.1915,292.86917,292.86917,291.51065,291.51065,291.68777,291.68777,290.0897,290.0897,293.01492,293.01492,292.86917,292.86917,292.86917,284.75455,284.75455,284.75455,292.54996,292.54996,292.54996,287.00116,289.26605,286.28476,283.2822,289.26605,287.00116,289.26605,286.28476,283.2822,289.26605,287.00116,289.26605,286.28476,283.2822,289.26605,0.0,0.0,0.0,0.0,0.0,0.0,0.0,0.0,0.0,0.0,0.0,0.0,0.0,0.0,0.0,0.0,0.0,0.0,0.0,0.0,4.9461746,3.9392917,5.4713454,6.009167,3.977967,4.7670145,5.2625713,5.4713454,2.3024116,4.9461746,3.9758036,4.3431215,3.654685,2.913385,4.3431215,3.7641929343267946,4.09730663291738,4.209166389487899,2.982119070247518,4.363943801844446,4.9461746,3.9392917,5.4713454,6.009167,3.977967,4.7670145,5.2625713,5.4713454,2.3024116,4.9461746,3.9758036,4.3431215,3.654685,2.913385,4.3431215,3.7641929343267946,4.09730663291738,4.209166389487899,2.982119070247518,4.363943801844446
2012-07-27 00:00:00,0.0,0.0,0.0,0.0,0.0,0.0,0.0,0.0,0.0,0.0,0.0,0.0,0.0,0.0,0.0,0.0,0.0,0.0,0.0,0.0,0.0,0.0,0.0,0.0,0.0,0.0,0.0,0.0,0.0,0.0,0.0,0.0,0.0,0.0,0.0,0.0,0.0,0.0,2.8746157,4.676028,1.6016812,3.4950166,2.8788683,4.927912,3.0907567,5.588335,2.602566,4.0371623,3.0931227,4.9069486,3.065928,5.110413,2.8788683,4.927912,4.5539556,1.2078537,2.3031852,2.4828806,2.8746157,4.676028,4.5452433,1.6661406,2.9384778,2.0900238,1.4789826,2.9384778,3.4589536,4.4504633,3.4081266,2.759842,4.4504633,3.5374475,4.7117686,3.4904895,3.0631933,4.4708366,291.1138,291.1138,286.72415,286.72415,290.2596,290.2596,289.76727,289.76727,292.04636,292.04636,290.7788,290.7788,292.2995,292.2995,290.2596,290.2596,290.2596,284.7676,284.7676,284.7676,291.1138,291.1138,291.1138,284.38864,289.8681,284.87796,282.41006,289.8681,284.38864,289.8681,284.87796,282.41006,289.8681,284.38864,289.8681,284.87796,282.41006,289.8681,0.0,0.0,0.0,0.0,0.0,0.0,0.0,0.0,0.0,0.0,0.0,0.0,0.0,0.0,0.0,0.0,0.0,0.0,0.0,0.0,4.675445,3.4962041,4.9274945,5.5897436,4.037102,4.9075055,5.1088395,4.9274945,2.304035,4.675445,3.4603872,4.450789,3.4097502,2.761652,4.450789,3.272312615144342,4.199478062254551,3.88380819788334,2.829521913066354,4.470742928205064,4.675445,3.4962041,4.9274945,5.5897436,4.037102,4.9075055,5.1088395,4.9274945,2.304035,4.675445,3.4603872,4.450789,3.4097502,2.761652,4.450789,3.272312615144342,4.199478062254551,3.88380819788334,2.829521913066354,4.470742928205064
2012-07-27 01:00:00,0.0,0.0,0.0,0.0,0.0,0.0,0.0,0.0,0.0,0.0,0.0,0.0,0.0,0.0,0.0,0.0,0.0,0.0,0.0,0.0,0.0,0.0,0.0,0.0,0.0,0.0,0.0,0.0,0.0,0.0,0.0,0.0,0.0,0.0,0.0,0.0,0.0,0.0,2.790878,4.5694385,1.6130586,3.517486,2.8268209,4.856342,3.0739741,5.5621605,2.5680697,3.987972,3.062929,4.865202,2.9450653,4.943547,2.8268209,4.856342,4.485196,1.1545434,2.2193856,2.3860614,2.790878,4.5694385,4.4350104,1.6480308,2.8962877,2.0955932,1.4478858,2.8962877,3.426249,4.400106,3.4154754,2.7087812,4.400106,3.5030446,4.655891,3.4976575,2.9969673,4.4208813,290.54837,290.54837,286.84927,286.84927,289.9162,289.9162,289.65848,289.65848,291.74808,291.74808,290.57404,290.57404,291.52295,291.52295,289.9162,289.9162,289.9162,284.09335,284.09335,284.09335,290.54837,290.54837,290.54837,284.22287,289.58652,284.92017,282.11658,289.58652,284.22287,289.58652,284.92017,282.11658,289.58652,284.22287,289.58652,284.92017,282.11658,289.58652,0.0,0.0,0.0,0.0,0.0,0.0,0.0,0.0,0.0,0.0,0.0,0.0,0.0,0.0,0.0,0.0,0.0,0.0,0.0,0.0,4.568856,3.5186737,4.855924,5.5635695,3.9879117,4.8657584,4.9419727,4.855924,2.2202356,4.568856,3.4276826,4.4004316,3.4170985,2.710591,4.4004316,3.241101453746336,4.151691374374681,3.893569367109535,2.7781702838196862,4.420791816134432,4.568856,3.5186737,4.855924,5.5635695,3.9879117,4.8657584,4.9419727,4.855924,2.2202356,4.568856,3.4276826,4.4004316,3.4170985,2.710591,4.4004316,3.241101453746336,4.151691374374681,3.893569367109535,2.7781702838196862,4.420791816134432
2012-07-27 02:00:00,0.0,0.0,0.0,0.0,0.0,0.0,0.0,0.0,0.0,0.0,0.0,0.0,0.0,0.0,0.0,0.0,0.0,0.0,0.0,0.0,0.0,0.0,0.0,0.0,0.0,0.0,0.0,0.0,0.0,0.0,0.0,0.0,0.0,0.0,0.0,0.0,0.0,0.0,2.6970983,4.4500666,1.6332715,3.557405,2.6804173,4.6550264,3.1156642,5.627181,2.5399046,3.9478102,3.053205,4.851757,2.8855886,4.861431,2.6804173,4.6550264,4.2917867,0.9781325,1.9420828,2.0656729,2.6970983,4.4500666,4.311558,1.6551821,2.8646193,2.0724576,1.414655,2.8646193,3.4391637,4.362307,3.3849502,2.6542163,4.362307,3.5166297,4.6139483,3.4678817,2.9261966,4.3833838,289.91513,289.91513,287.07156,287.07156,288.95023,288.95023,289.92874,289.92874,291.50455,291.50455,290.5081,290.5081,291.1408,291.1408,288.95023,288.95023,288.95023,281.86215,281.86215,281.86215,289.91513,289.91513,289.91513,284.28833,289.37515,284.74484,281.80295,289.37515,284.28833,289.37515,284.74484,281.80295,289.37515,284.28833,289.37515,284.74484,281.80295,289.37515,0.0,0.0,0.0,0.0,0.0,0.0,0.0,0.0,0.0,0.0,0.0,0.0,0.0,0.0,0.0,0.0,0.0,0.0,0.0,0.0,4.4494843,3.5585926,4.6546087,5.62859,3.94775,4.852313,4.8598576,4.6546087,1.9429326,4.4494843,3.440597,4.3626323,3.3865733,2.6560261,4.3626323,3.2534261851894,4.1158215791805794,3.8530213431005054,2.723294470804401,4.383297353990594,4.4494843,3.5585926,4.6546087,5.62859,3.94775,4.852313,4.8598576,4.6546087,1.9429326,4.4494843,3.440597,4.3626323,3.3865733,2.6560261,4.3626323,3.2534261851894,4.1158215791805794,3.8530213431005054,2.723294470804401,4.383297353990594
2012-07-27 03:00:00,0.0,0.0,0.0,0.0,0.0,0.0,0.0,0.0,0.0,0.0,0.0,0.0,0.0,0.0,0.0,0.0,0.0,0.0,0.0,0.0,0.0,0.0,0.0,0.0,0.0,0.0,0.0,0.0,0.0,0.0,0.0,0.0,0.0,0.0,0.0,0.0,0.0,0.0,2.6495662,4.3895636,1.6563427,3.6029687,2.559305,4.4884872,3.1500764,5.6808505,2.5102365,3.9055042,3.0288246,4.8180485,2.8774855,4.850243,2.559305,4.4884872,4.1317887,0.917972,1.8475157,1.9564124,2.6495662,4.3895636,4.2489867,1.6627666,2.842374,2.0388517,1.3768909,2.842374,3.4528608,4.3357553,3.3406105,2.5922072,4.3357553,3.531038,4.584486,3.4246306,2.8457713,4.3570437,289.59418,289.59418,287.3253,287.3253,288.15112,288.15112,290.15182,290.15182,291.24802,291.24802,290.34274,290.34274,291.08875,291.08875,288.15112,288.15112,288.15112,281.10126,281.10126,281.10126,289.59418,289.59418,289.59418,284.35776,289.22668,284.49017,281.44653,289.22668,284.35776,289.22668,284.49017,281.44653,289.22668,284.35776,289.22668,284.49017,281.44653,289.22668,0.0,0.0,0.0,0.0,0.0,0.0,0.0,0.0,0.0,0.0,0.0,0.0,0.0,0.0,0.0,0.0,0.0,0.0,0.0,0.0,4.3889813,3.6041563,4.4880695,5.6822596,3.9054444,4.8186045,4.84867,4.4880695,1.8483653,4.3889813,3.4542942,4.336081,3.3422334,2.5940173,4.336081,3.2664978700532554,4.090625715244785,3.7941226032649378,2.66093243711699,4.356960282328773,4.3889813,3.6041563,4.4880695,5.6822596,3.9054444,4.8186045,4.84867,4.4880695,1.8483653,4.3889813,3.4542942,4.336081,3.3422334,2.5940173,4.336081,3.2664978700532554,4.090625715244785,3.7941226032649378,2.66093243711699,4.356960282328773
2012-07-27 04:00:00,0.0,0.0,0.0,0.0,0.0,0.0,0.0,0.0,0.0,0.0,0.0,0.0,0.0,0.0,0.0,0.0,0.0,0.0,0.0,0.0,0.0,0.0,0.0,0.0,0.0,0.0,0.0,0.0,0.0,0.0,0.0,0.0,0.0,0.0,0.0,0.0,0.0,0.0,2.605198,4.3330874,1.6680171,3.626025,2.5252817,4.441703,3.1898694,5.742912,2.4887388,3.87485,2.9934418,4.7691274,2.8877213,4.864375,2.5252817,4.441703,4.0868416,0.9010432,1.820905,1.9256673,2.605198,4.3330874,4.1905804,1.6917083,2.8069103,2.000526,1.3376069,2.8069103,3.5051267,4.2934265,3.290043,2.5277028,4.2934265,3.586018,4.5375166,3.375304,2.7621093,4.3150525,289.2946,289.2946,287.45367,287.45367,287.92664,287.92664,290.4098,290.4098,291.06213,291.06213,290.10278,290.10278,291.1545,291.1545,287.92664,287.92664,287.92664,280.88715,280.88715,280.88715,289.2946,289.2946,289.2946,284.62268,288.99,284.19974,281.07578,288.99,284.62268,288.99,284.19974,281.07578,288.99,284.62268,288.99,284.19974,281.07578,288.99,0.0,0.0,0.0,0.0,0.0,0.0,0.0,0.0,0.0,0.0,0.0,0.0,0.0,0.0,0.0,0.0,0.0,0.0,0.0,0.0,4.332505,3.6272123,4.441285,5.7443213,3.8747897,4.769684,4.862802,4.441285,1.8217547,4.332505,3.50656,4.2937517,3.2916663,2.529513,4.2937517,3.3163771211755106,4.050457345114053,3.7269519253721746,2.596060757412533,4.314972547938416,4.332505,3.6272123,4.441285,5.7443213,3.8747897,4.769684,4.862802,4.441285,1.8217547,4.332505,3.50656,4.2937517,3.2916663,2.529513,4.2937517,3.3163771211755106,4.050457345114053,3.7269519253721746,2.596060757412533,4.314972547938416
2012-07-27 05:00:00,-4.7238855,-6.427679,-4.127535,-8.486404,-4.697712,-6.828122,-9.068414,-16.147877,-4.5399346,-6.9347596,-7.4557943,-11.46092,-2.1036117,-3.3594313,-4.697712,-6.828122,-6.069686,-1.8366892,-3.18157,-2.1719947,-4.7238855,-6.427679,-6.0287447,-4.885394,-7.1354103,-6.523463,-4.2474947,-7.1354103,-9.531738,-9.269415,-10.324714,-7.930398,-9.269415,-6.1083474,-8.233564,-7.3523073,-5.1925387,-8.1843405,2.7072668,4.463011,1.7555181,3.7988317,2.6925447,4.6717024,3.3946104,6.062228,2.4989493,3.8894098,2.961317,4.7247114,2.9145336,4.901394,2.6925447,4.6717024,4.307808,1.0946629,2.1252587,2.2773094,2.7072668,4.463011,4.3249445,1.8205371,2.8215692,2.3034785,1.4140698,2.8215692,3.7377796,4.3109236,3.689761,2.653255,4.3109236,3.8307528,4.5569315,3.7652104,2.9249504,4.33241,289.9838,289.9838,288.41595,288.41595,289.03024,289.03024,291.73706,291.73706,291.15042,291.15042,289.88492,289.88492,291.32678,291.32678,289.03024,289.03024,289.03024,283.336,283.336,283.336,289.9838,289.9838,289.9838,285.80194,289.08783,286.49554,281.79742,289.08783,285.80194,289.08783,286.49554,281.79742,289.08783,285.80194,289.08783,286.49554,281.79742,289.08783,6.5209017,8.813664,6.862356,16.405897,6.815018,11.514072,3.302734,6.862356,3.4877717,6.5209017,10.041026,9.414381,11.079241,8.926682,9.414381,8.899872965259155,8.792014395895048,9.177227614183822,7.259790297767535,9.008758802543984,4.462428,3.8000193,4.6712847,6.0636373,3.8893495,4.7252674,4.8998203,4.6712847,2.1261084,4.462428,3.7392132,4.311249,3.6913843,2.655065,4.311249,3.5384061526080846,4.067061238182532,4.257915771877865,2.722327990104219,4.332328488688221,-2.0584733,-5.0136456,-2.1910715,-10.34226,-2.9256687,-6.788805,1.5970863,-2.1910715,-1.3616633,-2.0584733,-6.3018126,-5.103132,-7.3878565,-6.2716174,-5.103132,-5.36146681265107,-4.724953157712516,-4.919311842305957,-4.537462307663316,-4.676430313855763
2012-07-27 06:00:00,-11.620695,-14.850315,-8.85795,-17.91652,-12.275684,-16.79031,-14.828163,-25.478245,-10.407629,-14.656967,-14.349253,-20.760784,-8.401193,-11.719044,-12.275684,-16.79031,-15.2471485,-4.8903174,-8.239913,-6.135016,-11.620695,-14.850315,-14.244675,-10.302208,-14.084202,-12.2648115,-9.296039,-14.084202,-19.75231,-17.485811,-18.679121,-16.948654,-17.485811,-13.525816,-15.989521,-14.192276,-12.033802,-15.821126,3.0885835,4.948386,1.9720138,4.2263937,3.1366894,5.2824364,3.5988896,6.380825,2.6916876,4.1642456,3.2295327,5.095552,3.1730213,5.258269,3.1366894,5.2824364,4.8945556,1.1857879,2.2684994,2.4428058,3.0885835,4.948386,4.8269105,2.114237,3.091001,2.6425545,1.8171952,3.091001,4.268176,4.6325126,4.1371403,3.3151877,4.6325126,4.3886924,4.913775,4.2016087,3.7834754,4.651434,292.5586,292.5586,290.79684,290.79684,291.96072,291.96072,293.06134,293.06134,292.81696,292.81696,291.70392,291.70392,292.98758,292.98758,291.96072,291.96072,291.96072,284.48853,284.48853,284.48853,292.5586,292.5586,292.5586,288.4904,290.88608,289.0651,285.60208,290.88608,288.4904,290.88608,289.0651,285.60208,290.88608,288.4904,290.88608,289.0651,285.60208,290.88608,14.859221,17.95201,16.791002,25.154743,14.511987,20.4924,11.563814,16.791002,8.618675,14.859221,19.961054,17.466028,19.014091,17.739176,17.466028,18.42680370892397,16.847879972785577,16.72049626533965,14.107531999057183,16.678293125953086,4.9478025,4.227581,5.282018,6.382234,4.1641855,5.096108,5.2566957,5.282018,2.2693493,4.9478025,4.2696095,4.6328382,4.1387634,3.3169975,4.6328382,4.0445820111053825,4.372234163653579,4.852189587985119,3.388030284979051,4.651323750285922,-9.911419,-13.724429,-11.508985,-18.772509,-10.347801,-15.396292,-6.307118,-11.508985,-6.349326,-9.911419,-15.691443,-12.833189,-14.875327,-14.422178,-12.833189,-14.382221697818586,-12.475645809131997,-11.868306677354532,-10.719501714078133,-12.026969375667164
2012-07-27 07:00:00,-15.333888,-18.805075,-11.083927,-22.060526,-16.277502,-21.383661,-17.734354,-29.723787,-13.117494,-17.763819,-17.81853,-24.945559,-13.121895,-16.64614,-16.277502,-21.383661,-19.623325,-7.2442336,-11.935021,-9.282022,-15.333888,-18.805075,-18.20662,-13.147168,-17.580654,-15.169174,-12.421529,-17.580654,-24.827742,-21.30935,-22.643803,-22.21765,-21.30935,-17.582119,-19.775417,-17.752426,-16.435497,-19.525393,3.477814,5.4438334,2.2057621,4.6880264,3.56286,5.8684545,3.8575697,6.7842655,2.9311826,4.5057564,3.506028,5.47784,3.804352,6.1299033,3.56286,5.8684545,5.4575586,1.4733243,2.7204823,2.9650145,3.477814,5.4438334,5.339294,2.392498,3.4192162,2.8887978,2.1825695,3.4192162,4.77069,5.0242653,4.4620357,3.9151318,5.0242653,4.917302,5.348473,4.518529,4.561602,5.0400615,295.18683,295.18683,293.36746,293.36746,294.7726,294.7726,294.73828,294.73828,294.8878,294.8878,293.57907,293.57907,297.0439,297.0439,294.7726,294.7726,294.7726,288.1252,288.1252,288.1252,295.18683,295.18683,295.18683,291.0375,293.07666,290.93115,289.05045,293.07666,291.0375,293.07666,290.93115,289.05045,293.07666,291.0375,293.07666,290.93115,289.05045,293.07666,18.712837,21.725483,21.429535,28.822449,17.882511,24.455132,16.579945,21.429535,12.011461,18.712837,24.558798,21.136677,22.40833,22.251438,21.136677,23.063238021031154,20.675799732126244,20.163567692608023,17.539511928337124,20.161928760967193,5.4432507,4.689214,5.8680363,6.785674,4.505696,5.4783964,6.1283298,5.8680363,2.721332,5.4432507,4.7721233,5.0245905,4.463659,3.9169421,5.0245905,4.52414909043586,4.743988389588873,5.283763134387219,3.9913919048559787,5.039916009475478,-13.269586,-17.036268,-15.561498,-22.036774,-13.376816,-18.976734,-10.451614,-15.561498,-9.290129,-13.269586,-19.786674,-16.112085,-17.944672,-18.334497,-16.112085,-18.539088930595295,-15.93181134253737,-14.879804558220805,-13.548120023481145,-15.122012751491715
2012-07-27 08:00:00,-17.267874,-20.580973,-12.210159,-24.05899,-18.166922,-23.188105,-19.170265,-31.528225,-14.50859,-19.194141,-19.688042,-26.987099,-15.030343,-18.185713,-18.166922,-23.188105,-21.416283,-8.447857,-13.715882,-10.917938,-17.267874,-20.580973,-20.018797,-14.63801,-19.419067,-16.592985,-13.958728,-19.419067,-27.382755,-23.182356,-24.536194,-24.67585,-23.182356,-19.76233,-21.701197,-19.55956,-18.687887,-21.401411,3.7707472,5.8167048,2.3284109,4.930248,3.9489715,6.399388,4.1225815,7.1975803,3.0887604,4.7304554,3.7288525,5.785923,4.1023626,6.541344,3.9489715,6.399388,5.9676404,1.604945,2.9273787,3.2040575,3.7707472,5.8167048,5.724911,2.5389464,3.6598272,2.876153,2.3584983,3.6598272,5.0351624,5.3114552,4.4453516,4.204008,5.3114552,5.195509,5.6671457,4.5022545,4.936274,5.3249607,297.16483,297.16483,294.71628,294.71628,297.3202,297.3202,296.45627,296.45627,296.2503,296.2503,295.09024,295.09024,298.95865,298.95865,297.3202,297.3202,297.3202,289.78992,289.78992,289.78992,297.16483,297.16483,297.16483,292.37805,294.68256,290.83533,290.71085,294.68256,292.37805,294.68256,290.83533,290.71085,294.68256,292.37805,294.68256,290.83533,290.71085,294.68256,20.42839,23.47978,23.338926,30.167551,19.550547,26.381697,18.190903,23.338926,13.56988,20.42839,26.788054,22.923899,24.152605,24.205976,22.923899,25.38264312282858,22.58997649076865,22.114824122261314,19.009292085578807,21.856407297243784,5.8161225,4.9314356,6.39897,7.1989894,4.730395,5.786479,6.5397716,6.39897,2.9282284,5.8161225,5.036596,5.311781,4.4469748,4.2058177,5.311781,4.776544651321391,5.016518040571263,5.261601116042858,4.281912799527152,5.324789469904739,-14.612268,-18.548346,-16.939957,-22.968561,-14.820152,-20.595219,-11.651132,-16.939957,-10.641651,-14.612268,-21.751457,-17.612118,-19.70563,-20.000158,-17.612118,-20.606098471507188,-17.573458450197386,-16.853223006218457,-14.727379286051654,-16.531617827339044
2012-07-27 09:00:00,-18.054003,-21.111237,-12.835896,-25.144785,-18.484884,-23.124054,-19.636873,-31.855131,-15.29297,-19.950132,-20.595592,-27.848572,-14.452195,-16.968678,-18.484884,-23.124054,-21.451374,-9.187491,-14.752192,-11.915985,-18.054003,-21.111237,-20.589693,-15.464269,-20.444962,-17.669832,-14.813467,-20.444962,-28.756992,-24.18329,-25.875202,-25.982365,-24.18329,-20.9865,-22.749962,-20.875912,-19.959019,-22.420408,4.009025,6.1200075,2.3883672,5.0486565,4.302568,6.885609,4.357094,7.563327,3.164813,4.838902,3.9092305,6.0353174,4.638152,7.281071,4.302568,6.885609,6.434767,1.7218008,3.1110666,3.416285,4.009025,6.1200075,6.038582,2.6238942,3.7583408,3.117753,2.4819865,3.7583408,5.188571,5.429039,4.7641206,4.406775,5.429039,5.356884,5.7976193,4.8131986,5.199262,5.4416065,298.77377,298.77377,295.37564,295.37564,299.65323,299.65323,297.97653,297.97653,296.9079,296.9079,296.31354,296.31354,302.40112,302.40112,299.65323,299.65323,299.65323,291.26788,291.26788,291.26788,298.77377,298.77377,298.77377,293.15564,295.34006,292.6662,291.8763,295.34006,293.15564,295.34006,292.6662,291.8763,295.34006,293.15564,295.34006,292.6662,291.8763,295.34006,20.931042,24.417374,23.404737,30.18493,20.43358,27.200686,17.1262,23.404737,14.418834,20.931042,27.957079,23.875637,24.993689,25.152374,23.875637,26.624252823702093,23.62429195114921,22.936883247453288,19.71317906896725,22.759616372340837,6.119425,5.0498443,6.885192,7.564736,4.8388414,6.0358734,7.2794976,6.885192,3.1119163,6.119425,5.190004,5.4293647,4.765744,4.408585,5.4293647,4.922947521796574,5.128099723715493,5.6850368257726505,4.4858348875931,5.441425072978518,-14.811618,-19.367529,-16.519545,-22.620195,-15.594738,-21.164812,-9.846703,-16.519545,-11.306918,-14.811618,-22.767075,-18.446272,-20.227945,-20.74379,-18.446272,-21.70130530190552,-18.496192227433717,-17.25184642168064,-15.22734418137415,-17.31819129936232
2012-07-27 10:00:00,-18.024477,-20.824766,-13.049055,-25.408768,-18.107069,-22.366835,-19.575325,-31.472033,-15.790253,-20.436663,-21.139822,-28.375399,-14.928126,-17.219585,-18.107069,-22.366835,-20.803799,-9.578761,-15.274433,-12.442913,-18.024477,-20.824766,-20.345425,-15.910805,-20.812027,-18.146452,-15.249299,-20.812027,-29.482342,-24.471746,-26.469301,-26.615437,-24.471746,-21.652353,-23.094091,-21.478306,-20.611486,-22.751097,4.222586,6.3918467,2.4759264,5.2215786,4.5474286,7.222313,4.535241,7.8411684,3.1820788,4.8635225,3.9653437,6.1129007,4.7002363,7.366787,4.5474286,7.222313,6.7582464,1.79412,3.224746,3.547627,4.222586,6.3918467,6.319714,2.6733863,3.9136853,3.1597269,2.566365,3.9136853,5.277948,5.614456,4.819502,4.5453243,5.614456,5.450903,6.0033627,4.8672214,5.3789606,5.6255445,300.21582,300.21582,296.33856,296.33856,301.26883,301.26883,299.1314,299.1314,297.0572,297.0572,296.6941,296.6941,302.80002,302.80002,301.26883,301.26883,301.26883,292.18256,292.18256,292.18256,300.21582,300.21582,300.21582,293.60867,296.37686,292.98428,292.67267,296.37686,293.60867,296.37686,292.98428,292.67267,296.37686,293.60867,296.37686,292.98428,292.67267,296.37686,20.640308,24.589348,22.739925,29.62736,20.948,27.69646,17.393118,22.739925,14.824509,20.640308,28.562155,24.153173,25.454674,25.552015,24.153173,27.276350148094394,23.951549525827854,23.452680962185372,20.005807340255924,23.021685459443173,6.391265,5.2227664,7.221895,7.8425775,4.863462,6.113457,7.3652134,7.221895,3.2255957,6.391265,5.2793818,5.6147814,4.8211255,4.547135,5.6147814,5.008243856655446,5.30405127178428,5.758602022334198,4.6251736382629325,5.625346074548655,-14.249043,-19.366583,-15.51803,-21.784782,-16.084538,-21.583004,-10.0279045,-15.51803,-11.598913,-14.249043,-23.282772,-18.538391,-20.633549,-21.00488,-18.538391,-22.268106291438947,-18.647498254043576,-17.694078939851174,-15.380633701992991,-17.396339384894517
2012-07-27 11:00:00,-17.574593,-20.178978,-13.223543,-25.721704,-17.194328,-21.087427,-19.140352,-30.607983,-15.915978,-20.515974,-21.260244,-28.432467,-13.01577,-14.886368,-17.194328,-21.087427,-19.650377,-9.743509,-15.49637,-12.668362,-17.574593,-20.178978,-19.734747,-16.086733,-20.839577,-18.227318,-15.399303,-20.839577,-29.73003,-24.43478,-26.450333,-26.787941,-24.43478,-21.909977,-23.093828,-21.554237,-20.825867,-22.747263,4.3862786,6.60021,2.4790204,5.2276893,4.7558427,7.5088983,4.6836424,8.072616,3.227513,4.928309,4.0294943,6.2015963,5.044742,7.8424215,4.7558427,7.5088983,7.0335765,1.8114785,3.2520316,3.5791526,4.3862786,6.60021,6.535199,2.7224975,4.01614,3.383677,2.6446352,4.01614,5.3666396,5.7367444,5.1149826,4.673845,5.7367444,5.5442,6.139057,5.155449,5.5456514,5.7468576,301.32114,301.32114,296.3726,296.3726,302.64395,302.64395,300.09344,300.09344,297.45004,297.45004,297.12915,297.12915,305.0135,305.0135,302.64395,302.64395,302.64395,292.4021,292.4021,292.4021,301.32114,301.32114,301.32114,294.05823,297.06067,294.6814,293.41138,297.06067,294.05823,297.06067,294.6814,293.41138,297.06067,294.05823,297.06067,294.6814,293.41138,297.06067,20.002674,24.865116,21.536417,28.680506,21.110619,27.755726,15.135859,21.536417,15.006979,20.002674,28.738266,24.121689,25.077572,25.55237,24.121689,27.48003913654764,23.942202320977387,23.010729134115262,19.998026692541032,22.991030266973937,6.599628,5.2288766,7.5084805,8.074025,4.9282494,6.2021527,7.8408484,7.5084805,3.2528815,6.599628,5.368073,5.73707,5.116606,4.675655,5.73707,5.092885170822241,5.420097258055468,6.151102659961017,4.754425747813191,5.7466481844615895,-13.403046,-19.63624,-14.027936,-20.60648,-16.18237,-21.553574,-7.29501,-14.027936,-11.754098,-13.403046,-23.370193,-18.384619,-19.960966,-20.876715,-18.384619,-22.387153965725396,-18.52210506292192,-16.859626474154247,-15.243600944727842,-17.244382082512345
2012-07-27 12:00:00,-16.79983,-19.266382,-13.044849,-25.295778,-17.135145,-21.002573,-15.459656,-25.584515,-15.557087,-20.029768,-20.71278,-27.664799,-12.520232,-14.949202,-17.135145,-21.002573,-19.573734,-9.772293,-15.518738,-12.70135,-16.79983,-19.266382,-18.853151,-12.910174,-20.751507,-18.12954,-15.269486,-20.751507,-24.204647,-24.339128,-26.308056,-26.46777,-24.339128,-17.162409,-23.000195,-21.427479,-20.60478,-22.655703,4.523008,6.7742515,2.5432224,5.354483,4.769196,7.5272603,4.6218796,7.9762897,3.339572,5.088101,4.1845555,6.4159875,4.855991,7.5818257,4.769196,7.5272603,7.051217,1.8417263,3.2995794,3.634087,4.523008,6.7742515,6.7151895,2.634456,4.030708,3.4113586,2.7684236,4.030708,5.2076445,5.7541323,5.1515064,4.8771057,5.7541323,5.376947,6.1583505,5.191076,5.8092804,5.7641068,302.2444,302.2444,297.07864,297.07864,302.73206,302.73206,299.69305,299.69305,298.41898,298.41898,298.18076,298.18076,303.80075,303.80075,302.73206,302.73206,302.73206,292.78467,292.78467,292.78467,302.2444,302.2444,302.2444,293.25232,297.1579,294.89117,294.57968,297.1579,293.25232,297.1579,294.89117,294.57968,297.1579,293.25232,297.1579,294.89117,294.57968,297.1579,19.106905,24.433956,21.455912,24.295874,20.832014,27.056591,15.158251,21.455912,14.998193,19.106905,23.829115,24.03172,24.908312,25.031897,24.03172,22.350055332595865,23.84877529016155,22.822700386283223,19.592617414664105,22.905439103969083,6.7736692,5.3556705,7.526842,7.977699,5.0880404,6.416544,7.5802526,7.526842,3.3004286,6.7736692,5.209078,5.754458,5.15313,4.878916,5.754458,4.9411502020817135,5.436597571004993,6.1996191294193395,4.958844425410171,5.763895853590997,-12.333237,-19.078285,-13.9290695,-16.318174,-15.743973,-20.640047,-7.5779977,-13.9290695,-11.697764,-12.333237,-18.620037,-18.277262,-19.755182,-20.15298,-18.277262,-17.40890513051415,-18.41217771915656,-16.623081256863884,-14.633772989253934,-17.141543250378085
2012-07-27 13:00:00,-16.02973,-18.536303,-10.747077,-21.155148,-15.357838,-18.857817,-14.56359,-24.244053,-15.001754,-19.364304,-19.99697,-26.78702,-12.161918,-14.012902,-15.357838,-18.857817,-17.595926,-9.6494,-15.349781,-12.53132,-16.02973,-18.536303,-18.131804,-14.69087,-20.152485,-17.853682,-14.77177,-20.152485,-27.389439,-23.686123,-25.965221,-25.758743,-23.686123,-19.816793,-22.361862,-21.075401,-19.831064,-22.031212,4.557876,6.818635,2.4541206,5.1785135,4.976342,7.8121033,4.6414437,8.006803,3.4252803,5.2103176,4.2740445,6.5397177,5.1204157,7.946899,4.976342,7.8121033,7.3248725,1.8366278,3.2915645,3.6248274,4.557876,6.818635,6.7610903,2.6288385,4.124749,3.4004734,2.6892028,4.124749,5.1974993,5.8663793,5.137145,4.7470245,5.8663793,5.3662763,6.282903,5.1770673,5.6405654,5.8754582,302.47983,302.47983,296.09875,296.09875,304.09882,304.09882,299.8199,299.8199,299.16006,299.16006,298.78766,298.78766,305.4997,305.4997,304.09882,304.09882,304.09882,292.72018,292.72018,292.72018,302.47983,302.47983,302.47983,293.2009,297.78555,294.8087,293.832,297.78555,293.2009,297.78555,294.8087,293.832,297.78555,293.2009,297.78555,294.8087,293.832,297.78555,18.395664,20.766886,19.377758,23.071335,20.318413,26.247011,14.273195,19.377758,14.852172,18.395664,26.726223,23.417004,24.62645,24.572792,23.417004,25.33720275860058,23.21229214010247,22.49964962868655,19.258308416886294,22.320785911357543,6.8180523,5.1797013,7.8116846,8.008212,5.210257,6.5402737,7.9453254,7.8116846,3.2924144,6.8180523,5.1989326,5.8667045,5.138768,4.748835,5.8667045,4.9314685365891435,5.543114186332325,6.180541442927363,4.828022452181166,5.875236974427312,-11.577612,-15.587183,-11.566073,-15.063123,-15.108156,-19.706738,-6.3278694,-11.566073,-11.559757,-11.577612,-21.52729,-17.550299,-19.487682,-19.823957,-17.550299,-20.405734222011436,-17.669177953770145,-16.319108185759188,-14.430285964705128,-16.44554893693023
2012-07-27 14:00:00,-14.86801,-17.259186,-10.372241,-20.582516,-15.19343,-18.823133,-12.543735,-21.231272,-14.70103,-19.124033,-19.075396,-25.747723,-10.601776,-12.421368,-15.19343,-18.823133,-17.547373,-9.335591,-14.944115,-12.110687,-14.86801,-17.259186,-16.886599,-15.40059,-19.353386,-14.18633,-14.152525,-19.353386,-28.5428,-22.872837,-21.275127,-24.694262,-22.872837,-20.869854,-21.534815,-16.485603,-18.861526,-21.22527,4.6923223,6.989771,2.3183904,4.9104586,4.9246783,7.7410607,4.594961,7.934309,3.3782578,5.1432657,4.3139043,6.5948286,5.245791,8.119995,4.9246783,7.7410607,7.256621,1.7659012,3.1803885,3.496378,4.6923223,6.989771,6.9380765,2.717797,4.157763,3.0786984,2.7798283,4.157763,5.3581505,5.9057837,4.7125916,4.895832,5.9057837,5.5352697,6.3266263,4.7629347,5.8335686,5.914548,303.38766,303.38766,294.60608,294.60608,303.75793,303.75793,299.51855,299.51855,298.75348,298.75348,299.05798,299.05798,306.30524,306.30524,303.75793,303.75793,303.75793,291.82565,291.82565,291.82565,303.38766,303.38766,303.38766,294.0152,298.0059,292.37024,294.68732,298.0059,294.0152,298.0059,292.37024,294.68732,298.0059,294.0152,298.0059,292.37024,294.68732,298.0059,17.143936,20.315023,19.33443,20.3804,19.989948,25.279097,12.692984,19.33443,14.553392,17.143936,27.686132,22.646772,20.897388,23.47444,22.646772,26.369014908249923,22.394071528792722,18.449382611360118,18.421261309452426,21.588571783078283,6.9891887,4.911646,7.7406425,7.9357176,5.143205,6.5953846,8.118422,7.7406425,3.1812382,6.9891887,5.359584,5.9061084,4.7142153,4.8976426,5.9061084,5.084783599104421,5.580506609275064,5.616588655739654,4.977677449882773,5.914323029391002,-10.154747,-15.403378,-11.593788,-12.444683,-14.846744,-18.683712,-4.5745616,-11.593788,-11.372154,-10.154747,-22.326548,-16.740664,-16.183172,-18.576797,-16.740664,-21.284231309145504,-16.81356491951766,-12.832793955620463,-13.443583859569653,-15.67424875368728
2012-07-27 15:00:00,-13.547004,-16.00653,-7.002407,-14.124148,-10.483995,-14.04705,-16.504166,-26.89973,-13.721751,-18.076555,-17.424538,-23.816605,-10.225853,-12.56423,-10.483995,-14.04705,-12.980164,-6.6923637,-11.083017,-8.5029955,-13.547004,-16.00653,-15.643335,-14.503029,-18.12493,-11.776083,-11.35161,-18.12493,-26.900913,-21.62621,-17.95715,-20.262417,-21.62621,-19.51043,-20.260815,-13.529491,-14.670016,-19.984114,4.725483,7.03198,2.1459084,4.5698204,4.73804,7.484419,4.7477074,8.172533,3.4105167,5.189265,4.4039383,6.7193108,5.055496,7.857269,4.73804,7.484419,7.010058,1.5116796,2.7807736,3.0346737,4.725483,7.03198,6.9817276,2.7802007,4.170318,3.007121,2.6025124,4.170318,5.470846,5.9207697,4.6181526,4.6046796,5.9207697,5.653818,6.3432555,4.670814,5.4559436,5.9294147,303.61157,303.61157,292.70923,292.70923,302.5265,302.5265,300.50876,300.50876,299.0324,299.0324,299.66858,299.66858,305.08258,305.08258,302.5265,302.5265,302.5265,288.61032,288.61032,288.61032,303.61157,303.61157,303.61157,294.58643,298.0897,291.82782,293.01382,298.0897,294.58643,298.0897,291.82782,293.01382,298.0897,294.58643,298.0897,291.82782,293.01382,298.0897,15.923022,14.289023,14.523603,25.332615,18.98519,23.474968,12.804294,14.523603,11.186607,15.923022,26.160269,21.460886,17.907974,19.833706,21.460886,24.79810165037052,21.131040918271804,15.394877198435664,15.676869080581092,20.461213688618788,7.0313973,4.571008,7.4840007,8.173942,5.1892047,6.719867,7.8556952,7.4840007,2.7816234,7.0313973,5.47228,5.921095,4.619776,4.606489,5.921095,5.192333400107344,5.5947281596075795,5.491140339162374,4.684865835761997,5.929188722871651,-8.891625,-9.718016,-7.039603,-17.158674,-13.795985,-16.7551,-4.948599,-7.039603,-8.404984,-8.891625,-20.68799,-15.539792,-13.288198,-15.227218,-15.539792,-19.605768250263175,-15.536312758664224,-9.90373685927329,-10.992003244819095,-14.532024965747137
2012-07-27 16:00:00,-6.3620996,-8.504102,-11.263832,-22.394855,-13.53483,-17.40233,-14.774734,-24.521885,-12.345808,-16.61669,-16.308487,-22.855734,-9.383671,-11.722759,-13.53483,-17.40233,-16.159637,-4.196042,-7.1240263,-5.1674848,-6.3620996,-8.504102,-8.1387825,-13.175511,-16.379448,-11.19562,-8.279751,-16.379448,-24.613266,-19.85203,-17.120337,-15.116027,-19.85203,-17.541996,-18.439274,-12.815462,-10.351606,-18.209867,4.1129513,6.2522945,2.2156467,4.7075477,4.784727,7.548618,4.670348,8.051882,3.394511,5.166441,4.088371,6.283,5.0970325,7.9146147,4.784727,7.548618,7.0717354,1.3449105,2.5186267,2.7317963,4.1129513,6.2522945,6.1753907,2.7112627,4.0903053,3.0910978,2.4229553,4.0903053,5.3463497,5.825267,4.7289524,4.309846,5.825267,5.522856,6.2372828,4.778893,5.073546,5.834674,299.47552,299.47552,293.47617,293.47617,302.83453,302.83453,300.00726,300.00726,298.894,298.894,297.52844,297.52844,305.34946,305.34946,302.83453,302.83453,302.83453,286.50107,286.50107,286.50107,299.47552,299.47552,299.47552,293.95538,297.55566,292.4642,291.31918,297.55566,293.95538,297.55566,292.4642,291.31918,297.55566,293.95538,297.55566,292.4642,291.31918,297.55566,8.566176,22.026913,17.893288,23.292576,17.470839,22.53135,11.964464,17.893288,7.4441633,8.566176,24.145487,19.759764,17.027058,15.282068,19.759764,22.69430164019378,19.313255409160952,14.497085171591447,12.180479086959794,18.844018207554168,6.251712,4.708735,7.548199,8.053291,5.166381,6.2835565,7.913042,7.548199,2.5194764,6.251712,5.347783,5.8255925,4.730575,4.311656,5.8255925,5.073521839837101,5.504100734527939,5.638320138058853,4.388353828684172,5.834456468604394,-2.3144646,-17.318178,-10.345089,-15.239284,-12.304458,-16.247793,-4.051422,-10.345089,-4.9246864,-2.3144646,-18.797703,-13.934172,-12.296482,-10.970411,-13.934172,-17.62077980035668,-13.809154674633014,-8.858765033532595,-7.792125258275622,-13.009561738949774
2012-07-27 17:00:00,-10.785657,-13.609126,-9.216791,-18.430984,-7.9413023,-11.086501,-11.790634,-20.105198,-10.028849,-13.996812,-10.793054,-16.01165,-7.4178405,-10.023405,-7.9413023,-11.086501,-10.151133,-3.3392763,-5.7141066,-4.0585356,-10.785657,-13.609126,-13.188743,-10.801448,-13.043413,-11.596969,-7.864284,-13.043413,-20.372332,-16.216288,-17.67051,-14.413298,-16.216288,-14.0988245,-14.841373,-13.294184,-9.797592,-14.68884,4.365688,6.574,2.2248235,4.7256713,4.3642592,6.970441,4.5337725,7.8388777,3.3483849,5.1006675,3.842029,5.9424033,4.9084377,7.6542363,4.3642592,6.970441,6.516266,1.2856308,2.4254441,2.6241353,4.365688,6.574,6.5080934,2.6372232,4.036757,3.1616116,2.352222,4.036757,5.2126417,5.7613525,4.8219886,4.1937027,5.7613525,5.3822045,6.166363,4.869646,4.922908,5.7712693,301.1821,301.1821,293.5771,293.5771,300.06027,300.06027,299.1219,299.1219,298.49518,298.49518,295.8578,295.8578,304.13773,304.13773,300.06027,300.06027,300.06027,285.7513,285.7513,285.7513,301.1821,301.1821,301.1821,293.27765,297.19827,292.99857,290.6516,297.19827,293.27765,297.19827,292.99857,290.6516,297.19827,293.27765,297.19827,292.99857,290.6516,297.19827,13.600552,18.356308,11.443085,19.39742,14.718053,15.96062,10.21623,11.443085,6.0531063,13.600552,20.27754,16.247034,17.463058,14.688913,16.247034,18.769956909538124,15.667460654389219,14.91372326626485,11.722114953423304,15.502729042871346,6.5734177,4.7268586,6.970023,7.8402867,5.1006074,5.9429593,7.6526628,6.970023,2.4262936,6.5734177,5.214075,5.761678,4.8236117,4.1955123,5.761678,4.945919212383691,5.443449395873862,5.761905151182976,4.271548495443989,5.771058021280325,-7.027134,-13.62945,-4.4730616,-11.557135,-9.617446,-10.01766,-2.5635674,-4.4730616,-3.6268125,-7.027134,-15.063465,-10.485355,-12.639447,-10.493401,-10.485355,-13.824037697154433,-10.224011258515358,-9.151818115081873,-7.450566457979315,-9.731671021591021
2012-07-27 18:00:00,-6.53918,-8.718132,-5.528479,-11.177478,-5.7163463,-8.1703415,-6.2117567,-11.033266,-5.8418703,-8.705225,-6.2553477,-9.681081,-4.106371,-6.1906376,-5.7163463,-8.1703415,-7.4333825,-2.2057118,-3.8125188,-2.626746,-6.53918,-8.718132,-8.3513,-6.298335,-6.870213,-3.9497862,-4.1700487,-6.870213,-12.055297,-8.935144,-6.356576,-7.8336763,-8.935144,-7.8977165,-7.9546976,-4.3735485,-4.9821715,-7.905855,4.1570983,6.308488,2.1608796,4.599387,4.1710067,6.704704,4.2617655,7.414652,3.2005873,4.8899145,3.678967,5.7169495,4.53483,7.1384225,4.1710067,6.704704,6.2609653,1.2655482,2.393876,2.5876627,4.1570983,6.308488,6.2335052,2.5194764,3.7783957,2.8379238,2.223344,3.7783957,5.000001,5.452976,4.3949122,3.982084,5.452976,5.1585217,5.824181,4.453053,4.648439,5.465353,299.77362,299.77362,292.87387,292.87387,298.7852,298.7852,297.35855,297.35855,297.21722,297.21722,294.75192,294.75192,301.73727,301.73727,298.7852,298.7852,298.7852,285.4973,285.4973,285.4973,299.77362,299.77362,299.77362,292.19983,295.4739,290.54562,289.43527,295.4739,292.19983,295.4739,290.54562,289.43527,295.4739,292.19983,295.4739,290.54562,289.43527,295.4739,8.778461,11.415781,8.439814,10.989088,9.0992,9.757297,6.285133,8.439814,4.101362,8.778461,12.344936,9.06889,6.6685166,8.273451,9.06889,11.08064412924682,8.505000957159371,5.205245654973286,6.6763362373412,8.665497746650727,6.3079057,4.6005745,6.704286,7.4160614,4.889854,5.717506,7.1368484,6.704286,2.3947258,6.3079057,5.001435,5.453302,4.3965354,3.983894,5.453302,4.742989205341209,5.150814843802315,5.194599829373109,4.058725173526092,5.465169039331807,-2.4705555,-6.8152065,-1.735528,-3.5730264,-4.209346,-4.0397906,0.85171574,-1.735528,-1.7066363,-2.4705555,-7.343501,-3.6155875,-2.271981,-4.289557,-3.6155875,-6.337654923905612,-3.3541861133570565,-0.010645825600176906,-2.617611063815108,-3.2003287073189206
2012-07-27 19:00:00,0.0,0.0,0.0,0.0,0.0,0.0,0.0,0.0,0.0,0.0,0.0,0.0,0.0,0.0,0.0,0.0,0.0,0.0,0.0,0.0,0.0,0.0,0.0,0.0,0.0,0.0,0.0,0.0,0.0,0.0,0.0,0.0,0.0,0.0,0.0,0.0,0.0,0.0,3.7401903,5.7778096,2.0163832,4.314019,3.8242104,6.227831,3.8360944,6.750771,2.8979747,4.458402,3.4257498,5.366846,4.055212,6.4762464,3.8242104,6.227831,5.8028216,1.1817513,2.262154,2.4354744,3.7401903,5.7778096,5.684687,2.212737,3.3850095,2.582414,1.9890049,3.3850095,4.4460583,4.9834366,4.0577908,3.597299,4.9834366,4.5758123,5.3031683,4.1242065,4.149373,4.999559,296.9585,296.9585,291.2848,291.2848,296.497,296.497,294.59906,294.59906,294.60065,294.60065,293.03464,293.03464,298.6557,298.6557,296.497,296.497,296.497,284.43747,284.43747,284.43747,296.9585,296.9585,296.9585,289.39203,292.84836,288.60934,287.2236,292.84836,289.39203,292.84836,288.60934,287.2236,292.84836,289.39203,292.84836,288.60934,287.2236,292.84836,0.0,0.0,0.0,0.0,0.0,0.0,0.0,0.0,0.0,0.0,0.0,0.0,0.0,0.0,0.0,0.0,0.0,0.0,0.0,0.0,5.7772274,4.3152065,6.227413,6.75218,4.458342,5.3674026,6.4746737,6.227413,2.2630038,5.7772274,4.4474916,4.9837623,4.059414,3.599109,4.9837623,4.214341540469167,4.70524424609377,4.7467858994645225,3.671748437042316,4.999417009865595,5.7772274,4.3152065,6.227413,6.75218,4.458342,5.3674026,6.4746737,6.227413,2.2630038,5.7772274,4.4474916,4.9837623,4.059414,3.599109,4.9837623,4.214341540469167,4.70524424609377,4.7467858994645225,3.671748437042316,4.999417009865595
2012-07-27 20:00:00,0.0,0.0,0.0,0.0,0.0,0.0,0.0,0.0,0.0,0.0,0.0,0.0,0.0,0.0,0.0,0.0,0.0,0.0,0.0,0.0,0.0,0.0,0.0,0.0,0.0,0.0,0.0,0.0,0.0,0.0,0.0,0.0,0.0,0.0,0.0,0.0,0.0,0.0,3.5618005,5.5507383,1.9303143,4.1440396,3.6339226,5.966171,3.7339072,6.5913997,2.8329697,4.365708,3.2709224,5.1527786,3.71859,6.0114975,3.6339226,5.966171,5.551438,1.1556872,2.2211838,2.3881385,3.5618005,5.5507383,5.4498544,2.0977309,3.236519,2.3211012,1.8814385,3.236519,4.238367,4.806201,3.7130127,3.4206753,4.806201,4.357336,5.1065035,3.7878914,3.9202929,4.8237367,295.75394,295.75394,290.33826,290.33826,295.2415,295.2415,293.9366,293.9366,294.03857,294.03857,291.98462,291.98462,296.4929,296.4929,295.2415,295.2415,295.2415,284.10782,284.10782,284.10782,295.75394,295.75394,295.75394,288.3393,291.8573,286.6291,286.2084,291.8573,288.3393,291.8573,286.6291,286.2084,291.8573,288.3393,291.8573,286.6291,286.2084,291.8573,0.0,0.0,0.0,0.0,0.0,0.0,0.0,0.0,0.0,0.0,0.0,0.0,0.0,0.0,0.0,0.0,0.0,0.0,0.0,0.0,5.550156,4.1452274,5.9657526,6.5928082,4.3656483,5.1533346,6.009924,5.9657526,2.2220335,5.550156,4.2398005,4.8065267,3.7146356,3.4224854,4.8065267,4.016134577364307,4.537056027940656,4.288801438207458,3.4941188957592093,4.823610966244289,5.550156,4.1452274,5.9657526,6.5928082,4.3656483,5.1533346,6.009924,5.9657526,2.2220335,5.550156,4.2398005,4.8065267,3.7146356,3.4224854,4.8065267,4.016134577364307,4.537056027940656,4.288801438207458,3.4941188957592093,4.823610966244289
2012-07-27 21:00:00,0.0,0.0,0.0,0.0,0.0,0.0,0.0,0.0,0.0,0.0,0.0,0.0,0.0,0.0,0.0,0.0,0.0,0.0,0.0,0.0,0.0,0.0,0.0,0.0,0.0,0.0,0.0,0.0,0.0,0.0,0.0,0.0,0.0,0.0,0.0,0.0,0.0,0.0,3.4153001,5.36426,1.8679326,4.0208416,3.532574,5.8268085,3.6522217,6.4640017,2.8361113,4.3701878,3.2059262,5.062913,3.479116,5.680872,3.532574,5.8268085,5.417548,1.120985,2.166635,2.3251145,3.4153001,5.36426,5.257001,2.0105896,3.2175572,2.2737586,1.7550696,3.2175572,4.0809975,4.7835684,3.6505487,3.213177,4.7835684,4.191794,5.08139,3.7269607,3.6511683,4.801285,294.7647,294.7647,289.65222,289.65222,294.57278,294.57278,293.40707,293.40707,294.06573,294.06573,291.54382,291.54382,294.95425,294.95425,294.57278,294.57278,294.57278,283.6689,283.6689,283.6689,294.7647,294.7647,294.7647,287.54163,291.73074,286.27032,285.01575,291.73074,287.54163,291.73074,286.27032,285.01575,291.73074,287.54163,291.73074,286.27032,285.01575,291.73074,0.0,0.0,0.0,0.0,0.0,0.0,0.0,0.0,0.0,0.0,0.0,0.0,0.0,0.0,0.0,0.0,0.0,0.0,0.0,0.0,5.363677,4.022029,5.8263907,6.4654107,4.370127,5.0634694,5.679299,5.8263907,2.1674845,5.363677,4.082431,4.783894,3.6521719,3.2149873,4.783894,3.8659509734208086,4.515578690275346,4.205827970800994,3.285439159605627,4.801160845754758,5.363677,4.022029,5.8263907,6.4654107,4.370127,5.0634694,5.679299,5.8263907,2.1674845,5.363677,4.082431,4.783894,3.6521719,3.2149873,4.783894,3.8659509734208086,4.515578690275346,4.205827970800994,3.285439159605627,4.801160845754758
2012-07-27 22:00:00,0.0,0.0,0.0,0.0,0.0,0.0,0.0,0.0,0.0,0.0,0.0,0.0,0.0,0.0,0.0,0.0,0.0,0.0,0.0,0.0,0.0,0.0,0.0,0.0,0.0,0.0,0.0,0.0,0.0,0.0,0.0,0.0,0.0,0.0,0.0,0.0,0.0,0.0,3.314465,5.2359076,1.8477668,3.9810157,3.3987608,5.642805,3.567542,6.3319345,2.7168276,4.2000937,3.1765869,5.0223484,3.3338773,5.4803514,3.3987608,5.642805,5.2407722,1.1432849,2.2016885,2.3656144,3.314465,5.2359076,5.124261,2.0018878,3.0758111,2.4834769,1.6532594,3.0758111,4.065283,4.6143827,3.927252,3.0460045,4.6143827,4.175264,4.893657,3.9968727,3.4343452,4.633448,294.08383,294.08383,289.43045,289.43045,293.68988,293.68988,292.85812,292.85812,293.03433,293.03433,291.34485,291.34485,294.0211,294.0211,293.68988,293.68988,293.68988,283.95096,283.95096,283.95096,294.08383,294.08383,294.08383,287.46198,290.7847,287.8596,284.05487,290.7847,287.46198,290.7847,287.8596,284.05487,290.7847,287.46198,290.7847,287.8596,284.05487,290.7847,0.0,0.0,0.0,0.0,0.0,0.0,0.0,0.0,0.0,0.0,0.0,0.0,0.0,0.0,0.0,0.0,0.0,0.0,0.0,0.0,5.235325,3.982203,5.642387,6.333344,4.200034,5.0229044,5.4787784,5.642387,2.2025383,5.235325,4.0667167,4.6147084,3.9288752,3.0478146,4.6147084,3.8509544470495287,4.35502950589516,4.573385750838969,3.117314235153036,4.633339834137809,5.235325,3.982203,5.642387,6.333344,4.200034,5.0229044,5.4787784,5.642387,2.2025383,5.235325,4.0667167,4.6147084,3.9288752,3.0478146,4.6147084,3.8509544470495287,4.35502950589516,4.573385750838969,3.117314235153036,4.633339834137809
2012-07-27 23:00:00,0.0,0.0,0.0,0.0,0.0,0.0,0.0,0.0,0.0,0.0,0.0,0.0,0.0,0.0,0.0,0.0,0.0,0.0,0.0,0.0,0.0,0.0,0.0,0.0,0.0,0.0,0.0,0.0,0.0,0.0,0.0,0.0,0.0,0.0,0.0,0.0,0.0,0.0,3.2172592,5.112175,1.8091582,3.9047673,3.2806644,5.4804125,3.454509,6.1556478,2.6660464,4.127682,3.1568277,4.995029,3.2489464,5.363094,3.2806644,5.4804125,5.0847573,1.0864784,2.1123934,2.2624452,3.2172592,5.112175,4.996299,2.0168905,3.0092504,2.5068865,1.5847476,3.0092504,4.0923767,4.5349364,3.958139,2.9335084,4.5349364,4.2037644,4.805502,4.027001,3.2884383,4.554636,293.42746,293.42746,289.00586,289.00586,292.91068,292.91068,292.12537,292.12537,292.59525,292.59525,291.21085,291.21085,293.4754,293.4754,292.91068,292.91068,292.91068,283.23248,283.23248,283.23248,293.42746,293.42746,293.42746,287.5993,290.34045,288.037,283.40826,290.34045,287.5993,290.34045,288.037,283.40826,290.34045,287.5993,290.34045,288.037,283.40826,290.34045,0.0,0.0,0.0,0.0,0.0,0.0,0.0,0.0,0.0,0.0,0.0,0.0,0.0,0.0,0.0,0.0,0.0,0.0,0.0,0.0,5.1115923,3.9059546,5.479995,6.1570563,4.127622,4.995585,5.3615203,5.479995,2.113243,5.1115923,4.09381,4.5352616,3.9597619,2.9353182,4.5352616,3.8768105270000124,4.2796387163137934,4.6144137166465375,3.004177256835641,4.554534335231101,5.1115923,3.9059546,5.479995,6.1570563,4.127622,4.995585,5.3615203,5.479995,2.113243,5.1115923,4.09381,4.5352616,3.9597619,2.9353182,4.5352616,3.8768105270000124,4.2796387163137934,4.6144137166465375,3.004177256835641,4.554534335231101
2012-08-27 00:00:00,0.0,0.0,0.0,0.0,0.0,0.0,0.0,0.0,0.0,0.0,0.0,0.0,0.0,0.0,0.0,0.0,0.0,0.0,0.0,0.0,0.0,0.0,0.0,0.0,0.0,0.0,0.0,0.0,0.0,0.0,0.0,0.0,0.0,0.0,0.0,0.0,0.0,0.0,1.8124558,3.3240128,1.0160816,2.3385057,1.7686641,3.4012947,2.3757637,4.4732246,1.7668105,2.8454115,2.1556454,3.6107714,2.676779,4.573142,1.7686641,3.4012947,3.0872939,0.4012885,1.0353332,1.018039,1.8124558,3.3240128,3.1470132,1.0609505,1.8606601,1.222862,0.8864347,1.8606601,2.366035,3.1639967,2.263987,1.7868776,3.1639967,2.3877733,3.2842746,2.3744338,1.8012605,3.194632,283.94168,283.94168,280.2841,280.2841,282.93445,282.93445,285.1322,285.1322,284.8199,284.8199,284.42096,284.42096,289.7992,289.7992,282.93445,282.93445,282.93445,274.56638,274.56638,274.56638,283.94168,283.94168,283.94168,278.8489,282.6745,278.30652,276.81766,282.6745,278.8489,282.6745,278.30652,276.81766,282.6745,278.8489,282.6745,278.30652,276.81766,282.6745,0.0,0.0,0.0,0.0,0.0,0.0,0.0,0.0,0.0,0.0,0.0,0.0,0.0,0.0,0.0,0.0,0.0,0.0,0.0,0.0,3.3234305,2.3396933,3.4008768,4.474633,2.8453515,3.6113276,4.571569,3.4008768,1.0361829,3.3234305,2.3674684,3.1643224,2.2656102,1.7886877,3.1643224,2.229301333124017,2.978682780251411,2.363994855161651,1.851016270692404,3.1946536101938623,3.3234305,2.3396933,3.4008768,4.474633,2.8453515,3.6113276,4.571569,3.4008768,1.0361829,3.3234305,2.3674684,3.1643224,2.2656102,1.7886877,3.1643224,2.229301333124017,2.978682780251411,2.363994855161651,1.851016270692404,3.1946536101938623
2012-08-27 01:00:00,0.0,0.0,0.0,0.0,0.0,0.0,0.0,0.0,0.0,0.0,0.0,0.0,0.0,0.0,0.0,0.0,0.0,0.0,0.0,0.0,0.0,0.0,0.0,0.0,0.0,0.0,0.0,0.0,0.0,0.0,0.0,0.0,0.0,0.0,0.0,0.0,0.0,0.0,1.7783921,3.2806535,0.98505723,2.2772353,1.7783171,3.4145682,2.3539207,4.439158,1.7369447,2.8028238,2.1898444,3.6580558,2.5408022,4.385409,1.7783171,3.4145682,3.1000462,0.4124288,1.0528448,1.0382714,1.7783921,3.2806535,3.1021714,1.0321656,1.8890183,1.2288219,0.8284416,1.8890183,2.314052,3.1978447,2.2718506,1.691653,3.1978447,2.333091,3.3218331,2.3821044,1.6777543,3.2282102,283.71167,283.71167,279.9429,279.9429,282.99814,282.99814,284.9906,284.9906,284.56165,284.56165,284.6529,284.6529,288.92554,288.92554,282.99814,282.99814,282.99814,274.70728,274.70728,274.70728,283.71167,283.71167,283.71167,278.58542,282.86377,278.35168,276.27032,282.86377,278.58542,282.86377,278.35168,276.27032,282.86377,278.58542,282.86377,278.35168,276.27032,282.86377,0.0,0.0,0.0,0.0,0.0,0.0,0.0,0.0,0.0,0.0,0.0,0.0,0.0,0.0,0.0,0.0,0.0,0.0,0.0,0.0,3.280071,2.2784228,3.4141502,4.440567,2.802764,3.658612,4.3838353,3.4141502,1.0536945,3.280071,2.3154855,3.1981704,2.273474,1.693463,3.1981704,2.179692134392356,3.0108029751393435,2.374440647247528,1.755249246616395,3.2282286396792914,3.280071,2.2784228,3.4141502,4.440567,2.802764,3.658612,4.3838353,3.4141502,1.0536945,3.280071,2.3154855,3.1981704,2.273474,1.693463,3.1981704,2.179692134392356,3.0108029751393435,2.374440647247528,1.755249246616395,3.2282286396792914
2012-08-27 02:00:00,0.0,0.0,0.0,0.0,0.0,0.0,0.0,0.0,0.0,0.0,0.0,0.0,0.0,0.0,0.0,0.0,0.0,0.0,0.0,0.0,0.0,0.0,0.0,0.0,0.0,0.0,0.0,0.0,0.0,0.0,0.0,0.0,0.0,0.0,0.0,0.0,0.0,0.0,1.7330476,3.2229352,0.9267602,2.1621037,1.8045284,3.4506106,2.329837,4.401596,1.7311317,2.7945352,2.2283006,3.7112257,2.2954571,4.0466785,1.8045284,3.4506106,3.134673,0.42441118,1.0716801,1.0600332,1.7330476,3.2229352,3.04248,1.0066645,1.8993474,1.3037014,0.7907421,1.8993474,2.2679996,3.2101738,2.3706472,1.6297505,3.2101738,2.284647,3.3355136,2.478476,1.5974666,3.2404408,283.4055,283.4055,279.3018,279.3018,283.17108,283.17108,284.83447,284.83447,284.51138,284.51138,284.9137,284.9137,287.34918,287.34918,283.17108,283.17108,283.17108,274.85883,274.85883,274.85883,283.4055,283.4055,283.4055,278.352,282.9327,278.91913,275.91452,282.9327,278.352,282.9327,278.91913,275.91452,282.9327,278.352,282.9327,278.91913,275.91452,282.9327,0.0,0.0,0.0,0.0,0.0,0.0,0.0,0.0,0.0,0.0,0.0,0.0,0.0,0.0,0.0,0.0,0.0,0.0,0.0,0.0,3.2223527,2.1632912,3.450193,4.403005,2.794475,3.711782,4.045105,3.450193,1.0725298,3.2223527,2.2694328,3.2104993,2.3722703,1.6315603,3.2104993,2.1357425442720785,3.0225023495753067,2.505676497277793,1.6929940063765185,3.24045791920325,3.2223527,2.1632912,3.450193,4.403005,2.794475,3.711782,4.045105,3.450193,1.0725298,3.2223527,2.2694328,3.2104993,2.3722703,1.6315603,3.2104993,2.1357425442720785,3.0225023495753067,2.505676497277793,1.6929940063765185,3.24045791920325
2012-08-27 03:00:00,0.0,0.0,0.0,0.0,0.0,0.0,0.0,0.0,0.0,0.0,0.0,0.0,0.0,0.0,0.0,0.0,0.0,0.0,0.0,0.0,0.0,0.0,0.0,0.0,0.0,0.0,0.0,0.0,0.0,0.0,0.0,0.0,0.0,0.0,0.0,0.0,0.0,0.0,1.7121269,3.196305,0.9057287,2.120568,1.6958303,3.3011422,2.3213441,4.3883514,1.7266494,2.7881434,2.2095764,3.6853375,2.2056103,3.9226334,1.6958303,3.3011422,2.9910748,0.37068105,0.9872207,0.9624512,1.7121269,3.196305,3.0149395,0.952492,1.8788722,1.194757,0.7534953,1.8788722,2.1701686,3.1857345,2.226905,1.5685909,3.1857345,2.1817355,3.3083954,2.3382623,1.5181429,3.2161965,283.26422,283.26422,279.0705,279.0705,282.4539,282.4539,284.77942,284.77942,284.47263,284.47263,284.7867,284.7867,286.7719,286.7719,282.4539,282.4539,282.4539,274.17926,274.17926,274.17926,283.26422,283.26422,283.26422,277.8561,282.79605,278.09354,275.563,282.79605,277.8561,282.79605,278.09354,275.563,282.79605,277.8561,282.79605,278.09354,275.563,282.79605,0.0,0.0,0.0,0.0,0.0,0.0,0.0,0.0,0.0,0.0,0.0,0.0,0.0,0.0,0.0,0.0,0.0,0.0,0.0,0.0,3.1957226,2.1217556,3.3007245,4.3897605,2.7880833,3.6858938,3.9210598,3.3007245,0.9880705,3.1957226,2.171602,3.1860602,2.2285283,1.570401,3.1860602,2.0423791124686543,2.999310760941291,2.314737299102642,1.6314863202693788,3.2162159033961304,3.1957226,2.1217556,3.3007245,4.3897605,2.7880833,3.6858938,3.9210598,3.3007245,0.9880705,3.1957226,2.171602,3.1860602,2.2285283,1.570401,3.1860602,2.0423791124686543,2.999310760941291,2.314737299102642,1.6314863202693788,3.2162159033961304
2012-08-27 04:00:00,0.0,0.0,0.0,0.0,0.0,0.0,0.0,0.0,0.0,0.0,0.0,0.0,0.0,0.0,0.0,0.0,0.0,0.0,0.0,0.0,0.0,0.0,0.0,0.0,0.0,0.0,0.0,0.0,0.0,0.0,0.0,0.0,0.0,0.0,0.0,0.0,0.0,0.0,1.6439228,3.1094887,0.87874186,2.0672717,1.6391801,3.2232442,2.3268616,4.396956,1.7087091,2.7625618,2.1738968,3.636006,1.9941694,3.6307116,1.6391801,3.2232442,2.9162362,0.34251782,0.94295055,0.91130275,1.6439228,3.1094887,2.9251556,0.83504194,1.847368,1.1385993,0.725936,1.847368,1.9580643,3.1481318,2.1528106,1.5233387,3.1481318,1.9586166,3.2666702,2.2659864,1.4594507,3.1788936,282.80368,282.80368,278.7737,278.7737,282.0801,282.0801,284.8152,284.8152,284.3175,284.3175,284.54474,284.54474,285.4134,285.4134,282.0801,282.0801,282.0801,273.82306,273.82306,273.82306,282.80368,282.80368,282.80368,276.781,282.5858,277.66797,275.3029,282.5858,276.781,282.5858,277.66797,275.3029,282.5858,276.781,282.5858,277.66797,275.3029,282.5858,0.0,0.0,0.0,0.0,0.0,0.0,0.0,0.0,0.0,0.0,0.0,0.0,0.0,0.0,0.0,0.0,0.0,0.0,0.0,0.0,3.1089063,2.068459,3.2228262,4.398365,2.7625017,3.6365626,3.6291382,3.2228262,0.94380033,3.1089063,1.9594978,3.1484573,2.1544335,1.5251486,3.1484573,1.8399604812296364,2.9636274099613082,2.2163139405637557,1.585976292602815,3.178916330169009,3.1089063,2.068459,3.2228262,4.398365,2.7625017,3.6365626,3.6291382,3.2228262,0.94380033,3.1089063,1.9594978,3.1484573,2.1544335,1.5251486,3.1484573,1.8399604812296364,2.9636274099613082,2.2163139405637557,1.585976292602815,3.178916330169009
2012-08-27 05:00:00,0.0,0.0,0.0,0.0,0.0,0.0,-1.8146768,-3.3516982,0.0,0.0,0.0,0.0,0.0,0.0,0.0,0.0,0.0,0.0,0.0,0.0,0.0,0.0,0.0,0.0,0.0,0.0,0.0,0.0,0.0,0.0,0.0,0.0,0.0,0.0,0.0,0.0,0.0,0.0,1.6020042,3.0561306,0.7878722,1.8878114,1.6052585,3.1765995,2.3287542,4.3999076,1.6953647,2.7435327,2.1075912,3.5443304,2.0641432,3.727319,1.6052585,3.1765995,2.871423,0.28969008,0.8599099,0.81535983,1.6020042,3.0561306,2.869974,0.7659402,1.7932485,1.1001166,0.70228606,1.7932485,1.8332727,3.0835354,2.102036,1.4845055,3.0835354,1.8273447,3.1949928,2.2164583,1.4090843,3.1148126,282.52063,282.52063,277.77438,277.77438,281.8563,281.8563,284.82745,284.82745,284.20212,284.20212,284.09506,284.09506,285.86298,285.86298,281.8563,281.8563,281.8563,273.1549,273.1549,273.1549,282.52063,282.52063,282.52063,276.14847,282.22458,277.37634,275.07968,282.22458,276.14847,282.22458,277.37634,275.07968,282.22458,276.14847,282.22458,277.37634,275.07968,282.22458,0.0,0.0,0.0,3.6950264,0.0,0.0,0.0,0.0,0.0,0.0,0.0,0.0,0.0,0.0,0.0,0.0,0.0,0.0,0.0,0.0,3.0555484,1.888999,3.1761813,4.4013166,2.7434726,3.5448868,3.725746,3.1761813,0.8607596,3.0555484,1.8347062,3.083861,2.1036592,1.4863154,3.083861,1.7208673769777092,2.9023286955637637,2.1488680019335953,1.5469219288396743,3.114841185217453,3.0555484,1.888999,3.1761813,0.70629025,2.7434726,3.5448868,3.725746,3.1761813,0.8607596,3.0555484,1.8347062,3.083861,2.1036592,1.4863154,3.083861,1.7208673769777092,2.9023286955637637,2.1488680019335953,1.5469219288396743,3.114841185217453
2012-08-27 06:00:00,-5.6445208,-7.377512,-2.8050084,-5.591907,-6.0542026,-8.530285,-7.5602283,-13.50347,-5.600345,-8.106608,-8.461884,-12.386897,-4.775344,-6.87858,-6.0542026,-8.530285,-7.5198355,-0.97668463,-1.4224144,-1.0999571,-5.6445208,-7.377512,-6.867126,-2.4085588,-7.243255,-4.8482413,-0.8839977,-7.243255,-4.2903447,-9.001607,-7.3139977,-1.2029042,-9.001607,-2.947481,-8.172069,-5.4225698,-0.9204368,-8.085623,1.801297,3.3098092,0.9094249,2.1278682,1.9421296,3.6398234,2.4845786,4.6429334,1.7716706,2.8523417,2.2606184,3.7559094,2.422761,4.222437,1.9421296,3.6398234,3.3164546,0.5405362,1.2542186,1.2709334,1.801297,3.3098092,3.1323235,0.8929852,1.90376,1.3880361,0.71585715,1.90376,2.0627046,3.2154398,2.4819195,1.5067891,3.2154398,2.0686908,3.3413572,2.587017,1.4379861,3.2456648,283.86633,283.86633,279.11115,279.11115,284.07898,284.07898,285.83762,285.83762,284.8619,284.8619,285.13287,285.13287,288.1671,288.1671,284.07898,284.07898,284.07898,276.32755,276.32755,276.32755,283.86633,283.86633,283.86633,277.3114,282.96216,279.55823,275.20776,282.96216,277.3114,282.96216,279.55823,275.20776,282.96216,277.3114,282.96216,279.55823,275.20776,282.96216,7.5215816,5.862724,8.434436,14.258144,7.479047,12.440763,6.6921506,8.434436,1.7174579,7.5215816,4.7220087,9.179878,8.436585,1.6840857,9.179878,4.123412184810235,8.684014943218164,7.6095390483040966,1.6679135692764029,8.887775571654823,3.3092265,2.1290555,3.6394055,4.6443424,2.8522818,3.756466,4.220864,3.6394055,1.2550684,3.3092265,2.0641382,3.215766,2.4835427,1.5085992,3.215766,1.9398224077939483,3.0275000903148834,2.653484455292949,1.5693325338046593,3.2456820248874547,-4.212355,-3.7336686,-4.795031,-9.613801,-4.6267653,-8.684298,-2.4712868,-4.795031,-0.4623895,-4.212355,-2.6578708,-5.9641128,-5.953043,-0.17548665,-5.9641128,-2.1835897770162864,-5.656514852903281,-4.956054593011148,-0.09858103547174357,-5.642093546767368
2012-08-27 07:00:00,-10.364287,-12.9813175,-5.413406,-10.930488,-11.119489,-15.010522,-10.883992,-19.039434,-8.971229,-12.31253,-13.147742,-18.448763,-9.046508,-11.833417,-11.119489,-15.010522,-13.514651,-2.9411144,-4.6606827,-3.6390603,-10.364287,-12.9813175,-12.371552,-5.0937433,-11.499956,-8.531948,-2.1142712,-11.499956,-9.54902,-13.897019,-12.698933,-3.1295304,-13.897019,-6.672803,-12.883217,-9.839701,-2.4826968,-12.716025,2.114753,3.7088046,1.1091406,2.5222898,2.2735105,4.0954976,2.6143658,4.845351,1.9556344,3.1146662,2.6413984,4.2823844,2.916557,4.9041867,2.2735105,4.0954976,3.7542331,0.79381686,1.6523544,1.7309288,2.114753,3.7088046,3.5449576,1.1171402,2.2148237,1.7132828,0.7827812,2.2148237,2.4675083,3.5867214,2.9110522,1.6166785,3.5867214,2.4945161,3.7533398,3.0056164,1.5805125,3.6139846,285.9829,285.9829,281.3075,281.3075,286.26544,286.26544,286.679,286.679,286.45258,286.45258,287.71527,287.71527,291.33978,291.33978,286.26544,286.26544,286.26544,279.53098,279.53098,279.53098,285.9829,285.9829,285.9829,279.36325,285.03827,282.02298,275.8394,285.03827,279.36325,285.03827,282.02298,275.8394,285.03827,279.36325,285.03827,282.02298,275.8394,285.03827,13.066721,11.0684395,14.796119,19.670912,11.468525,18.229725,11.612097,14.796119,5.1026297,13.066721,9.982359,13.948042,13.859295,3.9516704,13.948042,9.151782355241306,13.529461175553124,12.910730275916098,3.626340876091164,13.470345291711322,3.7082222,2.5234773,4.09508,4.8467603,3.1146061,4.2829404,4.9026136,4.09508,1.6532041,3.7082222,2.4689417,3.5870466,2.9126754,1.6184884,3.5870466,2.326140971231894,3.3798278649401743,3.2235212105739195,1.6798477329850976,3.61396794167136,-9.3585,-8.544962,-10.701038,-14.824151,-8.353919,-13.946784,-6.709483,-10.701038,-3.4494255,-9.3585,-7.5134172,-10.360995,-10.946619,-2.333182,-10.360995,-6.825641384009412,-10.149633310612948,-9.687209065342179,-1.9464931431060664,-9.856377350039962
2012-08-27 08:00:00,-13.80768,-16.760027,-7.3816257,-14.869748,-14.725254,-19.264576,-14.163937,-24.230034,-11.164654,-14.880554,-16.093035,-22.000498,-11.749472,-14.498625,-14.725254,-19.264576,-17.525656,-4.101468,-6.4757056,-5.2047286,-13.80768,-16.760027,-16.131176,-8.03592,-14.741324,-11.515449,-5.502513,-14.741324,-15.218887,-17.51149,-16.94204,-9.445848,-17.51149,-10.814406,-16.425293,-13.44524,-7.1865635,-16.192858,2.3753757,4.0405493,1.2763002,2.8524163,2.5587087,4.487667,2.7564213,5.0669017,2.1385145,3.3754454,2.9658308,4.730951,3.1823168,5.271102,2.5587087,4.487667,4.1310005,0.89752275,1.8153713,1.9192737,2.3753757,4.0405493,3.8880422,1.4047562,2.5847943,2.0413206,1.1088228,2.5847943,2.9869165,4.028312,3.3438673,2.1520393,4.028312,3.0408974,4.2433395,3.4278073,2.2748744,4.052053,287.74274,287.74274,283.1458,283.1458,288.1472,288.1472,287.59988,287.59988,288.03387,288.03387,289.91553,289.91553,293.0473,293.0473,288.1472,288.1472,288.1472,280.84262,280.84262,280.84262,287.74274,287.74274,287.74274,281.996,287.50754,284.50888,278.91653,287.50754,281.996,287.50754,284.50888,278.91653,287.50754,281.996,287.50754,284.50888,278.91653,287.50754,16.767912,14.803423,18.995745,24.56139,14.019141,21.570063,14.2841625,18.995745,6.89336,16.767912,15.449541,17.403545,17.7835,10.5596075,17.403545,14.464766558294013,17.081488740831166,16.680654078948432,8.734246488886914,16.777565252686944,4.0399666,2.8536038,4.4872494,5.068311,3.3753853,4.731508,5.269529,4.4872494,1.8162209,4.0399666,2.98835,4.028638,3.3454905,2.1538494,4.028638,2.821830752860385,3.7988767731903015,3.798449137419426,2.2182575780719183,4.051997022734657,-12.727945,-11.94982,-14.508495,-19.49308,-10.643756,-16.838554,-9.014634,-14.508495,-5.0771394,-12.727945,-12.461191,-13.374908,-14.438009,-8.405759,-13.374908,-11.642935805433627,-13.282611967640864,-12.882204941529007,-6.515988910814995,-12.725568229952287
2012-08-27 09:00:00,-16.113998,-19.150467,-9.020381,-18.045893,-16.99156,-21.76867,-15.628172,-26.450844,-12.306548,-16.132038,-17.39118,-23.448015,-13.3859625,-15.945765,-16.99156,-21.76867,-19.908546,-5.333248,-8.374325,-6.8401465,-16.113998,-19.150467,-18.520771,-9.654892,-16.641409,-13.939338,-7.9415464,-16.641409,-18.23436,-19.55458,-20.291857,-13.812475,-19.55458,-13.117915,-18.463531,-16.347713,-10.590063,-18.19045,2.5755184,4.2953086,1.4614611,3.2180936,2.750554,4.751471,2.8874373,5.271236,2.2042892,3.4692369,3.002815,4.7820873,3.3431869,5.493204,2.750554,4.751471,4.3844438,1.0448487,2.046955,2.1868396,2.5755184,4.2953086,4.1515102,1.5598525,2.8458076,2.4262278,1.3588834,2.8458076,3.2670069,4.3398542,3.8517175,2.562639,4.3398542,3.3355327,4.589034,3.9231918,2.8074214,4.3611097,289.09418,289.09418,285.1821,285.1821,289.413,289.413,288.44922,288.44922,288.6026,288.6026,290.16635,290.16635,294.0809,294.0809,289.413,289.413,289.413,282.70596,282.70596,282.70596,289.09418,289.09418,289.09418,283.4157,289.2496,287.42575,281.27658,289.2496,283.4157,289.2496,287.42575,281.27658,289.2496,283.4157,289.2496,287.42575,281.27658,289.2496,19.098043,17.774487,21.481894,26.560568,15.254941,22.924473,15.745728,21.481894,8.7012825,19.098043,18.277641,19.339102,20.561003,14.805105,19.339102,17.265149421007834,19.092835402971044,19.190070513592815,12.00427570290065,18.62729402678195,4.2947264,3.2192812,4.751053,5.272645,3.4691765,4.7826433,5.491631,4.751053,2.0478048,4.2947264,3.2684402,4.34018,3.8533406,2.564449,4.34018,3.0891309073884834,4.094515148711544,4.473049683073547,2.631195801651181,4.361025881674719,-14.803317,-14.555205,-16.73084,-21.287924,-11.785765,-18.141829,-10.254096,-16.73084,-6.653477,-14.803317,-15.009202,-14.998922,-16.707663,-12.240657,-14.998922,-14.17601851361935,-14.9983202542595,-14.717020830519267,-9.373079901249469,-14.266268145107231
2012-08-27 10:00:00,-17.499279,-20.529055,-9.786933,-19.48865,-18.470924,-23.344736,-17.571377,-29.292994,-13.297102,-17.246216,-18.206768,-24.345997,-14.283298,-16.671503,-18.470924,-23.344736,-21.42469,-6.2608805,-9.766804,-8.057657,-17.499279,-20.529055,-19.90277,-10.8067875,-17.57115,-14.205997,-9.283699,-17.57115,-20.334135,-20.520636,-20.614536,-16.146185,-20.520636,-14.7406645,-19.443098,-16.710815,-12.467285,-19.148878,2.7108057,4.467515,1.5453794,3.3838253,2.9277155,4.995081,3.0319543,5.4966264,2.3768806,3.7153454,3.0725853,4.8785534,3.6055362,5.855412,2.9277155,4.995081,4.618486,1.1764019,2.2537453,2.4257593,2.7108057,4.467515,4.3296027,1.6927152,2.9765027,2.3757203,1.5086824,2.9765027,3.5069454,4.4958487,3.7850776,2.8086092,4.4958487,3.5879312,4.7621293,3.8581874,3.1264443,4.51586,290.0077,290.0077,286.10498,286.10498,290.5819,290.5819,289.38608,289.38608,290.09494,290.09494,290.63953,290.63953,295.7665,295.7665,290.5819,290.5819,290.5819,284.3698,284.3698,284.3698,290.0077,290.0077,290.0077,284.6319,290.1219,287.043,282.69037,290.1219,284.6319,290.1219,287.043,282.69037,290.1219,284.6319,290.1219,287.043,282.69037,290.1219,20.438137,19.101387,23.07375,29.089039,16.51141,23.762081,16.526379,23.07375,9.980495,20.438137,20.217604,20.251093,20.918045,16.963705,20.251093,19.18707839397262,20.051967693680325,19.70050911416703,13.662348479673811,19.49881877177745,4.466933,3.3850129,4.9946632,5.4980354,3.7152853,4.87911,5.853838,4.9946632,2.254595,4.466933,3.5083785,4.4961743,3.7867007,2.810419,4.4961743,3.3181123514299653,4.242546675716023,4.384528653113367,2.8785668038462884,4.515762267966566,-15.971206,-15.716373,-18.079086,-23.591003,-12.7961235,-18.88297,-10.672541,-18.079086,-7.7259,-15.971206,-16.709225,-15.754919,-17.131344,-14.153285,-15.754919,-15.868966042542654,-15.809421017964302,-15.315980461053663,-10.783781675827523,-14.983056503810886
2012-08-27 11:00:00,-18.395943,-21.43625,-10.381411,-20.573698,-19.330648,-24.240673,-17.810566,-29.625223,-13.754447,-17.748648,-18.448751,-24.59914,-14.582611,-16.863182,-19.330648,-24.240673,-22.304668,-6.628948,-10.305666,-8.540883,-18.395943,-21.43625,-20.817686,-11.341529,-17.790123,-14.116861,-10.497662,-17.790123,-21.291817,-20.730202,-20.471476,-18.231071,-20.730202,-15.489936,-19.664213,-16.62823,-14.124925,-19.363626,2.8719494,4.6726327,1.6452873,3.581135,3.1066947,5.2411904,3.1059806,5.6120787,2.4864342,3.8715632,3.0609267,4.8624334,3.7521763,6.0578675,3.1066947,5.2411904,4.854931,1.2298377,2.3377419,2.5228066,2.8719494,4.6726327,4.541733,1.7613101,2.9633155,2.3114686,1.6847504,2.9633155,3.6308212,4.4801087,3.7003033,3.097713,4.4801087,3.7182403,4.744664,3.7754939,3.5014114,4.500246,291.0958,291.0958,287.2037,287.2037,291.76282,291.76282,289.86597,289.86597,291.0422,291.0422,290.56046,290.56046,296.70868,296.70868,291.76282,291.76282,291.76282,285.04565,285.04565,285.04565,291.0958,291.0958,291.0958,285.2598,290.03387,286.5561,284.35208,290.03387,285.2598,290.03387,286.5561,284.35208,290.03387,285.2598,290.03387,286.5561,284.35208,290.03387,21.317545,20.097992,24.01468,29.336277,17.132051,23.997643,16.753454,24.01468,10.464172,21.317545,21.092093,20.449965,20.85648,18.794716,20.449965,20.055307974101645,20.27290060623075,19.751185662884808,15.06571968170312,19.690250727203377,4.672051,3.5823226,5.240773,5.6134877,3.871503,4.8629894,6.0562935,5.240773,2.3385916,4.672051,3.6322548,4.480435,3.701926,3.099523,4.480435,3.43633209475912,4.2276104225627185,4.271918779647041,3.16931730442966,4.50014950030517,-16.645494,-16.515669,-18.773907,-23.72279,-13.260548,-19.134653,-10.697161,-18.773907,-8.125581,-16.645494,-17.459839,-15.96953,-17.154554,-15.695192,-15.96953,-16.618975879342525,-16.04529018366803,-15.479266883237766,-11.89640237727346,-15.190101226898207
2012-08-27 12:00:00,-18.6707,-21.73789,-10.893735,-21.447723,-19.63011,-24.539799,-17.763018,-29.491835,-13.751341,-17.745573,-18.504385,-24.674946,-12.199652,-14.78934,-19.63011,-24.539799,-22.632408,-6.9002237,-10.705921,-8.884552,-18.6707,-21.73789,-21.127943,-12.092534,-17.86101,-14.544733,-11.031247,-17.86101,-22.603535,-20.820044,-21.071236,-19.139277,-20.820044,-16.482937,-19.74748,-17.113876,-14.82202,-19.446814,2.9956305,4.8300667,1.7971926,3.8811357,3.3223977,5.5378,3.3262467,5.9556084,2.4865222,3.871689,3.1280465,4.9552355,3.984929,6.379213,3.3223977,5.5378,5.13989,1.2903962,2.4329348,2.63279,2.9956305,4.8300667,4.7045465,1.9251382,3.029689,2.441495,1.7937586,3.029689,3.9266798,4.5593324,3.8718603,3.276705,4.5593324,4.029463,4.832572,3.94284,3.7335632,4.578837,291.93094,291.93094,288.87427,288.87427,293.18604,293.18604,291.29388,291.29388,291.04297,291.04297,291.01566,291.01566,298.20413,298.20413,293.18604,293.18604,293.18604,285.81158,285.81158,285.81158,291.93094,291.93094,291.93094,286.75943,290.47687,287.54144,285.3809,290.47687,286.75943,290.47687,287.54144,285.3809,290.47687,286.75943,290.47687,287.54144,285.3809,290.47687,21.60807,20.893837,24.39671,29.028717,17.12927,24.06887,14.758211,24.39671,10.810579,21.60807,22.273643,20.533045,21.26524,19.537113,20.533045,21.19129840083778,20.347585058027153,19.998871889332033,15.634029463256478,19.76791432178399,4.8294835,3.8823233,5.537382,5.9570174,3.871629,4.9557915,6.37764,5.537382,2.4337845,4.8294835,3.9281135,4.5596576,3.8734837,3.2785146,4.5596576,3.7186804878184,4.302788872900226,4.499806438342168,3.3493283395927715,4.578733042390061,-16.778585,-17.011513,-18.859327,-23.0717,-13.257642,-19.11308,-8.380572,-18.859327,-8.376795,-16.778585,-18.345531,-15.973388,-17.391756,-16.258598,-15.973388,-17.47261791301938,-16.044796185126927,-15.499065450989864,-12.284701123663707,-15.18918127939393
2012-08-27 13:00:00,-18.403397,-21.534468,-10.916976,-21.421974,-19.245888,-24.160189,-18.536327,-30.614445,-13.511259,-17.510435,-18.176933,-24.338118,-13.651843,-15.935854,-19.245888,-24.160189,-22.284674,-6.890165,-10.701383,-8.855361,-18.403397,-21.534468,-20.934996,-11.800898,-17.645906,-14.591846,-11.288335,-17.645906,-22.090937,-20.632914,-21.162825,-19.58627,-20.632914,-16.05002,-19.540895,-17.127403,-15.099384,-19.248325,3.1084244,4.97364,1.8957267,4.0757327,3.373558,5.608148,3.2670827,5.8633347,2.506248,3.8998172,3.198911,5.0532136,4.0652905,6.490162,3.373558,5.608148,5.2074766,1.31709,2.474895,2.68127,3.1084244,4.97364,4.853029,1.9103457,3.1295605,2.5524647,1.901797,3.1295605,3.899966,4.6785364,4.0182753,3.4541035,4.6785364,4.001362,4.964844,4.085661,3.9636493,4.69709,292.69257,292.69257,289.9579,289.9579,293.5236,293.5236,290.91034,290.91034,291.21353,291.21353,291.49625,291.49625,298.72046,298.72046,293.5236,293.5236,293.5236,286.1492,286.1492,286.1492,292.69257,292.69257,292.69257,286.62402,291.14343,288.3824,286.40054,291.14343,286.62402,291.14343,288.3824,286.40054,291.14343,286.62402,291.14343,288.3824,286.40054,291.14343,21.407558,20.86575,24.05144,30.106499,16.934261,23.756,15.915518,24.05144,10.794199,21.407558,21.813377,20.353098,21.217388,19.836376,20.353098,20.712128750401384,20.132027891384443,19.771646653986643,15.862423592365289,19.592240845631824,4.9730577,4.07692,5.607731,5.8647437,3.8997574,5.0537696,6.488589,5.607731,2.475745,4.9730577,3.9013996,4.6788626,4.0198984,3.4559135,4.6788626,3.693186392987223,4.415908720810936,4.694295794232993,3.527737473042876,4.696976479026751,-16.4345,-16.78883,-18.443708,-24.241755,-13.034504,-18.70223,-9.4269285,-18.443708,-8.318455,-16.4345,-17.911978,-15.674235,-17.197489,-16.380463,-15.674235,-17.01894235741416,-15.716119170573506,-15.07735085975365,-12.334686119322413,-14.895264366605073
2012-08-27 14:00:00,-17.493435,-20.717085,-10.40415,-20.4945,-18.328371,-23.233269,-17.513552,-29.161432,-13.008879,-17.011635,-17.379658,-23.479507,-12.723969,-15.168308,-18.328371,-23.233269,-21.427906,-6.722773,-10.475845,-8.608829,-17.493435,-20.717085,-20.125034,-11.698328,-16.905073,-13.633888,-10.531235,-16.905073,-21.87981,-19.905697,-19.90529,-18.364687,-19.905697,-15.813423,-18.783443,-15.949509,-13.989033,-18.511366,3.160494,5.0399194,1.8590887,4.0033755,3.4601424,5.727209,3.2469578,5.8319483,2.5715,3.9928637,3.3011706,5.1946,4.0812693,6.5122223,3.4601424,5.727209,5.3218613,1.3417473,2.5136545,2.726051,3.160494,5.0399194,4.921573,2.0115166,3.181554,2.450797,1.8393674,3.181554,4.0826707,4.7405953,3.884134,3.3515942,4.7405953,4.193555,5.0337057,3.9548125,3.8306947,4.7586546,293.04416,293.04416,289.55496,289.55496,294.09488,294.09488,290.77988,290.77988,291.77774,291.77774,292.18976,292.18976,298.82312,298.82312,294.09488,294.09488,294.09488,286.46106,286.46106,286.46106,293.04416,293.04416,293.04416,287.5501,291.49045,287.61194,285.81134,291.49045,287.5501,291.49045,287.61194,285.81134,291.49045,287.5501,291.49045,287.61194,285.81134,291.49045,20.611273,20.037642,23.18891,28.794147,16.550106,22.955778,15.157819,23.18891,10.573046,20.611273,21.607264,19.661839,20.173258,18.777552,19.661839,20.443499034104285,19.375679065872138,18.699049142979643,15.049791318199123,18.9271434034258,5.0393367,4.004563,5.726792,5.833357,3.9928036,5.1951566,6.510649,5.726792,2.514504,5.0393367,4.0841045,4.7409205,3.8857574,3.3534043,4.7409205,3.8675483045821943,4.4747991974427785,4.516110343557287,3.4246444184660425,4.758534308804053,-15.571936,-16.033077,-17.462116,-22.96079,-12.557302,-17.760622,-8.64717,-17.462116,-8.058541,-15.571936,-17.523159,-14.9209175,-16.2875,-15.424148,-14.9209175,-16.57595072952209,-14.90087986842936,-14.182938799422356,-11.62514689973308,-14.168609094621747
2012-08-27 15:00:00,-15.832452,-19.144072,-9.713165,-19.160955,-16.680426,-21.532913,-15.855223,-26.71363,-11.977213,-15.9283085,-15.749769,-21.654572,-10.348618,-12.783239,-16.680426,-21.532913,-19.827587,-6.178398,-9.703112,-7.8609133,-15.832452,-19.144072,-18.560278,-10.921933,-15.425113,-12.624881,-9.744352,-15.425113,-20.479145,-18.393337,-18.59466,-17.105415,-18.393337,-14.622026,-17.235514,-14.663762,-12.767117,-17.000616,3.179503,5.064116,1.9090803,4.102104,3.4788885,5.7529864,3.2788558,5.881697,2.5900118,4.019261,3.295888,5.1872964,4.4538794,7.0266595,3.4788885,5.7529864,5.3466263,1.3211653,2.4813013,2.6886714,3.179503,5.064116,4.946597,2.0492527,3.1483986,2.490371,1.8608835,3.1483986,4.15082,4.701022,3.9363482,3.3869233,4.701022,4.265242,4.9897947,4.005745,3.8765163,4.7193966,293.17252,293.17252,290.10474,290.10474,294.21857,294.21857,290.98666,290.98666,291.9378,291.9378,292.15393,292.15393,301.21716,301.21716,294.21857,294.21857,294.21857,286.20074,286.20074,286.20074,293.17252,293.17252,293.17252,287.89554,291.26917,287.91183,286.0144,291.26917,287.89554,291.26917,287.91183,286.0144,291.26917,287.89554,291.26917,287.91183,286.0144,291.26917,19.078485,18.825558,21.543499,26.508598,15.541473,21.243954,12.871304,21.543499,9.861302,19.078485,20.322287,18.222345,18.902071,17.58168,18.222345,19.09113556350796,17.835525192785596,17.197109224235803,14.126134586908528,17.545528968406266,5.0635333,4.1032915,5.752569,5.883106,4.019201,5.1878524,7.025086,5.752569,2.482151,5.0635333,4.152253,4.701348,3.9379718,3.3887331,4.701348,3.932584964350977,4.437246225315658,4.5854689914139835,3.4601745984605654,4.7192804328287465,-14.014952,-14.722266,-15.790929,-20.625492,-11.522273,-16.056103,-5.8462176,-15.790929,-7.379151,-14.014952,-16.170034,-13.520998,-14.9641,-14.192948,-13.520998,-15.158550599156985,-13.398278967469938,-12.61164023282182,-10.665959988447963,-12.82624853557752
2012-08-27 16:00:00,-13.020207,-16.274464,-8.295066,-16.45908,-13.940986,-18.532757,-12.8268795,-22.07389,-10.114321,-13.857632,-12.8883915,-18.26085,-8.147771,-10.681503,-13.940986,-18.532757,-17.002247,-5.254777,-8.357892,-6.598354,-13.020207,-16.274464,-15.702516,-9.227293,-12.803089,-10.360168,-7.7742634,-12.803089,-17.419361,-15.597788,-15.529194,-13.866518,-15.597788,-12.142909,-14.4333935,-11.882338,-9.850139,-14.259314,3.10235,4.9659085,1.90426,4.092585,3.455647,5.7210274,3.2241688,5.796406,2.568581,3.9887018,3.2488146,5.1222115,4.458572,7.033138,3.455647,5.7210274,5.3159223,1.2918439,2.4352107,2.6354194,3.10235,4.9659085,4.8450327,2.0169072,3.0901,2.4077756,1.9145854,3.0901,4.0924063,4.6314373,3.827372,3.4751022,4.6314373,4.2037954,4.912582,3.8994436,3.9908845,4.6503673,292.65155,292.65155,290.05173,290.05173,294.06522,294.06522,290.63214,290.63214,291.7525,291.7525,291.8347,291.8347,301.2473,301.2473,294.06522,294.06522,294.06522,285.8299,285.8299,285.8299,292.65155,292.65155,292.65155,287.59946,290.88007,287.28592,286.52124,290.88007,287.59946,290.88007,287.28592,286.52124,290.88007,287.59946,290.88007,287.28592,286.52124,290.88007,16.27585,16.343752,18.605024,22.198303,13.532999,18.032362,10.772607,18.605024,8.598825,16.27585,17.497128,15.541396,16.067215,14.440081,15.541396,16.21343575628225,15.019200206657805,14.205771622844917,11.675326849599267,14.97121572592407,4.965326,4.0937724,5.7206097,5.797815,3.9886415,5.122768,7.031565,5.7206097,2.4360602,4.965326,4.09384,4.631763,3.828995,3.4769123,4.631763,3.8768392559777345,4.371213899481871,4.440710075413082,3.5488558772927012,4.650257274825,-11.310524,-12.24998,-12.884416,-16.40049,-9.544357,-12.909595,-3.7410417,-12.884416,-6.162765,-11.310524,-13.403288,-10.909633,-12.238219,-10.963169,-10.909633,-12.336596500304516,-10.647986307175934,-9.765061547431834,-8.126470972306567,-10.32095845109907
2012-08-27 17:00:00,-8.255369,-10.859705,-5.498231,-11.028658,-9.194312,-12.805869,-7.196515,-12.824427,-6.553132,-9.506231,-7.3742466,-11.053175,-4.8593063,-7.044297,-9.194312,-12.805869,-11.641343,-3.3559303,-5.460107,-4.0840945,-8.255369,-10.859705,-10.361579,-5.933171,-7.7043386,-6.0330257,-4.585227,-7.7043386,-11.332172,-9.766202,-9.362187,-8.382708,-9.766202,-7.5302067,-8.816327,-6.7432127,-5.5572205,-8.737802,2.9692273,4.796458,1.8385205,3.9627552,3.3070004,5.516627,3.1053405,5.6110797,2.4752386,3.8555994,3.0223045,4.8090324,4.305634,6.8219876,3.3070004,5.516627,5.1195498,1.160245,2.2283485,2.3964167,2.9692273,4.796458,4.6697903,1.9329429,2.933855,2.2613637,1.7719941,2.933855,3.940775,4.444946,3.6341941,3.2409668,4.444946,4.044289,4.705646,3.7110076,3.6872118,4.4653635,291.75266,291.75266,289.32877,289.32877,293.08444,293.08444,289.86182,289.86182,290.9454,290.9454,290.29852,290.29852,300.26468,300.26468,293.08444,293.08444,293.08444,284.16547,284.16547,284.16547,291.75266,291.75266,291.75266,286.83087,289.83725,286.1764,285.17548,289.83725,286.83087,289.83725,286.1764,285.17548,289.83725,286.83087,289.83725,286.1764,285.17548,289.83725,10.943958,11.203002,12.919984,13.27508,9.261608,11.083148,7.104054,12.919984,5.8083043,10.943958,11.682185,9.857773,10.05064,9.083553,9.857773,10.515929532118431,9.271169375834381,8.348407540480729,7.432049127424374,9.50775423896003,4.7958755,3.9639425,5.516209,5.612489,3.8555393,4.8095894,6.820414,5.516209,2.2291982,4.7958755,3.942208,4.4452715,3.6358173,3.2427769,4.4452715,3.732131395188196,4.194242087241379,4.18410354644942,3.313387004825244,4.465269797793945,-6.148083,-7.23906,-7.4037743,-7.6625905,-5.4060693,-6.2735586,-0.28363994,-7.4037743,-3.579106,-6.148083,-7.7399774,-5.412501,-6.4148226,-5.8407764,-5.412501,-6.783798136930235,-5.076927288593002,-4.164303994031308,-4.1186621225991304,-5.042484441166086
2012-08-27 18:00:00,0.0,0.0,0.0,0.0,0.0,0.0,0.0,0.0,0.0,0.0,0.0,0.0,0.0,0.0,0.0,0.0,0.0,0.0,0.0,0.0,0.0,0.0,0.0,0.0,0.0,0.0,0.0,0.0,0.0,0.0,0.0,0.0,0.0,0.0,0.0,0.0,0.0,0.0,2.616791,4.347844,1.5999523,3.4916024,2.7598054,4.7641907,2.6286066,4.8675604,2.3489032,3.6754506,2.9475927,4.705735,3.556333,5.7874804,2.7598054,4.7641907,4.3966637,0.9247546,1.8581775,1.9687309,2.616791,4.347844,4.205841,1.7020366,2.4069624,1.872445,1.6278147,2.4069624,3.523779,3.816055,3.1210518,3.0042245,3.816055,3.6056392,4.007814,3.2104611,3.3801572,3.841489,289.37286,289.37286,286.70514,286.70514,289.47403,289.47403,286.7713,286.7713,289.85303,289.85303,289.79184,289.79184,295.45038,295.45038,289.47403,289.47403,289.47403,281.18704,281.18704,281.18704,289.37286,289.37286,289.37286,284.71722,286.32065,283.22913,283.81473,286.32065,284.71722,286.32065,283.22913,283.81473,286.32065,284.71722,286.32065,283.22913,283.81473,286.32065,0.0,0.0,0.0,0.0,0.0,0.0,0.0,0.0,0.0,0.0,0.0,0.0,0.0,0.0,0.0,0.0,0.0,0.0,0.0,0.0,4.3472614,3.4927897,4.763773,4.8689694,3.6753902,4.7062917,5.7859073,4.763773,1.859027,4.3472614,3.5252123,3.8163807,3.1226752,3.0060346,3.8163807,3.334177595772532,3.5974548738704897,3.502473265040208,3.07529635322083,3.8414520297086443,4.3472614,3.4927897,4.763773,4.8689694,3.6753902,4.7062917,5.7859073,4.763773,1.859027,4.3472614,3.5252123,3.8163807,3.1226752,3.0060346,3.8163807,3.334177595772532,3.5974548738704897,3.502473265040208,3.07529635322083,3.8414520297086443
2012-08-27 19:00:00,0.0,0.0,0.0,0.0,0.0,0.0,0.0,0.0,0.0,0.0,0.0,0.0,0.0,0.0,0.0,0.0,0.0,0.0,0.0,0.0,0.0,0.0,0.0,0.0,0.0,0.0,0.0,0.0,0.0,0.0,0.0,0.0,0.0,0.0,0.0,0.0,0.0,0.0,2.4321954,4.112874,1.5048563,3.3037956,2.6450803,4.606436,2.4651227,4.6125894,2.1110876,3.336336,2.531138,4.1299353,3.021095,5.0485153,2.6450803,4.606436,4.2451043,0.78528,1.6389353,1.7154245,2.4321954,4.112874,3.9628394,1.5824796,2.3255548,1.6904334,1.2967902,2.3255548,3.3078697,3.718888,2.8809042,2.460682,3.718888,3.3785176,3.8999953,2.9762082,2.6751833,3.7450972,288.1264,288.1264,285.65933,285.65933,288.71707,288.71707,285.7115,285.7115,287.79672,287.79672,286.9675,286.9675,292.01144,292.01144,288.71707,288.71707,288.71707,279.423,279.423,279.423,288.1264,288.1264,288.1264,283.62283,285.7773,281.84982,280.69055,285.7773,283.62283,285.7773,281.84982,280.69055,285.7773,283.62283,285.7773,281.84982,280.69055,285.7773,0.0,0.0,0.0,0.0,0.0,0.0,0.0,0.0,0.0,0.0,0.0,0.0,0.0,0.0,0.0,0.0,0.0,0.0,0.0,0.0,4.112292,3.3049831,4.6060176,4.6139984,3.3362756,4.1304917,5.0469418,4.6060176,1.639785,4.112292,3.309303,3.7192135,2.8825276,2.462492,3.7192135,3.128127621749357,3.505247851976785,3.1834743022663083,2.5286580730015236,3.745068633230316,4.112292,3.3049831,4.6060176,4.6139984,3.3362756,4.1304917,5.0469418,4.6060176,1.639785,4.112292,3.309303,3.7192135,2.8825276,2.462492,3.7192135,3.128127621749357,3.505247851976785,3.1834743022663083,2.5286580730015236,3.745068633230316
2012-08-27 20:00:00,0.0,0.0,0.0,0.0,0.0,0.0,0.0,0.0,0.0,0.0,0.0,0.0,0.0,0.0,0.0,0.0,0.0,0.0,0.0,0.0,0.0,0.0,0.0,0.0,0.0,0.0,0.0,0.0,0.0,0.0,0.0,0.0,0.0,0.0,0.0,0.0,0.0,0.0,2.358482,4.019045,1.4461126,3.1877818,2.491263,4.394924,2.3399675,4.417396,2.228854,3.5042648,2.483799,4.064484,2.7052345,4.612429,2.491263,4.394924,4.0419,0.7334562,1.5574725,1.6213046,2.358482,4.019045,3.8658028,1.513448,2.4215028,1.5988092,1.0686238,2.4215028,3.1832042,3.8334107,2.7600145,2.0860324,3.8334107,3.2473786,4.027072,2.8582861,2.1892636,3.8587062,287.62866,287.62866,285.0133,285.0133,287.70218,287.70218,284.90015,284.90015,288.815,288.815,286.64645,286.64645,289.98203,289.98203,287.70218,287.70218,287.70218,278.76755,278.76755,278.76755,287.62866,287.62866,287.62866,282.99094,286.4177,281.1555,278.53714,286.4177,282.99094,286.4177,281.1555,278.53714,286.4177,282.99094,286.4177,281.1555,278.53714,286.4177,0.0,0.0,0.0,0.0,0.0,0.0,0.0,0.0,0.0,0.0,0.0,0.0,0.0,0.0,0.0,0.0,0.0,0.0,0.0,0.0,4.0184627,3.1889694,4.3945065,4.418805,3.5042048,4.06504,4.610856,4.3945065,1.5583221,4.0184627,3.1846378,3.833736,2.7616382,2.0878425,3.833736,3.0091551792038658,3.6139241127843285,3.02289142284883,2.1518747710848567,3.8586672173519316,4.0184627,3.1889694,4.3945065,4.418805,3.5042048,4.06504,4.610856,4.3945065,1.5583221,4.0184627,3.1846378,3.833736,2.7616382,2.0878425,3.833736,3.0091551792038658,3.6139241127843285,3.02289142284883,2.1518747710848567,3.8586672173519316
2012-08-27 21:00:00,0.0,0.0,0.0,0.0,0.0,0.0,0.0,0.0,0.0,0.0,0.0,0.0,0.0,0.0,0.0,0.0,0.0,0.0,0.0,0.0,0.0,0.0,0.0,0.0,0.0,0.0,0.0,0.0,0.0,0.0,0.0,0.0,0.0,0.0,0.0,0.0,0.0,0.0,2.3054273,3.951512,1.4057672,3.1081028,2.392375,4.2589455,2.2062116,4.2087893,2.1154642,3.3425763,2.5902078,4.211607,2.499085,4.3278127,2.392375,4.2589455,3.911262,0.7650891,1.6071967,1.6787546,2.3054273,3.951512,3.7959616,1.463866,2.3912332,1.4575878,1.0952065,2.3912332,3.0936642,3.7972808,2.5736864,2.1296813,3.7972808,3.1531882,3.9869819,2.6765313,2.245876,3.8228648,287.27042,287.27042,284.5696,284.5696,287.0497,287.0497,284.03305,284.03305,287.83456,287.83456,287.3681,287.3681,288.6575,288.6575,287.0497,287.0497,287.0497,279.16763,279.16763,279.16763,287.27042,287.27042,287.27042,282.53708,286.21567,280.0853,278.78802,286.21567,282.53708,286.21567,280.0853,278.78802,286.21567,282.53708,286.21567,280.0853,278.78802,286.21567,0.0,0.0,0.0,0.0,0.0,0.0,0.0,0.0,0.0,0.0,0.0,0.0,0.0,0.0,0.0,0.0,0.0,0.0,0.0,0.0,3.9509296,3.1092901,4.2585278,4.2101984,3.3425162,4.212163,4.3262396,4.2585278,1.6080464,3.9509296,3.0950975,3.7976065,2.5753095,2.1314912,3.7976065,2.92370370786529,3.5796390934102367,2.7753826141545552,2.1957722176936594,3.822829311000183,3.9509296,3.1092901,4.2585278,4.2101984,3.3425162,4.212163,4.3262396,4.2585278,1.6080464,3.9509296,3.0950975,3.7976065,2.5753095,2.1314912,3.7976065,2.92370370786529,3.5796390934102367,2.7753826141545552,2.1957722176936594,3.822829311000183
2012-08-27 22:00:00,0.0,0.0,0.0,0.0,0.0,0.0,0.0,0.0,0.0,0.0,0.0,0.0,0.0,0.0,0.0,0.0,0.0,0.0,0.0,0.0,0.0,0.0,0.0,0.0,0.0,0.0,0.0,0.0,0.0,0.0,0.0,0.0,0.0,0.0,0.0,0.0,0.0,0.0,2.2737138,3.911144,1.3731085,3.0436044,2.3286712,4.1713486,2.0716276,3.9988904,2.0609663,3.2648647,2.544066,4.1478105,2.3560646,4.1303544,2.3286712,4.1713486,3.8271048,0.75598764,1.59289,1.6622251,2.2737138,3.911144,3.7542138,1.4323239,2.3373744,1.472633,1.0785571,2.3373744,3.0367022,3.732996,2.593537,2.102343,3.732996,3.0932684,3.9156494,2.6958947,2.2104185,3.7590926,287.05627,287.05627,284.21045,284.21045,286.6294,286.6294,283.16058,283.16058,287.36334,287.36334,287.05518,287.05518,287.7386,287.7386,286.6294,286.6294,286.6294,279.05252,279.05252,279.05252,287.05627,287.05627,287.05627,282.24835,285.8562,280.1993,278.6309,285.8562,282.24835,285.8562,280.1993,278.6309,285.8562,282.24835,285.8562,280.1993,278.6309,285.8562,0.0,0.0,0.0,0.0,0.0,0.0,0.0,0.0,0.0,0.0,0.0,0.0,0.0,0.0,0.0,0.0,0.0,0.0,0.0,0.0,3.9105618,3.0447917,4.1709304,4.0002995,3.2648048,4.1483665,4.128781,4.1709304,1.5937397,3.9105618,3.0381355,3.7333214,2.5951602,2.104153,3.7333214,2.869342736218284,3.5186355823517146,2.8017511812037683,2.168278244626061,3.7590627401667622,3.9105618,3.0447917,4.1709304,4.0002995,3.2648048,4.1483665,4.128781,4.1709304,1.5937397,3.9105618,3.0381355,3.7333214,2.5951602,2.104153,3.7333214,2.869342736218284,3.5186355823517146,2.8017511812037683,2.168278244626061,3.7590627401667622
2012-08-27 23:00:00,0.0,0.0,0.0,0.0,0.0,0.0,0.0,0.0,0.0,0.0,0.0,0.0,0.0,0.0,0.0,0.0,0.0,0.0,0.0,0.0,0.0,0.0,0.0,0.0,0.0,0.0,0.0,0.0,0.0,0.0,0.0,0.0,0.0,0.0,0.0,0.0,0.0,0.0,2.34735,4.0048757,1.3404078,2.9790237,2.285393,4.111837,1.9472725,3.8049455,2.0264626,3.2156641,2.463797,4.036829,2.2161694,3.937211,2.285393,4.111837,3.7699304,0.7366411,1.562479,1.627089,2.34735,4.0048757,3.8511496,1.4064429,2.2904932,1.4269943,1.0670522,2.2904932,2.989963,3.677039,2.533321,2.083452,3.677039,3.0441022,3.8535583,2.6371565,2.1859167,3.7035818,287.5535,287.5535,283.85083,283.85083,286.34384,286.34384,282.35443,282.35443,287.065,287.065,286.5108,286.5108,286.83975,286.83975,286.34384,286.34384,286.34384,278.80783,278.80783,278.80783,287.5535,287.5535,287.5535,282.01144,285.5433,279.85345,278.5223,285.5433,282.01144,285.5433,279.85345,278.5223,285.5433,282.01144,285.5433,279.85345,278.5223,285.5433,0.0,0.0,0.0,0.0,0.0,0.0,0.0,0.0,0.0,0.0,0.0,0.0,0.0,0.0,0.0,0.0,0.0,0.0,0.0,0.0,4.004293,2.9802113,4.111419,3.8063543,3.2156043,4.037385,3.9356377,4.111419,1.5633286,4.004293,2.9913964,3.6773646,2.534944,2.085262,3.6773646,2.8247381254059283,3.465535234369454,2.72176323410293,2.149279690309784,3.7035572939697103,4.004293,2.9802113,4.111419,3.8063543,3.2156043,4.037385,3.9356377,4.111419,1.5633286,4.004293,2.9913964,3.6773646,2.534944,2.085262,3.6773646,2.8247381254059283,3.465535234369454,2.72176323410293,2.149279690309784,3.7035572939697103
2012-09-21 00:00:00,0.0,0.0,0.0,0.0,0.0,0.0,0.0,0.0,0.0,0.0,0.0,0.0,0.0,0.0,0.0,0.0,0.0,0.0,0.0,0.0,0.0,0.0,0.0,0.0,0.0,0.0,0.0,0.0,0.0,0.0,0.0,0.0,0.0,0.0,0.0,0.0,0.0,0.0,1.157143,2.4898713,0.82017595,1.9516085,1.0661528,2.435287,0.99596065,2.321269,1.433916,2.3707182,1.6159253,2.8645425,1.704718,3.2310863,1.0661528,2.435287,2.1592247,0.52297276,1.2266105,1.2390357,1.157143,2.4898713,2.284358,0.7570353,1.4413896,1.0752052,0.62727827,1.4413896,1.8171912,2.6635618,2.0691676,1.3613425,2.6635618,1.8104281,2.7289798,2.1843967,1.2493423,2.698189,279.51675,279.51675,278.12964,278.12964,278.29926,278.29926,276.18738,276.18738,281.94147,281.94147,280.76065,280.76065,283.55365,283.55365,278.29926,278.29926,278.29926,276.1054,276.1054,276.1054,279.51675,279.51675,279.51675,276.06696,279.8762,277.18756,274.37177,279.8762,276.06696,279.8762,277.18756,274.37177,279.8762,276.06696,279.8762,277.18756,274.37177,279.8762,0.0,0.0,0.0,0.0,0.0,0.0,0.0,0.0,0.0,0.0,0.0,0.0,0.0,0.0,0.0,0.0,0.0,0.0,0.0,0.0,2.4892886,1.9527959,2.4348688,2.322678,2.3706584,2.8650987,3.2295132,2.4348688,1.2274601,2.4892886,1.8186249,2.6638875,2.0707908,1.3631525,2.6638875,1.7055203570782111,2.5037938298726656,2.1052074142016806,1.4230575487175008,2.698255298573986,2.4892886,1.9527959,2.4348688,2.322678,2.3706584,2.8650987,3.2295132,2.4348688,1.2274601,2.4892886,1.8186249,2.6638875,2.0707908,1.3631525,2.6638875,1.7055203570782111,2.5037938298726656,2.1052074142016806,1.4230575487175008,2.698255298573986
2012-09-21 01:00:00,0.0,0.0,0.0,0.0,0.0,0.0,0.0,0.0,0.0,0.0,0.0,0.0,0.0,0.0,0.0,0.0,0.0,0.0,0.0,0.0,0.0,0.0,0.0,0.0,0.0,0.0,0.0,0.0,0.0,0.0,0.0,0.0,0.0,0.0,0.0,0.0,0.0,0.0,1.195952,2.5392706,0.8178394,1.9469938,1.0251822,2.3789492,0.9109564,2.1886954,1.4039195,2.3279445,1.5589927,2.7858262,1.7894586,3.348082,1.0251822,2.3789492,2.1050997,0.518632,1.219787,1.231152,1.195952,2.5392706,2.3354461,0.7770321,1.399803,1.0047798,0.5797812,1.399803,1.8533037,2.6139245,1.9762479,1.2833521,2.6139245,1.8484159,2.6739016,2.0937579,1.1481888,2.6489477,279.7788,279.7788,278.10394,278.10394,278.02893,278.02893,275.63632,275.63632,281.6821,281.6821,280.37454,280.37454,284.0981,284.0981,278.02893,278.02893,278.02893,276.0505,276.0505,276.0505,279.7788,279.7788,279.7788,276.25,279.59863,276.65387,273.9235,279.59863,276.25,279.59863,276.65387,273.9235,279.59863,276.25,279.59863,276.65387,273.9235,279.59863,0.0,0.0,0.0,0.0,0.0,0.0,0.0,0.0,0.0,0.0,0.0,0.0,0.0,0.0,0.0,0.0,0.0,0.0,0.0,0.0,2.5386882,1.9481814,2.3785312,2.1901045,2.3278847,2.7863824,3.3465087,2.3785312,1.2206368,2.5386882,1.8547372,2.6142504,1.9778708,1.2851622,2.6142504,1.7399836387544334,2.4566907707778984,1.9817776763653203,1.344623101176241,2.649018779197981,2.5386882,1.9481814,2.3785312,2.1901045,2.3278847,2.7863824,3.3465087,2.3785312,1.2206368,2.5386882,1.8547372,2.6142504,1.9778708,1.2851622,2.6142504,1.7399836387544334,2.4566907707778984,1.9817776763653203,1.344623101176241,2.649018779197981
2012-09-21 02:00:00,0.0,0.0,0.0,0.0,0.0,0.0,0.0,0.0,0.0,0.0,0.0,0.0,0.0,0.0,0.0,0.0,0.0,0.0,0.0,0.0,0.0,0.0,0.0,0.0,0.0,0.0,0.0,0.0,0.0,0.0,0.0,0.0,0.0,0.0,0.0,0.0,0.0,0.0,1.2348019,2.5887222,0.8154333,1.9422424,1.0255939,2.3795152,0.9496949,2.2491124,1.3748406,2.2864795,1.5042157,2.7100904,1.8264024,3.3990877,1.0255939,2.3795152,2.1056435,0.5046807,1.1978569,1.2058145,1.2348019,2.5887222,2.386588,0.77181447,1.4189477,0.947708,0.51881,1.4189477,1.8438811,2.6367757,1.9009469,1.1832376,2.6367757,1.8385041,2.6992576,2.0203052,1.0183406,2.6716166,280.04114,280.04114,278.07748,278.07748,278.03165,278.03165,275.88745,275.88745,281.43066,281.43066,280.00305,280.00305,284.33548,284.33548,278.03165,278.03165,278.03165,275.87405,275.87405,275.87405,280.04114,280.04114,280.04114,276.20224,279.7264,276.22137,273.34805,279.7264,276.20224,279.7264,276.22137,273.34805,279.7264,276.20224,279.7264,276.22137,273.34805,279.7264,0.0,0.0,0.0,0.0,0.0,0.0,0.0,0.0,0.0,0.0,0.0,0.0,0.0,0.0,0.0,0.0,0.0,0.0,0.0,0.0,2.58814,1.94343,2.3790972,2.2505214,2.2864194,2.7106466,3.3975143,2.3790972,1.1987066,2.58814,1.8453147,2.6371014,1.90257,1.1850475,2.6371014,1.7309914687272099,2.4783752686811193,1.8817521591754245,1.2439382388412967,2.6716854429283097,2.58814,1.94343,2.3790972,2.2505214,2.2864194,2.7106466,3.3975143,2.3790972,1.1987066,2.58814,1.8453147,2.6371014,1.90257,1.1850475,2.6371014,1.7309914687272099,2.4783752686811193,1.8817521591754245,1.2439382388412967,2.6716854429283097
2012-09-21 03:00:00,0.0,0.0,0.0,0.0,0.0,0.0,0.0,0.0,0.0,0.0,0.0,0.0,0.0,0.0,0.0,0.0,0.0,0.0,0.0,0.0,0.0,0.0,0.0,0.0,0.0,0.0,0.0,0.0,0.0,0.0,0.0,0.0,0.0,0.0,0.0,0.0,0.0,0.0,1.234047,2.5877619,0.79518163,1.9022467,0.97738504,2.313224,1.0450087,2.397765,1.3462911,2.245769,1.4793719,2.6757407,1.9177169,3.5251591,0.97738504,2.313224,2.041956,0.4922519,1.1783199,1.183242,1.234047,2.5877619,2.3855946,0.75886893,1.3165295,0.8924162,0.46823135,1.3165295,1.8205028,2.514531,1.8279945,1.1001874,2.514531,1.8139117,2.5636117,1.9491435,0.9106245,2.5503469,280.03604,280.03604,277.85477,277.85477,277.71356,277.71356,276.50534,276.50534,281.1838,281.1838,279.83456,279.83456,284.92218,284.92218,277.71356,277.71356,277.71356,275.71686,275.71686,275.71686,280.03604,280.03604,280.03604,276.08374,279.04285,275.80237,272.8707,279.04285,276.08374,279.04285,275.80237,272.8707,279.04285,276.08374,279.04285,275.80237,272.8707,279.04285,0.0,0.0,0.0,0.0,0.0,0.0,0.0,0.0,0.0,0.0,0.0,0.0,0.0,0.0,0.0,0.0,0.0,0.0,0.0,0.0,2.5871792,1.9034342,2.3128061,2.399174,2.2457092,2.676297,3.5235858,2.3128061,1.1791695,2.5871792,1.8219362,2.5148566,1.8296177,1.1022525,2.5148566,1.7086805446277147,2.362370714457513,1.7848462636760412,1.1606701776274204,2.5504266416635337,2.5871792,1.9034342,2.3128061,2.399174,2.2457092,2.676297,3.5235858,2.3128061,1.1791695,2.5871792,1.8219362,2.5148566,1.8296177,1.1022525,2.5148566,1.7086805446277147,2.362370714457513,1.7848462636760412,1.1606701776274204,2.5504266416635337
2012-09-21 04:00:00,0.0,0.0,0.0,0.0,0.0,0.0,0.0,0.0,0.0,0.0,0.0,0.0,0.0,0.0,0.0,0.0,0.0,0.0,0.0,0.0,0.0,0.0,0.0,0.0,0.0,0.0,0.0,0.0,0.0,0.0,0.0,0.0,0.0,0.0,0.0,0.0,0.0,0.0,1.2456667,2.6025522,0.776542,1.8654351,0.9526629,2.2792294,1.0668612,2.4318461,1.3108876,2.195285,1.439566,2.620704,1.923198,3.5327265,0.9526629,2.2792294,2.0092962,0.47671056,1.1538901,1.1550164,1.2456667,2.6025522,2.4008908,0.7592657,1.293434,0.85196036,0.42558777,1.293434,1.8212192,2.4869645,1.7746167,1.0301666,2.4869645,1.8146652,2.5330234,1.8970758,0.81980765,2.5230002,280.1145,280.1145,277.64978,277.64978,277.55045,277.55045,276.647,276.647,280.8777,280.8777,279.5646,279.5646,284.9574,284.9574,277.55045,277.55045,277.55045,275.5203,275.5203,275.5203,280.1145,280.1145,280.1145,276.08737,278.8887,275.4958,272.46823,278.8887,276.08737,278.8887,275.4958,272.46823,278.8887,276.08737,278.8887,275.4958,272.46823,278.8887,0.0,0.0,0.0,0.0,0.0,0.0,0.0,0.0,0.0,0.0,0.0,0.0,0.0,0.0,0.0,0.0,0.0,0.0,0.0,0.0,2.6019697,1.8666226,2.2788115,2.4332552,2.1952252,2.6212604,3.5311532,2.2788115,1.1547399,2.6019697,1.8226527,2.4872901,1.7762398,1.0325992,2.4872901,1.7093642942975165,2.3362115554154386,1.7139419209093396,1.0906181600003442,2.5230826439320113,2.6019697,1.8666226,2.2788115,2.4332552,2.1952252,2.6212604,3.5311532,2.2788115,1.1547399,2.6019697,1.8226527,2.4872901,1.7762398,1.0325992,2.4872901,1.7093642942975165,2.3362115554154386,1.7139419209093396,1.0906181600003442,2.5230826439320113
2012-09-21 05:00:00,0.0,0.0,0.0,0.0,0.0,0.0,0.0,0.0,0.0,0.0,0.0,0.0,0.0,0.0,0.0,0.0,0.0,0.0,0.0,0.0,0.0,0.0,0.0,0.0,0.0,0.0,0.0,0.0,0.0,0.0,0.0,0.0,0.0,0.0,0.0,0.0,0.0,0.0,1.2522607,2.6109455,0.74791247,1.8088942,0.93152547,2.2501636,1.0598515,2.420914,1.3061299,2.1885011,1.4661155,2.6574118,1.8218238,3.392766,0.93152547,2.2501636,1.9813724,0.46803135,1.1402471,1.1392539,1.2522607,2.6109455,2.4095712,0.74069244,1.2675128,0.824089,0.43272418,1.2675128,1.7876778,2.4560256,1.7378429,1.0418845,2.4560256,1.7793818,2.4986925,1.8612045,0.8350059,2.4923081,280.15903,280.15903,277.33493,277.33493,277.41098,277.41098,276.60156,276.60156,280.83655,280.83655,279.74466,279.74466,284.30606,284.30606,277.41098,277.41098,277.41098,275.41052,275.41052,275.41052,280.15903,280.15903,280.15903,275.91736,278.7157,275.28458,272.53558,278.7157,275.91736,278.7157,275.28458,272.53558,278.7157,275.91736,278.7157,275.28458,272.53558,278.7157,0.0,0.0,0.0,0.0,0.0,0.0,0.0,0.0,0.0,0.0,0.0,0.0,0.0,0.0,0.0,0.0,0.0,0.0,0.0,0.0,2.6103632,1.8100816,2.2497458,2.422323,2.188441,2.657968,3.3911927,2.2497458,1.141097,2.6103632,1.7891111,2.456351,1.7394661,1.0442556,2.456351,1.677354467318818,2.3068517706976555,1.665093726972615,1.1023413024709963,2.4923930531301886,2.6103632,1.8100816,2.2497458,2.422323,2.188441,2.657968,3.3911927,2.2497458,1.141097,2.6103632,1.7891111,2.456351,1.7394661,1.0442556,2.456351,1.677354467318818,2.3068517706976555,1.665093726972615,1.1023413024709963,2.4923930531301886
2012-09-21 06:00:00,-2.3005176,-3.035421,-1.0962234,-1.9970775,-1.6262175,-2.2565117,-1.2226844,-2.0313225,-2.1599114,-3.2315626,-3.7088392,-5.573828,-1.8357089,-2.7895513,-1.6262175,-2.2565117,-1.8430108,-0.2368761,-0.31153196,-0.23974322,-2.3005176,-3.035421,-2.7030053,-0.8778446,-3.0115874,-1.0786855,-0.21995017,-3.0115874,-1.3379655,-3.758833,-1.4658633,-0.293781,-3.758833,-0.97455883,-3.365183,-1.08037,-0.2273944,-3.331527,1.3700259,2.760848,0.7717746,1.85602,1.1740276,2.583623,1.0757585,2.4457226,1.3283827,2.2202327,1.5980248,2.8397925,1.742037,3.28261,1.1740276,2.583623,2.3017356,0.46871176,1.1413169,1.1404896,1.3700259,2.760848,2.5645976,0.7535247,1.3745173,0.85939425,0.55869216,1.3745173,1.8108515,2.5837443,1.784425,1.2487241,2.5837443,1.8037591,2.6404126,1.9066434,1.1032764,2.619008,280.95422,280.95422,277.59735,277.59735,279.01102,279.01102,276.70468,276.70468,281.02896,281.02896,280.63925,280.63925,283.79343,283.79343,279.01102,279.01102,279.01102,275.41913,275.41913,275.41913,280.95422,280.95422,280.95422,276.03482,279.42987,275.55212,273.72446,279.42987,276.03482,279.42987,275.55212,273.72446,279.42987,276.03482,279.42987,275.55212,273.72446,279.42987,3.1352618,2.1674228,2.1943395,2.4812388,2.8712082,5.7185116,2.6695564,2.1943395,0.41002673,3.1352618,1.5766613,3.9028084,1.9282682,0.429654,3.9028084,1.2724615011829563,3.5977325508016618,1.687868977262631,0.4296540129973373,3.806989791052063,2.7602656,1.8572073,2.5832052,2.4471314,2.2201726,2.840349,3.2810369,2.5832052,1.1421665,2.7602656,1.812285,2.58407,1.7860483,1.250534,2.58407,1.6994700343697984,2.4280508678868524,1.7269709291461834,1.309797757935442,2.619081676157925,-0.37499633,-0.31021544,0.38886565,-0.034107413,-0.65103555,-2.8781624,0.61148053,0.38886565,0.73213977,-0.37499633,0.2356236,-1.3187385,-0.14221998,0.82088006,-1.3187385,0.42700853318684207,-1.1696816829148093,0.03910195188355248,0.8801437449381048,-1.187908114894138
2012-09-21 07:00:00,-6.7562685,-8.656071,-2.8336706,-5.3414526,-5.6765933,-7.787917,-3.5430298,-6.182675,-4.9341354,-6.9129157,-7.795148,-11.202195,-4.862277,-6.637736,-5.6765933,-7.787917,-6.83725,-0.7075737,-0.9402779,-0.7759222,-6.7562685,-8.656071,-8.1243515,-2.4949698,-6.5628,-3.1516454,-1.859317,-6.5628,-4.2220497,-7.9782653,-4.487208,-2.8071623,-7.9782653,-3.0630336,-7.3390512,-3.4507465,-2.172678,-7.2486687,1.767622,3.2669442,0.9219401,2.1525846,1.5794959,3.1411731,1.3345939,2.8494048,1.5213076,2.4953353,1.9379456,3.3097749,2.040456,3.694616,1.5794959,3.1411731,2.8373885,0.4977316,1.1869335,1.1931939,1.767622,3.2669442,3.0879936,0.92168677,1.6871035,1.0707633,0.81490934,1.6871035,2.114537,2.9568427,2.063307,1.669433,2.9568427,2.123215,3.0544114,2.17868,1.648935,2.9891305,283.63895,283.63895,279.24878,279.24878,281.6863,281.6863,278.38263,278.38263,282.6971,282.6971,282.94455,282.94455,285.7108,285.7108,281.6863,281.6863,281.6863,275.78616,275.78616,275.78616,283.63895,283.63895,283.63895,277.57413,281.51614,277.1539,276.1426,281.51614,277.57413,281.51614,277.1539,276.1426,281.51614,277.57413,281.51614,277.1539,276.1426,281.51614,8.734011,5.516123,7.546752,7.0279922,6.2135425,11.203217,6.4147224,7.546752,1.1689962,8.734011,4.593512,8.084955,5.3997264,3.5189283,8.084955,4.052712430866234,7.744281685192308,5.116233163311874,3.2122950718926657,7.85459106509994,3.266362,2.1537719,3.1407557,2.850814,2.4952753,3.310331,3.6930428,3.1407557,1.1877831,3.266362,2.1159706,2.957168,2.0649302,1.671243,2.957168,1.9892879616369954,2.7821032514927433,2.0974224759106517,1.7329027177199303,2.9891703154214575,-5.467649,-3.3623507,-4.4059963,-4.1771784,-3.718267,-7.892885,-2.7216794,-4.4059963,0.018786972,-5.467649,-2.4775417,-5.1277866,-3.3347964,-1.8476853,-5.1277866,-2.0634244692292385,-4.962178433699565,-3.018810687401222,-1.4793923541727354,-4.865420749678482
2012-09-21 08:00:00,-11.317219,-14.020126,-4.515532,-8.578781,-10.721031,-14.2569275,-7.2010245,-12.579982,-6.8395658,-9.235412,-10.696865,-14.9304285,-7.581166,-9.648749,-10.721031,-14.2569275,-12.8929405,-1.5438291,-2.1809242,-1.8415432,-11.317219,-14.020126,-13.430855,-4.095317,-8.790777,-6.1301165,-4.420507,-8.790777,-7.149392,-10.488906,-8.903002,-7.3652306,-10.488906,-5.2683063,-9.78689,-7.0117292,-5.606774,-9.651689,2.253873,3.8858895,1.0878037,2.4801512,2.164669,3.9458323,1.7322505,3.4695945,1.6485327,2.6767526,2.1665215,3.6258087,2.3249578,4.087408,2.164669,3.9458323,3.6104457,0.589957,1.3319039,1.3606888,2.253873,3.8858895,3.7280955,1.0780401,1.8365358,1.4112725,1.1321979,1.8365358,2.396897,3.1352026,2.5125775,2.190421,3.1352026,2.420238,3.252324,2.6169229,2.3246555,3.1660676,286.9223,286.9223,281.07285,281.07285,285.5473,285.5473,280.9605,280.9605,283.79718,283.79718,284.49472,284.49472,287.53873,287.53873,285.5473,285.5473,285.5473,276.9526,276.9526,276.9526,286.9223,286.9223,286.9223,279.00534,282.5135,279.7343,279.13715,282.5135,279.00534,282.5135,279.7343,279.13715,282.5135,279.00534,282.5135,279.7343,279.13715,282.5135,13.985857,8.626649,13.8690195,13.502879,8.364577,14.753065,9.383333,13.8690195,2.5233657,13.985857,7.492575,10.520483,10.012211,8.313364,10.520483,6.845270877710767,10.253954630752814,9.619847126297419,7.04124822159846,10.205232487598074,3.8853066,2.481339,3.9454145,3.4710033,2.6766925,3.6263652,4.085835,3.9454145,1.3327535,3.8853066,2.3983307,3.135528,2.5142007,2.1922312,3.135528,2.2587542810853893,2.951358344871094,2.6942089284926167,2.25685806968304,3.166091556732862,-10.10055,-6.14531,-9.923605,-10.031877,-5.6878843,-11.1267,-5.297498,-9.923605,-1.1906121,-10.10055,-5.0942445,-7.384955,-7.4980097,-6.121133,-7.384955,-4.586516596625378,-7.3025962858817195,-6.925638197804802,-4.78439015191542,-7.039140930865212
2012-09-21 09:00:00,-14.293304,-17.273294,-5.895334,-11.176216,-14.118581,-18.294476,-10.389301,-17.888653,-8.057721,-10.664795,-12.538596,-17.198883,-9.795265,-11.962396,-14.118581,-18.294476,-16.734417,-3.097055,-4.5782504,-3.8575811,-14.293304,-17.273294,-16.676054,-5.8760576,-10.780296,-8.521938,-6.1675324,-10.780296,-10.371294,-12.727052,-12.359187,-10.341528,-12.727052,-7.7223997,-11.970101,-9.885365,-7.993002,-11.797114,2.6104724,4.3398013,1.2502431,2.8009553,2.612514,4.561654,2.0613601,3.9828775,1.747572,2.8179777,2.3263123,3.8467393,2.6716444,4.566053,2.612514,4.561654,4.2020817,0.8198423,1.693264,1.7781945,2.6104724,4.3398013,4.1975236,1.2864391,2.0559633,1.7079027,1.3396052,2.0559633,2.7732472,3.3971074,2.9039538,2.5309842,3.3971074,2.8161318,3.5429397,2.998692,2.766365,3.4258835,289.3302,289.3302,282.85925,282.85925,288.5022,288.5022,283.09402,283.09402,284.65353,284.65353,285.5784,285.5784,289.7662,289.7662,288.5022,288.5022,288.5022,279.86014,279.86014,279.86014,289.3302,289.3302,289.3302,280.91296,283.978,281.9822,281.09464,283.978,280.91296,283.978,281.9822,281.09464,283.978,280.91296,283.978,281.9822,281.09464,283.978,17.145733,11.073185,17.870424,18.626503,9.720294,16.890343,11.703593,17.870424,4.951164,17.145733,10.5957155,12.666064,13.359163,11.222507,12.666064,9.850683641235795,12.451328549896607,12.799086271841123,9.357509782785835,12.268397382970065,4.339219,2.802143,4.5612364,3.9842865,2.8179178,3.8472955,4.56448,4.5612364,1.6941139,4.339219,2.7746804,3.397433,2.905577,2.5327942,3.397433,2.6179182147797833,3.1998936612975686,3.2140917658261277,2.5993606749413307,3.4258838962969183,-12.806515,-8.271042,-13.309188,-14.642217,-6.9023767,-13.043048,-7.139113,-13.309188,-3.2570503,-12.806515,-7.821035,-9.268631,-10.453587,-8.689713,-9.268631,-7.232765426456012,-9.251434888599038,-9.584994506014995,-6.758149107844504,-8.842513486673147
2012-09-21 10:00:00,-15.892534,-18.921843,-7.08462,-13.348258,-15.940287,-20.325907,-12.664573,-21.537525,-8.922392,-11.653684,-13.640732,-18.528648,-10.669242,-12.739352,-15.940287,-20.325907,-18.692701,-3.866174,-5.7074604,-4.8565955,-15.892534,-18.921843,-18.3294,-6.9749975,-11.892247,-9.9987135,-7.425611,-11.892247,-12.312026,-13.952665,-14.442034,-12.443262,-13.952665,-9.236038,-13.176641,-11.657329,-9.707668,-12.981761,2.8283632,4.6171527,1.4362282,3.1682608,2.9047422,4.9634914,2.348512,4.4307218,1.8234223,2.9261377,2.4383056,4.001583,2.7100365,4.619059,2.9047422,4.9634914,4.588137,0.926393,1.8607528,1.9717064,2.8283632,4.6171527,4.4843554,1.4232991,2.1835756,1.9087851,1.5112368,2.1835756,3.0204039,3.549424,3.1689997,2.8128037,3.549424,3.0761235,3.7119539,3.257232,3.1318846,3.576985,290.80148,290.80148,284.9046,284.9046,290.43033,290.43033,284.95554,284.95554,285.3094,285.3094,286.33792,286.33792,290.01288,290.01288,290.43033,290.43033,290.43033,281.20776,281.20776,281.20776,290.80148,290.80148,290.80148,282.16574,284.8297,283.50452,282.71448,284.8297,282.16574,284.8297,283.50452,282.71448,284.8297,282.16574,284.8297,283.50452,282.71448,284.8297,18.740068,13.093066,19.918085,22.012373,10.673905,18.137112,12.472025,19.918085,6.0439262,18.740068,12.425037,13.833014,15.264274,13.16889,13.833014,11.638546460829106,13.653750549959906,14.579057610511772,10.89955229627625,13.389292842625514,4.61657,3.1694481,4.963073,4.432131,2.9260776,4.0021396,4.6174855,4.963073,1.8616024,4.61657,3.0218372,3.5497494,3.1706228,2.8146136,3.5497494,2.8537888676791825,3.3444345382932656,3.566164364893554,2.8827851450238775,3.5769715289813524,-14.123498,-9.923617,-14.955011,-17.580242,-7.7478275,-14.134972,-7.8545394,-14.955011,-4.182324,-14.123498,-9.4032,-10.283264,-12.093651,-10.354277,-10.283264,-8.784757593149923,-10.30931601166664,-11.012893245618217,-8.016767151252372,-9.812321313644162
2012-09-21 11:00:00,-16.726242,-19.774424,-7.6913595,-14.41944,-16.79138,-21.23791,-13.749604,-23.239262,-9.855926,-12.734302,-14.159224,-19.157621,-11.587033,-13.748766,-16.79138,-21.23791,-19.590942,-4.264033,-6.283253,-5.369882,-16.726242,-19.774424,-19.195063,-7.66107,-12.596289,-10.159443,-8.063839,-12.596289,-13.507608,-14.741293,-14.651023,-13.4942875,-14.741293,-10.16875,-13.945662,-11.859766,-10.571223,-13.738327,3.0410519,4.8878827,1.5549226,3.4026728,3.120353,5.259972,2.5423217,4.73299,1.946712,3.1019433,2.5083952,4.098491,3.1229157,5.189092,3.120353,5.259972,4.8729744,0.98593336,1.954345,2.0798404,3.0410519,4.8878827,4.764339,1.5248697,2.2966433,1.9133881,1.6115534,2.2966433,3.2038314,3.6843793,3.1750727,2.9775233,3.6843793,3.2690763,3.8617034,3.263156,3.3455257,3.7108638,292.23764,292.23764,286.20993,286.20993,291.85294,291.85294,286.21194,286.21194,286.37543,286.37543,286.81326,286.81326,292.66565,292.66565,291.85294,291.85294,291.85294,281.96082,281.96082,281.96082,292.23764,292.23764,292.23764,283.0955,285.58435,283.5394,283.66125,285.58435,283.0955,285.58435,283.5394,283.66125,285.58435,283.0955,285.58435,283.5394,283.66125,285.58435,19.56062,14.075781,20.872223,23.527822,11.763501,18.725805,13.547382,20.872223,6.589044,19.56062,13.537845,14.580775,15.462424,14.100555,14.580775,12.721218574046333,14.412066689389844,14.809859617754517,11.63590977179896,14.10594631107299,4.8873,3.4038599,5.2595544,4.734399,3.1018832,4.0990477,5.1875186,5.2595544,1.9551948,4.8873,3.2052648,3.684705,3.176696,2.9793334,3.684705,3.0288402747395002,3.4725009973691754,3.5742316218896057,3.048443140838436,3.7108385604414784,-14.67332,-10.671921,-15.612668,-18.793423,-8.661618,-14.626758,-8.359864,-15.612668,-4.6338496,-14.67332,-10.332581,-10.8960705,-12.285728,-11.121222,-10.8960705,-9.692378299306831,-10.939565692020668,-11.235627995864911,-8.587466630960524,-10.395107750631512
2012-09-21 12:00:00,-16.768856,-19.8374,-7.9173317,-14.804569,-16.901337,-21.356712,-14.507417,-24.403212,-9.929086,-12.843445,-13.994276,-18.969547,-11.610493,-13.754472,-16.901337,-21.356712,-19.72866,-4.2732873,-6.300912,-5.3778076,-16.768856,-19.8374,-19.26953,-8.043663,-12.894649,-10.572877,-8.474326,-12.894649,-14.173271,-15.103604,-15.2559805,-14.181085,-15.103604,-10.667667,-14.285078,-12.3344755,-11.093537,-14.074625,3.162026,5.0418687,1.6318481,3.5545936,3.2573807,5.4483957,2.7178943,5.0068154,1.9836367,3.1545966,2.4989052,4.08537,3.088846,5.142054,3.2573807,5.4483957,5.053998,0.9928825,1.9652686,2.092461,3.162026,5.0418687,4.92359,1.6074541,2.3902414,2.0141256,1.7120316,2.3902414,3.3529708,3.7960966,3.3079865,3.142509,3.7960966,3.425961,3.9856677,3.392807,3.5595112,3.8216896,293.0545,293.0545,287.0559,287.0559,292.75705,292.75705,287.35013,287.35013,286.6947,286.6947,286.7489,286.7489,292.44675,292.44675,292.75705,292.75705,292.75705,282.0487,282.0487,282.0487,293.0545,293.0545,293.0545,283.85144,286.20905,284.3028,284.60956,286.20905,283.85144,286.20905,284.3028,284.60956,286.20905,283.85144,286.20905,284.3028,284.60956,286.20905,19.618307,14.427672,21.037926,24.521368,11.897426,18.55014,13.545709,21.037926,6.604668,19.618307,14.152739,14.922806,15.96734,14.6686945,14.922806,13.30177731409438,14.740400148100226,15.177390418549388,12.083541063262754,14.432007293488084,5.041287,3.5557811,5.4479785,5.0082245,3.1545362,4.085926,5.1404805,5.4479785,1.9661182,5.041287,3.3544042,3.7964222,3.3096094,3.1443188,3.7964222,3.171169376173595,3.578515249119576,3.7507866820438007,3.2143681202718284,3.8216545639188646,-14.577022,-10.871891,-15.589948,-19.513144,-8.742889,-14.464214,-8.405228,-15.589948,-4.63855,-14.577022,-10.798334,-11.126384,-12.657731,-11.524376,-11.126384,-10.130607937920786,-11.16188489898065,-11.426603736505587,-8.869172942990925,-10.61035272956922
2012-09-21 13:00:00,-16.220963,-19.337015,-7.7658167,-14.533035,-16.397808,-20.84221,-14.126506,-23.841015,-9.265294,-12.159245,-13.603859,-18.561466,-11.2715845,-13.539095,-16.397808,-20.84221,-19.2655,-4.235426,-6.271744,-5.3059688,-16.220963,-19.337015,-18.784025,-7.940335,-12.246769,-9.886663,-8.250951,-12.246769,-14.008627,-14.415097,-14.322017,-13.846645,-14.415097,-10.492332,-13.595004,-11.499838,-10.746311,-13.398669,3.2726278,5.1826534,1.6549915,3.6002998,3.3766336,5.6123786,2.7407074,5.0423946,1.9830085,3.1537006,2.5268445,4.124,3.336257,5.4836364,3.3766336,5.6123786,5.2115397,1.0219384,2.0109422,2.1452312,3.2726278,5.1826534,5.069186,1.6335652,2.3300266,1.9390243,1.7203871,2.3300266,3.4001255,3.7242258,3.2088976,3.1562285,3.7242258,3.4755642,3.9059181,3.2961507,3.5773058,3.7503922,293.80133,293.80133,287.31042,287.31042,293.54388,293.54388,287.49802,287.49802,286.68927,286.68927,286.9384,286.9384,294.03638,294.03638,293.54388,293.54388,293.54388,282.4162,282.4162,282.4162,293.80133,293.80133,293.80133,284.09045,285.80716,283.73367,284.68842,285.80716,284.09045,285.80716,283.73367,284.68842,285.80716,284.09045,285.80716,283.73367,284.68842,285.80716,19.130697,14.184956,20.587814,23.983927,11.271771,18.169432,13.386971,20.587814,6.5703397,19.130697,14.00306,14.2701025,15.126497,14.34874,14.2701025,13.121652304630636,14.055820569931425,14.337362060545715,11.829275813609607,13.80471888198793,5.1820707,3.6014874,5.6119604,5.0438037,3.1536405,4.1245565,5.482064,5.6119604,2.0117917,5.1820707,3.4015586,3.724551,3.2105207,3.1580384,3.724551,3.2161704468785253,3.5103129197936833,3.619162643794127,3.2281658336932058,3.7503631154677803,-13.948627,-10.5834675,-14.975854,-18.940123,-8.118131,-14.044875,-7.904908,-14.975854,-4.5585475,-13.948627,-10.601501,-10.545551,-11.915977,-11.1907015,-10.545551,-9.905481857752111,-10.545507650137742,-10.718199416751588,-8.601109979916401,-10.05435576652015
2012-09-21 14:00:00,-14.938789,-18.110615,-7.2138987,-13.560294,-15.195914,-19.58988,-12.1794815,-20.872925,-8.798793,-11.679427,-12.77859,-17.666,-10.18404,-12.597299,-15.195914,-19.58988,-18.096333,-3.9783764,-5.924926,-4.9524117,-14.938789,-18.110615,-17.572802,-7.6004586,-11.105592,-9.223207,-7.698796,-11.105592,-13.446838,-13.242401,-13.459958,-12.999435,-13.242401,-9.966106,-12.39702,-10.664176,-9.920929,-12.22947,3.3336096,5.260277,1.6278243,3.546647,3.4443982,5.7055597,2.6983533,4.9763393,2.003186,3.182473,2.5830622,4.201727,3.39732,5.5679426,3.4443982,5.7055597,5.3010616,1.0192143,2.00666,2.1402836,3.3336096,5.260277,5.1494637,1.6674441,2.3248732,1.9374863,1.7183564,2.3248732,3.4613078,3.718075,3.2068682,3.1528943,3.718075,3.5399237,3.899093,3.2941706,3.572981,3.7442906,294.2131,294.2131,287.01166,287.01166,293.991,293.991,287.22345,287.22345,286.86374,286.86374,287.31964,287.31964,294.4287,294.4287,293.991,293.991,293.991,282.38174,282.38174,282.38174,294.2131,294.2131,294.2131,284.40057,285.77277,283.72202,284.66925,285.77277,284.40057,285.77277,283.72202,284.66925,285.77277,284.40057,285.77277,283.72202,284.66925,285.77277,17.940273,13.306072,19.405146,21.212902,10.850165,17.33028,12.470722,19.405146,6.235944,17.940273,13.485848,13.151527,14.290191,13.550814,13.151527,12.554393228906502,12.849327316394726,13.34810473769729,11.193964761528331,12.725368876579388,5.259694,3.5478346,5.705142,4.977748,3.1824129,4.2022834,5.566369,5.705142,2.0075097,5.259694,3.4627414,3.7184002,3.208491,3.154704,3.7184002,3.2745592212022614,3.504476180090571,3.6164665001611516,3.2248125194406416,3.7442620096583505,-12.68058,-9.758238,-13.700003,-16.235153,-7.6677527,-13.127997,-6.9043527,-13.700003,-4.228434,-12.68058,-10.023108,-9.433127,-11.081699,-10.39611,-9.433127,-9.27983400770424,-9.344851136304156,-9.731638237536139,-7.96915224208769,-8.981106866921039
2012-09-21 15:00:00,-11.978174,-15.07747,-6.2089458,-11.756609,-13.023141,-17.228888,-9.457341,-16.532934,-7.1027384,-9.760995,-10.568317,-14.988352,-8.315214,-10.827141,-13.023141,-17.228888,-15.8654175,-3.335944,-5.011057,-4.1007905,-11.978174,-15.07747,-14.566487,-6.500697,-9.123085,-7.111303,-6.403756,-9.123085,-11.575092,-11.096943,-10.563253,-10.942362,-11.096943,-8.397816,-10.262934,-8.093584,-8.085702,-10.139493,3.3250046,5.249323,1.5810046,3.4541824,3.4014988,5.6465697,2.6080203,4.8354545,1.966572,3.1302629,2.4783318,4.056925,3.4298186,5.61281,3.4014988,5.6465697,5.2443886,0.961556,1.9160261,2.0355678,3.3250046,5.249323,5.1381354,1.6206297,2.265432,1.8096828,1.6428797,2.265432,3.3767648,3.647126,3.0382435,3.028961,3.647126,3.4509904,3.8203664,3.1296854,3.4122405,3.6739073,294.155,294.155,286.49677,286.49677,293.70795,293.70795,286.63785,286.63785,286.54715,286.54715,286.60938,286.60938,294.6375,294.6375,293.70795,293.70795,293.70795,281.6525,281.6525,281.6525,294.155,294.155,294.155,283.97205,285.37604,282.7535,283.9569,285.37604,283.97205,285.37604,282.7535,283.9569,285.37604,283.97205,285.37604,282.7535,283.9569,285.37604,14.990837,11.654543,17.107399,17.083319,9.061614,14.80284,10.729015,17.107399,5.3549047,14.990837,11.744867,11.090652,11.4989805,11.628886,11.090652,10.784236342033571,10.688234884015714,10.42199052126623,9.656910025529557,10.737652555576435,5.2487407,3.45537,5.646152,4.8368635,3.1302028,4.057481,5.6112366,5.646152,1.9168756,5.2487407,3.3781981,3.6474514,3.0398664,3.0307713,3.6474514,3.193876760165664,3.437149102769848,3.39247483959535,3.100173886823848,3.67388545639963,-9.742097,-8.199173,-11.461247,-12.246456,-5.9314113,-10.745359,-5.117779,-11.461247,-3.438029,-9.742097,-8.36667,-7.4432015,-8.459114,-8.598115,-7.4432015,-7.590359581867907,-7.251085781245866,-7.02951568167088,-6.556736138705709,-7.063767099176806
2012-09-21 16:00:00,-6.225904,-8.362009,-4.2288165,-8.107591,-9.219643,-12.717369,-5.0764356,-9.138768,-4.862834,-7.003411,-5.804158,-8.733627,-5.4483047,-7.704521,-9.219643,-12.717369,-11.624072,-2.1814086,-3.3183115,-2.5935848,-6.225904,-8.362009,-7.962887,-4.378977,-5.9889207,-4.84421,-4.0582595,-5.9889207,-7.878546,-7.5150614,-7.339546,-7.0924344,-7.5150614,-5.476426,-6.8119493,-5.403194,-4.912066,-6.747027,3.1103451,4.976085,1.4421942,3.1800437,3.2599385,5.451913,2.4209044,4.5436263,1.9018109,3.037916,2.361699,3.8956656,3.4486747,5.638844,3.2599385,5.451913,5.057377,0.8510071,1.7422525,1.8347945,3.1103451,4.976085,4.855558,1.5022461,2.1644902,1.6629928,1.5060018,2.1644902,3.1629748,3.526644,2.844699,2.8042078,3.526644,3.2260983,3.6866765,2.9408913,3.1207354,3.5543864,292.70554,292.70554,284.9702,284.9702,292.77393,292.77393,285.42484,285.42484,285.98718,285.98718,285.8184,285.8184,294.75867,294.75867,292.77393,292.77393,292.77393,280.2543,280.2543,280.2543,292.70554,292.70554,292.70554,282.8884,284.70233,281.64188,282.66507,284.70233,282.8884,284.70233,281.64188,282.66507,284.70233,282.8884,284.70233,281.64188,282.66507,284.70233,8.398955,8.220706,12.675331,9.758432,6.488886,8.777519,7.644723,12.675331,3.668204,8.398955,8.203605,7.5984597,8.246551,7.8434353,7.5984597,7.312742052406833,7.146466780185046,7.1906206328609175,6.587665387528593,7.365060965083842,4.975503,3.181231,5.4514956,4.5450354,3.0378559,3.8962224,5.637271,5.4514956,1.7431023,4.975503,3.1644082,3.5269694,2.8463223,2.8060176,3.5269694,2.9898493061741718,3.322817367467365,3.1353813108655215,2.87414021544601,3.5543752418042827,-3.4234521,-5.039475,-7.2238355,-5.213397,-3.4510298,-4.881297,-2.0074522,-7.2238355,-1.9251018,-3.4234521,-5.039196,-4.0714903,-5.4002285,-5.0374174,-4.0714903,-4.322892746232661,-3.8236494127176806,-4.055239321995396,-3.7135251720825826,-3.8106857232795592
2012-09-21 17:00:00,0.0,0.0,0.0,0.0,0.0,0.0,0.0,0.0,0.0,0.0,0.0,0.0,0.0,0.0,0.0,0.0,0.0,0.0,0.0,0.0,0.0,0.0,0.0,0.0,0.0,0.0,0.0,0.0,0.0,0.0,0.0,0.0,0.0,0.0,0.0,0.0,0.0,0.0,3.000462,4.836216,1.2476096,2.795755,2.7529092,4.7547083,1.9931335,3.8764706,1.7430964,2.8115964,2.1600463,3.616856,3.260175,5.378597,2.7529092,4.7547083,4.387553,0.7496418,1.5829147,1.6507,3.000462,4.836216,4.710907,1.2971909,1.858703,1.5158718,1.1130555,1.858703,2.7926636,3.161661,2.6505864,2.1589894,3.161661,2.836557,3.2816825,2.751544,2.2838888,3.192315,291.96356,291.96356,282.8303,282.8303,289.42853,289.42853,282.65173,282.65173,284.61484,284.61484,284.4508,284.4508,293.54755,293.54755,289.42853,289.42853,289.42853,278.97226,278.97226,278.97226,291.96356,291.96356,291.96356,281.01138,282.66144,280.52698,278.95648,282.66144,281.01138,282.66144,280.52698,278.95648,282.66144,281.01138,282.66144,280.52698,278.95648,282.66144,0.0,0.0,0.0,0.0,0.0,0.0,0.0,0.0,0.0,0.0,0.0,0.0,0.0,0.0,0.0,0.0,0.0,0.0,0.0,0.0,4.8356333,2.7969422,4.75429,3.8778796,2.8115363,3.6174123,5.3770227,4.75429,1.5837646,4.8356333,2.7940972,3.1619866,2.6522098,2.1607993,3.1619866,2.636448405410963,2.9764661657057756,2.877532579599754,2.225247209213011,3.1923365975173446,4.8356333,2.7969422,4.75429,3.8778796,2.8115363,3.6174123,5.3770227,4.75429,1.5837646,4.8356333,2.7940972,3.1619866,2.6522098,2.1607993,3.1619866,2.636448405410963,2.9764661657057756,2.877532579599754,2.225247209213011,3.1923365975173446
2012-09-21 18:00:00,0.0,0.0,0.0,0.0,0.0,0.0,0.0,0.0,0.0,0.0,0.0,0.0,0.0,0.0,0.0,0.0,0.0,0.0,0.0,0.0,0.0,0.0,0.0,0.0,0.0,0.0,0.0,0.0,0.0,0.0,0.0,0.0,0.0,0.0,0.0,0.0,0.0,0.0,2.5672476,4.284781,1.151215,2.6053834,2.612366,4.561451,2.0122604,3.906301,1.5787985,2.5773146,1.8638595,3.2073421,2.689361,4.590513,2.612366,4.561451,4.201886,0.7153764,1.5290527,1.5884689,2.5672476,4.284781,4.1406226,1.195257,1.5802958,1.4783957,0.9455304,1.5802958,2.60858,2.829358,2.6011405,1.8839128,2.829358,2.642914,2.9129515,2.7033117,1.927115,2.8626628,289.03833,289.03833,281.7702,281.7702,288.50122,288.50122,282.77573,282.77573,283.1942,283.1942,282.4421,282.4421,289.88004,289.88004,288.50122,288.50122,288.50122,278.53888,278.53888,278.53888,289.03833,289.03833,289.03833,280.0783,280.80328,280.24298,277.3754,280.80328,280.0783,280.80328,280.24298,277.3754,280.80328,280.0783,280.80328,280.24298,277.3754,280.80328,0.0,0.0,0.0,0.0,0.0,0.0,0.0,0.0,0.0,0.0,0.0,0.0,0.0,0.0,0.0,0.0,0.0,0.0,0.0,0.0,4.2841988,2.6065707,4.561033,3.90771,2.5772545,3.2078981,4.58894,4.561033,1.5299022,4.2841988,2.6100135,2.829684,2.6027637,1.8857229,2.829684,2.460770706636289,2.6611268515593,2.811851132875991,1.9486041230488658,2.8627144763775765,4.2841988,2.6065707,4.561033,3.90771,2.5772545,3.2078981,4.58894,4.561033,1.5299022,4.2841988,2.6100135,2.829684,2.6027637,1.8857229,2.829684,2.460770706636289,2.6611268515593,2.811851132875991,1.9486041230488658,2.8627144763775765
2012-09-21 19:00:00,0.0,0.0,0.0,0.0,0.0,0.0,0.0,0.0,0.0,0.0,0.0,0.0,0.0,0.0,0.0,0.0,0.0,0.0,0.0,0.0,0.0,0.0,0.0,0.0,0.0,0.0,0.0,0.0,0.0,0.0,0.0,0.0,0.0,0.0,0.0,0.0,0.0,0.0,2.433479,4.1145077,1.145604,2.5943017,2.5718904,4.5057936,1.8871759,3.7112179,1.6012987,2.6093988,2.0535073,3.4695528,2.4097798,4.2045155,2.5718904,4.5057936,4.1484146,0.6985561,1.5026126,1.5579208,2.433479,4.1145077,3.9645293,1.1974072,1.7887582,1.430832,0.88578796,1.7887582,2.6124635,3.078176,2.5383844,1.7858157,3.078176,2.6469986,3.1890457,2.642096,1.7998832,3.1094959,288.13507,288.13507,281.7085,281.7085,288.23416,288.23416,281.96484,281.96484,283.38876,283.38876,283.72827,283.72827,288.0837,288.0837,288.23416,288.23416,288.23416,278.32614,278.32614,278.32614,288.13507,288.13507,288.13507,280.098,282.1946,279.88254,276.81155,282.1946,280.098,282.1946,279.88254,276.81155,282.1946,280.098,282.1946,279.88254,276.81155,282.1946,0.0,0.0,0.0,0.0,0.0,0.0,0.0,0.0,0.0,0.0,0.0,0.0,0.0,0.0,0.0,0.0,0.0,0.0,0.0,0.0,4.1139255,2.5954895,4.5053754,3.712627,2.6093388,3.470109,4.202942,4.5053754,1.5034623,4.1139255,2.6138968,3.0785017,2.5400076,1.7876258,3.0785017,2.4644767447625253,2.897242911723075,2.72848947725012,1.8499483362170654,3.10952504865591,4.1139255,2.5954895,4.5053754,3.712627,2.6093388,3.470109,4.202942,4.5053754,1.5034623,4.1139255,2.6138968,3.0785017,2.5400076,1.7876258,3.0785017,2.4644767447625253,2.897242911723075,2.72848947725012,1.8499483362170654,3.10952504865591
2012-09-21 20:00:00,0.0,0.0,0.0,0.0,0.0,0.0,0.0,0.0,0.0,0.0,0.0,0.0,0.0,0.0,0.0,0.0,0.0,0.0,0.0,0.0,0.0,0.0,0.0,0.0,0.0,0.0,0.0,0.0,0.0,0.0,0.0,0.0,0.0,0.0,0.0,0.0,0.0,0.0,2.4317389,4.1122932,1.1600311,2.6227942,2.5392222,4.4608727,1.8509938,3.6547878,1.541722,2.524445,1.7174244,3.0048776,2.2126782,3.9323912,2.5392222,4.4608727,4.105258,0.67706454,1.4688298,1.5188891,2.4317389,4.1122932,3.9622386,1.2074687,1.6023576,1.3795271,0.86520666,1.6023576,2.630634,2.8556914,2.4706922,1.7520213,2.8556914,2.666113,2.9421716,2.5760655,1.7560519,2.888786,288.12332,288.12332,281.86716,281.86716,288.01862,288.01862,281.7303,281.7303,282.87363,282.87363,281.449,281.449,286.81732,286.81732,288.01862,288.01862,288.01862,278.05432,278.05432,278.05432,288.12332,288.12332,288.12332,280.1901,280.95053,279.49374,276.6173,280.95053,280.1901,280.95053,279.49374,276.6173,280.95053,280.1901,280.95053,279.49374,276.6173,280.95053,0.0,0.0,0.0,0.0,0.0,0.0,0.0,0.0,0.0,0.0,0.0,0.0,0.0,0.0,0.0,0.0,0.0,0.0,0.0,0.0,4.1117105,2.623982,4.4604545,3.6561968,2.524385,3.0054338,3.9308178,4.4604545,1.4696794,4.1117105,2.6320674,2.8560169,2.4723155,1.7538313,2.8560169,2.481817555715983,2.686115555257184,2.6385709697000728,1.8159613215394073,2.888835004798602,4.1117105,2.623982,4.4604545,3.6561968,2.524385,3.0054338,3.9308178,4.4604545,1.4696794,4.1117105,2.6320674,2.8560169,2.4723155,1.7538313,2.8560169,2.481817555715983,2.686115555257184,2.6385709697000728,1.8159613215394073,2.888835004798602
2012-09-21 21:00:00,0.0,0.0,0.0,0.0,0.0,0.0,0.0,0.0,0.0,0.0,0.0,0.0,0.0,0.0,0.0,0.0,0.0,0.0,0.0,0.0,0.0,0.0,0.0,0.0,0.0,0.0,0.0,0.0,0.0,0.0,0.0,0.0,0.0,0.0,0.0,0.0,0.0,0.0,2.4250906,4.103831,1.2216858,2.744557,2.4893663,4.392317,1.8381281,3.6347222,1.5536093,2.5413957,1.9570252,3.3361545,2.038936,3.6925175,2.4893663,4.392317,4.039395,0.6454533,1.4191394,1.4614784,2.4250906,4.103831,3.9534867,1.1911128,1.563172,1.0438867,0.84723157,1.563172,2.6010962,2.8089194,2.0278459,1.722506,2.8089194,2.6350412,2.8902724,2.144089,1.7177706,2.8423874,288.07843,288.07843,282.5452,282.5452,287.68967,287.68967,281.64688,281.64688,282.9764,282.9764,283.07394,283.07394,285.70102,285.70102,287.68967,287.68967,287.68967,277.6545,277.6545,277.6545,288.07843,288.07843,288.07843,280.04037,280.689,276.95023,276.44766,280.689,280.04037,280.689,276.95023,276.44766,280.689,280.04037,280.689,276.95023,276.44766,280.689,0.0,0.0,0.0,0.0,0.0,0.0,0.0,0.0,0.0,0.0,0.0,0.0,0.0,0.0,0.0,0.0,0.0,0.0,0.0,0.0,4.103248,2.7457447,4.391899,3.6361313,2.5413356,3.336711,3.6909444,4.391899,1.4199892,4.103248,2.6025298,2.8092453,2.0294688,1.7243161,2.8092453,2.4536286827744114,2.6417314742849842,2.050317599977448,1.7862780827973648,2.8424406154580457,4.103248,2.7457447,4.391899,3.6361313,2.5413356,3.336711,3.6909444,4.391899,1.4199892,4.103248,2.6025298,2.8092453,2.0294688,1.7243161,2.8092453,2.4536286827744114,2.6417314742849842,2.050317599977448,1.7862780827973648,2.8424406154580457
2012-09-21 22:00:00,0.0,0.0,0.0,0.0,0.0,0.0,0.0,0.0,0.0,0.0,0.0,0.0,0.0,0.0,0.0,0.0,0.0,0.0,0.0,0.0,0.0,0.0,0.0,0.0,0.0,0.0,0.0,0.0,0.0,0.0,0.0,0.0,0.0,0.0,0.0,0.0,0.0,0.0,2.3892465,4.0582047,1.2823691,2.8644018,2.448923,4.3367043,1.837723,3.634091,1.6193869,2.6351917,1.7267438,3.0177624,1.9026507,3.5043583,2.448923,4.3367043,3.9859667,0.6360165,1.4043057,1.4443399,2.3892465,4.0582047,3.906301,1.2450454,1.5606709,1.0114728,0.8072588,1.5606709,2.6984935,2.8059344,1.9850785,1.656871,2.8059344,2.7374969,2.8869598,2.1023717,1.6326419,2.839426,287.8364,287.8364,283.21255,283.21255,287.42282,287.42282,281.64426,281.64426,283.54517,283.54517,281.5122,281.5122,284.82538,284.82538,287.42282,287.42282,287.42282,277.53516,277.53516,277.53516,287.8364,287.8364,287.8364,280.53406,280.6723,276.7046,276.0704,280.6723,280.53406,280.6723,276.7046,276.0704,280.6723,280.53406,280.6723,276.7046,276.0704,280.6723,0.0,0.0,0.0,0.0,0.0,0.0,0.0,0.0,0.0,0.0,0.0,0.0,0.0,0.0,0.0,0.0,0.0,0.0,0.0,0.0,4.057622,2.8655894,4.336286,3.6354997,2.6351316,3.018319,3.5027847,4.336286,1.4051553,4.057622,2.699927,2.8062599,1.9867017,1.6586809,2.8062599,2.546578417298627,2.6388985580315656,1.9935080185590546,1.720269052876672,2.839479386640159,4.057622,2.8655894,4.336286,3.6354997,2.6351316,3.018319,3.5027847,4.336286,1.4051553,4.057622,2.699927,2.8062599,1.9867017,1.6586809,2.8062599,2.546578417298627,2.6388985580315656,1.9935080185590546,1.720269052876672,2.839479386640159
2012-09-21 23:00:00,0.0,0.0,0.0,0.0,0.0,0.0,0.0,0.0,0.0,0.0,0.0,0.0,0.0,0.0,0.0,0.0,0.0,0.0,0.0,0.0,0.0,0.0,0.0,0.0,0.0,0.0,0.0,0.0,0.0,0.0,0.0,0.0,0.0,0.0,0.0,0.0,0.0,0.0,2.3003652,3.9450688,1.3061173,2.9113026,2.4319072,4.313305,1.8438383,3.6436281,1.6177918,2.6329165,1.6907403,2.9679835,1.8025919,3.366214,2.4319072,4.313305,3.9634867,0.6476539,1.4225986,1.4654748,2.3003652,3.9450688,3.789298,1.3041255,1.5583206,1.1051505,0.7567093,1.5583206,2.8051867,2.803129,2.1086776,1.5738685,2.803129,2.8497303,2.883847,2.2229369,1.524988,2.836643,287.23624,287.23624,283.47372,283.47372,287.31055,287.31055,281.6839,281.6839,283.53137,283.53137,281.26804,281.26804,284.1825,284.1825,287.31055,287.31055,287.31055,277.68234,277.68234,277.68234,287.23624,287.23624,287.23624,281.07486,280.65662,277.4145,275.59332,280.65662,281.07486,280.65662,277.4145,275.59332,280.65662,281.07486,280.65662,277.4145,275.59332,280.65662,0.0,0.0,0.0,0.0,0.0,0.0,0.0,0.0,0.0,0.0,0.0,0.0,0.0,0.0,0.0,0.0,0.0,0.0,0.0,0.0,3.9444864,2.9124904,4.3128877,3.645037,2.6328568,2.9685395,3.3646407,4.3128877,1.4234483,3.9444864,2.8066204,2.8034546,2.1103008,1.5756785,2.8034546,2.648399660143631,2.636236548974424,2.1576904614655854,1.636793954611813,2.83669680599593,3.9444864,2.9124904,4.3128877,3.645037,2.6328568,2.9685395,3.3646407,4.3128877,1.4234483,3.9444864,2.8066204,2.8034546,2.1103008,1.5756785,2.8034546,2.648399660143631,2.636236548974424,2.1576904614655854,1.636793954611813,2.83669680599593
2012-10-20 00:00:00,0.0,0.0,0.0,0.0,0.0,0.0,0.0,0.0,0.0,0.0,0.0,0.0,0.0,0.0,0.0,0.0,0.0,0.0,0.0,0.0,0.0,0.0,0.0,0.0,0.0,0.0,0.0,0.0,0.0,0.0,0.0,0.0,0.0,0.0,0.0,0.0,0.0,0.0,1.7684942,3.2680547,0.9032589,2.1156907,1.5647366,3.1208785,1.4660475,3.0544217,1.4302065,2.365429,1.8145726,3.1391964,1.3550678,2.748349,1.5647366,3.1208785,2.817891,0.387342,1.0134103,0.9927101,1.7684942,3.2680547,3.0891416,1.0826509,1.6388186,1.1367509,0.5097885,1.6388186,2.4052238,2.8992105,2.1503716,1.1684244,2.8992105,2.4289973,2.990461,2.2636075,0.9991276,2.931958,283.64484,283.64484,279.04333,279.04333,281.58893,281.58893,279.2348,279.2348,281.9094,281.9094,282.10785,282.10785,281.30713,281.30713,281.58893,281.58893,281.58893,274.38998,274.38998,274.38998,283.64484,283.64484,283.64484,279.04755,281.19388,277.65396,273.2629,281.19388,279.04755,281.19388,277.65396,273.2629,281.19388,279.04755,281.19388,277.65396,273.2629,281.19388,0.0,0.0,0.0,0.0,0.0,0.0,0.0,0.0,0.0,0.0,0.0,0.0,0.0,0.0,0.0,0.0,0.0,0.0,0.0,0.0,3.2674723,2.116878,3.1204607,3.0558307,2.3653688,3.1397526,2.7467759,3.1204607,1.0142602,3.2674723,2.4066572,2.899536,2.1519947,1.1702342,2.899536,2.2667007163235047,2.7274129486845253,2.2130743334236085,1.22904055291032,2.932002899851297,3.2674723,2.116878,3.1204607,3.0558307,2.3653688,3.1397526,2.7467759,3.1204607,1.0142602,3.2674723,2.4066572,2.899536,2.1519947,1.1702342,2.899536,2.2667007163235047,2.7274129486845253,2.2130743334236085,1.22904055291032,2.932002899851297
2012-10-20 01:00:00,0.0,0.0,0.0,0.0,0.0,0.0,0.0,0.0,0.0,0.0,0.0,0.0,0.0,0.0,0.0,0.0,0.0,0.0,0.0,0.0,0.0,0.0,0.0,0.0,0.0,0.0,0.0,0.0,0.0,0.0,0.0,0.0,0.0,0.0,0.0,0.0,0.0,0.0,1.7354703,3.226019,0.9011333,2.1114926,1.4691188,2.9893968,1.4632796,3.0501046,1.4336338,2.3703158,1.8154994,3.140478,1.3311146,2.7152789,1.4691188,2.9893968,2.6915724,0.38654816,1.0121626,0.9912684,1.7354703,3.226019,3.0456688,1.0821575,1.6458646,1.0998468,0.50900924,1.6458646,2.4043326,2.9076204,2.1016798,1.1671448,2.9076204,2.4280598,2.9997935,2.2161107,0.9974681,2.940301,283.42184,283.42184,279.01996,279.01996,280.95804,280.95804,279.21686,279.21686,281.93903,281.93903,282.11414,282.11414,281.15323,281.15323,280.95804,280.95804,280.95804,274.37994,274.37994,274.37994,283.42184,283.42184,283.42184,279.04303,281.2409,277.3743,273.25555,281.2409,279.04303,281.2409,277.3743,273.25555,281.2409,279.04303,281.2409,277.3743,273.25555,281.2409,0.0,0.0,0.0,0.0,0.0,0.0,0.0,0.0,0.0,0.0,0.0,0.0,0.0,0.0,0.0,0.0,0.0,0.0,0.0,0.0,3.2254362,2.1126802,2.9889786,3.0515137,2.3702557,3.1410344,2.7137055,2.9889786,1.0130123,3.2254362,2.4057662,2.907946,2.1033032,1.1689546,2.907946,2.2658503385829114,2.735393796850005,2.14839511810268,1.2277536918675371,2.940345228202965,3.2254362,2.1126802,2.9889786,3.0515137,2.3702557,3.1410344,2.7137055,2.9889786,1.0130123,3.2254362,2.4057662,2.907946,2.1033032,1.1689546,2.907946,2.2658503385829114,2.735393796850005,2.14839511810268,1.2277536918675371,2.940345228202965
2012-10-20 02:00:00,0.0,0.0,0.0,0.0,0.0,0.0,0.0,0.0,0.0,0.0,0.0,0.0,0.0,0.0,0.0,0.0,0.0,0.0,0.0,0.0,0.0,0.0,0.0,0.0,0.0,0.0,0.0,0.0,0.0,0.0,0.0,0.0,0.0,0.0,0.0,0.0,0.0,0.0,1.6333561,3.096038,0.8862426,2.0820851,1.4372,2.9455054,1.5140835,3.1293387,1.4443595,2.3856103,1.8073591,3.1292229,1.3005072,2.673021,1.4372,2.9455054,2.6494055,0.4021306,1.0366569,1.0195683,1.6333561,3.096038,2.9112456,1.0613906,1.6431851,1.07833,0.5086664,1.6431851,2.3668296,2.9044225,2.0732906,1.1665819,2.9044225,2.3886092,2.9962447,2.1884184,0.9967381,2.9371283,282.73233,282.73233,278.8562,278.8562,280.74744,280.74744,279.5462,279.5462,282.03177,282.03177,282.05893,282.05893,280.95657,280.95657,280.74744,280.74744,280.74744,274.57703,274.57703,274.57703,282.73233,282.73233,282.73233,278.85294,281.22302,277.21124,273.25232,281.22302,278.85294,281.22302,277.21124,273.25232,281.22302,278.85294,281.22302,277.21124,273.25232,281.22302,0.0,0.0,0.0,0.0,0.0,0.0,0.0,0.0,0.0,0.0,0.0,0.0,0.0,0.0,0.0,0.0,0.0,0.0,0.0,0.0,3.0954561,2.0832725,2.9450877,3.130748,2.3855503,3.1297793,2.6714478,2.9450877,1.0375066,3.0954561,2.3682632,2.904748,2.074914,1.1683918,2.904748,2.2300597781358977,2.732358899364625,2.11068439707914,1.2271876865956075,2.9371728697253037,3.0954561,2.0832725,2.9450877,3.130748,2.3855503,3.1297793,2.6714478,2.9450877,1.0375066,3.0954561,2.3682632,2.904748,2.074914,1.1683918,2.904748,2.2300597781358977,2.732358899364625,2.11068439707914,1.2271876865956075,2.9371728697253037
2012-10-20 03:00:00,0.0,0.0,0.0,0.0,0.0,0.0,0.0,0.0,0.0,0.0,0.0,0.0,0.0,0.0,0.0,0.0,0.0,0.0,0.0,0.0,0.0,0.0,0.0,0.0,0.0,0.0,0.0,0.0,0.0,0.0,0.0,0.0,0.0,0.0,0.0,0.0,0.0,0.0,1.5211363,2.953195,0.8797576,2.0692773,1.4276441,2.9323654,1.7918717,3.56258,1.46237,2.4112926,1.8091817,3.131743,1.2716285,2.6331503,1.4276441,2.9323654,2.6367817,0.37446445,0.99316806,0.96932244,1.5211363,2.953195,2.7635195,1.0435076,1.6497695,1.0983045,0.5098596,1.6497695,2.334535,2.912281,2.099645,1.1685413,2.912281,2.3546367,3.0049648,2.2141259,0.9992792,2.944924,281.97458,281.97458,278.78488,278.78488,280.6844,280.6844,281.34702,281.34702,282.1875,282.1875,282.0713,282.0713,280.77103,280.77103,280.6844,280.6844,280.6844,274.2271,274.2271,274.2271,281.97458,281.97458,281.97458,278.68924,281.26697,277.3626,273.26358,281.26697,278.68924,281.26697,277.3626,273.26358,281.26697,278.68924,281.26697,277.3626,273.26358,281.26697,0.0,0.0,0.0,0.0,0.0,0.0,0.0,0.0,0.0,0.0,0.0,0.0,0.0,0.0,0.0,0.0,0.0,0.0,0.0,0.0,2.9526124,2.0704648,2.9319477,3.5639892,2.4112327,3.1322992,2.6315773,2.9319477,0.9940177,2.9526124,2.335968,2.9126067,2.101268,1.170351,2.9126067,2.1992393308349207,2.7398166679293823,2.1456919165020785,1.2291580257026076,2.9449684263939617,2.9526124,2.0704648,2.9319477,3.5639892,2.4112327,3.1322992,2.6315773,2.9319477,0.9940177,2.9526124,2.335968,2.9126067,2.101268,1.170351,2.9126067,2.1992393308349207,2.7398166679293823,2.1456919165020785,1.2291580257026076,2.9449684263939617
2012-10-20 04:00:00,0.0,0.0,0.0,0.0,0.0,0.0,0.0,0.0,0.0,0.0,0.0,0.0,0.0,0.0,0.0,0.0,0.0,0.0,0.0,0.0,0.0,0.0,0.0,0.0,0.0,0.0,0.0,0.0,0.0,0.0,0.0,0.0,0.0,0.0,0.0,0.0,0.0,0.0,1.4541163,2.8678856,0.8887652,2.0870667,1.419647,2.921369,1.8144634,3.597814,1.4751571,2.4295268,1.8173895,3.1430912,1.20488,2.5409951,1.419647,2.921369,2.626217,0.48864225,1.1726458,1.1766863,1.4541163,2.8678856,2.6752937,1.0293652,1.6916212,1.1112274,0.5482253,1.6916212,2.3089943,2.9622343,2.116696,1.2315376,2.9622343,2.3277707,3.060394,2.2307582,1.0809853,2.9944792,281.52203,281.52203,278.88394,278.88394,280.63162,280.63162,281.49347,281.49347,282.29807,282.29807,282.12695,282.12695,280.34216,280.34216,280.63162,280.63162,280.63162,275.6712,275.6712,275.6712,281.52203,281.52203,281.52203,278.55978,281.5463,277.46054,273.62567,281.5463,278.55978,281.5463,277.46054,273.62567,281.5463,278.55978,281.5463,277.46054,273.62567,281.5463,0.0,0.0,0.0,0.0,0.0,0.0,0.0,0.0,0.0,0.0,0.0,0.0,0.0,0.0,0.0,0.0,0.0,0.0,0.0,0.0,2.8673034,2.0882542,2.9209511,3.5992231,2.4294665,3.1436474,2.539422,2.9209511,1.1734955,2.8673034,2.310428,2.9625602,2.1183188,1.2333474,2.9625602,2.1748656661349317,2.7872201093691187,2.1683409346126044,1.2925132384520832,2.9945189334691205,2.8673034,2.0882542,2.9209511,3.5992231,2.4294665,3.1436474,2.539422,2.9209511,1.1734955,2.8673034,2.310428,2.9625602,2.1183188,1.2333474,2.9625602,2.1748656661349317,2.7872201093691187,2.1683409346126044,1.2925132384520832,2.9945189334691205
2012-10-20 05:00:00,0.0,0.0,0.0,0.0,0.0,0.0,0.0,0.0,0.0,0.0,0.0,0.0,0.0,0.0,0.0,0.0,0.0,0.0,0.0,0.0,0.0,0.0,0.0,0.0,0.0,0.0,0.0,0.0,0.0,0.0,0.0,0.0,0.0,0.0,0.0,0.0,0.0,0.0,1.4076465,2.808735,0.89198697,2.0934296,1.3989307,2.892882,1.8368475,3.6327252,1.5020621,2.4678915,1.8284051,3.1583219,1.1058519,2.4042745,1.3989307,2.892882,2.5988488,0.48555857,1.1677985,1.1710861,1.4076465,2.808735,2.6141214,1.032649,1.7051833,1.1230508,0.5409369,1.7051833,2.314925,2.978422,2.1322956,1.2195702,2.978422,2.3340092,3.0783565,2.245975,1.0654637,3.0105376,281.20825,281.20825,278.91937,278.91937,280.49493,280.49493,281.63858,281.63858,282.5307,282.5307,282.20166,282.20166,279.7059,279.7059,280.49493,280.49493,280.49493,275.6322,275.6322,275.6322,281.20825,281.20825,281.20825,278.58984,281.6368,277.55014,273.5569,281.6368,278.58984,281.6368,277.55014,273.5569,281.6368,278.58984,281.6368,277.55014,273.5569,281.6368,0.0,0.0,0.0,0.0,0.0,0.0,0.0,0.0,0.0,0.0,0.0,0.0,0.0,0.0,0.0,0.0,0.0,0.0,0.0,0.0,2.8081524,2.094617,2.8924644,3.634134,2.4678316,3.1588778,2.402701,2.8924644,1.1686482,2.8081524,2.3163583,2.9787476,2.1339188,1.22138,2.9787476,2.1805252747463157,2.8025810410101393,2.1890631275613432,1.2804776169150145,3.0105756147741487,2.8081524,2.094617,2.8924644,3.634134,2.4678316,3.1588778,2.402701,2.8924644,1.1686482,2.8081524,2.3163583,2.9787476,2.1339188,1.22138,2.9787476,2.1805252747463157,2.8025810410101393,2.1890631275613432,1.2804776169150145,3.0105756147741487
2012-10-20 06:00:00,0.0,0.0,0.0,0.0,0.0,0.0,-0.82756525,-1.4868065,0.0,0.0,-0.66028714,-1.0730453,-0.0058413004,-0.00963482,0.0,0.0,0.0,0.0,0.0,0.0,0.0,0.0,0.0,-0.0063174814,-0.35478067,-0.44352332,-0.0030858328,-0.35478067,-0.010890291,-0.48116368,-0.69659865,-0.00448211,-0.48116368,-0.0069814012,-0.40172353,-0.45287794,-0.0030230763,-0.39680138,1.3730224,2.764662,0.89367414,2.0967612,1.3421,2.814736,1.8821483,3.7033765,1.5335056,2.5127287,1.9140196,3.2766948,1.0179476,2.2829113,1.3421,2.814736,2.5237715,0.5045576,1.1976634,1.2055911,1.3730224,2.764662,2.568542,1.0467749,1.7085985,1.2949708,0.50312746,1.7085985,2.3404348,2.982499,2.3591278,1.157487,2.982499,2.360844,3.08288,2.4672394,0.98494184,3.014582,280.97446,280.97446,278.93793,278.93793,280.11996,280.11996,281.93225,281.93225,282.80258,282.80258,282.7823,282.7823,279.1411,279.1411,280.11996,280.11996,280.11996,275.8725,275.8725,275.8725,280.97446,280.97446,280.97446,278.71915,281.6596,278.85297,273.20004,281.6596,278.71915,281.6596,278.85297,273.20004,281.6596,278.71915,281.6596,278.85297,273.20004,281.6596,0.0,0.0,0.0,1.6233963,0.0,1.1358904,0.008625599,0.0,0.0,0.0,0.012988819,0.5171172,0.87516946,0.0069141295,0.5171172,0.009539074573215834,0.43857774085679524,0.6643593803337432,0.00691412969150524,0.5038343970030871,2.7640796,2.0979488,2.814318,3.7047858,2.5126686,3.2772508,2.281338,2.814318,1.1985132,2.7640796,2.3418682,2.9828243,2.360751,1.1592968,2.9828243,2.204870210468582,2.8064497584531063,2.4903748234655088,1.2180408278143302,3.014619559796015,2.7640796,2.0979488,2.814318,2.0813894,2.5126686,2.1413603,2.2727122,2.814318,1.1985132,2.7640796,2.3288794,2.465707,1.4855816,1.1523826,2.465707,2.195331135895366,2.3678720175963113,1.8260154431317654,1.211126698122825,2.510785162792928
2012-10-20 07:00:00,-2.0801659,-2.8181698,-1.2797673,-2.3162186,-1.7982057,-2.6005642,-5.2479205,-9.082596,-1.741891,-2.5453606,-3.774054,-5.682477,-0.7418454,-1.0794036,-1.7982057,-2.6005642,-2.2310002,-0.47102854,-0.6688124,-0.534938,-2.0801659,-2.8181698,-2.5381439,-1.6605798,-2.6355412,-3.0010142,-1.1671948,-2.6355412,-2.8030436,-3.3708587,-4.4716043,-1.7674038,-3.3708587,-2.0206633,-2.9726233,-3.2667835,-1.3079103,-2.9221153,1.612155,3.0690517,1.0276172,2.3612876,1.6854557,3.286877,2.1464963,4.115657,1.6644892,2.699506,2.090352,3.5204957,1.2839113,2.6501086,1.6854557,3.286877,2.9773698,0.5570741,1.2802148,1.3009686,1.612155,3.0690517,2.8833365,1.2385542,1.8969014,1.5396154,0.8590887,1.8969014,2.686771,3.207254,2.681914,1.7419758,3.207254,2.7251654,3.332274,2.7821023,1.7430227,3.237544,282.58917,282.58917,280.41095,280.41095,282.38544,282.38544,283.64594,283.64594,283.93515,283.93515,283.97815,283.97815,280.84995,280.84995,282.38544,282.38544,282.38544,276.5367,276.5367,276.5367,282.58917,282.58917,282.58917,280.47464,282.91638,280.7069,276.55957,282.91638,280.47464,282.91638,280.7069,276.55957,282.91638,280.47464,282.91638,280.7069,276.55957,282.91638,2.8990946,2.482163,2.5504246,9.347095,2.3131406,5.800837,1.0104877,2.5504246,0.8330456,2.8990946,3.0825453,3.4922373,5.1735425,2.2702322,3.4922373,2.558469170367286,3.1945033747598477,4.444833021882881,2.117481378838842,3.3914862610192933,3.0684693,2.3624752,3.286459,4.117066,2.6994457,3.5210516,2.6485353,3.286459,1.2810646,3.0684693,2.6882048,3.2075794,2.6835372,1.7437857,3.2075794,2.5353913533733845,3.0197315813932617,2.919146356720247,1.805858661402702,3.237561653357602,0.16937482,-0.11968767,0.73603415,-5.2300286,0.3863052,-2.2797854,1.6380476,0.73603415,0.44801897,0.16937482,-0.39434052,-0.28465793,-2.4900055,-0.52644646,-0.28465793,-0.023077816993901656,-0.174771793366586,-1.5256866651626342,-0.3116227174361399,-0.15392460766169114
2012-10-20 08:00:00,-4.2421513,-5.5464907,-2.2944903,-4.1240344,-3.5998578,-5.03017,-8.266384,-13.934342,-2.9115183,-4.035265,-6.3119793,-9.070156,-2.0811934,-2.7969263,-3.5998578,-5.03017,-4.4334674,-1.088753,-1.5731875,-1.3161347,-4.2421513,-5.5464907,-5.174673,-2.863208,-4.40885,-5.5085826,-3.0871081,-4.40885,-4.7834206,-5.4682183,-7.993586,-4.8380003,-5.4682183,-3.6317587,-4.971669,-6.191573,-3.7209558,-4.876061,1.9749506,3.5308511,1.1893156,2.6806288,1.9686879,3.6763427,2.3207607,4.387441,1.867466,2.9889417,2.427267,3.9863217,1.786191,3.3435702,1.9686879,3.6763427,3.35154,0.70219237,1.5083284,1.5645249,1.9749506,3.5308511,3.3609214,1.4250162,2.2234888,1.9510131,1.212402,2.2234888,3.0235045,3.5970633,3.224715,2.3221164,3.5970633,3.0793853,3.7648156,3.3115797,2.4954638,3.6242442,285.0389,285.0389,282.1892,282.1892,284.2542,284.2542,284.77563,284.77563,285.69022,285.69022,286.26306,286.26306,284.07712,284.07712,284.2542,284.2542,284.2542,278.37213,278.37213,278.37213,285.0389,285.0389,285.0389,282.18146,285.0961,283.82452,279.8941,285.0961,282.18146,285.0961,283.82452,279.8941,285.0961,282.18146,285.0961,283.82452,279.8941,285.0961,5.5859876,4.2569346,4.9026737,13.926692,3.703682,9.037554,2.6820977,4.9026737,1.8181001,5.5859876,5.0485225,5.5233274,8.635418,5.581143,5.5233274,4.401511421680915,5.242022089404003,7.69095406129502,4.970621834266553,5.3493305006409715,3.530269,2.681816,3.675925,4.38885,2.9888818,3.986878,3.341997,3.675925,1.5091782,3.530269,3.024938,3.5973887,3.2263386,2.3239264,3.5973887,2.8567479523846266,3.3896420812111563,3.6401742134155164,2.389303303314561,3.6242266777040726,-2.0557187,-1.5751184,-1.2267488,-9.537842,-0.71480006,-5.050676,0.65989935,-1.2267488,-0.30892193,-2.0557187,-2.0235846,-1.9259386,-5.409079,-3.2572167,-1.9259386,-1.5447634692962886,-1.8523800081928465,-4.050779847879504,-2.581318530951992,-1.725103822936899
2012-10-20 09:00:00,-6.15052,-7.815867,-3.0622487,-5.4619637,-5.2891803,-7.180458,-10.192269,-16.89301,-3.7152948,-4.9994235,-8.052743,-11.2535,-3.237886,-4.135731,-5.2891803,-7.180458,-6.437446,-1.8409834,-2.650004,-2.301229,-6.15052,-7.815867,-7.4154263,-3.7238932,-5.6604943,-7.244049,-4.5770802,-5.6604943,-6.171794,-6.902603,-10.337545,-7.143364,-6.902603,-4.8148875,-6.3738046,-8.241789,-5.6536574,-6.245066,2.4160109,4.092273,1.346832,2.9917107,2.3837392,4.2470717,2.4905338,4.6522207,2.0661793,3.2722983,2.769946,4.4601173,2.1681585,3.870926,2.3837392,4.2470717,3.899854,0.8711451,1.7739078,1.8713682,2.4160109,4.092273,3.9415343,1.5898976,2.5870347,2.3204768,1.4947686,2.5870347,3.321266,4.0309863,3.712189,2.7857625,4.0309863,3.3926091,4.246307,3.787088,3.0968122,4.0547056,288.01712,288.01712,283.92148,283.92148,286.99274,286.99274,285.87622,285.87622,287.40842,287.40842,288.58707,288.58707,286.53128,286.53128,286.99274,286.99274,286.99274,280.509,280.509,280.509,288.01712,288.01712,288.01712,283.69073,287.5225,286.62436,282.55905,287.5225,283.69073,287.5225,286.62436,282.55905,287.5225,283.69073,287.5225,286.62436,282.55905,287.5225,7.773065,5.5133367,6.999568,16.59416,4.6414137,11.053044,4.0031056,6.999568,2.827671,7.773065,6.3548017,6.8547583,10.667513,7.7998824,6.8547583,5.67269010527712,6.613011802703916,9.571841304647744,6.856619272056566,6.626317453039306,4.0916905,2.9928982,4.2466536,4.6536303,3.2722383,4.460674,3.8693526,4.2466536,1.7747575,4.0916905,3.322699,4.031312,3.713812,2.7875726,4.031312,3.1409120168359848,3.801414486104698,4.287707453225491,2.855590193609374,4.054649677434408,-3.6813745,-2.5204387,-2.7529147,-11.940531,-1.3691757,-6.5923705,-0.13375314,-2.7529147,-1.0529137,-3.6813745,-3.0321023,-2.823446,-6.9537005,-5.0123096,-2.823446,-2.531778088441135,-2.811597316599218,-5.284133851422253,-4.001029078447192,-2.5716677756048982
2012-10-20 10:00:00,-7.1884913,-8.976912,-3.5535345,-6.297765,-6.3506308,-8.459283,-11.297306,-18.541971,-4.1317935,-5.4770865,-8.826799,-12.165556,-4.035059,-5.0153675,-6.3506308,-8.459283,-7.6492386,-2.2685726,-3.240921,-2.8605335,-7.1884913,-8.976912,-8.574301,-4.286047,-6.2572165,-8.135433,-5.5255814,-6.2572165,-7.0634913,-7.56236,-11.500538,-8.575594,-7.56236,-5.587021,-7.034245,-9.298596,-6.8904896,-6.888834,2.6830695,4.43221,1.4745036,3.2438512,2.7196672,4.7089987,2.6188664,4.85237,2.17503,3.427515,2.900794,4.6410303,2.4838762,4.3068147,2.7196672,4.7089987,4.3436394,0.96273345,1.9178768,2.037706,2.6830695,4.43221,4.293091,1.7311918,2.7713094,2.5592742,1.7109127,2.7713094,3.5764303,4.250933,4.02726,3.1406717,4.250933,3.6610246,4.4903655,4.094425,3.5571287,4.2728987,289.8204,289.8204,285.32553,285.32553,289.2092,289.2092,286.70816,286.70816,288.3496,288.3496,289.47446,289.47446,288.55978,288.55978,289.2092,289.2092,289.2092,281.6674,281.6674,281.6674,289.8204,289.8204,289.8204,284.9841,288.75238,288.434,284.599,288.75238,284.9841,288.75238,288.434,284.599,288.75238,284.9841,288.75238,288.434,284.599,288.75238,8.878446,6.2746143,8.262061,18.03412,5.1180277,11.887055,4.883386,8.262061,3.3515465,8.878446,7.1596675,7.4550643,11.565587,9.049912,7.4550643,6.46241563042436,7.243759578827077,10.3885627226003,7.910858918044379,7.201242095793251,4.4316273,3.245039,4.70858,4.8537793,3.4274547,4.641587,4.3052416,4.70858,1.9187266,4.4316273,3.5778637,4.251259,4.0288835,3.1424818,4.251259,3.3844245778096385,4.010133604804887,4.706230817487869,3.2125205936294923,4.272822406117463,-4.4468184,-3.0295753,-3.553481,-13.180341,-1.6905731,-7.245469,-0.5781444,-3.553481,-1.4328201,-4.4468184,-3.581804,-3.2038054,-7.536704,-5.907431,-3.2038054,-3.0779910526147214,-3.23362597402219,-5.682331905112431,-4.6983383244148875,-2.9284196896757884
2012-10-20 11:00:00,-7.617834,-9.446003,-3.8156445,-6.7349806,-6.8311887,-9.018578,-11.743746,-19.20204,-4.299072,-5.667415,-8.993885,-12.350444,-4.381493,-5.390792,-6.8311887,-9.018578,-8.1897745,-2.5153027,-3.5801475,-3.1797132,-7.617834,-9.446003,-9.046599,-4.5938525,-6.4717045,-8.393988,-5.8874645,-6.4717045,-7.5462713,-7.7984376,-11.83076,-9.114521,-7.7984376,-6.001671,-7.2710075,-9.605258,-7.3595376,-7.1197424,2.839481,4.6313047,1.5700074,3.4324636,2.9518735,5.0283,2.7043417,4.9856777,2.232648,3.509675,2.900569,4.640719,2.6569011,4.545698,2.9518735,5.0283,4.6504,1.0252995,2.0162256,2.1513357,2.839481,4.6313047,4.498992,1.8423072,2.8626118,2.6414468,1.8117824,2.8626118,3.777095,4.359911,4.1356792,3.3062997,4.359911,3.87211,4.6112895,4.200183,3.7719479,4.3810067,290.87656,290.87656,286.37582,286.37582,290.7413,290.7413,287.26227,287.26227,288.8478,288.8478,289.47293,289.47293,289.67148,289.67148,290.7413,290.7413,290.7413,282.4587,282.4587,282.4587,290.87656,290.87656,290.87656,286.00122,289.36176,289.0567,285.551,289.36176,286.00122,289.36176,289.0567,285.551,289.36176,286.00122,289.36176,289.0567,285.551,289.36176,9.319858,6.6619043,8.827673,18.586077,5.3152394,12.059907,5.2644434,8.827673,3.639407,9.319858,7.576384,7.6650443,11.799045,9.482589,7.6650443,6.866152472604163,7.463674761068247,10.59677446416755,8.273856958253347,7.401839624115978,4.630722,3.4336512,5.027882,4.987087,3.5096152,4.6412754,4.544125,5.027882,2.0170753,4.630722,3.7785285,4.3602366,4.1373024,3.3081095,4.3602366,3.5759261975140078,4.113547995569518,4.850248646888081,3.379091673420465,4.380920791922858,-4.689135,-3.228253,-3.7997916,-13.5989895,-1.8056245,-7.4186316,-0.7203185,-3.7997916,-1.6223316,-4.689135,-3.7978554,-3.304808,-7.661742,-6.174479,-3.304808,-3.2902262750901556,-3.350126765498729,-5.746525817279469,-4.894765284832882,-3.0209188321931206
2012-10-20 12:00:00,-7.6571393,-9.501795,-3.8808172,-6.8416348,-6.85909,-9.058634,-11.580566,-18.973938,-4.20507,-5.559178,-8.84797,-12.1952305,-4.452999,-5.502972,-6.85909,-9.058634,-8.239935,-2.5868316,-3.6852374,-3.268321,-7.6571393,-9.501795,-9.106029,-4.6472096,-6.3826656,-8.248331,-5.9695883,-6.3826656,-7.6322994,-7.709435,-11.652751,-9.251523,-7.709435,-6.059364,-7.1754727,-9.423291,-7.440108,-7.0273523,2.9368455,4.7552385,1.6370013,3.5647707,3.0987668,5.23029,2.7486963,5.0548534,2.1934679,3.453806,2.924981,4.6744723,2.814095,4.7627254,3.0987668,5.23029,4.8444576,1.0595433,2.0700538,2.213527,2.9368455,4.7552385,4.6271615,1.908332,2.8825521,2.6440082,1.886955,2.8825521,3.8963294,4.383712,4.139058,3.4297328,4.383712,3.9975362,4.6376996,4.2034793,3.9320407,4.404618,291.534,291.534,287.11258,287.11258,291.7105,291.7105,287.5498,287.5498,288.50903,288.50903,289.6385,289.6385,290.68146,290.68146,291.7105,291.7105,291.7105,282.8918,282.8918,282.8918,291.534,291.534,291.534,286.6056,289.49484,289.0761,286.26047,289.49484,286.6056,289.49484,289.0761,286.26047,289.49484,286.6056,289.49484,289.0761,286.26047,289.49484,9.367051,6.748157,8.8867,18.356705,5.2004747,11.910813,5.3878827,8.8867,3.7209213,9.367051,7.635519,7.578667,11.632806,9.547825,7.578667,6.909456046107799,7.3657797375311285,10.40421672617962,8.326286396814249,7.318320194623354,4.7546563,3.5659583,5.2298717,5.056263,3.453746,4.675028,4.7611513,5.2298717,2.0709033,4.7546563,3.897763,4.384037,4.1406813,3.431543,4.384037,3.6897159324783133,4.136133640507646,4.854737514297959,3.50322837683385,4.404529418750648,-4.612395,-3.182199,-3.656828,-13.300442,-1.7467288,-7.2357855,-0.62673134,-3.656828,-1.6500177,-4.612395,-3.7377563,-3.1946301,-7.492124,-6.116281,-3.1946301,-3.2197401136294856,-3.2296460970234824,-5.5494792118816605,-4.823058019980399,-2.913790775872706
2012-10-20 13:00:00,-7.2255573,-9.067896,-3.7259893,-6.585358,-6.5021596,-8.666846,-10.618038,-17.562002,-3.998176,-5.342282,-8.257097,-11.52595,-4.211539,-5.309815,-6.5021596,-8.666846,-7.8802414,-2.4659083,-3.5338044,-3.1053588,-7.2255573,-9.067896,-8.675671,-4.446614,-6.0207043,-7.7109523,-5.738107,-6.0207043,-7.3274307,-7.3317356,-10.980934,-8.942347,-7.3317356,-5.7602515,-6.7819185,-8.764771,-7.086751,-6.6454945,2.9784026,4.8081365,1.6628556,3.615831,3.169732,5.3278723,2.7067091,4.9893703,2.210095,3.4775157,2.9179611,4.664766,2.9335709,4.9276767,3.169732,5.3278723,4.9382076,1.0580859,2.0677629,2.21088,2.9784026,4.8081365,4.6818676,1.9322728,2.8882174,2.5997467,1.9348338,2.8882174,3.9395642,4.3904734,4.0806594,3.5083501,4.3904734,4.0430164,4.645202,4.146514,4.0340066,4.4113255,291.8146,291.8146,287.3969,287.3969,292.17874,292.17874,287.27762,287.27762,288.6528,288.6528,289.59088,289.59088,291.4491,291.4491,292.17874,292.17874,292.17874,282.87338,282.87338,282.87338,291.8146,291.8146,291.8146,286.82474,289.53265,288.7407,286.71234,289.53265,286.82474,289.53265,288.7407,286.71234,289.53265,286.82474,289.53265,288.7407,286.71234,289.53265,8.947074,6.509662,8.521801,17.099836,5.0068183,11.284973,5.2090545,8.521801,3.582664,8.947074,7.346605,7.221953,11.047825,9.2149935,7.221953,6.599169560916483,6.974158056047583,9.77248594380025,8.042163587100553,6.974699659196208,4.807554,3.6170187,5.3274546,4.99078,3.4774556,4.6653223,4.926103,5.3274546,2.0686126,4.807554,3.9409978,4.390799,4.0822825,3.51016,4.390799,3.730976490283741,4.142550428876906,4.777163392125074,3.5822929057155597,4.411236845634306,-4.1395197,-2.8926432,-3.1943462,-12.1090555,-1.5293629,-6.619651,-0.28295115,-3.1943462,-1.5140514,-4.1395197,-3.4056067,-2.8311539,-6.965542,-5.704833,-2.8311539,-2.868193070632742,-2.8316076271706763,-4.9953225516751765,-4.459870681384993,-2.5634628135619018
2012-10-20 14:00:00,-6.2700863,-8.053157,-3.269836,-5.8245783,-5.7085423,-7.7585535,-8.731759,-14.699831,-3.5378678,-4.8349285,-7.06999,-10.1185875,-3.6127548,-4.7439303,-5.7085423,-7.7585535,-7.0351214,-2.1220934,-3.0794644,-2.649846,-6.2700863,-8.053157,-7.6700664,-3.9152951,-5.225846,-6.6524625,-5.018288,-5.225846,-6.5052867,-6.470066,-9.626591,-7.923342,-6.470066,-5.0025287,-5.906956,-7.479467,-6.083004,-5.7946143,2.9947088,4.8288927,1.6281712,3.5473323,3.1806107,5.342831,2.621804,4.8569517,2.22375,3.496987,2.900434,4.640532,3.0494654,5.087684,3.1806107,5.342831,4.9525785,1.019487,2.0070884,2.1407788,2.9947088,4.8288927,4.7033334,1.9144197,2.841318,2.5369763,1.926889,2.841318,3.9073234,4.3344946,3.99784,3.4953046,4.3344946,4.009101,4.5830874,4.065727,4.017087,4.3557935,291.9247,291.9247,287.01547,287.01547,292.25052,292.25052,286.7272,286.7272,288.77087,288.77087,289.47202,289.47202,292.19373,292.19373,292.25052,292.25052,292.25052,282.3852,282.3852,282.3852,291.9247,291.9247,291.9247,286.66132,289.21964,288.265,286.63736,289.21964,286.66132,289.21964,288.265,286.63736,289.21964,286.66132,289.21964,288.265,286.63736,289.21964,7.967514,5.8140335,7.6513877,14.509469,4.5426917,9.960912,4.6634917,7.6513877,3.1754973,7.967514,6.584683,6.410496,9.821977,8.250638,6.410496,5.818209331543569,6.105887502846729,8.475327252586888,7.220988758288539,6.193698404744854,4.82831,3.5485196,5.3424134,4.858361,3.4969275,4.641089,5.0861106,5.3424134,2.0079381,4.82831,3.908757,4.3348203,3.999463,3.4971147,4.3348203,3.7002077551426655,4.089429364870856,4.667150850744964,3.5691733306860223,4.355709745113176,-3.139204,-2.265514,-2.308974,-9.651109,-1.0457642,-5.319823,0.42261901,-2.308974,-1.1675591,-3.139204,-2.675926,-2.075676,-5.822513,-4.7535233,-2.075676,-2.1180015764009035,-2.0164581379758726,-3.8081764018419246,-3.6518154276025165,-1.8379886596316783
2012-10-20 15:00:00,-4.44034,-5.9376664,-2.327201,-4.209451,-4.1451497,-5.8383923,-5.2682123,-9.142195,-2.5906029,-3.7004564,-4.7573147,-7.134141,-2.4647908,-3.480518,-4.1451497,-5.8383923,-5.253158,-1.4574519,-2.161796,-1.7785875,-4.44034,-5.9376664,-5.5893736,-2.7987363,-3.6526453,-4.5432177,-3.2918787,-3.6526453,-4.7287416,-4.667134,-6.7896533,-5.3485184,-4.667134,-3.4739873,-4.149936,-4.992319,-3.8407397,-4.0803933,2.8839304,4.6878843,1.5119354,3.317776,3.0867321,5.213741,2.4741986,4.6267447,2.1773453,3.4308162,2.7873654,4.4842014,2.9983673,5.0171366,3.0867321,5.213741,4.828559,0.9235578,1.8562961,1.9665575,2.8839304,4.6878843,4.5575047,1.8207237,2.7061703,2.388389,1.7316883,2.7061703,3.738117,4.173184,3.801793,3.174785,4.173184,3.8311076,4.404093,3.874493,3.6013732,4.1957693,291.1767,291.1767,285.73718,285.73718,291.6311,291.6311,285.77032,285.77032,288.36963,288.36963,288.7052,288.7052,291.86542,291.86542,291.6311,291.6311,291.6311,281.1719,281.1719,281.1719,291.1767,291.1767,291.1767,285.80365,288.31763,287.139,284.79507,288.31763,285.80365,288.31763,287.139,284.79507,288.31763,285.80365,288.31763,287.139,284.79507,288.31763,5.9191127,4.3017683,5.785308,9.287177,3.476768,7.1206737,3.4192157,5.785308,2.323206,5.9191127,4.904439,4.6886168,7.155083,5.830973,4.6886168,4.182797231755297,4.336896497947029,5.8609607385751605,5.145630000552691,4.535067414828229,4.6873016,3.3189635,5.213323,4.628154,3.4307563,4.484758,5.015563,5.213323,1.8571458,4.6873016,3.7395504,4.17351,3.8034165,3.1765947,4.17351,3.538727917158579,3.936353486073271,4.4067330192634815,3.246827988649752,4.195700530907945,-1.2318112,-0.98280466,-0.5719849,-4.659024,-0.046011705,-2.635916,1.5963476,-0.5719849,-0.46606013,-1.2318112,-1.1648887,-0.51510656,-3.3516667,-2.6543782,-0.51510656,-0.6440693145967176,-0.40054301187375785,-1.454227719311679,-1.898802011902939,-0.3393668839202846
2012-10-20 16:00:00,-1.2346627,-1.7553365,-0.6162843,-1.1441637,-1.2749957,-1.9004393,0.0,0.0,-0.7686886,-1.2029127,-0.6521995,-1.0651588,-0.65498626,-1.0455474,-1.2749957,-1.9004393,-1.6701043,-0.39547813,-0.6130518,-0.44986942,-1.2346627,-1.7553365,-1.6015328,-0.63376844,-0.6627214,-0.54267544,-0.40236118,-0.6627214,-1.1067466,-0.9008224,-0.86721814,-0.69527596,-0.9008224,-0.7366806,-0.7592104,-0.56698424,-0.43292037,-0.75011915,2.570895,4.2894235,1.3189323,2.9366112,2.6385958,4.597519,2.3475559,4.4292316,2.0575747,3.2600286,2.4895453,4.072429,2.6679633,4.5609713,2.6385958,4.597519,4.2365375,0.80018693,1.6623676,1.7424974,2.570895,4.2894235,4.145424,1.5476503,2.3707123,1.8855047,1.5459162,2.3707123,3.2449708,3.772787,3.1382833,2.8697472,3.772787,3.3123527,3.959803,3.2272694,3.20574,3.7985663,289.06296,289.06296,283.61465,283.61465,288.6743,288.6743,284.94934,284.94934,287.334,287.334,286.68542,286.68542,289.74255,289.74255,288.6743,288.6743,288.6743,279.61154,279.61154,279.61154,289.06296,289.06296,289.06296,283.30402,286.0787,283.3281,283.04178,286.0787,283.30402,286.0787,283.3281,283.04178,286.0787,283.30402,286.0787,283.3281,283.04178,286.0787,1.7857444,1.2319188,1.897291,0.0,1.1288502,1.1023083,1.020526,1.897291,0.71579826,1.7857444,1.2238754,0.9379297,1.0084991,0.81900907,0.9379297,0.9580597312871799,0.8105314801233177,0.7385400922535006,0.7346064924794219,0.9100019139149789,4.2888412,2.9377985,4.5971007,4.4306407,3.2599683,4.072985,4.5593977,4.5971007,1.6632173,4.2888412,3.2464044,3.7731128,3.1399064,2.8715572,3.7731128,3.0681012956954232,3.5563957147167446,3.5253622540500045,2.9400531312639218,3.7985331593828646,2.5030968,1.7058797,2.6998098,4.4306407,2.131118,2.970677,3.5388718,2.6998098,0.947419,2.5030968,2.0225291,2.8351831,2.131407,2.0525482,2.8351831,2.1100415644082435,2.745864234593427,2.786822161796504,2.2054466387844998,2.8885312454678855
2012-10-20 17:00:00,0.0,0.0,0.0,0.0,0.0,0.0,0.0,0.0,0.0,0.0,0.0,0.0,0.0,0.0,0.0,0.0,0.0,0.0,0.0,0.0,0.0,0.0,0.0,0.0,0.0,0.0,0.0,0.0,0.0,0.0,0.0,0.0,0.0,0.0,0.0,0.0,0.0,0.0,2.3065572,3.9529502,1.1639132,2.6304612,2.2892504,4.1171417,2.2088997,4.2129817,1.9971333,3.1738417,2.2783031,3.7803607,2.2024567,3.9182787,2.2892504,4.1171417,3.7750266,0.65606767,1.4358244,1.4807556,2.3065572,3.9529502,3.797449,1.3111466,2.1994464,1.9718533,1.3280842,2.1994464,2.8178663,3.5683672,3.2522118,2.5120668,3.5683672,2.8630686,3.7329738,3.3384018,2.7418294,3.5957768,287.27805,287.27805,281.90985,281.90985,286.3693,286.3693,284.05048,284.05048,286.8114,286.8114,285.2528,285.2528,286.75165,286.75165,286.3693,286.3693,286.3693,277.78876,277.78876,277.78876,287.27805,287.27805,287.27805,281.13913,284.93564,283.98245,280.9859,284.93564,281.13913,284.93564,283.98245,280.9859,284.93564,281.13913,284.93564,283.98245,280.9859,284.93564,0.0,0.0,0.0,0.0,0.0,0.0,0.0,0.0,0.0,0.0,0.0,0.0,0.0,0.0,0.0,0.0,0.0,0.0,0.0,0.0,3.9523678,2.6316488,4.1167235,4.2143908,3.1737816,3.780917,3.9167056,4.1167235,1.436674,3.9523678,2.8193,3.5686927,3.2538352,2.5138767,3.5686927,2.660500305560457,3.362410867937898,3.6766991958779567,2.5803354222631696,3.595762068701431,3.9523678,2.6316488,4.1167235,4.2143908,3.1737816,3.780917,3.9167056,4.1167235,1.436674,3.9523678,2.8193,3.5686927,3.2538352,2.5138767,3.5686927,2.660500305560457,3.362410867937898,3.6766991958779567,2.5803354222631696,3.595762068701431
2012-10-20 18:00:00,0.0,0.0,0.0,0.0,0.0,0.0,0.0,0.0,0.0,0.0,0.0,0.0,0.0,0.0,0.0,0.0,0.0,0.0,0.0,0.0,0.0,0.0,0.0,0.0,0.0,0.0,0.0,0.0,0.0,0.0,0.0,0.0,0.0,0.0,0.0,0.0,0.0,0.0,2.170465,3.7797203,1.1030829,2.5103261,2.416676,4.2923617,1.9737998,3.8463173,1.8000896,2.8928657,2.2483835,3.7389932,1.9777732,3.6080744,2.416676,4.2923617,3.9433653,0.5826169,1.320366,1.3473582,2.170465,3.7797203,3.6182973,1.2481158,2.1584868,1.5532147,0.8530519,2.1584868,2.7040386,3.5194778,2.699857,1.7320629,3.5194778,2.7433295,3.6787248,2.7996047,1.730166,3.5472775,286.3591,286.3591,281.24088,281.24088,287.21005,287.21005,282.5264,282.5264,285.10764,285.10764,285.0499,285.0499,285.30804,285.30804,287.21005,287.21005,287.21005,276.85977,276.85977,276.85977,286.3591,286.3591,286.3591,280.56216,284.66226,280.80997,276.5026,284.66226,280.56216,284.66226,280.80997,276.5026,284.66226,280.56216,284.66226,280.80997,276.5026,284.66226,0.0,0.0,0.0,0.0,0.0,0.0,0.0,0.0,0.0,0.0,0.0,0.0,0.0,0.0,0.0,0.0,0.0,0.0,0.0,0.0,3.7791376,2.5115137,4.291944,3.847726,2.8928058,3.7395492,3.606501,4.291944,1.3212157,3.7791376,2.705472,3.5198035,2.7014804,1.733873,3.5198035,2.5518702949951595,3.3160173326579723,2.9429811133918724,1.7958894930754141,3.547267209925152,3.7791376,2.5115137,4.291944,3.847726,2.8928058,3.7395492,3.606501,4.291944,1.3212157,3.7791376,2.705472,3.5198035,2.7014804,1.733873,3.5198035,2.5518702949951595,3.3160173326579723,2.9429811133918724,1.7958894930754141,3.547267209925152
2012-10-20 19:00:00,0.0,0.0,0.0,0.0,0.0,0.0,0.0,0.0,0.0,0.0,0.0,0.0,0.0,0.0,0.0,0.0,0.0,0.0,0.0,0.0,0.0,0.0,0.0,0.0,0.0,0.0,0.0,0.0,0.0,0.0,0.0,0.0,0.0,0.0,0.0,0.0,0.0,0.0,2.0226858,3.591613,1.0955322,2.4954143,2.1102762,3.871038,1.7748115,3.5359726,1.7527493,2.825361,2.2560513,3.749595,1.9902365,3.6252816,2.1102762,3.871038,3.5385888,0.6500378,1.426346,1.4698045,2.0226858,3.591613,3.4237604,1.2162738,2.15305,1.6407876,0.8052347,2.15305,2.6465344,3.5129893,2.8154013,1.6535473,3.5129893,2.6828394,3.6715248,2.912313,1.6283311,3.5408409,285.36124,285.36124,281.15784,281.15784,285.18842,285.18842,281.23642,281.23642,284.6983,284.6983,285.1019,285.1019,285.38812,285.38812,285.18842,285.18842,285.18842,277.7125,277.7125,277.7125,285.36124,285.36124,285.36124,280.2707,284.62598,281.4736,276.0513,284.62598,280.2707,284.62598,281.4736,276.0513,284.62598,280.2707,284.62598,281.4736,276.0513,284.62598,0.0,0.0,0.0,0.0,0.0,0.0,0.0,0.0,0.0,0.0,0.0,0.0,0.0,0.0,0.0,0.0,0.0,0.0,0.0,0.0,3.5910306,2.4966016,3.87062,3.537382,2.825301,3.750151,3.6237085,3.87062,1.4271957,3.5910306,2.647968,3.5133145,2.8170245,1.6553571,3.5133145,2.496992201749144,3.3098594945861,3.096463677378005,1.7169264179688613,3.540830462092489,3.5910306,2.4966016,3.87062,3.537382,2.825301,3.750151,3.6237085,3.87062,1.4271957,3.5910306,2.647968,3.5133145,2.8170245,1.6553571,3.5133145,2.496992201749144,3.3098594945861,3.096463677378005,1.7169264179688613,3.540830462092489
2012-10-20 20:00:00,0.0,0.0,0.0,0.0,0.0,0.0,0.0,0.0,0.0,0.0,0.0,0.0,0.0,0.0,0.0,0.0,0.0,0.0,0.0,0.0,0.0,0.0,0.0,0.0,0.0,0.0,0.0,0.0,0.0,0.0,0.0,0.0,0.0,0.0,0.0,0.0,0.0,0.0,1.8856537,3.4171863,1.0924492,2.4893255,1.9490721,3.64937,1.6788996,3.386388,1.7307894,2.7940469,2.2406344,3.7282794,1.9516873,3.57206,1.9490721,3.64937,3.3256264,0.6201277,1.3793297,1.4154834,1.8856537,3.4171863,3.243371,1.2010678,2.095405,1.5640515,0.7982276,2.095405,2.6190743,3.4441848,2.7141554,1.6420417,3.4441848,2.6539526,3.5951781,2.8135521,1.6134084,3.472585,284.43594,284.43594,281.12393,281.12393,284.1248,284.1248,280.61465,280.61465,284.50842,284.50842,284.99734,284.99734,285.14044,285.14044,284.1248,284.1248,284.1248,277.3342,277.3342,277.3342,284.43594,284.43594,284.43594,280.1315,284.24124,280.8921,275.98517,284.24124,280.1315,284.24124,280.8921,275.98517,284.24124,280.1315,284.24124,280.8921,275.98517,284.24124,0.0,0.0,0.0,0.0,0.0,0.0,0.0,0.0,0.0,0.0,0.0,0.0,0.0,0.0,0.0,0.0,0.0,0.0,0.0,0.0,3.4166038,2.490513,3.648952,3.387797,2.7939868,3.7288356,3.5704863,3.648952,1.3801794,3.4166038,2.6205075,3.4445105,2.7157786,1.6438516,3.4445105,2.470785628270443,3.2445677666028416,2.9619741042723415,1.7053553479285655,3.4725814461745896,3.4166038,2.490513,3.648952,3.387797,2.7939868,3.7288356,3.5704863,3.648952,1.3801794,3.4166038,2.6205075,3.4445105,2.7157786,1.6438516,3.4445105,2.470785628270443,3.2445677666028416,2.9619741042723415,1.7053553479285655,3.4725814461745896
2012-10-20 21:00:00,0.0,0.0,0.0,0.0,0.0,0.0,0.0,0.0,0.0,0.0,0.0,0.0,0.0,0.0,0.0,0.0,0.0,0.0,0.0,0.0,0.0,0.0,0.0,0.0,0.0,0.0,0.0,0.0,0.0,0.0,0.0,0.0,0.0,0.0,0.0,0.0,0.0,0.0,1.795982,3.3030436,1.094855,2.4940765,1.7666752,3.3985598,1.5977557,3.2598348,1.7058328,2.75846,2.21211,3.6888404,1.8896506,3.4864094,1.7666752,3.3985598,3.0846667,0.59418917,1.3385565,1.3683753,1.795982,3.3030436,3.1253269,1.1917728,2.0196714,1.4714934,0.764612,2.0196714,2.6022882,3.3537908,2.5920331,1.5868448,3.3537908,2.6362953,3.4948745,2.694428,1.5418181,3.3829122,283.83044,283.83044,281.1504,281.1504,282.92133,282.92133,280.08862,280.08862,284.29263,284.29263,284.8039,284.8039,284.74185,284.74185,282.92133,282.92133,282.92133,277.00613,277.00613,277.00613,283.83044,283.83044,283.83044,280.04642,283.73578,280.19067,275.6679,283.73578,280.04642,283.73578,280.19067,275.6679,283.73578,280.04642,283.73578,280.19067,275.6679,283.73578,0.0,0.0,0.0,0.0,0.0,0.0,0.0,0.0,0.0,0.0,0.0,0.0,0.0,0.0,0.0,0.0,0.0,0.0,0.0,0.0,3.3024611,2.4952645,3.3981419,3.2612438,2.7584,3.6893966,3.4848363,3.3981419,1.3394063,3.3024611,2.6037219,3.3541162,2.5936565,1.5886548,3.3541162,2.454766350292232,3.1587878910902933,2.7997537763657268,1.6498441139004534,3.3829163037419603,3.3024611,2.4952645,3.3981419,3.2612438,2.7584,3.6893966,3.4848363,3.3981419,1.3394063,3.3024611,2.6037219,3.3541162,2.5936565,1.5886548,3.3541162,2.454766350292232,3.1587878910902933,2.7997537763657268,1.6498441139004534,3.3829163037419603
2012-10-20 22:00:00,0.0,0.0,0.0,0.0,0.0,0.0,0.0,0.0,0.0,0.0,0.0,0.0,0.0,0.0,0.0,0.0,0.0,0.0,0.0,0.0,0.0,0.0,0.0,0.0,0.0,0.0,0.0,0.0,0.0,0.0,0.0,0.0,0.0,0.0,0.0,0.0,0.0,0.0,1.7309912,3.2203176,1.0985707,2.5014153,1.6817973,3.281846,1.5265914,3.148846,1.6913306,2.7377803,2.1435273,3.5940166,1.769828,3.320979,1.6817973,3.281846,2.9725363,0.5849068,1.3239655,1.351517,1.7309912,3.2203176,3.039773,1.1960636,1.9733206,1.4384189,0.7022925,1.9733206,2.6100368,3.2984667,2.5483947,1.484516,3.2984667,2.6444464,3.4334855,2.6518607,1.4090981,3.3280296,283.3916,283.3916,281.19125,281.19125,282.3613,282.3613,279.6273,279.6273,284.16724,284.16724,284.33878,284.33878,283.972,283.972,282.3613,282.3613,282.3613,276.88873,276.88873,276.88873,283.3916,283.3916,283.3916,280.0857,283.42642,279.94003,275.07974,283.42642,280.0857,283.42642,279.94003,275.07974,283.42642,280.0857,283.42642,279.94003,275.07974,283.42642,0.0,0.0,0.0,0.0,0.0,0.0,0.0,0.0,0.0,0.0,0.0,0.0,0.0,0.0,0.0,0.0,0.0,0.0,0.0,0.0,3.2197351,2.5026026,3.281428,3.1502554,2.7377203,3.5945728,3.3194058,3.281428,1.3248152,3.2197351,2.6114705,3.2987924,2.5500178,1.486326,3.2987924,2.4621611891580706,3.106288307797973,2.7417866882567354,1.5469326081844277,3.328038832943218,3.2197351,2.5026026,3.281428,3.1502554,2.7377203,3.5945728,3.3194058,3.281428,1.3248152,3.2197351,2.6114705,3.2987924,2.5500178,1.486326,3.2987924,2.4621611891580706,3.106288307797973,2.7417866882567354,1.5469326081844277,3.328038832943218
2012-10-20 23:00:00,0.0,0.0,0.0,0.0,0.0,0.0,0.0,0.0,0.0,0.0,0.0,0.0,0.0,0.0,0.0,0.0,0.0,0.0,0.0,0.0,0.0,0.0,0.0,0.0,0.0,0.0,0.0,0.0,0.0,0.0,0.0,0.0,0.0,0.0,0.0,0.0,0.0,0.0,1.6792427,3.1544473,1.0926293,2.4896817,1.6153831,3.1905215,1.4612647,3.0469623,1.6824894,2.7251732,2.0966566,3.529212,1.7496462,3.2931156,1.6153831,3.1905215,2.8847988,0.586673,1.3267418,1.3547248,1.6792427,3.1544473,2.9716513,1.2157735,1.9333712,1.3857206,0.6803693,1.9333712,2.6456318,3.2507837,2.4788644,1.448518,3.2507837,2.6818895,3.3805754,2.5840368,1.3624088,3.2807267,283.04218,283.04218,281.12592,281.12592,281.9231,281.9231,279.2038,279.2038,284.0908,284.0908,284.0209,284.0209,283.84232,283.84232,281.9231,281.9231,281.9231,276.91107,276.91107,276.91107,283.04218,283.04218,283.04218,280.2661,283.1598,279.54068,274.87283,283.1598,280.2661,283.1598,279.54068,274.87283,283.1598,280.2661,283.1598,279.54068,274.87283,283.1598,0.0,0.0,0.0,0.0,0.0,0.0,0.0,0.0,0.0,0.0,0.0,0.0,0.0,0.0,0.0,0.0,0.0,0.0,0.0,0.0,3.1538649,2.4908693,3.1901035,3.0483713,2.7251132,3.5297682,3.2915423,3.1901035,1.3275915,3.1538649,2.647065,3.2511094,2.4804873,1.4503281,3.2511094,2.4961303324174615,3.061039332832499,2.649426123908233,1.5107296294704415,3.280740375572338,3.1538649,2.4908693,3.1901035,3.0483713,2.7251132,3.5297682,3.2915423,3.1901035,1.3275915,3.1538649,2.647065,3.2511094,2.4804873,1.4503281,3.2511094,2.4961303324174615,3.061039332832499,2.649426123908233,1.5107296294704415,3.280740375572338
2012-11-15 00:00:00,0.0,0.0,0.0,0.0,0.0,0.0,0.0,0.0,0.0,0.0,0.0,0.0,0.0,0.0,0.0,0.0,0.0,0.0,0.0,0.0,0.0,0.0,0.0,0.0,0.0,0.0,0.0,0.0,0.0,0.0,0.0,0.0,0.0,0.0,0.0,0.0,0.0,0.0,0.43183175,1.5666286,0.5208659,1.3604962,0.39152253,1.5076175,0.2782281,1.2018858,0.9185328,1.6358044,0.8488354,1.8039466,0.89064884,2.1071587,0.39152253,1.5076175,1.2679886,0.19686633,0.7139989,0.64677805,0.43183175,1.5666286,1.3295566,0.5913237,0.70875037,0.340812,0.0,0.70875037,1.517931,1.7890952,1.1002034,0.0,1.7890952,1.495627,1.758651,1.2392168,0.0,1.8306979,274.61917,274.61917,274.838,274.838,273.84802,273.84802,271.53455,271.53455,277.48514,277.48514,275.55835,275.55835,278.3232,278.3232,273.84802,273.84802,273.84802,271.9809,271.9809,271.9809,274.61917,274.61917,274.61917,274.55008,274.9864,271.62225,265.84744,274.9864,274.55008,274.9864,271.62225,265.84744,274.9864,274.55008,274.9864,271.62225,265.84744,274.9864,0.0,0.0,0.0,0.0,0.0,0.0,0.0,0.0,0.0,0.0,0.0,0.0,0.0,0.0,0.0,0.0,0.0,0.0,0.0,0.0,1.5660462,1.3616835,1.5071996,1.2033086,1.6357445,1.804503,2.1055856,1.5071996,0.7157686,1.5660462,1.5193645,1.7894208,1.1026964,0.21920922,1.7894208,1.41992558953626,1.6739668858709642,0.8189579302312171,0.2192092266081871,1.830842625336175,1.5660462,1.3616835,1.5071996,1.2033086,1.6357445,1.804503,2.1055856,1.5071996,0.7157686,1.5660462,1.5193645,1.7894208,1.1026964,0.21920922,1.7894208,1.41992558953626,1.6739668858709642,0.8189579302312171,0.2192092266081871,1.830842625336175
2012-11-15 01:00:00,0.0,0.0,0.0,0.0,0.0,0.0,0.0,0.0,0.0,0.0,0.0,0.0,0.0,0.0,0.0,0.0,0.0,0.0,0.0,0.0,0.0,0.0,0.0,0.0,0.0,0.0,0.0,0.0,0.0,0.0,0.0,0.0,0.0,0.0,0.0,0.0,0.0,0.0,0.43649137,1.5725598,0.4921171,1.3037195,0.37355343,1.4829086,0.27510697,1.1970181,0.8947445,1.6018834,0.7692641,1.6939296,0.91453075,2.1401308,0.37355343,1.4829086,1.2442502,0.032080654,0.4549698,0.3475029,0.43649137,1.5725598,1.3356905,0.57133025,0.6335976,0.32368886,0.0,0.6335976,1.4818249,1.6993942,1.0776112,0.24616508,1.6993942,1.4576459,1.6591165,1.2171791,0.0,1.7417123,274.65063,274.65063,274.52185,274.52185,273.72946,273.72946,271.5143,271.5143,277.27945,277.27945,275.0187,275.0187,278.47665,278.47665,273.72946,273.72946,273.72946,269.89673,269.89673,269.89673,274.65063,274.65063,274.65063,274.36707,274.4848,271.4925,267.96194,274.4848,274.36707,274.4848,271.4925,267.96194,274.4848,274.36707,274.4848,271.4925,267.96194,274.4848,0.0,0.0,0.0,0.0,0.0,0.0,0.0,0.0,0.0,0.0,0.0,0.0,0.0,0.0,0.0,0.0,0.0,0.0,0.0,0.0,1.5719774,1.304907,1.4824907,1.1984411,1.6018234,1.6944858,2.1385574,1.4824907,0.45837966,1.5719774,1.4832581,1.6997197,1.0801779,0.38239023,1.6997197,1.3854680536555823,1.5888447441137794,0.7890213228069175,0.3823902268348973,1.7418650076930726,1.5719774,1.304907,1.4824907,1.1984411,1.6018234,1.6944858,2.1385574,1.4824907,0.45837966,1.5719774,1.4832581,1.6997197,1.0801779,0.38239023,1.6997197,1.3854680536555823,1.5888447441137794,0.7890213228069175,0.3823902268348973,1.7418650076930726
2012-11-15 02:00:00,0.0,0.0,0.0,0.0,0.0,0.0,0.0,0.0,0.0,0.0,0.0,0.0,0.0,0.0,0.0,0.0,0.0,0.0,0.0,0.0,0.0,0.0,0.0,0.0,0.0,0.0,0.0,0.0,0.0,0.0,0.0,0.0,0.0,0.0,0.0,0.0,0.0,0.0,0.44709867,1.5860618,0.45404702,1.2285342,0.41644338,1.5418855,0.286165,1.2142643,0.8723292,1.5699203,0.6818763,1.5731056,0.85274565,2.0548286,0.41644338,1.5418855,1.3009108,0.11169143,0.5801112,0.49208784,0.44709867,1.5860618,1.3496541,0.5284663,0.545171,0.31171238,0.0,0.545171,1.4044163,1.5938493,1.0618093,0.0,1.5938493,1.3762176,1.5420014,1.2017651,0.0,1.6370094,274.72226,274.72226,274.10318,274.10318,274.01245,274.01245,271.586,271.586,277.08563,277.08563,274.42606,274.42606,278.07968,278.07968,274.01245,274.01245,274.01245,270.90363,270.90363,270.90363,274.72226,274.72226,274.72226,273.9747,273.89462,271.40173,264.89868,273.89462,273.9747,273.89462,271.40173,264.89868,273.89462,273.9747,273.89462,271.40173,264.89868,273.89462,0.0,0.0,0.0,0.0,0.0,0.0,0.0,0.0,0.0,0.0,0.0,0.0,0.0,0.0,0.0,0.0,0.0,0.0,0.0,0.0,1.5854794,1.2297218,1.5414678,1.2156867,1.5698601,1.5736617,2.0532553,1.5414678,0.5827286,1.5854794,1.4058497,1.5941751,1.0644276,0.14599115,1.5941751,1.3115943603392788,1.488687948090282,0.7680825950364877,0.14599114965332916,1.6371717643491956,1.5854794,1.2297218,1.5414678,1.2156867,1.5698601,1.5736617,2.0532553,1.5414678,0.5827286,1.5854794,1.4058497,1.5941751,1.0644276,0.14599115,1.5941751,1.3115943603392788,1.488687948090282,0.7680825950364877,0.14599114965332916,1.6371717643491956
2012-11-15 03:00:00,0.0,0.0,0.0,0.0,0.0,0.0,0.0,0.0,0.0,0.0,0.0,0.0,0.0,0.0,0.0,0.0,0.0,0.0,0.0,0.0,0.0,0.0,0.0,0.0,0.0,0.0,0.0,0.0,0.0,0.0,0.0,0.0,0.0,0.0,0.0,0.0,0.0,0.0,0.45910257,1.6013416,0.41500854,1.1514364,0.42413512,1.5524623,0.29559898,1.2289777,0.82299507,1.4995719,0.62951124,1.5007043,0.7942094,1.9740118,0.42413512,1.5524623,1.3110723,0.07291635,0.51916003,0.42166656,0.45910257,1.6013416,1.365456,0.47755754,0.5040509,0.31693947,0.0,0.5040509,1.3124796,1.5447693,1.0687059,0.0,1.5447693,1.2795067,1.487541,1.2084924,0.0,1.5883207,274.8033,274.8033,273.67386,273.67386,274.0632,274.0632,271.64716,271.64716,276.65906,276.65906,274.07092,274.07092,277.70358,277.70358,274.0632,274.0632,274.0632,270.4132,270.4132,270.4132,274.8033,274.8033,274.8033,273.5087,273.62018,271.44135,264.29688,273.62018,273.5087,273.62018,271.44135,264.29688,273.62018,273.5087,273.62018,271.44135,264.29688,273.62018,0.0,0.0,0.0,0.0,0.0,0.0,0.0,0.0,0.0,0.0,0.0,0.0,0.0,0.0,0.0,0.0,0.0,0.0,0.0,0.0,1.6007589,1.152624,1.5520446,1.2303995,1.4995117,1.5012605,1.9724383,1.5520446,0.52216345,1.6007589,1.3139131,1.5450948,1.0713018,0.09954834,1.5450948,1.2238560623739714,1.4421131476021853,0.7772212865785247,0.0995483410216653,1.588487430237221,1.6007589,1.152624,1.5520446,1.2303995,1.4995117,1.5012605,1.9724383,1.5520446,0.52216345,1.6007589,1.3139131,1.5450948,1.0713018,0.09954834,1.5450948,1.2238560623739714,1.4421131476021853,0.7772212865785247,0.0995483410216653,1.588487430237221
2012-11-15 04:00:00,0.0,0.0,0.0,0.0,0.0,0.0,0.0,0.0,0.0,0.0,0.0,0.0,0.0,0.0,0.0,0.0,0.0,0.0,0.0,0.0,0.0,0.0,0.0,0.0,0.0,0.0,0.0,0.0,0.0,0.0,0.0,0.0,0.0,0.0,0.0,0.0,0.0,0.0,0.46928054,1.6142968,0.3800521,1.0824004,0.40816876,1.5305074,0.3055837,1.2445499,0.76677847,1.4194094,0.5881889,1.443571,0.68770033,1.8269622,0.40816876,1.5305074,1.2899796,0.0,0.3485499,0.22454827,0.46928054,1.6142968,1.3788542,0.4252553,0.48490614,0.32523933,0.0,0.48490614,1.2180264,1.5219183,1.0796567,0.0,1.5219183,1.1801485,1.4621849,1.2191745,0.0,1.5656521,274.87204,274.87204,273.28943,273.28943,273.95786,273.95786,271.71188,271.71188,276.17297,276.17297,273.79068,273.79068,277.01926,277.01926,273.95786,273.95786,273.95786,269.04047,269.04047,269.04047,274.87204,274.87204,274.87204,273.02994,273.4924,271.50424,264.2926,273.4924,273.02994,273.4924,271.50424,264.2926,273.4924,273.02994,273.4924,271.50424,264.2926,273.4924,0.0,0.0,0.0,0.0,0.0,0.0,0.0,0.0,0.0,0.0,0.0,0.0,0.0,0.0,0.0,0.0,0.0,0.0,0.0,0.0,1.6137143,1.0835878,1.5300896,1.2459712,1.4193493,1.4441273,1.8253889,1.5300896,0.37160912,1.6137143,1.2197548,1.5222439,1.0822169,0.09921862,1.5222439,1.1340109465220136,1.4204286496989647,0.7917319516541318,0.09921862534172446,1.5658207665068928,1.6137143,1.0835878,1.5300896,1.2459712,1.4193493,1.4441273,1.8253889,1.5300896,0.37160912,1.6137143,1.2197548,1.5222439,1.0822169,0.09921862,1.5222439,1.1340109465220136,1.4204286496989647,0.7917319516541318,0.09921862534172446,1.5658207665068928
2012-11-15 05:00:00,0.0,0.0,0.0,0.0,0.0,0.0,0.0,0.0,0.0,0.0,0.0,0.0,0.0,0.0,0.0,0.0,0.0,0.0,0.0,0.0,0.0,0.0,0.0,0.0,0.0,0.0,0.0,0.0,0.0,0.0,0.0,0.0,0.0,0.0,0.0,0.0,0.0,0.0,0.47329384,1.6194054,0.35757467,1.0380094,0.39087033,1.5067208,0.31636402,1.2613628,0.72984666,1.3667462,0.5730153,1.4225918,0.7948696,1.9749231,0.39087033,1.5067208,1.267127,0.0,0.3564543,0.23368073,0.47329384,1.6194054,1.3841374,0.37480333,0.50457674,0.27720433,0.0,0.50457674,1.1269149,1.5453968,1.0162791,0.0,1.5453968,1.0843054,1.4882374,1.1573526,0.0,1.5889434,274.89914,274.89914,273.04224,273.04224,273.84372,273.84372,271.78177,271.78177,275.85364,275.85364,273.68777,273.68777,277.70782,277.70782,273.84372,273.84372,273.84372,269.10406,269.10406,269.10406,274.89914,274.89914,274.89914,272.5681,273.6237,271.14023,264.05978,273.6237,272.5681,273.6237,271.14023,264.05978,273.6237,272.5681,273.6237,271.14023,264.05978,273.6237,0.0,0.0,0.0,0.0,0.0,0.0,0.0,0.0,0.0,0.0,0.0,0.0,0.0,0.0,0.0,0.0,0.0,0.0,0.0,0.0,1.6188229,1.0393702,1.5063028,1.2627836,1.3666862,1.4231479,1.9733498,1.5063028,0.3757241,1.6188229,1.1297777,1.5457225,1.0190464,0.08125147,1.5457225,1.0481942576902172,1.442708733286176,0.7077517415513459,0.08125147589694946,1.5891099920545095,1.6188229,1.0393702,1.5063028,1.2627836,1.3666862,1.4231479,1.9733498,1.5063028,0.3757241,1.6188229,1.1297777,1.5457225,1.0190464,0.08125147,1.5457225,1.0481942576902172,1.442708733286176,0.7077517415513459,0.08125147589694946,1.5891099920545095
2012-11-15 06:00:00,0.0,0.0,0.0,0.0,0.0,0.0,0.0,0.0,0.0,0.0,0.0,0.0,0.0,0.0,0.0,0.0,0.0,0.0,0.0,0.0,0.0,0.0,0.0,0.0,0.0,0.0,0.0,0.0,0.0,0.0,0.0,0.0,0.0,0.0,0.0,0.0,0.0,0.0,0.46875623,1.6136295,0.33760312,0.9985671,0.36102355,1.4656792,0.32938507,1.2816709,0.7079749,1.3355579,0.54127765,1.3787106,0.9152526,2.1411276,0.36102355,1.4656792,1.2276974,0.06597689,0.5082518,0.4090635,0.46875623,1.6136295,1.378164,0.32283446,0.52855015,0.30169705,0.0,0.52855015,1.0330638,1.5740111,1.0485948,0.0,1.5740111,0.98558056,1.5199884,1.188875,0.0,1.6173294,274.8685,274.8685,272.8226,272.8226,273.6468,273.6468,271.86618,271.86618,275.66452,275.66452,273.47253,273.47253,278.4813,278.4813,273.6468,273.6468,273.6468,270.32544,270.32544,270.32544,274.8685,274.8685,274.8685,272.0924,273.7837,271.32584,263.73407,273.7837,272.0924,273.7837,271.32584,263.73407,273.7837,272.0924,273.7837,271.32584,263.73407,273.7837,0.0,0.0,0.0,0.0,0.0,0.0,0.0,0.0,0.0,0.0,0.0,0.0,0.0,0.0,0.0,0.0,0.0,0.0,0.0,0.0,1.613047,1.0002811,1.4652612,1.2830908,1.335498,1.3792667,2.1395543,1.4652612,0.5113243,1.613047,1.0370951,1.5743366,1.0512565,0.056115367,1.5743366,0.9597973406539365,1.4698622614702186,0.750572636742924,0.056115365525461196,1.6174933973418535,1.613047,1.0002811,1.4652612,1.2830908,1.335498,1.3792667,2.1395543,1.4652612,0.5113243,1.613047,1.0370951,1.5743366,1.0512565,0.056115367,1.5743366,0.9597973406539365,1.4698622614702186,0.750572636742924,0.056115365525461196,1.6174933973418535
2012-11-15 07:00:00,-0.0930337,-0.107000366,-0.02440124,-0.03167194,-0.04998884,-0.057448573,0.0,0.0,-0.12689559,-0.18868795,-0.16249202,-0.22265756,-0.050085295,-0.079934455,-0.04998884,-0.057448573,-0.0494484,0.0,0.0,0.0,-0.0930337,-0.107000366,-0.0862681,0.0,-0.17563735,0.0,0.0,-0.17563735,0.0,-0.21615645,0.0,0.0,-0.21615645,0.0,-0.18716374,0.0,0.0,-0.18173191,0.5256706,1.6860752,0.41089326,1.143309,0.5131621,1.6748815,0.48168385,1.5191976,0.7327373,1.370868,0.6610823,1.5443554,0.9533839,2.1937726,0.5131621,1.6748815,1.4286833,0.0,0.109175414,0.0,0.5256706,1.6860752,1.4530864,0.4147435,0.6726143,0.41403225,0.0,0.6726143,1.1990432,1.7459638,1.1968108,0.0,1.7459638,1.1601795,1.7107912,1.3334528,0.0,1.7879105,275.2528,275.2528,273.6286,273.6286,274.6506,274.6506,272.8535,272.8535,275.87863,275.87863,274.28503,274.28503,278.7263,278.7263,274.6506,274.6506,274.6506,267.11444,267.11444,267.11444,275.2528,275.2528,275.2528,272.93372,274.7452,272.17712,266.35458,274.7452,272.93372,274.7452,272.17712,266.35458,274.7452,272.93372,274.7452,272.17712,266.35458,274.7452,0.12577891,0.043316457,0.05743722,0.0,0.16155767,0.27101427,0.07080779,0.05743722,0.0,0.12577891,0.0,0.25441942,0.0,0.0,0.25441942,0.0,0.21379010687827033,0.0,0.0,0.25441941159884174,1.6854929,1.1444966,1.6744635,1.5206091,1.370808,1.5449115,2.1921995,1.6744635,0.2679129,1.6854929,1.2010078,1.7462895,1.1989878,0.25834647,1.7462895,1.1161308156896173,1.6330372018659123,0.9469700177638171,0.2583464778171623,1.788059094535893,1.559714,1.1011802,1.6170263,1.5206091,1.2092503,1.2738973,2.1213915,1.6170263,0.2679129,1.559714,1.2010078,1.49187,1.1989878,0.25834647,1.49187,1.1161308156896173,1.419247094987642,0.9469700177638171,0.2583464778171623,1.5336396829370513
2012-11-15 08:00:00,-0.60079986,-0.7197211,-0.15216672,-0.18620932,-0.40827072,-0.49111637,-0.42966834,-0.5461244,-0.49880102,-0.6906167,-0.79319876,-1.0750614,-0.16324352,-0.24852972,-0.40827072,-0.49111637,-0.4215397,0.0,0.0,0.0,-0.60079986,-0.7197211,-0.603338,-0.22730769,-0.678042,-0.6352025,0.0,-0.678042,-0.279593,-0.8116346,-0.8110959,0.0,-0.8116346,-0.25152573,-0.7295721,-0.634259,0.0,-0.7091772,0.76695436,1.9932034,0.4614813,1.2432162,0.7086299,1.9436651,0.7157435,1.8842396,0.8998481,1.6091608,0.91489357,1.8952804,0.98560166,2.2382534,0.7086299,1.9436651,1.6869107,0.21443939,0.74162215,0.67869335,0.76695436,1.9932034,1.7707129,0.5677796,0.8882921,0.7687852,0.0,0.8882921,1.4754127,2.0033934,1.6648747,0.28199306,2.0033934,1.4509009,1.9964414,1.7900275,0.0,2.0432868,276.88205,276.88205,274.18494,274.18494,275.9403,275.9403,274.37082,274.37082,277.32358,277.32358,276.00635,276.00635,278.9333,278.9333,275.9403,275.9403,275.9403,272.20316,272.20316,272.20316,276.88205,276.88205,276.88205,274.33456,276.1847,274.86548,268.16788,276.1847,274.33456,276.1847,274.86548,268.16788,276.1847,274.33456,276.1847,274.86548,268.16788,276.1847,0.7999633,0.24403645,0.48314282,0.75526553,0.5926486,1.230779,0.22364683,0.48314282,0.0,0.7999633,0.37667713,0.9147654,1.1075099,0.0,0.9147654,0.2850327337625194,0.8279955491837308,1.049732044595726,0.0,0.9091331351739553,1.992621,1.2444037,1.9432471,1.8856484,1.6091008,1.8958366,2.23668,1.9432471,0.74321705,1.992621,1.4768461,2.003719,1.6664978,0.39828253,2.003719,1.3793487814006347,1.8773257334152342,1.5681666575703543,0.39828252260804475,2.0434122976636306,1.1926576,1.0003673,1.4601042,1.1303829,1.0164522,0.6650575,2.0130334,1.4601042,0.74321705,1.1926576,1.100169,1.0889537,0.55898803,0.39828253,1.0889537,1.0943160476381153,1.0493301842315035,0.5184346129746282,0.39828252260804475,1.1342791624896753
2012-11-15 09:00:00,-1.6785817,-2.0959163,-0.36582297,-0.43553185,-1.2821925,-1.6783463,-0.9564837,-1.2232201,-0.968272,-1.2980192,-1.4880966,-2.0395114,-0.29615727,-0.43687382,-1.2821925,-1.6783463,-1.4465474,-0.11811361,-0.14254569,-0.1360245,-1.6785817,-2.0959163,-1.9031082,-0.8174994,-1.2814032,-1.9654919,0.0,-1.2814032,-1.1264516,-1.5208644,-2.648675,0.0,-1.5208644,-0.97273374,-1.391309,-2.0988402,0.0,-1.3525271,1.1634023,2.4978387,0.5425247,1.4032702,1.1661553,2.572798,0.8567912,2.104219,1.1248766,1.9300417,1.1467724,2.215881,1.0447079,2.3198574,1.1661553,2.572798,2.2913353,0.34585243,0.94819236,0.9173589,1.1634023,2.4978387,2.2925978,0.7972122,1.148332,1.1315762,0.32077992,1.148332,1.8897471,2.3137727,2.1435437,0.8580719,2.3137727,1.8867517,2.3408458,2.256947,0.59660125,2.3511903,279.55902,279.55902,275.0762,275.0762,278.95908,278.95908,275.2852,275.2852,279.26932,279.26932,277.57892,277.57892,279.31305,279.31305,278.95908,278.95908,278.95908,273.86523,273.86523,273.86523,279.55902,279.55902,279.55902,276.43472,277.92026,277.61475,271.47906,277.92026,276.43472,277.92026,277.61475,271.47906,277.92026,276.43472,277.92026,277.61475,271.47906,277.92026,2.2011764,0.55329734,1.6347665,1.611362,1.1314672,2.2427392,0.40034968,1.6347665,0.19430673,2.2011764,1.3608468,1.6600434,3.2615366,0.0,1.6600434,1.123682550965864,1.5551230096602686,3.103499240643312,0.0,1.6407903125145662,2.4972563,1.4044578,2.5723803,2.105628,1.9299818,2.2164373,2.3182838,2.5723803,0.949042,2.4972563,1.8911806,2.3140986,2.145167,0.861408,2.3140986,1.7747629391856061,2.171860980669606,2.2040048450247225,0.918446788500009,2.3512880638464537,0.29607973,0.8511604,0.93761384,0.494266,0.79851454,-0.026301987,1.9179342,0.93761384,0.75473535,0.29607973,0.5303338,0.6540553,-1.1163695,0.861408,0.6540553,0.6510803882197422,0.6167379710093375,-0.8994943956185897,0.918446788500009,0.7104977513318875
2012-11-15 10:00:00,-2.808351,-3.5072176,-0.5643894,-0.75009626,-2.2167873,-2.9062967,-1.3963599,-1.9532263,-1.3537083,-1.7828451,-1.8263184,-2.4945164,-0.48202297,-0.69080776,-2.2167873,-2.9062967,-2.604929,-0.28210378,-0.33598745,-0.3304506,-2.808351,-3.5072176,-3.297437,-1.2930708,-1.7595283,-2.8101547,-0.36287507,-1.7595283,-1.8631041,-2.0832388,-3.7963872,-0.45638615,-2.0832388,-1.5870105,-1.9300802,-3.0589907,-0.40540606,-1.8780866,1.462848,2.8790002,0.6040906,1.5248578,1.4644425,2.9829664,0.9561018,2.2591047,1.2976061,2.1763465,1.2382548,2.3423667,1.1278243,2.4346101,1.4644425,2.9829664,2.685395,0.41322747,1.0541002,1.039722,1.462848,2.8790002,2.6867886,0.9626204,1.3277776,1.3404564,0.5887476,1.3277776,2.1884596,2.5279572,2.4191422,1.2980753,2.5279572,2.2009764,2.5785096,2.5257807,1.1672847,2.5636659,281.581,281.581,275.75327,275.75327,280.9272,280.9272,275.929,275.929,280.76285,280.76285,278.19934,278.19934,279.84708,279.84708,280.9272,280.9272,280.9272,274.71738,274.71738,274.71738,281.581,281.581,281.581,277.94882,279.11792,279.19766,274.00812,279.11792,277.94882,279.11792,279.19766,274.00812,279.11792,277.94882,279.11792,279.19766,274.00812,279.11792,3.5985317,0.89478225,2.830617,2.423498,1.5745735,2.7048497,0.6429574,2.830617,0.44634894,3.5985317,2.145162,2.226477,4.4834766,0.6432188,2.226477,1.8287682078815537,2.120370985109681,4.259660288277155,0.6432188176739935,2.196406459090809,2.8784177,1.5260452,2.9825485,2.2605138,2.1762867,2.3429232,2.4330368,2.9825485,1.0549499,2.8784177,2.189893,2.5282824,2.4207654,1.2998853,2.5282824,2.0598348393330035,2.3751110690889727,2.5700945677965747,1.359430012676814,2.5637440509724914,-0.72011393,0.63126296,0.1519317,-0.16298419,0.60171324,-0.36192667,1.7900794,0.1519317,0.6086009,-0.72011393,0.04473097,0.3018055,-2.0627115,0.65666646,0.3018055,0.2310666314514498,0.25474008397929193,-1.6895657204805805,0.7162111950028205,0.36733759188168236
2012-11-15 11:00:00,-3.3877714,-4.2141795,-0.8572214,-1.2535374,-2.8125656,-3.6717758,-1.6107504,-2.3207185,-1.5550466,-2.0338035,-2.2145092,-3.0233297,-0.72135836,-1.013599,-2.8125656,-3.6717758,-3.3316722,-0.36091396,-0.42774096,-0.42551067,-3.3877714,-4.2141795,-3.9983099,-1.5675055,-2.0203927,-3.2700274,-0.6563164,-2.0203927,-2.2826514,-2.3909998,-4.421025,-0.82239854,-2.3909998,-1.9437146,-2.2248356,-3.5811224,-0.7361245,-2.1661081,1.6222651,3.0819209,0.71107453,1.7361422,1.6707475,3.2666516,1.0090053,2.3416138,1.3973618,2.3185937,1.3532538,2.501367,1.2508625,2.6044803,1.6707475,3.2666516,2.9579391,0.44351158,1.1017042,1.0947224,1.6222651,3.0819209,2.8966458,1.0588735,1.4336481,1.468775,0.6611945,1.4336481,2.3622842,2.6543224,2.5884466,1.4170332,2.6543224,2.3838277,2.7187276,2.6909294,1.3215729,2.6890233,282.65744,282.65744,276.9298,276.9298,282.2884,282.2884,276.27194,276.27194,281.6254,281.6254,278.97925,278.97925,280.6376,280.6376,282.2884,282.2884,282.2884,275.1004,275.1004,275.1004,282.65744,282.65744,282.65744,278.8299,279.82452,280.17007,274.69186,279.82452,278.8299,279.82452,280.17007,274.69186,279.82452,278.8299,279.82452,280.17007,274.69186,279.82452,4.291339,1.4202678,3.5793545,2.8224425,1.8083241,3.2286084,0.95567256,3.5793545,0.5621074,4.291339,2.5746348,2.530087,5.111589,1.137475,2.530087,2.2191813074521742,2.4217159317529546,4.822886409057063,1.1374750002448906,2.493905418969932,3.0813384,1.7373298,3.2662337,2.3430226,2.3185337,2.501923,2.602907,3.2662337,1.102554,3.0813384,2.3637176,2.6546476,2.59007,1.4188432,2.6546476,2.2257217024997606,2.495025772803128,2.794989648218451,1.4790653722766454,2.689090105907293,-1.2100003,0.317062,-0.31312072,-0.47941998,0.5102096,-0.72668517,1.6472344,-0.31312072,0.5404466,-1.2100003,-0.21091726,0.12456081,-2.5215192,0.28136814,0.12456081,0.0065403950475864114,0.07330984105017357,-2.0278967608386123,0.3415903720317548,0.19518468693736102
2012-11-15 12:00:00,-3.6295154,-4.531342,-0.8617324,-1.2659262,-3.0803957,-4.0292397,-1.6771609,-2.4651356,-1.5415,-2.0218847,-2.2831252,-3.1294007,-0.97727805,-1.3571318,-3.0803957,-4.0292397,-3.6724439,-0.38421285,-0.46033973,-0.45353597,-3.6295154,-4.531342,-4.3096113,-1.6071491,-2.063897,-3.2425537,-0.692804,-2.063897,-2.3496437,-2.4509156,-4.3987226,-0.8710906,-2.4509156,-1.9900496,-2.2751012,-3.5414634,-0.77423537,-2.2159016,1.740089,3.231898,0.7178011,1.7494268,1.8155829,3.4658113,1.0457195,2.3988733,1.4045794,2.3288858,1.3967452,2.561499,1.3966094,2.8057027,1.8155829,3.4658113,3.149277,0.4548763,1.1195687,1.1153623,1.740089,3.231898,3.0517495,1.0870183,1.4790205,1.4869815,0.6747623,1.4790205,2.4131112,2.7084773,2.6124682,1.4393115,2.7084773,2.437294,2.7788196,2.7143614,1.3504679,2.7427466,283.45303,283.45303,277.00378,277.00378,283.24402,283.24402,276.50995,276.50995,281.6878,281.6878,279.2742,279.2742,281.57404,281.57404,283.24402,283.24402,283.24402,275.24414,275.24414,275.24414,283.45303,283.45303,283.45303,279.08752,280.12735,280.30804,274.81992,280.12735,279.08752,280.12735,280.30804,274.81992,280.12735,279.08752,280.12735,280.30804,274.81992,280.12735,4.5991497,1.4328635,3.934118,2.97456,1.7988315,3.3310692,1.2911081,3.934118,0.60086006,4.5991497,2.6409163,2.5870554,5.081258,1.2027863,2.5870554,2.2712529867019757,2.468640983583037,4.754591280367096,1.202786376032883,2.549401700179001,3.2313156,1.7506142,3.4653935,2.4002826,2.3288257,2.5620553,2.8041294,3.4653935,1.1204183,3.2313156,2.4145446,2.7088034,2.6140916,1.4411216,2.7088034,2.274227708486868,2.5464170488226308,2.8268987198537543,1.5014706375692537,2.7428090703677763,-1.3678341,0.3177507,-0.46872458,-0.5742776,0.52999425,-0.769014,1.5130212,-0.46872458,0.51955825,-1.3678341,-0.22637199,0.121747985,-2.4671664,0.23833515,0.121747985,0.0029747217848923313,0.0777760652395938,-1.927692560513342,0.29868426153637073,0.1934073701887753
2012-11-15 13:00:00,-3.4463892,-4.3601556,-0.7838677,-1.1519114,-2.964399,-3.9200926,-1.3849022,-2.017787,-1.4047846,-1.8678415,-2.0474856,-2.8376012,-1.1739298,-1.6041502,-2.964399,-3.9200926,-3.5702093,-0.3324216,-0.397394,-0.3875095,-3.4463892,-4.3601556,-4.1338325,-1.4067273,-1.8949332,-2.801949,-0.5918315,-1.8949332,-2.0607123,-2.2711844,-3.8335123,-0.7532131,-2.2711844,-1.7196406,-2.087481,-3.0253904,-0.6530747,-2.0341125,1.7993672,3.307353,0.7092597,1.7325581,1.8881712,3.5656266,1.0065621,2.337803,1.3866994,2.3033895,1.3794026,2.537521,1.4703877,2.9075632,1.8881712,3.5656266,3.2451715,0.44108424,1.0978887,1.0903139,1.7993672,3.307353,3.1297832,1.0480783,1.4752941,1.4222705,0.6615082,1.4752941,2.3427887,2.70403,2.5270882,1.4175482,2.70403,2.36332,2.7738843,2.6310773,1.3222408,2.7383344,283.8533,283.8533,276.90985,276.90985,283.72296,283.72296,276.2561,276.2561,281.5332,281.5332,279.1566,279.1566,282.04807,282.04807,283.72296,283.72296,283.72296,275.0697,275.0697,275.0697,283.8533,283.8533,283.8533,278.73108,280.10248,279.81766,274.69482,280.10248,278.73108,280.10248,279.81766,274.69482,280.10248,278.73108,280.10248,279.81766,274.69482,280.10248,4.42814,1.3139827,3.8363817,2.4817393,1.6607759,3.039273,1.5315949,3.8363817,0.52483845,4.42814,2.3446221,2.4064462,4.497161,1.0488763,2.4064462,1.9841698577343374,2.268470232270788,4.1430342783258105,1.0488762292384266,2.371780015589028,3.30677,1.7337456,3.5652087,2.3392122,2.3033297,2.538077,2.90599,3.5652087,1.0987383,3.30677,2.3442223,2.7043555,2.5287113,1.4193581,2.7043555,2.2071168165265016,2.5421961589752167,2.71348423807811,1.4795833204971849,2.7383970018365567,-1.1213698,0.41976294,-0.27117297,-0.14252709,0.6425537,-0.5011959,1.374395,-0.27117297,0.5738999,-1.1213698,-0.00039986486,0.29790935,-1.9684496,0.3704819,0.29790935,0.2229469587921642,0.2737259267044285,-1.4295500402477006,0.4307070912587583,0.3666169862475286
2012-11-15 14:00:00,-2.750358,-3.571001,-0.47241488,-0.65091234,-2.3840714,-3.2244906,-0.8271406,-1.1631584,-1.131731,-1.550504,-1.524947,-2.1620173,-1.3462887,-1.8162304,-2.3840714,-3.2244906,-2.9154882,-0.2021467,-0.24602637,-0.23035571,-2.750358,-3.571001,-3.3490372,-1.0396503,-1.4537716,-1.9022073,0.0,-1.4537716,-1.5295455,-1.7750754,-2.645622,0.0,-1.7750754,-1.2335132,-1.5957059,-1.9980254,0.0,-1.5560766,1.7966825,3.3039353,0.61646694,1.5493001,1.8749942,3.5475066,0.9169773,2.1980858,1.3601334,2.2655077,1.3218582,2.4579585,1.5330706,2.9941049,1.8749942,3.5475066,3.2277637,0.3952756,1.0258813,1.0071187,1.7966825,3.3039353,3.126249,0.9815303,1.4134791,1.268243,0.45142356,1.4134791,2.222609,2.6302488,2.323863,1.0725889,2.6302488,2.2368994,2.692015,2.4328403,0.8748294,2.6651416,283.83517,283.83517,275.88937,275.88937,283.63602,283.63602,275.67535,275.67535,281.3035,281.3035,278.76633,278.76633,282.4508,282.4508,283.63602,283.63602,283.63602,274.49033,274.49033,274.49033,283.83517,283.83517,283.83517,278.12192,279.6899,278.65042,272.71207,279.6899,278.12192,279.6899,278.65042,272.71207,279.6899,278.12192,279.6899,278.65042,272.71207,279.6899,3.6469102,0.7816125,3.1674464,1.5060526,1.3781105,2.3540127,1.7385566,3.1674464,0.3321339,3.6469102,1.7851871,1.90518,3.224167,0.0,1.90518,1.4551125190465117,1.7462620693867008,2.871342379066789,0.0,1.8790501105160122,3.3033528,1.5504876,3.5470889,2.1994948,2.2654479,2.458515,2.9925315,3.5470889,1.026731,3.3033528,2.2240427,2.6305742,2.3254864,1.074799,2.6305742,2.0924249916617015,2.4721811775676126,2.4435310923344518,1.1330594415320654,2.6652108000285075,-0.3435573,0.7688751,0.37964237,0.6934422,0.8873372,0.1045022,1.253975,0.37964237,0.6945972,-0.3435573,0.43885553,0.72539425,-0.89868075,1.074799,0.72539425,0.6373124726151898,0.7259191081809118,-0.42781128673233715,1.1330594415320654,0.7861606895124953
2012-11-15 15:00:00,-1.2010466,-1.6164529,-0.084432505,-0.10655549,-1.0659839,-1.488225,0.0,0.0,-0.59721035,-0.871677,-0.50709057,-0.74514174,-0.61917055,-0.9313217,-1.0659839,-1.488225,-1.304552,0.0,0.0,0.0,-1.2010466,-1.6164529,-1.457892,-0.4216344,-0.6337146,-0.5853966,0.0,-0.6337146,-0.61888766,-0.8034332,-0.8372091,0.0,-0.8034332,-0.46886343,-0.6882155,-0.5771812,0.0,-0.6721101,1.5436752,2.9818845,0.4473538,1.2153156,1.5844171,3.1479402,0.5106448,1.5643653,1.2929581,2.1697187,1.067291,2.1059885,1.4993567,2.9475584,1.5844171,3.1479402,2.8438902,0.183359,0.69276655,0.62224674,1.5436752,2.9818845,2.7931898,0.8397061,1.273576,0.9979498,0.08175529,1.273576,1.9664874,2.463262,1.9672365,0.46559334,2.463262,1.9674772,2.506723,2.0849676,0.08755725,2.499487,282.12677,282.12677,274.02957,274.02957,281.71878,281.71878,273.04123,273.04123,280.72266,280.72266,277.0399,277.0399,282.2342,282.2342,281.71878,281.71878,281.71878,271.81006,271.81006,271.81006,282.12677,282.12677,282.12677,276.8237,278.75616,276.6021,269.22318,278.75616,276.8237,278.75616,276.6021,269.22318,278.75616,276.8237,278.75616,276.6021,269.22318,278.75616,1.6888615,0.14234842,1.471492,0.0,0.77386624,0.8549703,0.88772285,1.471492,0.0,1.6888615,0.7676084,0.89015335,1.1075523,0.0,0.89015335,0.5712001096562571,0.7640293553496982,0.9048093809298773,0.0,0.8794819894750585,2.981302,1.2165031,3.147523,1.5657752,2.1696587,2.1065445,2.945985,3.147523,0.6946706,2.981302,1.9679208,2.4635878,1.9688594,0.48344073,2.4635878,1.8479988491964645,2.313719132584369,1.9698073632723152,0.5258035300692253,2.4995714615625784,1.2924404,1.0741547,1.6760308,1.5657752,1.3957924,1.2515744,2.0582623,1.6760308,0.6946706,1.2924404,1.2003124,1.5734346,0.86130714,0.48344073,1.5734346,1.2767987395402074,1.549689777234671,1.064997982342438,0.5258035300692253,1.6200894720875199
2012-11-15 16:00:00,0.0,0.0,0.0,0.0,0.0,0.0,0.0,0.0,0.0,0.0,0.0,0.0,0.0,0.0,0.0,0.0,0.0,0.0,0.0,0.0,0.0,0.0,0.0,0.0,0.0,0.0,0.0,0.0,0.0,0.0,0.0,0.0,0.0,0.0,0.0,0.0,0.0,0.0,1.1298405,2.455118,0.22330426,0.77283645,1.1829175,2.5958471,0.39443406,1.3831218,1.2318426,2.0825706,0.88048756,1.8477097,1.0441902,2.3191423,1.1829175,2.5958471,2.3134797,0.13391414,0.6150434,0.5324476,1.1298405,2.455118,2.2484167,0.7624363,1.1727396,0.73498595,0.00017051026,1.1727396,1.8269451,2.342906,1.6202797,0.331631,2.342906,1.8206882,2.3731725,1.7465272,0.0,2.380091,279.3324,279.3324,271.5656,271.5656,279.06967,279.06967,272.28787,272.28787,280.1942,280.1942,275.773,275.773,279.30972,279.30972,279.06967,279.06967,279.06967,271.1847,271.1847,271.1847,279.3324,279.3324,279.3324,276.1164,278.08316,274.60934,268.4532,278.08316,276.1164,278.08316,274.60934,268.4532,278.08316,276.1164,278.08316,274.60934,268.4532,278.08316,0.0,0.0,0.0,0.0,0.0,0.0,0.0,0.0,0.0,0.0,0.0,0.0,0.0,0.0,0.0,0.0,0.0,0.0,0.0,0.0,2.4545355,0.77657163,2.5954292,1.3845383,2.0825107,1.8482659,2.317569,2.5954292,0.6174396,2.4545355,1.8283784,2.3432312,1.6219028,0.42030045,2.3432312,1.7148285458603856,2.1995065144186845,1.5089291352887575,0.4203004646920927,2.380185759330688,2.4545355,0.77657163,2.5954292,1.3845383,2.0825107,1.8482659,2.317569,2.5954292,0.6174396,2.4545355,1.8283784,2.3432312,1.6219028,0.42030045,2.3432312,1.7148285458603856,2.1995065144186845,1.5089291352887575,0.4203004646920927,2.380185759330688
2012-11-15 17:00:00,0.0,0.0,0.0,0.0,0.0,0.0,0.0,0.0,0.0,0.0,0.0,0.0,0.0,0.0,0.0,0.0,0.0,0.0,0.0,0.0,0.0,0.0,0.0,0.0,0.0,0.0,0.0,0.0,0.0,0.0,0.0,0.0,0.0,0.0,0.0,0.0,0.0,0.0,1.1932131,2.5357845,0.3078747,0.93985605,1.195979,2.6138082,0.5717676,1.659693,1.0294306,1.7939401,0.8712717,1.8349679,0.8204661,2.0102627,1.195979,2.6138082,2.330735,0.07425308,0.5212612,0.42409426,1.1932131,2.5357845,2.3318408,0.6038258,0.80843425,0.32635877,0.107413225,0.80843425,1.5405089,1.9080765,1.0811338,0.5077237,1.9080765,1.5193774,1.8906755,1.2206153,0.14220025,1.9487299,279.7603,279.7603,272.49567,272.49567,279.15585,279.15585,273.43747,273.43747,278.44403,278.44403,275.7105,275.7105,277.87228,277.87228,279.15585,279.15585,279.15585,270.4301,270.4301,270.4301,279.7603,279.7603,279.7603,274.66452,275.6517,271.51273,269.46533,275.6517,274.66452,275.6517,271.51273,269.46533,275.6517,274.66452,275.6517,271.51273,269.46533,275.6517,0.0,0.0,0.0,0.0,0.0,0.0,0.0,0.0,0.0,0.0,0.0,0.0,0.0,0.0,0.0,0.0,0.0,0.0,0.0,0.0,2.535202,0.9420957,2.6133902,1.6611022,1.7938799,1.835524,2.0086892,2.6133902,0.5242514,2.535202,1.5419422,1.9084021,1.0836891,0.5128989,1.9084021,1.4414723228283295,1.7868743945378163,0.7936892368996529,0.5679423575673237,1.9488641051510494,2.535202,0.9420957,2.6133902,1.6611022,1.7938799,1.835524,2.0086892,2.6133902,0.5242514,2.535202,1.5419422,1.9084021,1.0836891,0.5128989,1.9084021,1.4414723228283295,1.7868743945378163,0.7936892368996529,0.5679423575673237,1.9488641051510494
2012-11-15 18:00:00,0.0,0.0,0.0,0.0,0.0,0.0,0.0,0.0,0.0,0.0,0.0,0.0,0.0,0.0,0.0,0.0,0.0,0.0,0.0,0.0,0.0,0.0,0.0,0.0,0.0,0.0,0.0,0.0,0.0,0.0,0.0,0.0,0.0,0.0,0.0,0.0,0.0,0.0,1.0301172,2.3281808,0.22010747,0.766523,0.9743277,2.3090198,0.40805304,1.4043621,0.9456776,1.6745117,0.86084104,1.820546,0.7410926,1.9006771,0.9743277,2.3090198,2.037917,0.062316537,0.50249803,0.40241575,1.0301172,2.3281808,2.1171408,0.34105426,0.66439754,0.3718406,0.12418223,0.66439754,1.065967,1.7361565,1.1411427,0.53525835,1.7361565,1.0201925,1.699909,1.2791512,0.17791271,1.7781814,278.65903,278.65903,271.53046,271.53046,277.6934,277.6934,272.37616,272.37616,277.71985,277.71985,275.63977,275.63977,277.3623,277.3623,277.6934,277.6934,277.6934,270.27914,270.27914,270.27914,278.65903,278.65903,278.65903,272.2592,274.69037,271.8574,269.6236,274.69037,272.2592,274.69037,271.8574,269.6236,274.69037,272.2592,274.69037,271.8574,269.6236,274.69037,0.0,0.0,0.0,0.0,0.0,0.0,0.0,0.0,0.0,0.0,0.0,0.0,0.0,0.0,0.0,0.0,0.0,0.0,0.0,0.0,2.3275986,0.77031475,2.308602,1.4057778,1.6744517,1.8211023,1.8991038,2.308602,0.50560695,2.3275986,1.0695887,1.7364821,1.1435019,0.5402891,1.7364821,0.9907884332638464,1.6237305281778092,0.8732057101475453,0.595489352063382,1.7783308894431296,2.3275986,0.77031475,2.308602,1.4057778,1.6744517,1.8211023,1.8991038,2.308602,0.50560695,2.3275986,1.0695887,1.7364821,1.1435019,0.5402891,1.7364821,0.9907884332638464,1.6237305281778092,0.8732057101475453,0.595489352063382,1.7783308894431296
2012-11-15 19:00:00,0.0,0.0,0.0,0.0,0.0,0.0,0.0,0.0,0.0,0.0,0.0,0.0,0.0,0.0,0.0,0.0,0.0,0.0,0.0,0.0,0.0,0.0,0.0,0.0,0.0,0.0,0.0,0.0,0.0,0.0,0.0,0.0,0.0,0.0,0.0,0.0,0.0,0.0,0.77306473,2.0009813,0.15625505,0.6404198,0.7742021,2.0338318,0.3721344,1.348343,0.8778916,1.5778519,0.8483314,1.8032498,0.83799756,2.034467,0.7742021,2.0338318,1.7735366,0.12336499,0.598461,0.5132888,0.77306473,2.0009813,1.7787565,0.29361945,0.6190527,0.307939,0.22171794,0.6190527,0.980304,1.6820334,1.0568306,0.6954121,1.6820334,0.9300811,1.6398526,1.1969088,0.38563183,1.72449,276.9233,276.9233,270.82825,270.82825,276.37296,276.37296,272.1433,272.1433,277.13373,277.13373,275.55493,275.55493,277.98492,277.98492,276.37296,276.37296,276.37296,271.05127,271.05127,271.05127,276.9233,276.9233,276.9233,271.82498,274.38773,271.37314,270.54413,274.38773,271.82498,274.38773,271.37314,270.54413,274.38773,271.82498,274.38773,271.37314,270.54413,274.38773,0.0,0.0,0.0,0.0,0.0,0.0,0.0,0.0,0.0,0.0,0.0,0.0,0.0,0.0,0.0,0.0,0.0,0.0,0.0,0.0,2.0003989,0.6453407,2.033414,1.3497607,1.5777918,1.8038062,2.0328937,2.033414,0.6009623,2.0003989,0.9849923,1.6823591,1.0594653,0.6996021,1.6823591,0.9101038466849263,1.572370326193993,0.7614855580758648,0.755714485495527,1.7246444064687654,2.0003989,0.6453407,2.033414,1.3497607,1.5777918,1.8038062,2.0328937,2.033414,0.6009623,2.0003989,0.9849923,1.6823591,1.0594653,0.6996021,1.6823591,0.9101038466849263,1.572370326193993,0.7614855580758648,0.755714485495527,1.7246444064687654
2012-11-15 20:00:00,0.0,0.0,0.0,0.0,0.0,0.0,0.0,0.0,0.0,0.0,0.0,0.0,0.0,0.0,0.0,0.0,0.0,0.0,0.0,0.0,0.0,0.0,0.0,0.0,0.0,0.0,0.0,0.0,0.0,0.0,0.0,0.0,0.0,0.0,0.0,0.0,0.0,0.0,0.8468686,2.0949254,0.13521789,0.59887314,0.7956726,2.0633554,0.32038426,1.267633,0.8294398,1.5087615,0.8163642,1.7590513,0.8999584,2.1200118,0.7956726,2.0633554,1.8019005,0.1467724,0.6352554,0.5558001,0.8468686,2.0949254,1.875912,0.3007474,0.5870501,0.30106074,0.095378086,0.5870501,0.99317634,1.6438357,1.0477555,0.48796198,1.6438357,0.9436219,1.5974675,1.1880562,0.11656931,1.686597,277.42166,277.42166,270.5969,270.5969,276.51462,276.51462,271.80783,271.80783,276.71478,276.71478,275.33813,275.33813,278.38303,278.38303,276.51462,276.51462,276.51462,271.34732,271.34732,271.34732,277.42166,277.42166,277.42166,271.89023,274.17413,271.321,269.35175,274.17413,271.89023,274.17413,271.321,269.35175,274.17413,271.89023,274.17413,271.321,269.35175,274.17413,0.0,0.0,0.0,0.0,0.0,0.0,0.0,0.0,0.0,0.0,0.0,0.0,0.0,0.0,0.0,0.0,0.0,0.0,0.0,0.0,2.094343,0.6041661,2.0629375,1.2690535,1.5087016,1.7596077,2.1184385,2.0629375,0.6375238,2.094343,0.9977044,1.6441612,1.0504198,0.4942292,1.6441612,0.9222280838303952,1.5361224635657056,0.7494602228264049,0.5481734470318602,1.6867547529104745,2.094343,0.6041661,2.0629375,1.2690535,1.5087016,1.7596077,2.1184385,2.0629375,0.6375238,2.094343,0.9977044,1.6441612,1.0504198,0.4942292,1.6441612,0.9222280838303952,1.5361224635657056,0.7494602228264049,0.5481734470318602,1.6867547529104745
2012-11-15 21:00:00,0.0,0.0,0.0,0.0,0.0,0.0,0.0,0.0,0.0,0.0,0.0,0.0,0.0,0.0,0.0,0.0,0.0,0.0,0.0,0.0,0.0,0.0,0.0,0.0,0.0,0.0,0.0,0.0,0.0,0.0,0.0,0.0,0.0,0.0,0.0,0.0,0.0,0.0,0.6429477,1.8353564,0.12743683,0.5835062,0.82367384,2.1018593,0.2251457,1.119098,0.7709185,1.4253129,0.78387964,1.7141373,0.9616248,2.2051501,0.82367384,2.1018593,1.8388922,0.12009552,0.5933217,0.507351,0.6429477,1.8353564,1.60747,0.30115408,0.54129815,0.3218445,0.0,0.54129815,0.9939109,1.5892268,1.0751777,0.2565344,1.5892268,0.9443946,1.5368721,1.2148054,0.0,1.6324238,276.0447,276.0447,270.51132,270.51132,276.69937,276.69937,271.19043,271.19043,276.20877,276.20877,275.11783,275.11783,278.77924,278.77924,276.69937,276.69937,276.69937,271.00992,271.00992,271.00992,276.0447,276.0447,276.0447,271.89395,273.86877,271.47852,268.02155,273.86877,271.89395,273.86877,271.47852,268.02155,273.86877,271.89395,273.86877,271.47852,268.02155,273.86877,0.0,0.0,0.0,0.0,0.0,0.0,0.0,0.0,0.0,0.0,0.0,0.0,0.0,0.0,0.0,0.0,0.0,0.0,0.0,0.0,1.8347739,0.58893675,2.1014414,1.1205237,1.4252528,1.7146937,2.203577,2.1014414,0.59585553,1.8347739,0.9984297,1.5895525,1.0777524,0.38698977,1.5895525,0.9229199252390702,1.4843013300525396,0.7857967305678937,0.38698976057007173,1.632586461225339,1.8347739,0.58893675,2.1014414,1.1205237,1.4252528,1.7146937,2.203577,2.1014414,0.59585553,1.8347739,0.9984297,1.5895525,1.0777524,0.38698977,1.5895525,0.9229199252390702,1.4843013300525396,0.7857967305678937,0.38698976057007173,1.632586461225339
2012-11-15 22:00:00,0.0,0.0,0.0,0.0,0.0,0.0,0.0,0.0,0.0,0.0,0.0,0.0,0.0,0.0,0.0,0.0,0.0,0.0,0.0,0.0,0.0,0.0,0.0,0.0,0.0,0.0,0.0,0.0,0.0,0.0,0.0,0.0,0.0,0.0,0.0,0.0,0.0,0.0,0.5462073,1.7122164,0.1582475,0.6443547,0.91081834,2.2216897,0.18368158,1.0544301,0.6980467,1.3214009,0.72942656,1.6388495,0.97187954,2.2193086,0.91081834,2.2216897,1.9540166,0.093635805,0.5517292,0.45929617,0.5462073,1.7122164,1.4801209,0.32544822,0.5037217,0.33234304,0.0,0.5037217,1.037784,1.5443763,1.0890294,0.18255803,1.5443763,0.990546,1.487105,1.2283171,0.0,1.5879309,275.39148,275.39148,270.85016,270.85016,277.27435,277.27435,270.92163,270.92163,275.57867,275.57867,274.74854,274.74854,278.84512,278.84512,277.27435,277.27435,277.27435,270.67526,270.67526,270.67526,275.39148,275.39148,275.39148,272.11633,273.61798,271.55807,267.59634,273.61798,272.11633,273.61798,271.55807,267.59634,273.61798,272.11633,273.61798,271.55807,267.59634,273.61798,0.0,0.0,0.0,0.0,0.0,0.0,0.0,0.0,0.0,0.0,0.0,0.0,0.0,0.0,0.0,0.0,0.0,0.0,0.0,0.0,1.7116338,0.6492404,2.2212718,1.0558581,1.3213407,1.6394057,2.217735,2.2212718,0.55452645,1.7116338,1.0417565,1.5447019,1.0915589,0.35417598,1.5447019,0.9642432723293562,1.4417402591739472,0.8041515601904593,0.3541759850799616,1.5880976524037875,1.7116338,0.6492404,2.2212718,1.0558581,1.3213407,1.6394057,2.217735,2.2212718,0.55452645,1.7116338,1.0417565,1.5447019,1.0915589,0.35417598,1.5447019,0.9642432723293562,1.4417402591739472,0.8041515601904593,0.3541759850799616,1.5880976524037875
2012-11-15 23:00:00,0.0,0.0,0.0,0.0,0.0,0.0,0.0,0.0,0.0,0.0,0.0,0.0,0.0,0.0,0.0,0.0,0.0,0.0,0.0,0.0,0.0,0.0,0.0,0.0,0.0,0.0,0.0,0.0,0.0,0.0,0.0,0.0,0.0,0.0,0.0,0.0,0.0,0.0,0.5768,1.7511574,0.18655789,0.7002654,0.9751879,2.310203,0.17828672,1.0460162,0.6318772,1.2270459,0.6893777,1.5834768,0.97124785,2.218436,0.9751879,2.310203,2.0390537,0.070462435,0.51530266,0.41720992,0.5768,1.7511574,1.520393,0.35311297,0.4842477,0.32855353,0.0,0.4842477,1.087744,1.5211321,1.0840297,0.0,1.5211321,1.0431004,1.4613127,1.2234399,0.0,1.5648723,275.59805,275.59805,271.1615,271.1615,277.69907,277.69907,270.88666,270.88666,275.00653,275.00653,274.47693,274.47693,278.84106,278.84106,277.69907,277.69907,277.69907,270.38217,270.38217,270.38217,275.59805,275.59805,275.59805,272.36957,273.488,271.52936,263.6378,273.488,272.36957,273.488,271.52936,263.6378,273.488,272.36957,273.488,271.52936,263.6378,273.488,0.0,0.0,0.0,0.0,0.0,0.0,0.0,0.0,0.0,0.0,0.0,0.0,0.0,0.0,0.0,0.0,0.0,0.0,0.0,0.0,1.750575,0.7046504,2.3097851,1.0474446,1.2269859,1.5840331,2.216863,2.3097851,0.5183305,1.750575,1.0910945,1.5214579,1.0865754,0.04868499,1.5214579,1.011299829781695,1.4196828728424888,0.797526360852203,0.04868498716679489,1.5650412108400271,1.750575,0.7046504,2.3097851,1.0474446,1.2269859,1.5840331,2.216863,2.3097851,0.5183305,1.750575,1.0910945,1.5214579,1.0865754,0.04868499,1.5214579,1.011299829781695,1.4196828728424888,0.797526360852203,0.04868498716679489,1.5650412108400271
2012-12-24 00:00:00,0.0,0.0,0.0,0.0,0.0,0.0,0.0,0.0,0.0,0.0,0.0,0.0,0.0,0.0,0.0,0.0,0.0,0.0,0.0,0.0,0.0,0.0,0.0,0.0,0.0,0.0,0.0,0.0,0.0,0.0,0.0,0.0,0.0,0.0,0.0,0.0,0.0,0.0,1.2333647,2.586893,0.9470371,2.202149,1.1066931,2.4910326,1.5979342,3.2601137,0.7530808,1.3998773,0.7476646,1.6640657,0.34662357,1.3560616,1.1066931,2.4910326,2.2127817,0.18690109,0.6983345,0.62867975,1.2333647,2.586893,2.3846965,0.6893704,0.6314211,1.0144205,0.7215836,0.6314211,1.6949947,1.6967963,1.9889678,1.5161922,1.6967963,1.6818858,1.6562339,2.1061654,1.450182,1.7391351,280.03143,280.03143,279.52478,279.52478,278.56674,278.56674,280.08978,280.08978,276.05453,276.05453,274.87222,274.87222,274.82782,274.82782,278.56674,278.56674,278.56674,271.85486,271.85486,271.85486,280.03143,280.03143,280.03143,275.44757,274.47028,276.72693,275.2618,274.47028,275.44757,274.47028,276.72693,275.2618,274.47028,275.44757,274.47028,276.72693,275.2618,274.47028,0.0,0.0,0.0,0.0,0.0,0.0,0.0,0.0,0.0,0.0,0.0,0.0,0.0,0.0,0.0,0.0,0.0,0.0,0.0,0.0,2.5863104,2.2033362,2.4906151,3.2615228,1.3998171,1.664622,1.3544884,2.4906151,0.7002033,2.5863104,1.6964281,1.6971219,1.990591,1.5180022,1.6971219,1.5889036907059864,1.5863795372826515,1.9986744508609884,1.5787890935837847,1.7392881431275995,2.5863104,2.2033362,2.4906151,3.2615228,1.3998171,1.664622,1.3544884,2.4906151,0.7002033,2.5863104,1.6964281,1.6971219,1.990591,1.5180022,1.6971219,1.5889036907059864,1.5863795372826515,1.9986744508609884,1.5787890935837847,1.7392881431275995
2012-12-24 01:00:00,0.0,0.0,0.0,0.0,0.0,0.0,0.0,0.0,0.0,0.0,0.0,0.0,0.0,0.0,0.0,0.0,0.0,0.0,0.0,0.0,0.0,0.0,0.0,0.0,0.0,0.0,0.0,0.0,0.0,0.0,0.0,0.0,0.0,0.0,0.0,0.0,0.0,0.0,1.209497,2.5565119,0.86268854,2.0355678,1.0694275,2.4397898,1.5818864,3.235085,0.73333377,1.3717186,0.7742003,1.7007546,0.45334157,1.5033996,1.0694275,2.4397898,2.1635509,0.19588912,0.7124627,0.6450033,1.209497,2.5565119,2.353277,1.0302119,0.6319287,1.0095961,0.6662582,0.6319287,2.310524,1.6974021,1.9826026,1.4253478,1.6974021,2.3293796,1.6569062,2.0999565,1.3323569,1.7397362,279.87027,279.87027,278.59717,278.59717,278.32086,278.32086,279.98575,279.98575,275.8838,275.8838,275.0522,275.0522,275.5135,275.5135,278.32086,278.32086,278.32086,271.96854,271.96854,271.96854,279.87027,279.87027,279.87027,278.56754,274.47366,276.69037,274.73965,274.47366,278.56754,274.47366,276.69037,274.73965,274.47366,278.56754,274.47366,276.69037,274.73965,274.47366,0.0,0.0,0.0,0.0,0.0,0.0,0.0,0.0,0.0,0.0,0.0,0.0,0.0,0.0,0.0,0.0,0.0,0.0,0.0,0.0,2.5559297,2.036755,2.4393718,3.236494,1.3716586,1.701311,1.5018263,2.4393718,0.7142422,2.5559297,2.3119574,1.6977277,1.9842256,1.4271578,1.6977277,2.1763250982032485,1.5869544069428512,1.9902190056455287,1.4874272992185484,1.7398890506208085,2.5559297,2.036755,2.4393718,3.236494,1.3716586,1.701311,1.5018263,2.4393718,0.7142422,2.5559297,2.3119574,1.6977277,1.9842256,1.4271578,1.6977277,2.1763250982032485,1.5869544069428512,1.9902190056455287,1.4874272992185484,1.7398890506208085
2012-12-24 02:00:00,0.0,0.0,0.0,0.0,0.0,0.0,0.0,0.0,0.0,0.0,0.0,0.0,0.0,0.0,0.0,0.0,0.0,0.0,0.0,0.0,0.0,0.0,0.0,0.0,0.0,0.0,0.0,0.0,0.0,0.0,0.0,0.0,0.0,0.0,0.0,0.0,0.0,0.0,1.1886033,2.5299165,0.80193317,1.9155805,1.0314217,2.3875291,1.4661463,3.0545757,0.70177376,1.3267152,0.6391455,1.5140247,0.48577783,1.548182,1.0314217,2.3875291,2.1133428,0.23477279,0.77358454,0.7156218,1.1886033,2.5299165,2.3257723,0.78500336,0.6696788,0.7180682,0.48159546,0.6696788,1.8676991,1.7424599,1.5979583,1.1221313,1.7424599,1.8635588,1.7069033,1.7247537,0.9390857,1.7844346,279.7292,279.7292,277.92902,277.92902,278.0701,278.0701,279.23544,279.23544,275.6109,275.6109,274.13626,274.13626,275.7219,275.7219,278.0701,278.0701,278.0701,272.46033,272.46033,272.46033,279.7292,279.7292,279.7292,276.32297,274.72562,274.48114,272.99683,274.72562,276.32297,274.72562,274.48114,272.99683,274.72562,276.32297,274.72562,274.48114,272.99683,274.72562,0.0,0.0,0.0,0.0,0.0,0.0,0.0,0.0,0.0,0.0,0.0,0.0,0.0,0.0,0.0,0.0,0.0,0.0,0.0,0.0,2.529334,1.916768,2.387111,3.055985,1.3266554,1.5145811,1.5466087,2.387111,0.774977,2.529334,1.8691326,1.7427857,1.5995815,1.1240811,1.7427857,1.753721835901457,1.6297122800474582,1.4792786132936433,1.1826238467851933,1.784583575521116,2.529334,1.916768,2.387111,3.055985,1.3266554,1.5145811,1.5466087,2.387111,0.774977,2.529334,1.8691326,1.7427857,1.5995815,1.1240811,1.7427857,1.753721835901457,1.6297122800474582,1.4792786132936433,1.1826238467851933,1.784583575521116
2012-12-24 03:00:00,0.0,0.0,0.0,0.0,0.0,0.0,0.0,0.0,0.0,0.0,0.0,0.0,0.0,0.0,0.0,0.0,0.0,0.0,0.0,0.0,0.0,0.0,0.0,0.0,0.0,0.0,0.0,0.0,0.0,0.0,0.0,0.0,0.0,0.0,0.0,0.0,0.0,0.0,1.1735307,2.5107307,0.77070904,1.8539152,0.98944294,2.3298047,1.4395205,3.0130496,0.69257957,1.3136047,0.6871367,1.5803787,0.4895064,1.5533298,0.98944294,2.3298047,2.0578854,0.2913164,0.86246634,0.81831324,1.1735307,2.5107307,2.3059306,0.7939516,0.7788461,0.68508244,0.30765507,0.7788461,1.8838589,1.8727604,1.5544367,0.83652097,1.8727604,1.8805575,1.8514878,1.6823003,0.5686497,1.9136956,279.6274,279.6274,277.58563,277.58563,277.79312,277.79312,279.06284,279.06284,275.5314,275.5314,274.46173,274.46173,275.74585,275.74585,277.79312,277.79312,277.79312,273.17548,273.17548,273.17548,279.6274,279.6274,279.6274,276.40488,275.45422,274.23117,271.3552,275.45422,276.40488,275.45422,274.23117,271.3552,275.45422,276.40488,275.45422,274.23117,271.3552,275.45422,0.0,0.0,0.0,0.0,0.0,0.0,0.0,0.0,0.0,0.0,0.0,0.0,0.0,0.0,0.0,0.0,0.0,0.0,0.0,0.0,2.5101483,1.8551029,2.329387,3.014459,1.3135449,1.5809348,1.5517565,2.329387,0.863316,2.5101483,1.8852923,1.873086,1.5560598,0.8399702,1.873086,1.7691435511430345,1.75336104704994,1.4214668004724162,0.8968861925378993,1.9138328223712664,2.5101483,1.8551029,2.329387,3.014459,1.3135449,1.5809348,1.5517565,2.329387,0.863316,2.5101483,1.8852923,1.873086,1.5560598,0.8399702,1.873086,1.7691435511430345,1.75336104704994,1.4214668004724162,0.8968861925378993,1.9138328223712664
2012-12-24 04:00:00,0.0,0.0,0.0,0.0,0.0,0.0,0.0,0.0,0.0,0.0,0.0,0.0,0.0,0.0,0.0,0.0,0.0,0.0,0.0,0.0,0.0,0.0,0.0,0.0,0.0,0.0,0.0,0.0,0.0,0.0,0.0,0.0,0.0,0.0,0.0,0.0,0.0,0.0,1.1537261,2.485522,0.78483915,1.8818214,0.95282483,2.279452,1.402425,2.9551954,0.65860885,1.2651643,0.6638138,1.548132,0.49642205,1.5628778,0.95282483,2.279452,2.0095103,0.32058468,0.90847355,0.871469,1.1537261,2.485522,2.27986,0.9254308,0.86911076,0.6477032,0.070334524,0.86911076,2.1212983,1.9804989,1.5051181,0.44684044,1.9804989,2.1303275,1.971037,1.6341923,0.06323473,2.0205748,279.49368,279.49368,277.74103,277.74103,277.5515,277.5515,278.82236,278.82236,275.23767,275.23767,274.30356,274.30356,275.79028,275.79028,277.5515,277.5515,277.5515,273.54565,273.54565,273.54565,279.49368,279.49368,279.49368,277.6084,276.05667,273.9479,269.1154,276.05667,277.6084,276.05667,273.9479,269.1154,276.05667,277.6084,276.05667,273.9479,269.1154,276.05667,0.0,0.0,0.0,0.0,0.0,0.0,0.0,0.0,0.0,0.0,0.0,0.0,0.0,0.0,0.0,0.0,0.0,0.0,0.0,0.0,2.4849393,1.8830088,2.2790341,2.9566042,1.2651043,1.548688,1.5613045,2.2790341,0.9093233,2.4849393,2.1227317,1.9808246,1.5067413,0.4743961,1.9808246,1.9957404900335272,1.8555998034644314,1.3559547449716676,0.507049543192409,2.0207023252851437,2.4849393,1.8830088,2.2790341,2.9566042,1.2651043,1.548688,1.5613045,2.2790341,0.9093233,2.4849393,2.1227317,1.9808246,1.5067413,0.4743961,1.9808246,1.9957404900335272,1.8555998034644314,1.3559547449716676,0.507049543192409,2.0207023252851437
2012-12-24 05:00:00,0.0,0.0,0.0,0.0,0.0,0.0,0.0,0.0,0.0,0.0,0.0,0.0,0.0,0.0,0.0,0.0,0.0,0.0,0.0,0.0,0.0,0.0,0.0,0.0,0.0,0.0,0.0,0.0,0.0,0.0,0.0,0.0,0.0,0.0,0.0,0.0,0.0,0.0,1.1380842,2.4656112,0.80070657,1.9131582,0.9197913,2.2340283,1.3515365,2.8758287,0.63127,1.2261803,0.6697312,1.5563134,0.5105384,1.5823672,0.9197913,2.2340283,1.9658705,0.34473526,0.9464363,0.91532993,1.1380842,2.4656112,2.2592688,0.9086145,0.9155302,0.6485972,0.07287607,0.9155302,2.0909297,2.0359044,1.5062976,0.45101362,2.0359044,2.098382,2.0325162,1.6353431,0.06864739,2.0755382,279.38806,279.38806,277.91553,277.91553,277.33356,277.33356,278.49246,278.49246,275.00128,275.00128,274.3437,274.3437,275.88098,275.88098,277.33356,277.33356,277.33356,273.8511,273.8511,273.8511,279.38806,279.38806,279.38806,277.45447,276.3665,273.95468,269.13937,276.3665,277.45447,276.3665,273.95468,269.13937,276.3665,277.45447,276.3665,273.95468,269.13937,276.3665,0.0,0.0,0.0,0.0,0.0,0.0,0.0,0.0,0.0,0.0,0.0,0.0,0.0,0.0,0.0,0.0,0.0,0.0,0.0,0.0,2.4650288,1.9143456,2.2336104,2.8772378,1.2261202,1.5568695,1.580794,2.2336104,0.94728595,2.4650288,2.0923634,2.03623,1.5079209,0.47640887,2.03623,1.966758697306807,1.9081770718459685,1.3575216137845492,0.5112229955381558,2.0756609997991844,2.4650288,1.9143456,2.2336104,2.8772378,1.2261202,1.5568695,1.580794,2.2336104,0.94728595,2.4650288,2.0923634,2.03623,1.5079209,0.47640887,2.03623,1.966758697306807,1.9081770718459685,1.3575216137845492,0.5112229955381558,2.0756609997991844
2012-12-24 06:00:00,0.0,0.0,0.0,0.0,0.0,0.0,0.0,0.0,0.0,0.0,0.0,0.0,0.0,0.0,0.0,0.0,0.0,0.0,0.0,0.0,0.0,0.0,0.0,0.0,0.0,0.0,0.0,0.0,0.0,0.0,0.0,0.0,0.0,0.0,0.0,0.0,0.0,0.0,1.1200556,2.442663,0.8179642,1.9472406,0.8897132,2.1926687,1.3418247,2.8606822,0.60801816,1.1930243,0.6847563,1.5770872,0.5338693,1.6145786,0.8897132,2.1926687,1.9261351,0.31707153,0.90295124,0.8650885,1.1200556,2.442663,2.235536,0.89327186,0.92531985,0.6558821,0.26008683,0.92531985,2.0632224,2.0475893,1.5159096,0.75841385,2.0475893,2.0692356,2.0454822,1.644719,0.46734497,2.08713,279.26633,279.26633,278.10532,278.10532,277.1351,277.1351,278.4295,278.4295,274.80023,274.80023,274.4456,274.4456,276.03088,276.03088,277.1351,277.1351,277.1351,273.50122,273.50122,273.50122,279.26633,279.26633,279.26633,277.31403,276.43182,274.0099,270.90625,276.43182,277.31403,276.43182,274.0099,270.90625,276.43182,277.31403,276.43182,274.0099,270.90625,276.43182,0.0,0.0,0.0,0.0,0.0,0.0,0.0,0.0,0.0,0.0,0.0,0.0,0.0,0.0,0.0,0.0,0.0,0.0,0.0,0.0,2.4420805,1.948428,2.1922507,2.8620913,1.1929642,1.5776435,1.6130053,2.1922507,0.9038009,2.4420805,2.0646558,2.047915,1.5175327,0.76227313,2.047915,1.9403165462107796,1.9192653235800965,1.3702894772192455,0.8187443036000832,2.0872514767627934,2.4420805,1.948428,2.1922507,2.8620913,1.1929642,1.5776435,1.6130053,2.1922507,0.9038009,2.4420805,2.0646558,2.047915,1.5175327,0.76227313,2.047915,1.9403165462107796,1.9192653235800965,1.3702894772192455,0.8187443036000832,2.0872514767627934
2012-12-24 07:00:00,0.0,0.0,0.0,0.0,0.0,0.0,0.0,0.0,0.0,0.0,0.0,0.0,0.0,0.0,0.0,0.0,0.0,0.0,0.0,0.0,0.0,0.0,0.0,0.0,0.0,0.0,0.0,0.0,0.0,0.0,0.0,0.0,0.0,0.0,0.0,0.0,0.0,0.0,1.0975801,2.4140542,0.7952036,1.9022906,0.8725304,2.1690407,1.3414763,2.860139,0.60040534,1.1821685,0.66164035,1.5451267,0.550598,1.6376747,0.8725304,2.1690407,1.9034353,0.2897335,0.85997826,0.8154387,1.0975801,2.4140542,2.205949,0.89619243,0.8906515,0.6165417,0.028683625,0.8906515,2.0684965,2.0062099,1.4640034,0.37844962,2.0062099,2.0747836,1.9995664,1.5940869,0.0,2.0460806,279.11456,279.11456,277.855,277.855,277.02173,277.02173,278.42725,278.42725,274.7344,274.7344,274.28882,274.28882,276.13837,276.13837,277.02173,277.02173,277.02173,273.15546,273.15546,273.15546,279.11456,279.11456,279.11456,277.34076,276.20044,273.71176,268.7223,276.20044,277.34076,276.20044,273.71176,268.7223,276.20044,277.34076,276.20044,273.71176,268.7223,276.20044,0.0,0.0,0.0,0.0,0.0,0.0,0.0,0.0,0.0,0.0,0.0,0.0,0.0,0.0,0.0,0.0,0.0,0.0,0.0,0.0,2.4134715,1.903478,2.168623,2.861548,1.1821084,1.545683,1.6361014,2.168623,0.86082786,2.4134715,2.06993,2.0065353,1.4656266,0.441411,2.0065353,1.945349863107807,1.879998100484272,1.3013401914848335,0.44141098985471267,2.0462057054699,2.4134715,1.903478,2.168623,2.861548,1.1821084,1.545683,1.6361014,2.168623,0.86082786,2.4134715,2.06993,2.0065353,1.4656266,0.441411,2.0065353,1.945349863107807,1.879998100484272,1.3013401914848335,0.44141098985471267,2.0462057054699
2012-12-24 08:00:00,-0.5284187,-0.6831171,-0.22421385,-0.2927963,-0.20705406,-0.2556667,-0.44389206,-0.6105495,-0.08715095,-0.12369278,-0.3809973,-0.5168143,-0.012506273,-0.019348005,-0.20705406,-0.2556667,-0.21111937,0.0,0.0,0.0,-0.5284187,-0.6831171,-0.60538894,-0.28654107,-0.32214937,-0.54743016,-0.023419313,-0.32214937,-0.37413588,-0.39288652,-0.7385144,-0.031974856,-0.39288652,-0.30687532,-0.34156448,-0.53326374,-0.024151018,-0.33054534,1.2532958,2.6122632,0.7672069,1.846999,0.9409981,2.2631893,1.42979,2.997874,0.656403,1.2620188,0.97453046,1.9777356,0.59901726,1.7045237,0.9409981,2.2631893,1.9938862,0.2549059,0.80523205,0.75218654,1.2532958,2.6122632,2.4109335,0.8827301,1.0288447,0.9899118,0.5145289,1.0288447,2.0441847,2.1711547,1.956631,1.1762079,2.1711547,2.0492096,2.1825933,2.0746222,1.009223,2.20971,280.16602,280.16602,277.54712,277.54712,277.47348,277.47348,278.99976,278.99976,275.2186,275.2186,276.4108,276.4108,276.44946,276.44946,277.47348,277.47348,277.47348,272.71497,272.71497,272.71497,280.16602,280.16602,280.16602,277.21753,277.12277,276.5412,273.30765,277.12277,277.21753,277.12277,276.5412,273.30765,277.12277,277.21753,277.12277,276.5412,273.30765,277.12277,0.7357653,0.36664316,0.253705,0.76693064,0.1072616,0.6125772,0.015679365,0.253705,0.0,0.7357653,0.48469612,0.45333567,0.9865706,0.04770276,0.45333567,0.33660094998484963,0.3873121452364086,0.8355237070049772,0.04770275962240142,0.45316218920166146,2.6116805,1.8481866,2.2627714,2.999283,1.2619587,1.9782919,1.7029505,2.2627714,0.8064242,2.6116805,2.0456183,2.1714804,1.958254,1.1780179,2.1714804,1.9221483406989062,2.0365231972430573,1.955719659891633,1.236868512614554,2.2098203646343855,1.8759153,1.4815435,2.0090663,2.2323523,1.1546972,1.3657147,1.687271,2.0090663,0.8064242,1.8759153,1.5609221,1.7181448,0.9716834,1.1303151,1.7181448,1.5855473907140565,1.6492110520066487,1.1201959528866559,1.1891657529921527,1.756658175432724
2012-12-24 09:00:00,-1.3847322,-1.7538186,-0.4122019,-0.51545674,-0.7364292,-0.92466545,-0.9061977,-1.2080584,-0.19793712,-0.26587284,-0.8429712,-1.1059425,-0.028234709,-0.042595305,-0.7364292,-0.92466545,-0.82799995,-0.2197516,-0.2775498,-0.24563533,-1.3847322,-1.7538186,-1.6449136,-0.5536512,-0.67321354,-1.194076,-0.39471477,-0.67321354,-0.69432235,-0.7967486,-1.5606457,-0.5159669,-0.7967486,-0.62142813,-0.7218706,-1.2092397,-0.42385373,-0.69861746,1.4499627,2.862599,0.75226367,1.8174875,1.2081435,2.6305351,1.5586357,3.1988235,0.74157846,1.3834753,1.2204174,2.3177044,0.6936186,1.835133,1.2081435,2.6305351,2.3468049,0.5112824,1.2082342,1.2178041,1.4499627,2.862599,2.6698265,0.9249973,1.2524785,1.2051346,0.68489623,1.2524785,2.1205156,2.4380808,2.2405977,1.4559513,2.4380808,2.1295042,2.4787807,2.3516188,1.3720497,2.4745066,281.494,281.494,277.38278,277.38278,279.2361,279.2361,279.83502,279.83502,275.95508,275.95508,278.07837,278.07837,277.05728,277.05728,279.2361,279.2361,279.2361,275.95755,275.95755,275.95755,281.494,281.494,281.494,277.60443,278.61536,278.17218,274.91556,278.61536,277.60443,278.61536,278.17218,274.91556,278.61536,277.60443,278.61536,278.17218,274.91556,278.61536,1.832915,0.63236165,0.9075155,1.4563335,0.23012732,1.2566174,0.034731973,0.9075155,0.3675331,1.832915,0.87131107,0.8869353,1.9677554,0.72377205,0.8869353,0.6594786174746443,0.8010451840435917,1.7575139053081408,0.7237720646999841,0.8864584954446498,2.8620164,1.8186749,2.6301172,3.2002323,1.3834152,2.3182607,1.8335598,2.6301172,1.2090838,2.8620164,2.1219492,2.4384065,2.2422209,1.4577613,2.4384065,1.9949935366127354,2.28982319914146,2.3329256816737933,1.5182051707978133,2.474593198736752,1.0291014,1.1863133,1.7226017,1.7438986,1.1532879,1.0616431,1.7988278,1.7226017,0.84155077,1.0291014,1.250638,1.5514712,0.2744653,0.73398924,1.5514712,1.335514919138091,1.4887780150978682,0.5754117763656525,0.7944331060978291,1.588134703292102
2012-12-24 10:00:00,-2.2631469,-2.8202944,-0.4270746,-0.5214694,-1.4077635,-1.7727283,-1.2390705,-1.6248375,-0.30282694,-0.3968126,-1.2935951,-1.6725731,-0.042204116,-0.062609136,-1.4077635,-1.7727283,-1.6567377,-0.23083772,-0.28428593,-0.26424253,-2.2631469,-2.8202944,-2.7173119,-0.55336076,-0.9460077,-1.5641608,-0.71316344,-0.9460077,-0.678633,-1.1065944,-2.0114434,-0.92876685,-1.1065944,-0.6356933,-1.0250511,-1.6165378,-0.7869199,-0.9929818,1.7246007,3.212183,0.6840683,1.6828074,1.5113242,3.0474324,1.6752042,3.3806248,0.8409244,1.5251384,1.420815,2.5947785,0.7767919,1.9499646,1.5113242,3.0474324,2.747329,0.47606388,1.1528736,1.1538421,1.7246007,3.212183,3.0313604,0.82927763,1.4158018,1.2937988,0.7914211,1.4158018,1.9476545,2.633021,2.3575816,1.6308653,2.633021,1.9476662,2.6950912,2.4657311,1.5989127,2.667892,283.34845,283.34845,276.6328,276.6328,281.2365,281.2365,280.5907,280.5907,276.8141,276.8141,279.43744,279.43744,277.59167,277.59167,281.2365,281.2365,281.2365,275.51212,275.51212,275.51212,283.34845,283.34845,283.34845,276.72824,279.7054,278.8441,275.92093,279.7054,276.72824,279.7054,278.8441,275.92093,279.7054,276.72824,279.7054,278.8441,275.92093,279.7054,2.8902063,0.6431618,1.7349273,1.9062049,0.3438477,1.836649,0.051319297,1.7349273,0.37674758,2.8902063,0.85917264,1.2039226,2.47391,1.249107,1.2039226,0.6775170646497617,1.117302516650195,2.2722725812551383,1.2392248618744583,1.2031922878841173,3.2116005,1.6839949,3.0470145,3.3820336,1.5250783,2.5953348,1.9483913,3.0470145,1.1537234,3.2116005,1.949088,2.6333466,2.3592048,1.6326753,2.6333466,1.8300260007331062,2.4748121125890683,2.4883209548864618,1.6941153375756244,2.6679608991866175,0.32139418,1.0408331,1.312087,1.4758286,1.1812307,0.7586858,1.8970721,1.312087,0.77697575,0.32139418,1.0899154,1.429424,-0.11470524,0.38356826,1.429424,1.1525089360833445,1.3575095959388732,0.21604837363132345,0.45489047570116603,1.4647686113025002
2012-12-24 11:00:00,-2.8563197,-3.5299203,-0.48228177,-0.5850324,-1.8879418,-2.3677661,-1.4144474,-1.8429894,-0.36026105,-0.46743783,-1.4410334,-1.8508207,-0.052185446,-0.076780036,-1.8879418,-2.3677661,-2.2427926,-0.20396459,-0.24760184,-0.23572972,-2.8563197,-3.5299203,-3.435255,-0.5465625,-1.043281,-1.7541478,-0.7736463,-1.043281,-0.6641877,-1.2140393,-2.2430725,-1.0017383,-1.2140393,-0.6338306,-1.1330673,-1.8267107,-0.86050975,-1.0978323,1.9616768,3.5139549,0.70271075,1.7196245,1.7511158,3.3771646,1.7532696,3.502376,0.8956693,1.603202,1.4713488,2.6646476,0.8505512,2.051799,1.7511158,3.3771646,3.0641117,0.44016737,1.0964473,1.0886487,1.9616768,3.5139549,3.343448,0.796092,1.4630629,1.3501778,0.800601,1.4630629,1.8877242,2.6894307,2.4319682,1.6459389,2.6894307,1.8846238,2.7576847,2.5382922,1.618463,2.7238517,284.94928,284.94928,276.83783,276.83783,282.81866,282.81866,281.09677,281.09677,277.28745,277.28745,279.78015,279.78015,278.06558,278.06558,282.81866,282.81866,282.81866,275.0581,275.0581,275.0581,284.94928,284.94928,284.94928,276.42447,280.02084,279.27133,276.00757,280.02084,276.42447,280.02084,279.27133,276.00757,280.02084,276.42447,280.02084,279.27133,276.00757,280.02084,3.5808988,0.7153985,2.3172781,2.1307912,0.4054744,2.0159903,0.06323383,2.3172781,0.33083534,3.5808988,0.843466,1.3122618,2.7238908,1.339166,1.3122618,0.6761098175787271,1.2289978993613913,2.5197291383344225,1.3276411253778333,1.3114418867572708,3.5133727,1.720812,3.3767467,3.5037851,1.603142,2.6652038,2.0502255,3.3767467,1.0972971,3.5133727,1.8891577,2.6897564,2.4335918,1.6477487,2.6897564,1.7728323518826365,2.528342318064991,2.587132501644755,1.7092746674530586,2.72391567260832,-0.06752604,1.0054134,1.0594686,1.3729941,1.1976676,0.6492135,1.9869918,1.0594686,0.76646173,-0.06752604,1.0456916,1.3774946,-0.29029903,0.30858272,1.3774946,1.0967225343039093,1.2993444187035998,0.06740336331033259,0.38163354207522526,1.4124737858510492
2012-12-24 12:00:00,-3.0494895,-3.7743936,-0.44183886,-0.5361231,-2.0816727,-2.6152465,-1.3666929,-1.7922735,-0.34010062,-0.44795278,-1.3682312,-1.7608587,-0.090741046,-0.13597327,-2.0816727,-2.6152465,-2.4873893,-0.16573814,-0.20096728,-0.19182296,-3.0494895,-3.7743936,-3.6817474,-0.52052194,-1.0171683,-1.7566864,-0.6696519,-1.0171683,-0.63296735,-1.185265,-2.2503216,-0.8652584,-1.185265,-0.6024779,-1.104067,-1.8269237,-0.74044347,-1.0696789,2.105357,3.696844,0.6774306,1.6696984,1.8969363,3.5776787,1.790657,3.560686,0.91717756,1.6338718,1.4391251,2.6200943,0.9216744,2.1499934,1.8969363,3.5776787,3.256751,0.40948507,1.0482175,1.0329252,2.105357,3.696844,3.5325887,0.78191954,1.4502506,1.363463,0.7646637,1.4502506,1.86213,2.6741388,2.4494972,1.5869299,2.6741388,1.8577006,2.7407165,2.5553908,1.5419284,2.7086816,285.91946,285.91946,276.5598,276.5598,283.7808,283.7808,281.33914,281.33914,277.47342,277.47342,279.5616,279.5616,278.52255,278.52255,283.7808,283.7808,283.7808,274.67004,274.67004,274.67004,285.91946,285.91946,285.91946,276.29474,279.93533,279.372,275.6684,279.93533,276.29474,279.93533,279.372,275.6684,279.93533,276.29474,279.93533,279.372,275.6684,279.93533,3.8137426,0.6603405,2.5617657,2.0679278,0.38930494,1.9264199,0.12105316,2.5617657,0.27070388,3.8137426,0.8069212,1.2833518,2.7288344,1.1711456,1.2833518,0.6449283878679347,1.1991140070404376,2.511863220442475,1.164234095094578,1.2825560477478037,3.696262,1.6708858,3.577261,3.562095,1.6338118,2.6206505,2.1484203,3.577261,1.0490671,3.696262,1.8635635,2.6744642,2.4511206,1.5887398,2.6744642,1.7484069750227467,2.513830743399401,2.610416736841584,1.6499295486584806,2.7087468185905554,-0.117480636,1.0105453,1.0154954,1.4941671,1.244507,0.69423074,2.027367,1.0154954,0.7783633,-0.117480636,1.0566423,1.3911124,-0.27771375,0.41759416,1.3911124,1.1034785871548118,1.3147167363589636,0.09855351639910914,0.48569545356390265,1.4261907708427517
2012-12-24 13:00:00,-2.7849762,-3.493125,-0.3909051,-0.47773138,-1.9234504,-2.4472263,-1.1102535,-1.478444,-0.25274172,-0.3454661,-1.1665651,-1.519312,-0.10484153,-0.16017759,-1.9234504,-2.4472263,-2.3228233,-0.12526762,-0.15338618,-0.143245,-2.7849762,-3.493125,-3.394645,-0.44917345,-0.9000006,-1.378631,-0.5454703,-0.9000006,-0.55000067,-1.0582076,-1.7839446,-0.7101549,-1.0582076,-0.51428384,-0.97439545,-1.4126015,-0.59372264,-0.9439647,2.1233492,3.7197464,0.6620766,1.6393756,1.9320328,3.6259394,1.7461095,3.491209,0.90787756,1.6206105,1.3839519,2.5438108,0.9715708,2.218882,1.9320328,3.6259394,3.3031158,0.38756397,1.0137594,0.9931133,2.1233492,3.7197464,3.5562737,0.75582176,1.413941,1.2403111,0.7368588,1.413941,1.8149998,2.6308,2.2870097,1.5412738,2.6308,1.8081229,2.6926267,2.3968916,1.4827129,2.6656885,286.04095,286.04095,276.39096,276.39096,284.01236,284.01236,281.05035,281.05035,277.393,277.393,279.18744,279.18744,278.84314,278.84314,284.01236,284.01236,284.01236,274.3928,274.3928,274.3928,286.04095,286.04095,286.04095,276.05585,279.693,278.43875,275.40598,279.693,276.05585,279.693,278.43875,275.40598,279.693,276.05585,279.693,278.43875,275.40598,279.693,3.535291,0.5932714,2.4011605,1.7301313,0.30099425,1.6802236,0.14623038,2.4011605,0.20895232,3.535291,0.7084308,1.1537286,2.2228012,0.97592074,1.1537286,0.5562243978844883,1.062722984998577,2.0232550546737627,0.9727874261045845,1.1530332014671574,3.7191641,1.640563,3.6255214,3.492618,1.6205504,2.544367,2.2173088,3.6255214,1.0146091,3.7191641,1.8164333,2.6311255,2.2886329,1.5430839,2.6311255,1.7034288874999945,2.4727042571683353,2.394577028883343,1.6040137058912878,2.6657575717115174,0.18387318,1.0472915,1.2243608,1.7624868,1.3195562,0.86414355,2.0710783,1.2243608,0.8056568,0.18387318,1.1080024,1.4773968,0.0658317,0.56716317,1.4773968,1.1472044896155063,1.4099812721697582,0.37132197420958013,0.6312262797867033,1.51272437024436
2012-12-24 14:00:00,-1.593039,-2.0893478,-0.30833802,-0.38506672,-1.0267118,-1.3650812,-0.63889205,-0.875556,-0.13490394,-0.19438267,-0.78531396,-1.0494938,-0.082415015,-0.12899688,-1.0267118,-1.3650812,-1.2730194,-0.045801375,-0.057189062,-0.051167563,-1.593039,-2.0893478,-1.9872519,-0.3297014,-0.65488666,-0.7532197,-0.32203212,-0.65488666,-0.41338503,-0.78582907,-0.9964182,-0.430311,-0.78582907,-0.36635312,-0.7043399,-0.74815005,-0.3386556,-0.6822398,1.990995,3.5512738,0.65944314,1.6341746,1.8226641,3.4755485,1.6279829,3.3069773,0.8789398,1.5793467,1.278061,2.3974035,0.99149615,2.2463913,1.8226641,3.4755485,3.1586316,0.33214962,0.92665267,0.8924726,1.990995,3.5512738,3.3820424,0.73759866,1.3366481,1.0222934,0.6851032,1.3366481,1.7820905,2.5385447,1.9993556,1.4562912,2.5385447,1.7735045,2.590258,2.1162982,1.3724904,2.574169,285.14725,285.14725,276.362,276.362,283.29074,283.29074,280.28458,280.28458,277.1428,277.1428,278.4693,278.4693,278.97116,278.97116,283.29074,283.29074,283.29074,273.69193,273.69193,273.69193,285.14725,285.14725,285.14725,275.88904,279.17712,276.7866,274.9175,279.17712,275.88904,279.17712,276.7866,274.9175,279.17712,275.88904,279.17712,276.7866,274.9175,279.17712,2.143527,0.48406085,1.347693,1.0597281,0.16988201,1.1895792,0.11840731,1.347693,0.079985894,2.143527,0.5418978,0.8708639,1.3085725,0.6098918,0.8708639,0.4038329139986245,0.7750960899150393,1.1538709215274967,0.6098917593169303,0.8703741292157682,3.5506916,1.635362,3.4751308,3.3083866,1.5792866,2.3979597,2.2448182,3.4751308,0.92750245,3.5506916,1.7835239,2.53887,2.0009787,1.458101,2.53887,1.672022369053474,2.385158340627604,2.012472777569022,1.5185469098299218,2.574246398151101,1.4071643,1.1513013,2.1274378,2.2486584,1.4094045,1.2083805,2.126411,2.1274378,0.84751654,1.4071643,1.2416261,1.6680062,0.6924061,0.8482093,1.6680062,1.2681894550548494,1.6100622507125646,0.8586018560415252,0.9086551505129915,1.7038722689353327
2012-12-24 15:00:00,-0.5738193,-0.7790236,-0.10891939,-0.14411707,-0.677165,-0.90830916,-0.06681634,-0.09553347,-0.044741575,-0.067610376,-0.114780195,-0.16668525,-0.033382256,-0.0537294,-0.677165,-0.90830916,-0.8352562,0.0,0.0,0.0,-0.5738193,-0.7790236,-0.71993065,-0.122845314,-0.184753,-0.052000936,-0.037766088,-0.184753,-0.16190876,-0.23259597,-0.072206885,-0.054048326,-0.23259597,-0.12893358,-0.19539367,-0.048410516,-0.037421566,-0.18923965,1.8342127,3.351707,0.6613052,1.637852,1.6619319,3.2545292,1.4463323,3.0236735,0.8633822,1.5571618,1.1661669,2.2426963,0.96502084,2.2098389,1.6619319,3.2545292,2.9462929,0.18251932,0.6914466,0.6207218,1.8342127,3.351707,3.175654,0.7037028,1.1438326,0.6360488,0.56393045,1.1438326,1.7208778,2.3084028,1.4897414,1.2573254,2.3084028,1.7091128,2.3348873,1.6191931,1.1144322,2.345863,284.0886,284.0886,276.38248,276.38248,282.23022,282.23022,279.107,279.107,277.00827,277.00827,277.71045,277.71045,278.80106,278.80106,282.23022,282.23022,282.23022,271.79944,271.79944,271.79944,284.0886,284.0886,284.0886,275.57877,277.89023,273.8596,273.7739,277.89023,275.57877,277.89023,273.8596,273.7739,277.89023,275.57877,277.89023,273.8596,273.7739,277.89023,0.8137158,0.18700173,0.89858913,0.12247829,0.05927774,0.19813873,0.048775088,0.89858913,0.0,0.8137158,0.22043791,0.26947203,0.10584314,0.08163269,0.26947203,0.1473591489077604,0.21945890804601983,0.08637429789989985,0.08163268629633981,0.2693526454471523,3.3511248,1.6390394,3.2541115,3.0250826,1.557102,2.2432525,2.2082658,3.2541115,0.6933591,3.3511248,1.7223113,2.3087285,1.4913645,1.2591354,2.3087285,1.6136048657520148,2.166764838817022,1.3355289866632027,1.3184480271856867,2.345961100122871,2.5374088,1.4520377,2.3555224,2.9026043,1.4978243,2.0451138,2.1594906,2.3555224,0.6933591,2.5374088,1.5018733,2.0392563,1.3855213,1.1775026,2.0392563,1.4662457168442544,1.9473059307710023,1.249154688763303,1.2368153408893467,2.0766084546757186
2012-12-24 16:00:00,0.0,0.0,0.0,0.0,0.0,0.0,0.0,0.0,0.0,0.0,0.0,0.0,0.0,0.0,0.0,0.0,0.0,0.0,0.0,0.0,0.0,0.0,0.0,0.0,0.0,0.0,0.0,0.0,0.0,0.0,0.0,0.0,0.0,0.0,0.0,0.0,0.0,0.0,1.6763954,3.150823,0.71400493,1.7419295,1.4457195,2.9572208,1.3934854,2.941253,0.85771036,1.5490743,1.1208756,2.1800754,0.8780477,2.0897613,1.4457195,2.9572208,2.6606605,0.0,0.3611384,0.23909271,1.6763954,3.150823,2.967903,0.6468832,1.1139288,0.3370628,0.29629895,1.1139288,1.6182665,2.27271,1.0952567,0.81787425,2.27271,1.601173,2.2952816,1.2343916,0.5444648,2.310455,283.02295,283.02295,276.96204,276.96204,280.80365,280.80365,278.7644,278.7644,276.95923,276.95923,277.4033,277.4033,278.24225,278.24225,280.80365,280.80365,280.80365,269.14175,269.14175,269.14175,283.02295,283.02295,283.02295,275.05865,277.69064,271.59384,271.24802,277.69064,275.05865,277.69064,271.59384,271.24802,277.69064,275.05865,277.69064,271.59384,271.24802,277.69064,0.0,0.0,0.0,0.0,0.0,0.0,0.0,0.0,0.0,0.0,0.0,0.0,0.0,0.0,0.0,0.0,0.0,0.0,0.0,0.0,3.1502404,1.7431171,2.9568028,2.9426618,1.5490143,2.1806319,2.088188,2.9568028,0.37816268,3.1502404,1.6197,2.2730355,1.0977658,0.8214213,2.2730355,1.5156792722862171,2.1328941399187507,0.8124031368370441,0.8782311511437311,2.310556280252715,3.1502404,1.7431171,2.9568028,2.9426618,1.5490143,2.1806319,2.088188,2.9568028,0.37816268,3.1502404,1.6197,2.2730355,1.0977658,0.8214213,2.2730355,1.5156792722862171,2.1328941399187507,0.8124031368370441,0.8782311511437311,2.310556280252715
2012-12-24 17:00:00,0.0,0.0,0.0,0.0,0.0,0.0,0.0,0.0,0.0,0.0,0.0,0.0,0.0,0.0,0.0,0.0,0.0,0.0,0.0,0.0,0.0,0.0,0.0,0.0,0.0,0.0,0.0,0.0,0.0,0.0,0.0,0.0,0.0,0.0,0.0,0.0,0.0,0.0,1.6056242,3.060739,0.6857918,1.6862106,1.3419751,2.814564,1.373916,2.9107323,0.8593621,1.5514296,1.0951272,2.1444755,0.85691595,2.0605862,1.3419751,2.814564,2.5236065,0.0,0.32433638,0.19657259,1.6056242,3.060739,2.8747396,0.61512107,1.1016152,0.44194385,0.31639847,1.1016152,1.5609071,2.2580128,1.2336377,0.8508777,2.2580128,1.5408349,2.2789729,1.3693758,0.5872703,2.2958748,282.54507,282.54507,276.65176,276.65176,280.11914,280.11914,278.63754,278.63754,276.9735,276.9735,277.22867,277.22867,278.10648,278.10648,280.11914,280.11914,280.11914,268.84564,268.84564,268.84564,282.54507,282.54507,282.54507,274.7679,277.60846,272.38864,271.4377,277.60846,274.7679,277.60846,272.38864,271.4377,277.60846,274.7679,277.60846,272.38864,271.4377,277.60846,0.0,0.0,0.0,0.0,0.0,0.0,0.0,0.0,0.0,0.0,0.0,0.0,0.0,0.0,0.0,0.0,0.0,0.0,0.0,0.0,3.0601563,1.6873982,2.8141463,2.9121413,1.5513697,2.1450317,2.059013,2.8141463,0.3590035,3.0601563,1.5623405,2.2583382,1.2356943,0.8542515,2.2583382,1.4609390781332712,2.1189470769014656,0.9957683776080831,0.911249299579423,2.2959775065661194,3.0601563,1.6873982,2.8141463,2.9121413,1.5513697,2.1450317,2.059013,2.8141463,0.3590035,3.0601563,1.5623405,2.2583382,1.2356943,0.8542515,2.2583382,1.4609390781332712,2.1189470769014656,0.9957683776080831,0.911249299579423,2.2959775065661194
2012-12-24 18:00:00,0.0,0.0,0.0,0.0,0.0,0.0,0.0,0.0,0.0,0.0,0.0,0.0,0.0,0.0,0.0,0.0,0.0,0.0,0.0,0.0,0.0,0.0,0.0,0.0,0.0,0.0,0.0,0.0,0.0,0.0,0.0,0.0,0.0,0.0,0.0,0.0,0.0,0.0,1.5622097,3.005477,0.6565738,1.6285079,1.2738405,2.7208736,1.3696086,2.904014,0.8507574,1.5391597,1.0752378,2.1169758,0.86405957,2.0704489,1.2738405,2.7208736,2.4335957,0.0,0.31693655,0.188023,1.5622097,3.005477,2.8175883,0.5977381,1.070335,0.4581891,0.38077125,1.070335,1.5295148,2.2206774,1.2550719,0.95657796,2.2206774,1.5078125,2.2375448,1.3902838,0.7243632,2.2588372,282.25192,282.25192,276.33044,276.33044,279.6696,279.6696,278.60962,278.60962,276.8991,276.8991,277.09378,277.09378,278.15237,278.15237,279.6696,279.6696,279.6696,268.7861,268.7861,268.7861,282.25192,282.25192,282.25192,274.6088,277.3997,272.51175,272.04526,277.3997,274.6088,277.3997,272.51175,272.04526,277.3997,274.6088,277.3997,272.51175,272.04526,277.3997,0.0,0.0,0.0,0.0,0.0,0.0,0.0,0.0,0.0,0.0,0.0,0.0,0.0,0.0,0.0,0.0,0.0,0.0,0.0,0.0,3.0048945,1.6296954,2.720456,2.9054234,1.5390997,2.117532,2.0688756,2.720456,0.35515115,3.0048945,1.5309484,2.2210028,1.2570583,0.95939684,2.2210028,1.4309805001639777,2.083517497212922,1.0241701354513628,1.0169966128126524,2.2589431988089728,3.0048945,1.6296954,2.720456,2.9054234,1.5390997,2.117532,2.0688756,2.720456,0.35515115,3.0048945,1.5309484,2.2210028,1.2570583,0.95939684,2.2210028,1.4309805001639777,2.083517497212922,1.0241701354513628,1.0169966128126524,2.2589431988089728
2012-12-24 19:00:00,0.0,0.0,0.0,0.0,0.0,0.0,0.0,0.0,0.0,0.0,0.0,0.0,0.0,0.0,0.0,0.0,0.0,0.0,0.0,0.0,0.0,0.0,0.0,0.0,0.0,0.0,0.0,0.0,0.0,0.0,0.0,0.0,0.0,0.0,0.0,0.0,0.0,0.0,1.5318792,2.9668696,0.63531184,1.5865175,1.2223523,2.6500733,1.329924,2.8421218,0.84185266,1.526462,1.090398,2.1379366,0.8829068,2.0964696,1.2223523,2.6500733,2.3655758,0.0,0.2665788,0.12984106,1.5318792,2.9668696,2.7776613,0.61964846,1.0456119,0.4718892,0.41357526,1.0456119,1.5690831,2.1911678,1.273148,1.0104421,2.1911678,1.5494356,2.2048004,1.4079161,0.794225,2.2295632,282.04712,282.04712,276.09662,276.09662,279.32986,279.32986,278.35236,278.35236,276.8221,276.8221,277.1966,277.1966,278.27347,278.27347,279.32986,279.32986,279.32986,268.38092,268.38092,268.38092,282.04712,282.04712,282.04712,274.80936,277.23468,272.61557,272.35486,277.23468,274.80936,277.23468,272.61557,272.35486,277.23468,274.80936,277.23468,272.61557,272.35486,277.23468,0.0,0.0,0.0,0.0,0.0,0.0,0.0,0.0,0.0,0.0,0.0,0.0,0.0,0.0,0.0,0.0,0.0,0.0,0.0,0.0,2.966287,1.5877048,2.6496553,2.843531,1.526402,2.1384926,2.0948966,2.6496553,0.332838,2.966287,1.5705166,2.1914935,1.2750752,1.0129782,2.1914935,1.4687418684827727,2.055514612053449,1.048122237628566,1.0708848232180732,2.2296719662343647,2.966287,1.5877048,2.6496553,2.843531,1.526402,2.1384926,2.0948966,2.6496553,0.332838,2.966287,1.5705166,2.1914935,1.2750752,1.0129782,2.1914935,1.4687418684827727,2.055514612053449,1.048122237628566,1.0708848232180732,2.2296719662343647
2012-12-24 20:00:00,0.0,0.0,0.0,0.0,0.0,0.0,0.0,0.0,0.0,0.0,0.0,0.0,0.0,0.0,0.0,0.0,0.0,0.0,0.0,0.0,0.0,0.0,0.0,0.0,0.0,0.0,0.0,0.0,0.0,0.0,0.0,0.0,0.0,0.0,0.0,0.0,0.0,0.0,1.5037136,2.9310176,0.60393786,1.5245564,1.1835048,2.596655,1.2953092,2.7881365,0.8336928,1.514826,1.0521355,2.085034,0.89913666,2.1188774,1.1835048,2.596655,2.3142555,0.0,0.2520598,0.11306619,1.5037136,2.9310176,2.7405837,0.6018855,1.0201523,0.48254883,0.3372417,1.0201523,1.5370047,2.1607797,1.2872121,0.8851023,2.1607797,1.5156915,2.171081,1.4216354,0.63165957,2.1994176,281.85693,281.85693,275.7516,275.7516,279.07355,279.07355,278.12796,278.12796,276.75156,276.75156,276.9371,276.9371,278.37775,278.37775,279.07355,279.07355,279.07355,268.2641,268.2641,268.2641,281.85693,281.85693,281.85693,274.64676,277.06476,272.69635,271.63443,277.06476,274.64676,277.06476,272.69635,271.63443,277.06476,274.64676,277.06476,272.69635,271.63443,277.06476,0.0,0.0,0.0,0.0,0.0,0.0,0.0,0.0,0.0,0.0,0.0,0.0,0.0,0.0,0.0,0.0,0.0,0.0,0.0,0.0,2.9304352,1.5257438,2.596237,2.7895455,1.5147661,2.0855901,2.117304,2.596237,0.32684922,2.9304352,1.5384382,2.1611056,1.2890936,0.8882964,2.1611056,1.4381282698214004,2.0266779069363885,1.0667586910274656,0.945489162001635,2.1995291471155523,2.9304352,1.5257438,2.596237,2.7895455,1.5147661,2.0855901,2.117304,2.596237,0.32684922,2.9304352,1.5384382,2.1611056,1.2890936,0.8882964,2.1611056,1.4381282698214004,2.0266779069363885,1.0667586910274656,0.945489162001635,2.1995291471155523
2012-12-24 21:00:00,0.0,0.0,0.0,0.0,0.0,0.0,0.0,0.0,0.0,0.0,0.0,0.0,0.0,0.0,0.0,0.0,0.0,0.0,0.0,0.0,0.0,0.0,0.0,0.0,0.0,0.0,0.0,0.0,0.0,0.0,0.0,0.0,0.0,0.0,0.0,0.0,0.0,0.0,1.4854636,2.9077876,0.57699,1.4713367,1.1497358,2.55022,1.2592635,2.731919,0.825455,1.5030797,1.0573418,2.0922325,0.9214607,2.1496985,1.1497358,2.55022,2.2696443,0.0,0.24358651,0.103276424,1.4854636,2.9077876,2.71656,0.5757277,0.98798513,0.4812642,0.22666845,0.98798513,1.4897661,2.1223857,1.285517,0.7035409,2.1223857,1.4659996,2.128478,1.4199817,0.39617473,2.1613297,281.7337,281.7337,275.45523,275.45523,278.85074,278.85074,277.8943,277.8943,276.68033,276.68033,276.9724,276.9724,278.52118,278.52118,278.85074,278.85074,278.85074,268.19592,268.19592,268.19592,281.7337,281.7337,281.7337,274.40732,276.85007,272.6866,270.59085,276.85007,274.40732,276.85007,272.6866,270.59085,276.85007,274.40732,276.85007,272.6866,270.59085,276.85007,0.0,0.0,0.0,0.0,0.0,0.0,0.0,0.0,0.0,0.0,0.0,0.0,0.0,0.0,0.0,0.0,0.0,0.0,0.0,0.0,2.907205,1.4725239,2.549802,2.733328,1.5030196,2.0927885,2.1481252,2.549802,0.32335424,2.907205,1.4911995,2.1227114,1.2874042,0.70768815,2.1227114,1.3930467579788464,1.990243600093982,1.064512741411202,0.763846851205798,2.161444604640545,2.907205,1.4725239,2.549802,2.733328,1.5030196,2.0927885,2.1481252,2.549802,0.32335424,2.907205,1.4911995,2.1227114,1.2874042,0.70768815,2.1227114,1.3930467579788464,1.990243600093982,1.064512741411202,0.763846851205798,2.161444604640545
2012-12-24 22:00:00,0.0,0.0,0.0,0.0,0.0,0.0,0.0,0.0,0.0,0.0,0.0,0.0,0.0,0.0,0.0,0.0,0.0,0.0,0.0,0.0,0.0,0.0,0.0,0.0,0.0,0.0,0.0,0.0,0.0,0.0,0.0,0.0,0.0,0.0,0.0,0.0,0.0,0.0,1.4593091,2.874496,0.56027627,1.4383283,1.1193202,2.508396,1.2262495,2.68043,0.8172491,1.4913784,1.048513,2.0800254,0.951712,2.1914642,1.1193202,2.508396,2.2294629,0.0,0.27804083,0.14308396,1.4593091,2.874496,2.68213,0.5445857,0.9631019,0.48443756,0.19488624,0.9631019,1.4335264,2.0926855,1.2897041,0.6513545,2.0926855,1.4068395,2.095522,1.424066,0.3284891,2.1318665,281.5571,281.5571,275.27142,275.27142,278.65005,278.65005,277.68027,277.68027,276.60938,276.60938,276.91254,276.91254,278.71555,278.71555,278.65005,278.65005,278.65005,268.47314,268.47314,268.47314,281.5571,281.5571,281.5571,274.12225,276.684,272.71066,270.2909,276.684,274.12225,276.684,272.71066,270.2909,276.684,274.12225,276.684,272.71066,270.2909,276.684,0.0,0.0,0.0,0.0,0.0,0.0,0.0,0.0,0.0,0.0,0.0,0.0,0.0,0.0,0.0,0.0,0.0,0.0,0.0,0.0,2.8739133,1.4395157,2.5079782,2.681839,1.4913183,2.0805817,2.189891,2.5079782,0.33756578,2.8739133,1.4349599,2.0930111,1.2915775,0.6557757,2.0930111,1.339375281797187,1.9620594497263375,1.0700607298049811,0.7116371695818571,2.1319838967302402,2.8739133,1.4395157,2.5079782,2.681839,1.4913183,2.0805817,2.189891,2.5079782,0.33756578,2.8739133,1.4349599,2.0930111,1.2915775,0.6557757,2.0930111,1.339375281797187,1.9620594497263375,1.0700607298049811,0.7116371695818571,2.1319838967302402
2012-12-24 23:00:00,0.0,0.0,0.0,0.0,0.0,0.0,0.0,0.0,0.0,0.0,0.0,0.0,0.0,0.0,0.0,0.0,0.0,0.0,0.0,0.0,0.0,0.0,0.0,0.0,0.0,0.0,0.0,0.0,0.0,0.0,0.0,0.0,0.0,0.0,0.0,0.0,0.0,0.0,1.4415565,2.8518987,0.5544349,1.4267921,1.0798713,2.4541507,1.2053761,2.6478758,0.81191975,1.4837788,1.0396167,2.0677254,0.97804475,2.2278202,1.0798713,2.4541507,2.177348,0.0,0.34671798,0.22243172,1.4415565,2.8518987,2.6587605,0.52081496,0.9449356,0.49051043,0.18964797,0.9449356,1.3905987,2.0710025,1.2977169,0.6427532,2.0710025,1.3616823,2.071462,1.431882,0.31733325,2.1103563,281.43723,281.43723,275.20718,275.20718,278.38977,278.38977,277.54495,277.54495,276.5633,276.5633,276.8522,276.8522,278.88474,278.88474,278.38977,278.38977,278.38977,269.02573,269.02573,269.02573,281.43723,281.43723,281.43723,273.90466,276.56274,272.75668,270.24146,276.56274,273.90466,276.56274,272.75668,270.24146,276.56274,273.90466,276.56274,272.75668,270.24146,276.56274,0.0,0.0,0.0,0.0,0.0,0.0,0.0,0.0,0.0,0.0,0.0,0.0,0.0,0.0,0.0,0.0,0.0,0.0,0.0,0.0,2.851316,1.4279796,2.453733,2.6492848,1.4837188,2.0682817,2.2262468,2.453733,0.37065542,2.851316,1.3920321,2.071328,1.2995638,0.6472196,2.071328,1.2984077595645322,1.9414832590959352,1.0806779461727714,0.7030320536768023,2.1104757393381717,2.851316,1.4279796,2.453733,2.6492848,1.4837188,2.0682817,2.2262468,2.453733,0.37065542,2.851316,1.3920321,2.071328,1.2995638,0.6472196,2.071328,1.2984077595645322,1.9414832590959352,1.0806779461727714,0.7030320536768023,2.1104757393381717
