,CH-Cha_REF_GPP_WRF,CH-Cha_ALPS_GPP_WRF,CH-Fru_REF_GPP_WRF,CH-Fru_ALPS_GPP_WRF,CH-Oe1_REF_GPP_WRF,CH-Oe1_ALPS_GPP_WRF,DE-Lkb_REF_GPP_WRF,DE-Lkb_ALPS_GPP_WRF,IT-Isp_REF_GPP_WRF,IT-Isp_ALPS_GPP_WRF,IT-La2_REF_GPP_WRF,IT-La2_ALPS_GPP_WRF,IT-PT1_REF_GPP_WRF,IT-PT1_ALPS_GPP_WRF,CH-Oe2_REF_GPP_WRF,CH-Oe2_ALPS_GPP_WRF,CH-Oe2_SITE_GPP_WRF,IT-Tor_REF_GPP_WRF,IT-Tor_ALPS_GPP_WRF,IT-Tor_SITE_GPP_WRF,CH-Lae_REF_GPP_WRF,CH-Lae_ALPS_GPP_WRF,CH-Lae_SITE_GPP_WRF,CH-Dav_REF_GPP_WRF,IT-Lav_REF_GPP_WRF,IT-Ren_REF_GPP_WRF,AT-Neu_REF_GPP_WRF,IT-MBo_REF_GPP_WRF,CH-Dav_ALPS_GPP_WRF,IT-Lav_ALPS_GPP_WRF,IT-Ren_ALPS_GPP_WRF,AT-Neu_ALPS_GPP_WRF,IT-MBo_ALPS_GPP_WRF,CH-Dav_SITE_GPP_WRF,IT-Lav_SITE_GPP_WRF,IT-Ren_SITE_GPP_WRF,AT-Neu_SITE_GPP_WRF,IT-MBo_SITE_GPP_WRF,CH-Cha_REF_RECO_WRF,CH-Cha_ALPS_RECO_WRF,CH-Fru_REF_RECO_WRF,CH-Fru_ALPS_RECO_WRF,CH-Oe1_REF_RECO_WRF,CH-Oe1_ALPS_RECO_WRF,DE-Lkb_REF_RECO_WRF,DE-Lkb_ALPS_RECO_WRF,IT-Isp_REF_RECO_WRF,IT-Isp_ALPS_RECO_WRF,IT-La2_REF_RECO_WRF,IT-La2_ALPS_RECO_WRF,IT-PT1_REF_RECO_WRF,IT-PT1_ALPS_RECO_WRF,CH-Oe2_REF_RECO_WRF,CH-Oe2_ALPS_RECO_WRF,CH-Oe2_SITE_RECO_WRF,IT-Tor_REF_RECO_WRF,IT-Tor_ALPS_RECO_WRF,IT-Tor_SITE_RECO_WRF,CH-Lae_REF_RECO_WRF,CH-Lae_ALPS_RECO_WRF,CH-Lae_SITE_RECO_WRF,CH-Dav_REF_RECO_WRF,IT-Lav_REF_RECO_WRF,IT-Ren_REF_RECO_WRF,AT-Neu_REF_RECO_WRF,IT-MBo_REF_RECO_WRF,CH-Dav_ALPS_RECO_WRF,IT-Lav_ALPS_RECO_WRF,IT-Ren_ALPS_RECO_WRF,AT-Neu_ALPS_RECO_WRF,IT-MBo_ALPS_RECO_WRF,CH-Dav_SITE_RECO_WRF,IT-Lav_SITE_RECO_WRF,IT-Ren_SITE_RECO_WRF,AT-Neu_SITE_RECO_WRF,IT-MBo_SITE_RECO_WRF,CH-Cha_REF_T2_WRF,CH-Cha_ALPS_T2_WRF,CH-Fru_REF_T2_WRF,CH-Fru_ALPS_T2_WRF,CH-Oe1_REF_T2_WRF,CH-Oe1_ALPS_T2_WRF,DE-Lkb_REF_T2_WRF,DE-Lkb_ALPS_T2_WRF,IT-Isp_REF_T2_WRF,IT-Isp_ALPS_T2_WRF,IT-La2_REF_T2_WRF,IT-La2_ALPS_T2_WRF,IT-PT1_REF_T2_WRF,IT-PT1_ALPS_T2_WRF,CH-Oe2_REF_T2_WRF,CH-Oe2_ALPS_T2_WRF,CH-Oe2_SITE_T2_WRF,IT-Tor_REF_T2_WRF,IT-Tor_ALPS_T2_WRF,IT-Tor_SITE_T2_WRF,CH-Lae_REF_T2_WRF,CH-Lae_ALPS_T2_WRF,CH-Lae_SITE_T2_WRF,CH-Dav_REF_T2_WRF,IT-Lav_REF_T2_WRF,IT-Ren_REF_T2_WRF,AT-Neu_REF_T2_WRF,IT-MBo_REF_T2_WRF,CH-Dav_ALPS_T2_WRF,IT-Lav_ALPS_T2_WRF,IT-Ren_ALPS_T2_WRF,AT-Neu_ALPS_T2_WRF,IT-MBo_ALPS_T2_WRF,CH-Dav_SITE_T2_WRF,IT-Lav_SITE_T2_WRF,IT-Ren_SITE_T2_WRF,AT-Neu_SITE_T2_WRF,IT-MBo_SITE_T2_WRF,CH-Cha_ALPS_GPP_recalc,CH-Fru_ALPS_GPP_recalc,CH-Oe1_ALPS_GPP_recalc,DE-Lkb_ALPS_GPP_recalc,IT-Isp_ALPS_GPP_recalc,IT-La2_ALPS_GPP_recalc,IT-PT1_ALPS_GPP_recalc,CH-Oe2_ALPS_GPP_recalc,IT-Tor_ALPS_GPP_recalc,CH-Lae_ALPS_GPP_recalc,CH-Dav_ALPS_GPP_recalc,IT-Lav_ALPS_GPP_recalc,IT-Ren_ALPS_GPP_recalc,AT-Neu_ALPS_GPP_recalc,IT-MBo_ALPS_GPP_recalc,CH-Dav_SITE_GPP_recalc,IT-Lav_SITE_GPP_recalc,IT-Ren_SITE_GPP_recalc,AT-Neu_SITE_GPP_recalc,IT-MBo_SITE_GPP_recalc,CH-Cha_ALPS_RECO_recalc,CH-Fru_ALPS_RECO_recalc,CH-Oe1_ALPS_RECO_recalc,DE-Lkb_ALPS_RECO_recalc,IT-Isp_ALPS_RECO_recalc,IT-La2_ALPS_RECO_recalc,IT-PT1_ALPS_RECO_recalc,CH-Oe2_ALPS_RECO_recalc,IT-Tor_ALPS_RECO_recalc,CH-Lae_ALPS_RECO_recalc,CH-Dav_ALPS_RECO_recalc,IT-Lav_ALPS_RECO_recalc,IT-Ren_ALPS_RECO_recalc,AT-Neu_ALPS_RECO_recalc,IT-MBo_ALPS_RECO_recalc,CH-Dav_SITE_RECO_recalc,IT-Lav_SITE_RECO_recalc,IT-Ren_SITE_RECO_recalc,AT-Neu_SITE_RECO_recalc,IT-MBo_SITE_RECO_recalc,CH-Cha_ALPS_NEE_recalc,CH-Fru_ALPS_NEE_recalc,CH-Oe1_ALPS_NEE_recalc,DE-Lkb_ALPS_NEE_recalc,IT-Isp_ALPS_NEE_recalc,IT-La2_ALPS_NEE_recalc,IT-PT1_ALPS_NEE_recalc,CH-Oe2_ALPS_NEE_recalc,IT-Tor_ALPS_NEE_recalc,CH-Lae_ALPS_NEE_recalc,CH-Dav_ALPS_NEE_recalc,IT-Lav_ALPS_NEE_recalc,IT-Ren_ALPS_NEE_recalc,AT-Neu_ALPS_NEE_recalc,IT-MBo_ALPS_NEE_recalc,CH-Dav_SITE_NEE_recalc,IT-Lav_SITE_NEE_recalc,IT-Ren_SITE_NEE_recalc,AT-Neu_SITE_NEE_recalc,IT-MBo_SITE_NEE_recalc
2012-01-12 00:00:00,0.0,0.0,0.0,0.0,0.0,0.0,0.0,0.0,0.0,0.0,0.0,0.0,0.0,0.0,0.0,0.0,0.0,0.0,0.0,0.0,0.0,0.0,0.0,0.0,0.0,0.0,0.0,0.0,0.0,0.0,0.0,0.0,0.0,0.0,0.0,0.0,0.0,0.0,0.07402693,0.78545856,1.059996,2.3745008,0.10285031,0.74759656,0.6707994,1.7514087,0.23979987,0.8394236,0.6476958,1.6240886,0.021676762,0.82268274,0.0,0.7155742,0.3767029,0.082973525,0.14734297,0.26514384,0.0635176,1.2826461,0.9816539,0.031153113,0.36229783,0.35862377,0.028096814,0.5450984,0.58294797,1.2648244,1.0756146,0.0,1.6231923,0.25946116,0.8618522,1.2486101,0.0,1.7832557,270.4576,270.4576,276.14005,276.14005,270.9718,270.9718,272.82333,272.82333,274.09613,274.09613,272.74213,272.74213,272.8479,272.8479,269.77603,269.77603,269.77603,270.25574,270.25574,270.25574,272.26517,272.26517,272.26517,269.1042,271.36258,270.7153,267.5132,272.7393,269.1042,271.36258,270.7153,267.5132,272.7393,269.1042,271.36258,270.7153,267.5132,272.7393,0.0,0.0,0.0,0.0,0.0,0.0,0.0,0.0,0.0,0.0,0.0,0.0,0.0,0.0,0.0,0.0,0.0,0.0,0.0,0.0,0.78695697,2.377159,0.7485854,1.7537026,0.8390152,1.6264818,0.82139,0.71435726,0.1515819,1.2821145,0.6109704,1.2678828,1.0787144,0.12363214,1.6250992,0.500493100793663,0.9408125815288622,0.545624713103674,0.12363213920203778,1.7846453421173796,0.78695697,2.377159,0.7485854,1.7537026,0.8390152,1.6264818,0.82139,0.71435726,0.1515819,1.2821145,0.6109704,1.2678828,1.0787144,0.12363214,1.6250992,0.500493100793663,0.9408125815288622,0.545624713103674,0.12363213920203778,1.7846453421173796
2012-01-12 01:00:00,0.0,0.0,0.0,0.0,0.0,0.0,0.0,0.0,0.0,0.0,0.0,0.0,0.0,0.0,0.0,0.0,0.0,0.0,0.0,0.0,0.0,0.0,0.0,0.0,0.0,0.0,0.0,0.0,0.0,0.0,0.0,0.0,0.0,0.0,0.0,0.0,0.0,0.0,0.0,0.60660756,0.59079885,1.3748027,0.07197493,0.6841248,0.5622091,1.6334764,0.21517937,0.80937874,0.44947913,1.3669449,0.017970102,0.81758034,0.0,0.73598355,0.39739472,0.13696148,0.33673602,0.4026313,0.1453556,1.3718443,1.0686666,0.0008381977,0.23461093,0.18807188,0.48994243,0.42781672,0.5375765,1.1284242,0.8524963,1.1525979,1.4693987,0.19662455,0.661076,1.031355,1.0780296,1.6331167,269.46506,269.46506,272.52325,272.52325,270.73773,270.73773,272.20392,272.20392,273.81213,273.81213,271.4998,271.4998,272.8197,272.8197,269.87485,269.87485,269.87485,271.98077,271.98077,271.98077,272.84268,272.84268,272.84268,268.87894,270.53558,269.58212,273.02115,272.02213,268.87894,270.53558,269.58212,273.02115,272.02213,268.87894,270.53558,269.58212,273.02115,272.02213,0.0,0.0,0.0,0.0,0.0,0.0,0.0,0.0,0.0,0.0,0.0,0.0,0.0,0.0,0.0,0.0,0.0,0.0,0.0,0.0,0.60831183,1.3774874,0.68511367,1.6358865,0.80897033,1.3693382,0.8162875,0.73476654,0.33893982,1.3713126,0.58489966,1.1320251,0.8558478,1.1549114,1.4717261,0.47887264345114566,0.8349323714250352,0.21985147273200775,1.3112847664406464,1.6349677803837845,0.60831183,1.3774874,0.68511367,1.6358865,0.80897033,1.3693382,0.8162875,0.73476654,0.33893982,1.3713126,0.58489966,1.1320251,0.8558478,1.1549114,1.4717261,0.47887264345114566,0.8349323714250352,0.21985147273200775,1.3112847664406464,1.6349677803837845
2012-01-12 02:00:00,0.0,0.0,0.0,0.0,0.0,0.0,0.0,0.0,0.0,0.0,0.0,0.0,0.0,0.0,0.0,0.0,0.0,0.0,0.0,0.0,0.0,0.0,0.0,0.0,0.0,0.0,0.0,0.0,0.0,0.0,0.0,0.0,0.0,0.0,0.0,0.0,0.0,0.0,0.18144242,0.964953,1.2205874,2.7166662,0.058988765,0.65742856,0.47422186,1.53792,0.18477023,0.77226985,0.6097995,1.5749263,0.15877503,1.0114061,0.0,1.0420153,0.7076626,0.06306447,0.07750079,0.21444279,0.14097483,1.3670696,1.0640087,0.023209885,0.11844928,0.21105126,0.49536997,0.51921153,0.57105964,1.0043353,0.8825582,1.1698874,1.5892465,0.24299647,0.47842196,1.060627,1.096691,1.7501166,271.45374,271.45374,277.37796,277.37796,270.63928,270.63928,271.70203,271.70203,273.46136,273.46136,272.5046,272.5046,273.89087,273.89087,271.35657,271.35657,271.35657,269.6196,269.6196,269.6196,272.81177,272.81177,272.81177,269.04517,269.78323,269.7348,273.08588,272.581,269.04517,269.78323,269.7348,273.08588,272.581,269.04517,269.78323,269.7348,273.08588,272.581,0.0,0.0,0.0,0.0,0.0,0.0,0.0,0.0,0.0,0.0,0.0,0.0,0.0,0.0,0.0,0.0,0.0,0.0,0.0,0.0,0.96624476,2.7193246,0.65841746,1.5404241,0.77186143,1.5773195,1.0101132,1.0407983,0.08249022,1.3665378,0.6041392,1.0084301,0.8858758,1.1722009,1.5912461,0.4948280195715483,0.7386090820162141,0.26374470556566726,1.3287455646705637,1.7516080011509045,0.96624476,2.7193246,0.65841746,1.5404241,0.77186143,1.5773195,1.0101132,1.0407983,0.08249022,1.3665378,0.6041392,1.0084301,0.8858758,1.1722009,1.5912461,0.4948280195715483,0.7386090820162141,0.26374470556566726,1.3287455646705637,1.7516080011509045
2012-01-12 03:00:00,0.0,0.0,0.0,0.0,0.0,0.0,0.0,0.0,0.0,0.0,0.0,0.0,0.0,0.0,0.0,0.0,0.0,0.0,0.0,0.0,0.0,0.0,0.0,0.0,0.0,0.0,0.0,0.0,0.0,0.0,0.0,0.0,0.0,0.0,0.0,0.0,0.0,0.0,0.044465546,0.73606056,1.1955075,2.663229,0.013017878,0.5629244,0.44910333,1.5106405,0.16984078,0.754051,0.7407299,1.7447805,0.28624156,1.1868708,0.0,1.0582392,0.72411114,0.12188236,0.2838376,0.3642304,0.08440524,1.3054123,1.0038623,0.045203704,0.07250853,0.15106964,0.3442294,0.5247413,0.6039773,0.9552596,0.8040894,0.688421,1.5964978,0.2885852,0.40618426,0.98422015,0.57702035,1.7571955,270.18347,270.18347,277.18463,277.18463,270.29077,270.29077,271.55875,271.55875,273.28915,273.28915,273.32523,273.32523,274.86057,274.86057,271.43512,271.43512,271.43512,271.49896,271.49896,271.49896,272.41257,272.41257,272.41257,269.2086,269.4857,269.33627,271.2834,272.6148,269.2086,269.4857,269.33627,271.2834,272.6148,269.2086,269.4857,269.33627,271.2834,272.6148,0.0,0.0,0.0,0.0,0.0,0.0,0.0,0.0,0.0,0.0,0.0,0.0,0.0,0.0,0.0,0.0,0.0,0.0,0.0,0.0,0.7376159,2.6658876,0.5639132,1.5131714,0.75364274,1.7471737,1.185578,1.0570223,0.2866098,1.3048806,0.6230538,0.9595497,0.8092237,0.69073457,1.5984776,0.5105139088913128,0.7005142427781494,0.1509011722776944,0.8425104931704066,1.758665138955195,0.7376159,2.6658876,0.5639132,1.5131714,0.75364274,1.7471737,1.185578,1.0570223,0.2866098,1.3048806,0.6230538,0.9595497,0.8092237,0.69073457,1.5984776,0.5105139088913128,0.7005142427781494,0.1509011722776944,0.8425104931704066,1.758665138955195
2012-01-12 04:00:00,0.0,0.0,0.0,0.0,0.0,0.0,0.0,0.0,0.0,0.0,0.0,0.0,0.0,0.0,0.0,0.0,0.0,0.0,0.0,0.0,0.0,0.0,0.0,0.0,0.0,0.0,0.0,0.0,0.0,0.0,0.0,0.0,0.0,0.0,0.0,0.0,0.0,0.0,0.0,0.19472893,1.0044042,2.2560534,0.0,0.46492797,0.43925384,1.4999437,0.15151696,0.7316902,0.60249096,1.5654448,0.33460867,1.2534508,0.0,1.0721186,0.7381826,0.098608494,0.20219143,0.3049604,0.0,1.1967051,0.89781845,0.010896638,0.020607332,0.6060553,0.085260704,0.6172441,0.5526307,0.8998165,1.3993083,0.0,1.7177984,0.2174736,0.3245742,1.5637975,0.0,1.8756137,267.1793,267.1793,275.71152,275.71152,269.92938,269.92938,271.50256,271.50256,273.0778,273.0778,272.4588,272.4588,275.22852,275.22852,271.50232,271.50232,271.50232,270.7553,270.7553,270.7553,271.70874,271.70874,271.70874,268.95367,269.14954,272.35928,268.19495,273.18045,268.95367,269.14954,272.35928,268.19495,273.18045,268.95367,269.14954,272.35928,268.19495,273.18045,0.0,0.0,0.0,0.0,0.0,0.0,0.0,0.0,0.0,0.0,0.0,0.0,0.0,0.0,0.0,0.0,0.0,0.0,0.0,0.0,0.43602663,2.258712,0.4659168,1.5024852,0.7312819,1.5678382,1.2521579,1.0709016,0.20584099,1.1961733,0.59354985,0.9094118,1.4020425,0.14357121,1.7194644,0.48604626491596414,0.6625613396028172,1.018246830383154,0.1435712148590748,1.8767371888072837,0.43602663,2.258712,0.4659168,1.5024852,0.7312819,1.5678382,1.2521579,1.0709016,0.20584099,1.1961733,0.59354985,0.9094118,1.4020425,0.14357121,1.7194644,0.48604626491596414,0.6625613396028172,1.018246830383154,0.1435712148590748,1.8767371888072837
2012-01-12 05:00:00,0.0,0.0,0.0,0.0,0.0,0.0,0.0,0.0,0.0,0.0,0.0,0.0,0.0,0.0,0.0,0.0,0.0,0.0,0.0,0.0,0.0,0.0,0.0,0.0,0.0,0.0,0.0,0.0,0.0,0.0,0.0,0.0,0.0,0.0,0.0,0.0,0.0,0.0,0.0,0.1216906,0.98453426,2.213717,0.0,0.441095,0.4431166,1.5041387,0.14583673,0.72475845,0.5428297,1.4880474,0.36921617,1.3010898,0.0,1.0765623,0.74268776,0.07856765,0.13188688,0.25392368,0.0,1.0986831,0.80219835,0.0,0.20837526,0.07146621,0.4445676,0.16107301,0.38311887,1.100398,0.6999511,1.0080535,1.119613,0.0,0.61982256,0.88281846,0.92201567,1.2916429,266.77396,266.77396,275.55835,275.55835,269.8415,269.8415,271.5246,271.5246,273.01227,273.01227,272.08487,272.08487,275.4918,275.4918,271.52383,271.52383,271.52383,270.11496,270.11496,270.11496,271.0741,271.0741,271.0741,268.11212,270.36566,268.80737,272.48,270.39102,268.11212,270.36566,268.80737,272.48,270.39102,268.11212,270.36566,268.80737,272.48,270.39102,0.0,0.0,0.0,0.0,0.0,0.0,0.0,0.0,0.0,0.0,0.0,0.0,0.0,0.0,0.0,0.0,0.0,0.0,0.0,0.0,0.40889964,2.2163758,0.44208387,1.5066761,0.72435015,1.4904406,1.299797,1.0753453,0.1362919,1.0981514,0.5065977,1.1041106,0.73963106,1.0103672,1.1228967,0.41572056939529634,0.8131772878478513,0.08742891509319739,1.1653088710078823,1.2945436816800742,0.40889964,2.2163758,0.44208387,1.5066761,0.72435015,1.4904406,1.299797,1.0753453,0.1362919,1.0981514,0.5065977,1.1041106,0.73963106,1.0103672,1.1228967,0.41572056939529634,0.8131772878478513,0.08742891509319739,1.1653088710078823,1.2945436816800742
2012-01-12 06:00:00,0.0,0.0,0.0,0.0,0.0,0.0,0.0,0.0,0.0,0.0,0.0,0.0,0.0,0.0,0.0,0.0,0.0,0.0,0.0,0.0,0.0,0.0,0.0,0.0,0.0,0.0,0.0,0.0,0.0,0.0,0.0,0.0,0.0,0.0,0.0,0.0,0.0,0.0,0.0,0.0696421,0.62586737,1.4495218,0.0010058582,0.53823084,0.41930875,1.4782827,0.14110631,0.71898586,0.5702623,1.5236351,0.39355415,1.3345925,0.0,1.0702213,0.7362591,0.0,0.0,0.0,0.0,0.99679625,0.70280784,0.0,0.0,0.0,0.3120739,0.00033209848,0.4377603,0.81371486,0.45218462,0.585988,0.9088306,0.058385596,0.19783594,0.6415629,0.46645927,1.0858691,266.4851,266.4851,272.79358,272.79358,270.1997,270.1997,271.3888,271.3888,272.9577,272.9577,272.2568,272.2568,275.67694,275.67694,271.49313,271.49313,271.49313,264.25003,264.25003,264.25003,270.41443,270.41443,270.41443,268.3834,268.6275,267.549,270.8999,269.4081,268.3834,268.6275,267.549,270.8999,269.4081,268.3834,268.6275,267.549,270.8999,269.4081,0.0,0.0,0.0,0.0,0.0,0.0,0.0,0.0,0.0,0.0,0.0,0.0,0.0,0.0,0.0,0.0,0.0,0.0,0.0,0.0,0.38956845,1.4521952,0.5392197,1.4808456,0.7185775,1.5260284,1.3332996,1.0690044,0.021372309,0.9962646,0.5329259,0.8361161,0.5755318,0.5883015,0.9126905,0.4366893141757054,0.6081886081229617,0.07530579809722635,0.7390628785748665,1.0894026217517492,0.38956845,1.4521952,0.5392197,1.4808456,0.7185775,1.5260284,1.3332996,1.0690044,0.021372309,0.9962646,0.5329259,0.8361161,0.5755318,0.5883015,0.9126905,0.4366893141757054,0.6081886081229617,0.07530579809722635,0.7390628785748665,1.0894026217517492
2012-01-12 07:00:00,0.0,0.0,0.0,0.0,0.0,0.0,0.0,0.0,0.0,0.0,0.0,0.0,0.0,0.0,0.0,0.0,0.0,0.0,0.0,0.0,0.0,0.0,0.0,0.0,0.0,0.0,0.0,0.0,0.0,0.0,0.0,0.0,0.0,0.0,0.0,0.0,0.0,0.0,0.0,0.4546854,0.51909804,1.2220325,0.027348543,0.5923845,0.46752357,1.5306455,0.14528644,0.72408694,0.4867814,1.4153366,0.4063911,1.3522632,0.0,1.0364623,0.7020327,0.0,0.0,0.0,0.0,0.9335176,0.64107966,0.0,0.0,0.6430439,0.32597145,0.08747995,0.43080786,0.7532485,1.4476967,0.6302594,1.0231091,0.048757084,0.10883169,1.6109145,0.5142436,1.1974322,268.62195,268.62195,271.97055,271.97055,270.3994,270.3994,271.66382,271.66382,273.00592,273.00592,271.73358,271.73358,275.7746,275.7746,271.32968,271.32968,271.32968,264.52643,264.52643,264.52643,270.00473,270.00473,270.00473,268.34888,268.2609,272.60504,271.06564,269.941,268.34888,268.2609,272.60504,271.06564,269.941,268.34888,268.2609,272.60504,271.06564,269.941,0.0,0.0,0.0,0.0,0.0,0.0,0.0,0.0,0.0,0.0,0.0,0.0,0.0,0.0,0.0,0.0,0.0,0.0,0.0,0.0,0.53257644,1.2247407,0.5933734,1.5331566,0.72367865,1.4177299,1.3509704,1.0352453,0.023168672,0.9329859,0.529576,0.7860635,1.4503766,0.6325728,1.0266566,0.4340213368614245,0.5714250604338054,1.0888988799553028,0.7837727301480305,1.2006226040067296,0.53257644,1.2247407,0.5933734,1.5331566,0.72367865,1.4177299,1.3509704,1.0352453,0.023168672,0.9329859,0.529576,0.7860635,1.4503766,0.6325728,1.0266566,0.4340213368614245,0.5714250604338054,1.0888988799553028,0.7837727301480305,1.2006226040067296
2012-01-12 08:00:00,0.0,0.0,-0.13543652,-0.18673933,0.0,0.0,0.0,0.0,-0.02420662,-0.0271358,-0.40973973,-0.5395738,-0.00828548,-0.010851098,0.0,0.0,0.0,0.0,0.0,0.0,0.0,0.0,0.0,0.0,0.0,0.0,0.0,-0.22201219,0.0,0.0,0.0,0.0,-0.28401572,0.0,0.0,0.0,0.0,-0.21338393,0.0,0.42428663,0.76211137,1.7398107,0.11530915,0.7732087,0.49277058,1.5580645,0.237141,0.8361789,0.8643713,1.9051787,0.44529092,1.4058111,0.0,1.0242281,0.6896292,0.10680898,0.23095924,0.32584402,0.0,0.9421999,0.6495491,0.078857765,0.55536664,0.59386516,0.44505632,0.78532135,0.65434647,1.4710686,1.3833607,1.0096105,1.9382012,0.3583431,1.1654358,1.5482693,0.9236962,2.0907793,268.45325,268.45325,273.8438,273.8438,271.06625,271.06625,271.80783,271.80783,274.06546,274.06546,274.10016,274.10016,276.07053,276.07053,271.27045,271.27045,271.27045,271.01733,271.01733,271.01733,270.06094,270.06094,270.06094,269.45865,272.61304,272.2783,272.48584,274.20822,269.45865,272.61304,272.2783,272.48584,274.20822,269.45865,272.61304,272.2783,272.48584,274.20822,0.0,0.27595133,0.0,0.0,0.024900876,0.7804331,0.009425259,0.0,0.0,0.0,0.0,0.0,0.0,0.0,0.40036723,0.0,0.0,0.0,0.0,0.4003672410768436,0.52128613,1.7424692,0.7741976,1.5605487,0.8357705,1.9075718,1.4045181,1.0230111,0.23429966,0.94166815,0.6601078,1.4733062,1.3861132,1.011924,1.9398671,0.542627466739671,1.1009085854037028,0.9949622731293997,1.1668812484062387,2.091843664632509,0.52128613,1.4665179,0.7741976,1.5605487,0.81086963,1.1271387,1.395093,1.0230111,0.23429966,0.94166815,0.6601078,1.4733062,1.3861132,1.011924,1.5394999,0.542627466739671,1.1009085854037028,0.9949622731293997,1.1668812484062387,1.6914764235556654
2012-01-12 09:00:00,0.0,0.0,-1.8090782,-2.4909103,0.0,0.0,0.0,0.0,-0.118499875,-0.12877236,-1.3680446,-1.7338266,-0.018829294,-0.024027262,0.0,0.0,0.0,-0.0010757933,-0.0012368652,-0.0011377777,0.0,0.0,0.0,0.0,-0.025256352,0.0,-0.10454935,0.0,0.0,-0.032366604,0.0,-0.13672924,0.0,0.0,-0.027355688,0.0,-0.11380449,0.0,0.20711078,1.0078455,1.4352746,3.1740901,0.3389805,1.2330189,0.49270636,1.5579946,0.40289137,1.0384473,1.0612099,2.1605349,0.5104905,1.4955616,0.0,1.1071321,0.7736807,0.17599352,0.47366285,0.5020317,0.0,1.1380503,0.8406008,0.43392557,0.6483648,0.6745205,0.5601595,0.55963135,1.1857674,1.5704131,1.4888752,1.3762779,1.6422497,1.0943261,1.3116673,1.6510108,1.3194586,1.8018605,271.69177,271.69177,279.03287,279.03287,272.76193,272.76193,271.80746,271.80746,275.9774,275.9774,275.33386,275.33386,276.56653,276.56653,271.67184,271.67184,271.67184,273.22794,273.22794,273.22794,271.32898,271.32898,271.32898,272.09692,273.21536,272.81418,273.85855,272.82816,272.09692,273.21536,272.81418,273.85855,272.82816,272.09692,273.21536,272.81418,273.85855,272.82816,0.0,3.1184773,0.0,0.0,0.11882217,2.3833256,0.02093625,0.0,0.0016934191,0.0,0.0,0.04688145,0.0,0.19873635,0.0,0.0,0.04079019588427865,0.0,0.19873634744549984,0.0,1.0090879,3.1767488,1.2340078,1.5604789,1.0380388,2.1629279,1.4942689,1.1059151,0.47448725,1.1375185,1.1887892,1.5722982,1.4915084,1.3785914,1.6441045,1.019184676447885,1.1780671632773159,1.1490228704828,1.5371802418904013,1.803192621256453,1.0090879,0.058271535,1.2340078,1.5604789,0.91921675,-0.22039774,1.4733326,1.1059151,0.47279385,1.1375185,1.1887892,1.5254167,1.4915084,1.179855,1.6441045,1.019184676447885,1.1372769673930372,1.1490228704828,1.3384438944449015,1.803192621256453
2012-01-12 10:00:00,0.0,0.0,-2.0796084,-2.8012733,-0.16985816,-0.21161942,0.0,0.0,-0.20452061,-0.21929099,-1.6385492,-2.042044,-0.030763531,-0.03849503,0.0,0.0,0.0,0.0,0.0,0.0,-0.02060774,-0.018449584,-0.017153548,-0.67820245,-0.4869998,0.0,0.0,0.0,-0.8556235,-0.61255574,0.0,0.0,0.0,-0.8264687,-0.53699046,0.0,0.0,0.0,0.32538927,1.2054923,1.4002812,3.0995314,0.47777075,1.5183356,0.52509034,1.5931644,0.5307957,1.1945314,1.0760461,2.1797817,0.6003328,1.6192346,0.13028748,1.4080899,1.0788044,0.16648358,0.44030148,0.4778134,0.20327446,1.4349722,1.1302476,0.84449756,0.81172997,0.47328192,0.4511338,0.56219155,1.8002603,1.7449266,1.2256119,1.0289707,1.645607,1.9453578,1.5685445,1.3946657,0.9445925,1.805138,272.78864,272.78864,278.76312,278.76312,273.81412,273.81412,271.9922,271.9922,277.45276,277.45276,275.42685,275.42685,277.25,277.25,273.129,273.129,273.129,272.92407,272.92407,272.92407,273.2514,273.2514,273.2514,275.1476,274.27344,271.4771,272.55832,272.8438,275.1476,274.27344,271.4771,272.55832,272.8438,275.1476,274.27344,271.4771,272.55832,272.8438,0.0,3.4896746,0.29697937,0.0,0.20333274,2.775803,0.033695124,0.0,0.0,0.019786065,1.184149,0.85715747,0.0,0.0,0.0,0.9185856901677241,0.7744621215008534,0.0,0.0,0.0,1.2065072,3.10219,1.5193245,1.5956142,1.1941229,2.1821747,1.6179419,1.4068729,0.4413924,1.4344405,1.8021884,1.7468116,1.2285424,1.0312841,1.6474526,1.572311599527458,1.3142268962263346,0.7646346613800368,1.1864330616056984,1.806460050582808,1.2065072,-0.38748446,1.2223451,1.5956142,0.9907902,-0.59362847,1.5842466,1.4068729,0.4413924,1.4146544,0.61803937,0.8896542,1.2285424,1.0312841,1.6474526,0.6537259093597338,0.5397647747254812,0.7646346613800368,1.1864330616056984,1.806460050582808
2012-01-12 11:00:00,-0.06053662,-0.06452488,-1.4772608,-1.9441205,-0.27614632,-0.34087276,0.0,0.0,-0.28860533,-0.312396,-2.186755,-2.7202747,-0.041071914,-0.050844748,-0.37151593,-0.34780595,-0.3304747,-0.0069626477,-0.007831825,-0.0076630553,-0.44776765,-0.40202174,-0.37895742,-0.6208764,-0.85881823,0.0,-0.13059963,-0.24614239,-0.7768333,-1.0725498,0.0,-0.16616936,-0.29614022,-0.76324505,-0.95368314,0.0,-0.14617626,-0.2509392,0.40420425,1.3371944,1.1337951,2.5317414,0.52408785,1.6135516,0.5580734,1.6289852,0.6323889,1.3185074,1.1812773,2.3162966,0.6951616,1.7497716,0.46629903,1.8144472,1.4907864,0.18613668,0.5092457,0.52786255,0.49642345,1.754486,1.4419326,0.8060546,0.9353694,0.7045227,0.56171274,0.7155612,1.7427235,1.8770034,1.5281246,1.381226,1.8467233,1.8656733,1.7629564,1.6892288,1.3247992,2.001475,273.51953,273.51953,276.70892,276.70892,274.16525,274.16525,272.18033,272.18033,278.62463,278.62463,276.0864,276.0864,277.9714,277.9714,275.09647,275.09647,275.09647,273.55203,273.55203,273.55203,275.3201,275.3201,275.3201,274.86197,275.07422,273.01352,273.87708,273.78165,274.86197,275.07422,273.01352,273.87708,273.78165,274.86197,275.07422,273.01352,273.87708,273.78165,0.0790853,2.5353944,0.47226176,0.0,0.29246622,3.6215506,0.044727784,0.37082416,0.010504436,0.42812812,1.0785637,1.4675256,0.0,0.23850651,0.40843606,0.8517766320908767,1.3441372724022238,0.0,0.2385065116575764,0.40843606562820556,1.3381344,2.5343997,1.6145405,1.6313996,1.3180991,2.3186898,1.7484788,1.8132303,0.5100701,1.7539542,1.7446517,1.8788885,1.5307136,1.3835394,1.8483894,1.5204183999981697,1.417276459047778,1.206330605215853,1.542177273727063,2.0025640661086954,1.2590492,-0.0009946468,1.1422787,1.6313996,1.0256329,-1.3028609,1.703751,1.442406,0.49956563,1.325826,0.666088,0.41136286,1.5307136,1.1450329,1.4399533,0.668641767907293,0.07313918664555419,1.206330605215853,1.3036707620694865,1.5941280004804899
2012-01-12 12:00:00,-0.12015428,-0.12804171,-1.4876782,-1.9576335,-0.35686758,-0.44019136,0.0,0.0,-0.35973164,-0.39604226,-2.211593,-2.7541194,-0.079270676,-0.10396337,-0.62188834,-0.5821155,-0.5539374,-0.005277166,-0.0059317425,-0.0058157304,-0.74958634,-0.6823211,-0.6379731,-0.693172,-1.0382661,-0.19926523,-0.34524003,-0.3138656,-0.86735255,-1.3024718,-0.25258872,-0.4403061,-0.37789473,-0.8520516,-1.1535019,-0.20699479,-0.3859596,-0.31973678,0.4439639,1.403634,1.136123,2.536701,0.56363404,1.6948484,0.5768629,1.649391,0.70602536,1.4083675,1.189881,2.327458,0.7808239,1.8676903,0.7081054,2.106877,1.7872641,0.18300202,0.4982492,0.5198798,0.7226975,2.00111,1.6825142,0.83443916,1.0033003,0.81741256,0.6689268,0.74533576,1.7852061,1.9495702,1.6758087,1.7227619,1.8857672,1.9245089,1.869772,1.833032,1.6934359,2.0395913,273.88824,273.88824,276.72687,276.72687,274.46506,274.46506,272.2875,272.2875,279.47403,279.47403,276.14032,276.14032,278.62308,278.62308,276.51233,276.51233,276.51233,273.45187,273.45187,273.45187,276.91687,276.91687,276.91687,275.07288,275.5142,273.76358,275.1557,273.9637,275.07288,275.5142,273.76358,275.1557,273.9637,275.07288,275.5142,273.76358,275.1557,273.9637,0.15609209,2.551352,0.60530245,0.0,0.37409455,3.662929,0.09625898,0.6173488,0.00796876,0.7223776,1.1980966,1.7613604,0.3663116,0.6119655,0.5192033,0.9456843431837649,1.6090503072877478,0.3847858303470567,0.6116980485477359,0.5192033284283246,1.4045739,2.5393596,1.6958373,1.6517854,1.4079592,2.3298512,1.8663976,2.10566,0.49907357,2.0005784,1.7871342,1.9514551,1.6783673,1.7250754,1.8874333,1.5587339878130106,1.4738948106939953,1.4220991570346628,1.8870959555927267,2.040669809762514,1.2484819,-0.011992423,1.0905348,1.6517854,1.0338647,-1.3330778,1.7701386,1.4883112,0.4911048,1.2782007,0.58903754,0.19009478,1.3120556,1.11311,1.36823,0.6130496446292457,-0.13515549659375248,1.037313326687606,1.2753979070449908,1.5214664813341896
2012-01-12 13:00:00,-0.16290691,-0.17437011,-2.0340505,-2.734789,-0.37661856,-0.4679737,0.0,0.0,-0.37687048,-0.42097038,-1.8266753,-2.2898366,-0.14365341,-0.19124047,-0.7116779,-0.666926,-0.62722987,0.0,0.0,0.0,-0.8443113,-0.7707629,-0.7098887,-0.7882772,-0.9928928,-0.21298003,0.0,-0.2600765,-1.0064201,-1.2578753,-0.2727208,0.0,-0.31572762,-0.9634553,-1.0930578,-0.2188264,0.0,-0.2626777,0.47967908,1.4633151,1.3749754,3.0456138,0.58443373,1.737607,0.5674522,1.6391704,0.7507106,1.4628978,1.1302443,2.2500918,0.8703092,1.9908719,0.8413322,2.2679954,1.9506128,0.17024669,0.45350263,0.48739663,0.83972,2.1286573,1.8069363,0.88995147,1.0120785,0.83116436,0.49252698,0.7296899,1.86829,1.9589473,1.693799,1.160831,1.8652507,2.0395746,1.8835748,1.8505495,1.086916,2.0195622,274.21945,274.21945,278.56805,278.56805,274.62274,274.62274,272.23383,272.23383,279.98947,279.98947,275.76654,275.76654,279.30383,279.30383,277.29242,277.29242,277.29242,273.0443,273.0443,273.0443,277.74268,277.74268,277.74268,275.48535,275.57104,273.85495,273.05197,273.86804,275.48535,275.57104,273.85495,273.05197,273.86804,275.48535,275.57104,273.85495,273.05197,273.86804,0.21219128,3.4201338,0.64332557,0.0,0.39933813,3.0883446,0.18135141,0.7065088,0.0,0.81568545,1.3746892,1.7056324,0.3963471,0.0,0.43651974,1.0688415978514119,1.5267006093947004,0.40646946899194036,0.0,0.436519737812964,1.4642551,3.0482721,1.7385958,1.6415751,1.4624894,2.252485,1.9895791,2.2667785,0.45445168,2.1281257,1.870218,1.9608325,1.6963576,1.1631445,1.8669165,1.6336686549965425,1.4812111725665698,1.4483869694034859,1.3195994322644167,2.020646090963533,1.2520639,-0.3718616,1.0952703,1.6415751,1.0631512,-0.83585936,1.8082278,1.5602696,0.45445168,1.3124402,0.49552882,0.25519997,1.3000104,1.1631445,1.4303968,0.5648270571451306,-0.04548943682813067,1.0419175004115455,1.3195994322644167,1.584126353150569
2012-01-12 14:00:00,-0.18697053,-0.20240077,-1.6614494,-2.2759197,-0.2908691,-0.36842638,0.0,0.0,-0.32679132,-0.37225327,-1.3314328,-1.7005746,-0.12453505,-0.17367364,-0.6437361,-0.605115,-0.55215997,0.0,0.0,0.0,-0.7271774,-0.6637842,-0.59185624,-0.38656375,-0.655657,-0.16669972,0.0,-0.12024464,-0.49819362,-0.8465652,-0.21877204,0.0,-0.14894599,-0.46092084,-0.7052406,-0.16693482,0.0,-0.11903787,0.5216863,1.5335104,1.346269,2.9844503,0.5653529,1.6983819,0.59993243,1.6744453,0.76232237,1.4770678,1.0736748,2.1767054,0.9210069,2.0606601,0.8847265,2.3204746,2.0038185,0.12357863,0.28978813,0.36855012,0.84799737,2.1376789,1.8157368,0.7533105,0.9305114,0.82536787,0.41179535,0.6765587,1.6637827,1.8718138,1.6862156,0.90365607,1.7955788,1.7563456,1.7553178,1.8431654,0.8093342,1.951546,274.609,274.609,278.34677,278.34677,274.4781,274.4781,272.4191,272.4191,280.1234,280.1234,275.412,275.412,279.6895,279.6895,277.5465,277.5465,277.5465,271.55316,271.55316,271.55316,277.8011,277.8011,277.8011,274.47006,275.04276,273.81644,272.08917,273.54315,274.47006,275.04276,273.81644,272.08917,273.54315,274.47006,275.04276,273.81644,272.08917,273.54315,0.24679247,2.8904986,0.5129443,0.0,0.3536643,2.3404694,0.16559471,0.6431712,0.0,0.7054415,0.7079942,1.1767743,0.32181582,0.0,0.20960887,0.5258858692223697,1.0035197189094824,0.3135915039863243,0.0,0.20960886889920463,1.5344504,2.9871085,1.6993707,1.6768148,1.4766594,2.1790986,2.0593674,2.3192577,0.29249644,2.1371472,1.6657109,1.873699,1.6887745,0.9059695,1.7972448,1.4492204867123666,1.4132275223378348,1.437306401865258,1.0598772618939971,1.9526484800117143,1.287658,0.09660982,1.1864265,1.6768148,1.1229951,-0.16137081,1.8937727,1.6760864,0.29249644,1.4317057,0.9577167,0.6969247,1.3669586,0.9059695,1.5876359,0.9233346174899969,0.40970780342835234,1.1237148978789335,1.0598772618939971,1.7430396111125097
2012-01-12 15:00:00,-0.037958432,-0.042160712,-0.7350135,-1.0424466,-0.1971381,-0.26074475,0.0,0.0,-0.18204075,-0.21257675,-0.4664196,-0.6247492,-0.058558013,-0.08607247,-0.2745861,-0.25995883,-0.22268404,0.0,0.0,0.0,-0.30187193,-0.2735073,-0.2289535,0.0,0.0,0.0,0.0,0.0,0.0,0.0,0.0,0.0,0.0,0.0,0.0,0.0,0.0,0.0,0.41553783,1.3561331,1.1481186,2.5622597,0.5810081,1.7305648,0.6170794,1.6930672,0.7121687,1.4158642,0.9319253,1.9928155,0.92192966,2.0619304,0.6184033,1.9983952,1.6772809,0.05844657,0.061300863,0.20268266,0.6158332,1.884635,1.5688928,0.4659204,0.5354778,0.4658456,0.34211832,0.54179955,1.2336532,1.4498225,1.2158837,0.68169606,1.6188666,1.1606447,1.1341625,1.3851932,0.5697617,1.7790327,273.62463,273.62463,276.81934,276.81934,274.59677,274.59677,272.5169,272.5169,279.5449,279.5449,274.52356,274.52356,279.69653,279.69653,275.9871,275.9871,275.9871,269.47205,269.47205,269.47205,276.16275,276.16275,276.16275,272.33466,272.48422,271.4277,271.2582,272.71912,272.33466,272.48422,271.4277,271.2582,272.71912,272.33466,272.48422,271.4277,271.2582,272.71912,0.053052746,1.4081644,0.37002197,0.0,0.20139384,0.902368,0.08193406,0.28048092,0.0,0.29475376,0.0,0.0,0.0,0.0,0.0,0.0,0.0,0.0,0.0,0.0,1.3570732,2.5649183,1.7315536,1.6954186,1.4154559,1.9952087,2.0606375,1.9971783,0.066464394,1.8841032,1.236428,1.4521446,1.2188252,0.6840095,1.6207852,1.0621266975190928,1.08441645038587,0.7504305550522943,0.8357188106905944,1.7804352626150006,1.3040204,1.1567539,1.3615316,1.6954186,1.2140621,1.0928408,1.9787035,1.7166975,0.066464394,1.5893494,1.236428,1.4521446,1.2188252,0.6840095,1.6207852,1.0621266975190928,1.08441645038587,0.7504305550522943,0.8357188106905944,1.7804352626150006
2012-01-12 16:00:00,0.0,0.0,0.0,0.0,0.0,0.0,0.0,0.0,0.0,0.0,0.0,0.0,0.0,0.0,0.0,0.0,0.0,0.0,0.0,0.0,0.0,0.0,0.0,0.0,0.0,0.0,0.0,0.0,0.0,0.0,0.0,0.0,0.0,0.0,0.0,0.0,0.0,0.0,0.14918914,0.9110569,0.39645314,0.96071863,0.25047648,1.0510776,0.6578843,1.7373825,0.5006273,1.1577164,1.0345856,2.1259954,0.84395343,1.9545918,0.092464685,1.3623486,1.03243,0.0389549,0.0,0.15304454,0.29255933,1.532287,1.2251781,0.15474159,0.0,0.35859165,0.43388915,0.3197078,0.7679198,0.8449421,1.0755726,0.97403693,1.3276336,0.5156348,0.24380139,1.2485693,0.8852998,1.4947203,271.15463,271.15463,271.02515,271.02515,272.09097,272.09097,272.74966,272.74966,277.10477,277.10477,275.167,275.167,279.10333,279.10333,272.90753,272.90753,272.90753,268.84924,268.84924,268.84924,273.88147,273.88147,273.88147,270.0225,268.81683,270.7151,272.35266,271.36105,270.0225,268.81683,270.7151,272.35266,271.36105,270.0225,268.81683,270.7151,272.35266,271.36105,0.0,0.0,0.0,0.0,0.0,0.0,0.0,0.0,0.0,0.0,0.0,0.0,0.0,0.0,0.0,0.0,0.0,0.0,0.0,0.0,0.9124107,0.9634663,1.0520664,1.7396903,1.1573079,2.1283886,1.9532989,1.3611317,0.05126348,1.5317553,0.7730957,0.86258066,1.0786723,0.9763505,1.3303486,0.6444755773059913,0.6277902224395868,0.5455632994259134,1.130955306173632,1.4969969147551403,0.9124107,0.9634663,1.0520664,1.7396903,1.1573079,2.1283886,1.9532989,1.3611317,0.05126348,1.5317553,0.7730957,0.86258066,1.0786723,0.9763505,1.3303486,0.6444755773059913,0.6277902224395868,0.5455632994259134,1.130955306173632,1.4969969147551403
2012-01-12 17:00:00,0.0,0.0,0.0,0.0,0.0,0.0,0.0,0.0,0.0,0.0,0.0,0.0,0.0,0.0,0.0,0.0,0.0,0.0,0.0,0.0,0.0,0.0,0.0,0.0,0.0,0.0,0.0,0.0,0.0,0.0,0.0,0.0,0.0,0.0,0.0,0.0,0.0,0.0,0.24660382,1.0738395,0.45763898,1.0910847,0.122844845,0.7887001,0.71183443,1.7959739,0.45290488,1.0994798,0.5373179,1.480897,0.78847384,1.8782212,0.0,1.0282242,0.69368064,0.0,0.0,0.0,0.17018722,1.3989092,1.0950683,0.10747641,0.008582657,1.0023363,0.025709335,0.20860454,0.6971792,0.8869711,1.9177284,0.0,1.181942,0.41766378,0.30566645,2.0685945,0.0,1.3524907,272.058,272.058,271.4968,271.4968,271.12338,271.12338,273.0574,273.0574,276.5543,276.5543,272.05032,272.05032,278.68127,278.68127,271.2898,271.2898,271.2898,266.59906,266.59906,266.59906,273.0179,273.0179,273.0179,269.6713,269.07166,274.99225,267.48474,270.68167,269.6713,269.07166,274.99225,267.48474,270.68167,269.6713,269.07166,274.99225,267.48474,270.68167,0.0,0.0,0.0,0.0,0.0,0.0,0.0,0.0,0.0,0.0,0.0,0.0,0.0,0.0,0.0,0.0,0.0,0.0,0.0,0.0,1.0750061,1.0938125,0.78968894,1.798224,1.0990714,1.4832901,1.8769283,1.0270072,0.036639106,1.3983775,0.7027198,0.8984493,1.9202871,0.122799374,1.1850553,0.5810382501574087,0.6544219256420242,1.775597358030386,0.12279937329541639,1.3552044943588297,1.0750061,1.0938125,0.78968894,1.798224,1.0990714,1.4832901,1.8769283,1.0270072,0.036639106,1.3983775,0.7027198,0.8984493,1.9202871,0.122799374,1.1850553,0.5810382501574087,0.6544219256420242,1.775597358030386,0.12279937329541639,1.3552044943588297
2012-01-12 18:00:00,0.0,0.0,0.0,0.0,0.0,0.0,0.0,0.0,0.0,0.0,0.0,0.0,0.0,0.0,0.0,0.0,0.0,0.0,0.0,0.0,0.0,0.0,0.0,0.0,0.0,0.0,0.0,0.0,0.0,0.0,0.0,0.0,0.0,0.0,0.0,0.0,0.0,0.0,0.25931296,1.0950768,0.85258573,1.9325804,0.038048252,0.61438036,0.6851483,1.766992,0.3874037,1.0195473,0.3989767,1.3014288,0.74137443,1.8133861,0.0,0.9080945,0.571888,0.0,0.0,0.0,0.10549178,1.3283951,1.0262821,0.12635705,0.663848,0.38699552,0.4770275,0.0,0.72543734,1.5869528,1.112731,1.1114568,0.89644855,0.45679945,1.3360131,1.284751,1.0336238,1.0737814,272.17587,272.17587,274.54123,274.54123,270.48053,270.48053,272.90518,272.90518,275.79874,275.79874,271.18326,271.18326,278.32297,278.32297,270.70816,270.70816,270.70816,264.5732,264.5732,264.5732,272.56137,272.56137,272.56137,269.81158,273.31564,270.9038,272.86713,269.35037,269.81158,273.31564,270.9038,272.86713,269.35037,269.81158,273.31564,270.9038,272.86713,269.35037,0.0,0.0,0.0,0.0,0.0,0.0,0.0,0.0,0.0,0.0,0.0,0.0,0.0,0.0,0.0,0.0,0.0,0.0,0.0,0.0,1.096219,1.9352388,0.6153692,1.7692705,1.019139,1.303822,1.8120934,0.9068775,0.023472726,1.3278637,0.7308323,1.588838,1.1157887,1.1137702,0.90136945,0.6063790037985308,1.190971921792227,0.5998178970360175,1.269736134348995,1.077581063944214,1.096219,1.9352388,0.6153692,1.7692705,1.019139,1.303822,1.8120934,0.9068775,0.023472726,1.3278637,0.7308323,1.588838,1.1157887,1.1137702,0.90136945,0.6063790037985308,1.190971921792227,0.5998178970360175,1.269736134348995,1.077581063944214
2012-01-12 19:00:00,0.0,0.0,0.0,0.0,0.0,0.0,0.0,0.0,0.0,0.0,0.0,0.0,0.0,0.0,0.0,0.0,0.0,0.0,0.0,0.0,0.0,0.0,0.0,0.0,0.0,0.0,0.0,0.0,0.0,0.0,0.0,0.0,0.0,0.0,0.0,0.0,0.0,0.0,0.22372939,1.0356157,0.738405,1.6893008,0.01890713,0.5750312,0.5987286,1.6731379,0.37994826,1.0104493,0.45796597,1.3779547,0.71722895,1.7801487,0.0,1.0769845,0.7431159,0.006058408,0.0,0.069269225,0.15445879,1.3817662,1.0783453,0.092247106,0.23218904,0.5097146,0.42005813,0.0,0.67438585,1.125837,1.2732737,0.92997754,0.8024184,0.38609648,0.65726763,1.4410751,0.83774436,0.9819856,271.8459,271.8459,273.66107,273.66107,270.33542,270.33542,272.41223,272.41223,275.71274,275.71274,271.55298,271.55298,278.13928,278.13928,271.52588,271.52588,271.52588,267.79813,267.79813,267.79813,272.90692,272.90692,272.90692,269.55814,270.5199,271.71918,272.1877,268.9119,269.55814,270.5199,271.71918,272.1877,268.9119,269.55814,270.5199,271.71918,272.1877,268.9119,0.0,0.0,0.0,0.0,0.0,0.0,0.0,0.0,0.0,0.0,0.0,0.0,0.0,0.0,0.0,0.0,0.0,0.0,0.0,0.0,1.0368263,1.6919593,0.57602,1.6755089,1.010041,1.380348,1.7788558,1.0757676,0.04443207,1.3812345,0.680044,1.1294482,1.2761503,0.93229103,0.839699,0.5605980686256964,0.8329240896436645,0.834225131665183,1.0864594955028621,0.9900598960000732,1.0368263,1.6919593,0.57602,1.6755089,1.010041,1.380348,1.7788558,1.0757676,0.04443207,1.3812345,0.680044,1.1294482,1.2761503,0.93229103,0.839699,0.5605980686256964,0.8329240896436645,0.834225131665183,1.0864594955028621,0.9900598960000732
2012-01-12 20:00:00,0.0,0.0,0.0,0.0,0.0,0.0,0.0,0.0,0.0,0.0,0.0,0.0,0.0,0.0,0.0,0.0,0.0,0.0,0.0,0.0,0.0,0.0,0.0,0.0,0.0,0.0,0.0,0.0,0.0,0.0,0.0,0.0,0.0,0.0,0.0,0.0,0.0,0.0,0.17191224,0.9490277,0.66775334,1.5387661,0.0,0.4620564,0.5665052,1.6381423,0.43357307,1.0758888,0.3334336,1.2164007,0.72979313,1.7974439,0.045380317,1.3054069,0.9747001,0.0,0.0,0.04321212,0.17232788,1.4012424,1.0973443,0.0,0.2464189,0.9865268,0.31138813,0.12843871,0.48968464,1.1410378,1.8970462,0.58380336,1.0768191,0.13029748,0.67964286,2.0484557,0.46410125,1.2498658,271.36536,271.36536,273.11646,273.11646,269.9188,269.9188,272.22842,272.22842,276.3313,276.3313,270.77246,270.77246,278.23486,278.23486,272.63184,272.63184,272.63184,267.4712,267.4712,267.4712,273.03302,273.03302,273.03302,268.64117,270.61206,274.8872,270.89172,270.19147,268.64117,270.61206,274.8872,270.89172,270.19147,268.64117,270.61206,274.8872,270.89172,270.19147,0.0,0.0,0.0,0.0,0.0,0.0,0.0,0.0,0.0,0.0,0.0,0.0,0.0,0.0,0.0,0.0,0.0,0.0,0.0,0.0,0.9503379,1.5414261,0.46304527,1.6405476,1.0754803,1.2187939,1.796151,1.3041899,0.042307258,1.4007107,0.55794495,1.1445886,1.8996049,0.58611685,1.0802197,0.45661540115513116,0.8447237218999675,1.745376031987136,0.7368566108117276,1.2528951039704577,0.9503379,1.5414261,0.46304527,1.6405476,1.0754803,1.2187939,1.796151,1.3041899,0.042307258,1.4007107,0.55794495,1.1445886,1.8996049,0.58611685,1.0802197,0.45661540115513116,0.8447237218999675,1.745376031987136,0.7368566108117276,1.2528951039704577
2012-01-12 21:00:00,0.0,0.0,0.0,0.0,0.0,0.0,0.0,0.0,0.0,0.0,0.0,0.0,0.0,0.0,0.0,0.0,0.0,0.0,0.0,0.0,0.0,0.0,0.0,0.0,0.0,0.0,0.0,0.0,0.0,0.0,0.0,0.0,0.0,0.0,0.0,0.0,0.0,0.0,0.11950269,0.8614499,0.084613144,0.2962947,0.0,0.3843346,0.5354641,1.6044308,0.45172492,1.0980396,0.3009615,1.174275,0.722107,1.7868634,0.049930315,1.3109095,0.98027885,0.0,0.0,0.0,0.14781196,1.3745216,1.0712782,0.0,0.68557906,0.66028637,0.21629833,0.040302716,0.14128667,1.6101669,1.470254,0.28088978,0.96124476,0.0,1.3701832,1.632879,0.13715154,1.1370379,270.87933,270.87933,268.62134,268.62134,269.63217,269.63217,272.05136,272.05136,276.54068,276.54068,270.56894,270.56894,278.1764,278.1764,272.65848,272.65848,272.65848,265.15472,265.15472,265.15472,272.86002,272.86002,272.86002,266.91153,273.4564,272.7196,269.7577,269.65253,266.91153,273.4564,272.7196,269.7577,269.65253,266.91153,273.4564,272.7196,269.7577,269.65253,0.0,0.0,0.0,0.0,0.0,0.0,0.0,0.0,0.0,0.0,0.0,0.0,0.0,0.0,0.0,0.0,0.0,0.0,0.0,0.0,0.86286086,0.44285306,0.3853234,1.6068693,1.0976315,1.1766683,1.7855706,1.3096925,0.027252087,1.3739899,0.39007404,1.6120521,1.4729081,0.2832032,0.9649614,0.32291694824487727,1.2090841391600813,1.1218341579999875,0.4309427672361852,1.1404140086421477,0.86286086,0.44285306,0.3853234,1.6068693,1.0976315,1.1766683,1.7855706,1.3096925,0.027252087,1.3739899,0.39007404,1.6120521,1.4729081,0.2832032,0.9649614,0.32291694824487727,1.2090841391600813,1.1218341579999875,0.4309427672361852,1.1404140086421477
2012-01-12 22:00:00,0.0,0.0,0.0,0.0,0.0,0.0,0.0,0.0,0.0,0.0,0.0,0.0,0.0,0.0,0.0,0.0,0.0,0.0,0.0,0.0,0.0,0.0,0.0,0.0,0.0,0.0,0.0,0.0,0.0,0.0,0.0,0.0,0.0,0.0,0.0,0.0,0.0,0.0,0.09976441,0.82846665,0.07475926,0.27529946,0.0,0.29881734,0.46963692,1.5329405,0.45789722,1.105572,0.3344269,1.2176892,0.7061372,1.7648801,0.037609376,1.2960091,0.96517223,0.0,0.0,0.0,0.11523935,1.3390195,1.0366461,0.2500605,0.39156327,1.1133752,0.0,0.47356147,0.9105812,1.296087,2.062991,0.0,1.5293846,0.7132114,0.9078695,2.2100396,0.0,1.6916772,270.6963,270.6963,268.54538,268.54538,269.3168,269.3168,271.67587,271.67587,276.61188,276.61188,270.7787,270.7787,278.0549,278.0549,272.58633,272.58633,272.58633,265.43018,265.43018,265.43018,272.63016,272.63016,272.63016,270.73074,271.55212,275.73,264.9654,272.30185,270.73074,271.55212,275.73,264.9654,272.30185,270.73074,271.55212,275.73,264.9654,272.30185,0.0,0.0,0.0,0.0,0.0,0.0,0.0,0.0,0.0,0.0,0.0,0.0,0.0,0.0,0.0,0.0,0.0,0.0,0.0,0.0,0.8299155,0.4368312,0.3069451,1.5354495,1.1051636,1.2200825,1.7635872,1.2947922,0.029042302,1.3384879,0.91502166,1.2990209,2.0655496,0.049114317,1.5315481,0.7724086228798797,0.9650799709142591,1.9878578336537336,0.049114317930761105,1.6933483987178326,0.8299155,0.4368312,0.3069451,1.5354495,1.1051636,1.2200825,1.7635872,1.2947922,0.029042302,1.3384879,0.91502166,1.2990209,2.0655496,0.049114317,1.5315481,0.7724086228798797,0.9650799709142591,1.9878578336537336,0.049114317930761105,1.6933483987178326
2012-01-12 23:00:00,0.0,0.0,0.0,0.0,0.0,0.0,0.0,0.0,0.0,0.0,0.0,0.0,0.0,0.0,0.0,0.0,0.0,0.0,0.0,0.0,0.0,0.0,0.0,0.0,0.0,0.0,0.0,0.0,0.0,0.0,0.0,0.0,0.0,0.0,0.0,0.0,0.0,0.0,0.0,0.5417849,0.05260487,0.22809604,0.0,0.16608939,0.4828676,1.5473095,0.4281018,1.069212,0.5882147,1.5469246,0.68095267,1.7302125,0.0,1.238538,0.90690553,0.0,0.0,0.0,0.0,1.1767149,0.87831837,0.0,0.70227796,0.667617,0.0,0.032976348,0.19944416,1.6280054,1.4798437,0.0,0.95163757,0.0,1.3964409,1.6422167,0.0,1.127659,269.10532,269.10532,268.3746,268.3746,268.82733,268.82733,271.75134,271.75134,276.2682,276.2682,272.36932,272.36932,277.8633,277.8633,272.30807,272.30807,272.30807,265.05725,265.05725,265.05725,271.5793,271.5793,271.5793,267.20026,273.56454,272.7683,265.52292,269.60773,267.20026,273.56454,272.7683,265.52292,269.60773,267.20026,273.56454,272.7683,265.52292,269.60773,0.0,0.0,0.0,0.0,0.0,0.0,0.0,0.0,0.0,0.0,0.0,0.0,0.0,0.0,0.0,0.0,0.0,0.0,0.0,0.0,0.5698543,0.4232923,0.2500197,1.5498043,1.0688037,1.5493178,1.7289195,1.2373209,0.02661859,1.1761833,0.41809648,1.6298906,1.4824874,0.06542064,0.9553805,0.34523501488538244,1.2230021136509044,1.135836476529374,0.06542064199085372,1.1310639379772578,0.5698543,0.4232923,0.2500197,1.5498043,1.0688037,1.5493178,1.7289195,1.2373209,0.02661859,1.1761833,0.41809648,1.6298906,1.4824874,0.06542064,0.9553805,0.34523501488538244,1.2230021136509044,1.135836476529374,0.06542064199085372,1.1310639379772578
2012-02-22 00:00:00,0.0,0.0,0.0,0.0,0.0,0.0,0.0,0.0,0.0,0.0,0.0,0.0,0.0,0.0,0.0,0.0,0.0,0.0,0.0,0.0,0.0,0.0,0.0,0.0,0.0,0.0,0.0,0.0,0.0,0.0,0.0,0.0,0.0,0.0,0.0,0.0,0.0,0.0,0.0,0.22521013,0.2911604,0.736376,0.0,0.0,0.0,0.8225705,0.19458032,0.7842413,0.0,0.46962973,0.0,0.7215124,0.0,0.0,0.0,0.0,0.0,0.0,0.0,0.6133722,0.3287785,0.0,0.0,0.0,0.04162075,0.0,0.0,0.85424894,0.0,0.0,0.0,0.0,0.25750056,0.106815316,0.0,0.19330147,267.34845,267.34845,270.2135,270.2135,266.6821,266.6821,267.9448,267.9448,273.57452,273.57452,267.16458,267.16458,272.2888,272.2888,265.08398,265.08398,265.08398,265.09866,265.09866,265.09866,267.93195,267.93195,267.93195,263.5191,268.87326,264.75983,267.6745,265.14462,263.5191,268.87326,264.75983,267.6745,265.14462,263.5191,268.87326,264.75983,267.6745,265.14462,0.0,0.0,0.0,0.0,0.0,0.0,0.0,0.0,0.0,0.0,0.0,0.0,0.0,0.0,0.0,0.0,0.0,0.0,0.0,0.0,0.44734758,0.7391577,0.15755776,0.8691049,0.7838329,0.62508583,0.72021955,0.29332396,0.026887737,0.6722925,0.060821746,0.8705233,0.21219878,0.12834936,0.37689582,0.06068851129756944,0.6336874702505217,0.048831050529605936,0.12834936087030585,0.37689581796848554,0.44734758,0.7391577,0.15755776,0.8691049,0.7838329,0.62508583,0.72021955,0.29332396,0.026887737,0.6722925,0.060821746,0.8705233,0.21219878,0.12834936,0.37689582,0.06068851129756944,0.6336874702505217,0.048831050529605936,0.12834936087030585,0.37689581796848554
2012-02-22 01:00:00,0.0,0.0,0.0,0.0,0.0,0.0,0.0,0.0,0.0,0.0,0.0,0.0,0.0,0.0,0.0,0.0,0.0,0.0,0.0,0.0,0.0,0.0,0.0,0.0,0.0,0.0,0.0,0.0,0.0,0.0,0.0,0.0,0.0,0.0,0.0,0.0,0.0,0.0,0.0,0.1193095,0.33945194,0.8392686,0.0,0.0,0.0,0.85838544,0.17444952,0.75967526,0.10044664,0.91415,0.0,0.72631115,0.0,0.0,0.0,0.0,0.0,0.0,0.0,0.57824737,0.29451415,0.0,0.0,0.0,0.04054855,0.0,0.0,0.71856326,0.5204145,0.0,0.80706495,0.0,0.057776324,0.7079998,0.0,0.9865217,266.76074,266.76074,270.58575,270.58575,266.06778,266.06778,268.1329,268.1329,273.34232,273.34232,269.3122,269.3122,272.3153,272.3153,264.97577,264.97577,264.97577,265.29095,265.29095,265.29095,267.70453,267.70453,267.70453,263.23093,268.0506,267.89554,267.6617,268.93356,263.23093,268.0506,267.89554,267.6617,268.93356,263.23093,268.0506,267.89554,267.6617,268.93356,0.0,0.0,0.0,0.0,0.0,0.0,0.0,0.0,0.0,0.0,0.0,0.0,0.0,0.0,0.0,0.0,0.0,0.0,0.0,0.0,0.40801528,0.84203464,0.1346055,0.8989109,0.7592669,0.9200731,0.72501826,0.28738338,0.028137475,0.65387034,0.047633763,0.7573519,0.6206721,0.12797537,0.84274644,0.04763376268577005,0.5503364391796659,0.07859500942628155,0.12797537489509217,0.9943847866766002,0.40801528,0.84203464,0.1346055,0.8989109,0.7592669,0.9200731,0.72501826,0.28738338,0.028137475,0.65387034,0.047633763,0.7573519,0.6206721,0.12797537,0.84274644,0.04763376268577005,0.5503364391796659,0.07859500942628155,0.12797537489509217,0.9943847866766002
2012-02-22 02:00:00,0.0,0.0,0.0,0.0,0.0,0.0,0.0,0.0,0.0,0.0,0.0,0.0,0.0,0.0,0.0,0.0,0.0,0.0,0.0,0.0,0.0,0.0,0.0,0.0,0.0,0.0,0.0,0.0,0.0,0.0,0.0,0.0,0.0,0.0,0.0,0.0,0.0,0.0,0.0,0.08996106,0.31899986,0.7956923,0.0,0.0,0.0,0.9317698,0.16020796,0.742296,0.097281724,0.9100441,0.0,0.7044767,0.0,0.0,0.0,0.0,0.0,0.0,0.0,0.5542651,0.27111948,0.0,0.0,0.12790194,0.0,0.0,0.0,0.7244271,0.7737812,0.0,0.0,0.0,0.06640777,0.95470846,0.0,0.055857092,266.59787,266.59787,270.4281,270.4281,265.83075,265.83075,268.51834,268.51834,273.17804,273.17804,269.29236,269.29236,272.19464,272.19464,264.4862,264.4862,264.4862,262.4934,262.4934,262.4934,267.54926,267.54926,267.54926,264.37415,268.08615,269.18234,266.5938,264.4881,264.37415,268.08615,269.18234,266.5938,264.4881,264.37415,268.08615,269.18234,266.5938,264.4881,0.0,0.0,0.0,0.0,0.0,0.0,0.0,0.0,0.0,0.0,0.0,0.0,0.0,0.0,0.0,0.0,0.0,0.0,0.0,0.0,0.39711505,0.798465,0.12574954,0.9599831,0.7418876,0.91734844,0.7031839,0.26050824,0.012064083,0.6412923,0.14380792,0.7622059,0.7889695,0.09674174,0.29703984,0.12678169289926844,0.5539017045636556,0.11666818211388841,0.09674174427300988,0.2970398239430756,0.39711505,0.798465,0.12574954,0.9599831,0.7418876,0.91734844,0.7031839,0.26050824,0.012064083,0.6412923,0.14380792,0.7622059,0.7889695,0.09674174,0.29703984,0.12678169289926844,0.5539017045636556,0.11666818211388841,0.09674174427300988,0.2970398239430756
2012-02-22 03:00:00,0.0,0.0,0.0,0.0,0.0,0.0,0.0,0.0,0.0,0.0,0.0,0.0,0.0,0.0,0.0,0.0,0.0,0.0,0.0,0.0,0.0,0.0,0.0,0.0,0.0,0.0,0.0,0.0,0.0,0.0,0.0,0.0,0.0,0.0,0.0,0.0,0.0,0.0,0.0,0.07925997,0.068979174,0.2629841,0.0,0.0,0.22355519,1.2656889,0.14400066,0.7225179,0.07333542,0.8789789,0.0,0.7051007,0.0,0.0,0.0,0.0,0.0,0.0,0.0,0.510373,0.22830285,0.0,0.0,0.058343664,0.0,0.0,0.0,0.70958865,0.682784,0.0,0.21012297,0.0,0.044566087,0.8661026,0.0,0.4037646,266.53848,266.53848,268.50082,268.50082,265.93033,265.93033,270.2722,270.2722,272.9911,272.9911,269.14227,269.14227,272.1981,272.1981,264.28558,264.28558,264.28558,263.18634,263.18634,263.18634,267.26508,267.26508,267.26508,264.78476,267.9962,268.72018,267.08713,266.14993,264.78476,267.9962,268.72018,267.08713,266.14993,264.78476,267.9962,268.72018,267.08713,266.14993,0.0,0.0,0.0,0.0,0.0,0.0,0.0,0.0,0.0,0.0,0.0,0.0,0.0,0.0,0.0,0.0,0.0,0.0,0.0,0.0,0.39314058,0.4332989,0.12947002,1.2684609,0.72210956,0.89673334,0.7038079,0.24949485,0.014968673,0.618272,0.1836601,0.749923,0.72815883,0.111170106,0.4991761,0.15852142301743755,0.5448798999696629,0.08648668147477835,0.11117010534539466,0.4991761208172306,0.39314058,0.4332989,0.12947002,1.2684609,0.72210956,0.89673334,0.7038079,0.24949485,0.014968673,0.618272,0.1836601,0.749923,0.72815883,0.111170106,0.4991761,0.15852142301743755,0.5448798999696629,0.08648668147477835,0.11117010534539466,0.4991761208172306
2012-02-22 04:00:00,0.0,0.0,0.0,0.0,0.0,0.0,0.0,0.0,0.0,0.0,0.0,0.0,0.0,0.0,0.0,0.0,0.0,0.0,0.0,0.0,0.0,0.0,0.0,0.0,0.0,0.0,0.0,0.0,0.0,0.0,0.0,0.0,0.0,0.0,0.0,0.0,0.0,0.0,0.0,0.057076782,0.40326262,0.97522724,0.0,0.0,0.4413404,1.5022098,0.12582766,0.70034105,0.03320423,0.8269172,0.0,0.7202313,0.0,0.0,0.0,0.0,0.0,0.0,0.0,0.46388376,0.18295272,0.0,0.0,0.0,0.0,0.0,0.0,0.57604706,0.24965845,0.0,0.177486,0.0,0.0,0.44435886,0.0,0.37190318,266.41537,266.41537,271.07764,271.07764,265.9283,265.9283,271.51447,271.51447,272.78146,272.78146,268.89075,268.89075,272.2817,272.2817,264.14377,264.14377,264.14377,264.91104,264.91104,264.91104,266.96408,266.96408,266.96408,264.5155,267.18652,266.52042,266.0556,265.99774,264.5155,267.18652,266.52042,266.0556,265.99774,264.5155,267.18652,266.52042,266.0556,265.99774,0.0,0.0,0.0,0.0,0.0,0.0,0.0,0.0,0.0,0.0,0.0,0.0,0.0,0.0,0.0,0.0,0.0,0.0,0.0,0.0,0.38490158,0.9779726,0.12939477,1.504749,0.6999327,0.8621848,0.71893847,0.24170975,0.025668345,0.5938896,0.15752737,0.6393807,0.4415419,0.08100042,0.48066443,0.13770836922088564,0.4636867189373639,0.06554244557888149,0.08100041573155747,0.48066443754643073,0.38490158,0.9779726,0.12939477,1.504749,0.6999327,0.8621848,0.71893847,0.24170975,0.025668345,0.5938896,0.15752737,0.6393807,0.4415419,0.08100042,0.48066443,0.13770836922088564,0.4636867189373639,0.06554244557888149,0.08100041573155747,0.48066443754643073
2012-02-22 05:00:00,0.0,0.0,0.0,0.0,0.0,0.0,0.0,0.0,0.0,0.0,0.0,0.0,0.0,0.0,0.0,0.0,0.0,0.0,0.0,0.0,0.0,0.0,0.0,0.0,0.0,0.0,0.0,0.0,0.0,0.0,0.0,0.0,0.0,0.0,0.0,0.0,0.0,0.0,0.0,0.08272436,0.17060588,0.47951567,0.0,0.0,0.48714763,1.5519577,0.11536406,0.68757206,0.119475126,0.9388352,0.0,0.6872533,0.0,0.0,0.0,0.0,0.0,0.0,0.0,0.41635758,0.13659106,0.0,0.0,0.06702467,0.15698493,0.0,0.0,0.2492125,0.6941406,0.09194373,0.28874758,0.0,0.0,0.8771607,0.0,0.4805209,266.5577,266.5577,269.2842,269.2842,265.39816,265.39816,271.77576,271.77576,272.66077,272.66077,269.43146,269.43146,272.09946,272.09946,264.48706,264.48706,264.48706,262.89774,262.89774,262.89774,266.65637,266.65637,266.65637,264.54324,265.20493,268.77786,269.05032,266.51657,264.54324,265.20493,268.77786,269.05032,266.51657,264.54324,265.20493,268.77786,269.05032,266.51657,0.0,0.0,0.0,0.0,0.0,0.0,0.0,0.0,0.0,0.0,0.0,0.0,0.0,0.0,0.0,0.0,0.0,0.0,0.0,0.0,0.39442727,0.49758837,0.10958718,1.554448,0.6871638,0.9412285,0.6859605,0.26055515,0.013758917,0.5689633,0.16021973,0.36883515,0.7357481,0.168589,0.5437719,0.13985265868037397,0.2649713737196836,0.08711000017929778,0.24012530275186067,0.5529149525068054,0.39442727,0.49758837,0.10958718,1.554448,0.6871638,0.9412285,0.6859605,0.26055515,0.013758917,0.5689633,0.16021973,0.36883515,0.7357481,0.168589,0.5437719,0.13985265868037397,0.2649713737196836,0.08711000017929778,0.24012530275186067,0.5529149525068054
2012-02-22 06:00:00,0.0,0.0,0.0,0.0,0.0,0.0,0.0,0.0,0.0,0.0,0.0,0.0,0.0,0.0,0.0,0.0,0.0,0.0,0.0,0.0,0.0,0.0,0.0,0.0,0.0,0.0,0.0,0.0,0.0,0.0,0.0,0.0,0.0,0.0,0.0,0.0,0.0,0.0,0.0,0.0409756,0.13356182,0.4005875,0.0,0.0,0.51915175,1.586715,0.11694088,0.68949634,0.158652,0.98965883,0.0,0.6623486,0.0,0.0,0.0,0.0,0.0,0.0,0.0,0.35805166,0.07971372,0.0,0.0,0.0,0.14912902,0.2178024,0.0,0.36657158,0.13516098,0.066918306,1.1940031,0.0,0.0,0.3328702,0.0,1.3642651,266.32602,266.32602,268.99866,268.99866,264.48935,264.48935,271.9583,271.9583,272.67896,272.67896,269.677,269.677,271.96182,271.96182,264.38684,264.38684,264.38684,263.99417,263.99417,263.99417,266.27887,266.27887,266.27887,264.45142,265.91647,265.9389,268.95663,270.7379,264.45142,265.91647,265.9389,268.95663,270.7379,264.45142,265.91647,265.9389,268.95663,270.7379,0.0,0.0,0.0,0.0,0.0,0.0,0.0,0.0,0.0,0.0,0.0,0.0,0.0,0.0,0.0,0.0,0.0,0.0,0.0,0.0,0.37892148,0.47393262,0.075631954,1.5891712,0.689088,0.99205214,0.6610558,0.2550535,0.01970943,0.5383833,0.1513074,0.46598205,0.3657912,0.16584882,1.1970836,0.13275456518906442,0.3363256464176251,0.060022769500048645,0.21485201158455947,1.3669430367535116,0.37892148,0.47393262,0.075631954,1.5891712,0.689088,0.99205214,0.6610558,0.2550535,0.01970943,0.5383833,0.1513074,0.46598205,0.3657912,0.16584882,1.1970836,0.13275456518906442,0.3363256464176251,0.060022769500048645,0.21485201158455947,1.3669430367535116
2012-02-22 07:00:00,0.0,0.0,0.0,0.0,0.0,0.0,0.0,0.0,-0.008518754,-0.009645386,0.0,0.0,0.0,0.0,0.0,0.0,0.0,0.0,0.0,0.0,0.0,0.0,0.0,0.0,0.0,0.0,0.0,0.0,0.0,0.0,0.0,0.0,0.0,0.0,0.0,0.0,0.0,0.0,0.0,0.11379397,0.50761306,1.1975623,0.0,0.0,0.7023112,1.7856314,0.19171771,0.780748,0.34576705,1.2324008,0.0,0.70109165,0.0,0.0,0.0,0.0,0.0,0.0,0.0,0.42074582,0.14087178,0.0,0.5324434,0.39035764,0.18814501,0.41655758,0.25428227,1.4465809,1.1171293,0.19120578,1.4546345,0.0,1.129391,1.2890339,0.04035115,1.6187034,266.73013,266.73013,271.88202,271.88202,267.20746,267.20746,273.00308,273.00308,273.5415,273.5415,270.84976,270.84976,272.17593,272.17593,264.56955,264.56955,264.56955,264.7875,264.7875,264.7875,266.68478,266.68478,266.68478,267.4725,272.46457,270.92615,269.42194,271.95328,267.4725,272.46457,270.92615,269.42194,271.95328,267.4725,272.46457,270.92615,269.42194,271.95328,0.0,0.0,0.0,0.0,0.008918205,0.0,0.0,0.0,0.0,0.0,0.0,0.0,0.0,0.0,0.0,0.0,0.0,0.0,0.0,0.0,0.40596676,1.2002739,0.17718634,1.7878917,0.7803396,1.2347939,0.6997988,0.2650835,0.024865467,0.57126486,0.4445195,1.4489161,1.1201822,0.19351926,1.4570022,0.3662792462034193,1.0819002374146585,0.6062400130532549,0.34037053615388924,1.6205987344573591,0.40596676,1.2002739,0.17718634,1.7878917,0.7714214,1.2347939,0.6997988,0.2650835,0.024865467,0.57126486,0.4445195,1.4489161,1.1201822,0.19351926,1.4570022,0.3662792462034193,1.0819002374146585,0.6062400130532549,0.34037053615388924,1.6205987344573591
2012-02-22 08:00:00,0.0,0.0,0.0,0.0,0.0,0.0,-0.14887322,-0.19153418,-0.10113673,-0.10981158,0.0,0.0,-0.0051288283,-0.0061112395,0.0,0.0,0.0,0.0,0.0,0.0,0.0,0.0,0.0,0.0,-0.42139605,0.0,0.0,-0.20928465,0.0,-0.53343993,0.0,0.0,-0.25767818,0.0,-0.45842585,0.0,0.0,-0.21066079,0.0,0.4854746,0.53111744,1.247642,0.0,0.12760088,0.78629655,1.8768418,0.3671618,0.9948457,0.7101276,1.7050804,0.10496829,0.9373381,0.0,0.18814799,0.0,0.027120262,0.0,0.12290603,0.0,0.67057997,0.38458455,0.07334185,0.77796936,0.27665487,0.2055841,0.7069722,0.6460908,1.7088622,0.96838176,0.246759,1.8354603,0.34690976,1.5154591,1.1441952,0.1003125,1.9904797,268.79282,268.79282,272.0632,272.0632,268.6854,268.6854,273.48215,273.48215,275.56525,275.56525,273.13342,273.13342,273.48154,273.48154,267.22238,267.22238,267.22238,268.4711,268.4711,268.4711,268.30234,268.30234,268.30234,269.41766,274.05478,270.1707,269.6299,273.72913,269.41766,274.05478,270.1707,269.6299,273.72913,269.41766,274.05478,270.1707,269.6299,273.72913,0.0,0.0,0.0,0.27884978,0.1020985,0.0,0.005276238,0.0,0.0,0.0,0.0,0.7567656,0.0,0.0,0.36035845,0.0,0.6691560578864184,0.0,0.0,0.3603584438016939,0.5453911,1.2503461,0.23351243,1.8790747,0.9944374,1.7074736,0.9360453,0.41071367,0.048805855,0.70229644,0.65189487,1.7107472,0.9716025,0.24907245,1.8371264,0.5352242402571765,1.2860885533293973,0.3890549283446318,0.39647394960833815,1.9915717790104355,0.5453911,1.2503461,0.23351243,1.6002249,0.8923389,1.7074736,0.9307691,0.41071367,0.048805855,0.70229644,0.65189487,0.95398164,0.9716025,0.24907245,1.476768,0.5352242402571765,0.6169324954429789,0.3890549283446318,0.39647394960833815,1.6312133352087415
2012-02-22 09:00:00,0.0,0.0,-0.706079,-0.8904935,0.0,0.0,-0.31248224,-0.3875951,-0.21040608,-0.22447212,-0.8461574,-1.041517,-0.040544763,-0.047177076,0.0,0.0,0.0,0.0,0.0,0.0,0.0,0.0,0.0,0.0,-0.3957536,0.0,0.0,0.0,0.0,-0.48926103,0.0,0.0,0.0,0.0,-0.44081062,0.0,0.0,0.0,0.0,0.6194919,0.8798393,1.9906483,0.019816875,0.57690144,0.81787807,1.9111401,0.5318036,1.1957613,0.8811015,1.9268825,0.35730594,1.2846948,0.0,0.6136225,0.2733399,0.058882087,0.06282874,0.2037918,0.0,0.9734645,0.6800477,0.5010489,0.7484071,0.45215812,0.3672572,0.5884677,1.2862294,1.6772826,1.1979775,0.76177734,1.6800635,1.2334589,1.4689751,1.3677576,0.6561975,1.8387755,269.53656,269.53656,274.7513,274.7513,270.34232,270.34232,273.6623,273.6623,277.4644,277.4644,274.20502,274.20502,275.40118,275.40118,269.2824,269.2824,269.2824,269.48596,269.48596,269.48596,270.26337,270.26337,270.26337,272.59567,273.8633,271.33676,271.558,273.0045,272.59567,273.8633,271.33676,271.558,273.0045,272.59567,273.8633,271.33676,271.558,273.0045,0.0,1.234566,0.0,0.55186033,0.21002342,1.4604821,0.041252155,0.0,0.0,0.0,0.0,0.68992877,0.0,0.0,0.0,0.0,0.6425680286369412,0.0,0.0,0.0,0.6211813,1.9933069,0.5778903,1.913373,1.195353,1.9292758,1.283402,0.6129418,0.06797583,0.97293276,1.288733,1.6791676,1.2009392,0.76409084,1.6818147,1.1092747214243612,1.261449340023691,0.72428587509141,0.9165933424259585,1.8399941936690791,0.6211813,0.75874084,0.5778903,1.3615127,0.9853296,0.4687937,1.2421498,0.6129418,0.06797583,0.97293276,1.288733,0.98923886,1.2009392,0.76409084,1.6818147,1.1092747214243612,0.6188813113867498,0.72428587509141,0.9165933424259585,1.8399941936690791
2012-02-22 10:00:00,0.0,0.0,0.0,0.0,0.0,0.0,-0.39745513,-0.48470372,-0.3543393,-0.38325813,-0.95816714,-1.1663119,-0.08274614,-0.09562483,0.0,0.0,0.0,0.0,0.0,0.0,0.0,0.0,0.0,-0.40503222,-0.7110758,0.0,0.0,-0.42212728,-0.49891666,-0.8692694,0.0,0.0,-0.5030808,-0.5070226,-0.80135566,0.0,0.0,-0.43945047,0.07552754,0.7879662,0.6398742,1.4793653,0.15362361,0.8519733,0.82951444,1.9237777,0.677873,1.3740127,0.8901385,1.9386063,0.6499756,1.6875706,0.0,1.0255454,0.6909647,0.053253695,0.043083925,0.1894583,0.048597857,1.2663846,0.96579075,0.70455855,0.8246028,0.65127474,0.3771628,0.76286316,1.5908171,1.758678,1.4584646,0.7933322,1.9087514,1.6552927,1.5887859,1.6213995,0.69025624,2.0620291,270.47153,270.47153,272.90155,272.90155,271.35672,271.35672,273.72867,273.72867,279.1493,279.1493,274.26166,274.26166,277.62766,277.62766,271.27682,271.27682,271.27682,269.30612,269.30612,269.30612,272.15988,272.15988,272.15988,274.10782,274.3568,272.65973,271.67615,274.0709,274.10782,274.3568,272.65973,271.67615,274.0709,274.10782,274.3568,272.65973,271.67615,274.0709,0.0,0.0,0.0,0.68355846,0.3645299,1.6249639,0.0850207,0.0,0.0,0.0,0.7015944,1.2051839,0.0,0.0,0.6871975,0.5739419495136949,1.1490699126711483,0.0,0.0,0.6871975014313056,0.7894617,1.4820343,0.85296214,1.9260105,1.3736043,1.9409995,1.6862777,1.0243285,0.054232825,1.2658529,1.5927451,1.760563,1.4611323,0.7956457,1.9104173,1.383411482608451,1.3249559894286285,1.1046207814619824,0.9484607398554773,2.063101484538278,0.7894617,1.4820343,0.85296214,1.242452,1.0090743,0.31603554,1.6012571,1.0243285,0.054232825,1.2658529,0.89115065,0.55537903,1.4611323,0.7956457,1.2232198,0.809469533094756,0.17588607675748014,1.1046207814619824,0.9484607398554773,1.3759039831069724
2012-02-22 11:00:00,0.0,0.0,-0.03426799,-0.0423641,0.0,0.0,-0.44819906,-0.54420376,-0.49970385,-0.5452303,-0.9938889,-1.2043593,-0.31254464,-0.3693718,0.0,0.0,0.0,0.0,0.0,0.0,-0.11357722,-0.10166244,-0.09991934,-0.18982716,-0.6638368,0.0,0.0,-0.61074376,-0.23258533,-0.8078738,0.0,0.0,-0.7247693,-0.23902443,-0.7517109,0.0,0.0,-0.6387855,0.1672524,0.941241,0.68065166,1.566248,0.2816739,1.1152114,0.8393425,1.9344512,0.80322164,1.5269779,0.8916383,1.9405518,0.8869531,2.013783,0.096451774,1.3671706,1.0373186,0.07210449,0.109213695,0.2374644,0.26178142,1.498741,1.1924541,0.633324,0.8069238,0.7067321,0.4544758,0.8260955,1.4842021,1.7397926,1.5310148,1.0396166,1.991669,1.5076381,1.5609872,1.6920431,0.95608324,2.1429765,271.32214,271.32214,273.21588,273.21588,272.32748,272.32748,273.78473,273.78473,280.59518,280.59518,274.27106,274.27106,279.43045,279.43045,272.93088,272.93088,272.93088,269.90845,269.90845,269.90845,273.66428,273.66428,273.66428,273.57852,274.2423,273.0282,272.59818,274.45755,273.57852,274.2423,273.0282,272.59818,274.45755,273.57852,274.2423,273.0282,272.59818,274.45755,0.0,0.060514264,0.0,0.76487756,0.5245664,1.6742017,0.35720918,0.0,0.0,0.10939784,0.33068037,1.120974,0.0,0.0,0.9793723,0.2738531766236883,1.0796977858121095,0.0,0.0,0.979372294176859,0.9425602,1.5689065,1.1162002,1.936684,1.5265695,1.942945,2.0124903,1.3659536,0.11386238,1.4982094,1.4861301,1.7416776,1.5336004,1.0419301,1.993335,1.2872538274123002,1.3102211586471477,1.2105506022162507,1.197184500779801,2.1440266893813686,0.9425602,1.5083922,1.1162002,1.1718065,1.0020032,0.26874328,1.6552812,1.3659536,0.11386238,1.3888115,1.1554497,0.62070364,1.5336004,1.0419301,1.0139627,1.013400650788612,0.2305233728350382,1.2105506022162507,1.197184500779801,1.1646543952045096
2012-02-22 12:00:00,0.0,0.0,-0.15369605,-0.18985282,0.0,0.0,-0.5097496,-0.6194201,-0.5898984,-0.646816,-1.1071675,-1.3420138,-0.5297812,-0.6279278,-0.14868544,-0.13894767,-0.13760208,0.0,0.0,0.0,-0.34831223,-0.31177136,-0.3069637,-0.07353864,-0.75665677,-0.23883404,-0.13635945,-0.742587,-0.090065315,-0.92108876,-0.29628164,-0.16968098,-0.88138014,-0.0926405,-0.856564,-0.25473738,-0.15628596,-0.77653384,0.24724226,1.0749063,0.7104745,1.6297904,0.38536203,1.3283672,0.85557455,1.9520797,0.8946502,1.63855,0.913077,1.9683638,1.0677851,2.2627084,0.2799682,1.589107,1.2623272,0.0860585,0.15816523,0.27300012,0.41743103,1.6683892,1.3579454,0.5977888,0.83162814,0.7879385,0.5562264,0.87456524,1.4310175,1.7661828,1.6372502,1.3637489,2.0552285,1.4339811,1.5998325,1.7954868,1.3059354,2.2050257,272.06393,272.06393,273.44577,273.44577,273.11356,273.11356,273.87732,273.87732,281.6498,281.6498,274.40543,274.40543,280.80612,280.80612,274.00543,274.00543,274.00543,270.3543,270.3543,270.3543,274.76266,274.76266,274.76266,273.31448,274.4023,273.56775,273.81165,274.75394,273.31448,274.4023,273.56775,273.81165,274.75394,273.31448,274.4023,273.56775,273.81165,274.75394,0.0,0.26953423,0.0,0.8689366,0.62595135,1.8596983,0.61581415,0.15088312,0.0,0.3346149,0.12888762,1.2732811,0.42792347,0.24167243,1.1831412,0.1068883219545546,1.2251895440393141,0.47459024913953607,0.2416724337603358,1.183141243092277,1.0760716,1.6324489,1.3293561,1.9543126,1.6381416,1.9707571,2.2614155,1.58789,0.16228788,1.6678575,1.4329456,1.7680678,1.6398088,1.3660624,2.0568943,1.2392858827192015,1.3308114352429108,1.3657568417471748,1.524527131621951,2.2060587011758517,1.0760716,1.3629147,1.3293561,1.0853759,1.0121902,0.1110588,1.6456014,1.437007,0.16228788,1.3332425,1.3040581,0.4947867,1.2118853,1.1243899,0.8737531,1.1323975607646468,0.10562189120359666,0.8911665926076388,1.2828546978616153,1.0229174580835747
2012-02-22 13:00:00,0.0,0.0,-0.37221768,-0.46170497,-0.13034922,-0.15821986,-0.60078865,-0.7345422,-0.61851424,-0.6836728,-1.1718338,-1.4274489,-0.62846994,-0.7542773,-0.25094137,-0.23464467,-0.23090607,0.0,0.0,0.0,-0.48000303,-0.42967078,-0.4201737,-0.21800005,-0.8482637,-0.4906891,-0.15626116,-0.83000576,-0.26818985,-1.0379478,-0.61212313,-0.19551018,-0.98969734,-0.27327487,-0.9550184,-0.52002764,-0.17803615,-0.86357677,0.29982287,1.1627703,0.7684814,1.7533829,0.45583194,1.4732351,0.8853638,1.9844315,0.9483359,1.7040638,0.9322076,1.993182,1.1823827,2.4204586,0.3902834,1.7225173,1.3975842,0.10559314,0.22669397,0.3227477,0.51728076,1.777219,1.464109,0.6436946,0.8633201,0.8602848,0.5666336,0.91677177,1.4997233,1.8000374,1.7318946,1.3969014,2.1105745,1.5291343,1.6496655,1.887644,1.3417184,2.2590566,272.55154,272.55154,273.8929,273.8929,273.6478,273.6478,274.04724,274.04724,282.26907,282.26907,274.52533,274.52533,281.67792,281.67792,274.65137,274.65137,274.65137,270.9785,270.9785,270.9785,275.4673,275.4673,275.4673,273.65558,274.60757,274.04843,273.93576,275.01202,273.65558,274.60757,274.04843,273.93576,275.01202,273.65558,274.60757,274.04843,273.93576,275.01202,0.0,0.6492682,0.22294734,1.0290856,0.663634,1.9767256,0.74279773,0.2543329,0.0,0.46082148,0.38123542,1.4309599,0.8753125,0.27820826,1.3237096,0.31297863841350293,1.36075157769033,0.9470246792177146,0.2782082417584216,1.3237095567434591,1.1638343,1.7560414,1.474224,1.9866644,1.7036552,1.9955752,2.4191654,1.7213004,0.23008025,1.7766874,1.5016515,1.8019226,1.7344533,1.399215,2.1122403,1.3012527941656602,1.3572257401033156,1.5040532120281818,1.5580080681618254,2.2600748382996096,1.1638343,1.1067733,1.2512766,0.9575787,1.0400213,0.018849554,1.6763676,1.4669675,0.23008025,1.3158659,1.1204162,0.37096262,0.8591408,1.1210067,0.7885309,0.9882741557521573,-0.003525837587014413,0.5570285328104672,1.2797998264034036,0.9363652815561505
2012-02-22 14:00:00,0.0,0.0,-0.47651008,-0.5975847,-0.19261862,-0.23613006,-0.63813883,-0.79122615,-0.58300394,-0.65380347,-1.7254267,-2.126828,-0.60076845,-0.74121094,-0.2898141,-0.27142197,-0.26268712,0.0,0.0,0.0,-0.5097347,-0.45632127,-0.43839297,-0.36037016,-0.7729099,-0.4590525,-0.16452317,-1.0841426,-0.44826937,-0.95718884,-0.58014476,-0.2085353,-1.3289169,-0.44635537,-0.8593779,-0.4794601,-0.18487465,-1.1244724,0.33693016,1.2247775,0.80521667,1.8316531,0.49466568,1.5530672,0.91351044,2.0149999,0.965485,1.7249911,1.0698233,2.171709,1.2225822,2.4757953,0.45212263,1.797303,1.473405,0.106665716,0.23045665,0.32547915,0.56412446,1.8282756,1.5139145,0.69765437,0.8599654,0.86240226,0.5761938,1.0471991,1.5804837,1.7964537,1.7346647,1.4273558,2.2816062,1.6409822,1.6443903,1.8903413,1.3745894,2.426024,272.89566,272.89566,274.1761,274.1761,273.9422,273.9422,274.2078,274.2078,282.4669,282.4669,275.38785,275.38785,281.98373,281.98373,275.01346,275.01346,275.01346,271.01276,271.01276,271.01276,275.79785,275.79785,275.79785,274.05652,274.58585,274.0625,274.04977,275.80957,274.05652,274.58585,274.0625,274.04977,275.80957,274.05652,274.58585,274.0625,274.04977,275.80957,0.0,0.838314,0.33185673,1.1114602,0.63537824,2.9001832,0.7305708,0.2944121,0.0,0.49008483,0.63392323,1.3273286,0.83392334,0.29751313,1.7423595,0.5080427750171518,1.22949705698627,0.8772464421510427,0.297513128403489,1.7341636071932431,1.2257702,1.8343117,1.554056,2.0172324,1.7245827,2.174102,2.4745023,1.796086,0.23380248,1.8277439,1.5824119,1.7983388,1.7372234,1.4296694,2.283272,1.3740917744451246,1.3544295781852949,1.5081008678404824,1.588764099367375,2.42699664598464,1.2257702,0.9959977,1.2221993,0.90577227,1.0892044,-0.7260812,1.7439315,1.5016738,0.23380248,1.3376591,0.94848865,0.47101018,0.9033,1.1321563,0.54091257,0.8660489994279729,0.12493252119902487,0.6308544256894396,1.291250970963886,0.6928330387913968
2012-02-22 15:00:00,0.0,0.0,-0.35931775,-0.46113798,-0.17403442,-0.21779965,-0.58720356,-0.7496834,-0.47396195,-0.5445154,-0.7514002,-0.9488866,-0.46439517,-0.60218585,-0.25374377,-0.23843898,-0.2231306,0.0,0.0,0.0,-0.43563136,-0.39003217,-0.36150607,-0.30150187,-0.76749563,-0.4511029,-0.048047,-1.1926359,-0.38380456,-0.97448397,-0.58563364,-0.06257536,-1.5111799,-0.36451185,-0.832526,-0.45774505,-0.052513346,-1.2171504,0.34689468,1.2414286,0.7894361,1.7980305,0.5002691,1.5645864,0.9465311,2.0508611,0.94541234,1.7004962,0.8936784,1.9431983,1.2034874,2.44951,0.45602113,1.8020177,1.4781849,0.09238889,0.18037264,0.28912133,0.5612053,1.8250941,1.5108109,0.69585955,0.90431815,0.8889964,0.52699834,1.1942304,1.5777974,1.8438331,1.7694554,1.2706411,2.474411,1.6372617,1.714131,1.9242178,1.2054397,2.6142473,272.98807,272.98807,274.05444,274.05444,273.98468,273.98468,274.39615,274.39615,282.23535,282.23535,274.28384,274.28384,281.83847,281.83847,275.0363,275.0363,275.0363,270.55658,270.55658,270.55658,275.77725,275.77725,275.77725,274.04318,274.8731,274.2392,273.46307,276.70865,274.04318,274.8731,274.2392,273.46307,276.70865,274.04318,274.8731,274.2392,273.46307,276.70865,0.0,0.6554236,0.3087517,1.0632617,0.52892816,1.3440195,0.5928582,0.25980714,0.0,0.420738,0.5486613,1.3572857,0.84804636,0.09172386,1.9563935,0.4189187753972417,1.1902704892143223,0.8387584165539583,0.0917238629692213,1.9398235735732763,1.2424021,1.800689,1.5655754,2.053094,1.7000878,1.9455917,2.4482172,1.8008007,0.18425667,1.8245623,1.5797256,1.8457183,1.7720143,1.2729547,2.476077,1.371668982971375,1.3913962525312644,1.5589380200166638,1.4304973167317505,2.6151685054860048,1.2424021,1.1452653,1.2568237,0.98983204,1.1711596,0.6015721,1.855359,1.5409935,0.18425667,1.4038243,1.0310643,0.48843256,0.9239679,1.1812309,0.51968354,0.9527502075741334,0.2011257633169421,0.7201796034627055,1.338773453762529,0.6753449319127285
2012-02-22 16:00:00,0.0,0.0,0.0,0.0,0.0,0.0,-0.17881542,-0.24377073,-0.26239267,-0.3131797,0.0,0.0,-0.19289172,-0.2706212,-0.10049573,-0.09515183,-0.0831534,0.0,0.0,0.0,-0.13483971,-0.120767705,-0.1040237,0.0,0.0,0.0,0.0,-0.505992,0.0,0.0,0.0,0.0,-0.6652036,0.0,0.0,0.0,0.0,-0.4898637,0.14780372,0.9087418,0.55837893,1.3057268,0.327838,1.2101128,0.88743424,1.9866802,0.86990803,1.6083567,0.6783907,1.6639084,1.0377507,2.2213643,0.32241917,1.6404452,1.3143761,0.0,0.0,0.031763338,0.36047655,1.6063125,1.2973897,0.35540497,0.35694987,0.64550567,0.1512478,1.0335793,1.0682476,1.2591114,1.4509177,0.07366781,2.2637463,0.93156904,0.8534431,1.6140509,0.0,2.4085886,271.14178,271.14178,272.27335,272.27335,272.67746,272.67746,274.05905,274.05905,281.3644,281.3644,272.9345,272.9345,280.57764,280.57764,274.254,274.254,274.254,267.32755,267.32755,267.32755,274.36075,274.36075,274.36075,271.5135,271.32794,272.6214,268.9819,275.7263,271.5135,271.32794,272.6214,268.9819,275.7263,271.5135,271.32794,272.6214,268.9819,275.7263,0.0,0.0,0.0,0.36071968,0.3033075,0.0,0.2641936,0.10508409,0.0,0.13192482,0.0,0.0,0.0,0.0,0.90796924,0.0,0.0,0.0,0.0,0.9044785022580603,0.9100982,1.3084221,1.2111017,1.9889129,1.6079483,1.6663018,2.2200716,1.6392283,0.04137367,1.6057807,1.0718752,1.2621926,1.4535937,0.16658786,2.2654123,0.9137975700500223,0.9363779515252515,1.093601412995247,0.22166839109157094,2.4095661105452715,0.9100982,1.3084221,1.2111017,1.6281933,1.3046408,1.6663018,1.955878,1.5341443,0.04137367,1.4738559,1.0718752,1.2621926,1.4535937,0.16658786,1.3574431,0.9137975700500223,0.9363779515252515,1.093601412995247,0.22166839109157094,1.5050876082872113
2012-02-22 17:00:00,0.0,0.0,0.0,0.0,0.0,0.0,0.0,0.0,0.0,0.0,0.0,0.0,0.0,0.0,0.0,0.0,0.0,0.0,0.0,0.0,0.0,0.0,0.0,0.0,0.0,0.0,0.0,0.0,0.0,0.0,0.0,0.0,0.0,0.0,0.0,0.0,0.0,0.0,0.0,0.39696193,0.24759991,0.64356357,0.0,0.20605095,0.78096795,1.8710548,0.6405057,1.3284127,0.55683815,1.5062201,0.8105332,1.9085871,0.13828777,1.4177651,1.0886135,0.0,0.0,0.0,0.16012397,1.387941,1.0843687,0.041655134,0.475246,0.6422124,0.35756144,0.7488243,0.5986662,1.3854805,1.4466093,0.7308909,1.8903418,0.28122967,1.0394534,1.6098557,0.6228602,2.0440571,268.3016,268.3016,269.87772,269.87772,268.9747,268.9747,273.45175,273.45175,278.71826,278.71826,272.17267,272.17267,278.8491,278.8491,273.17584,273.17584,273.17584,263.22644,263.22644,263.22644,272.9469,272.9469,272.9469,269.18222,272.09412,272.59952,271.44238,273.98505,269.18222,272.09412,272.59952,271.44238,273.98505,269.18222,272.09412,272.59952,271.44238,273.98505,0.0,0.0,0.0,0.0,0.0,0.0,0.0,0.0,0.0,0.0,0.0,0.0,0.0,0.0,0.0,0.0,0.0,0.0,0.0,0.0,0.5111375,0.64635926,0.26715872,1.8732876,1.3280042,1.5086135,1.9072943,1.416548,0.0151367625,1.3874092,0.62000203,1.3880585,1.4492903,0.7332044,1.8920078,0.5079830763287961,1.0344711857725182,1.087310897716068,0.8854009970732207,2.0451344284038178,0.5111375,0.64635926,0.26715872,1.8732876,1.3280042,1.5086135,1.9072943,1.416548,0.0151367625,1.3874092,0.62000203,1.3880585,1.4492903,0.7332044,1.8920078,0.5079830763287961,1.0344711857725182,1.087310897716068,0.8854009970732207,2.0451344284038178
2012-02-22 18:00:00,0.0,0.0,0.0,0.0,0.0,0.0,0.0,0.0,0.0,0.0,0.0,0.0,0.0,0.0,0.0,0.0,0.0,0.0,0.0,0.0,0.0,0.0,0.0,0.0,0.0,0.0,0.0,0.0,0.0,0.0,0.0,0.0,0.0,0.0,0.0,0.0,0.0,0.0,0.10144272,0.8312711,0.45025158,1.0753447,0.0,0.21138853,0.8102917,1.902901,0.51143736,1.1709081,0.60228646,1.5651797,0.5118303,1.497406,0.0,1.1552117,0.8224258,0.0,0.0,0.0,0.0,1.0066946,0.7124637,0.0,0.20103416,0.56590223,0.27551448,0.60266626,0.4036993,1.092556,1.3467792,0.46952602,1.6986821,0.011213459,0.6082794,1.5126489,0.34075603,1.8569517,270.71185,270.71185,271.43985,271.43985,268.9944,268.9944,273.61902,273.61902,277.22946,277.22946,272.45752,272.45752,276.57672,276.57672,271.90463,271.90463,271.90463,266.32877,266.32877,266.32877,270.47852,270.47852,270.47852,268.2143,270.3181,272.0925,270.4639,273.0913,268.2143,270.3181,272.0925,270.4639,273.0913,268.2143,270.3181,272.0925,270.4639,273.0913,0.0,0.0,0.0,0.0,0.0,0.0,0.0,0.0,0.0,0.0,0.0,0.0,0.0,0.0,0.0,0.0,0.0,0.0,0.0,0.0,0.8327168,1.0780748,0.26944795,1.905134,1.1704997,1.567573,1.4961133,1.1539947,0.03488241,1.0061629,0.51651406,1.0962998,1.3495729,0.4718395,1.7003826,0.42361834839459983,0.8070899278957585,0.9415499202428679,0.6214474027093184,1.8581147325257634,0.8327168,1.0780748,0.26944795,1.905134,1.1704997,1.567573,1.4961133,1.1539947,0.03488241,1.0061629,0.51651406,1.0962998,1.3495729,0.4718395,1.7003826,0.42361834839459983,0.8070899278957585,0.9415499202428679,0.6214474027093184,1.8581147325257634
2012-02-22 19:00:00,0.0,0.0,0.0,0.0,0.0,0.0,0.0,0.0,0.0,0.0,0.0,0.0,0.0,0.0,0.0,0.0,0.0,0.0,0.0,0.0,0.0,0.0,0.0,0.0,0.0,0.0,0.0,0.0,0.0,0.0,0.0,0.0,0.0,0.0,0.0,0.0,0.0,0.0,0.055075124,0.75378954,0.26237875,0.675052,0.0,0.21471524,0.8955182,1.9954596,0.46519396,1.1144763,0.49710387,1.4287279,0.2112459,1.0836351,0.0,0.96756995,0.63218683,0.0,0.0,0.0,0.0,1.0741495,0.7782657,0.0,0.21007155,0.4786421,0.29902083,0.588298,0.2872982,1.10221,1.2326243,0.54440665,1.6798408,0.0,0.62249,1.4014938,0.42157847,1.8385581,270.28186,270.28186,269.99164,269.99164,269.00665,269.00665,274.10516,274.10516,276.69604,276.69604,271.79828,271.79828,274.29004,274.29004,270.99612,270.99612,270.99612,262.22733,262.22733,262.22733,270.91525,270.91525,270.91525,267.6364,270.37665,271.51273,270.74423,273.00345,267.6364,270.37665,271.51273,270.74423,273.00345,267.6364,270.37665,271.51273,270.74423,273.00345,0.0,0.0,0.0,0.0,0.0,0.0,0.0,0.0,0.0,0.0,0.0,0.0,0.0,0.0,0.0,0.0,0.0,0.0,0.0,0.0,0.7553244,0.6778431,0.2708747,1.9976923,1.1140679,1.4311211,1.0823423,0.966353,0.010948733,1.0736177,0.46042776,1.1059154,1.2355468,0.54672015,1.6815928,0.3789491897533773,0.8145838665274105,0.7748731988009604,0.6970696999936276,1.8397776388989113,0.7553244,0.6778431,0.2708747,1.9976923,1.1140679,1.4311211,1.0823423,0.966353,0.010948733,1.0736177,0.46042776,1.1059154,1.2355468,0.54672015,1.6815928,0.3789491897533773,0.8145838665274105,0.7748731988009604,0.6970696999936276,1.8397776388989113
2012-02-22 20:00:00,0.0,0.0,0.0,0.0,0.0,0.0,0.0,0.0,0.0,0.0,0.0,0.0,0.0,0.0,0.0,0.0,0.0,0.0,0.0,0.0,0.0,0.0,0.0,0.0,0.0,0.0,0.0,0.0,0.0,0.0,0.0,0.0,0.0,0.0,0.0,0.0,0.0,0.0,0.024065785,0.70197207,0.21829957,0.5811346,0.0,0.4124955,0.9649674,2.0708835,0.37324944,1.0022746,0.49933887,1.4316272,0.15420589,1.0051165,0.0,0.7829097,0.4449704,0.0,0.0,0.0,0.0,1.1546795,0.85682255,0.0,0.27895904,0.0,0.32644996,0.4204603,0.3540432,1.1757984,0.57666874,0.6317837,1.4597522,0.0,0.7308094,0.7627759,0.51588887,1.6236994,269.9943,269.9943,269.65186,269.65186,269.73602,269.73602,274.5013,274.5013,275.63547,275.63547,271.8123,271.8123,273.8561,273.8561,270.10205,270.10205,270.10205,262.6603,262.6603,262.6603,271.43665,271.43665,271.43665,267.96777,270.8228,268.18124,271.07135,271.97714,267.96777,270.8228,268.18124,271.07135,271.97714,267.96777,270.8228,268.18124,271.07135,271.97714,0.0,0.0,0.0,0.0,0.0,0.0,0.0,0.0,0.0,0.0,0.0,0.0,0.0,0.0,0.0,0.0,0.0,0.0,0.0,0.0,0.70356655,0.5839398,0.41348433,2.073116,1.0018662,1.4340204,1.0038235,0.7816927,0.0127636865,1.1541477,0.49258795,1.179211,0.65788954,0.6340972,1.462106,0.4045627155521941,0.8717065895695136,0.08130690695711508,0.785312178176788,1.6255794941712176,0.70356655,0.5839398,0.41348433,2.073116,1.0018662,1.4340204,1.0038235,0.7816927,0.0127636865,1.1541477,0.49258795,1.179211,0.65788954,0.6340972,1.462106,0.4045627155521941,0.8717065895695136,0.08130690695711508,0.785312178176788,1.6255794941712176
2012-02-22 21:00:00,0.0,0.0,0.0,0.0,0.0,0.0,0.0,0.0,0.0,0.0,0.0,0.0,0.0,0.0,0.0,0.0,0.0,0.0,0.0,0.0,0.0,0.0,0.0,0.0,0.0,0.0,0.0,0.0,0.0,0.0,0.0,0.0,0.0,0.0,0.0,0.0,0.0,0.0,0.06483898,0.77010524,0.54711956,1.2817371,0.0,0.40124932,1.0466255,2.1595664,0.29358608,0.9050599,0.08905779,0.89937526,0.07572018,0.8970765,0.0,0.3678352,0.02415049,0.011923676,0.0,0.084205896,0.0,0.98719954,0.6934462,0.0,0.14122646,0.031616285,0.56316113,0.4047795,0.51118714,1.0286666,0.6478188,1.3858397,1.4391897,0.16007698,0.51423705,0.83205616,1.329779,1.6036257,270.3724,270.3724,272.18655,272.18655,269.69455,269.69455,274.9671,274.9671,274.71655,274.71655,269.2408,269.2408,273.25903,273.25903,268.09238,268.09238,268.09238,267.98553,267.98553,267.98553,270.3523,270.3523,270.3523,268.74792,269.93076,268.5426,273.89435,271.88126,268.74792,269.93076,268.5426,273.89435,271.88126,268.74792,269.93076,268.5426,273.89435,271.88126,0.0,0.0,0.0,0.0,0.0,0.0,0.0,0.0,0.0,0.0,0.0,0.0,0.0,0.0,0.0,0.0,0.0,0.0,0.0,0.0,0.77162135,1.284436,0.40223816,2.1617992,0.9046515,0.91026855,0.89578366,0.45847303,0.045650072,0.9866679,0.5697362,1.0326649,0.70496196,1.3881532,1.4415996,0.46629756915614123,0.7574963079522966,0.08473689826907833,1.546836779525334,1.6055672857045384,0.77162135,1.284436,0.40223816,2.1617992,0.9046515,0.91026855,0.89578366,0.45847303,0.045650072,0.9866679,0.5697362,1.0326649,0.70496196,1.3881532,1.4415996,0.46629756915614123,0.7574963079522966,0.08473689826907833,1.546836779525334,1.6055672857045384
2012-02-22 22:00:00,0.0,0.0,0.0,0.0,0.0,0.0,0.0,0.0,0.0,0.0,0.0,0.0,0.0,0.0,0.0,0.0,0.0,0.0,0.0,0.0,0.0,0.0,0.0,0.0,0.0,0.0,0.0,0.0,0.0,0.0,0.0,0.0,0.0,0.0,0.0,0.0,0.0,0.0,0.051593445,0.74797165,0.5670332,1.3241662,0.0,0.3502816,1.0691439,2.184022,0.24015969,0.83986264,0.09392201,0.9056857,0.16043177,1.0136867,0.0,0.22041325,0.0,0.0,0.0,0.0,0.0,0.93162274,0.6392313,0.0,0.122148074,0.3127017,0.16084892,0.2793379,0.49435645,1.0082866,1.0155388,0.10425265,1.2746959,0.13676754,0.48423806,1.1901131,0.0,1.4430406,270.24957,270.24957,272.34006,272.34006,269.5066,269.5066,275.09555,275.09555,274.10028,274.10028,269.2713,269.2713,273.90347,273.90347,267.3786,267.3786,267.3786,266.0941,266.0941,266.0941,269.99246,269.99246,269.99246,268.66437,269.8072,270.4102,269.0964,271.1142,268.66437,269.8072,270.4102,269.0964,271.1142,268.66437,269.8072,270.4102,269.0964,271.1142,0.0,0.0,0.0,0.0,0.0,0.0,0.0,0.0,0.0,0.0,0.0,0.0,0.0,0.0,0.0,0.0,0.0,0.0,0.0,0.0,0.74951315,1.3268586,0.35127044,2.1862547,0.8394543,0.9144561,1.0123938,0.41928953,0.03335718,0.93109107,0.560196,1.0123657,1.0187063,0.16993678,1.2775556,0.4584082064237903,0.741676204970253,0.4579084344966526,0.252556139775517,1.445475987229053,0.74951315,1.3268586,0.35127044,2.1862547,0.8394543,0.9144561,1.0123938,0.41928953,0.03335718,0.93109107,0.560196,1.0123657,1.0187063,0.16993678,1.2775556,0.4584082064237903,0.741676204970253,0.4579084344966526,0.252556139775517,1.445475987229053
2012-02-22 23:00:00,0.0,0.0,0.0,0.0,0.0,0.0,0.0,0.0,0.0,0.0,0.0,0.0,0.0,0.0,0.0,0.0,0.0,0.0,0.0,0.0,0.0,0.0,0.0,0.0,0.0,0.0,0.0,0.0,0.0,0.0,0.0,0.0,0.0,0.0,0.0,0.0,0.0,0.0,0.056549408,0.7562531,0.5349616,1.2558326,0.0,0.2975843,1.0685929,2.1834233,0.2029697,0.79447895,0.20427558,1.0488456,0.1888134,1.0527555,0.0,0.17494942,0.0,0.0,0.0,0.0,0.0,0.9045343,0.61280656,0.0,0.1711091,0.26953092,0.5266529,0.19939667,0.3936242,1.0605887,0.9590622,1.2695408,1.1698675,0.0,0.5612249,1.1351205,1.2042519,1.3407032,270.29553,270.29553,272.09283,272.09283,269.31226,269.31226,275.0924,275.0924,273.6713,273.6713,269.96295,269.96295,274.1194,274.1194,267.15848,267.15848,267.15848,266.10928,266.10928,266.10928,269.81708,269.81708,269.81708,268.16428,270.1243,270.12335,273.45895,270.62537,268.16428,270.1243,270.12335,273.45895,270.62537,268.16428,270.1243,270.12335,273.45895,270.62537,0.0,0.0,0.0,0.0,0.0,0.0,0.0,0.0,0.0,0.0,0.0,0.0,0.0,0.0,0.0,0.0,0.0,0.0,0.0,0.0,0.75778514,1.2585354,0.30641627,2.1856563,0.7940706,1.0512389,1.0514628,0.4072056,0.033455953,0.9040026,0.51165956,1.0644598,0.9622934,1.2718543,1.1730138,0.4197520222954785,0.7822755356905331,0.37544741202941967,1.4293859505077815,1.3434532134482562,0.75778514,1.2585354,0.30641627,2.1856563,0.7940706,1.0512389,1.0514628,0.4072056,0.033455953,0.9040026,0.51165956,1.0644598,0.9622934,1.2718543,1.1730138,0.4197520222954785,0.7822755356905331,0.37544741202941967,1.4293859505077815,1.3434532134482562
2012-03-27 00:00:00,0.0,0.0,0.0,0.0,0.0,0.0,0.0,0.0,0.0,0.0,0.0,0.0,0.0,0.0,0.0,0.0,0.0,0.0,0.0,0.0,0.0,0.0,0.0,0.0,0.0,0.0,0.0,0.0,0.0,0.0,0.0,0.0,0.0,0.0,0.0,0.0,0.0,0.0,0.7895718,1.9811547,0.839236,1.904137,0.86763775,2.3198009,0.61537266,1.6912137,0.9251599,1.6757815,1.1355562,2.2569835,1.056609,2.2473238,0.7976199,2.2151318,1.8970174,0.0,0.0,0.0,0.7555728,2.036942,1.7174683,0.22478914,0.79271287,0.65624446,0.0,0.3413775,0.8727583,1.7246118,1.4649664,0.0,1.3560495,0.66082907,1.5386418,1.6277303,0.0,1.5224609,277.09326,277.09326,274.43832,274.43832,276.76974,276.76974,272.50717,272.50717,282.00174,282.00174,275.79984,275.79984,280.7211,280.7211,277.03647,277.03647,277.03647,265.5238,265.5238,265.5238,277.14886,277.14886,277.14886,270.54297,274.15027,272.69275,266.81512,271.49356,270.54297,274.15027,272.69275,266.81512,271.49356,270.54297,274.15027,272.69275,266.81512,271.49356,0.0,0.0,0.0,0.0,0.0,0.0,0.0,0.0,0.0,0.0,0.0,0.0,0.0,0.0,0.0,0.0,0.0,0.0,0.0,0.0,1.9820949,1.9067954,2.3207898,1.6935669,1.6753732,2.2593765,2.246031,2.2139149,0.029650807,2.0364103,0.87739366,1.7264968,1.4676265,0.103214644,1.3586867,0.7384904899336485,1.2983767424326098,1.1141135813672434,0.10321464711847442,1.524652232757152,1.9820949,1.9067954,2.3207898,1.6935669,1.6753732,2.2593765,2.246031,2.2139149,0.029650807,2.0364103,0.87739366,1.7264968,1.4676265,0.103214644,1.3586867,0.7384904899336485,1.2983767424326098,1.1141135813672434,0.10321464711847442,1.524652232757152
2012-03-27 01:00:00,0.0,0.0,0.0,0.0,0.0,0.0,0.0,0.0,0.0,0.0,0.0,0.0,0.0,0.0,0.0,0.0,0.0,0.0,0.0,0.0,0.0,0.0,0.0,0.0,0.0,0.0,0.0,0.0,0.0,0.0,0.0,0.0,0.0,0.0,0.0,0.0,0.0,0.0,0.73464483,1.8893702,0.9339267,2.10589,0.66934705,1.9121667,0.9870578,2.0948744,0.87614113,1.6159631,0.6434597,1.618593,0.88501143,2.0111105,0.5690205,1.9386739,1.6167328,0.0,0.0,0.026485264,0.6372139,1.9079384,1.5916253,0.26936826,0.73376745,0.65552336,0.31169772,0.423325,0.93947864,1.6616439,1.4640229,0.58478975,1.4635088,0.75323236,1.4459552,1.6268116,0.4651659,1.6273668,276.5839,276.5839,275.16824,275.16824,275.26648,275.26648,274.62732,274.62732,281.4363,281.4363,272.71558,272.71558,279.41568,279.41568,275.69794,275.69794,275.69794,267.26132,267.26132,267.26132,276.31363,276.31363,276.31363,270.8742,273.7685,272.68796,270.89542,271.99466,270.8742,273.7685,272.68796,270.89542,271.99466,270.8742,273.7685,272.68796,270.89542,271.99466,0.0,0.0,0.0,0.0,0.0,0.0,0.0,0.0,0.0,0.0,0.0,0.0,0.0,0.0,0.0,0.0,0.0,0.0,0.0,0.0,1.8903103,2.1085486,1.9131556,2.097107,1.6155547,1.6209863,2.0098176,1.937457,0.040943276,1.9074067,0.94377005,1.6635288,1.4666841,0.5871032,1.4658521,0.7983226717958937,1.2492475491819903,1.1127361603089012,0.7378527242421,1.629235448232285,1.8903103,2.1085486,1.9131556,2.097107,1.6155547,1.6209863,2.0098176,1.937457,0.040943276,1.9074067,0.94377005,1.6635288,1.4666841,0.5871032,1.4658521,0.7983226717958937,1.2492475491819903,1.1127361603089012,0.7378527242421,1.629235448232285
2012-03-27 02:00:00,0.0,0.0,0.0,0.0,0.0,0.0,0.0,0.0,0.0,0.0,0.0,0.0,0.0,0.0,0.0,0.0,0.0,0.0,0.0,0.0,0.0,0.0,0.0,0.0,0.0,0.0,0.0,0.0,0.0,0.0,0.0,0.0,0.0,0.0,0.0,0.0,0.0,0.0,0.6672325,1.7767223,0.95877707,2.1588378,0.62020004,1.811133,1.0361394,2.1481783,0.84637487,1.5796387,0.62138313,1.5899537,0.8653951,1.9841074,0.4076599,1.7435316,1.4188893,0.0,0.0,0.0,0.5311973,1.792387,1.4789052,0.10398945,0.47350264,0.5777296,0.19318095,0.39161405,0.69196045,1.3836181,1.3622519,0.20724812,1.4219258,0.41043597,1.0367119,1.527715,0.05766645,1.5867717,275.95874,275.95874,275.3598,275.3598,274.8939,274.8939,274.9073,274.9073,281.09296,281.09296,272.5772,272.5772,279.26645,279.26645,274.7531,274.7531,274.7531,266.53583,266.53583,266.53583,275.5655,275.5655,275.5655,269.6454,272.08282,272.17108,269.482,271.80075,269.6454,272.08282,272.17108,269.482,271.80075,269.6454,272.08282,272.17108,269.482,271.80075,0.0,0.0,0.0,0.0,0.0,0.0,0.0,0.0,0.0,0.0,0.0,0.0,0.0,0.0,0.0,0.0,0.0,0.0,0.0,0.0,1.7776623,2.1614964,1.8121221,2.150411,1.5792303,1.5923468,1.9828146,1.7423147,0.036228146,1.7918553,0.6975279,1.3862036,1.3650281,0.20956162,1.4243827,0.5763581762306493,1.0330255354629712,0.9641413802761825,0.3565717859966414,1.5887651832426994,1.7776623,2.1614964,1.8121221,2.150411,1.5792303,1.5923468,1.9828146,1.7423147,0.036228146,1.7918553,0.6975279,1.3862036,1.3650281,0.20956162,1.4243827,0.5763581762306493,1.0330255354629712,0.9641413802761825,0.3565717859966414,1.5887651832426994
2012-03-27 03:00:00,0.0,0.0,0.0,0.0,0.0,0.0,0.0,0.0,0.0,0.0,0.0,0.0,0.0,0.0,0.0,0.0,0.0,0.0,0.0,0.0,0.0,0.0,0.0,0.0,0.0,0.0,0.0,0.0,0.0,0.0,0.0,0.0,0.0,0.0,0.0,0.0,0.0,0.0,0.7075351,1.8440692,0.9076905,2.04999,0.59306836,1.7553575,1.0483588,2.1614487,0.7940517,1.5157877,0.5201543,1.4586308,0.8014793,1.8961239,0.48595837,1.8382223,1.5148907,0.0,0.0,0.0,0.46887597,1.724461,1.4126433,0.1365428,0.53106284,0.5636562,0.17118186,0.78083473,0.740682,1.4451061,1.343841,0.13716882,1.9323177,0.47791237,1.1272202,1.5097879,0.0,2.0850356,276.3325,276.3325,274.966,274.966,274.6882,274.6882,274.977,274.977,280.4894,280.4894,271.94275,271.94275,278.7802,278.7802,275.21158,275.21158,275.21158,263.90262,263.90262,263.90262,275.1257,275.1257,275.1257,269.88727,272.45563,272.07758,269.21964,274.1808,269.88727,272.45563,272.07758,269.21964,274.1808,269.88727,272.45563,272.07758,269.21964,274.1808,0.0,0.0,0.0,0.0,0.0,0.0,0.0,0.0,0.0,0.0,0.0,0.0,0.0,0.0,0.0,0.0,0.0,0.0,0.0,0.0,1.8450091,2.0526485,1.7563465,2.1636817,1.5153794,1.461024,1.894831,1.8370053,0.01911441,1.7239292,0.74599844,1.4474471,1.346638,0.17354096,1.9339837,0.6200498911228693,1.080755438656017,0.9372597361821724,0.285798338385798,2.0861016157647954,1.8450091,2.0526485,1.7563465,2.1636817,1.5153794,1.461024,1.894831,1.8370053,0.01911441,1.7239292,0.74599844,1.4474471,1.346638,0.17354096,1.9339837,0.6200498911228693,1.080755438656017,0.9372597361821724,0.285798338385798,2.0861016157647954
2012-03-27 04:00:00,0.0,0.0,0.0,0.0,0.0,0.0,0.0,0.0,0.0,0.0,0.0,0.0,0.0,0.0,0.0,0.0,0.0,0.0,0.0,0.0,0.0,0.0,0.0,0.0,0.0,0.0,0.0,0.0,0.0,0.0,0.0,0.0,0.0,0.0,0.0,0.0,0.0,0.0,0.6373453,1.72678,0.947102,2.1339622,0.4870052,1.5373193,0.8848555,1.9838798,0.7452605,1.456247,0.5917107,1.5514599,0.8295921,1.9348226,0.27637717,1.5847642,1.2579243,0.0,0.0,0.0,0.40465194,1.6544607,1.3443584,0.07400309,0.20759308,0.5346966,0.17030413,0.48590854,0.64708054,1.0995624,1.3059554,0.13437282,1.5455756,0.34828037,0.61859274,1.472898,0.0,1.7074834,275.68158,275.68158,275.2698,275.2698,273.88412,273.88412,274.04434,274.04434,279.9266,279.9266,272.39124,272.39124,278.99408,278.99408,273.9844,273.9844,273.9844,264.29993,264.29993,264.29993,274.6725,274.6725,274.6725,269.42258,270.3606,271.88516,269.20917,272.37735,269.42258,270.3606,271.88516,269.20917,272.37735,269.42258,270.3606,271.88516,269.20917,272.37735,0.0,0.0,0.0,0.0,0.0,0.0,0.0,0.0,0.0,0.0,0.0,0.0,0.0,0.0,0.0,0.0,0.0,0.0,0.0,0.0,1.7277199,2.136621,1.5383081,1.9861124,1.4558386,1.5538532,1.9335299,1.5835472,0.021696595,1.6539291,0.6528794,1.1032784,1.3087953,0.17323482,1.5476947,0.5361117454423453,0.8125286987900545,0.8819435592850658,0.282974644942676,1.7091059428765099,1.7277199,2.136621,1.5383081,1.9861124,1.4558386,1.5538532,1.9335299,1.5835472,0.021696595,1.6539291,0.6528794,1.1032784,1.3087953,0.17323482,1.5476947,0.5361117454423453,0.8125286987900545,0.8819435592850658,0.282974644942676,1.7091059428765099
2012-03-27 05:00:00,0.0,0.0,0.0,0.0,0.0,0.0,0.0,0.0,0.0,0.0,0.0,0.0,0.0,0.0,0.0,0.0,0.0,0.0,0.0,0.0,0.0,0.0,0.0,0.0,0.0,0.0,0.0,0.0,0.0,0.0,0.0,0.0,0.0,0.0,0.0,0.0,0.0,0.0,0.55151427,1.5833538,0.9474069,2.134612,0.4816513,1.5263131,0.6808842,1.7623612,0.7227883,1.4288236,0.6910405,1.6803193,0.77476245,1.8593466,0.2172377,1.5132436,1.1854136,0.022871982,0.0,0.11208721,0.34831154,1.5930532,1.2844555,0.07819241,0.13258015,0.485394,0.14609155,0.68967927,0.65335065,1.0194305,1.2414571,0.057242364,1.8127841,0.35696396,0.5006416,1.4100946,0.0,1.9683423,274.88562,274.88562,275.27216,275.27216,273.84354,273.84354,272.88086,272.88086,279.6674,279.6674,273.0138,273.0138,278.57697,278.57697,273.63812,273.63812,273.63812,268.33536,268.33536,268.33536,274.2749,274.2749,274.2749,269.4537,269.87476,271.5576,268.9204,273.62338,269.4537,269.87476,271.5576,268.9204,273.62338,269.4537,269.87476,271.5576,268.9204,273.62338,0.0,0.0,0.0,0.0,0.0,0.0,0.0,0.0,0.0,0.0,0.0,0.0,0.0,0.0,0.0,0.0,0.0,0.0,0.0,0.0,1.5842938,2.1372705,1.5273019,1.7646443,1.4284153,1.6827124,1.8580538,1.5120265,0.04792364,1.5925217,0.6591171,1.0234653,1.2443697,0.16478933,1.81445,0.5417344490999361,0.7503266638495427,0.7877700711306582,0.20508022115602953,1.969440300337877,1.5842938,2.1372705,1.5273019,1.7646443,1.4284153,1.6827124,1.8580538,1.5120265,0.04792364,1.5925217,0.6591171,1.0234653,1.2443697,0.16478933,1.81445,0.5417344490999361,0.7503266638495427,0.7877700711306582,0.20508022115602953,1.969440300337877
2012-03-27 06:00:00,-0.37886867,-0.4864871,-0.4259909,-0.59172094,-0.28849232,-0.42989862,-1.3006226,-1.7155483,-0.28866848,-0.34962234,-0.4878508,-0.64575064,-0.15482745,-0.22425206,-0.09797804,-0.09313792,-0.07783066,0.0,0.0,0.0,-0.21515281,-0.19253941,-0.15986505,0.0,0.0,0.0,0.0,-0.4604507,0.0,0.0,0.0,0.0,-0.596247,0.0,0.0,0.0,0.0,-0.44413567,0.66809136,1.7781576,0.94577587,2.1311367,0.68186224,1.9378947,1.2699103,2.4020603,0.7616556,1.4762543,0.88859504,1.9366038,0.83852184,1.9471148,0.3329368,1.6531649,1.3272717,0.0,0.0,0.0,0.46254918,1.7175651,1.4059166,0.18113829,0.5991682,0.5792407,0.21442008,0.90723944,0.8074271,1.5178593,1.3642288,0.27490646,2.0980747,0.5703498,1.23431,1.5296401,0.13069345,2.2468536,275.9667,275.9667,275.25958,275.25958,275.36136,275.36136,276.24075,276.24075,280.11572,280.11572,274.25198,274.25198,279.062,279.062,274.31558,274.31558,274.31558,265.53748,265.53748,265.53748,275.08105,275.08105,275.08105,270.21863,272.89673,272.18112,269.7353,274.95374,270.21863,272.89673,272.18112,269.7353,274.95374,270.21863,272.89673,272.18112,269.7353,274.95374,0.59488225,0.8455392,0.59353137,2.3543992,0.34066293,0.9354641,0.21657464,0.10460588,0.0,0.2136938,0.0,0.0,0.0,0.0,0.83288914,0.0,0.0,0.0,0.0,0.8328891149623098,1.7790976,2.133795,1.9388835,2.4042928,1.4758458,1.938997,1.945822,1.6519479,0.029739663,1.7170334,0.8123993,1.5199106,1.3670027,0.27721995,2.0997405,0.6799041228033793,1.1372295726403234,0.9670278231309244,0.42490022791475224,2.2478753796373914,1.1842153,1.2882559,1.3453522,0.04989361,1.1351829,1.003533,1.7292473,1.5473421,0.029739663,1.5033395,0.8123993,1.5199106,1.3670027,0.27721995,1.2668514,0.6799041228033793,1.1372295726403234,0.9670278231309244,0.42490022791475224,1.4149862646750817
2012-03-27 07:00:00,-0.7195463,-0.88824224,-1.1675606,-1.5862584,-1.6275382,-3.2829747,-2.5593536,-3.2437677,-0.855567,-1.00212,-1.1292509,-1.4158607,-0.8052102,-1.0836558,-0.69711655,-0.6552617,-0.6028326,0.0,0.0,0.0,-0.95286345,-0.86811787,-0.78557163,-0.1389687,-1.0018921,-0.22271007,0.0,-0.5434103,-0.1774607,-1.2607843,-0.28604928,0.0,-0.6680255,-0.16840754,-1.0921578,-0.22859804,0.0,-0.5495723,0.6539145,1.7544675,1.0550077,2.3638723,1.0603533,2.715974,1.435436,2.5818257,0.9806922,1.7435488,0.9573128,2.0257504,1.18493,2.4239647,0.83789754,2.2638416,1.9464016,0.06267288,0.07612703,0.21344553,0.8164582,2.1033034,1.7822033,0.6218281,0.9106933,0.7767129,0.37809935,0.81318456,1.4669964,1.8506436,1.6225648,0.7963157,1.9747386,1.4838094,1.7241555,1.7811872,0.69347644,2.1264484,275.83524,275.83524,276.1016,276.1016,278.23074,278.23074,277.18494,277.18494,282.6423,282.6423,274.68268,274.68268,281.6973,281.6973,277.2723,277.2723,277.2723,269.6071,269.6071,269.6071,277.57852,277.57852,277.57852,273.4931,274.9144,273.49316,271.68732,274.3786,273.4931,274.9144,273.49316,271.68732,274.3786,273.4931,274.9144,273.49316,271.68732,274.3786,1.0601981,2.1167238,3.7928462,4.2498837,0.9893846,1.9761792,1.074005,0.7172744,0.0,0.9449847,0.2596111,1.7464032,0.4207582,0.0,0.92094624,0.19795442825118167,1.5548387952303435,0.4343056045146692,0.0,0.9209462216138029,1.7554077,2.3665307,2.7169628,2.5840585,1.7431403,2.0281436,2.4226718,2.2626247,0.08113126,2.1027718,1.4689245,1.8525285,1.6251234,0.79862916,1.9764045,1.2717357648607532,1.396709745614245,1.344298119826866,0.951473777173794,2.127503129402752,0.6952096,0.249807,-1.0758834,-1.6658254,0.7537558,0.051964447,1.3486669,1.5453503,0.08113126,1.157787,1.2093134,0.10612525,1.2043651,0.79862916,1.0554584,1.0737813366095716,-0.15812904961609853,0.9099925153121968,0.951473777173794,1.206556907788949
2012-03-27 08:00:00,-1.2953564,-1.7363106,-1.5851792,-2.1186335,-3.2756133,-6.3386807,-3.4871492,-4.3363276,-1.3442124,-1.5313435,-1.7841383,-2.186575,-1.5298207,-1.9337698,-1.9525468,-2.0491867,-2.0525908,0.0,0.0,0.0,-1.9076742,-1.8478495,-1.7890203,-0.5649554,-1.5076607,-0.5481864,0.0,-0.750644,-0.70165324,-1.8546242,-0.6860808,0.0,-0.9011238,-0.70469093,-1.6874937,-0.5789272,0.0,-0.7778445,0.7859651,1.9751276,1.0968342,2.4529903,1.3041238,3.2171032,1.5630832,2.7204542,1.1831619,1.9906261,1.0410713,2.1344092,1.4794891,2.8294418,1.2333353,2.7420666,2.431246,0.1667176,0.44112238,0.4784093,1.0991331,2.4114008,2.0827522,0.7335838,0.9861774,0.83310264,0.4696067,0.84538466,1.6342583,1.931279,1.6963346,1.0878171,2.016963,1.7154564,1.8428478,1.8530185,1.0081084,2.1676695,277.0598,277.0598,276.424,276.424,280.0788,280.0788,277.91306,277.91306,284.97778,284.97778,275.20764,275.20764,283.93814,283.93814,279.58774,279.58774,279.58774,272.93155,272.93155,272.93155,279.5733,279.5733,279.5733,274.3235,275.4033,273.86783,272.77863,274.5755,274.3235,275.4033,273.86783,272.77863,274.5755,274.3235,275.4033,273.86783,272.77863,274.5755,1.9849584,2.757679,6.9553156,5.5277452,1.5257447,2.977436,1.9300995,2.1533186,0.0,1.9656899,0.9926925,2.5082982,0.9882674,0.0,1.2228553,0.8010825930011971,2.356574733454225,1.0671348801741616,0.0,1.2228553730063028,1.9760679,2.4556487,3.2180917,2.722687,1.9902178,2.1368024,2.8281486,2.7408495,0.44220445,2.4108694,1.6361865,1.9331638,1.6988933,1.0901306,2.018629,1.4225919570821133,1.4596233887697145,1.4520921988021647,1.245862341389655,2.168713028506747,-0.008890482,-0.30203035,-3.7372236,-2.8050582,0.46447313,-0.84063375,0.8980492,0.5875307,0.44220445,0.4451794,0.643494,-0.57513446,0.7106258,1.0901306,0.7957738,0.6215093640809162,-0.8969513446845105,0.3849573186280031,1.245862341389655,0.9458576555004443
2012-03-27 09:00:00,-1.2332177,-1.599544,-1.6493917,-2.163888,-4.5453277,-8.534819,-4.7233286,-5.820566,-1.6425723,-1.8341019,-1.9791228,-2.3988886,-2.1651344,-2.63032,-3.6170588,-3.8810883,-3.9498172,-0.008098666,-0.008924258,-0.0091304425,-2.992669,-2.9724872,-2.9493752,-0.77018,-2.773248,-1.144739,0.0,-0.8418809,-0.9431568,-3.3942204,-1.4137626,0.0,-0.9984522,-0.9754437,-3.1562257,-1.2275243,0.0,-0.8839388,0.73013973,1.881842,1.0742127,2.4047914,1.477674,3.5738773,1.811594,2.9903438,1.2952077,2.1273584,1.0488862,2.1445475,1.752129,3.2047453,1.5984865,3.183664,2.8789563,0.18469065,0.504173,0.52418005,1.3918843,2.7304811,2.3940141,0.7745199,1.2549989,0.9371507,0.4955977,0.85341966,1.6955262,2.218445,1.8324516,1.1706129,2.0274997,1.8003081,2.2655456,1.9855586,1.0974741,2.1779556,276.5421,276.5421,276.24963,276.24963,281.3945,281.3945,279.3306,279.3306,286.27023,286.27023,275.25662,275.25662,286.01224,286.01224,281.72583,281.72583,281.72583,273.50583,273.50583,273.50583,281.6392,281.6392,281.6392,274.62766,277.14438,274.55914,273.0886,274.62463,274.62766,277.14438,274.55914,273.0886,274.62463,274.62766,277.14438,274.55914,273.0886,274.62463,1.8353376,2.8134012,9.16499,7.153336,1.8355135,3.2423465,2.636475,4.0194387,0.011918771,3.1225245,1.3162231,4.3731303,1.9897413,0.0,1.3458534,1.0935090772356009,4.211801610806973,2.1714766657389806,0.0,1.3458534871468817,1.8827821,2.40745,3.574866,2.9925764,2.12695,2.1469405,3.2034526,3.1824472,0.5049974,2.7299492,1.6974545,2.22033,1.8350104,1.1729264,2.0291657,1.4778504527774567,1.6836776440322516,1.6509892641298047,1.3294782431441434,2.17899634182935,0.047444478,-0.40595135,-5.590125,-4.1607594,0.29143646,-1.0954059,0.5669775,-0.8369915,0.4930786,-0.39257514,0.38123128,-2.1528003,-0.15473096,1.1729264,0.6833122,0.3843413755418559,-2.5281239667747215,-0.5204874016091758,1.3294782431441434,0.8331428546824682
2012-03-27 10:00:00,-1.6269432,-2.2033138,-2.456273,-3.2997985,-5.901581,-10.783457,-5.571393,-6.8334594,-1.8561691,-2.0483663,-2.2946277,-2.7830184,-2.6665192,-3.1644287,-5.2208314,-5.6024575,-5.7179594,-0.0049323365,-0.0054064505,-0.005620991,-3.9258597,-3.9251804,-3.9301186,-0.9717105,-2.6413116,-1.8200799,0.0,-0.9268116,-1.1814911,-3.208898,-2.2514439,0.0,-1.0923233,-1.240442,-3.0266874,-1.9749725,0.0,-0.97992504,0.82840675,2.046049,1.2608503,2.802452,1.7058579,4.042964,1.9960803,3.1907008,1.4000102,2.2552507,1.0890028,2.19659,2.020196,3.573754,1.9853923,3.6515708,3.3533397,0.18001163,0.48775867,0.5122643,1.6725701,3.0364103,2.6924477,0.81831443,1.1974245,1.0551894,0.49663153,0.8678827,1.7610726,2.156942,1.9868715,1.1739061,2.0464654,1.8910856,2.1750152,2.1359205,1.1010286,2.1964707,277.4534,277.4534,277.68832,277.68832,283.1244,283.1244,280.38293,280.38293,287.47913,287.47913,275.50806,275.50806,288.05154,288.05154,283.9913,283.9913,283.9913,273.35632,273.35632,273.35632,283.61993,283.61993,283.61993,274.95306,276.77148,275.3434,273.10092,274.71307,274.95306,276.77148,275.3434,273.10092,274.71307,274.95306,276.77148,275.3434,273.10092,274.71307,2.4780004,4.1037493,11.387919,8.19581,2.0584533,3.719442,3.182766,5.7656574,0.0072188433,4.0968156,1.6306701,4.1584606,3.0883944,0.0,1.4652677,1.3744754491421785,4.065780195198732,3.3535054170697665,0.0,1.4652677083607628,2.0469892,2.8051107,4.043953,3.1929338,2.2548423,2.1989832,3.5724614,3.6503537,0.488583,3.0358787,1.7630007,2.1588268,1.9894303,1.1762197,2.0481315,1.5369676735660036,1.6356912641498123,1.876630710377764,1.3328041094736516,2.197506305810035,-0.43101117,-1.2986385,-7.343967,-5.0028763,0.19638899,-1.5204586,0.3896955,-2.1153038,0.48136416,-1.0609367,0.13233069,-1.9996339,-1.0989642,1.1762197,0.5828636,0.16249222442382516,-2.4300889310489198,-1.4768747066920025,1.3328041094736516,0.732238597449272
2012-03-27 11:00:00,-2.0643418,-2.8708453,-2.420415,-3.2350948,-6.639708,-11.963618,-6.0849085,-7.4513907,-2.000611,-2.196164,-2.4914327,-3.0258436,-2.9912667,-3.5102255,-6.310071,-6.759583,-6.9018645,-0.0031722705,-0.0034688464,-0.0036331404,-4.5874615,-4.598506,-4.620643,-1.1340487,-2.533709,-2.070704,0.0,-0.9327752,-1.3844991,-3.0680044,-2.5790665,0.0,-1.096541,-1.4549823,-2.91121,-2.2637932,0.0,-0.9890899,0.9468826,2.2440257,1.2392145,2.7563539,1.84115,4.3210897,2.1248941,3.330596,1.5040323,2.3821907,1.11626,2.2319505,2.2672305,3.9138107,2.2970018,4.028417,3.7354023,0.17761718,0.4793588,0.5061666,1.9125617,3.2979858,2.9476142,0.855476,1.1633108,1.0965414,0.49748617,0.86532754,1.8166914,2.1204998,2.0409687,1.1766288,2.0431144,1.9681141,2.1213741,2.1885962,1.1039673,2.1931996,278.5521,278.5521,277.52155,277.52155,284.15005,284.15005,281.1177,281.1177,288.67902,288.67902,275.6789,275.6789,289.93085,289.93085,285.8159,285.8159,285.8159,273.27982,273.27982,273.27982,285.3135,285.3135,285.3135,275.2292,276.55054,275.61816,273.1111,274.69745,275.2292,276.55054,275.61816,273.1111,274.69745,275.2292,276.55054,275.61816,273.1111,274.69745,3.1779382,4.0336246,12.535153,8.798992,2.2162848,4.0178723,3.5410106,6.9355855,0.004632002,4.782142,1.8900446,3.9921582,3.4977021,0.0,1.4697412,1.6041686771440005,3.9277447468849624,3.7930953033114805,0.0,1.4697412005141421,2.2449658,2.7590122,4.322078,3.3328288,2.3817823,2.2343438,3.9125178,4.0272,0.48018318,3.297454,1.8186195,2.1223848,2.0435274,1.1789423,2.0447807,1.5871310997776489,1.6072583817249932,1.9556785309377225,1.3355537118351755,2.1942360844304245,-0.9329725,-1.2746124,-8.213075,-5.4661636,0.1654976,-1.7835286,0.37150738,-2.9083853,0.4755512,-1.4846882,-0.07142504,-1.8697734,-1.4541748,1.1789423,0.57503945,-0.017037577366351586,-2.320486365159969,-1.837416772373758,1.3355537118351755,0.7244948839162824
2012-03-27 12:00:00,-2.3761759,-3.337314,-2.6349308,-3.5412657,-6.9066954,-12.390676,-6.356235,-7.7940106,-2.068908,-2.2721453,-2.5537405,-3.1075225,-3.1279757,-3.6675909,-6.6514473,-7.132578,-7.283412,0.0,0.0,0.0,-4.916607,-4.9417524,-4.9688363,-1.1718234,-2.474285,-2.0857246,-0.05670812,-1.1692425,-1.4392385,-2.9964745,-2.6013165,-0.06957174,-1.3750466,-1.5052819,-2.8413053,-2.27951,-0.066010684,-1.2392998,1.0366429,2.3940177,1.2955072,2.876294,1.9056542,4.4536934,2.222923,3.4370587,1.5954661,2.4937692,1.1279995,2.24718,2.470864,4.1941233,2.4242609,4.1823187,3.8914342,0.17173283,0.4587161,0.49118122,2.0750093,3.4750438,3.1203337,0.86510324,1.1512201,1.1005971,0.5214813,0.9337302,1.8311002,2.107584,2.0462744,1.2530664,2.1328123,1.9880692,2.1023624,2.1937625,1.1864703,2.280766,279.3845,279.3845,277.95547,277.95547,284.63907,284.63907,281.67688,281.67688,289.7337,289.7337,275.75247,275.75247,291.47998,291.47998,286.56104,286.56104,286.56104,273.0918,273.0918,273.0918,286.45987,286.45987,286.45987,275.30072,276.47223,275.6451,273.39728,275.11572,275.30072,276.47223,275.6451,273.39728,275.11572,275.30072,276.47223,275.6451,273.39728,275.11572,3.6610386,4.3689594,12.946191,9.109086,2.3018115,4.118029,3.7088022,7.3117647,0.0,5.1300898,1.9568081,3.9071267,3.5253944,0.09972577,1.8261423,1.6615764966505928,3.841145074122706,3.8159202911929047,0.09972576618831133,1.8261423480647923,2.3949578,2.8789525,4.4546824,3.4392915,2.4933608,2.2495732,4.1928306,4.181102,0.45960912,3.4745119,1.8330282,2.1094692,2.0488331,1.2553799,2.1344783,1.6001265762409662,1.5971812026777437,1.9634314161487016,1.4127483865178412,2.2817783778463205,-1.2660809,-1.4900068,-8.4915085,-5.669795,0.19154926,-1.8684561,0.4840285,-3.1306632,0.45960912,-1.6555778,-0.123779856,-1.7976575,-1.4765614,1.1556541,0.308336,-0.0614499204096266,-2.2439638714449623,-1.852488875044203,1.3130226203295299,0.4556360297815283
2012-03-27 13:00:00,-2.5402865,-3.5879264,-2.6777153,-3.6160805,-6.7952213,-12.234582,-6.4122357,-7.897147,-2.0551326,-2.271223,-2.715758,-3.3306484,-3.0889919,-3.6569104,-6.688075,-7.224841,-7.380151,-0.0030511133,-0.003341427,-0.0034834668,-4.977181,-5.0285606,-5.048259,-1.0244195,-2.1182935,-2.1251864,-0.05217356,-1.2327523,-1.2463089,-2.5698714,-2.6692486,-0.06427141,-1.4598233,-1.3068756,-2.4208612,-2.3149211,-0.060453482,-1.3036306,1.1015049,2.502404,1.320595,2.9297478,1.9152308,4.47338,2.3001885,3.5209713,1.6617664,2.5746763,1.1662365,2.2967844,2.6143565,4.3916492,2.5155947,4.2927732,4.003418,0.17751116,0.4789869,0.50589657,2.1773846,3.586626,3.2291818,0.8330838,1.0820026,1.1172885,0.52025557,0.95954216,1.7831775,2.0336432,2.0681102,1.2491618,2.1666603,1.9216994,1.9935243,2.2150245,1.1822557,2.3138094,279.986,279.986,278.14886,278.14886,284.71167,284.71167,282.1176,282.1176,290.49847,290.49847,275.99213,275.99213,292.5716,292.5716,287.09583,287.09583,287.09583,273.27643,273.27643,273.27643,287.1823,287.1823,287.1823,275.0628,276.02393,275.756,273.38266,275.27356,275.0628,276.02393,275.756,273.38266,275.27356,275.0628,276.02393,275.756,273.38266,275.27356,3.9198399,4.448138,12.79527,9.170913,2.3078384,4.390503,3.7048147,7.4039774,0.0044662715,5.217486,1.7159394,3.393319,3.610011,0.09231878,1.9321469,1.4442698306956994,3.31211644863203,3.8635458243337992,0.09231878005140885,1.9303378242032043,2.503344,2.9324062,4.474369,3.523204,2.574268,2.2991776,4.390356,4.2915564,0.47981128,3.5860944,1.7851056,2.0355282,2.0706692,1.2514752,2.1683261,1.5569044198808881,1.5394907271500382,1.9953385337667056,1.4088050945083503,2.31481272350129,-1.4164958,-1.5157319,-8.320901,-5.647709,0.2664298,-2.0913255,0.6855415,-3.112421,0.47534502,-1.6313913,0.069166176,-1.3577907,-1.5393422,1.1591564,0.23617908,0.11263458918518876,-1.7726257214819916,-1.8682072905670937,1.3164863144569414,0.38447489929808554
2012-03-27 14:00:00,-2.5818725,-3.6652188,-2.5355465,-3.4437518,-6.390157,-11.627583,-6.1213846,-7.60664,-1.9536616,-2.1879725,-2.516518,-3.1060255,-2.8803272,-3.4862688,-6.343376,-6.9545126,-7.1086493,-0.0077895457,-0.008567491,-0.008815486,-4.7697535,-4.8609366,-4.8598137,-0.82551616,-1.9160563,-2.1201532,-0.024570428,-1.4175807,-1.0120441,-2.341328,-2.6945655,-0.030534081,-1.7078673,-1.0442544,-2.169832,-2.28995,-0.028194947,-1.4933975,1.1537037,2.58963,1.313073,2.913721,1.900413,4.442919,2.3317916,3.555293,1.7003716,2.6217873,1.1533821,2.2801085,2.6811688,4.4836197,2.5472517,4.3310575,4.0422325,0.18408702,0.50205547,0.52264285,2.2195318,3.6325638,3.2739942,0.79091156,1.058236,1.1377599,0.51037806,1.0351266,1.7200593,2.0082545,2.0948915,1.2176967,2.2657752,1.8342848,1.9561534,2.241102,1.1482939,2.4105692,280.47006,280.47006,278.09088,278.09088,284.59933,284.59933,282.29788,282.29788,290.9438,290.9438,275.91156,275.91156,293.07986,293.07986,287.2812,287.2812,287.2812,273.48654,273.48654,273.48654,287.47974,287.47974,287.47974,274.74945,275.87,275.89203,273.26486,275.73575,274.74945,275.87,275.89203,273.26486,275.73575,274.74945,275.87,275.89203,273.26486,275.73575,4.00127,4.257085,12.20811,8.841449,2.2279932,4.118754,3.5357833,7.1298213,0.011433513,5.0470414,1.408789,3.1145673,3.6418307,0.04415341,2.236694,1.1674114199719814,2.9874506707102437,3.8140501718502007,0.044153411024920194,2.2284144804847132,2.59057,2.9163795,4.4439077,3.5575256,2.6213791,2.2825017,4.482327,4.329841,0.5028798,3.6320322,1.7219874,2.0101397,2.0974503,1.22001,2.267441,1.4999771364656396,1.519681962101587,2.0344717267285777,1.3770282528452287,2.4115461273962073,-1.4107,-1.3407053,-7.764202,-5.2839227,0.39338595,-1.8362521,0.9465436,-2.7999804,0.4914463,-1.4150093,0.31319842,-1.1044275,-1.5443805,1.1758567,0.030747166,0.3325657164936582,-1.4677687086086568,-1.779578445121623,1.3328748418203085,0.18313164691149408
2012-03-27 15:00:00,-2.341418,-3.3370638,-2.284898,-3.1387928,-5.6208925,-10.425892,-5.294693,-6.6890306,-1.7411916,-1.9953725,-2.5615897,-3.226154,-2.4866145,-3.1308727,-5.602996,-6.3004856,-6.4464993,0.0,0.0,0.0,-4.249077,-4.3871045,-4.350057,-0.7159156,-2.8345299,-1.6865213,-0.037360076,-1.2286491,-0.8907099,-3.5372162,-2.1588378,-0.047208127,-1.4981171,-0.8913124,-3.1646714,-1.7800031,-0.042108554,-1.2735361,1.1473328,2.5789838,1.3028748,2.8919919,1.8609272,4.361746,2.2809985,3.5001295,1.7103748,2.6339946,1.2126733,2.357026,2.7036333,4.5145435,2.547866,4.3318014,4.0429864,0.16794682,0.44543448,0.48153964,2.1976972,3.6087654,3.250779,0.7798879,1.3614731,1.0869141,0.51699036,1.0161419,1.7035605,2.332185,2.0283742,1.2387601,2.2408803,1.8114352,2.4329665,2.1763327,1.171029,2.3862658,280.41098,280.41098,278.01227,278.01227,284.3,284.3,282.00815,282.00815,291.05917,291.05917,276.28317,276.28317,293.25076,293.25076,287.2848,287.2848,287.2848,272.97083,272.97083,272.97083,287.32565,287.32565,287.32565,274.66754,277.83398,275.5542,273.34372,275.61966,274.66754,277.83398,275.5542,273.34372,275.61966,274.66754,277.83398,275.5542,273.34372,275.61966,3.667912,3.9143496,11.036188,7.882225,2.0345938,4.265065,3.1779428,6.4668922,0.0,4.565433,1.2504144,4.5238996,2.9730372,0.0686074,1.9819329,1.0046879238220106,4.180607158413349,3.0299140109461304,0.06860739488330894,1.9759199267264838,2.5799239,2.8946502,4.362735,3.5023625,2.6335862,2.3594193,4.5132504,4.3305845,0.44647026,3.6082337,1.7054887,2.3340702,2.030933,1.2410738,2.2425463,1.4850966506177108,1.7724204401860684,1.9372753062466561,1.3983006256062405,2.387249404489884,-1.0879883,-1.0196993,-6.673453,-4.3798623,0.5989924,-1.9056458,1.3353078,-2.1363075,0.44647026,-0.9571992,0.45507425,-2.1898296,-0.94210416,1.1724664,0.26061335,0.48040872679570024,-2.408186718227281,-1.0926387046994743,1.3296932307229314,0.41132947776340023
2012-03-27 16:00:00,-1.770193,-2.531068,-1.4305702,-1.9765908,-4.227177,-8.100336,-3.6046772,-4.7035666,-1.350163,-1.6081692,-3.7186806,-4.9018965,-1.8295786,-2.4625149,-4.2310658,-4.947676,-5.065318,0.0,0.0,0.0,-3.292274,-3.4607587,-3.3747466,-0.39407876,-1.5712274,-1.1703835,0.0,-0.9800258,-0.50494343,-2.014329,-1.5326928,0.0,-1.2295986,-0.47593033,-1.6980324,-1.1855674,0.0,-0.98717666,1.0792984,2.4652963,1.1413925,2.5479283,1.7566755,4.1474314,2.0884652,3.2910337,1.6868973,2.6053443,1.704478,2.9950373,2.6797125,4.481615,2.461255,4.2270575,3.9367924,0.13266735,0.32167196,0.39169577,2.1073744,3.5103195,3.1547446,0.71237445,1.1231939,1.0424205,0.49319488,1.0180483,1.6025149,2.0776453,1.9701672,1.1629584,2.2433803,1.6714936,2.0582938,2.1196551,1.0892123,2.3887062,279.78006,279.78006,276.7675,276.7675,283.50964,283.50964,280.9099,280.9099,290.78836,290.78836,279.3656,279.3656,293.0688,293.0688,286.77765,286.77765,286.77765,271.84357,271.84357,271.84357,286.68826,286.68826,286.68826,274.1659,276.2907,275.25858,273.05994,275.63132,274.1659,276.2907,275.25858,273.05994,275.63132,274.1659,276.2907,275.25858,273.05994,275.63132,2.832435,2.5806577,8.7288885,5.7587643,1.6409734,6.1297293,2.5014787,5.093558,0.0,3.6195066,0.727366,2.7087722,2.1665921,0.0,1.6492523,0.5500105014753575,2.3467943919197283,2.071772667762584,0.0,1.6443274978380178,2.4662366,2.550587,4.148421,3.2932663,2.6049361,2.9974306,4.4803224,4.2258406,0.32403764,3.5097876,1.604443,2.0795305,1.9727259,1.165272,2.2450461,1.3939619910170231,1.5738222545198954,1.852221853201635,1.321748073630757,2.3896892962223277,-0.3661985,-0.030070933,-4.580468,-2.4654982,0.9639626,-3.1322987,1.9788436,-0.8677173,0.32403764,-0.10971896,0.877077,-0.6292418,-0.19386625,1.165272,0.59579384,0.8439514895416657,-0.7729721373998328,-0.21955081456094905,1.321748073630757,0.7453617983843099
2012-03-27 17:00:00,-0.6998671,-0.98755884,-1.109718,-1.6555923,-1.9099351,-3.8494716,-0.862753,-1.208574,-0.63714504,-0.80855924,-1.4342513,-2.0186334,-0.76629233,-1.1524757,-1.9324809,-2.3773236,-2.4196796,0.0,0.0,0.0,-1.5819662,-1.692225,-1.5856994,0.0,-0.689022,-0.35017538,0.0,-0.324956,0.0,-0.948983,-0.49289393,0.0,-0.4311737,0.0,-0.6988317,-0.32884464,0.0,-0.30732515,0.8784107,2.1296072,1.3832062,3.0631504,1.5240756,3.669267,1.7182782,2.8890002,1.5777851,2.4721928,1.6035168,2.864062,2.466331,4.187884,2.1622481,3.8654518,3.5701811,0.07866221,0.13221858,0.2541645,1.8844433,3.2673388,2.917718,0.3414817,1.1389127,0.94894123,0.46802014,0.91836387,1.047409,2.094437,1.8478762,1.0827631,2.112662,0.9027089,2.0830102,2.000578,1.0026534,2.2610946,277.9171,277.9171,278.6315,278.6315,281.74628,281.74628,278.7983,278.7983,289.52975,289.52975,278.73282,278.73282,291.4455,291.4455,285.02686,285.02686,285.02686,270.11798,270.11798,270.11798,285.11508,285.11508,285.11508,271.41003,276.39252,274.63748,272.7597,275.02176,271.41003,276.39252,274.63748,272.7597,275.02176,271.41003,276.39252,274.63748,272.7597,275.02176,1.1607856,2.1318383,4.3328576,1.6102649,0.82387704,2.6555028,1.169896,2.4683208,0.0,1.7914093,0.0,1.319733,0.735415,0.0,0.60928047,0.0,0.9806832303082453,0.6077709988127636,0.0,0.6092804570137544,2.130547,3.065809,3.6702557,2.8912327,2.4717844,2.8664553,4.1865907,3.864235,0.13662004,3.266807,1.051144,2.0963218,1.8504349,1.0850766,2.1143281,0.8951103490703823,1.5869233727200605,1.6735279462776902,1.2407582891017963,2.262112339510734,0.96976155,0.9339707,-0.66260177,1.2809678,1.6479074,0.21095246,3.0166948,1.395914,0.13662004,1.4753978,1.051144,0.7765888,1.1150199,1.0850766,1.5050477,0.8951103490703823,0.6062401424118151,1.0657569474649264,1.2407582891017963,1.6528318824969794
2012-03-27 18:00:00,0.0,0.0,0.0,0.0,0.0,0.0,0.0,0.0,0.0,0.0,0.0,0.0,0.0,0.0,0.0,0.0,0.0,0.0,0.0,0.0,0.0,0.0,0.0,0.0,0.0,0.0,0.0,0.0,0.0,0.0,0.0,0.0,0.0,0.0,0.0,0.0,0.0,0.0,0.7094043,1.8471925,1.1546787,2.5762367,1.1081356,2.8142023,1.4841752,2.6347578,1.3811758,2.2322667,1.3773127,2.5706103,2.0053375,3.5533006,1.4295896,2.9794075,2.6718724,0.0,0.0,0.0,1.4410113,2.7840264,2.4462473,0.121974684,0.7015382,0.83048,0.3987909,0.53656435,0.71887845,1.6272153,1.6929036,0.8622296,1.6120014,0.44771576,1.3952776,1.8496777,0.76462054,1.7723309,276.34982,276.34982,276.8699,276.8699,278.593,278.593,277.46295,277.46295,287.26187,287.26187,277.31506,277.31506,287.9385,287.9385,280.73688,280.73688,280.73688,266.61963,266.61963,266.61963,281.98587,281.98587,281.98587,269.77902,273.55975,273.8504,271.93408,272.6871,269.77902,273.55975,273.8504,271.93408,272.6871,269.77902,273.55975,273.8504,271.93408,272.6871,0.0,0.0,0.0,0.0,0.0,0.0,0.0,0.0,0.0,0.0,0.0,0.0,0.0,0.0,0.0,0.0,0.0,0.0,0.0,0.0,1.8481326,2.5788953,2.815191,2.6369905,2.2318583,2.5730035,3.5520077,2.9781907,0.036772788,2.7834947,0.7243071,1.6291002,1.6954622,0.8645431,1.6139389,0.6004972147763257,1.2223855442392055,1.4470787249001609,1.0180404978183537,1.7737539110295308,1.8481326,2.5788953,2.815191,2.6369905,2.2318583,2.5730035,3.5520077,2.9781907,0.036772788,2.7834947,0.7243071,1.6291002,1.6954622,0.8645431,1.6139389,0.6004972147763257,1.2223855442392055,1.4470787249001609,1.0180404978183537,1.7737539110295308
2012-03-27 19:00:00,0.0,0.0,0.0,0.0,0.0,0.0,0.0,0.0,0.0,0.0,0.0,0.0,0.0,0.0,0.0,0.0,0.0,0.0,0.0,0.0,0.0,0.0,0.0,0.0,0.0,0.0,0.0,0.0,0.0,0.0,0.0,0.0,0.0,0.0,0.0,0.0,0.0,0.0,0.65256864,1.7522186,0.7683586,1.7531214,0.9044508,2.3954787,1.4116924,2.5560396,1.2787095,2.107225,1.3181722,2.4938886,1.8399979,3.3257012,1.1786832,2.6759725,2.3642373,0.0,0.0,0.0,1.3094451,2.6406274,2.3063622,0.008103747,0.9024522,0.7644493,0.43805254,0.5591323,0.5484507,1.8418398,1.6065214,0.9872997,1.6415954,0.21168455,1.711197,1.7655655,0.89961493,1.8012215,275.82275,275.82275,273.89197,273.89197,277.04883,277.04883,277.0495,277.0495,286.07993,286.07993,276.9444,276.9444,286.6807,286.6807,279.26773,279.26773,279.26773,263.80786,263.80786,263.80786,281.05743,281.05743,281.05743,268.93292,274.86102,273.41168,272.4023,272.8251,268.93292,274.86102,273.41168,272.4023,272.8251,268.93292,274.86102,273.41168,272.4023,272.8251,0.0,0.0,0.0,0.0,0.0,0.0,0.0,0.0,0.0,0.0,0.0,0.0,0.0,0.0,0.0,0.0,0.0,0.0,0.0,0.0,1.7531586,1.75578,2.3964677,2.5582724,2.1068168,2.4962819,3.3244088,2.6747558,0.018498566,2.640096,0.591148,1.843725,1.6090798,0.9896131,1.6434518,0.4840544059547242,1.3898410838240507,1.3208550807404402,1.1443493272580616,1.802555695461842,1.7531586,1.75578,2.3964677,2.5582724,2.1068168,2.4962819,3.3244088,2.6747558,0.018498566,2.640096,0.591148,1.843725,1.6090798,0.9896131,1.6434518,0.4840544059547242,1.3898410838240507,1.3208550807404402,1.1443493272580616,1.802555695461842
2012-03-27 20:00:00,0.0,0.0,0.0,0.0,0.0,0.0,0.0,0.0,0.0,0.0,0.0,0.0,0.0,0.0,0.0,0.0,0.0,0.0,0.0,0.0,0.0,0.0,0.0,0.0,0.0,0.0,0.0,0.0,0.0,0.0,0.0,0.0,0.0,0.0,0.0,0.0,0.0,0.0,0.63830626,1.7283857,0.81299603,1.8482285,0.79745364,2.1755207,1.4033837,2.5470161,1.1521466,1.9527779,1.5489635,2.7932904,1.6580465,3.0752358,1.1970291,2.6981595,2.3867311,0.0,0.0,0.0,1.0901554,2.4016159,2.0732067,0.0,0.81932074,0.7691802,0.4074554,0.35691857,0.5327941,1.7530354,1.6127102,0.88983077,1.3764288,0.19000122,1.5804803,1.7715918,0.794412,1.5423561,275.6905,275.6905,274.23605,274.23605,276.23767,276.23767,277.0021,277.0021,284.62003,284.62003,278.3909,278.3909,285.2965,285.2965,279.37515,279.37515,279.37515,264.99323,264.99323,264.99323,279.50995,279.50995,279.50995,268.8552,274.3226,273.4431,272.0374,271.5886,268.8552,274.3226,273.4431,272.0374,271.5886,268.8552,274.3226,273.4431,272.0374,271.5886,0.0,0.0,0.0,0.0,0.0,0.0,0.0,0.0,0.0,0.0,0.0,0.0,0.0,0.0,0.0,0.0,0.0,0.0,0.0,0.0,1.7293257,1.8508868,2.1765096,2.549249,1.9523696,2.7956836,3.073943,2.6969423,0.026202474,2.401084,0.58215165,1.7549205,1.615269,0.8921444,1.3790103,0.47659372246313875,1.3205536052852276,1.3298986501258405,1.045915209183983,1.5444861020013396,1.7293257,1.8508868,2.1765096,2.549249,1.9523696,2.7956836,3.073943,2.6969423,0.026202474,2.401084,0.58215165,1.7549205,1.615269,0.8921444,1.3790103,0.47659372246313875,1.3205536052852276,1.3298986501258405,1.045915209183983,1.5444861020013396
2012-03-27 21:00:00,0.0,0.0,0.0,0.0,0.0,0.0,0.0,0.0,0.0,0.0,0.0,0.0,0.0,0.0,0.0,0.0,0.0,0.0,0.0,0.0,0.0,0.0,0.0,0.0,0.0,0.0,0.0,0.0,0.0,0.0,0.0,0.0,0.0,0.0,0.0,0.0,0.0,0.0,0.62086487,1.6992407,0.7973264,1.8148419,0.69159186,1.9578962,1.3580902,2.497826,1.0316529,1.8057369,0.8075584,1.8314762,1.5046014,2.8640099,0.7880039,2.2035027,1.8852273,0.09876323,0.20273422,0.30535442,0.9395873,2.237506,1.913118,0.0,0.8483836,0.77573454,0.26393792,0.5202646,0.44849923,1.7840815,1.6212848,0.43264818,1.5906273,0.073258385,1.626179,1.779941,0.30095196,1.7514646,275.52875,275.52875,274.11526,274.11526,275.43512,275.43512,276.74374,276.74374,283.23013,283.23013,273.74408,273.74408,284.12918,284.12918,276.98016,276.98016,276.98016,270.76025,270.76025,270.76025,278.44742,278.44742,278.44742,268.4367,274.51083,273.48666,270.32584,272.58743,268.4367,274.51083,273.48666,270.32584,272.58743,268.4367,274.51083,273.48666,270.32584,272.58743,0.0,0.0,0.0,0.0,0.0,0.0,0.0,0.0,0.0,0.0,0.0,0.0,0.0,0.0,0.0,0.0,0.0,0.0,0.0,0.0,1.7001808,1.8175004,1.9588851,2.5000587,1.8053286,1.8338695,2.862717,2.2022858,0.20637794,2.2369742,0.5381003,1.7859666,1.6238434,0.43496165,1.5926232,0.44081040733932053,1.3447765360581947,1.3424279447986232,0.5842042856927481,1.7529519145775343,1.7001808,1.8175004,1.9588851,2.5000587,1.8053286,1.8338695,2.862717,2.2022858,0.20637794,2.2369742,0.5381003,1.7859666,1.6238434,0.43496165,1.5926232,0.44081040733932053,1.3447765360581947,1.3424279447986232,0.5842042856927481,1.7529519145775343
2012-03-27 22:00:00,0.0,0.0,0.0,0.0,0.0,0.0,0.0,0.0,0.0,0.0,0.0,0.0,0.0,0.0,0.0,0.0,0.0,0.0,0.0,0.0,0.0,0.0,0.0,0.0,0.0,0.0,0.0,0.0,0.0,0.0,0.0,0.0,0.0,0.0,0.0,0.0,0.0,0.0,0.56407857,1.6043491,0.7821279,1.7824591,0.6435196,1.8590722,1.329216,2.4664679,0.94369006,1.6983942,0.9119668,1.9669237,1.3726658,2.6823936,0.59531456,1.9704728,1.6489718,0.09996857,0.20696262,0.30842397,0.8029008,2.0885265,1.7677888,0.0,0.8887454,0.76601547,0.24614312,0.30450112,0.46078113,1.8271978,1.6085703,0.3759619,1.307693,0.09026793,1.6896445,1.7675606,0.23976767,1.4752536,275.00214,275.00214,273.9981,273.9981,275.07068,275.07068,276.57904,276.57904,282.21548,282.21548,274.39847,274.39847,283.1255,283.1255,275.8519,275.8519,275.8519,270.79877,270.79877,270.79877,277.48285,277.48285,277.48285,268.49768,274.77225,273.4221,270.11362,271.26807,268.49768,274.77225,273.4221,270.11362,271.26807,268.49768,274.77225,273.4221,270.11362,271.26807,0.0,0.0,0.0,0.0,0.0,0.0,0.0,0.0,0.0,0.0,0.0,0.0,0.0,0.0,0.0,0.0,0.0,0.0,0.0,0.0,1.6052891,1.7851176,1.860061,2.4687004,1.697986,1.969317,2.6811006,1.9692558,0.21056089,2.0879948,0.54401815,1.8290828,1.6111289,0.3782754,1.3104622,0.4455235980324533,1.3784168773359569,1.3238491168185196,0.5269565766447307,1.4775897857933418,1.6052891,1.7851176,1.860061,2.4687004,1.697986,1.969317,2.6811006,1.9692558,0.21056089,2.0879948,0.54401815,1.8290828,1.6111289,0.3782754,1.3104622,0.4455235980324533,1.3784168773359569,1.3238491168185196,0.5269565766447307,1.4775897857933418
2012-03-27 23:00:00,0.0,0.0,0.0,0.0,0.0,0.0,0.0,0.0,0.0,0.0,0.0,0.0,0.0,0.0,0.0,0.0,0.0,0.0,0.0,0.0,0.0,0.0,0.0,0.0,0.0,0.0,0.0,0.0,0.0,0.0,0.0,0.0,0.0,0.0,0.0,0.0,0.0,0.0,0.6425777,1.7355235,0.8191205,1.8612776,0.5915427,1.7522212,1.3132193,2.4490948,0.88214153,1.6232854,0.960989,2.0305195,1.2069895,2.4543307,0.45234156,1.7975675,1.4736733,0.05380097,0.04500381,0.19085203,0.7036867,1.9803896,1.6623012,0.0,0.9105566,0.75687516,0.04389307,0.31349438,0.53280026,1.8504974,1.5966127,0.0,1.3194859,0.19000971,1.7239406,1.7559173,0.0,1.4867662,275.7301,275.7301,274.28326,274.28326,274.67664,274.67664,276.4878,276.4878,281.50552,281.50552,274.70572,274.70572,281.8651,281.8651,275.01474,275.01474,275.01474,269.3236,269.3236,269.3236,276.7827,276.7827,276.7827,268.85522,274.9135,273.36136,267.7016,271.32306,268.85522,274.9135,273.36136,267.7016,271.32306,268.85522,274.9135,273.36136,267.7016,271.32306,0.0,0.0,0.0,0.0,0.0,0.0,0.0,0.0,0.0,0.0,0.0,0.0,0.0,0.0,0.0,0.0,0.0,0.0,0.0,0.0,1.7364634,1.8639361,1.7532101,2.4513276,1.622877,2.0329127,2.453038,1.7963507,0.054346472,1.9798578,0.58215517,1.8523825,1.5991714,0.12914196,1.3222231,0.47659665166749354,1.3965958569967978,1.3063765895593484,0.1291419612187301,1.4890671886122326,1.7364634,1.8639361,1.7532101,2.4513276,1.622877,2.0329127,2.453038,1.7963507,0.054346472,1.9798578,0.58215517,1.8523825,1.5991714,0.12914196,1.3222231,0.47659665166749354,1.3965958569967978,1.3063765895593484,0.1291419612187301,1.4890671886122326
2012-04-27 00:00:00,0.0,0.0,0.0,0.0,0.0,0.0,0.0,0.0,0.0,0.0,0.0,0.0,0.0,0.0,0.0,0.0,0.0,0.0,0.0,0.0,0.0,0.0,0.0,0.0,0.0,0.0,0.0,0.0,0.0,0.0,0.0,0.0,0.0,0.0,0.0,0.0,0.0,0.0,0.81347954,2.0211055,1.2814093,2.8462563,0.9200736,2.4275951,2.8309636,4.0974073,0.788861,1.5094534,1.3750045,2.567616,1.1843082,2.4231088,1.1343873,2.6224031,2.309926,0.12232362,0.28538555,0.3653541,1.112388,2.4258475,2.096845,0.9059818,1.0977685,1.1110556,0.89572966,1.41741,1.8922819,2.0504851,2.0599563,2.445255,2.7670708,2.0728018,2.0183148,2.207085,2.4732587,2.8999524,277.31497,277.31497,277.8468,277.8468,277.16727,277.16727,285.14523,285.14523,280.42953,280.42953,277.3006,277.3006,281.69257,281.69257,279.00836,279.00836,279.00836,271.51306,271.51306,271.51306,279.66684,279.66684,279.66684,275.60446,276.12604,275.7146,277.86053,278.07336,275.60446,276.12604,275.7146,277.86053,278.07336,275.60446,276.12604,275.7146,277.86053,278.07336,0.0,0.0,0.0,0.0,0.0,0.0,0.0,0.0,0.0,0.0,0.0,0.0,0.0,0.0,0.0,0.0,0.0,0.0,0.0,0.0,2.0220454,2.8489146,2.4285843,4.0996404,1.509045,2.5700095,2.4218159,2.621186,0.28814113,2.425316,1.8942101,2.05237,2.0625153,2.4475684,2.7687366,1.6553074539028256,1.552631117287254,1.9834238506055522,2.6167449271693544,2.9007955169602093,2.0220454,2.8489146,2.4285843,4.0996404,1.509045,2.5700095,2.4218159,2.621186,0.28814113,2.425316,1.8942101,2.05237,2.0625153,2.4475684,2.7687366,1.6553074539028256,1.552631117287254,1.9834238506055522,2.6167449271693544,2.9007955169602093
2012-04-27 01:00:00,0.0,0.0,0.0,0.0,0.0,0.0,0.0,0.0,0.0,0.0,0.0,0.0,0.0,0.0,0.0,0.0,0.0,0.0,0.0,0.0,0.0,0.0,0.0,0.0,0.0,0.0,0.0,0.0,0.0,0.0,0.0,0.0,0.0,0.0,0.0,0.0,0.0,0.0,0.84236634,2.0693762,1.3057411,2.898099,0.8994028,2.3851018,2.6982713,3.9533,0.7635923,1.4786174,1.5031887,2.7339077,1.1259081,2.3427181,0.8926382,2.3300426,2.0135188,0.14375989,0.3605852,0.41994438,0.9145869,2.2102573,1.8865367,0.8907318,1.2222798,1.1332725,0.92182314,1.2985663,1.869458,2.1834931,2.089021,2.5283768,2.6112285,2.041192,2.2140975,2.235386,2.5629764,2.7478137,277.58286,277.58286,278.03436,278.03436,277.01056,277.01056,284.38834,284.38834,280.13806,280.13806,278.104,278.104,281.2483,281.2483,277.59283,277.59283,277.59283,272.198,272.198,272.198,278.271,278.271,278.271,275.49115,276.93246,275.8622,278.17172,277.34665,275.49115,276.93246,275.8622,278.17172,277.34665,275.49115,276.93246,275.8622,278.17172,277.34665,0.0,0.0,0.0,0.0,0.0,0.0,0.0,0.0,0.0,0.0,0.0,0.0,0.0,0.0,0.0,0.0,0.0,0.0,0.0,0.0,2.070316,2.9007573,2.3860905,3.9555328,1.4782091,2.7363012,2.3414252,2.3288257,0.36253276,2.2097256,1.871386,2.185378,2.0915797,2.5306902,2.6128945,1.634722042593825,1.6564072109441381,2.025893506059125,2.7006901226198337,2.7486982870526706,2.070316,2.9007573,2.3860905,3.9555328,1.4782091,2.7363012,2.3414252,2.3288257,0.36253276,2.2097256,1.871386,2.185378,2.0915797,2.5306902,2.6128945,1.634722042593825,1.6564072109441381,2.025893506059125,2.7006901226198337,2.7486982870526706
2012-04-27 02:00:00,0.0,0.0,0.0,0.0,0.0,0.0,0.0,0.0,0.0,0.0,0.0,0.0,0.0,0.0,0.0,0.0,0.0,0.0,0.0,0.0,0.0,0.0,0.0,0.0,0.0,0.0,0.0,0.0,0.0,0.0,0.0,0.0,0.0,0.0,0.0,0.0,0.0,0.0,0.8765941,2.1265717,1.3494875,2.9913082,0.8922132,2.3703218,2.602751,3.8495622,0.7434351,1.4540192,1.5828865,2.8372984,1.0840238,2.2850618,0.8470079,2.2748594,1.9575719,0.2083332,0.5871124,0.584389,0.8551761,2.1455033,1.8233694,0.8680193,1.2972878,1.1011391,0.86624825,1.6075611,1.8354646,2.2636201,2.0469837,2.3513403,3.0164196,1.9941134,2.3320415,2.194453,2.371892,3.143376,277.90027,277.90027,278.37158,278.37158,276.95605,276.95605,283.84348,283.84348,279.90555,279.90555,278.60352,278.60352,280.92966,280.92966,277.32565,277.32565,277.32565,274.26126,274.26126,274.26126,277.85175,277.85175,277.85175,275.3224,277.41827,275.6487,277.50894,279.2361,275.3224,277.41827,275.6487,277.50894,279.2361,275.3224,277.41827,275.6487,277.50894,279.2361,0.0,0.0,0.0,0.0,0.0,0.0,0.0,0.0,0.0,0.0,0.0,0.0,0.0,0.0,0.0,0.0,0.0,0.0,0.0,0.0,2.1275117,2.9939663,2.3713107,3.8517952,1.4536109,2.8396916,2.283769,2.2736425,0.5879368,2.1449716,1.8373927,2.2655048,2.0495422,2.3536537,3.0180852,1.6040629193676537,1.7189242075353937,1.9644674755540192,2.521900110381577,3.144152362242498,2.1275117,2.9939663,2.3713107,3.8517952,1.4536109,2.8396916,2.283769,2.2736425,0.5879368,2.1449716,1.8373927,2.2655048,2.0495422,2.3536537,3.0180852,1.6040629193676537,1.7189242075353937,1.9644674755540192,2.521900110381577,3.144152362242498
2012-04-27 03:00:00,0.0,0.0,0.0,0.0,0.0,0.0,0.0,0.0,0.0,0.0,0.0,0.0,0.0,0.0,0.0,0.0,0.0,0.0,0.0,0.0,0.0,0.0,0.0,0.0,0.0,0.0,0.0,0.0,0.0,0.0,0.0,0.0,0.0,0.0,0.0,0.0,0.0,0.0,0.8819186,2.135469,1.4180689,3.1374307,0.87542695,2.3358138,2.7350636,3.9932578,0.73518586,1.4439526,1.6309884,2.8997004,1.0039095,2.1747801,0.7187742,2.1197793,1.8003452,0.19042984,0.5243064,0.5387957,0.74783176,2.0285048,1.7092377,0.84867454,1.1256534,1.0812737,0.8682263,1.0337591,1.8065119,2.0802727,2.0209956,2.3576412,2.2639823,1.9540159,2.0621612,2.169148,2.378693,2.4088187,277.94965,277.94965,278.90024,278.90024,276.8288,276.8288,284.5982,284.5982,279.8104,279.8104,278.905,278.905,280.3202,280.3202,276.5748,276.5748,276.5748,273.6892,273.6892,273.6892,277.09424,277.09424,277.09424,275.17865,276.30664,275.51672,277.53253,275.7274,275.17865,276.30664,275.51672,277.53253,275.7274,275.17865,276.30664,275.51672,277.53253,275.7274,0.0,0.0,0.0,0.0,0.0,0.0,0.0,0.0,0.0,0.0,0.0,0.0,0.0,0.0,0.0,0.0,0.0,0.0,0.0,0.0,2.136409,3.1400893,2.3368027,3.9954903,1.4435443,2.9020936,2.1734872,2.1185625,0.5251308,2.0279732,1.80844,2.0821579,2.023554,2.3599548,2.265648,1.577949995245544,1.5758722496339501,1.9264932642997903,2.5282637110566006,2.4097960479860254,2.136409,3.1400893,2.3368027,3.9954903,1.4435443,2.9020936,2.1734872,2.1185625,0.5251308,2.0279732,1.80844,2.0821579,2.023554,2.3599548,2.265648,1.577949995245544,1.5758722496339501,1.9264932642997903,2.5282637110566006,2.4097960479860254
2012-04-27 04:00:00,0.0,0.0,0.0,0.0,0.0,0.0,-0.08661247,-0.12658918,0.0,0.0,0.0,0.0,0.0,0.0,0.0,0.0,0.0,0.0,0.0,0.0,0.0,0.0,0.0,0.0,0.0,0.0,0.0,0.0,0.0,0.0,0.0,0.0,0.0,0.0,0.0,0.0,0.0,0.0,0.8756694,2.1250265,1.4206698,3.1429727,0.91213536,2.4112763,2.7039797,3.9594998,0.735969,1.4449081,1.6331308,2.9024796,0.9770362,2.137787,0.60665566,1.9841883,1.6628771,0.20236094,0.56616145,0.56917983,0.69201475,1.9676677,1.6498913,0.87744105,1.1458154,1.3107554,0.89210624,1.0528835,1.849566,2.1018107,2.3212066,2.4337122,2.2890604,2.013643,2.0938642,2.46147,2.4608002,2.433301,277.8917,277.8917,278.9203,278.9203,277.1071,277.1071,284.4209,284.4209,279.81943,279.81943,278.91843,278.91843,280.11575,280.11575,275.9183,275.9183,275.9183,274.07043,274.07043,274.07043,276.70035,276.70035,276.70035,275.3924,276.43723,277.04144,277.81732,275.84433,275.3924,276.43723,277.04144,277.81732,275.84433,275.3924,276.43723,277.04144,277.81732,275.84433,0.0,0.0,0.0,0.1538714,0.0,0.0,0.0,0.0,0.0,0.0,0.0,0.0,0.0,0.0,0.0,0.0,0.0,0.0,0.0,0.0,2.1259665,3.1456313,2.4122653,3.9617324,1.4444999,2.904873,2.1364946,1.9829712,0.56698585,1.9671361,1.8514941,2.1036959,2.3237653,2.4360256,2.2907262,1.6167811885685284,1.5926767114980107,2.3651678406428602,2.6050879303312766,2.4342716111240463,2.1259665,3.1456313,2.4122653,3.8078609,1.4444999,2.904873,2.1364946,1.9829712,0.56698585,1.9671361,1.8514941,2.1036959,2.3237653,2.4360256,2.2907262,1.6167811885685284,1.5926767114980107,2.3651678406428602,2.6050879303312766,2.4342716111240463
2012-04-27 05:00:00,-1.2728212,-2.0814912,-1.4261179,-2.4871953,-1.2529739,-3.1772225,-5.0600414,-6.819047,-0.8950873,-1.0939252,-2.3552477,-3.686332,-0.4934045,-0.7314466,-0.6681353,-0.62842417,-0.5220961,-0.014482643,-0.017247109,-0.013877524,-1.1329131,-1.0420618,-0.8447359,-0.6546623,-1.359555,-0.66690254,-0.58019185,-1.0565826,-0.9648803,-1.8735322,-0.93508416,-1.1105204,-1.452568,-0.7564351,-1.3889637,-0.6281131,-0.709787,-1.0498918,0.87191457,2.118752,1.4198345,3.1411932,1.0346346,2.6631029,2.9812412,4.2606134,0.7813896,1.5003358,1.7594599,3.0663648,1.0751623,2.2728634,0.7608916,2.1707141,1.851985,0.22427191,0.6430264,0.62497896,0.79358995,2.0783784,1.7578893,0.9291789,1.3460321,1.0221694,0.9331335,1.1591258,1.9270008,2.3156908,1.9436744,2.5644066,2.4283776,2.1208851,2.4086876,2.0938587,2.6018653,2.5693078,277.85687,277.85687,278.91385,278.91385,278.03577,278.03577,286.00244,286.00244,280.34335,280.34335,279.7102,279.7102,280.86224,280.86224,276.8214,276.8214,276.8214,274.77054,274.77054,274.77054,277.41714,277.41714,277.41714,275.77682,277.73398,275.12402,278.3066,276.494,275.77682,277.73398,275.12402,278.3066,276.494,275.77682,277.73398,275.12402,278.3066,276.494,2.3043504,3.0975628,3.5841205,7.695129,1.055382,4.616463,0.7021434,0.6845331,0.023647472,1.1371661,1.3495706,2.6325498,1.3739752,1.3613302,1.9364107,0.9088487078732493,2.014331794602183,1.1302700587161099,1.1133287350744816,1.9008143631805212,2.119692,3.1438515,2.6640918,4.2628465,1.4999275,3.068758,2.2715707,2.1694973,0.64385074,2.0778468,1.9289289,2.3175757,1.946233,2.5667205,2.4300437,1.686620786268362,1.7595510264145031,1.8135101081334517,2.7370770760268273,2.5702412844231555,-0.1846583,0.04628872,-0.9200287,-3.4322824,0.44454563,-1.547705,1.5694273,1.4849641,0.6202033,0.9406805,0.57935816,-0.31497416,0.57225794,1.2053902,0.49363288,0.7777720783951126,-0.2547807681876799,0.6832400494173418,1.6237483409523457,0.6694269212426343
2012-04-27 06:00:00,-3.20614,-5.3940396,-3.0262673,-5.080061,-5.4240313,-13.080709,-8.708941,-11.220958,-2.8405,-3.3390377,-5.526361,-8.361051,-1.7751653,-2.425265,-3.921578,-4.2535763,-4.197259,-0.08501506,-0.18485343,-0.113611355,-4.438212,-4.4346085,-4.1267443,-1.7250888,-4.0919013,-1.7354385,-1.2120955,-2.58126,-2.5150874,-5.354401,-2.4305327,-2.3211646,-3.4754376,-2.1478553,-4.416984,-1.7930489,-1.5934856,-2.697943,0.9645511,2.27355,1.4303573,3.1636138,1.3546073,3.3208838,3.4617736,4.782485,0.97368914,1.7350029,1.9683106,3.3373036,1.3489656,2.6497688,1.2616305,2.7762856,2.4659386,0.2602839,0.7693589,0.71668845,1.1687543,2.4872835,2.1567755,1.0301862,1.7274485,1.1025583,1.0414505,1.3739212,2.0781755,2.7231352,2.04884,2.9094565,2.7100425,2.3302526,3.0084307,2.196261,2.9742942,2.8442798,278.71594,278.71594,278.99496,278.99496,280.46152,280.46152,288.74347,288.74347,282.56152,282.56152,281.0192,281.0192,282.9452,282.9452,279.75342,279.75342,279.75342,275.9212,275.9212,275.9212,280.0646,280.0646,280.0646,276.52734,280.2043,275.65814,279.5984,277.80743,276.52734,280.2043,275.65814,279.5984,277.80743,276.52734,280.2043,275.65814,279.5984,277.80743,5.743043,6.0794263,13.789435,11.8357115,3.256666,9.905129,2.3559604,4.4200606,0.2010799,4.6801105,3.2878938,6.947311,3.341636,2.692826,4.37214,2.5458094007023515,5.967103454766481,3.095186621442287,2.1340450185656508,4.244704424029837,2.27449,3.1662722,3.3218727,4.784718,1.7345945,3.3396971,2.6484761,2.7750688,0.7701832,2.4867518,2.0801039,2.7250204,2.051399,2.9117696,2.7117085,1.8229679503734668,2.0774495024537627,1.967180546369639,3.0855438974667937,2.8451378819955133,-3.4685528,-2.913154,-10.467563,-7.050994,-1.5220715,-6.565432,0.29251578,-1.6449919,0.5691033,-2.1933587,-1.2077899,-4.2222905,-1.2902372,0.21894354,-1.6604311,-0.7228414503288847,-3.8896539523127185,-1.128006075072648,0.9514988789011429,-1.3995665420343233
2012-04-27 07:00:00,-5.183287,-8.917994,-4.156622,-6.9029665,-10.212248,-23.18271,-10.725087,-13.5037565,-4.665381,-5.324442,-8.139816,-12.073167,-3.0315294,-3.883655,-8.682226,-9.589071,-9.745242,-0.09267612,-0.18481983,-0.12410357,-7.857323,-7.998449,-7.7770987,-2.4895275,-6.077247,-2.4514735,-1.5293561,-4.3404136,-3.6099737,-7.726293,-3.331262,-2.9109306,-5.785865,-3.222269,-6.75808,-2.6495976,-2.0798542,-4.692941,1.1410967,2.568563,1.5107365,3.3348737,1.7011843,4.033356,3.7627363,5.1093388,1.1882968,1.9968927,2.1753454,3.605887,1.5714536,2.9560356,1.6687118,3.2685914,2.9650588,0.25293154,0.7435663,0.69796467,1.4820038,2.8287058,2.489832,1.0973301,1.9469085,1.1141376,1.0681554,1.6596293,2.178668,2.9575715,2.0639882,2.9945264,3.0846968,2.4694278,3.3535125,2.211011,3.066115,3.210031,280.35315,280.35315,279.61456,279.61456,283.08896,283.08896,290.4602,290.4602,285.03702,285.03702,282.3168,282.3168,284.63776,284.63776,282.13702,282.13702,282.13702,275.68628,275.68628,275.68628,282.27515,282.27515,282.27515,277.02625,281.6257,275.73508,279.91687,279.5545,277.02625,281.6257,275.73508,279.91687,279.5545,277.02625,281.6257,275.73508,279.91687,279.5545,9.272154,8.028473,23.78127,13.722953,5.243761,13.751374,3.795944,9.816004,0.20113885,8.322014,4.563986,9.627036,4.468145,3.3081245,6.9185696,3.7639173643313364,8.773406757036282,4.490900829264071,2.5952895071945234,6.655620789346826,2.569503,3.337532,4.034345,5.111572,1.9964844,3.6082802,2.954743,3.2673743,0.74439067,2.8281739,2.1805964,2.9594567,2.0665472,2.9968398,3.086363,1.9136036369017577,2.260362476461824,1.98931534095274,3.1714566227508185,3.210789510003189,-6.702651,-4.690941,-19.746923,-8.611381,-3.2472768,-10.143094,-0.8412011,-6.5486293,0.5432518,-5.4938397,-2.3833895,-6.6675797,-2.401598,-0.31128466,-3.8322062,-1.8503137274295787,-6.513044280574459,-2.5015854883113304,0.5761671155562951,-3.444831279343637
2012-04-27 08:00:00,-6.6406693,-11.486037,-4.9049883,-8.104676,-13.602178,-29.688307,-11.8510275,-14.730729,-6.079893,-6.7888575,-10.389666,-15.255474,-4.3003874,-5.28146,-13.334854,-14.53701,-14.838765,-0.12288307,-0.2720038,-0.17565133,-10.890333,-11.082597,-10.96325,-2.8180358,-7.829995,-3.0856926,-1.6917474,-5.9076114,-4.0477996,-9.759541,-4.202181,-3.198039,-7.800877,-3.716082,-8.885517,-3.4463258,-2.349739,-6.498878,1.2769316,2.7955475,1.572714,3.4669268,1.9317915,4.507425,3.9674191,5.33163,1.381054,2.232118,2.4773226,3.997638,1.8929219,3.3985548,2.0607617,3.742719,3.4457493,0.2612944,0.77290374,0.71926177,1.7861373,3.1601915,2.8131962,1.1085056,2.164149,1.1535146,1.0633881,1.9233737,2.1953945,3.1896374,2.1155019,2.9793398,3.4305496,2.4925928,3.6951036,2.2611706,3.0497231,3.5476654,281.61282,281.61282,280.09232,280.09232,284.83722,284.83722,291.62775,291.62775,287.26047,287.26047,284.20947,284.20947,287.0833,287.0833,284.43262,284.43262,284.43262,275.9535,275.9535,275.9535,284.42136,284.42136,284.42136,277.10928,283.0327,275.9967,279.86002,281.16727,277.10928,283.0327,275.9967,279.86002,281.16727,277.10928,283.0327,275.9967,279.86002,281.16727,11.798432,9.267798,30.082432,14.628105,6.738981,16.740936,5.199445,14.795642,0.2862013,11.446815,5.0610485,11.757879,5.5034556,3.6000881,8.99456,4.300850392468202,11.137776884429762,5.736163213116207,2.8136806312108473,8.599926079190194,2.7964873,3.4695852,4.508414,5.3338633,2.2317097,4.0000315,3.3972619,3.741502,0.7737281,3.1596599,2.1973226,3.1915221,2.1180604,2.9816535,3.4322157,1.9286892561238937,2.4414257422347907,2.064587690798405,3.156119768860042,3.548331285878707,-9.0019455,-5.7982135,-25.574018,-9.294242,-4.5072713,-12.740905,-1.802183,-11.05414,0.48752677,-8.287155,-2.8637261,-8.566357,-3.3853955,-0.61843485,-5.5623446,-2.3721611363443085,-8.69635114219497,-3.6715755223178017,0.34243913764919487,-5.051594793311487
2012-04-27 09:00:00,-7.844011,-13.574088,-5.574696,-9.202649,-16.079618,-34.121662,-12.4644375,-15.381354,-7.0153303,-7.7180624,-11.842316,-17.271175,-5.178492,-6.191025,-17.464169,-18.799511,-19.194878,-0.13972297,-0.3210663,-0.20534545,-13.388928,-13.577653,-13.542172,-3.036662,-9.041725,-3.6321876,-1.8448168,-7.435317,-4.340277,-11.171959,-5.0014396,-3.4890597,-9.726026,-4.051054,-10.350349,-4.1410923,-2.5945423,-8.26816,1.4114206,3.0202825,1.656272,3.6449602,2.1242898,4.9031515,4.090674,5.4654884,1.529605,2.4133978,2.700737,4.2874703,2.1460059,3.7469385,2.4730859,4.2413654,3.9512985,0.26534212,0.78710335,0.7295698,2.091901,3.4934542,3.1382933,1.1180507,2.381654,1.2008281,1.0888315,2.2029586,2.20968,3.4219844,2.1773982,3.0603912,3.797174,2.5123775,4.0371103,2.3214407,3.1372058,3.9055781,282.86002,282.86002,280.73642,280.73642,286.29657,286.29657,292.3308,292.3308,288.974,288.974,285.60974,285.60974,289.00864,289.00864,286.84692,286.84692,286.84692,276.08282,276.08282,276.08282,286.57907,286.57907,286.57907,277.1802,284.44144,276.31107,280.16345,282.8769,277.1802,284.44144,276.31107,280.16345,282.8769,277.1802,284.44144,276.31107,280.16345,282.8769,13.839536,10.367978,34.334522,15.071482,7.707147,18.49427,6.1251626,19.072332,0.33331025,13.959524,5.3878565,13.096105,6.427297,3.8918564,10.858477,4.661575169538884,12.599475638369587,6.78633900912588,3.026077204185252,10.328434344184418,3.0212224,3.6476185,4.90414,5.4677215,2.4129894,4.2898636,3.7456455,4.2401485,0.7879277,3.4929228,2.2116084,3.4238696,2.179957,3.0627048,3.79884,1.9415738496822343,2.622708930855241,2.1550321648168587,3.2379739493409794,3.9061458794473563,-10.818314,-6.7203593,-29.430382,-9.60376,-5.294158,-14.204408,-2.3795173,-14.832184,0.45461744,-10.466601,-3.1762483,-9.6722355,-4.24734,-0.8291516,-7.0596366,-2.72000131985665,-9.976766707514345,-4.631306844309021,0.2118967451557272,-6.422288464737061
2012-04-27 10:00:00,-8.839944,-15.268658,-6.1309566,-10.123056,-17.644077,-36.775875,-12.777362,-15.707463,-7.5519166,-8.234252,-12.78644,-18.563585,-5.755354,-6.7716103,-20.129366,-21.484636,-21.92579,-0.16861871,-0.41415426,-0.25672793,-15.090296,-15.2578,-15.278835,-3.1530414,-10.062526,-4.0369854,-2.0914156,-8.559776,-4.4955735,-12.353008,-5.597582,-3.9795432,-11.127783,-4.2317176,-11.589039,-4.660738,-2.9705296,-9.565467,1.5495033,3.2510223,1.7422292,3.828105,2.2633495,5.1890216,4.1730757,5.5549793,1.6284416,2.53401,2.870971,4.508312,2.370744,4.056303,2.8008056,4.637695,4.3531137,0.27546424,0.82261246,0.75534725,2.3617492,3.7875721,3.425204,1.1232791,2.59716,1.2366179,1.1654125,2.4501486,2.2175055,3.6521978,2.2242186,3.3043444,4.121319,2.523215,4.3759756,2.3670306,3.4005167,4.2220206,284.14053,284.14053,281.39902,281.39902,287.3508,287.3508,292.80084,292.80084,290.11407,290.11407,286.6767,286.6767,290.71832,290.71832,288.76584,288.76584,288.76584,276.40625,276.40625,276.40625,288.48334,288.48334,288.48334,277.21906,285.83722,276.54886,281.07675,284.38843,277.21906,285.83722,276.54886,281.07675,284.38843,277.21906,285.83722,276.54886,281.07675,284.38843,15.491993,11.267056,36.861275,15.262865,8.255547,19.539888,6.728237,21.759502,0.42301548,15.641403,5.559874,14.122695,7.1052933,4.376297,12.124445,4.854727646065704,13.730975848854714,7.55420162314104,3.3733995668392045,11.489433489740456,3.2519624,3.8307638,5.190011,5.557212,2.5336013,4.5107055,4.0550103,4.636478,0.8234368,3.7870402,2.2194335,3.6540828,2.2267776,3.3066578,4.122985,1.9486315465840274,2.8023269893447367,2.223447206225633,3.484343260338968,4.22250147501786,-12.24003,-7.4362926,-31.671265,-9.705653,-5.721945,-15.029183,-2.673227,-17.123026,0.40042132,-11.854363,-3.3404405,-10.468613,-4.8785157,-1.0696393,-8.001461,-2.906096099481676,-10.928648859509977,-5.330754416915407,0.11094369349976363,-7.266932014722596
2012-04-27 11:00:00,-9.473797,-16.324438,-6.577807,-10.869656,-18.595592,-38.326397,-12.872017,-15.805036,-7.835542,-8.5102415,-13.455554,-19.47514,-6.049788,-7.0658164,-21.643217,-23.00836,-23.472532,-0.1923775,-0.4921664,-0.29903373,-16.006208,-16.181011,-16.22602,-3.2318702,-10.881767,-4.604723,-2.042802,-9.245996,-4.6089764,-13.303919,-6.493542,-3.876029,-11.9920845,-4.3498654,-12.576413,-5.3722963,-2.9044127,-10.342524,1.6570834,3.4307914,1.8279529,4.0107527,2.3916776,5.4528313,4.200794,5.585082,1.7056311,2.628206,3.0354934,4.721745,2.549121,4.3018484,3.053343,4.943103,4.662749,0.28449664,0.85429853,0.7783494,2.594324,4.041064,3.6724849,1.1309677,2.8248944,1.3064425,1.1385287,2.6616251,2.2290127,3.895473,2.3155644,3.2187033,4.398632,2.539152,4.7340674,2.455976,3.3080802,4.4927435,285.13818,285.13818,282.0598,282.0598,288.32367,288.32367,292.95895,292.95895,291.00446,291.00446,287.70786,287.70786,292.07532,292.07532,290.24454,290.24454,290.24454,276.69485,276.69485,276.69485,290.12457,290.12457,290.12457,277.27618,287.3122,277.0128,280.75613,285.68158,277.27618,287.3122,277.0128,280.75613,285.68158,277.27618,287.3122,277.0128,280.75613,285.68158,16.519777,11.977249,38.337708,15.315471,8.560047,20.195803,7.044658,23.28061,0.49827087,16.55818,5.684698,14.844737,8.107584,4.27482,12.833761,4.983384213315482,14.51362262590427,8.564208045356613,3.3016128821702058,12.129205455651949,3.4317317,4.013411,5.45382,5.587315,2.6277974,4.7241383,4.3005557,4.9418855,0.8551229,4.040532,2.230941,3.8973577,2.318123,3.2210171,4.4002976,1.959010186489885,2.992136115498928,2.3569232662225774,3.3978542710869597,4.493150617087403,-13.088045,-7.9638386,-32.88389,-9.728156,-5.93225,-15.471663,-2.7441025,-18.338724,0.35685208,-12.517649,-3.4537573,-10.947379,-5.7894607,-1.0538028,-8.433463,-3.0243740268255968,-11.521486510405342,-6.207284779134036,0.09624138891675393,-7.6360548385645455
2012-04-27 12:00:00,-9.822762,-16.892786,-6.8370504,-11.311353,-18.80984,-38.65035,-12.805171,-15.733425,-7.9178476,-8.606467,-13.610031,-19.692284,-6.1152043,-7.1441975,-22.250877,-23.677933,-24.156044,-0.18494195,-0.46947584,-0.2854002,-16.087166,-16.324572,-16.355125,-3.1705492,-10.96577,-4.8290834,-2.0020428,-9.628157,-4.511288,-13.413751,-6.85882,-3.7950225,-12.483176,-4.2636104,-12.665371,-5.6483397,-2.8419993,-10.763943,1.7411734,3.5713089,1.8941033,4.151696,2.4826171,5.639779,4.2677665,5.657816,1.7724578,2.709756,3.1198797,4.831218,2.6869893,4.491632,3.2467048,5.1769457,4.8998284,0.28274116,0.84814024,0.7738788,2.7514007,4.2122674,3.8394935,1.1203425,2.8805273,1.3388653,1.1259463,2.8317633,2.2131102,3.9549017,2.3579807,3.1786222,4.621737,2.5171278,4.821545,2.4972775,3.264819,4.7105474,285.918,285.918,282.56973,282.56973,289.0131,289.0131,293.34097,293.34097,291.7753,291.7753,288.23676,288.23676,293.12415,293.12415,291.37674,291.37674,291.37674,276.63876,276.63876,276.63876,291.23303,291.23303,291.23303,277.19724,287.67252,277.2282,280.60608,286.72195,277.19724,287.67252,277.2282,280.60608,286.72195,277.19724,287.67252,277.2282,280.60608,286.72195,17.077099,12.384332,38.654972,15.168404,8.682852,20.2886,7.142581,23.946205,0.47685072,16.694477,5.5773926,14.889538,8.51101,4.195111,13.186058,4.886093371679165,14.535085662277542,8.941901353194313,3.244557160897137,12.43900622366249,3.572249,4.154355,5.640768,5.660049,2.7093472,4.833612,4.4903393,5.1757283,0.84896463,4.2117352,2.2150385,3.9567873,2.3605392,3.1809356,4.6234035,1.9446674827310955,3.038504491574872,2.41890244708815,3.3573758435072785,4.710894986330167,-13.50485,-8.229978,-33.014206,-9.508354,-5.9735045,-15.4549885,-2.6522417,-18.770477,0.3721139,-12.482741,-3.3623543,-10.932751,-6.1504707,-1.014175,-8.5626545,-2.941425888948069,-11.496581170702669,-6.522998906106162,0.11281868261014161,-7.728111237332324
2012-04-27 13:00:00,-9.501547,-16.365429,-6.8792253,-11.403538,-18.057365,-37.39579,-12.536117,-15.452439,-7.799905,-8.526313,-13.578144,-19.662987,-5.982892,-7.045875,-22.021986,-23.58959,-24.078075,-0.14944269,-0.35726827,-0.2221498,-15.070052,-15.479812,-15.430474,-2.9957933,-10.942281,-4.605369,-1.9055282,-9.647999,-4.247256,-13.421621,-6.5338144,-3.6068506,-12.538743,-4.009537,-12.602971,-5.3574886,-2.6903095,-10.762909,1.7018877,3.5056612,1.932992,4.2345552,2.5432086,5.764339,4.2933025,5.6855493,1.826506,2.7757115,3.18962,4.9216914,2.7998016,4.646925,3.3674698,5.3229933,5.0478983,0.27114913,0.8074746,0.7443582,2.8375375,4.306151,3.9310768,1.0972068,2.960337,1.3204286,1.1024144,2.9293418,2.1784837,4.0401583,2.333861,3.10366,4.749694,2.4691725,4.9470387,2.4737918,3.183908,4.8354635,285.55368,285.55368,282.8695,282.8695,289.47244,289.47244,293.48663,293.48663,292.39874,292.39874,288.67386,288.67386,293.98236,293.98236,292.08386,292.08386,292.08386,276.26837,276.26837,276.26837,291.84088,291.84088,291.84088,277.02533,288.18942,277.1057,280.32544,287.31863,277.02533,288.18942,277.1057,280.32544,287.31863,277.02533,288.18942,277.1057,280.32544,287.31863,16.573933,12.456845,37.494614,14.887476,8.624907,20.168562,7.0616727,23.854515,0.36897865,15.844866,5.2856407,14.799611,8.151179,4.0090437,13.164371,4.603576731742323,14.362959656633537,8.529021440236686,3.1106778094175573,12.40785432120192,3.506601,4.237214,5.7653284,5.6877813,2.7753034,4.9240847,4.645632,5.3217764,0.808299,4.305619,2.180412,4.042043,2.3364198,3.1059735,4.7513595,1.9134373125442923,3.10502329855161,2.383658866978445,3.281671222798971,4.835776565264034,-13.06733,-8.219631,-31.729284,-9.199694,-5.8496037,-15.244477,-2.416041,-18.53274,0.43932036,-11.539247,-3.1052287,-10.757568,-5.8147597,-0.90307015,-8.413012,-2.690139419198031,-11.257936358081928,-6.145362573258241,0.17099341338141372,-7.572077755937887
2012-04-27 14:00:00,-9.383816,-16.159159,-6.6844783,-11.118435,-15.668099,-33.292732,-11.999149,-14.889716,-7.4560347,-8.243361,-12.931871,-18.82165,-5.645007,-6.7630835,-20.676487,-22.535107,-23.034647,-0.17042315,-0.4294811,-0.25839406,-13.115791,-13.716025,-13.542428,-2.6260352,-10.558616,-4.291198,-1.8138664,-9.239227,-3.6846893,-13.035573,-6.0969276,-3.437666,-12.081792,-3.4769866,-12.085517,-4.94444,-2.5381916,-10.263286,1.7572162,3.5981164,1.9437921,4.2575665,2.5440097,5.7659864,4.278766,5.6697617,1.8587195,2.8150225,3.1548986,4.8766484,2.8853679,4.7647114,3.4302006,5.398857,5.1248116,0.28183,0.8449438,0.7715584,2.8337405,4.302012,3.9270396,1.0466969,2.9841652,1.3017759,1.0940185,2.923288,2.102887,4.065612,2.3094594,3.0769143,4.7417555,2.364476,4.9845057,2.4500315,3.1550403,4.827714,286.06677,286.06677,282.95276,282.95276,289.47852,289.47852,293.40372,293.40372,292.77032,292.77032,288.45624,288.45624,294.6333,294.6333,292.45117,292.45117,292.45117,276.60965,276.60965,276.60965,291.8141,291.8141,291.8141,276.65002,288.34375,276.98178,280.2253,287.28162,276.65002,288.34375,276.98178,280.2253,287.28162,276.65002,288.34375,276.98178,280.2253,287.28162,16.397587,12.171421,33.646248,14.403562,8.354929,19.42785,6.792998,22.79708,0.43992573,14.076156,4.6566253,14.376759,7.662789,3.840912,12.726422,4.002982080208216,13.781206546211058,7.928823794207556,2.987932438229668,11.999612333506873,3.5990567,4.2602253,5.766975,5.6719947,2.814614,4.879041,4.763418,5.3976398,0.8457682,4.3014803,2.1048152,4.0674973,2.3120182,3.0792282,4.743421,1.8452554142738662,3.124883117118227,2.3480026191395034,3.254660907385318,4.828028950940856,-12.798531,-7.9111958,-27.879272,-8.731566,-5.540315,-14.54881,-2.0295794,-17.39944,0.40584248,-9.774675,-2.55181,-10.309261,-5.350771,-0.76168406,-7.9830008,-2.15772666593435,-10.656323429092831,-5.580821175068053,0.26672846915564996,-7.171583382566017
2012-04-27 15:00:00,-9.01326,-15.520914,-6.18195,-10.366861,-12.640522,-27.690897,-11.046016,-13.874081,-6.826672,-7.692152,-12.043474,-17.656075,-5.062723,-6.246309,-16.31364,-18.659822,-19.14902,-0.19769923,-0.52074564,-0.3053488,-11.228772,-11.911748,-11.643249,-2.5643322,-9.704595,-4.436126,-1.8361039,-8.507781,-3.6526923,-12.124224,-6.4506445,-3.5161128,-11.240749,-3.3598628,-10.985107,-5.0791993,-2.5395172,-9.382962,1.8277284,3.7159448,1.9630485,4.2985954,2.5077763,5.6914997,4.155265,5.5356364,1.8705959,2.8295155,3.133494,4.8488793,2.9373295,4.8362384,3.3701591,5.326246,5.051196,0.29537043,0.89244455,0.80604094,2.7830222,4.246732,3.873114,1.0679885,2.9346056,1.3733783,1.158217,2.884061,2.1347537,4.012671,2.4031305,3.2814217,4.690316,2.408609,4.9065776,2.541241,3.3757753,4.777497,286.72067,286.72067,283.1012,283.1012,289.20383,289.20383,292.69925,292.69925,292.90732,292.90732,288.32208,288.32208,295.0286,295.0286,292.0996,292.0996,292.0996,277.0423,277.0423,277.0423,291.45618,291.45618,291.45618,276.80823,288.02277,277.45752,280.99094,287.04175,276.80823,288.02277,277.45752,280.99094,287.04175,276.80823,288.02277,277.45752,280.99094,287.04175,15.812158,11.415658,28.305368,13.628957,7.8072333,18.353321,6.2856407,18.913723,0.529656,12.261463,4.6176987,13.497497,8.048292,3.9179983,11.933767,3.8944096211049537,12.658558762233408,8.0598405387445,3.0382247724049085,11.262813026833598,3.7168849,4.301254,5.692489,5.5378695,2.829107,4.851273,4.834946,5.325029,0.89326894,4.2462006,2.1366816,4.014556,2.4056892,3.2837355,4.6919823,1.8739962632439338,3.0835768937281385,2.4848766027793117,3.461193913510808,4.777825943042933,-12.095272,-7.1144047,-22.612879,-8.091087,-4.9781265,-13.502048,-1.4506946,-13.588695,0.36361295,-8.015263,-2.4810169,-9.482941,-5.642603,-0.63426274,-7.2417855,-2.02041335786102,-9.574981868505269,-5.5749639359651875,0.42296914110589956,-6.484987083790665
2012-04-27 16:00:00,-7.8167143,-13.505995,-5.5122333,-9.3286495,-11.089883,-24.617811,-9.376011,-12.028022,-5.7092333,-6.633722,-10.260471,-15.26141,-4.143631,-5.3604336,-10.208679,-12.420448,-12.80087,-0.16444346,-0.4217489,-0.24622934,-9.770524,-10.473691,-10.151944,-1.9704646,-8.283228,-4.3748007,-1.5461991,-7.1018515,-2.7967699,-10.561673,-6.5434613,-2.9757242,-9.558807,-2.5093372,-9.200191,-4.9394126,-2.082158,-7.72794,1.7881234,3.6497638,1.9551147,4.281691,2.5293245,5.735798,4.018202,5.3867817,1.8132962,2.7595916,3.0314858,4.716546,2.9367113,4.8353887,3.2358797,5.163854,4.8865566,0.2880897,0.8669033,0.78749967,2.7992,4.2643657,3.8903153,1.0086483,2.8603885,1.4685798,1.1307495,2.7487183,2.0459406,3.9333894,2.5276747,3.1939225,4.5128384,2.2856088,4.789879,2.6625118,3.2813332,4.6042366,286.3534,286.3534,283.04004,283.04004,289.3672,289.3672,291.91742,291.91742,292.24637,292.24637,287.68274,287.68274,295.0239,295.0239,291.31335,291.31335,291.31335,276.80966,276.80966,276.80966,291.57034,291.57034,291.57034,276.3673,287.54208,278.09006,280.66336,286.21414,276.3673,287.54208,278.09006,280.66336,286.21414,276.3673,287.54208,278.09006,280.66336,286.21414,13.886585,10.3724985,25.324852,12.066913,6.724843,16.162708,5.401711,12.638345,0.43511137,10.8058195,3.6318169,11.941605,8.12375,3.370687,10.350964,2.933279912026678,10.780314954593049,7.7449056841608375,2.63440844510396,9.792817132233612,3.6507037,4.28435,5.736787,5.3890147,2.7591832,4.71894,4.8340955,5.162637,0.8677277,4.2638335,2.0478687,3.9352746,2.5302334,3.1962361,4.5145044,1.7938944526884686,3.021719665679336,2.666863071372699,3.372827950191651,4.604612791492832,-10.235882,-6.088149,-19.588066,-6.677898,-3.9656599,-11.4437685,-0.5676153,-7.4757075,0.43261632,-6.541986,-1.5839483,-8.0063305,-5.5935163,-0.17445083,-5.836459,-1.1393854593382093,-7.758595288913712,-5.078042612788138,0.7384195050876912,-5.18820434074078
2012-04-27 17:00:00,-5.68342,-9.857758,-4.0746493,-7.0308332,-6.667424,-15.400821,-6.1023045,-8.169568,-3.8003063,-4.631323,-6.968549,-10.668116,-2.7039158,-3.7712128,-5.5465155,-7.0307155,-7.2559347,-0.16994977,-0.45934004,-0.25177222,-6.3518405,-6.9269414,-6.568039,-1.4645641,-5.528933,-2.771342,-1.291518,-4.63416,-2.1462386,-7.342778,-4.2425056,-2.5482032,-6.454863,-1.7942758,-5.9208508,-2.9899516,-1.6613438,-4.9108706,1.713886,3.5257103,1.9129633,4.1918817,2.3418946,5.3504906,3.7704566,5.1177235,1.6772195,2.5935342,2.878138,4.5176105,2.848229,4.7135878,3.1190186,5.022527,4.743273,0.31691173,0.9680128,0.8608988,2.6913803,4.1468487,3.7756782,1.0118191,2.6732805,1.3890774,1.3002632,2.5188406,2.050686,3.7335129,2.4236686,3.7339175,4.211396,2.292181,4.495668,2.5612392,3.8641765,4.3099575,285.66495,285.66495,282.71512,282.71512,287.94626,287.94626,290.50424,290.50424,290.67673,290.67673,286.72162,286.72162,294.35077,294.35077,290.6291,290.6291,290.6291,277.7306,277.7306,277.7306,290.80948,290.80948,290.80948,276.39087,286.33023,277.56183,282.68497,284.80847,276.39087,286.33023,277.56183,282.68497,284.80847,276.39087,286.33023,277.56183,282.68497,284.80847,10.315711,8.003788,16.194344,8.548649,4.676985,11.692149,3.8029423,7.184224,0.47851568,7.1953206,2.841764,8.611246,5.463273,2.8931198,7.2613688,2.138628719153429,7.196033391642835,4.844409437744828,2.2608232972003215,6.901638747977751,3.5266507,4.19454,5.351479,5.119956,2.593126,4.520004,4.7122946,5.0213103,0.9688372,4.146317,2.0526142,3.7353976,2.426227,3.736231,4.2130623,1.798174532820585,2.8657708036503924,2.514887204875717,3.9181712401221738,4.310414223199415,-6.78906,-3.809248,-10.842864,-3.4286928,-2.0838587,-7.1721454,0.9093524,-2.162914,0.4903215,-3.0490036,-0.78914976,-4.8758483,-3.0370462,0.8431112,-3.0483067,-0.3404541863328441,-4.3302625879924435,-2.3295222328691105,1.6573479429218523,-2.591224524778336
2012-04-27 18:00:00,-1.8336148,-3.1855307,-1.3502723,-2.4373727,-2.4625816,-5.927681,-0.6535754,-0.94644296,-0.92505395,-1.2067281,-0.89269876,-1.4535416,-0.55891955,-0.87107027,-1.721917,-2.2357252,-2.2998095,-0.06749458,-0.17816404,-0.091914386,-2.8642814,-3.143609,-2.8969922,-0.39737606,-0.68738663,-0.42856523,-0.21801406,-0.60130954,-0.6241993,-0.9926336,-0.70466757,-0.44402236,-0.894864,-0.4513095,-0.68752396,-0.42993823,-0.25608015,-0.6040966,1.6222731,3.372623,1.9367568,4.242577,1.8858048,4.4128876,3.308425,4.615944,1.494111,2.3700836,2.4090824,3.9091103,2.5018008,4.23671,2.810526,4.6494503,4.3650312,0.3174342,0.96984553,0.86222917,2.3642316,3.7902777,3.427843,1.0156387,2.1666934,1.3842639,1.2224896,2.048855,2.056403,3.192355,2.417371,3.4861655,3.5950954,2.3000984,3.6991043,2.5551076,3.5967658,3.7083013,284.81537,284.81537,282.89853,282.89853,284.4886,284.4886,287.86874,287.86874,288.56458,288.56458,283.78177,283.78177,291.71533,291.71533,288.82275,288.82275,288.82275,277.74728,277.74728,277.74728,288.50085,288.50085,288.50085,276.41925,283.0492,277.52985,281.75745,281.93457,276.41925,283.0492,277.52985,281.75745,281.93457,276.41925,283.0492,277.52985,281.75745,281.93457,3.45526,2.8930595,6.4278536,1.078499,1.2132125,1.7453575,0.87543744,2.2970197,0.19410221,3.2971253,0.86558515,1.2827371,0.9574646,0.53693724,1.0991886,0.5589288099033276,0.9102631721594525,0.716804508706648,0.431217708016349,1.0556191286056296,3.3735628,4.245236,4.4138765,4.618177,2.3696752,3.9115038,4.2354174,4.648233,0.9706699,3.7897458,2.058331,3.1942403,2.41993,3.4884794,3.5967617,1.8033305879020203,2.4435464268355362,2.5056855925301837,3.667965657565891,3.708923426791875,-0.08169719,1.3521763,-2.0139768,3.5396776,1.1564628,2.1661463,3.3599796,2.3512132,0.77656776,0.4926204,1.1927458,1.9115031,1.4624654,2.9515421,2.4975731,1.2444017779986927,1.5332832546760837,1.7888810838235356,3.2367479495495424,2.653304298186246
2012-04-27 19:00:00,0.0,0.0,0.0,0.0,0.0,0.0,0.0,0.0,0.0,0.0,0.0,0.0,0.0,0.0,0.0,0.0,0.0,0.0,0.0,0.0,0.0,0.0,0.0,0.0,0.0,0.0,0.0,0.0,0.0,0.0,0.0,0.0,0.0,0.0,0.0,0.0,0.0,0.0,1.5451627,3.2437692,2.0247374,4.4300327,1.6440709,3.915946,3.1051385,4.395169,1.348629,2.192549,2.5372858,4.0754275,2.1584818,3.7641118,2.3082178,4.041981,3.7491546,0.28958923,0.87216353,0.7913183,1.9959693,3.388895,3.0362957,0.9291049,2.0459614,1.2979543,1.2572064,1.8717946,1.9268901,3.063384,2.3044603,3.5967586,3.3629134,2.1207318,3.509264,2.4451635,3.716134,3.4816365,284.10028,284.10028,283.57672,283.57672,282.65598,282.65598,286.70917,286.70917,286.88644,286.88644,284.5853,284.5853,289.10355,289.10355,285.88156,285.88156,285.88156,276.85757,276.85757,276.85757,285.9021,285.9021,285.9021,275.77628,282.26724,276.9564,282.17148,280.85187,275.77628,282.26724,276.9564,282.17148,280.85187,275.77628,282.26724,276.9564,282.17148,280.85187,0.0,0.0,0.0,0.0,0.0,0.0,0.0,0.0,0.0,0.0,0.0,0.0,0.0,0.0,0.0,0.0,0.0,0.0,0.0,0.0,3.244709,4.432691,3.916935,4.397402,2.1921408,4.077821,3.7628193,4.0407643,0.87298805,3.3883634,1.9288182,3.065269,2.3070188,3.5990722,3.3645792,1.6865209916538824,2.342919942530131,2.340697522315568,3.7796538469036034,3.4823200789289563,3.244709,4.432691,3.916935,4.397402,2.1921408,4.077821,3.7628193,4.0407643,0.87298805,3.3883634,1.9288182,3.065269,2.3070188,3.5990722,3.3645792,1.6865209916538824,2.342919942530131,2.340697522315568,3.7796538469036034,3.4823200789289563
2012-04-27 20:00:00,0.0,0.0,0.0,0.0,0.0,0.0,0.0,0.0,0.0,0.0,0.0,0.0,0.0,0.0,0.0,0.0,0.0,0.0,0.0,0.0,0.0,0.0,0.0,0.0,0.0,0.0,0.0,0.0,0.0,0.0,0.0,0.0,0.0,0.0,0.0,0.0,0.0,0.0,1.5567989,3.2632136,1.9554472,4.2823997,1.5763946,3.7768211,3.0714438,4.3585753,1.2713811,2.098282,2.5243826,4.058688,2.0423477,3.6042469,1.8791113,3.5230386,3.2230287,0.25590476,0.7539965,0.70553637,1.7287979,3.0976954,2.7522306,0.87200737,2.0343843,1.2512194,1.3629465,1.7804697,1.8414334,3.0510168,2.2433207,3.9335992,3.243157,2.00238,3.4910605,2.385631,4.079703,3.3647258,284.2082,284.2082,283.0426,283.0426,282.1429,282.1429,286.51697,286.51697,285.9954,285.9954,284.50443,284.50443,288.22006,288.22006,283.369,283.369,283.369,275.78128,275.78128,275.78128,284.01672,284.01672,284.01672,275.35202,282.19226,276.64587,283.43253,280.29343,275.35202,282.19226,276.64587,283.43253,280.29343,275.35202,282.19226,276.64587,283.43253,280.29343,0.0,0.0,0.0,0.0,0.0,0.0,0.0,0.0,0.0,0.0,0.0,0.0,0.0,0.0,0.0,0.0,0.0,0.0,0.0,0.0,3.2641537,4.2850585,3.77781,4.3608084,2.0978737,4.0610814,3.6029544,3.521822,0.75482094,3.0971637,1.8433615,3.052902,2.2458794,3.9359128,3.244823,1.6094462844042925,2.3332708275967358,2.251359349018048,4.119830699546999,3.3654416003635492,3.2641537,4.2850585,3.77781,4.3608084,2.0978737,4.0610814,3.6029544,3.521822,0.75482094,3.0971637,1.8433615,3.052902,2.2458794,3.9359128,3.244823,1.6094462844042925,2.3332708275967358,2.251359349018048,4.119830699546999,3.3654416003635492
2012-04-27 21:00:00,0.0,0.0,0.0,0.0,0.0,0.0,0.0,0.0,0.0,0.0,0.0,0.0,0.0,0.0,0.0,0.0,0.0,0.0,0.0,0.0,0.0,0.0,0.0,0.0,0.0,0.0,0.0,0.0,0.0,0.0,0.0,0.0,0.0,0.0,0.0,0.0,0.0,0.0,1.559616,3.267921,1.9389462,4.247242,1.5414698,3.7050247,3.1782954,4.4746194,1.2088271,2.0219462,2.5247283,4.0591364,1.8531796,3.343847,1.700765,3.307355,3.0043592,0.25160587,0.7389157,0.69458866,1.4925039,2.84015,2.5009959,0.87016314,2.3232923,1.2914139,1.3642336,1.9025024,1.8386731,3.3596406,2.2959037,3.9376996,3.4031806,1.9985574,3.9453425,2.436832,4.084129,3.520947,284.2343,284.2343,282.9154,282.9154,281.87814,281.87814,287.12646,287.12646,285.27383,285.27383,284.5066,284.5066,286.78098,286.78098,282.3247,282.3247,282.3247,275.64392,275.64392,275.64392,282.34924,282.34924,282.34924,275.33832,284.06345,276.91293,283.44788,281.03964,275.33832,284.06345,276.91293,283.44788,281.03964,275.33832,284.06345,276.91293,283.44788,281.03964,0.0,0.0,0.0,0.0,0.0,0.0,0.0,0.0,0.0,0.0,0.0,0.0,0.0,0.0,0.0,0.0,0.0,0.0,0.0,0.0,3.2688608,4.2499003,3.7060134,4.4768524,2.0215378,4.06153,3.3425543,3.306138,0.73974013,2.8396182,1.8406014,3.3615258,2.2984624,3.9400132,3.404847,1.6069569631875567,2.5740667096240526,2.328194568136141,4.123971567774084,3.521620219844469,3.2688608,4.2499003,3.7060134,4.4768524,2.0215378,4.06153,3.3425543,3.306138,0.73974013,2.8396182,1.8406014,3.3615258,2.2984624,3.9400132,3.404847,1.6069569631875567,2.5740667096240526,2.328194568136141,4.123971567774084,3.521620219844469
2012-04-27 22:00:00,0.0,0.0,0.0,0.0,0.0,0.0,0.0,0.0,0.0,0.0,0.0,0.0,0.0,0.0,0.0,0.0,0.0,0.0,0.0,0.0,0.0,0.0,0.0,0.0,0.0,0.0,0.0,0.0,0.0,0.0,0.0,0.0,0.0,0.0,0.0,0.0,0.0,0.0,1.5790615,3.3004146,2.0096374,4.397861,1.5693662,3.7623723,3.182944,4.4796686,1.1620255,1.9648333,2.5557349,4.099361,1.7197239,3.160138,1.5438709,3.1176147,2.8119924,0.24299374,0.7087039,0.6726567,1.4341785,2.7765791,2.4389825,1.0009228,1.8204513,1.1259052,1.3573809,1.8531344,2.0343778,2.822485,2.0793831,3.9158692,3.3384435,2.2695954,3.1546698,2.226001,4.060566,3.4577482,284.41464,284.41464,283.46033,283.46033,282.08963,282.08963,287.15298,287.15298,284.73398,284.73398,284.70093,284.70093,285.76572,285.76572,281.40604,281.40604,281.40604,275.36874,275.36874,275.36874,281.93765,281.93765,281.93765,276.3099,280.80667,275.81326,283.36615,280.73776,276.3099,280.80667,275.81326,283.36615,280.73776,276.3099,280.80667,275.81326,283.36615,280.73776,0.0,0.0,0.0,0.0,0.0,0.0,0.0,0.0,0.0,0.0,0.0,0.0,0.0,0.0,0.0,0.0,0.0,0.0,0.0,0.0,3.301355,4.4005194,3.7633615,4.481901,1.964425,4.101754,3.1588452,3.1163976,0.7095282,2.7760472,2.036306,2.82437,2.0819416,3.918183,3.3401096,1.7834659154753711,2.15496445180474,2.0118101222783666,4.101925354827494,3.458438520846217,3.301355,4.4005194,3.7633615,4.481901,1.964425,4.101754,3.1588452,3.1163976,0.7095282,2.7760472,2.036306,2.82437,2.0819416,3.918183,3.3401096,1.7834659154753711,2.15496445180474,2.0118101222783666,4.101925354827494,3.458438520846217
2012-04-27 23:00:00,0.0,0.0,0.0,0.0,0.0,0.0,0.0,0.0,0.0,0.0,0.0,0.0,0.0,0.0,0.0,0.0,0.0,0.0,0.0,0.0,0.0,0.0,0.0,0.0,0.0,0.0,0.0,0.0,0.0,0.0,0.0,0.0,0.0,0.0,0.0,0.0,0.0,0.0,1.6055623,3.3446984,1.996292,4.369426,1.5346264,3.6909566,3.1930504,4.4906445,1.1304312,1.9262781,2.5528524,4.0956216,1.628297,3.0342836,1.4158354,2.9627738,2.6550083,0.2568895,0.757451,0.70804405,1.2619572,2.5888686,2.2558718,0.9672974,1.9111408,1.1400291,1.3034976,1.6643558,1.9840517,2.919363,2.09786,3.7442212,3.0908945,2.1998968,3.2972703,2.2439926,3.8752978,3.2160816,284.6604,284.6604,283.35745,283.35745,281.82626,281.82626,287.21063,287.21063,284.36954,284.36954,284.68286,284.68286,285.0702,285.0702,280.65634,280.65634,280.65634,275.81274,275.81274,275.81274,280.72232,280.72232,280.72232,276.06006,281.39404,275.9071,282.72354,279.5834,276.06006,281.39404,275.9071,282.72354,279.5834,276.06006,281.39404,275.9071,282.72354,279.5834,0.0,0.0,0.0,0.0,0.0,0.0,0.0,0.0,0.0,0.0,0.0,0.0,0.0,0.0,0.0,0.0,0.0,0.0,0.0,0.0,3.3456385,4.372084,3.6919453,4.492877,1.9258696,4.098015,3.032991,2.961557,0.75827533,2.5883372,1.9859799,2.921248,2.1004186,3.7465348,3.0925605,1.7380759983229908,2.2305511490465206,2.038809127967789,3.928576920915486,3.216838142125242,3.3456385,4.372084,3.6919453,4.492877,1.9258696,4.098015,3.032991,2.961557,0.75827533,2.5883372,1.9859799,2.921248,2.1004186,3.7465348,3.0925605,1.7380759983229908,2.2305511490465206,2.038809127967789,3.928576920915486,3.216838142125242
2012-05-26 00:00:00,0.0,0.0,0.0,0.0,0.0,0.0,0.0,0.0,0.0,0.0,0.0,0.0,0.0,0.0,0.0,0.0,0.0,0.0,0.0,0.0,0.0,0.0,0.0,0.0,0.0,0.0,0.0,0.0,0.0,0.0,0.0,0.0,0.0,0.0,0.0,0.0,0.0,0.0,1.4853357,3.1437962,1.806891,3.9658775,1.4705974,3.5593293,2.0868175,3.289244,1.6232349,2.527656,2.1948023,3.6311283,2.018551,3.5714903,1.6564168,3.2537224,2.949984,0.21513158,0.6109616,0.601702,1.6872474,3.0524082,2.7080534,0.9841574,1.9539478,1.6519786,0.70141745,2.1050706,2.0092854,2.9650915,2.7675993,1.8262627,3.6688123,2.234844,3.3645809,2.896132,1.8051496,3.7802663,283.54547,283.54547,281.89746,281.89746,281.34085,281.34085,280.9005,280.9005,290.05402,290.05402,282.43875,282.43875,288.03903,288.03903,282.06503,282.06503,282.06503,274.4785,274.4785,274.4785,283.7235,283.7235,283.7235,276.18533,281.6713,279.3086,275.54318,282.27832,276.18533,281.6713,279.3086,275.54318,282.27832,276.18533,281.6713,279.3086,275.54318,282.27832,0.0,0.0,0.0,0.0,0.0,0.0,0.0,0.0,0.0,0.0,0.0,0.0,0.0,0.0,0.0,0.0,0.0,0.0,0.0,0.0,3.1447365,3.968536,3.560318,3.2914767,2.5272477,3.6335216,3.5701973,3.2525055,0.611786,3.0518763,2.0112135,2.9669766,2.7701583,1.8285763,3.670478,1.7608347145695427,2.266229703857222,3.01744625777041,1.9916220070426371,3.7808682971433005,3.1447365,3.968536,3.560318,3.2914767,2.5272477,3.6335216,3.5701973,3.2525055,0.611786,3.0518763,2.0112135,2.9669766,2.7701583,1.8285763,3.670478,1.7608347145695427,2.266229703857222,3.01744625777041,1.9916220070426371,3.7808682971433005
2012-05-26 01:00:00,0.0,0.0,0.0,0.0,0.0,0.0,0.0,0.0,0.0,0.0,0.0,0.0,0.0,0.0,0.0,0.0,0.0,0.0,0.0,0.0,0.0,0.0,0.0,0.0,0.0,0.0,0.0,0.0,0.0,0.0,0.0,0.0,0.0,0.0,0.0,0.0,0.0,0.0,1.4459808,3.0780332,1.889974,4.1428986,1.6264434,3.8797083,2.0667439,3.267444,1.6068345,2.507642,1.92202,3.2772517,1.929463,3.4488556,1.6032763,3.1894565,2.884829,0.23819341,0.69186395,0.66043204,1.5797044,2.9351928,2.59371,0.9683448,1.8139819,1.6337392,0.78583914,1.9614578,1.9856193,2.815574,2.7437387,2.0951924,3.48049,2.202068,3.144497,2.872898,2.0954187,3.5964193,283.1805,283.1805,282.5379,282.5379,282.52234,282.52234,280.786,280.786,289.86484,289.86484,280.72906,280.72906,287.3613,287.3613,281.75388,281.75388,281.75388,275.21536,275.21536,275.21536,282.9646,282.9646,282.9646,276.06784,280.76477,279.1874,276.55,281.40015,276.06784,280.76477,279.1874,276.55,281.40015,276.06784,280.76477,279.1874,276.55,281.40015,0.0,0.0,0.0,0.0,0.0,0.0,0.0,0.0,0.0,0.0,0.0,0.0,0.0,0.0,0.0,0.0,0.0,0.0,0.0,0.0,3.0789733,4.145557,3.8806973,3.2696764,2.5072339,3.279645,3.4475627,3.1882396,0.69268835,2.9346611,1.9875474,2.817459,2.7462974,2.0975058,3.482156,1.7394897553614488,2.1495724148476576,2.9825802247321342,2.2632152151535285,3.597071636167391,3.0789733,4.145557,3.8806973,3.2696764,2.5072339,3.279645,3.4475627,3.1882396,0.69268835,2.9346611,1.9875474,2.817459,2.7462974,2.0975058,3.482156,1.7394897553614488,2.1495724148476576,2.9825802247321342,2.2632152151535285,3.597071636167391
2012-05-26 02:00:00,0.0,0.0,0.0,0.0,0.0,0.0,0.0,0.0,0.0,0.0,0.0,0.0,0.0,0.0,0.0,0.0,0.0,0.0,0.0,0.0,0.0,0.0,0.0,0.0,0.0,0.0,0.0,0.0,0.0,0.0,0.0,0.0,0.0,0.0,0.0,0.0,0.0,0.0,1.3087109,2.8486516,1.8814027,4.1246367,1.551481,3.725605,2.0511005,3.2504544,1.5731024,2.4664783,1.9052702,3.2555225,1.8625627,3.3567631,1.5264475,3.0965433,2.7906296,0.23953436,0.69656813,0.66384697,1.4639531,2.8090312,2.47064,0.9614612,1.7942486,1.6112974,0.67235065,1.9046435,1.9753168,2.7944942,2.7143798,1.7336686,3.4059887,2.1877997,3.1134682,2.844311,1.7052083,3.5236883,281.90753,281.90753,282.47183,282.47183,281.95404,281.95404,280.69678,280.69678,289.47574,289.47574,280.62408,280.62408,286.85236,286.85236,281.30402,281.30402,281.30402,275.2582,275.2582,275.2582,282.14777,282.14777,282.14777,276.0167,280.63696,279.0383,275.19653,281.05273,276.0167,280.63696,279.0383,275.19653,281.05273,276.0167,280.63696,279.0383,275.19653,281.05273,0.0,0.0,0.0,0.0,0.0,0.0,0.0,0.0,0.0,0.0,0.0,0.0,0.0,0.0,0.0,0.0,0.0,0.0,0.0,0.0,2.8495915,4.127295,3.7265942,3.252687,2.46607,3.2579157,3.3554704,3.0953264,0.6973925,2.8084998,1.9772449,2.796379,2.7169385,1.7359822,3.4076545,1.7301977679243667,2.1331253276107596,2.9396803412204204,1.8981108297236227,3.524360307680118,2.8495915,4.127295,3.7265942,3.252687,2.46607,3.2579157,3.3554704,3.0953264,0.6973925,2.8084998,1.9772449,2.796379,2.7169385,1.7359822,3.4076545,1.7301977679243667,2.1331253276107596,2.9396803412204204,1.8981108297236227,3.524360307680118
2012-05-26 03:00:00,0.0,0.0,0.0,0.0,0.0,0.0,0.0,0.0,0.0,0.0,0.0,0.0,0.0,0.0,0.0,0.0,0.0,0.0,0.0,0.0,0.0,0.0,0.0,0.0,0.0,0.0,0.0,0.0,0.0,0.0,0.0,0.0,0.0,0.0,0.0,0.0,0.0,0.0,1.3265045,2.878385,1.9203076,4.207529,1.3796859,3.3724391,2.025479,3.2226288,1.5720361,2.4651773,2.0159938,3.3991625,1.8233297,3.3027568,1.3972445,2.9402907,2.6322143,0.18378904,0.50101006,0.521884,1.3788847,2.7163124,2.3801925,0.9885931,1.7522,1.6199784,0.66384214,1.8649924,2.0159242,2.7495759,2.7257361,1.7065647,3.353993,2.244038,3.0473502,2.855369,1.6759534,3.472928,282.07254,282.07254,282.77173,282.77173,280.65164,280.65164,280.55063,280.55063,289.46344,289.46344,281.31805,281.31805,286.5539,286.5539,280.5475,280.5475,280.5475,273.47702,273.47702,273.47702,281.54745,281.54745,281.54745,276.2183,280.36462,279.09598,275.09506,280.81027,276.2183,280.36462,279.09598,275.09506,280.81027,276.2183,280.36462,279.09598,275.09506,280.81027,0.0,0.0,0.0,0.0,0.0,0.0,0.0,0.0,0.0,0.0,0.0,0.0,0.0,0.0,0.0,0.0,0.0,0.0,0.0,0.0,2.879325,4.2101874,3.3734279,3.2248614,2.464769,3.401556,3.3014643,2.939074,0.50183445,2.7157805,2.0178525,2.751461,2.728295,1.7088782,3.355659,1.766822391438307,2.098079050986577,2.956274852034407,1.870738291244379,3.4736143919359703,2.879325,4.2101874,3.3734279,3.2248614,2.464769,3.401556,3.3014643,2.939074,0.50183445,2.7157805,2.0178525,2.751461,2.728295,1.7088782,3.355659,1.766822391438307,2.098079050986577,2.956274852034407,1.870738291244379,3.4736143919359703
2012-05-26 04:00:00,-1.0042409,-1.8440831,-1.1863571,-2.5146885,-0.7090622,-1.7479934,-3.5704794,-4.9099636,-0.34261614,-0.45241293,-1.0780509,-1.7762372,-0.35682636,-0.5748064,-0.5385821,-0.6333732,-0.6079384,0.0,0.0,0.0,-0.88838506,-0.92739636,-0.7993348,-0.23483758,-0.96469015,-1.3739392,-0.44211358,-0.85794777,-0.38233203,-1.3615936,-2.3015795,-1.0668838,-1.3018714,-0.2618793,-0.96852475,-1.4507389,-0.59112126,-0.90770936,1.3070557,2.845885,1.9055207,4.1760235,1.4942751,3.6080043,2.07486,3.2762578,1.5670094,2.4590428,2.058092,3.4537761,1.7367569,3.1835847,1.392564,2.9346309,2.6264758,0.16093256,0.4208281,0.46367693,1.3676063,2.7040193,2.368201,0.98179156,1.8309302,1.419911,0.86740494,2.0019624,2.005745,2.833679,2.4640055,2.3550246,3.5336044,2.2299404,3.171147,2.6005163,2.3758688,3.6482716,281.89218,281.89218,282.65775,282.65775,281.52036,281.52036,280.8323,280.8323,289.40546,289.40546,281.5819,281.5819,285.8953,285.8953,280.52008,280.52008,280.52008,272.7467,272.7467,272.7467,281.46786,281.46786,281.46786,276.16776,280.87454,277.7667,277.52274,281.64783,276.16776,280.87454,277.7667,277.52274,281.64783,276.16776,280.87454,277.7667,277.52274,281.64783,2.0032191,2.9184062,1.8903247,6.0787625,0.4526611,2.1695447,0.5700029,0.6581716,0.0,0.981272,0.5249576,1.7103654,2.991195,1.260742,1.5523771,0.3406488472498715,1.2344712554804906,2.3671938913047224,0.909784923407368,1.4510419950849527,2.8468256,4.178682,3.6089935,3.2784908,2.4586346,3.4561696,3.182292,2.9334137,0.42212826,2.7034879,2.0076728,2.8355641,2.4665642,2.3573382,3.5352705,1.7576412869062017,2.16369853060485,2.573828448840952,2.525621129146274,3.6489097547551195,0.8436065,1.2602758,1.7186687,-2.8002717,2.0059736,1.2866249,2.612289,2.275242,0.42212826,1.7222158,1.4827152,1.1251988,-0.52463084,1.0965964,1.9828933,1.4169924396563303,0.9292272751243593,0.20663455753622983,1.6158362057389057,2.197867759670167
2012-05-26 05:00:00,-5.9365873,-10.993449,-6.305625,-13.077763,-6.3450785,-14.953252,-8.24426,-10.811188,-2.7239077,-3.438473,-3.540776,-5.72268,-3.5887258,-5.1636744,-5.993003,-7.08013,-7.150963,-0.04440292,-0.07837464,-0.050024766,-5.9828725,-6.2953835,-5.860831,-1.5885406,-3.9515867,-3.460449,-1.1394641,-3.967389,-2.5748944,-5.3711553,-5.827459,-2.7035298,-5.8676224,-1.9006407,-4.0873103,-3.8143969,-1.6459281,-4.271684,1.5090953,3.1834993,2.0833023,4.5548143,1.7733328,4.181675,2.3076363,3.529059,1.6130043,2.5151708,2.0733423,3.4735599,1.955903,3.4852514,1.7682383,3.3889542,3.087088,0.2418438,0.7046698,0.6697282,1.6130381,2.9715245,2.6291516,1.0679638,1.975335,1.7437768,0.8523072,2.0667717,2.1347165,2.9879382,2.8876913,2.3069303,3.61859,2.408558,3.3982105,3.0130682,2.3239577,3.731238,283.7658,283.7658,284.02817,284.02817,283.63593,283.63593,282.1601,282.1601,289.936,289.936,281.6775,281.6775,287.56244,287.56244,282.7198,282.7198,282.7198,275.332,275.332,275.332,283.19983,283.19983,283.19983,276.80804,281.8098,279.91852,277.34268,282.04413,276.80804,281.8098,279.91852,277.34268,282.04413,276.80804,281.8098,279.91852,277.34268,282.04413,11.44035,14.298291,15.347548,12.673253,3.4356952,6.8422,5.1319227,7.2163577,0.10439616,6.5294065,3.3145185,6.480501,7.101613,3.0572295,6.800489,2.4383766184007367,5.075433507249171,5.816278369519823,2.168483472296691,6.328164977109891,3.1844394,4.557473,4.182664,3.531292,2.5147629,3.475953,3.4839587,3.3877373,0.70549417,2.9709928,2.1366448,2.9898233,2.89025,2.3092437,3.6202562,1.8739629983724404,2.284055236084605,3.19292662450498,2.4770503089876166,3.7318532993559383,-8.25591,-9.740817,-11.164884,-9.141961,-0.9209324,-3.3662465,-1.647964,-3.8286204,0.601098,-3.5584137,-1.1778736,-3.4906778,-4.2113633,-0.74798566,-3.1802328,-0.5644136200282963,-2.791378271164566,-2.623351745014843,0.30856683669092577,-2.5963116777539526
2012-05-26 06:00:00,-9.0840845,-16.82775,-9.683268,-19.842701,-11.3026,-25.36884,-11.393116,-14.576216,-5.5316896,-6.6230326,-6.0688515,-9.641502,-6.6674294,-8.79086,-11.590468,-13.251177,-13.518845,-0.115217276,-0.275661,-0.15714023,-10.089875,-10.520545,-10.156761,-2.3943677,-4.9882874,-8.672448,-1.5962113,-7.4976068,-3.8627954,-6.690819,-13.955675,-3.8288498,-10.839,-2.961189,-5.215262,-10.245506,-2.429157,-8.22714,1.6127264,3.35667,2.2576272,4.926242,2.0227432,4.694398,2.4962795,3.7339308,1.7154783,2.6402225,2.1232896,3.5383558,2.2135842,3.8399637,2.0629559,3.7453728,3.4484398,0.25378925,0.74657506,0.7001489,1.8275493,3.205328,2.8572261,1.1076636,1.9775686,1.8989923,0.87167585,2.2515879,2.1941342,2.9903238,3.0907462,2.36863,3.860943,2.4908473,3.4017224,3.210787,2.3905535,3.9678314,284.72684,284.72684,285.37195,285.37195,285.52673,285.52673,283.23615,283.23615,291.11804,291.11804,281.99054,281.99054,289.52274,289.52274,284.44547,284.44547,284.44547,275.71368,275.71368,275.71368,284.7136,284.7136,284.7136,277.10303,281.82428,280.9498,277.57367,283.17426,277.10303,281.82428,280.9498,277.57367,283.17426,277.10303,281.82428,280.9498,277.57367,283.17426,17.130257,20.96544,25.358704,16.529703,6.626865,11.268271,8.760467,13.402687,0.32063296,10.799552,4.840421,8.007836,15.941804,4.2082314,12.145708,3.7507372361892584,6.4492448061191325,14.78706722506232,2.9239767750497414,11.22579374121982,3.35761,4.9289002,4.6953864,3.736164,2.6398141,3.540749,3.8386707,3.7441556,0.74739945,3.2047963,2.1960623,2.9922092,3.0933049,2.3709433,3.862609,1.9275527063478786,2.285916725900816,3.4896347218261714,2.539360908611494,3.968382280078064,-13.772647,-16.036541,-20.663317,-12.793538,-3.9870508,-7.727523,-4.9217954,-9.658531,0.4267665,-7.5947556,-2.6443586,-5.0156274,-12.848498,-1.8372881,-8.283099,-1.8231845298413798,-4.163328080218316,-11.297432503236148,-0.3846158664382475,-7.257411461141755
2012-05-26 07:00:00,-11.165215,-20.629667,-11.499635,-23.409592,-14.576424,-31.604933,-13.408694,-16.917175,-7.799425,-8.918981,-8.023556,-12.568228,-7.680728,-9.941421,-16.618095,-18.452072,-18.857803,-0.19485883,-0.53148705,-0.29225802,-13.13125,-13.532582,-13.299803,-3.1411316,-11.70485,-10.998003,-2.0607924,-8.461509,-5.080716,-14.58794,-17.551617,-5.0734262,-12.134398,-3.9842167,-13.101146,-13.261031,-3.2643576,-9.332528,1.7164035,3.5299175,2.3130093,5.044242,2.157053,4.970504,2.623707,3.8723216,1.7981365,2.741092,2.1157181,3.5285337,2.4763038,4.201611,2.3707814,4.1176434,3.8258634,0.26601738,0.78947216,0.73128945,2.013527,3.408032,3.0549638,1.1593974,2.0980651,2.0724332,0.9206179,2.230183,2.271563,3.1190434,3.3176444,2.5245373,3.8328738,2.5980804,3.5911922,3.4317226,2.5588322,3.9404297,285.6883,285.6883,285.79886,285.79886,286.54495,286.54495,283.963,283.963,292.0715,292.0715,281.94308,281.94308,291.52136,291.52136,286.2479,286.2479,286.2479,276.1044,276.1044,276.1044,286.026,286.026,286.026,277.48743,282.6047,282.10217,278.15735,283.04337,277.48743,282.6047,282.10217,278.15735,283.04337,277.48743,282.6047,282.10217,278.15735,283.04337,20.744823,24.35083,31.185951,18.806536,8.936444,14.492275,9.939325,18.586699,0.5853914,13.812804,6.2233353,16.551413,19.474754,5.451882,13.534355,5.0003501002592445,15.58209651363369,18.445953775094473,3.6982228317174,12.504662355027351,3.5308576,5.0469003,4.971493,3.8745542,2.7406836,3.530927,4.200319,4.116426,0.79029655,3.4075,2.273491,3.1209285,3.3202028,2.526851,3.83454,1.9973867599024633,2.386346850520966,3.8211825116922826,2.6968126893495405,3.9409877888726963,-17.213966,-19.303928,-26.214458,-14.931982,-6.1957607,-10.961348,-5.7390065,-14.470271,0.20490514,-10.405304,-3.9498444,-13.430485,-16.154552,-2.9250312,-9.699815,-3.0029633403567813,-13.195749663112725,-14.624771263402192,-1.0014101423678596,-8.563674566154654
2012-05-26 08:00:00,-12.8489,-23.616333,-12.556228,-25.462456,-17.185444,-36.193134,-14.74729,-18.451206,-7.551175,-8.688722,-8.946014,-13.867668,-9.209385,-11.465382,-20.288918,-22.140501,-22.622871,-0.3911317,-1.2160757,-0.6544428,-15.658739,-15.990751,-15.872398,-4.749011,-11.215145,-12.8986635,-2.4891276,-7.8088484,-7.6928825,-14.053521,-20.48119,-6.256158,-11.241983,-6.293807,-12.485548,-15.73873,-4.049083,-8.585299,1.8716477,3.789335,2.339867,5.1014657,2.3236308,5.3129454,2.7193503,3.9761927,1.8241804,2.7728736,2.0363126,3.425522,2.6479812,4.4379354,2.6685119,4.4777045,4.190909,0.29363975,0.8863734,0.80163366,2.2389493,3.6537278,3.294639,1.2635959,2.0969014,2.2553453,0.97560936,2.1956618,2.427514,3.1178005,3.5569322,2.6997154,3.787606,2.814063,3.5893621,3.6647224,2.7479105,3.8962371,287.12796,287.12796,286.0059,286.0059,287.8078,287.8078,284.50858,284.50858,292.37192,292.37192,281.4454,281.4454,292.8274,292.8274,287.9912,287.9912,287.9912,276.987,276.987,276.987,287.61676,287.61676,287.61676,278.26166,282.59717,283.31747,278.81317,282.83228,278.26166,282.59717,283.31747,278.81317,282.83228,278.26166,282.59717,283.31747,278.81317,282.83228,23.56257,26.259596,35.42919,20.240137,8.719614,15.960033,11.482846,22.251984,1.2673086,16.25729,9.063382,15.991145,22.190193,6.619223,12.60983,7.722540435429868,14.883204257864037,21.16062380890726,4.410765194464444,11.664208892779657,3.790275,5.104125,5.3139343,3.9784253,2.7724655,3.4279153,4.4366426,4.4764876,0.88719773,3.6531956,2.4294424,3.1196854,3.559491,2.7020288,3.789272,2.1380417248659294,2.3853768336758105,4.170835000658097,2.8737257275206494,3.8968078644922968,-19.772297,-21.155472,-30.115257,-16.261711,-5.947149,-12.532118,-7.046204,-17.775496,-0.3801109,-12.604094,-6.6339397,-12.87146,-18.630703,-3.9171941,-8.820558,-5.584498710563938,-12.497827424188227,-16.989788808249163,-1.5370394669437948,-7.76740102828736
2012-05-26 09:00:00,-14.012358,-25.608171,-13.220621,-26.744818,-17.716726,-37.049454,-15.648342,-19.481304,-9.52517,-10.496017,-11.007287,-16.939789,-10.722612,-12.835676,-23.0554,-24.84973,-25.375702,-0.56026053,-1.8374283,-0.9783145,-17.628088,-17.882956,-17.851711,-8.303188,-14.703447,-14.150751,-2.6924322,-11.053569,-13.420656,-17.97981,-22.389513,-6.810309,-15.600308,-11.346671,-16.78241,-17.379812,-4.4343677,-12.33677,2.015657,4.0299788,2.3629913,5.1507363,2.469651,5.613124,2.7969215,4.0604362,1.8856207,2.8478503,2.1646187,3.5919714,2.8155313,4.6685767,2.945806,4.8130517,4.530898,0.32134053,0.98354936,0.8721773,2.4858382,3.9228213,3.5571394,1.5829891,2.3063579,2.3891249,0.99680746,2.3366294,2.9055417,3.3415504,3.7319446,2.7672431,3.97246,3.4760997,3.918715,3.8351355,2.8207967,4.076699,288.46344,288.46344,286.18414,286.18414,288.9148,288.9148,284.95105,284.95105,293.08063,293.08063,282.24957,282.24957,294.10202,294.10202,289.61487,289.61487,289.61487,277.8721,277.8721,277.8721,289.359,289.359,289.359,280.63486,283.95377,284.20633,279.06598,283.69427,280.63486,283.95377,284.20633,279.06598,283.69427,280.63486,283.95377,284.20633,279.06598,283.69427,25.424713,27.432947,36.235565,21.16554,10.541945,19.090527,12.876404,24.938204,1.8786163,18.127975,14.873347,19.777487,23.879778,7.1562414,17.065533,13.330821582807488,19.357027105164526,22.825906351205354,4.737698848739184,15.706339016454987,4.030919,5.1533947,5.6141133,4.0626693,2.847442,3.5943646,4.667284,4.811835,0.9843737,3.9222891,2.90747,3.3434358,3.734503,2.7695568,3.9741256,2.5691821801431822,2.5599523754479754,4.4265660704825285,2.941922451960364,4.077219335368219,-21.393793,-22.279552,-30.621452,-17.102873,-7.694504,-15.4961605,-8.20912,-20.12637,-0.89424264,-14.205687,-11.965878,-16.43405,-20.145275,-4.386685,-13.091408,-10.761639402664306,-16.797074729716552,-18.399340280722825,-1.7957763967788196,-11.629119681086767
2012-05-26 10:00:00,-14.795814,-26.879536,-13.833517,-27.918419,-20.388151,-41.30575,-16.326727,-20.271767,-9.969577,-10.88177,-15.554094,-23.51783,-12.1739855,-14.011901,-25.794765,-27.351667,-27.898129,-0.68824166,-2.3119009,-1.2224025,-18.889181,-19.080454,-19.106812,-9.497295,-15.560008,-13.911124,-2.93747,-17.029394,-15.285986,-18.96207,-22.124931,-7.498028,-23.229757,-13.031452,-17.820213,-16.939434,-4.88624,-19.38594,2.1608772,4.272647,2.4360738,5.30645,2.631958,5.946786,2.8851707,4.1562777,1.9556298,2.9332843,2.3835244,3.8759546,2.9929373,4.912786,3.2080636,5.1302147,4.8524513,0.34608048,1.0703386,0.93518084,2.7098503,4.16698,3.7953165,1.6968436,2.3992903,2.4895442,1.0340858,2.6458743,3.075945,3.4408247,3.8633142,2.8859959,4.3779774,3.7120967,4.0648427,3.9630532,2.9489725,4.47258,289.81015,289.81015,286.7475,286.7475,290.14526,290.14526,285.45444,285.45444,293.88818,293.88818,283.62158,283.62158,295.45163,295.45163,291.15048,291.15048,291.15048,278.6626,278.6626,278.6626,290.93982,290.93982,290.93982,281.48083,284.55566,284.87354,279.51056,285.58527,281.48083,284.55566,284.87354,279.51056,285.58527,281.48083,284.55566,284.87354,279.51056,285.58527,26.602743,28.462805,40.097507,21.824095,10.961699,25.512981,14.081168,27.414576,2.3485627,19.302795,16.678148,20.632923,23.501553,7.8285265,24.402729,15.102290853597733,20.32125710281481,22.015891498926237,5.143225544200881,22.265288519698082,4.2735863,5.3091087,5.9477744,4.1585107,2.9328756,3.8783479,4.9114933,5.128998,1.0711629,4.166448,3.0778732,3.4427097,3.865873,2.8883092,4.3796434,2.722871430586707,2.637408416893376,4.618526805893211,3.0618512160402487,4.472992768114649,-22.329157,-23.153696,-34.149734,-17.665585,-8.028823,-21.634634,-9.169674,-22.285578,-1.2773998,-15.136347,-13.600276,-17.190212,-19.635681,-4.940217,-20.023085,-12.379419423011026,-17.683848685921433,-17.397364693033026,-2.0813743281606323,-17.79229575158343
2012-05-26 11:00:00,-15.217829,-27.494604,-14.204421,-28.619173,-21.05423,-42.244675,-16.904228,-20.969563,-10.411629,-11.246455,-15.94514,-24.109232,-12.3515415,-14.121624,-26.823881,-28.341225,-28.89763,-0.80151504,-2.7300441,-1.4366841,-19.52887,-19.689724,-19.746208,-10.493797,-10.438396,-12.8563,-3.1071436,-13.927311,-16.856232,-13.374529,-20.632998,-7.9774604,-19.449474,-14.397581,-11.386451,-15.432316,-5.1946177,-15.653666,2.29662,4.4994764,2.500522,5.4437666,2.7427068,6.1744566,3.006895,4.2884736,2.0101726,2.9998436,2.4446216,3.9552155,3.101305,5.06196,3.4237533,5.39106,5.1169066,0.37065995,1.156565,0.9977758,2.901796,4.3761888,3.9993987,1.8233728,2.3758109,2.5437155,1.0638436,2.7108185,3.265318,3.415743,3.9341822,2.9807909,4.4631395,3.9743657,4.027923,4.0320587,3.0512893,4.555719,291.06897,291.06897,287.2443,287.2443,290.98486,290.98486,286.14877,286.14877,294.51733,294.51733,284.00452,284.00452,296.27603,296.27603,292.41342,292.41342,292.41342,279.44797,279.44797,279.44797,292.29434,292.29434,292.29434,282.421,284.4036,285.23346,279.86545,285.9824,282.421,284.4036,285.23346,279.86545,285.9824,282.421,284.4036,285.23346,279.86545,285.9824,27.161814,29.055412,40.936756,22.330946,11.354056,26.022715,14.209921,28.389513,2.765919,19.892355,18.151978,14.955053,21.993713,8.297979,20.64427,16.493688038176266,13.280436404007153,20.04619190698167,5.425737576229581,18.853417075449272,4.5004163,5.4464254,6.175445,4.290707,2.9994354,3.957609,5.0606675,5.389843,1.1573893,4.3756566,3.2672462,3.4176283,3.9367406,2.9831042,4.464806,2.8936699132682007,2.617839210660935,4.722080065438269,3.1575851258072016,4.556108765796033,-22.661396,-23.608988,-34.76131,-18.04024,-8.354621,-22.065105,-9.149254,-22.99967,-1.6085296,-15.516698,-14.884732,-11.537425,-18.056973,-5.3148746,-16.179462,-13.600018124908065,-10.662597193346219,-15.324111841543399,-2.2681524504223796,-14.29730830965324
2012-05-26 12:00:00,-15.30533,-27.544884,-14.193754,-28.5881,-21.221653,-42.42404,-17.159868,-21.300072,-10.356404,-11.193312,-4.04152,-6.5100875,-12.231196,-13.9916315,-27.089142,-28.633408,-29.19505,-0.86239076,-2.9530337,-1.5498872,-19.658583,-19.834179,-19.895544,-11.019424,-4.785944,-16.167826,-3.2543776,-17.329578,-17.700699,-6.378274,-25.476254,-8.398802,-23.682407,-15.093697,-5.0174,-19.922953,-5.45147,-19.693523,2.3989315,4.6704416,2.5504684,5.550185,2.8139539,6.3209205,3.103448,4.393333,2.0805473,3.0857232,2.088943,3.4937983,3.190209,5.184341,3.5727146,5.5712075,5.299548,0.38579544,1.209661,1.0363202,3.0750077,4.564978,4.1835623,1.9151844,1.7856164,2.7479715,1.0968231,2.802782,3.40273,2.7852728,4.201393,3.0858488,4.5837336,4.164672,3.0998948,4.292248,3.1646833,4.673447,292.01776,292.01776,287.6293,287.6293,291.525,291.525,286.69952,286.69952,295.3291,295.3291,281.77527,281.77527,296.95236,296.95236,293.28564,293.28564,293.28564,279.93158,279.93158,279.93158,293.51666,293.51666,293.51666,283.10318,280.58105,286.59058,280.25876,286.54474,283.10318,280.58105,286.59058,280.25876,286.54474,283.10318,280.58105,286.59058,280.25876,286.54474,27.195951,28.987604,41.08787,22.507744,11.340564,7.7439837,14.095542,28.674212,2.9911246,20.0209,18.916328,7.780283,26.293186,8.714745,24.692602,17.174086848599565,6.3307552263428395,24.800533193462705,5.676276151519904,22.47711892605288,4.671382,5.552844,6.3219104,4.395566,3.0853148,3.4961917,5.1830482,5.56999,1.2104855,4.5644464,3.404658,2.7871578,4.203952,3.0881622,4.5854,3.017603736161118,2.1259307087430432,5.112533978611806,3.263683554655469,4.673804799706344,-22.524569,-23.43476,-34.76596,-18.112179,-8.255249,-4.2477922,-8.912494,-23.10422,-1.7806393,-15.456454,-15.51167,-4.9931254,-22.089233,-5.6265826,-20.107203,-14.156483112438448,-4.204824517599796,-19.687999214850898,-2.412592596864435,-17.803314126346535
2012-05-26 13:00:00,-15.125664,-27.164257,-14.311398,-28.79911,-20.963154,-41.961777,-17.018377,-21.175606,-10.110664,-10.982773,-9.705684,-14.937725,-11.855316,-13.667891,-26.740597,-28.40009,-28.967415,-0.83246124,-2.838206,-1.4754139,-19.343904,-19.579548,-19.618315,-11.137375,-7.477706,-16.337437,-3.2629728,-4.0381165,-17.908636,-9.632262,-25.758196,-8.434172,-5.974723,-15.23244,-8.086718,-20.069988,-5.4488735,-4.3509154,2.4660807,4.7826495,2.600395,5.656562,2.8671906,6.430362,3.153503,4.4476943,2.1225417,3.1369696,2.0066304,3.3870158,3.2504098,5.2672114,3.6683846,5.686906,5.416848,0.39188802,1.2310344,1.0518358,3.143872,4.6400366,4.256781,1.9542968,1.8342146,2.8614264,1.1098685,2.1022956,3.4612684,2.8371875,4.349816,3.1274054,3.6651735,4.245744,3.1763113,4.4367704,3.2095377,3.776714,292.64047,292.64047,288.01416,288.01416,291.9286,291.9286,286.98505,286.98505,295.8135,295.8135,281.25937,281.25937,297.41034,297.41034,293.84583,293.84583,293.84583,280.12625,280.12625,280.12625,294.00262,294.00262,294.00262,283.3938,280.8958,287.3444,280.41434,282.26135,283.3938,280.8958,287.3444,280.41434,282.26135,283.3938,280.8958,287.3444,280.41434,282.26135,26.837349,29.13739,40.66062,22.312347,11.15402,17.125217,13.781966,28.439558,2.8958461,19.763542,19.091831,11.457748,26.375692,8.758524,6.905523,17.297372247214273,10.036315796847676,24.634076011978284,5.702247996726267,6.420549724378414,4.78359,5.65922,6.4313517,4.4499273,3.1365614,3.389409,5.2659183,5.685689,1.2318586,4.639504,3.4631965,2.8390725,4.3523746,3.129719,3.6668394,3.0704006313659695,2.1664357846172946,5.329412820736825,3.305652036209508,3.7773170411138803,-22.05376,-23.478168,-34.22927,-17.86242,-8.017459,-13.735808,-8.516048,-22.753868,-1.6639875,-15.124038,-15.628635,-8.618675,-22.02332,-5.6288047,-3.2386835,-14.226971615848303,-7.869880012230381,-19.30466319124146,-2.3965959605167586,-2.643232683264534
2012-05-26 14:00:00,-14.683195,-26.39207,-14.000877,-28.195103,-20.224396,-40.779335,-16.273289,-20.36404,-9.652697,-10.591781,-7.0417924,-11.043376,-11.22154,-13.152966,-25.644773,-27.548315,-28.124401,-0.7774734,-2.6372023,-1.3686934,-18.660341,-19.005465,-18.993351,-10.94533,-7.528818,-15.742545,-3.1335835,-15.181096,-17.66982,-9.751594,-24.908598,-8.088526,-20.887312,-14.917178,-8.109942,-19.23846,-5.191022,-17.214958,2.470375,4.7898264,2.6336026,5.727316,2.8919473,6.4812555,3.1386082,4.431518,2.15475,3.1762743,1.9943993,3.3711486,3.2685378,5.2921658,3.7178767,5.7467594,5.47753,0.38190052,1.1959975,1.0264014,3.1454854,4.641794,4.2584963,1.9832357,1.9260066,2.8377674,1.102312,2.4874792,3.504581,2.9352434,4.318865,3.1033342,4.170271,4.305729,3.3206458,4.4066324,3.1835563,4.2698092,292.6803,292.6803,288.27014,288.27014,292.11627,292.11627,286.9001,286.9001,296.18503,296.18503,281.1827,281.1827,297.54825,297.54825,294.13562,294.13562,294.13562,279.80713,279.80713,279.80713,294.014,294.014,294.014,283.60883,281.49033,287.1872,280.32422,284.6167,283.60883,281.49033,287.1872,280.32422,284.6167,283.60883,281.49033,287.1872,280.32422,284.6167,26.132881,28.557325,39.587143,21.54924,10.780908,12.922114,13.26937,27.593391,2.6979387,19.197083,18.842365,11.510253,25.628124,8.433704,22.254133,16.95934197412147,9.976080741016037,23.75649037808153,5.50539513358758,20.375133868226982,4.7907662,5.7299747,6.482245,4.433751,3.1758657,3.3735416,5.2908726,5.745543,1.1968219,4.641262,3.5065088,2.9371285,4.3214235,3.1056473,4.171937,3.109464678789406,2.2429414451860654,5.284186193645372,3.2813419291029806,4.270277365485604,-21.342115,-22.82735,-33.104897,-17.115488,-7.605042,-9.548573,-7.9784975,-21.847849,-1.5011168,-14.55582,-15.3358555,-8.573125,-21.306702,-5.3280573,-18.082197,-13.849877295332066,-7.733139295829972,-18.472304184436158,-2.2240532044845995,-16.104856502741377
2012-05-26 15:00:00,-13.911561,-25.08709,-13.2177,-26.700552,-18.877777,-38.64988,-15.248307,-19.224863,-8.337784,-9.438995,-11.479334,-17.63445,-10.223125,-12.318314,-23.736895,-25.981817,-26.565838,-0.59264064,-1.9665806,-1.0006325,-17.484196,-17.98619,-17.888376,-10.626789,-8.92098,-14.613656,-2.81022,-11.650901,-17.265688,-11.464553,-23.27035,-7.209961,-16.372835,-14.397604,-9.692677,-17.70534,-4.580958,-13.040343,2.4242904,4.712818,2.6064327,5.669425,2.8647995,6.4254475,3.0994673,4.3890104,2.1324363,3.1490443,2.1902108,3.6251717,3.2703514,5.2946615,3.698577,5.723419,5.453867,0.3662818,1.141206,0.9866262,3.0902085,4.5815463,4.199724,2.0370433,2.0816252,2.761278,1.0662285,2.3411465,3.5851133,3.101482,4.2188005,2.988388,3.9783823,4.4172616,3.565343,4.3091974,3.0594893,4.0824804,292.25293,292.25293,288.0607,288.0607,291.91046,291.91046,286.67682,286.67682,295.92764,295.92764,282.40997,282.40997,297.56204,297.56204,294.0226,294.0226,294.0226,279.30807,279.30807,279.30807,293.62393,293.62393,293.62393,284.00864,282.49823,286.679,279.8939,283.7219,284.00864,282.49823,286.679,279.8939,283.7219,284.00864,282.49823,286.679,279.8939,283.7219,24.946129,27.209076,37.66278,20.49344,9.614097,19.786724,12.433366,26.04044,2.0520835,18.195007,18.412344,13.241339,24.212929,7.5875745,17.851168,16.39257215468984,11.682529534397585,22.196700735780947,4.990976864383198,16.421142424286412,4.7137575,5.672084,6.426436,4.391243,3.148636,3.627565,5.293369,5.722203,1.1420304,4.581014,3.5870419,3.103367,4.2213593,2.9907017,3.9800484,3.182098525694663,2.3726448716839235,5.137970115028802,3.1652576689237897,4.082999707142726,-20.232372,-21.536991,-31.236343,-16.102198,-6.465461,-16.159159,-7.1399975,-20.318237,-0.910053,-13.613994,-14.825303,-10.137972,-19.99157,-4.596873,-13.871119,-13.210473628995178,-9.30988466271366,-17.058730620752144,-1.825719195459408,-12.338142717143686
2012-05-26 16:00:00,-12.591233,-22.821096,-11.888814,-24.143757,-16.687937,-35.02823,-13.045366,-16.72073,-4.0486703,-5.019249,-11.156076,-17.23416,-8.69081,-10.943925,-20.766985,-23.367907,-23.94525,-0.5093986,-1.67192,-0.8411677,-15.592197,-16.268345,-16.046144,-8.89177,-8.4830065,-12.661019,-2.1302176,-8.920054,-14.6888275,-11.021259,-20.37896,-5.42297,-12.76869,-11.876958,-9.131743,-15.122525,-3.3094337,-9.856991,2.339789,4.571613,2.5496686,5.548481,2.7829173,6.2571187,3.01033,4.2922044,2.037198,3.0328233,2.276876,3.7376013,3.2524114,5.269966,3.5788648,5.5786448,5.3070884,0.36164954,1.1249559,0.9748297,2.9731038,4.4539094,4.075215,1.9734113,2.2060611,2.61083,1.0318238,2.2813575,3.4898767,3.2344093,4.0219827,2.8787897,3.8999803,4.2853656,3.7610068,4.117552,2.9411943,4.0059414,291.4693,291.4693,287.62314,287.62314,291.2897,291.2897,286.16837,286.16837,294.82907,294.82907,282.95316,282.95316,297.42557,297.42557,293.32166,293.32166,293.32166,279.16006,279.16006,279.16006,292.79755,292.79755,292.79755,283.53583,283.30417,285.67938,279.48358,283.3563,283.53583,283.30417,285.67938,279.48358,283.3563,283.53583,283.30417,285.67938,279.48358,283.3563,22.860067,24.874273,34.368855,18.124727,5.1236672,19.28795,11.052477,23.449247,1.7637861,16.502108,15.928083,12.634725,21.65928,5.851627,14.16857,13.787936662655824,10.898944509859819,19.50636335474492,3.9131260687588947,13.073604913482384,4.572553,5.55114,6.2581077,4.2944374,3.032415,3.7399948,5.268674,5.577428,1.1257802,4.4533777,3.491805,3.2362945,4.0245414,2.8811033,3.9016464,3.0962030833541436,2.476358130241526,4.850375828408625,3.05457382535885,4.00648163658075,-18.287514,-19.323133,-28.110744,-13.830291,-2.091252,-15.5479555,-5.783803,-17.871819,-0.63800585,-12.048731,-12.436278,-9.39843,-17.634739,-2.9705234,-10.266923,-10.69173357930168,-8.422586379618293,-14.655987526336295,-0.8585522434000445,-9.067123276901635
2012-05-26 17:00:00,-10.321349,-18.81918,-9.664158,-19.797943,-13.183149,-28.718227,-9.433662,-12.449024,-5.127438,-6.2219152,-5.8320756,-9.31937,-6.4423647,-8.676946,-16.155731,-18.92638,-19.448433,-0.50749254,-1.6648959,-0.8386247,-12.542208,-13.335282,-12.9594145,-7.1091685,-4.7739453,-5.828364,-1.3286204,-5.144826,-11.917871,-6.4453764,-9.859968,-3.35139,-7.568594,-9.348035,-4.969607,-6.526283,-1.9402573,-5.5787897,2.2209017,4.3729486,2.4595823,5.356539,2.6375656,5.9583125,2.877001,4.1474056,2.0144851,3.0051064,2.2608566,3.7168198,3.1839867,5.175776,3.3922057,5.3529077,5.0782266,0.3595541,1.1176047,0.96949315,2.815227,4.281833,3.9073553,1.8584683,2.0855646,2.4645624,0.99249816,2.225801,3.3178449,3.1056895,3.8306327,2.753516,3.827128,4.047112,3.5715365,3.9312305,2.8059802,3.9348202,290.3668,290.3668,286.9287,286.9287,290.18777,290.18777,285.40784,285.40784,294.56708,294.56708,282.85275,282.85275,296.90503,296.90503,292.2287,292.2287,292.2287,279.0931,279.0931,279.0931,291.68344,291.68344,291.68344,282.68176,282.52374,284.70755,279.0146,283.01657,282.68176,282.52374,284.70755,279.0146,283.01657,282.68176,282.52374,284.70755,279.0146,283.01657,19.095106,20.788034,28.533949,13.885556,6.3301134,10.807194,8.767389,19.035778,1.7554543,13.5907135,13.2071085,7.650044,11.092891,3.7417843,8.617828,11.10670337980865,6.084608704925604,8.876269586726156,2.559527494301724,7.984642167801287,4.373889,5.359197,5.959302,4.149638,3.0046978,3.719213,5.1744833,5.351691,1.1184291,4.281302,3.319773,3.107575,3.8331914,2.7558296,3.828794,2.9410446344196717,2.375928005621374,4.570771491439627,2.9280591873591475,3.935379870178755,-14.721217,-15.428837,-22.574648,-9.735918,-3.3254154,-7.0879803,-3.5929062,-13.684087,-0.63702524,-9.309411,-9.887335,-4.542469,-7.2597,-0.98595476,-4.7890344,-8.165658745388978,-3.7086806993042303,-4.305498095286529,0.3685316930574234,-4.049262297622532
2012-05-26 18:00:00,-6.2715387,-11.493511,-5.7811155,-12.028089,-7.6657896,-17.562424,-4.1551385,-5.7498093,-3.4359195,-4.306738,-1.947293,-3.1918461,-3.1474056,-4.6880546,-9.22256,-11.401906,-11.740017,-0.29315773,-0.92636865,-0.4571187,-7.531875,-8.185708,-7.727772,-2.8716698,-1.0242172,-1.9811921,-0.58933353,-4.58122,-4.9929667,-1.448021,-3.459234,-1.4603734,-6.7633324,-3.5614414,-1.0294288,-2.1424694,-0.8062517,-4.9528666,2.0609453,4.1056566,2.324154,5.067987,2.4095585,5.48959,2.6384733,3.8883576,1.9268901,2.8982122,2.144631,3.5660417,2.997338,4.918844,3.1083288,5.0095997,4.7301664,0.33281028,1.0237861,0.9013867,2.6144075,4.0629535,3.6938381,1.5847385,2.008733,2.2581239,0.92695117,2.1880162,2.9081604,3.023615,3.5605671,2.5447125,3.7775803,3.4797263,3.4507256,3.6682618,2.5806081,3.8864498,288.88342,288.88342,285.88477,285.88477,288.45923,288.45923,284.04724,284.04724,293.55667,293.55667,282.1243,282.1243,295.4851,295.4851,290.5665,290.5665,290.5665,278.2386,278.2386,278.2386,290.2663,290.2663,290.2663,280.64786,282.02612,283.33594,278.23288,282.78552,280.64786,282.02612,283.33594,278.23288,282.78552,280.64786,282.02612,283.33594,278.23288,282.78552,11.948257,13.084263,17.884958,6.751841,4.373603,3.8420618,4.736935,11.522163,1.0042639,8.41719,5.9131465,1.7829167,4.086044,1.6974397,7.746778,4.512334806443314,1.2871584554731594,3.0507393597580577,1.197918153936875,7.186466022531659,4.106597,5.070646,5.490579,3.8905907,2.897804,3.568435,4.917551,5.008383,1.0246104,4.0624213,2.9100885,3.0255,3.5631263,2.5470262,3.779246,2.571543986019195,2.311891185066251,4.176147000151463,2.7171877367889774,3.887022748957994,-7.841661,-8.0136175,-12.394379,-2.8612502,-1.4757988,-0.2736267,0.18061593,-6.5137806,0.020346552,-4.3547683,-3.003058,1.2425834,-0.52291775,0.84958637,-3.967532,-1.940790820424119,1.0247327295930915,1.1254076403934055,1.5192695828521023,-3.2994432735736647
2012-05-26 19:00:00,-0.13411419,-0.24602622,-0.056492686,-0.12065199,-0.3595372,-0.86849356,0.0,0.0,0.0,0.0,0.0,0.0,0.0,0.0,-0.5341071,-0.6944982,-0.7105372,-0.0042922217,-0.012850149,-0.0060166167,-0.36829332,-0.40552944,-0.36312345,0.0,0.0,0.0,0.0,0.0,0.0,0.0,0.0,0.0,0.0,0.0,0.0,0.0,0.0,0.0,1.8609064,3.7713861,2.0499716,4.4837985,2.0587509,4.7684207,2.3836446,3.6116066,1.790242,2.731458,2.0221925,3.4072042,2.5325935,4.2790976,2.659542,4.466857,4.1799116,0.31986207,0.9783626,0.8684122,2.3391495,3.762939,3.4011748,1.2808133,1.8858094,2.0580568,0.8708185,2.0966012,2.4532828,2.8923032,3.2988367,2.365899,3.6577063,2.8497508,3.2574396,3.4134092,2.387606,3.7694244,287.02835,287.02835,283.77124,283.77124,285.7997,285.7997,282.59366,282.59366,291.98044,291.98044,281.3569,281.3569,291.9496,291.9496,287.9387,287.9387,287.9387,277.82486,277.82486,277.82486,288.32385,288.32385,288.32385,278.3896,281.22998,282.00665,277.56345,282.22653,278.3896,281.22998,282.00665,277.56345,282.22653,278.3896,281.22998,282.00665,277.56345,282.22653,0.26651594,0.14035238,0.92759895,0.0,0.0,0.0,0.0,0.7089964,0.014733436,0.42391723,0.0,0.0,0.0,0.0,0.0,0.0,0.0,0.0,0.0,0.0,3.7723262,4.4864573,4.769409,3.6138394,2.7310495,3.409597,4.277805,4.46564,0.979187,3.7624073,2.455211,2.8941884,3.3013954,2.3682125,3.659372,2.161282781749131,2.2094385556879805,3.793700596958007,2.5366030739075702,3.7700293016722095,3.5058103,4.346105,3.8418105,3.6138394,2.7310495,3.409597,4.277805,3.7566435,0.9644536,3.3384902,2.455211,2.8941884,3.3013954,2.3682125,3.659372,2.161282781749131,2.2094385556879805,3.793700596958007,2.5366030739075702,3.7700293016722095
2012-05-26 20:00:00,0.0,0.0,0.0,0.0,0.0,0.0,0.0,0.0,0.0,0.0,0.0,0.0,0.0,0.0,0.0,0.0,0.0,0.0,0.0,0.0,0.0,0.0,0.0,0.0,0.0,0.0,0.0,0.0,0.0,0.0,0.0,0.0,0.0,0.0,0.0,0.0,0.0,0.0,1.7224915,3.5400906,1.9798663,4.334428,1.8312795,4.3007984,2.3132484,3.5351543,1.7401649,2.670348,2.065839,3.463826,2.4381456,4.149085,2.339338,4.0796165,3.7873106,0.3042777,0.92369175,0.82872444,2.1043038,3.5069726,3.1514802,1.283992,1.9231746,1.9724178,0.7382251,2.1912951,2.4580407,2.9322183,3.1868029,1.9435155,3.78188,2.8563402,3.3161929,3.3043196,1.9317063,3.8906474,285.74475,285.74475,283.23083,283.23083,284.07523,284.07523,282.1921,282.1921,291.4028,291.4028,281.63046,281.63046,291.23108,291.23108,286.06378,286.06378,286.06378,277.3269,277.3269,277.3269,286.6666,286.6666,286.6666,278.4132,281.472,281.43765,275.98215,282.80557,278.4132,281.472,281.43765,275.98215,282.80557,278.4132,281.472,281.43765,275.98215,282.80557,0.0,0.0,0.0,0.0,0.0,0.0,0.0,0.0,0.0,0.0,0.0,0.0,0.0,0.0,0.0,0.0,0.0,0.0,0.0,0.0,3.5410306,4.3370867,4.3017874,3.5373871,2.6699398,3.4662192,4.1477923,4.0783997,0.92451614,3.506441,2.4599688,2.9341033,3.1893616,1.9458289,3.7835457,2.1655739501717455,2.2405812017693085,3.629994430753362,2.1100360201209636,3.891219107251752,3.5410306,4.3370867,4.3017874,3.5373871,2.6699398,3.4662192,4.1477923,4.0783997,0.92451614,3.506441,2.4599688,2.9341033,3.1893616,1.9458289,3.7835457,2.1655739501717455,2.2405812017693085,3.629994430753362,2.1100360201209636,3.891219107251752
2012-05-26 21:00:00,0.0,0.0,0.0,0.0,0.0,0.0,0.0,0.0,0.0,0.0,0.0,0.0,0.0,0.0,0.0,0.0,0.0,0.0,0.0,0.0,0.0,0.0,0.0,0.0,0.0,0.0,0.0,0.0,0.0,0.0,0.0,0.0,0.0,0.0,0.0,0.0,0.0,0.0,1.5469134,3.2466946,1.841908,4.0404863,1.7819513,4.1993923,2.3304327,3.5538175,1.6832383,2.6008792,2.0138905,3.3964338,2.4426148,4.1552367,2.1386015,3.8368552,3.5411882,0.30405134,0.92289764,0.82814807,1.9532341,3.3423164,2.9908583,1.0737303,1.9166441,1.7767005,0.6683126,2.1299443,2.143347,2.925242,2.9307623,1.7208054,3.7014294,2.4205105,3.3059242,3.0550072,1.6913242,3.8121085,284.11652,284.11652,282.1674,282.1674,283.70126,283.70126,282.29013,282.29013,290.74615,290.74615,281.30487,281.30487,291.26508,291.26508,284.8884,284.8884,284.8884,277.31967,277.31967,277.31967,285.60052,285.60052,285.60052,276.8509,281.4297,280.13727,275.14838,282.43042,276.8509,281.4297,280.13727,275.14838,282.43042,276.8509,281.4297,280.13727,275.14838,282.43042,0.0,0.0,0.0,0.0,0.0,0.0,0.0,0.0,0.0,0.0,0.0,0.0,0.0,0.0,0.0,0.0,0.0,0.0,0.0,0.0,3.2476346,4.043145,4.2003813,3.5560498,2.600471,3.398827,4.153944,3.835638,0.9237221,3.3417845,2.1452754,2.9271271,2.933321,1.723119,3.7030954,1.8817469783018337,2.23513811129406,3.2558628432958034,1.8851201934167818,3.812701858385445,3.2476346,4.043145,4.2003813,3.5560498,2.600471,3.398827,4.153944,3.835638,0.9237221,3.3417845,2.1452754,2.9271271,2.933321,1.723119,3.7030954,1.8817469783018337,2.23513811129406,3.2558628432958034,1.8851201934167818,3.812701858385445
2012-05-26 22:00:00,0.0,0.0,0.0,0.0,0.0,0.0,0.0,0.0,0.0,0.0,0.0,0.0,0.0,0.0,0.0,0.0,0.0,0.0,0.0,0.0,0.0,0.0,0.0,0.0,0.0,0.0,0.0,0.0,0.0,0.0,0.0,0.0,0.0,0.0,0.0,0.0,0.0,0.0,1.5301697,3.2187152,1.7638927,3.8742623,1.7590666,4.152347,2.1301687,3.336325,1.6787857,2.5954456,1.9954023,3.3724496,2.2015374,3.8233807,1.850722,3.488706,3.1882207,0.29305336,0.8843161,0.80014026,1.809983,3.186182,2.8385494,0.9921047,1.887605,1.7957755,0.6500802,2.0261176,2.02118,2.8942213,2.9557168,1.6627252,3.5652795,2.251317,3.2602625,3.0793061,1.6286354,3.679194,283.96124,283.96124,281.566,281.566,283.52777,283.52777,281.1478,281.1478,290.6948,290.6948,281.189,281.189,289.4311,289.4311,283.20276,283.20276,283.20276,276.96826,276.96826,276.96826,284.58963,284.58963,284.58963,276.2444,281.2416,280.264,274.93094,281.79553,276.2444,281.2416,280.264,274.93094,281.79553,276.2444,281.2416,280.264,274.93094,281.79553,0.0,0.0,0.0,0.0,0.0,0.0,0.0,0.0,0.0,0.0,0.0,0.0,0.0,0.0,0.0,0.0,0.0,0.0,0.0,0.0,3.2196555,3.8769212,4.153336,3.338558,2.5950375,3.374843,3.822088,3.4874892,0.8851405,3.18565,2.0231082,2.896106,2.9582756,1.6650388,3.5669453,1.7715626356260783,2.210934816489618,3.2923268662643146,1.8264647538184033,3.6798235662342487,3.2196555,3.8769212,4.153336,3.338558,2.5950375,3.374843,3.822088,3.4874892,0.8851405,3.18565,2.0231082,2.896106,2.9582756,1.6650388,3.5669453,1.7715626356260783,2.210934816489618,3.2923268662643146,1.8264647538184033,3.6798235662342487
2012-05-26 23:00:00,0.0,0.0,0.0,0.0,0.0,0.0,0.0,0.0,0.0,0.0,0.0,0.0,0.0,0.0,0.0,0.0,0.0,0.0,0.0,0.0,0.0,0.0,0.0,0.0,0.0,0.0,0.0,0.0,0.0,0.0,0.0,0.0,0.0,0.0,0.0,0.0,0.0,0.0,1.4623263,3.1053472,1.7174499,3.7753093,1.6413819,3.910418,1.9297878,3.1187053,1.6057472,2.5063155,1.956698,3.3222387,1.9852434,3.52564,1.7491784,3.365904,3.0637188,0.26465443,0.7846909,0.7278186,1.6988807,3.0650873,2.720422,1.037419,1.8187833,1.4483701,0.68292916,1.9870353,2.0890007,2.820703,2.501236,1.7673674,3.5140302,2.3452442,3.1520467,2.6367683,1.741581,3.6291625,283.3321,283.3321,281.208,281.208,282.6356,282.6356,280.0048,280.0048,289.8523,289.8523,280.9464,280.9464,287.78564,287.78564,282.6082,282.6082,282.6082,276.06085,276.06085,276.06085,283.8056,283.8056,283.8056,276.5811,280.79587,277.95578,275.3227,281.55655,276.5811,280.79587,277.95578,275.3227,281.55655,276.5811,280.79587,277.95578,275.3227,281.55655,0.0,0.0,0.0,0.0,0.0,0.0,0.0,0.0,0.0,0.0,0.0,0.0,0.0,0.0,0.0,0.0,0.0,0.0,0.0,0.0,3.106287,3.7779677,3.911407,3.120938,2.5059068,3.324632,3.5243473,3.364687,0.7855153,3.0645556,2.090929,2.822588,2.5037947,1.769681,3.515696,1.8327311901567018,2.15357422523314,2.628230347784582,1.9321433332042817,3.629805785719154,3.106287,3.7779677,3.911407,3.120938,2.5059068,3.324632,3.5243473,3.364687,0.7855153,3.0645556,2.090929,2.822588,2.5037947,1.769681,3.515696,1.8327311901567018,2.15357422523314,2.628230347784582,1.9321433332042817,3.629805785719154
2012-06-28 00:00:00,0.0,0.0,0.0,0.0,0.0,0.0,0.0,0.0,0.0,0.0,0.0,0.0,0.0,0.0,0.0,0.0,0.0,0.0,0.0,0.0,0.0,0.0,0.0,0.0,0.0,0.0,0.0,0.0,0.0,0.0,0.0,0.0,0.0,0.0,0.0,0.0,0.0,0.0,2.1317372,4.2239523,2.4056334,5.241592,2.5213501,5.719404,2.919421,4.1934752,1.9725118,2.9538853,2.8789563,4.5186715,2.8605647,4.730568,2.7030091,4.5194244,4.2332063,0.40983337,1.2939878,1.0975362,2.3651314,3.7912579,3.4287999,1.8474202,2.7697935,2.7540345,1.1888499,2.7633905,3.301309,3.836612,4.2093244,3.3790045,4.5320787,4.0242114,4.647426,4.2999706,3.4811013,4.6230197,289.53992,289.53992,286.51285,286.51285,289.30673,289.30673,285.6498,285.6498,294.08292,294.08292,286.72675,286.72675,294.4446,294.4446,288.1932,288.1932,288.1932,280.69965,280.69965,280.69965,288.5072,288.5072,288.5072,282.59967,286.95532,286.63086,281.35626,286.30386,282.59967,286.95532,286.63086,281.35626,286.30386,282.59967,286.95532,286.63086,281.35626,286.30386,0.0,0.0,0.0,0.0,0.0,0.0,0.0,0.0,0.0,0.0,0.0,0.0,0.0,0.0,0.0,0.0,0.0,0.0,0.0,0.0,4.224892,5.2442503,5.720393,4.1957083,2.953477,4.5210648,4.729275,4.5182076,1.2948121,3.7907262,3.3032374,3.8384972,4.211883,3.3813183,4.533745,2.9261308837002504,2.946211512311658,5.1241237956882415,3.559743284378483,4.6233910158210625,4.224892,5.2442503,5.720393,4.1957083,2.953477,4.5210648,4.729275,4.5182076,1.2948121,3.7907262,3.3032374,3.8384972,4.211883,3.3813183,4.533745,2.9261308837002504,2.946211512311658,5.1241237956882415,3.559743284378483,4.6233910158210625
2012-06-28 01:00:00,0.0,0.0,0.0,0.0,0.0,0.0,0.0,0.0,0.0,0.0,0.0,0.0,0.0,0.0,0.0,0.0,0.0,0.0,0.0,0.0,0.0,0.0,0.0,0.0,0.0,0.0,0.0,0.0,0.0,0.0,0.0,0.0,0.0,0.0,0.0,0.0,0.0,0.0,2.0654304,4.1131516,2.4638023,5.3655305,2.4974189,5.670208,2.9424374,4.2184715,1.9792477,2.9621055,2.8733227,4.511363,2.8027384,4.650967,2.5186749,4.2964983,4.0071945,0.37372392,1.1673135,1.0055786,2.3156018,3.7372744,3.3761392,1.9713331,2.4935887,2.5705621,1.1999301,2.6959012,3.4867668,3.5415583,3.9693034,3.4143014,4.4435782,4.2810574,4.213118,4.066257,3.519199,4.536622,288.92502,288.92502,286.96124,286.96124,289.1253,289.1253,285.7811,285.7811,294.1606,294.1606,286.69144,286.69144,294.0047,294.0047,287.11386,287.11386,287.11386,279.54587,279.54587,279.54587,288.15768,288.15768,288.15768,283.5204,285.1664,285.41183,281.4884,285.89117,283.5204,285.1664,285.41183,281.4884,285.89117,283.5204,285.1664,285.41183,281.4884,285.89117,0.0,0.0,0.0,0.0,0.0,0.0,0.0,0.0,0.0,0.0,0.0,0.0,0.0,0.0,0.0,0.0,0.0,0.0,0.0,0.0,4.114092,5.368189,5.6711965,4.220704,2.9616969,4.5137568,4.649674,4.2952814,1.1681379,3.7367425,3.4886947,3.5434434,3.971862,3.4166148,4.445245,3.0933977458582227,2.7160033445132523,4.773400126659301,3.5953893269694976,4.537017571062332,4.114092,5.368189,5.6711965,4.220704,2.9616969,4.5137568,4.649674,4.2952814,1.1681379,3.7367425,3.4886947,3.5434434,3.971862,3.4166148,4.445245,3.0933977458582227,2.7160033445132523,4.773400126659301,3.5953893269694976,4.537017571062332
2012-06-28 02:00:00,0.0,0.0,0.0,0.0,0.0,0.0,0.0,0.0,0.0,0.0,0.0,0.0,0.0,0.0,0.0,0.0,0.0,0.0,0.0,0.0,0.0,0.0,0.0,0.0,0.0,0.0,0.0,0.0,0.0,0.0,0.0,0.0,0.0,0.0,0.0,0.0,0.0,0.0,2.033457,4.0597234,2.4734068,5.385994,2.3474257,5.3618608,2.9334762,4.2087393,1.910413,2.8781047,2.6292486,4.1947293,2.8323233,4.6916924,2.3876839,4.138084,3.846587,0.3395887,1.0475649,0.91864866,2.2610693,3.677837,3.3181581,1.881563,2.426892,2.5380201,1.2043569,2.6643398,3.3524103,3.4703102,3.926731,3.4284034,4.402192,4.094982,4.1082444,4.0248036,3.53442,4.496219,288.6285,288.6285,287.03528,287.03528,287.9882,287.9882,285.72998,285.72998,293.3666,293.3666,285.16168,285.16168,294.22977,294.22977,286.34686,286.34686,286.34686,278.45517,278.45517,278.45517,287.77286,287.77286,287.77286,282.85336,284.73444,285.19562,281.5412,285.69818,282.85336,284.73444,285.19562,281.5412,285.69818,282.85336,284.73444,285.19562,281.5412,285.69818,0.0,0.0,0.0,0.0,0.0,0.0,0.0,0.0,0.0,0.0,0.0,0.0,0.0,0.0,0.0,0.0,0.0,0.0,0.0,0.0,4.060663,5.388653,5.3628497,4.210972,2.8776965,4.197123,4.6903996,4.136867,1.0483893,3.6773052,3.354338,3.4721954,3.9292898,3.430717,4.4038577,2.972219363153987,2.6604139176177672,4.711192661517981,3.6096312793211043,4.49662522730324,4.060663,5.388653,5.3628497,4.210972,2.8776965,4.197123,4.6903996,4.136867,1.0483893,3.6773052,3.354338,3.4721954,3.9292898,3.430717,4.4038577,2.972219363153987,2.6604139176177672,4.711192661517981,3.6096312793211043,4.49662522730324
2012-06-28 03:00:00,0.0,0.0,0.0,0.0,0.0,0.0,0.0,0.0,0.0,0.0,0.0,0.0,0.0,0.0,0.0,0.0,0.0,0.0,0.0,0.0,0.0,0.0,0.0,0.0,0.0,0.0,0.0,0.0,0.0,0.0,0.0,0.0,0.0,0.0,0.0,0.0,0.0,0.0,2.0286393,4.051672,2.488772,5.4187303,2.247747,5.156947,2.9233701,4.197763,1.900939,2.8665435,2.549444,4.0912,2.8503435,4.7164974,2.3187666,4.0547385,3.7620883,0.34155136,1.0544503,0.9236469,2.1762168,3.5853539,3.2279406,1.7933043,2.424706,2.2382636,1.1691206,2.6532555,3.2203155,3.467975,3.5345855,3.316156,4.3876567,3.91204,4.1048064,3.6429632,3.4132657,4.4820294,288.58383,288.58383,287.15372,287.15372,287.2325,287.2325,285.67233,285.67233,293.25732,293.25732,284.6615,284.6615,294.36685,294.36685,285.94333,285.94333,285.94333,278.51788,278.51788,278.51788,287.17407,287.17407,287.17407,282.19757,284.72028,283.20398,281.12097,285.6304,282.19757,284.72028,283.20398,281.12097,285.6304,282.19757,284.72028,283.20398,281.12097,285.6304,0.0,0.0,0.0,0.0,0.0,0.0,0.0,0.0,0.0,0.0,0.0,0.0,0.0,0.0,0.0,0.0,0.0,0.0,0.0,0.0,4.052613,5.4213896,5.157936,4.199996,2.8661351,4.093593,4.7152047,4.0535216,1.0552746,3.5848217,3.2222433,3.4698598,3.5371442,3.3184695,4.3893228,2.853081225901329,2.658591699738607,4.138181569061686,3.4962719244762384,4.482439364638953,4.052613,5.4213896,5.157936,4.199996,2.8661351,4.093593,4.7152047,4.0535216,1.0552746,3.5848217,3.2222433,3.4698598,3.5371442,3.3184695,4.3893228,2.853081225901329,2.658591699738607,4.138181569061686,3.4962719244762384,4.482439364638953
2012-06-28 04:00:00,-1.9735606,-3.6004868,-2.71839,-6.290695,-1.4458184,-3.3258624,-6.149799,-8.667481,-0.33994955,-0.45044196,-4.142755,-6.739174,-0.35503247,-0.5791987,-1.3470684,-1.7242928,-1.7542427,-0.11043896,-0.34008622,-0.15816858,-1.6361036,-1.7709289,-1.5944982,-1.9684787,-3.6644256,-3.0009253,-1.1493793,-3.8136868,-3.5575905,-5.1922855,-5.037242,-3.4679232,-5.974352,-2.392055,-3.7662463,-3.199902,-1.7521347,-4.2036095,2.02006,4.0373363,2.4751172,5.389638,2.2262025,5.1126575,3.041376,4.3259215,1.9303216,2.9024,2.6549866,4.2281194,2.8156352,4.6687202,2.3400261,4.080449,3.7881541,0.35210812,1.0914838,0.95053107,2.1166246,3.5204012,3.16458,1.8439004,2.5722768,2.1779099,1.2966013,2.782655,3.296041,3.625616,3.45563,3.7222524,4.5573406,4.0169153,4.3368487,3.5660822,3.8515859,4.647681,288.50427,288.50427,287.04846,287.04846,287.06918,287.06918,286.34546,286.34546,293.59625,293.59625,285.323,285.323,294.1028,294.1028,286.0678,286.0678,286.0678,278.8552,278.8552,278.8552,286.75354,286.75354,286.75354,282.57352,285.67606,282.80298,282.6413,286.42166,282.57352,285.67606,282.80298,282.6413,286.42166,282.57352,285.67606,282.80298,282.6413,286.42166,3.8155868,6.858876,3.5209062,9.658751,0.45900688,7.6396284,0.58369374,1.7528948,0.36041522,1.8467503,4.142527,5.892595,5.96526,3.7963326,6.5451035,3.070337549694557,4.454234073539796,4.523280527213416,2.3434991326083816,5.890553153223756,4.0382767,5.392297,5.1136465,4.3281546,2.9019914,4.2305126,4.6674275,4.0792317,1.0923083,3.5198698,3.2979693,3.6275015,3.4581888,3.7245662,4.559006,2.921379551221981,2.7815874793881794,4.0228102081644455,3.9063907581481,4.648045419190781,0.22268976,-1.4665796,1.5927403,-5.330596,2.4429846,-3.409116,4.083734,2.326337,0.731893,1.6731197,-0.84455776,-2.2650933,-2.5070713,-0.07176635,-1.9860973,-0.14895799847257596,-1.6726465941516167,-0.5004703190489703,1.5628916255397183,-1.2425077340329747
2012-06-28 05:00:00,-8.056759,-14.645405,-10.667813,-24.331934,-8.00349,-17.415611,-12.560979,-16.943792,-1.3008822,-1.6952318,-13.373735,-20.834454,-4.8522854,-7.144837,-8.777256,-10.731247,-11.011193,-1.1039672,-3.6196852,-1.7579621,-7.891405,-8.436937,-7.9910526,-8.2871895,-11.612058,-9.033462,-4.2438784,-12.61111,-14.344753,-15.50586,-14.470697,-13.059189,-18.94203,-10.710987,-12.556418,-10.161169,-7.066162,-14.268013,2.2168407,4.366163,2.6780539,5.8220267,2.5128605,5.701952,3.2907753,4.5967755,1.9492882,2.925545,3.042495,4.7308283,2.8469615,4.711842,2.6682668,4.4774084,4.1906085,0.4246116,1.3458308,1.1351709,2.3216908,3.7439106,3.382613,2.2216275,2.8953793,2.4884462,1.5272144,3.1186945,3.8613758,3.9707675,3.8618782,4.4568834,4.997995,4.7998667,4.844898,3.961655,4.6445093,5.077864,290.32913,290.32913,288.6128,288.6128,289.24237,289.24237,287.76807,287.76807,293.81503,293.81503,287.75174,287.75174,294.34113,294.34113,287.98978,287.98978,287.98978,281.17184,281.17184,281.17184,288.20065,288.20065,288.20065,285.38016,287.7687,284.86624,285.39157,288.4765,285.38016,287.7687,284.86624,285.39157,288.4765,285.38016,287.7687,284.86624,285.39157,288.4765,14.958871,25.184835,17.683767,17.983227,1.7258449,22.038847,7.18256,10.801637,3.666757,8.669485,15.484914,16.48894,15.976606,13.611187,19.67407,12.729106395110168,14.08547194624308,13.363584320518111,8.151358396454652,17.49029026239535,4.367103,5.824685,5.7029405,4.5990086,2.9251368,4.7332215,4.71055,4.4761915,1.346655,3.743379,3.863304,3.9726527,3.8644369,4.459197,4.999661,3.43126350146873,3.050883006133301,4.61642834658922,4.648297687557989,5.078111466365195,-10.591767,-19.36015,-11.980826,-13.384218,1.1992921,-17.305626,-2.4720104,-6.325445,-2.320102,-4.926106,-11.621611,-12.516287,-12.112169,-9.15199,-14.67441,-9.297842893641437,-11.03458894010978,-8.74715597392889,-3.5030607088966637,-12.412178796030156
2012-06-28 06:00:00,-11.527687,-20.824986,-15.538683,-34.94599,-12.518257,-25.989592,-15.02153,-19.968948,-4.591431,-5.643619,-18.59419,-28.339298,-8.768891,-11.850138,-15.04668,-17.534966,-17.991224,-1.8790362,-6.3244486,-3.1545196,-12.094579,-12.718945,-12.368151,-12.707338,-16.207302,-12.888602,-6.548526,-17.771551,-21.371693,-20.979265,-20.136686,-20.392834,-26.057663,-16.890491,-18.055363,-14.951044,-11.606646,-20.393675,2.3688865,4.6202354,3.0406322,6.594556,2.7086234,6.104389,3.4837084,4.8063073,2.0254328,3.0184662,3.188082,4.919696,3.0129027,4.9402695,2.9417562,4.808155,4.525933,0.48012963,1.5405914,1.2765548,2.5231633,3.9635031,3.5968246,2.5079744,3.0414755,2.6957018,1.6410586,3.2800741,4.2899437,4.126834,4.133013,4.81954,5.2096157,5.393405,5.0746217,4.2256646,5.035943,5.2844563,291.73914,291.73914,291.4077,291.4077,290.72647,290.72647,288.8686,288.8686,294.69336,294.69336,288.6642,288.6642,295.60352,295.60352,289.59116,289.59116,289.59116,282.94577,282.94577,282.94577,289.6224,289.6224,289.6224,287.5078,288.71494,286.2433,286.74927,289.46332,287.5078,288.71494,286.2433,286.74927,289.46332,287.5078,288.71494,286.2433,286.74927,289.46332,20.858837,34.899963,25.844732,20.69483,5.733747,29.10094,11.917096,17.562458,6.2681317,12.966202,22.123535,21.660961,21.395391,20.607323,26.393684,19.123870905736005,19.710954279525325,18.78291086963929,12.128416744427106,23.330088924244198,4.621176,6.5972147,6.105378,4.8085403,3.0180576,4.9220886,4.938977,4.806937,1.5414157,3.9629714,4.291872,4.128719,4.1355715,4.8218536,5.2112813,3.8177957640736913,3.1726495741531817,5.012615707149813,5.014546368581462,5.284646385371207,-16.237661,-28.30275,-19.739355,-15.88629,-2.7156894,-24.178852,-6.9781194,-12.755521,-4.7267156,-9.00323,-17.831663,-17.532244,-17.259819,-15.78547,-21.182402,-15.306075141662314,-16.53830470537214,-13.770295162489479,-7.113870375845644,-18.04544253887299
2012-06-28 07:00:00,-13.618974,-24.444584,-18.076883,-40.2294,-15.881311,-31.652676,-16.780247,-22.072563,-8.035747,-9.204989,-21.7003,-32.665047,-12.6560755,-15.681281,-19.904299,-22.352417,-22.89463,-2.2674916,-7.7236266,-3.9108472,-15.355065,-15.887369,-15.701371,-15.621115,-19.032513,-15.695182,-7.698681,-20.965046,-25.744276,-24.207857,-24.144005,-24.048714,-30.262993,-21.026411,-21.570108,-18.52527,-14.001009,-24.226765,2.4877603,4.8188777,3.301516,7.1504107,2.8926356,6.482671,3.5874949,4.9190226,2.2149122,3.2496912,3.322834,5.0945086,3.2674148,5.290619,3.2650456,5.199126,4.922316,0.4968878,1.59938,1.319232,2.79203,4.2565503,3.882692,2.7758143,3.2003074,2.981913,1.7548516,3.474278,4.690813,4.296505,4.507438,5.1820335,5.464278,5.948582,5.3243713,4.5902505,5.4272003,5.5330677,292.84152,292.84152,293.41873,293.41873,292.1215,292.1215,289.4606,289.4606,296.879,296.879,289.5088,289.5088,297.5397,297.5397,291.48413,291.48413,291.48413,283.48123,283.48123,283.48123,291.51974,291.51974,291.51974,289.49796,289.74365,288.14493,288.10635,290.65085,289.49796,289.74365,288.14493,288.10635,290.65085,289.49796,289.74365,288.14493,288.10635,290.65085,24.203283,39.34643,31.068953,22.555426,9.395851,32.891182,15.795047,22.322557,7.561418,16.105999,25.893843,24.444992,24.765388,23.971949,30.098734,22.98461038790548,23.020389882859334,22.144714800723957,14.017272144656868,26.484426563811848,4.8198175,7.153069,6.4836597,4.9212546,3.2492828,5.0969014,5.2893267,5.197909,1.6002045,4.2560186,4.6927414,4.29839,4.5099974,5.184347,5.465944,4.17934610818731,3.305031346757908,5.5597340946376175,5.380630402756942,5.53318959737272,-19.383467,-32.193363,-24.585293,-17.63417,-6.1465683,-27.79428,-10.50572,-17.124647,-5.9612136,-11.849979,-21.201101,-20.146603,-20.255392,-18.787601,-24.63279,-18.80526427971817,-19.715358536101427,-16.58498070608634,-8.636641741899926,-20.951236966439126
2012-06-28 08:00:00,-14.761131,-26.321255,-19.423592,-42.931786,-16.6568,-32.66475,-20.369709,-26.223595,-9.041003,-10.0988035,-23.674257,-35.351738,-13.997456,-16.674078,-18.969212,-21.628952,-22.184895,-2.638246,-9.039278,-4.620688,-17.468552,-17.840681,-17.797298,-17.338322,-20.84711,-17.50702,-8.363048,-22.949627,-28.190954,-26.233053,-26.648636,-26.158865,-32.76732,-23.479198,-23.867125,-20.871696,-15.43837,-26.606014,2.6096952,5.0226336,3.4613004,7.490855,3.1002853,6.9095454,3.7381048,5.0825877,2.2933083,3.3453593,3.469871,5.285258,3.497372,5.607168,3.5465198,5.5395284,5.267431,0.53508705,1.7333851,1.4165112,3.0887167,4.5799203,4.1981378,2.9573753,3.3769977,3.2377,1.8252349,3.676711,4.962551,4.485253,4.842062,5.4062433,5.7297325,6.324921,5.602201,4.916081,5.6692014,5.7922144,293.9723,293.9723,294.65042,294.65042,293.6957,293.6957,290.3197,290.3197,297.7833,297.7833,290.43036,290.43036,299.2891,299.2891,293.13226,293.13226,293.13226,284.70178,284.70178,284.70178,293.6134,293.6134,293.6134,290.84702,290.88803,289.84442,288.94574,291.8887,290.84702,290.88803,289.84442,288.94574,291.8887,290.84702,290.88803,289.84442,288.94574,291.8887,25.884455,41.47817,31.921232,26.178709,10.335718,35.035664,16.830462,21.598286,8.804048,18.016203,27.863146,25.978416,26.602488,25.87071,32.126366,25.101706659760033,24.946724417497652,23.964978055395278,15.075192724407533,28.16421654359301,5.023574,7.493514,6.9105344,5.084821,3.3449512,5.287651,5.6058755,5.5383115,1.7342097,4.579388,4.964479,4.487138,4.8446207,5.4085574,5.7313986,4.424430593058219,3.4522971835049088,6.0486926727964025,5.607060980462681,5.7922652215909896,-20.86088,-33.984653,-25.010698,-21.09389,-6.9907675,-29.748014,-11.224586,-16.059975,-7.0698376,-13.436814,-22.898666,-21.49128,-21.757866,-20.462154,-26.394968,-20.677276066701815,-21.494427233992745,-17.916285382598875,-9.468131743944852,-22.37195132200202
2012-06-28 09:00:00,-15.225594,-26.91854,-20.10162,-44.233124,-16.248009,-31.886786,-21.510956,-27.517258,-9.750922,-10.663834,-24.874453,-36.950523,-14.343424,-16.659355,-17.749699,-20.513517,-21.066505,-2.9060588,-9.977056,-5.13138,-18.333593,-18.583616,-18.622675,-18.195827,-21.938812,-18.572422,-8.741972,-24.096422,-29.345879,-27.423113,-28.067783,-27.366932,-34.152596,-24.692421,-25.267769,-22.268848,-16.283768,-27.977913,2.7910423,5.3256693,3.5649185,7.71163,3.1899815,7.093936,3.91646,5.276286,2.3702996,3.4393132,3.5913265,5.4428196,3.7137384,5.9050083,3.7111585,5.738635,5.469293,0.5712251,1.8601599,1.5085417,3.3488216,4.863418,4.47469,3.1038322,3.5306752,3.4448957,1.8625286,3.8340983,5.18175,4.6494174,5.1131186,5.5250454,5.9361167,6.6284966,5.8438444,5.1800146,5.79743,5.9936943,295.65402,295.65402,295.44916,295.44916,294.3757,294.3757,291.33707,291.33707,298.6714,298.6714,291.1916,291.1916,300.9351,300.9351,294.09628,294.09628,294.09628,285.85648,285.85648,285.85648,295.4489,295.4489,295.4489,291.93524,291.88336,291.22107,289.3905,292.8511,291.93524,291.88336,291.22107,289.3905,292.8511,291.93524,291.88336,291.22107,289.3905,292.8511,26.346878,42.423584,31.164165,27.030455,10.947298,36.19967,16.853226,20.48958,9.698177,18.722034,28.665451,26.747791,27.462706,26.941807,33.15577,26.00642396346408,25.97743382099592,24.803324053916278,15.6677884734424,28.993280137238926,5.3266096,7.7142887,7.094925,5.2785196,3.438905,5.4452133,5.903715,5.737418,1.8609843,4.862886,5.1836777,4.651303,5.1156774,5.5273585,5.9377832,4.62212926848716,3.5803826061962716,6.44476589121912,5.727039138596965,5.99369041969136,-21.020267,-34.709293,-24.06924,-21.751934,-7.5083933,-30.754456,-10.949512,-14.752163,-7.837193,-13.859149,-23.481773,-22.096487,-22.347027,-21.414448,-27.217985,-21.38429469497692,-22.39705121479965,-18.358558162697157,-9.940749334845435,-22.999589717547565
2012-06-28 10:00:00,-15.215016,-26.701685,-20.625742,-45.387424,-16.385725,-32.076344,-22.093323,-28.161457,-9.790934,-10.619023,-25.559778,-37.840492,-13.93775,-15.94578,-19.30504,-21.995066,-22.565392,-3.080951,-10.57741,-5.4608374,-18.38757,-18.565203,-18.647081,-18.67757,-22.53631,-19.135298,-8.9734,-24.660875,-29.940475,-28.054161,-28.77483,-28.065443,-34.762276,-25.364948,-26.039555,-23.008139,-16.774574,-28.63905,2.953671,5.5974274,3.540824,7.6602926,3.2107606,7.136653,4.076379,5.449963,2.4585268,3.546979,3.692336,5.5738587,3.9159715,6.183394,3.8732333,5.9346414,5.668012,0.6018237,1.9675014,1.5864651,3.5974061,5.1343584,4.7389917,3.2405841,3.6898942,3.6270223,1.9175484,4.012097,5.386423,4.819502,5.351379,5.7003126,6.1695304,6.911956,6.094203,5.412014,5.986604,6.2215605,297.16217,297.16217,295.26343,295.26343,294.53323,294.53323,292.24927,292.24927,299.6891,299.6891,291.82468,291.82468,302.47357,302.47357,295.0453,295.0453,295.0453,286.83417,286.83417,286.83417,297.20312,297.20312,297.20312,292.95135,292.91458,292.43115,290.04666,293.93954,292.95135,292.91458,292.43115,290.04666,293.93954,292.95135,292.91458,292.43115,290.04666,293.93954,26.05576,43.470963,31.328356,27.306534,10.952762,36.75515,16.168928,21.948843,10.278471,18.672468,28.96087,26.982346,27.70417,27.555187,33.438766,26.38402826376739,26.36158367413607,24.998314274571882,16.01525679669397,29.17131598558496,5.598367,7.662952,7.1376424,5.452196,3.5465705,5.5762515,6.182101,5.933424,1.9683259,5.133827,5.388351,4.821387,5.3539376,5.702626,6.171196,4.806727128693055,3.7130864086848154,6.79291697206367,5.904042732534471,6.221494551967103,-20.457392,-35.80801,-24.190714,-21.854338,-7.406191,-31.1789,-9.986828,-16.015419,-8.310145,-13.538641,-23.57252,-22.16096,-22.350233,-21.85256,-27.26757,-21.577301135074336,-22.648497265451255,-18.20539730250821,-10.111214064159498,-22.949821433617856
2012-06-28 11:00:00,-14.707048,-25.660538,-20.725725,-45.556084,-17.699764,-34.03778,-22.296326,-28.373863,-9.559172,-10.328525,-25.854801,-38.1959,-13.1265745,-14.911322,-23.426224,-25.561611,-26.131315,-3.206399,-10.994438,-5.6910043,-18.15234,-18.231218,-18.358976,-18.642387,-22.725832,-19.318857,-9.109612,-24.781588,-29.82238,-28.234776,-28.959063,-28.447474,-34.82183,-25.294613,-26.289064,-23.243835,-17.049038,-28.769405,3.1007538,5.8432074,3.5691543,7.7206554,3.263647,7.2453747,4.194123,5.577837,2.5487516,3.657082,3.7923331,5.703583,4.083999,6.4146924,4.158882,6.2800913,6.0182447,0.6317116,2.0723503,1.6625786,3.8563738,5.4166174,5.0143347,3.3418832,3.8151736,3.7823844,1.9731052,4.1492963,5.5380344,4.95333,5.554627,5.877292,6.3494425,7.1219277,6.2911935,5.60992,6.1776276,6.397198,298.52615,298.52615,295.4818,295.4818,294.93417,294.93417,292.9209,292.9209,300.72983,300.72983,292.45142,292.45142,303.75183,303.75183,296.71786,296.71786,296.71786,287.78915,287.78915,287.78915,299.0306,299.0306,299.0306,293.70404,293.72598,293.4634,290.70923,294.7785,293.70404,293.72598,293.4634,290.70923,294.7785,293.70404,293.72598,293.4634,290.70923,294.7785,25.014004,43.56099,33.09855,27.269836,10.710025,36.83113,15.15221,25.457695,10.691155,18.3057,28.67719,26.880478,27.530525,27.882217,33.28424,26.122738149344226,26.316986683652637,24.761749412403965,16.206122790117593,28.989700890807914,5.844147,7.7233143,7.2463636,5.5800695,3.6566737,5.7059765,6.4133997,6.278875,2.0731745,5.4160852,5.5399623,4.9552155,5.557185,5.879606,6.3511086,4.943467927110828,3.8175026349156287,7.089906034647321,6.082775118375929,6.397083723738326,-19.169857,-35.837677,-25.852184,-21.689766,-7.053351,-31.125156,-8.738811,-19.17882,-8.617981,-12.889614,-23.137228,-21.925262,-21.97334,-22.002611,-26.93313,-21.1792702222334,-22.49948404873701,-17.671843377756645,-10.123347671741664,-22.592617167069587
2012-06-28 12:00:00,-14.046182,-24.342846,-20.242157,-44.510193,-17.735357,-33.822525,-22.198317,-28.251602,-9.151716,-9.89023,-25.81147,-38.120804,-12.161284,-13.818,-24.381386,-26.245441,-26.79889,-3.2534533,-11.138841,-5.770255,-17.050497,-17.207363,-17.298746,-18.946516,-22.659065,-19.055529,-9.080936,-24.621168,-30.171844,-28.159222,-28.557064,-28.296074,-34.568504,-25.728403,-26.200504,-22.86692,-16.945501,-28.566202,3.265571,6.1186213,3.579721,7.743169,3.4069018,7.539869,4.2803016,5.6714296,2.6298172,3.7560081,3.8306046,5.753232,4.2114058,6.5900745,4.329343,6.48624,6.2272453,0.6500705,2.1367545,1.7093321,4.0088706,5.582829,5.176474,3.4247246,3.8375075,3.8947551,2.0200436,4.2267323,5.662021,4.977188,5.701631,6.0268173,6.4509845,7.2936406,6.326312,5.7530622,6.3390174,6.4963284,300.0546,300.0546,295.56326,295.56326,296.0202,296.0202,293.41248,293.41248,301.66492,301.66492,292.69128,292.69128,304.72107,304.72107,297.71597,297.71597,297.71597,288.37576,288.37576,288.37576,300.10675,300.10675,300.10675,294.31958,293.87064,294.21002,291.269,295.252,294.31958,293.87064,294.21002,291.269,295.252,294.31958,293.87064,294.21002,291.269,295.252,23.693493,42.635323,32.818184,26.997112,10.309426,36.6742,14.06651,26.123602,10.843998,17.275455,28.835733,26.767754,26.942612,27.737654,32.942142,26.357730172038504,26.18494760197209,24.064889610095527,16.138219705376773,28.66948587580517,6.1195617,7.7458277,7.540858,5.673662,3.7555995,5.755625,6.5887814,6.4850225,2.1375787,5.5822973,5.663949,4.9790735,5.7041903,6.029131,6.4526515,5.055293336780245,3.836117533077734,7.3047127579617035,6.2337809750149535,6.496186760703236,-17.57393,-34.889496,-25.277328,-21.32345,-6.5538263,-30.918573,-7.477729,-19.638578,-8.70642,-11.693157,-23.171785,-21.788681,-21.238422,-21.708525,-26.489489,-21.30243683525826,-22.348830068894358,-16.760176852133824,-9.90443873036182,-22.173299115101933
2012-06-28 13:00:00,-13.515033,-23.365341,-20.066744,-44.06129,-19.05431,-35.241974,-21.807472,-27.802385,-8.659284,-9.398499,-25.438305,-37.601856,-11.126379,-12.733941,-24.53094,-26.116076,-26.640291,-3.256257,-11.116469,-5.754404,-16.571724,-16.719095,-16.812468,-18.661743,-22.302011,-18.712172,-8.827795,-24.100399,-29.775604,-27.774582,-28.072811,-27.480038,-33.86704,-25.3112,-25.72567,-22.385326,-16.356579,-27.925323,3.3396964,6.242488,3.6288562,7.8478584,3.6121569,7.961819,4.3609805,5.7590494,2.6915722,3.831369,3.8730438,5.8082876,4.307826,6.7228036,4.5922575,6.8041964,6.5496044,0.66980666,2.20599,1.7595928,4.115311,5.698843,5.289645,3.4334602,3.864389,3.9508832,2.0058289,4.3073974,5.6750956,5.005904,5.775059,5.981535,6.556763,7.311749,6.3685803,5.82456,6.290142,6.599592,300.742,300.742,295.94202,295.94202,297.57626,297.57626,293.87268,293.87268,302.37726,302.37726,292.95728,292.95728,305.4546,305.4546,299.25543,299.25543,299.25543,289.00638,289.00638,289.00638,300.85788,300.85788,300.85788,294.3845,294.04474,294.58295,291.0995,295.74527,294.3845,294.04474,294.58295,291.0995,295.74527,294.3845,294.04474,294.58295,291.0995,295.74527,22.747753,42.149635,33.965225,26.449823,9.840712,36.120083,12.983287,25.98219,10.850096,16.777878,28.47166,26.375477,26.40803,27.025272,32.200367,25.957076075378357,25.68422209471141,23.441306317832804,15.748758830912777,28.00671768690477,6.2434273,7.850517,7.962808,5.761282,3.8309603,5.810681,6.721511,6.8029795,2.2068145,5.6983104,5.677024,5.007789,5.7776175,5.9838486,6.558429,5.067085733724561,3.8585221731652464,7.412006367563246,6.188050312984219,6.599422284450582,-16.504326,-34.299118,-26.002417,-20.688541,-6.0097513,-30.309404,-6.2617764,-19.179209,-8.643281,-11.079567,-22.794638,-21.36769,-20.630411,-21.041424,-25.64194,-20.889990341653796,-21.82569992154616,-16.029299950269557,-9.560708517928559,-21.40729540245419
2012-06-28 14:00:00,-13.191609,-22.85933,-19.322199,-42.44571,-17.752575,-32.894466,-21.095512,-26.997168,-8.137988,-8.912302,-24.577435,-36.428955,-10.0069065,-11.63687,-22.862137,-24.609505,-25.127872,-2.1871316,-7.2678943,-3.611951,-15.668632,-15.875619,-15.93868,-17.895994,-21.48926,-18.208313,-8.280935,-23.1728,-28.69286,-26.907154,-27.392159,-25.73119,-32.69638,-24.189983,-24.649786,-21.682419,-15.118585,-26.793482,3.316516,6.2037525,3.649201,7.891207,3.7912338,8.329956,4.417033,5.8199244,2.727778,3.8755512,3.9104095,5.856761,4.379441,6.8213835,4.7450604,6.988989,6.7369547,0.6334164,2.0783308,1.6669202,4.2115326,5.803717,5.3919506,3.4653485,3.8639176,3.9723654,1.9674065,4.340196,5.7228217,5.0054,5.803162,5.8591385,6.5997725,7.3778453,6.367839,5.8519244,6.1580334,6.6415796,300.52704,300.52704,296.09885,296.09885,298.93387,298.93387,294.1924,294.1924,302.7949,302.7949,293.19147,293.19147,305.9994,305.9994,300.15015,300.15015,300.15015,287.84363,287.84363,287.84363,301.5369,301.5369,301.5369,294.62143,294.0417,294.72568,290.64127,295.94583,294.62143,294.0417,294.72568,290.64127,295.94583,294.62143,294.0417,294.72568,290.64127,295.94583,22.31159,40.706104,31.69474,25.64002,9.36194,35.00658,11.88199,24.489487,7.3256474,15.932937,27.460825,25.615387,25.78014,25.483593,31.116959,24.860801725087363,24.681358109001838,22.707071202407857,14.899734373518623,27.067882088081504,6.2046924,7.8938656,8.330944,5.822157,3.8751428,5.8591547,6.8200912,6.987772,2.0791552,5.803186,5.72475,5.007286,5.805721,5.861452,6.601439,5.110130477436676,3.8581294537947373,7.453071196704524,6.064441691851635,6.641398641690424,-16.106897,-32.81224,-23.363796,-19.817863,-5.486798,-29.147427,-5.0618997,-17.501713,-5.246492,-10.129751,-21.736074,-20.6081,-19.974419,-19.62214,-24.51552,-19.750671247650686,-20.8232286552071,-15.254000005703332,-8.835292681666989,-20.42648344639108
2012-06-28 15:00:00,-12.668132,-22.010809,-18.912098,-41.62321,-16.457176,-30.908333,-19.936089,-25.68581,-7.5646496,-8.408065,-23.20067,-34.567616,-8.969735,-10.714245,-20.800177,-22.8037,-23.32277,-1.1244633,-3.6512828,-1.7493837,-14.334231,-14.663289,-14.662061,-17.259134,-20.089554,-17.210058,-7.449988,-21.748644,-27.82119,-25.395214,-26.094496,-23.077618,-30.903673,-23.262495,-22.823065,-20.305332,-13.30224,-25.061373,3.293928,6.1660066,3.6127982,7.8136454,3.8318748,8.413504,4.451841,5.857726,2.7373474,3.887229,3.913642,5.8609557,4.4038343,6.8549643,4.839218,7.1028605,6.8524017,0.53422844,1.7303731,1.4143246,4.2914634,5.890837,5.476935,3.4422581,3.837781,3.8919764,1.91762,4.3525133,5.6882625,4.9774804,5.6979957,5.700541,6.6159244,7.329984,6.326741,5.749522,5.986851,6.6573477,300.31757,300.31757,295.81824,295.81824,299.24197,299.24197,294.39096,294.39096,302.90527,302.90527,293.21173,293.21173,306.18497,306.18497,300.70148,300.70148,300.70148,284.67435,284.67435,284.67435,302.10095,302.10095,302.10095,294.44986,293.8724,294.19156,290.04752,296.02115,294.44986,293.8724,294.19156,290.04752,296.02115,294.44986,293.8724,294.19156,290.04752,296.02115,21.560003,40.05607,29.856056,24.425749,8.849996,33.361057,10.951387,22.70465,3.7741446,14.727986,26.729342,24.329853,24.823679,23.09852,29.507269,24.04299066183391,23.01402895435077,21.5838078802566,13.576282856630348,25.683978504099425,6.166947,7.8163037,8.414492,5.8599586,3.8868206,5.863349,6.853671,7.101643,1.7311975,5.8903055,5.690191,4.9793653,5.700555,5.7028546,6.6175904,5.078961292847609,3.836345310312628,7.299400758468337,5.9042732381216645,6.657162130684325,-15.393057,-32.239765,-21.441565,-18.56579,-4.963175,-27.49771,-4.0977163,-15.603008,-2.0429473,-8.837681,-21.03915,-19.350487,-19.123125,-17.395666,-22.889679,-18.964029368986303,-19.177683644038144,-14.284407121788263,-7.6720096185086835,-19.0268163734151
2012-06-28 16:00:00,-11.72828,-20.446955,-16.866644,-37.30371,-14.754687,-28.348194,-18.081139,-23.572926,-6.7592416,-7.6881294,-20.3154,-30.637037,-3.6671085,-5.2959995,-18.147034,-20.450058,-20.968815,-2.2518096,-7.6351924,-3.846505,-13.099001,-13.594661,-13.494949,-15.809959,-17.983322,-11.175031,-7.424577,-19.271702,-25.817408,-23.06597,-17.699804,-23.016512,-27.76267,-21.16261,-20.139952,-12.536236,-13.262777,-22.067932,3.2695332,6.1252418,3.5572534,7.695299,3.822294,8.393808,4.4120474,5.814509,2.7326698,3.8815207,3.8459568,5.7731485,4.3341947,6.7591,4.891082,7.1655817,6.915992,0.51805186,1.6736248,1.3731289,4.2494545,5.8450503,5.4322705,3.3429308,3.7636771,3.5856607,1.8950782,4.287185,5.5396023,4.89832,5.29727,5.6287336,6.5302577,7.124099,6.2102203,5.359327,5.9093456,6.573717,300.09134,300.09134,295.39008,295.39008,299.16934,299.16934,294.16397,294.16397,302.85132,302.85132,292.7875,292.7875,305.65518,305.65518,301.00516,301.00516,301.00516,284.15747,284.15747,284.15747,301.8045,301.8045,301.8045,293.71182,293.39246,292.15634,289.7787,295.62167,293.71182,293.39246,292.15634,289.7787,295.62167,293.71182,293.39246,292.15634,289.7787,295.62167,20.145777,36.32521,27.520988,22.62003,8.108155,29.987164,5.443878,20.380547,7.5216193,13.682642,25.099957,22.376286,17.742025,23.045343,26.772717,22.234303994876853,20.580887875374955,14.227388726795525,13.542072702121489,23.35306956879284,6.126182,7.697958,8.394796,5.8167415,3.8811126,5.7755413,6.7578073,7.164365,1.6744492,5.8445187,5.54153,4.900205,5.2998285,5.6310472,6.5319242,4.944881684149286,3.774582334912749,6.713851591174808,5.831754533922069,6.573554322365773,-14.019594,-28.627253,-19.126192,-16.803288,-4.2270427,-24.211622,1.3139291,-13.216182,-5.8471704,-7.838124,-19.558426,-17.47608,-12.442198,-17.414295,-20.240793,-17.289422310727566,-16.806305540462205,-7.513537135620717,-7.71031816819942,-16.779515246427067
2012-06-28 17:00:00,-8.217437,-14.456742,-13.530344,-30.201408,-12.162788,-24.15208,-14.929922,-19.87512,-5.225723,-6.2237005,-17.584967,-26.84292,-6.459601,-8.550401,-14.557854,-17.069275,-17.566685,-1.4396347,-4.745246,-2.309403,-11.0888605,-11.73386,-11.504969,-13.260495,-15.363549,-5.4113007,-6.174541,-16.535913,-22.091125,-20.06384,-8.941504,-19.022646,-24.17449,-17.50467,-16.910263,-5.8089223,-10.6547165,-18.796806,3.161591,5.944868,3.414046,7.390173,3.7993736,8.346687,4.258361,5.6476016,2.6687481,3.8035161,3.7357202,5.6301394,4.2911544,6.6998534,4.8977165,7.173605,6.9241266,0.5058113,1.6306844,1.3419567,4.1856894,5.7755494,5.364473,3.2239132,3.6881557,3.4001634,1.8583117,4.1986747,5.361472,4.817644,5.0545993,5.5116115,6.414193,6.8774004,6.091469,5.1230326,5.7829304,6.46041,299.09033,299.09033,294.28616,294.28616,298.99557,298.99557,293.28732,293.28732,302.11398,302.11398,292.0966,292.0966,305.32776,305.32776,301.044,301.044,301.044,283.76636,283.76636,283.76636,301.35452,301.35452,301.35452,292.82748,292.90332,290.92386,289.3402,295.08044,292.82748,292.90332,290.92386,289.3402,295.08044,292.82748,292.90332,290.92386,289.3402,295.08044,14.563402,30.0461,23.652754,19.49848,6.5689135,26.71554,8.75027,17.040297,4.8207264,11.851466,21.870045,19.75265,9.379614,19.351768,23.59676,18.851061661941433,17.539297686821953,6.90930526765629,11.472096971905234,20.63694141117289,5.945808,7.3928313,8.347677,5.649834,3.8031075,5.6325326,6.6985607,7.1723886,1.6315086,5.7750177,5.3634,4.8195295,5.0571575,5.513925,6.4158587,4.784223443127949,3.711637274207639,6.359255869622604,5.71347223832214,6.460278197038843,-8.617594,-22.653269,-15.305076,-13.848645,-2.765806,-21.083008,-2.0517087,-9.867908,-3.1892178,-6.0764484,-16.506645,-14.933121,-4.3224564,-13.837844,-17.1809,-14.066838218813484,-13.827660412614314,-0.5500493980336856,-5.758624733583094,-14.176663214134049
2012-06-28 18:00:00,-6.9420395,-12.3193655,-1.0156302,-2.3234894,-8.309564,-17.351818,-8.86268,-12.285174,-2.7108955,-3.4312944,-10.798872,-16.98825,-4.2669907,-6.2068377,-9.643526,-11.931047,-12.334897,-1.343524,-4.4314966,-2.15837,-7.7441397,-8.3905,-8.043019,-8.3946905,-9.45043,-8.086357,-3.9896772,-10.326986,-14.493466,-12.8631525,-13.106433,-12.16465,-15.613903,-10.746626,-10.0211525,-8.866553,-6.4937444,-11.551624,2.9377036,5.570746,3.234222,7.0070295,3.6165445,7.9708395,4.0333376,5.403219,2.584336,3.7005057,3.5575006,5.398938,3.9933424,6.289899,4.7544208,7.00031,6.748432,0.46977445,1.5042647,1.250184,4.037819,5.6143813,5.2072535,2.9667397,3.515178,3.3768623,1.7850316,3.798784,4.9765663,4.632863,5.0241165,5.278174,5.8898087,6.3443317,5.819477,5.0933514,5.530969,5.9484863,297.0141,297.0141,292.9,292.9,297.60953,297.60953,292.00375,292.00375,301.1403,301.1403,290.97958,290.97958,303.06216,303.06216,300.20496,300.20496,300.20496,282.6149,282.6149,282.6149,300.31104,300.31104,300.31104,290.9166,291.783,290.76904,288.46628,292.63516,290.9166,291.783,290.76904,288.46628,292.63516,290.9166,291.783,290.76904,288.46628,292.63516,12.5515785,2.4774268,17.30559,12.545241,3.632434,17.544,6.342857,11.950385,4.4869657,8.532275,14.925105,13.122895,13.572251,12.730624,15.839502,12.163669983107715,10.738962320379844,10.457391890602784,7.668613972333396,13.973937130967638,5.571686,7.0096874,7.9718285,5.4054523,3.7000976,5.4013314,6.2886057,6.9990926,1.505089,5.6138496,4.9784946,4.634748,5.026675,5.2804875,5.8914747,4.437071244225609,3.5674660661002457,6.314714095358395,5.4777226490198565,5.948494938280965,-6.9798923,4.532261,-9.333761,-7.139789,0.06766367,-12.14267,-0.054251235,-4.951293,-2.9818766,-2.9184256,-9.94661,-8.488147,-8.545576,-7.450137,-9.948028,-7.726598738882106,-7.171496254279599,-4.1426777952443885,-2.190891323313539,-8.025442192686672
2012-06-28 19:00:00,-1.7284186,-3.1001973,-1.9739809,-4.554187,-2.0815344,-4.636969,-0.6467057,-0.95061636,-0.33627748,-0.44706872,-0.2544289,-0.42154676,-0.361925,-0.5899155,-2.4227157,-3.1829035,-3.3000162,-0.34596336,-1.0944213,-0.5092073,-1.9936547,-2.2040272,-2.0292275,-0.63962597,-0.24708843,-0.30586904,-0.28803223,-0.34051827,-1.1659609,-0.36051026,-0.5275497,-0.86232185,-0.5407669,-0.77149814,-0.24841475,-0.31725514,-0.42519116,-0.3711322,2.6114821,5.02562,2.7445014,5.963603,3.1567872,7.0256977,3.6691744,5.0077286,2.4546032,3.5421913,3.220091,4.961221,3.7148414,5.9065266,4.501914,6.6949396,6.438835,0.4811144,1.5440457,1.2790626,3.7642608,5.31622,4.9163966,2.664576,3.0603323,2.9212103,1.7050114,3.4396772,4.524326,4.1469774,4.428026,5.023265,5.4189053,5.718008,5.1042724,4.512925,5.255834,5.488773,293.98886,293.98886,289.125,289.125,294.12405,294.12405,289.9265,289.9265,299.64383,299.64383,288.86484,288.86484,300.94348,300.94348,298.72644,298.72644,298.72644,282.97723,282.97723,282.97723,298.38058,298.38058,298.38058,288.67142,288.83707,287.7416,287.51196,290.43927,288.67142,288.83707,287.7416,287.51196,290.43927,288.67142,288.83707,287.7416,287.51196,290.43927,3.2645454,4.930871,4.802277,1.0369791,0.47284588,0.46651074,0.603442,3.2095487,1.1598386,2.2703044,1.283425,0.3983842,0.5952597,0.94869155,0.5802606,0.9409927834715273,0.2838943444954246,0.408597901919292,0.5890768284213714,0.5182659583311382,5.02656,5.9662614,7.0266867,5.009961,3.5417826,4.9636145,5.905234,6.6937227,1.5448701,5.3156877,4.5262537,4.1488624,4.430585,5.0255785,5.420572,4.029188478267306,3.1883662033609332,5.443695441242037,5.220289069836575,5.488907478574209,1.7620145,1.0353905,2.2244096,3.972982,3.0689368,4.4971037,5.3017917,3.484174,0.3850316,3.0453835,3.2428288,3.7504783,3.8353255,4.076887,4.840311,3.088195694795779,2.9044718588655085,5.035097539322745,4.631212241415204,4.9706415202430705
2012-06-28 20:00:00,0.0,0.0,0.0,0.0,0.0,0.0,0.0,0.0,0.0,0.0,0.0,0.0,0.0,0.0,0.0,0.0,0.0,0.0,0.0,0.0,0.0,0.0,0.0,0.0,0.0,0.0,0.0,0.0,0.0,0.0,0.0,0.0,0.0,0.0,0.0,0.0,0.0,0.0,2.6298547,5.056321,3.0017076,6.511621,3.123082,6.9564085,3.4502816,4.7700043,2.3199606,3.3778841,2.9778864,4.647013,3.3801305,5.445779,3.871409,5.932435,5.6657753,0.45265335,1.4442028,1.2065829,3.3045728,4.8151894,4.427643,2.4274492,2.865058,3.0481415,1.671323,3.2549956,4.169424,3.9383776,4.5940785,4.915949,5.1767297,5.226493,4.797221,4.674615,5.140002,5.2523518,294.15924,294.15924,291.10767,291.10767,293.86853,293.86853,288.67792,288.67792,298.09073,298.09073,287.3468,287.3468,298.3972,298.3972,295.0346,295.0346,295.0346,282.06784,282.06784,282.06784,295.13666,295.13666,295.13666,286.9095,287.57233,288.58496,287.1102,289.30997,286.9095,287.57233,288.58496,287.1102,289.30997,286.9095,287.57233,288.58496,287.1102,289.30997,0.0,0.0,0.0,0.0,0.0,0.0,0.0,0.0,0.0,0.0,0.0,0.0,0.0,0.0,0.0,0.0,0.0,0.0,0.0,0.0,5.057261,6.51428,6.9573975,4.7722373,3.3774755,4.649406,5.4444866,5.9312177,1.4450271,4.8146577,4.1713524,3.9402626,4.596638,4.9182625,5.1783957,3.709097252324629,3.0256115146410765,5.686335285868768,5.111910282143571,5.25255095093265,5.057261,6.51428,6.9573975,4.7722373,3.3774755,4.649406,5.4444866,5.9312177,1.4450271,4.8146577,4.1713524,3.9402626,4.596638,4.9182625,5.1783957,3.709097252324629,3.0256115146410765,5.686335285868768,5.111910282143571,5.25255095093265
2012-06-28 21:00:00,0.0,0.0,0.0,0.0,0.0,0.0,0.0,0.0,0.0,0.0,0.0,0.0,0.0,0.0,0.0,0.0,0.0,0.0,0.0,0.0,0.0,0.0,0.0,0.0,0.0,0.0,0.0,0.0,0.0,0.0,0.0,0.0,0.0,0.0,0.0,0.0,0.0,0.0,2.6769593,5.1350346,3.0239096,6.5589256,3.043285,6.792367,3.4630148,4.783833,2.1592026,3.1817076,2.9300332,4.5849333,3.2371476,5.2489552,3.787664,5.8311577,5.563097,0.44534588,1.4185679,1.1879734,3.2256885,4.7292104,4.34377,2.4336307,2.6802545,3.0567122,1.5686896,3.3196404,4.1786757,3.740962,4.6052914,4.5890045,5.2614994,5.2393055,4.5066333,4.6855326,4.7871146,5.335107,294.59607,294.59607,291.2788,291.2788,293.26358,293.26358,288.75055,288.75055,296.2364,296.2364,287.04688,287.04688,297.30945,297.30945,294.54425,294.54425,294.54425,281.83435,281.83435,281.83435,294.58,294.58,294.58,286.9554,286.3754,288.6419,285.8862,289.70526,286.9554,286.3754,288.6419,285.8862,289.70526,286.9554,286.3754,288.6419,285.8862,289.70526,0.0,0.0,0.0,0.0,0.0,0.0,0.0,0.0,0.0,0.0,0.0,0.0,0.0,0.0,0.0,0.0,0.0,0.0,0.0,0.0,5.1359744,6.5615845,6.7933555,4.786066,3.1812994,4.5873265,5.247662,5.829941,1.4193921,4.7286787,4.1806035,3.7428472,4.6078506,4.591318,5.2631655,3.7174411909241565,2.871583050333919,5.70271907273591,4.781727493173499,5.33528371954611,5.1359744,6.5615845,6.7933555,4.786066,3.1812994,4.5873265,5.247662,5.829941,1.4193921,4.7286787,4.1806035,3.7428472,4.6078506,4.591318,5.2631655,3.7174411909241565,2.871583050333919,5.70271907273591,4.781727493173499,5.33528371954611
2012-06-28 22:00:00,0.0,0.0,0.0,0.0,0.0,0.0,0.0,0.0,0.0,0.0,0.0,0.0,0.0,0.0,0.0,0.0,0.0,0.0,0.0,0.0,0.0,0.0,0.0,0.0,0.0,0.0,0.0,0.0,0.0,0.0,0.0,0.0,0.0,0.0,0.0,0.0,0.0,0.0,2.5922997,4.9935656,2.9829578,6.471672,3.0414815,6.7886586,3.5248833,4.851023,2.0809097,3.0861652,3.0181985,4.6993084,3.1365461,5.1104712,3.3122916,5.2562633,4.980244,0.46381083,1.483344,1.2349969,3.1614988,4.6592484,4.2755227,2.4383168,2.702513,2.7550726,1.61224,3.2990189,4.1856894,3.7647395,4.2106824,4.7277365,5.234458,5.249019,4.541633,4.3012934,4.936855,5.308708,293.81097,293.81097,290.96313,290.96313,293.2499,293.2499,289.10345,289.10345,295.33328,295.33328,287.59946,287.59946,296.54413,296.54413,291.76077,291.76077,291.76077,282.42435,282.42435,282.42435,294.127,294.127,294.127,286.99023,286.51956,286.63776,286.40558,289.57916,286.99023,286.51956,286.63776,286.40558,289.57916,286.99023,286.51956,286.63776,286.40558,289.57916,0.0,0.0,0.0,0.0,0.0,0.0,0.0,0.0,0.0,0.0,0.0,0.0,0.0,0.0,0.0,0.0,0.0,0.0,0.0,0.0,4.994506,6.474331,6.7896485,4.8532567,3.085757,4.7017016,5.109179,5.255046,1.4841683,4.658716,4.1876173,3.766625,4.213241,4.73005,5.236124,3.723767060653101,2.8901351133967426,5.126108112854358,4.921833728475225,5.308892011068474,4.994506,6.474331,6.7896485,4.8532567,3.085757,4.7017016,5.109179,5.255046,1.4841683,4.658716,4.1876173,3.766625,4.213241,4.73005,5.236124,3.723767060653101,2.8901351133967426,5.126108112854358,4.921833728475225,5.308892011068474
2012-06-28 23:00:00,0.0,0.0,0.0,0.0,0.0,0.0,0.0,0.0,0.0,0.0,0.0,0.0,0.0,0.0,0.0,0.0,0.0,0.0,0.0,0.0,0.0,0.0,0.0,0.0,0.0,0.0,0.0,0.0,0.0,0.0,0.0,0.0,0.0,0.0,0.0,0.0,0.0,0.0,2.5255985,4.8821054,2.883861,6.2605305,2.9598532,6.620852,3.7835803,5.131976,2.0284092,3.0220983,3.2625346,5.016283,3.1172106,5.083855,3.1757967,5.0911927,4.8128886,0.43147975,1.3699244,1.1526616,3.046695,4.5341187,4.1534595,2.2656808,2.7927408,2.7346697,1.6081278,3.2853293,3.9273093,3.8611248,4.183992,4.7146373,5.2165065,4.89118,4.6835084,4.275304,4.922716,5.2911835,293.1924,293.1924,290.19925,290.19925,292.63107,292.63107,290.5791,290.5791,294.7277,294.7277,289.13086,289.13086,296.39703,296.39703,290.96155,290.96155,290.96155,281.3913,281.3913,281.3913,293.31686,293.31686,293.31686,285.7075,287.10394,286.5022,286.35654,289.49545,285.7075,287.10394,286.5022,286.35654,289.49545,285.7075,287.10394,286.5022,286.35654,289.49545,0.0,0.0,0.0,0.0,0.0,0.0,0.0,0.0,0.0,0.0,0.0,0.0,0.0,0.0,0.0,0.0,0.0,0.0,0.0,0.0,4.8830457,6.2631893,6.6218414,5.1342087,3.0216897,5.0186763,5.0825624,5.089976,1.3707489,4.533587,3.9292374,3.8630097,4.18655,4.7169504,5.2181726,3.490730003407955,2.9653369456554244,5.087106622359263,4.908604354238792,5.291372055513257,4.8830457,6.2631893,6.6218414,5.1342087,3.0216897,5.0186763,5.0825624,5.089976,1.3707489,4.533587,3.9292374,3.8630097,4.18655,4.7169504,5.2181726,3.490730003407955,2.9653369456554244,5.087106622359263,4.908604354238792,5.291372055513257
2012-07-27 00:00:00,0.0,0.0,0.0,0.0,0.0,0.0,0.0,0.0,0.0,0.0,0.0,0.0,0.0,0.0,0.0,0.0,0.0,0.0,0.0,0.0,0.0,0.0,0.0,0.0,0.0,0.0,0.0,0.0,0.0,0.0,0.0,0.0,0.0,0.0,0.0,0.0,0.0,0.0,2.4074285,4.6846404,2.7519047,5.979377,2.716948,6.121503,3.5160234,4.8414016,1.9596089,2.93814,3.1760013,4.904024,2.886182,4.7658315,2.8226173,4.664073,4.379857,0.46048707,1.471684,1.2265326,2.5006628,3.938979,3.572901,1.86842,2.8174167,2.6683545,1.3870952,3.06746,3.3327389,3.8874846,4.0972366,4.010526,4.93081,4.06774,4.722309,4.1908283,4.162734,5.0122757,292.09656,292.09656,289.18207,289.18207,290.78958,290.78958,289.05292,289.05292,293.93408,293.93408,288.5885,288.5885,294.6395,294.6395,288.89355,288.89355,288.89355,282.31815,282.31815,282.31815,289.46362,289.46362,289.46362,282.7557,287.26376,286.06158,283.72052,288.1632,282.7557,287.26376,286.06158,283.72052,288.1632,282.7557,287.26376,286.06158,283.72052,288.1632,0.0,0.0,0.0,0.0,0.0,0.0,0.0,0.0,0.0,0.0,0.0,0.0,0.0,0.0,0.0,0.0,0.0,0.0,0.0,0.0,4.6855803,5.9820356,6.1224914,4.8436346,2.9377315,4.9064174,4.7645392,4.662856,1.4725083,3.938447,3.3346674,3.8893697,4.0997953,4.0128393,4.932476,2.9544780983576486,2.9859036590889567,4.960338608003529,4.197519314773651,5.0125409728435555,4.6855803,5.9820356,6.1224914,4.8436346,2.9377315,4.9064174,4.7645392,4.662856,1.4725083,3.938447,3.3346674,3.8893697,4.0997953,4.0128393,4.932476,2.9544780983576486,2.9859036590889567,4.960338608003529,4.197519314773651,5.0125409728435555
2012-07-27 01:00:00,0.0,0.0,0.0,0.0,0.0,0.0,0.0,0.0,0.0,0.0,0.0,0.0,0.0,0.0,0.0,0.0,0.0,0.0,0.0,0.0,0.0,0.0,0.0,0.0,0.0,0.0,0.0,0.0,0.0,0.0,0.0,0.0,0.0,0.0,0.0,0.0,0.0,0.0,2.419282,4.7044477,2.7539196,5.98367,2.6391635,5.9615984,3.4350073,4.7534156,1.9264034,2.8976183,3.1807778,4.9102206,2.693937,4.5011964,2.7893758,4.6238723,4.3391,0.4968897,1.5993867,1.3192369,2.4171643,3.8479705,3.4841232,1.9058775,2.743563,2.682345,1.391517,3.185176,3.3888006,3.8085907,4.1155396,4.024612,5.0851736,4.145381,4.60618,4.20865,4.1779375,5.1629715,292.20648,292.20648,289.1976,289.1976,290.1999,290.1999,288.5908,288.5908,293.55106,293.55106,288.61844,288.61844,293.177,293.177,288.6989,288.6989,288.6989,283.4813,283.4813,283.4813,288.8744,288.8744,288.8744,283.03403,286.78543,286.15454,283.77325,288.88303,283.03403,286.78543,286.15454,283.77325,288.88303,283.03403,286.78543,286.15454,283.77325,288.88303,0.0,0.0,0.0,0.0,0.0,0.0,0.0,0.0,0.0,0.0,0.0,0.0,0.0,0.0,0.0,0.0,0.0,0.0,0.0,0.0,4.705388,5.986329,5.9625874,4.755649,2.89721,4.912614,4.4999037,4.6226554,1.6002111,3.8474388,3.3907287,3.810476,4.1180983,4.0269256,5.086839,3.0050407030272117,2.924348824955447,4.987082988923848,4.211744802440458,5.163194706595251,4.705388,5.986329,5.9625874,4.755649,2.89721,4.912614,4.4999037,4.6226554,1.6002111,3.8474388,3.3907287,3.810476,4.1180983,4.0269256,5.086839,3.0050407030272117,2.924348824955447,4.987082988923848,4.211744802440458,5.163194706595251
2012-07-27 02:00:00,0.0,0.0,0.0,0.0,0.0,0.0,0.0,0.0,0.0,0.0,0.0,0.0,0.0,0.0,0.0,0.0,0.0,0.0,0.0,0.0,0.0,0.0,0.0,0.0,0.0,0.0,0.0,0.0,0.0,0.0,0.0,0.0,0.0,0.0,0.0,0.0,0.0,0.0,2.3708346,4.623491,2.7578192,5.991979,2.6112874,5.9042916,3.388296,4.7026863,1.8924489,2.8561833,3.1331382,4.8484187,2.647472,4.437234,2.7564158,4.5840116,4.2986875,0.48867586,1.570572,1.2983192,2.3583329,3.7838483,3.4215717,1.7910328,2.942229,2.6998954,1.395335,3.1624882,3.2169158,4.020815,4.1384983,4.036774,5.0554223,3.9073324,4.9185658,4.231006,4.191065,5.1339273,291.7572,291.7572,289.22766,289.22766,289.98856,289.98856,288.32434,288.32434,293.1594,293.1594,288.31985,288.31985,292.82352,292.82352,288.50592,288.50592,288.50592,283.21884,283.21884,283.21884,288.45923,288.45923,288.45923,282.1807,288.07214,286.27115,283.8188,288.7443,282.1807,288.07214,286.27115,283.8188,288.7443,282.1807,288.07214,286.27115,283.8188,288.7443,0.0,0.0,0.0,0.0,0.0,0.0,0.0,0.0,0.0,0.0,0.0,0.0,0.0,0.0,0.0,0.0,0.0,0.0,0.0,0.0,4.624431,5.9946375,5.9052806,4.704919,2.8557746,4.850812,4.435941,4.5827947,1.5713965,3.7833164,3.2188442,4.0227,4.1410575,4.039088,5.0570884,2.8500153135787123,3.0899310931429667,5.020631997294347,4.224027457300918,5.134158717548946,4.624431,5.9946375,5.9052806,4.704919,2.8557746,4.850812,4.435941,4.5827947,1.5713965,3.7833164,3.2188442,4.0227,4.1410575,4.039088,5.0570884,2.8500153135787123,3.0899310931429667,5.020631997294347,4.224027457300918,5.134158717548946
2012-07-27 03:00:00,0.0,0.0,0.0,0.0,0.0,0.0,0.0,0.0,0.0,0.0,0.0,0.0,0.0,0.0,0.0,0.0,0.0,0.0,0.0,0.0,0.0,0.0,0.0,0.0,0.0,0.0,0.0,0.0,0.0,0.0,0.0,0.0,0.0,0.0,0.0,0.0,0.0,0.0,2.2970314,4.500164,2.736639,5.946851,2.53459,5.746622,3.3818548,4.6956906,1.8646352,2.8222413,3.0993707,4.804613,2.5777955,4.3413205,2.4860168,4.2570033,3.967153,0.49006844,1.5754571,1.3018653,2.3112297,3.732509,3.3714902,1.7350032,2.9100566,2.5534072,1.3699222,2.8313642,3.1330578,3.9864466,3.9468608,3.9558206,4.6212134,3.7911935,4.8679776,4.044404,4.1036873,4.7100363,291.07278,291.07278,289.0644,289.0644,289.4071,289.4071,288.2876,288.2876,292.83856,292.83856,288.10822,288.10822,292.29346,292.29346,286.92264,286.92264,286.92264,283.26334,283.26334,283.26334,288.12683,288.12683,288.12683,281.76437,287.86377,285.29785,283.51572,286.7195,281.76437,287.86377,285.29785,283.51572,286.7195,281.76437,287.86377,285.29785,283.51572,286.7195,0.0,0.0,0.0,0.0,0.0,0.0,0.0,0.0,0.0,0.0,0.0,0.0,0.0,0.0,0.0,0.0,0.0,0.0,0.0,0.0,4.501104,5.949509,5.747611,4.697923,2.8218331,4.807006,4.340028,4.2557864,1.5762815,3.731977,3.1349857,3.9883318,3.9494193,3.9581342,4.62288,2.7743820840938245,3.063116214524643,4.740606212431661,4.142272064928778,4.710384014239603,4.501104,5.949509,5.747611,4.697923,2.8218331,4.807006,4.340028,4.2557864,1.5762815,3.731977,3.1349857,3.9883318,3.9494193,3.9581342,4.62288,2.7743820840938245,3.063116214524643,4.740606212431661,4.142272064928778,4.710384014239603
2012-07-27 04:00:00,0.0,0.0,0.0,0.0,0.0,0.0,-2.417397,-3.5045257,0.0,0.0,-0.07403164,-0.12136872,0.0,0.0,0.0,0.0,0.0,0.0,0.0,0.0,0.0,0.0,0.0,0.0,-0.08377962,-0.3150246,-0.24933761,0.0,0.0,-0.12203236,-0.5482223,-0.78097653,0.0,0.0,-0.08409352,-0.3294633,-0.37941048,0.0,2.2336175,4.394197,2.732367,5.937749,2.5339742,5.745355,3.5084155,4.8331394,1.8408321,2.793194,3.0141082,4.694002,2.4806724,4.2076254,2.2964387,4.0277367,3.7347121,0.42729163,1.3552324,1.1419959,2.2614887,3.678294,3.3186042,1.7356111,2.913501,2.5543945,1.3188434,2.7183692,3.1339674,3.990126,3.9481528,3.793106,4.4730415,3.7924538,4.873393,4.045662,3.9280617,4.565385,290.4847,290.4847,289.03146,289.03146,289.40244,289.40244,289.00952,289.00952,292.564,292.564,287.57382,287.57382,291.5546,291.5546,285.8126,285.8126,285.8126,281.25748,281.25748,281.25748,287.77582,287.77582,287.77582,281.7689,287.88608,285.3044,282.90656,286.02856,281.7689,287.88608,285.3044,282.90656,286.02856,281.7689,287.88608,285.3044,282.90656,286.02856,0.0,0.0,0.0,3.8299067,0.0,0.1361018,0.0,0.0,0.0,0.0,0.0,0.13607709,0.63606524,0.85082465,0.0,0.0,0.09643143009275058,0.4448112237616706,0.515893136920528,0.0,4.3951373,5.9404078,5.7463446,4.8353724,2.792786,4.6963954,4.206332,4.0265193,1.3560567,3.6777625,3.1358955,3.992011,3.9507113,3.79542,4.4747076,2.7752026175906552,3.0659869931230603,4.742493947788808,3.9779462782869217,4.565772525458827,4.3951373,5.9404078,5.7463446,1.0054657,2.792786,4.5602937,4.206332,4.0265193,1.3560567,3.6777625,3.1358955,3.8559341,3.314646,2.9445953,4.4747076,2.7752026175906552,2.9695555630303097,4.297682724027137,3.4620531413663937,4.565772525458827
2012-07-27 05:00:00,-5.58902,-9.980204,-8.353174,-19.17369,-5.3466787,-11.405893,-10.850245,-14.802302,-3.0961504,-3.8922548,-10.859477,-16.824024,-4.3311462,-6.4917803,-5.079795,-6.306799,-6.44338,-0.8656198,-2.8489053,-1.3488288,-5.404807,-5.835471,-5.4363847,-6.215595,-9.323179,-8.44157,-4.874031,-9.643728,-11.083266,-12.612878,-13.8176,-15.670042,-14.360405,-7.913703,-9.905678,-9.385232,-8.263237,-10.692587,2.3068547,4.516578,2.849996,6.1883755,2.6131713,5.9081645,4.01779,5.3863344,1.9048041,2.8712606,3.369699,5.1553063,2.705246,4.516763,2.4851985,4.256014,3.9661493,0.4451396,1.4178439,1.187448,2.413324,3.843785,3.4800396,2.0475168,3.1632774,2.7790992,1.7141519,3.140404,3.6007886,4.2569475,4.2421145,5.0523815,5.026463,4.4389706,5.266144,4.331899,5.2872605,5.105656,291.16388,291.16388,289.9382,289.9382,290.00284,290.00284,291.91507,291.91507,293.3019,293.3019,289.80252,289.80252,293.26303,293.26303,286.91785,286.91785,286.91785,281.82776,281.82776,281.82776,288.8473,288.8473,288.8473,284.08646,289.5038,286.7974,287.62097,288.60925,284.08646,289.5038,286.7974,287.62097,288.60925,284.08646,289.5038,286.7974,287.62097,288.60925,10.315814,19.814117,11.693785,14.967432,3.9267778,17.494598,6.4536147,6.3672304,2.8881273,6.013378,12.173827,13.161274,14.922472,16.081036,14.984766,9.743384024481454,10.824233177208857,11.917375872811546,9.416903834851315,13.504429298173342,4.5175185,6.1910343,5.9091535,5.3885674,2.870852,5.157699,4.5154705,4.254797,1.4186684,3.8432534,3.602717,4.2588325,4.2446733,5.054696,5.0281296,3.196236096079245,3.274167531429642,5.172037153101959,5.249694996888562,5.105895573789617,-5.798296,-13.623083,-5.7846313,-9.578865,-1.0559257,-12.336899,-1.9381443,-2.1124334,-1.4694589,-2.1701248,-8.57111,-8.902441,-10.677799,-11.026339,-9.956636,-6.547147928402209,-7.550065645779215,-6.745338719709586,-4.167208837962753,-8.398533724383725
2012-07-27 06:00:00,-9.92503,-17.55447,-14.66472,-33.1159,-10.883087,-21.813778,-15.603169,-20.607822,-6.009032,-7.138616,-17.61157,-26.411682,-9.512117,-12.829404,-11.881109,-14.062191,-14.431472,-2.0339549,-6.910531,-3.392511,-10.579229,-11.211654,-10.833791,-12.443485,-15.108092,-13.30398,-7.4009743,-16.131964,-21.395493,-19.607853,-21.091158,-24.162825,-23.25219,-16.48122,-16.662634,-15.378912,-13.357101,-18.221302,2.5462482,4.9166117,3.2059941,6.946886,2.9484286,6.5973673,4.2652144,5.6550446,2.1110516,3.1229482,3.7128499,5.60047,3.0090437,4.9349575,3.0202475,4.9030786,4.6221704,0.5472626,1.7760981,1.4475182,2.683064,4.1377845,3.7668357,2.5611866,3.3474922,2.8485105,1.75348,3.3923798,4.369585,4.4537334,4.3329196,5.1776643,5.356884,5.503703,5.555806,4.420318,5.4224844,5.4282255,293.3839,293.3839,292.6824,292.6824,292.54446,292.54446,293.32642,293.32642,295.68097,295.68097,291.95325,291.95325,295.57416,295.57416,290.05075,290.05075,290.05075,285.09082,285.09082,285.09082,290.7508,290.7508,290.7508,287.9032,290.69693,287.25858,288.09,290.15005,287.9032,290.69693,287.25858,288.09,290.15005,287.9032,290.69693,287.25858,288.09,290.15005,17.66354,32.78572,21.698229,20.093328,7.246939,26.145689,12.772127,14.08437,6.8186045,11.425454,21.993185,19.705534,22.066912,24.098206,23.420458,18.848842884629253,17.6049935063978,18.961722709108763,13.880280515177393,20.95262472960894,4.917552,6.9495444,6.598356,5.657277,3.1225398,5.602864,4.933665,4.901861,1.7769225,4.137253,4.3715134,4.455619,4.335478,5.179978,5.35855,3.889625709917864,3.4277050965236637,5.304722998298237,5.376217867230664,5.428376447295758,-12.745988,-25.836176,-15.099874,-14.43605,-4.1243997,-20.542826,-7.838463,-9.182508,-5.041682,-7.288202,-17.621672,-15.249915,-17.731432,-18.918228,-18.061907,-14.95921717471139,-14.177288409874137,-13.656999710810526,-8.504062647946729,-15.52424828231318
2012-07-27 07:00:00,-12.148081,-21.31079,-17.823952,-39.901653,-14.184255,-27.097511,-18.200634,-23.618916,-7.496788,-8.579778,-21.057356,-31.087503,-12.689721,-15.952807,-16.651726,-18.921246,-19.392551,-2.5904188,-8.9277315,-4.4676905,-13.800678,-14.368699,-14.142411,-16.218807,-18.351278,-16.653454,-8.890456,-19.740118,-27.157562,-23.288654,-25.906813,-29.196693,-27.924019,-21.812275,-20.651836,-19.650074,-16.574041,-22.50099,2.6942422,5.163915,3.3729758,7.3026657,3.240835,7.1984777,4.3950977,5.7961016,2.3108382,3.366752,3.8196688,5.739044,3.351585,5.4064837,3.4143248,5.3796577,5.1053467,0.5714715,1.8610245,1.5091693,2.9571068,4.4364743,4.058207,3.005084,3.6979845,3.1488686,1.8554866,3.563282,5.033955,4.828144,4.725852,5.502612,5.580991,6.423811,6.106924,4.8029246,5.7732162,5.647007,294.75635,294.75635,293.96957,293.96957,294.76123,294.76123,294.0673,294.0673,297.9855,297.9855,292.62274,292.62274,298.18002,298.18002,292.35822,292.35822,292.35822,285.86435,285.86435,285.86435,292.68466,292.68466,292.68466,291.2015,292.96698,289.2542,289.30652,291.1951,291.2015,292.96698,289.2542,289.30652,291.1951,291.2015,292.96698,289.2542,289.30652,291.1951,21.149813,38.700294,26.527096,22.605686,8.78343,30.186016,15.920937,18.883268,8.67386,14.552565,26.78127,22.515331,26.097198,28.670778,27.593006,23.705632964113512,20.964056210663816,23.006179857617052,16.392120754024035,24.58616527069693,5.1648555,7.3053246,7.199467,5.7983346,3.3663435,5.741438,5.405191,5.378441,1.8618487,4.435942,5.0358834,4.830029,4.7284107,5.5049257,5.582657,4.4888313842689245,3.7198294002764474,5.878884292297723,5.704383732312791,5.647098050661725,-15.984958,-31.394968,-19.32763,-16.807352,-5.4170866,-24.444578,-10.515745,-13.504827,-6.812011,-10.116623,-21.745386,-17.6853,-21.368788,-23.165852,-22.01035,-19.21680157984459,-17.244226810387367,-17.12729556531933,-10.687737021711243,-18.939067220035206
2012-07-27 08:00:00,-13.190463,-22.932175,-19.455786,-43.28679,-16.122087,-29.870964,-19.66335,-25.25261,-8.160889,-9.112073,-22.997341,-33.64905,-13.9191475,-16.718203,-19.662409,-21.70539,-22.206274,-2.9847536,-10.345568,-5.2378416,-15.666848,-16.090284,-15.998905,-18.06541,-20.036776,-18.734104,-9.753759,-21.923346,-29.83223,-25.109854,-28.763363,-32.101627,-30.583376,-24.487724,-22.813478,-22.347137,-18.51293,-25.080608,2.8646019,5.4485903,3.502026,7.577628,3.3757167,7.4757595,4.510242,5.9211516,2.4556353,3.5434504,3.8983777,5.8411527,3.6855288,5.8661766,3.7630272,5.801363,5.5328894,0.61008334,1.9964771,1.6074994,3.2658854,4.7730217,4.3865094,3.136057,3.853528,3.4911807,1.9416894,3.8803668,5.2299795,4.9943023,5.1736693,5.7772145,5.99679,6.6952915,6.3515024,5.238974,6.069609,6.052925,296.33618,296.33618,294.96436,294.96436,295.78378,295.78378,294.7241,294.7241,299.65573,299.65573,293.11606,293.11606,300.7205,300.7205,294.4,294.4,294.4,287.09808,287.09808,287.09808,294.86365,294.86365,294.86365,292.17468,293.9744,291.5286,290.33456,293.13403,292.17468,293.9744,291.5286,290.33456,293.13403,292.17468,293.9744,291.5286,290.33456,293.13403,22.572115,41.46854,29.009956,23.852354,9.391793,32.287525,16.732744,21.619385,9.984932,16.229548,28.98945,23.853157,28.002207,31.245308,29.608154,26.0918446280934,22.726121507599863,24.8766427090752,17.80036078874068,26.260456319653837,5.44953,7.580287,7.4767485,5.923384,3.5430417,5.8435464,5.864884,5.800146,1.9973013,4.7724905,5.231908,4.996187,5.176228,5.7795286,5.9984565,4.66562863210968,3.849469991675024,6.53324360840036,5.981706650733924,6.052905697836607,-17.122583,-33.888252,-21.533209,-17.92897,-5.8487515,-26.44398,-10.867861,-15.81924,-7.987631,-11.457057,-23.757544,-18.85697,-22.82598,-25.465778,-23.609697,-21.42621599598372,-18.87665151592484,-18.343399100674837,-11.818654138006757,-20.20755062181723
2012-07-27 09:00:00,-13.386999,-23.053244,-20.307104,-44.99147,-17.04154,-30.82832,-20.454817,-26.102829,-8.283557,-9.103506,-24.095692,-35.057014,-13.780847,-16.080307,-21.153793,-22.90974,-23.405277,-3.215382,-11.176361,-5.698432,-16.444828,-16.724836,-16.727612,-19.15407,-20.960558,-19.752605,-10.227876,-22.853662,-31.329325,-26.07328,-30.052078,-33.700085,-31.55048,-26.064278,-24.029295,-23.701283,-19.61407,-26.170448,3.0627813,5.7797537,3.5928922,7.7712326,3.5660248,7.866984,4.6168256,6.0369043,2.5850317,3.701355,3.985496,5.95417,3.966589,6.2530713,4.1563597,6.2770414,6.015152,0.63469243,2.082807,1.6701697,3.5587442,5.09222,4.6978855,3.2520764,3.9569676,3.7773685,1.9908564,4.2196207,5.403621,5.1048017,5.5480647,5.9338403,6.4416595,6.9357758,6.5141525,5.603531,6.2386627,6.4872236,298.174,298.174,295.6648,295.6648,297.22653,297.22653,295.33206,295.33206,301.14832,301.14832,293.66208,293.66208,302.85864,302.85864,296.7031,296.7031,296.7031,287.8844,287.8844,287.8844,296.9303,296.9303,296.9303,293.03674,294.64435,293.43008,290.92093,295.20853,293.03674,294.64435,293.43008,290.92093,295.20853,293.03674,294.64435,293.43008,290.92093,295.20853,22.56991,42.777683,29.762793,24.404037,9.448314,33.31924,16.138153,22.790634,10.746614,16.822474,30.121124,24.49872,28.51352,32.636658,30.001244,27.37446779216502,23.651496718639784,25.379902709080092,18.556799830069767,26.506137604660985,5.7806935,7.7738914,7.867973,6.0391374,3.7009468,5.9565635,6.2517786,6.2758245,2.0836315,5.0916886,5.4055505,5.1066856,5.5506234,5.9361534,6.443326,4.822239647099352,3.935683675082766,7.0803180950659055,6.13988287760315,6.487085070340061,-16.789217,-35.00379,-21.894821,-18.364899,-5.747367,-27.362679,-9.8863735,-16.514809,-8.662982,-11.730785,-24.715574,-19.392035,-22.962896,-26.700504,-23.557917,-22.55222814506567,-19.715813043557016,-18.299584614014186,-12.416916952466618,-20.019052534320924
2012-07-27 10:00:00,-13.098427,-22.379784,-20.765623,-45.89749,-17.188866,-30.565619,-20.807474,-26.456783,-8.0862,-8.802641,-24.67173,-35.780483,-13.184778,-15.124039,-21.233559,-22.724237,-23.193022,-3.355794,-11.675422,-5.9781566,-16.328188,-16.503721,-16.561802,-19.733316,-21.392214,-20.168442,-10.484687,-23.244963,-32.07949,-26.496109,-30.523184,-34.568687,-31.91806,-26.900412,-24.615711,-24.281532,-20.223696,-26.636814,3.234601,6.0668697,3.64289,7.8777614,3.7573555,8.26031,4.709029,6.137039,2.6952708,3.835882,4.042128,6.027639,4.153535,6.510412,4.545788,6.747998,6.492628,0.65458524,2.1525924,1.7208295,3.8452682,5.4045124,5.002527,3.342635,4.054442,3.9413893,2.0168781,4.3627043,5.5391593,5.2089276,5.7626386,6.016733,6.6292877,7.1234856,6.667423,5.812466,6.328133,6.670393,299.7674,299.7674,296.0502,296.0502,298.67703,298.67703,295.858,295.858,302.41992,302.41992,294.01703,294.01703,304.28082,304.28082,298.98334,298.98334,298.98334,288.52002,288.52002,288.52002,298.95224,298.95224,298.95224,293.70963,295.27567,294.51987,291.23126,296.08347,293.70963,295.27567,294.51987,291.23126,296.08347,293.70963,295.27567,294.51987,291.23126,296.08347,21.838207,43.456627,29.382996,24.543318,9.196194,33.812077,15.208182,22.590109,11.207695,16.56662,30.617819,24.674683,28.54852,33.384697,30.119232,27.975927070617377,23.99079914263158,25.445642846919505,18.961563083284137,26.5689881790598,6.06781,7.8804197,8.261299,6.1392727,3.8354738,6.030032,6.5091195,6.7467813,2.1534169,5.403981,5.5410876,5.210812,5.7651973,6.0190473,6.6309543,4.944482505691369,4.0169255312598695,7.3938577676412836,6.223597567466436,6.670204693295975,-15.770398,-35.576206,-21.121696,-18.404045,-5.36072,-27.782045,-8.699063,-15.843328,-9.054278,-11.162638,-25.07673,-19.463871,-22.783321,-27.36565,-23.488277,-23.03144456492601,-19.97387361137171,-18.051785079278222,-12.7379655158177,-19.898783485763825
2012-07-27 11:00:00,-12.822942,-21.819168,-20.774616,-45.77812,-16.963509,-29.86766,-20.771313,-26.386686,-7.6773133,-8.320972,-24.865334,-35.992294,-12.097391,-13.764455,-20.504307,-21.811583,-22.249722,-3.4450912,-11.976174,-6.1476946,-15.52361,-15.641004,-15.723048,-19.937346,-21.50996,-20.173204,-10.610273,-23.318857,-32.2981,-26.588413,-30.426504,-34.943962,-31.933044,-27.18952,-24.78994,-24.30707,-20.501667,-26.724997,3.3259215,6.219468,3.7273903,8.057802,3.895534,8.544369,4.77621,6.21,2.7915199,3.9533365,4.1103253,6.116109,4.319216,6.7384806,4.842017,7.106245,6.8558335,0.6774274,2.2327242,1.7789999,4.1152983,5.698828,5.289632,3.418215,4.127528,4.0942073,2.0657358,4.4507957,5.652278,5.287,5.9625573,6.172372,6.7448034,7.280147,6.7823424,6.0071316,6.496122,6.7831645,300.61426,300.61426,296.70157,296.70157,299.72458,299.72458,296.2412,296.2412,303.53015,303.53015,294.44446,294.44446,305.54123,305.54123,300.71786,300.71786,300.71786,289.24988,289.24988,289.24988,300.8578,300.8578,300.8578,294.2712,295.74902,295.53522,291.81393,296.62213,294.2712,295.74902,295.53522,291.81393,296.62213,294.2712,295.74902,295.53522,291.81393,296.62213,21.258543,43.178223,28.638512,24.362627,8.748244,33.8324,13.868119,21.676579,11.497988,15.678121,30.668583,24.6107,28.11788,33.696953,30.003635,28.086376922333173,23.99906678303143,25.008208988610935,19.141159895867965,26.444258787268804,6.2204084,8.060461,8.545358,6.2122326,3.9529283,6.1185026,6.737188,7.1050277,2.2335486,5.6982965,5.654206,5.288885,5.965116,6.174686,6.7464695,5.046505866560809,4.07784023281945,7.685982619118612,6.3807776809052905,6.782944297927813,-15.038135,-35.117764,-20.093153,-18.150394,-4.7953167,-27.713898,-7.130931,-14.571551,-9.26444,-9.979825,-25.014378,-19.321815,-22.152765,-27.522266,-23.257166,-23.039871055772366,-19.92122655021198,-17.322226369492324,-12.760382214962675,-19.66131448934099
2012-07-27 12:00:00,-12.454486,-21.138783,-20.551254,-45.201206,-16.591322,-29.117184,-20.463118,-26.01917,-7.1914973,-7.795748,-24.719584,-35.752285,-10.590293,-12.046957,-19.339802,-20.559378,-20.970768,-3.3223696,-11.474843,-5.8617764,-14.580309,-14.687098,-14.769007,-19.865313,-21.394339,-19.869415,-10.590379,-22.998388,-32.15284,-26.445936,-29.92865,-34.798615,-31.469542,-27.078375,-24.64936,-23.90752,-20.426239,-26.340244,3.3929253,6.3314342,3.7875826,8.18605,3.9784145,8.71475,4.8333755,6.2720833,2.8664315,4.0447526,4.188017,6.216897,4.477354,6.956167,5.068427,7.3800554,7.1334343,0.70071554,2.3144205,1.8383067,4.2999096,5.9000425,5.485915,3.464716,4.171301,4.2139044,2.1224084,4.5433884,5.721874,5.3337607,6.119147,6.3529058,6.8662214,7.3765345,6.8511724,6.159605,6.690981,6.901697,301.23563,301.23563,297.16556,297.16556,300.3529,300.3529,296.5673,296.5673,304.39426,304.39426,294.9314,294.9314,306.74426,306.74426,302.04358,302.04358,302.04358,289.994,289.994,289.994,302.16055,302.16055,302.16055,294.61673,296.03253,296.3305,292.4898,297.18832,294.61673,296.03253,296.3305,292.4898,297.18832,294.61673,296.03253,296.3305,292.4898,297.18832,20.587553,42.55692,27.88871,23.947784,8.240918,33.442715,12.163447,20.431688,11.089776,14.711564,30.454554,24.403576,27.427767,33.5504,29.463682,27.88536495312043,23.783174174580534,24.280980404095352,19.07785274246008,25.95017386086732,6.3323746,8.188709,8.715739,6.274316,4.0443444,6.2192907,6.9548745,7.3788385,2.315245,5.899511,5.723803,5.3356457,6.121705,6.3552194,6.867888,5.109276679068352,4.1143238623396945,7.914793704733687,6.56309936803305,6.9014451128807615,-14.255179,-34.368206,-19.172972,-17.673468,-4.1965737,-27.223423,-5.2085733,-13.052851,-8.774531,-8.812054,-24.730751,-19.06793,-21.306063,-27.19518,-22.595795,-22.77608827405208,-19.66885031224084,-16.366186699361666,-12.51475337442703,-19.04872874798656
2012-07-27 13:00:00,-11.939296,-20.23307,-20.238829,-44.521713,-15.925225,-28.003117,-19.882519,-25.355436,-6.7420855,-7.341911,-24.342503,-35.25109,-8.8881855,-10.188721,-17.934086,-19.16432,-19.55629,-3.465896,-11.997042,-6.160941,-13.62289,-13.760514,-13.823994,-19.49692,-21.04456,-19.374714,-10.4250145,-22.498486,-31.587807,-26.071829,-29.211077,-34.179623,-30.839083,-26.533192,-24.18983,-23.233494,-20.01023,-25.739717,3.4522293,6.4305325,3.7960033,8.203993,4.051211,8.864401,4.875266,6.3175774,2.913318,4.1019692,4.2035007,6.2369843,4.61923,7.1514673,5.236199,7.5829496,7.3391376,0.7142092,2.361757,1.8726699,4.424375,6.0357013,5.618251,3.5151434,4.183746,4.2842064,2.1532102,4.5824656,5.797349,5.347054,6.2111163,6.451027,6.917465,7.481061,6.8707404,6.249159,6.796888,6.951723,301.78558,301.78558,297.23047,297.23047,300.9048,300.9048,296.80624,296.80624,304.9351,304.9351,295.02844,295.02844,307.82358,307.82358,303.02594,303.02594,303.02594,290.42514,290.42514,290.42514,303.03888,303.03888,303.03888,294.99142,296.11313,296.7976,292.85715,297.42728,294.99142,296.11313,296.7976,292.85715,297.42728,294.99142,296.11313,296.7976,292.85715,297.42728,19.717833,41.95932,26.817074,23.310032,7.7918553,32.978985,10.309809,19.04901,11.557172,13.781444,29.867884,24.060598,26.671705,33.00127,28.857594,27.27693884218211,23.344979450807823,23.455989525951864,18.793168644634047,25.413483132425554,6.431473,8.206651,8.86539,6.319811,4.1015606,6.239378,7.1501746,7.581733,2.3625815,6.03517,5.799277,5.348939,6.2136755,6.45334,6.919131,5.1773476944338,4.124695580914826,8.049182901833623,6.66219207349911,6.951456506244724,-13.28636,-33.752666,-17.951685,-16.990221,-3.6902947,-26.739607,-3.1596336,-11.467277,-9.194591,-7.7462735,-24.068607,-18.71166,-20.458029,-26.54793,-21.938463,-22.099591147748306,-19.220283869893,-15.406806624118241,-12.130976571134937,-18.46202662618083
2012-07-27 14:00:00,-11.3835745,-19.294918,-19.54778,-42.999805,-15.068725,-26.732124,-19.2013,-24.593058,-6.335408,-6.9651227,-23.643341,-34.361458,-7.563508,-8.819242,-16.50682,-17.839466,-18.222136,-3.3447168,-11.53957,-5.8997927,-12.721664,-12.92836,-12.956157,-10.173775,-20.456253,-18.779736,-10.107371,-21.703474,-17.63086,-25.469421,-28.427488,-33.07218,-29.87358,-13.17413,-23.40276,-22.396774,-19.238203,-24.783964,3.4850948,6.4854517,3.826036,8.2679825,4.09021,8.944572,4.880612,6.3233824,2.9338405,4.1270127,4.166203,6.1885986,4.7021,7.2655435,5.3382215,7.7063327,7.464227,0.714235,2.3618474,1.8727356,4.4931746,6.110689,5.6914,3.147598,4.1387,4.269779,2.1512015,4.5970335,5.247253,5.298934,6.1922436,6.4446273,6.9365673,6.7192144,6.7999096,6.2307816,6.789981,6.9703712,302.09036,302.09036,297.46198,297.46198,301.20044,301.20044,296.83673,296.83673,305.1718,305.1718,294.79468,294.79468,308.454,308.454,303.62332,303.62332,303.62332,290.42596,290.42596,290.42596,303.52438,303.52438,303.52438,292.26044,295.82138,296.70175,292.8332,297.51636,292.26044,295.82138,296.70175,292.8332,297.51636,292.26044,295.82138,296.70175,292.8332,297.51636,18.839886,40.593285,25.631096,22.651455,7.4105954,32.304195,8.938817,17.739006,11.159436,12.953563,17.703718,23.63078,26.050644,32.042305,27.9939,14.724236757261057,22.72209033524205,22.721420227927258,18.282359862268514,24.659393985159568,6.486392,8.27064,8.945561,6.3256154,4.1266046,6.1909924,7.2642503,7.7051153,2.3626719,6.110157,5.2491813,5.3008194,6.194802,6.4469414,6.938234,4.681207680258964,4.0871516090942075,8.021604405290379,6.655729684715289,6.970100600399182,-12.353495,-32.322643,-16.685534,-16.32584,-3.2839909,-26.113205,-1.6745666,-10.033891,-8.796764,-6.8434052,-12.454536,-18.32996,-19.855843,-25.595362,-21.055666,-10.043029077002092,-18.634938726147844,-14.699815822636879,-11.626630177553224,-17.689293384760386
2012-07-27 15:00:00,-10.801345,-18.353594,-18.456379,-40.64137,-14.000746,-25.236256,-18.329178,-23.618921,-5.9395194,-6.633979,-22.317394,-32.624214,-6.72287,-8.070196,-15.208845,-16.745537,-17.132694,-3.0902328,-10.610045,-5.374593,-11.768831,-12.08309,-12.05306,-10.399716,-19.324686,-17.851738,-9.567992,-20.445278,-17.969002,-24.268536,-27.233067,-31.250214,-28.363031,-13.480212,-21.92358,-21.098822,-17.968752,-23.272055,3.478141,6.473832,3.8436098,8.305427,4.0960145,8.956505,4.861806,6.3029594,2.926152,4.117631,4.1486015,6.1657643,4.7162695,7.285047,5.3503447,7.7209935,7.479092,0.69688654,2.300988,1.8285555,4.5155406,6.1350665,5.715181,3.239763,4.100204,4.1897764,2.105668,4.573158,5.3851933,5.2578115,6.087582,6.2995787,6.90526,6.910253,6.739379,6.128871,6.633422,6.9398074,302.02588,302.02588,297.59744,297.59744,301.24445,301.24445,296.72946,296.72946,305.08313,305.08313,294.68436,294.68436,308.5618,308.5618,303.6943,303.6943,303.6943,289.87164,289.87164,289.87164,303.68222,303.68222,303.68222,292.94525,295.57205,296.1702,292.29016,297.37036,292.94525,295.57205,296.1702,292.29016,297.37036,292.94525,295.57205,296.1702,292.29016,297.37036,17.988735,38.525394,24.265203,21.84833,7.0658035,30.843786,8.18763,16.66145,10.326265,12.120471,17.922316,22.66529,25.2155,30.467934,26.700302,14.948042808989902,21.443509719107812,21.713826980661604,17.430470790980486,23.540319394096244,6.4747725,8.3080845,8.957494,6.305192,4.1172223,6.1681576,7.2837543,7.7197766,2.3018126,6.1345353,5.3871217,5.2596965,6.090141,6.301892,6.906925,4.8056182996432835,4.055066436523659,7.868671500868147,6.509243384053739,6.939544469383447,-11.513963,-30.217312,-15.30771,-15.543137,-2.948581,-24.675629,-0.9038754,-8.941672,-8.024452,-5.985936,-12.535194,-17.405596,-19.125359,-24.166042,-19.793377,-10.142424509346618,-17.388443282584152,-13.845155479793458,-10.921227406926747,-16.600774924712795
2012-07-27 16:00:00,-9.9415455,-16.967411,-16.720049,-36.912148,-12.470531,-23.059895,-16.445032,-21.48875,-4.6898427,-5.499449,-20.062,-29.64412,-5.756807,-7.236202,-13.351575,-15.129419,-15.518522,-2.572856,-8.760577,-4.35972,-10.574401,-11.021591,-10.906416,-13.623238,-17.401794,-16.215488,-8.623757,-18.384657,-23.234648,-22.185104,-25.091192,-28.0437,-25.838467,-18.106407,-19.463417,-18.884089,-15.822807,-20.807585,3.4420044,6.4134474,3.8465238,8.311634,4.0703564,8.903758,4.7698374,6.20308,2.883848,4.066006,4.074805,6.0700297,4.7041984,7.268431,5.340494,7.709081,7.467014,0.6476932,2.1284149,1.7032782,4.495583,6.113314,5.6939616,2.7820616,3.9856017,3.995051,2.0601907,4.5065117,4.700163,5.135389,5.83284,6.1547074,6.8178663,5.961531,6.5591764,5.8808227,6.4770555,6.8544908,301.69077,301.69077,297.6199,297.6199,301.04993,301.04993,296.20486,296.20486,304.59515,304.59515,294.22183,294.22183,308.46997,308.46997,303.63663,303.63663,303.63663,288.2998,288.2998,288.2998,303.54138,303.54138,303.54138,289.54437,294.8298,294.8764,291.7478,296.96283,289.54437,294.8298,294.8764,291.7478,296.96283,289.54437,294.8298,294.8764,291.7478,296.96283,16.740395,35.266006,22.291418,20.143137,5.8731647,28.38536,7.3500257,15.069596,8.620685,11.079765,23.462706,21.037842,23.759464,27.629883,24.544115,20.282420043930614,19.351993862703036,20.044831396590748,15.888776348037698,21.676807276844606,6.414387,8.314293,8.904747,6.2053127,4.065598,6.072423,7.2671385,7.707864,2.1292393,6.1127825,4.702091,5.137274,5.835398,6.157021,6.8195314,4.187778753110819,3.95954923122857,7.496436428932187,6.3629381949249835,6.854250453166035,-10.326007,-26.951714,-13.386671,-13.937825,-1.8075665,-22.312937,-0.08288712,-7.3617325,-6.4914455,-4.9669833,-18.760614,-15.900568,-17.924067,-21.472862,-17.724585,-16.094641290819794,-15.392444631474467,-12.548394967658561,-9.525838153112716,-14.822556823678571
2012-07-27 17:00:00,-8.511344,-14.635737,-14.483318,-32.472454,-10.179444,-19.5781,-13.027823,-17.452347,-4.240383,-5.086512,-15.939856,-24.00756,-4.991904,-6.744023,-10.932825,-12.930576,-13.311932,-2.3549786,-7.9956355,-3.9517999,-8.887364,-9.45543,-9.223746,-6.195836,-13.750984,-8.360478,-6.9332676,-14.5530405,-11.045967,-18.009422,-13.666013,-22.343815,-20.909006,-7.823986,-14.998548,-9.182292,-12.208021,-16.286945,3.3391042,6.2414975,3.4659007,7.500657,3.97649,8.710794,4.6055646,6.024674,2.8016636,3.9657147,3.9936025,5.9646873,4.549341,7.0552616,5.201305,7.5407515,7.2963543,0.62142706,2.0362713,1.6363877,4.3933673,6.001906,5.585283,2.7739868,3.8738363,3.5843105,2.0167477,4.415636,4.688078,5.015996,5.2955036,6.016318,6.698698,5.9447937,6.3834352,5.3576064,6.3276844,6.7381544,300.7365,300.7365,294.68588,294.68588,300.33832,300.33832,295.26782,295.26782,303.64716,303.64716,293.7129,293.7129,307.2919,307.2919,302.82162,302.82162,302.82162,287.46054,287.46054,287.46054,302.82007,302.82007,302.82007,289.48438,294.10593,292.14737,291.2297,296.40714,289.48438,294.10593,292.14737,291.2297,296.40714,289.48438,294.10593,292.14737,291.2297,296.40714,14.615114,31.864895,19.122618,16.765991,5.414453,23.454096,6.849606,12.904696,7.8970523,9.5450735,11.582805,17.448368,13.858557,22.422186,20.179314,9.203891765446139,15.237278646218614,10.575073306815458,13.024056249619797,17.87716928171032,6.242438,7.5033154,8.711783,6.0269065,3.9653065,5.9670806,7.053969,7.5395346,2.0370958,6.0013742,4.690006,5.0178814,5.298062,6.0186315,6.700364,4.1768789635515695,3.866396196543942,6.7112702228259655,6.223177718004048,6.737946818202511,-8.372677,-24.361578,-10.410835,-10.739084,-1.4491466,-17.487015,0.20436272,-5.365162,-5.8599563,-3.5436993,-6.892799,-12.430487,-8.560495,-16.403555,-13.478949,-5.0270128018945694,-11.370882449674673,-3.8638030839894926,-6.800878531615749,-11.139222463507808
2012-07-27 18:00:00,-5.504476,-9.584377,-8.615783,-19.514442,-6.2492466,-12.752783,-6.460784,-9.078047,-1.471395,-1.9061085,-7.9047747,-12.385262,-3.0270953,-4.5373545,-6.5906286,-8.271431,-8.551765,-0.90638244,-2.9626958,-1.3946095,-5.775452,-6.296782,-5.973466,-6.4378834,-6.7878175,-6.226991,-3.6333919,-7.3367786,-11.487292,-9.36655,-10.355684,-11.50671,-11.031939,-8.169471,-7.082839,-6.770694,-5.924773,-8.058645,3.0770895,5.8036633,3.39108,7.34124,3.7153978,8.174057,4.256981,5.6461024,2.6004822,3.72021,3.778958,5.686231,4.230456,6.616298,4.9441075,7.2297087,6.9810066,0.5489694,1.7820854,1.4518646,4.1108522,5.6939826,5.284905,2.4293509,3.6183589,3.1015778,1.9459167,3.5762734,4.17227,4.743084,4.6639853,5.790682,5.598026,5.230435,5.9817195,4.7426844,6.0841446,5.663637,298.3067,298.3067,294.10913,294.10913,298.35895,298.35895,293.27945,293.27945,301.32654,301.32654,292.36758,292.36758,304.866,304.866,301.31564,301.31564,301.31564,285.14536,285.14536,285.14536,300.82642,300.82642,300.82642,286.9236,292.45126,288.94,290.38498,291.27454,286.9236,292.45126,288.94,290.38498,291.27454,286.9236,292.45126,288.94,290.38498,291.27454,9.802989,19.741615,12.738285,9.191546,2.0239298,12.663491,4.6044436,8.289615,3.0462866,6.412412,12.297919,9.518035,11.037068,11.967383,11.3634815,9.815517582148257,7.508113694536202,8.327808512078212,7.0959793369105215,10.201073310903666,5.8046036,7.343899,8.175046,5.648335,3.7198014,5.6886244,6.615006,7.228492,1.7829099,5.693451,4.1741986,4.7449694,4.6665444,5.792995,5.5996923,3.711664191574849,3.653463753854208,5.78848371910153,5.995306480378347,5.6637238050584555,-3.9983852,-12.397717,-4.5632396,-3.5432117,1.6958715,-6.9748664,2.0105622,-1.0611224,-1.2633768,-0.7189613,-8.123721,-4.7730656,-6.370524,-6.174388,-5.7637897,-6.103853390573407,-3.854649940681994,-2.5393247929766822,-1.1006728565321744,-4.537349505845211
2012-07-27 19:00:00,0.0,0.0,0.0,0.0,-0.032570403,-0.0707372,0.0,0.0,0.0,0.0,0.0,0.0,0.0,0.0,-0.10456297,-0.13877295,-0.14341567,0.0,0.0,0.0,-0.010272428,-0.011389355,-0.010322314,0.0,0.0,0.0,0.0,0.0,0.0,0.0,0.0,0.0,0.0,0.0,0.0,0.0,0.0,0.0,2.7487483,5.2549963,3.1246376,6.7735434,3.4135802,7.5535975,3.9321618,5.29334,2.4765437,3.5689654,3.4589548,5.271096,3.886479,6.142795,4.3127117,6.4661264,6.2068543,0.4729683,1.5154691,1.2583176,3.8021095,5.357472,4.956639,2.3780525,3.2165494,2.7867975,1.7456242,3.5189996,4.0954933,4.313855,4.252185,5.152639,5.5229225,5.1241035,5.3499103,4.341705,5.3954735,5.5903187,295.2618,295.2618,292.05527,292.05527,296.07083,296.07083,291.42664,291.42664,299.8969,299.8969,290.36194,290.36194,302.2492,302.2492,297.6186,297.6186,297.6186,282.71695,282.71695,282.71695,298.64767,298.64767,298.64767,286.54245,289.84885,286.84854,287.9963,290.92432,286.54245,289.84885,286.84854,287.9963,290.92432,286.54245,289.84885,286.84854,287.9963,290.92432,0.0,0.0,0.07344398,0.0,0.0,0.0,0.0,0.14023043,0.0,0.011772158,0.0,0.0,0.0,0.0,0.0,0.0,0.0,0.0,0.0,0.0,5.255936,6.7762012,7.5545864,5.295573,3.568557,5.2734895,6.1415024,6.4649096,1.5162933,5.3569403,4.0974216,4.31574,4.254744,5.1549525,5.5245886,3.642417817416643,3.318568383459338,5.186752708723251,5.3509445760633625,5.590424858667033,5.255936,6.7762012,7.4811425,5.295573,3.568557,5.2734895,6.1415024,6.324679,1.5162933,5.345168,4.0974216,4.31574,4.254744,5.1549525,5.5245886,3.642417817416643,3.318568383459338,5.186752708723251,5.3509445760633625,5.590424858667033
2012-07-27 20:00:00,0.0,0.0,0.0,0.0,0.0,0.0,0.0,0.0,0.0,0.0,0.0,0.0,0.0,0.0,0.0,0.0,0.0,0.0,0.0,0.0,0.0,0.0,0.0,0.0,0.0,0.0,0.0,0.0,0.0,0.0,0.0,0.0,0.0,0.0,0.0,0.0,0.0,0.0,2.737701,5.2365355,3.18863,6.909889,3.3671985,7.458249,3.884135,5.241182,2.320638,3.3787105,3.3980665,5.1921062,3.6625187,5.8345017,4.036022,6.1315103,5.867607,0.48191568,1.546857,1.2811034,3.445186,4.968449,4.5771475,2.2945213,3.0311658,3.1372528,1.6706322,3.2122953,3.970474,4.1158204,4.7106557,4.9137483,5.120735,4.95096,5.05841,4.788128,5.1376266,5.197688,295.15936,295.15936,292.54855,292.54855,295.7192,295.7192,291.15268,291.15268,298.09854,298.09854,289.98032,289.98032,300.54544,300.54544,295.99847,295.99847,295.99847,283.00284,283.00284,283.00284,296.12894,296.12894,296.12894,285.92178,288.64816,289.17703,287.10196,289.04886,285.92178,288.64816,289.17703,287.10196,289.04886,285.92178,288.64816,289.17703,287.10196,289.04886,0.0,0.0,0.0,0.0,0.0,0.0,0.0,0.0,0.0,0.0,0.0,0.0,0.0,0.0,0.0,0.0,0.0,0.0,0.0,0.0,5.237476,6.912548,7.459238,5.243414,3.378302,5.1945,5.833209,6.1302934,1.5476812,4.967917,3.972402,4.1177053,4.7132144,4.916062,5.1224017,3.529660991345419,3.1640568743264548,5.856679256399008,5.109687549695632,5.197902485846818,5.237476,6.912548,7.459238,5.243414,3.378302,5.1945,5.833209,6.1302934,1.5476812,4.967917,3.972402,4.1177053,4.7132144,4.916062,5.1224017,3.529660991345419,3.1640568743264548,5.856679256399008,5.109687549695632,5.197902485846818
2012-07-27 21:00:00,0.0,0.0,0.0,0.0,0.0,0.0,0.0,0.0,0.0,0.0,0.0,0.0,0.0,0.0,0.0,0.0,0.0,0.0,0.0,0.0,0.0,0.0,0.0,0.0,0.0,0.0,0.0,0.0,0.0,0.0,0.0,0.0,0.0,0.0,0.0,0.0,0.0,0.0,2.7609015,5.275304,3.0994782,6.7199364,3.29154,7.3027143,3.8186603,5.1700745,2.222447,3.258886,3.291219,5.0534945,3.4975286,5.607383,3.8690636,5.9295983,5.6629,0.48187938,1.5467296,1.2810109,3.2595842,4.7661552,4.3798094,2.3103623,3.1116493,2.6715467,1.673557,3.4079661,3.9941828,4.2017965,4.101413,4.923065,5.377322,4.983796,5.1849637,4.194895,5.147683,5.448178,295.3745,295.3745,291.86133,291.86133,295.14563,295.14563,290.7792,290.7792,296.9659,296.9659,289.31064,289.31064,299.29028,299.29028,295.02087,295.02087,295.02087,283.00168,283.00168,283.00168,294.81918,294.81918,294.81918,286.0395,289.16943,286.0828,287.13684,290.24536,286.0395,289.16943,286.0828,287.13684,290.24536,286.0395,289.16943,286.0828,287.13684,290.24536,0.0,0.0,0.0,0.0,0.0,0.0,0.0,0.0,0.0,0.0,0.0,0.0,0.0,0.0,0.0,0.0,0.0,0.0,0.0,0.0,5.276244,6.7225957,7.3037033,5.172307,3.2584777,5.0558877,5.6060905,5.9283814,1.5475539,4.765623,3.9961114,4.2036815,4.1039715,4.925379,5.3789883,3.551044759570255,3.2311372700030203,4.966440822297561,5.119097117058573,5.448323520281154,5.276244,6.7225957,7.3037033,5.172307,3.2584777,5.0558877,5.6060905,5.9283814,1.5475539,4.765623,3.9961114,4.2036815,4.1039715,4.925379,5.3789883,3.551044759570255,3.2311372700030203,4.966440822297561,5.119097117058573,5.448323520281154
2012-07-27 22:00:00,0.0,0.0,0.0,0.0,0.0,0.0,0.0,0.0,0.0,0.0,0.0,0.0,0.0,0.0,0.0,0.0,0.0,0.0,0.0,0.0,0.0,0.0,0.0,0.0,0.0,0.0,0.0,0.0,0.0,0.0,0.0,0.0,0.0,0.0,0.0,0.0,0.0,0.0,2.667551,5.119313,3.203718,6.9420357,3.0727072,6.852851,3.7575893,5.1037493,2.1785927,3.2053697,3.1985009,4.933213,3.2933214,5.326281,3.7000937,5.725254,5.4557266,0.4660601,1.4912343,1.2407249,3.1861668,4.686134,4.3017497,2.336443,3.054904,2.5959625,1.6893225,3.4499729,4.0332174,4.1411786,4.002532,4.9732876,5.432407,5.037855,5.095737,4.098613,5.20189,5.501953,294.50882,294.50882,292.66486,292.66486,293.48663,293.48663,290.43085,290.43085,296.46005,296.46005,288.72952,288.72952,297.7368,297.7368,294.0315,294.0315,294.0315,282.49622,282.49622,282.49622,294.3011,294.3011,294.3011,286.23328,288.8019,285.5806,287.32486,290.50223,286.23328,288.8019,285.5806,287.32486,290.50223,286.23328,288.8019,285.5806,287.32486,290.50223,0.0,0.0,0.0,0.0,0.0,0.0,0.0,0.0,0.0,0.0,0.0,0.0,0.0,0.0,0.0,0.0,0.0,0.0,0.0,0.0,5.1202526,6.9446945,6.85384,5.1059823,3.2049613,4.9356065,5.3249884,5.7240367,1.4920588,4.685602,4.0351453,4.143064,4.0050907,4.975601,5.4340725,3.586250081900488,3.1838420762126756,4.821954436078003,5.16981657858357,5.502084171359631,5.1202526,6.9446945,6.85384,5.1059823,3.2049613,4.9356065,5.3249884,5.7240367,1.4920588,4.685602,4.0351453,4.143064,4.0050907,4.975601,5.4340725,3.586250081900488,3.1838420762126756,4.821954436078003,5.16981657858357,5.502084171359631
2012-07-27 23:00:00,0.0,0.0,0.0,0.0,0.0,0.0,0.0,0.0,0.0,0.0,0.0,0.0,0.0,0.0,0.0,0.0,0.0,0.0,0.0,0.0,0.0,0.0,0.0,0.0,0.0,0.0,0.0,0.0,0.0,0.0,0.0,0.0,0.0,0.0,0.0,0.0,0.0,0.0,2.687727,5.1530275,3.2537155,7.048564,2.9025745,6.5031033,3.7493558,5.0948076,2.1024241,3.1124196,3.0892823,4.791525,3.193835,5.1893334,3.4298875,5.3984785,5.1244283,0.46074975,1.4726053,1.2272015,3.1710434,4.669651,4.2856703,2.3363404,2.7811732,2.5549133,1.7867281,3.1374044,4.0330634,3.8487675,3.948831,5.2835784,5.0225306,5.0376425,4.6653185,4.046323,5.536803,5.101817,294.69592,294.69592,293.05026,293.05026,292.19684,292.19684,290.38388,290.38388,295.58145,295.58145,288.04498,288.04498,296.97995,296.97995,292.44934,292.44934,292.44934,282.32654,282.32654,282.32654,294.19437,294.19437,294.19437,286.2325,287.02902,285.30786,288.4865,288.5909,286.2325,287.02902,285.30786,288.4865,288.5909,286.2325,287.02902,285.30786,288.4865,288.5909,0.0,0.0,0.0,0.0,0.0,0.0,0.0,0.0,0.0,0.0,0.0,0.0,0.0,0.0,0.0,0.0,0.0,0.0,0.0,0.0,5.1539674,7.0512223,6.5040917,5.09704,3.1120114,4.793918,5.1880403,5.3972616,1.4734298,4.669119,4.0349917,3.8506527,3.9513903,5.285892,5.024196,3.5861114782692667,2.95569568510944,4.743486106371867,5.483180692030906,5.1020568959592545,5.1539674,7.0512223,6.5040917,5.09704,3.1120114,4.793918,5.1880403,5.3972616,1.4734298,4.669119,4.0349917,3.8506527,3.9513903,5.285892,5.024196,3.5861114782692667,2.95569568510944,4.743486106371867,5.483180692030906,5.1020568959592545
2012-08-27 00:00:00,0.0,0.0,0.0,0.0,0.0,0.0,0.0,0.0,0.0,0.0,0.0,0.0,0.0,0.0,0.0,0.0,0.0,0.0,0.0,0.0,0.0,0.0,0.0,0.0,0.0,0.0,0.0,0.0,0.0,0.0,0.0,0.0,0.0,0.0,0.0,0.0,0.0,0.0,1.5181286,3.1985943,1.6111398,3.5487988,1.5579097,3.738821,2.3458354,3.570545,1.6642745,2.577737,2.1477132,3.57004,2.6177824,4.396365,1.8532498,3.4917636,3.19132,0.2634004,0.7802916,0.724625,1.6822139,3.0469215,2.702701,0.88190556,1.6945268,1.6832533,0.7777426,1.7541137,1.856248,2.6879668,2.8085132,2.0694005,3.2085958,2.022897,2.9566638,2.9359708,2.0675805,3.330986,283.84958,283.84958,280.38852,280.38852,282.00278,282.00278,282.378,282.378,290.5274,290.5274,282.14362,282.14362,292.59766,292.59766,283.21756,283.21756,283.21756,276.02078,276.02078,276.02078,283.688,283.688,283.688,275.42557,279.9911,279.5164,276.45343,280.13226,275.42557,279.9911,279.5164,276.45343,280.13226,275.42557,279.9911,279.5164,276.45343,280.13226,0.0,0.0,0.0,0.0,0.0,0.0,0.0,0.0,0.0,0.0,0.0,0.0,0.0,0.0,0.0,0.0,0.0,0.0,0.0,0.0,3.1995344,3.5514574,3.7398098,3.5727777,2.577329,3.5724335,4.395072,3.4905462,0.781116,3.0463898,1.858176,2.689852,2.811072,2.0717142,3.2102618,1.6228076744540343,2.050010200036331,3.077230397523021,2.2371680838006487,3.3317110552351856,3.1995344,3.5514574,3.7398098,3.5727777,2.577329,3.5724335,4.395072,3.4905462,0.781116,3.0463898,1.858176,2.689852,2.811072,2.0717142,3.2102618,1.6228076744540343,2.050010200036331,3.077230397523021,2.2371680838006487,3.3317110552351856
2012-08-27 01:00:00,0.0,0.0,0.0,0.0,0.0,0.0,0.0,0.0,0.0,0.0,0.0,0.0,0.0,0.0,0.0,0.0,0.0,0.0,0.0,0.0,0.0,0.0,0.0,0.0,0.0,0.0,0.0,0.0,0.0,0.0,0.0,0.0,0.0,0.0,0.0,0.0,0.0,0.0,1.5044092,3.1756692,1.5740957,3.4698706,1.54721,3.716825,2.290532,3.5104837,1.587463,2.4840028,1.984705,3.3585722,2.5990646,4.370599,1.7156919,3.3254068,3.0226612,0.35964862,1.1179364,0.96973395,1.6297052,2.9896898,2.6468723,0.8787348,1.7822521,1.6757344,0.7317075,1.8431181,1.8515022,2.7816792,2.798677,1.9227535,3.3253088,2.0163248,3.094605,2.926393,1.9092968,3.4449258,283.72235,283.72235,280.10297,280.10297,281.92166,281.92166,282.06253,282.06253,289.6414,289.6414,281.12195,281.12195,292.45526,292.45526,282.4121,282.4121,282.4121,279.09613,279.09613,279.09613,283.31744,283.31744,283.31744,275.402,280.55927,279.46643,275.90442,280.6765,275.402,280.55927,279.46643,275.90442,280.6765,275.402,280.55927,279.46643,275.90442,280.6765,0.0,0.0,0.0,0.0,0.0,0.0,0.0,0.0,0.0,0.0,0.0,0.0,0.0,0.0,0.0,0.0,0.0,0.0,0.0,0.0,3.1766088,3.4725292,3.717814,3.5127165,2.4835944,3.3609653,4.369306,3.32419,1.1187608,2.9891586,1.8534304,2.783564,2.8012357,1.9250668,3.3269749,1.6185275943219177,2.123126692437612,3.062857268315351,2.089068244028743,3.4456195085241896,3.1766088,3.4725292,3.717814,3.5127165,2.4835944,3.3609653,4.369306,3.32419,1.1187608,2.9891586,1.8534304,2.783564,2.8012357,1.9250668,3.3269749,1.6185275943219177,2.123126692437612,3.062857268315351,2.089068244028743,3.4456195085241896
2012-08-27 02:00:00,0.0,0.0,0.0,0.0,0.0,0.0,0.0,0.0,0.0,0.0,0.0,0.0,0.0,0.0,0.0,0.0,0.0,0.0,0.0,0.0,0.0,0.0,0.0,0.0,0.0,0.0,0.0,0.0,0.0,0.0,0.0,0.0,0.0,0.0,0.0,0.0,0.0,0.0,1.4758974,3.128025,1.522245,3.3593946,1.5468719,3.71613,2.2758994,3.4945922,1.5288695,2.4125004,1.8603818,3.1972895,2.5556319,4.3108106,1.6477392,3.2432282,2.9393444,0.29593205,0.89441466,0.80747116,1.5732566,2.928165,2.5868545,0.73568255,1.7673911,1.559758,0.6843801,1.6022663,1.6373996,2.7658036,2.646955,1.7719893,3.0094755,1.7198066,3.071237,2.7786582,1.7465696,3.1365972,283.45795,283.45795,279.70328,279.70328,281.9191,281.9191,281.97906,281.97906,288.9655,288.9655,280.34274,280.34274,292.12485,292.12485,282.01422,282.01422,282.01422,277.06024,277.06024,277.06024,282.9191,282.9191,282.9191,274.33908,280.463,278.69586,275.34,279.20374,274.33908,280.463,278.69586,275.34,279.20374,274.33908,280.463,278.69586,275.34,279.20374,0.0,0.0,0.0,0.0,0.0,0.0,0.0,0.0,0.0,0.0,0.0,0.0,0.0,0.0,0.0,0.0,0.0,0.0,0.0,0.0,3.1289651,3.3620534,3.7171187,3.4968252,2.412092,3.1996827,4.3095183,3.2420108,0.89523906,2.9276333,1.6393276,2.7676888,2.6495137,1.7743028,3.0111415,1.4254250153042785,2.1107403234917728,2.84115811590627,1.9368110713449525,3.1373755948913913,3.1289651,3.3620534,3.7171187,3.4968252,2.412092,3.1996827,4.3095183,3.2420108,0.89523906,2.9276333,1.6393276,2.7676888,2.6495137,1.7743028,3.0111415,1.4254250153042785,2.1107403234917728,2.84115811590627,1.9368110713449525,3.1373755948913913
2012-08-27 03:00:00,0.0,0.0,0.0,0.0,0.0,0.0,0.0,0.0,0.0,0.0,0.0,0.0,0.0,0.0,0.0,0.0,0.0,0.0,0.0,0.0,0.0,0.0,0.0,0.0,0.0,0.0,0.0,0.0,0.0,0.0,0.0,0.0,0.0,0.0,0.0,0.0,0.0,0.0,1.4649129,3.1096692,1.5153289,3.3446584,1.5973635,3.8199272,2.2755039,3.4941626,1.496201,2.3726342,1.9252579,3.2814522,2.370038,4.0553308,1.5406761,3.1137507,2.8080752,0.21890423,0.6241963,0.6113095,1.4483545,2.79203,2.4540546,0.7372228,1.7595975,1.494384,0.7099899,1.8081632,1.6397047,2.7574785,2.5614316,1.8535707,3.279472,1.7229991,3.0589824,2.6953826,1.8346244,3.400178,283.35608,283.35608,279.64996,279.64996,282.30188,282.30188,281.9768,281.9768,288.58868,288.58868,280.74936,280.74936,290.71295,290.71295,281.38733,281.38733,281.38733,274.59903,274.59903,274.59903,282.0377,282.0377,282.0377,274.35052,280.41254,278.2615,275.64542,280.46277,274.35052,280.41254,278.2615,275.64542,280.46277,274.35052,280.41254,278.2615,275.64542,280.46277,0.0,0.0,0.0,0.0,0.0,0.0,0.0,0.0,0.0,0.0,0.0,0.0,0.0,0.0,0.0,0.0,0.0,0.0,0.0,0.0,3.1106093,3.347317,3.8209162,3.4963953,2.3722258,3.2838454,4.054038,3.1125338,0.6250207,2.7914982,1.6416328,2.7593634,2.5639906,1.8558842,3.281138,1.4275040697725991,2.104244745103561,2.716190035263163,2.0192003540818746,3.4008839019953014,3.1106093,3.347317,3.8209162,3.4963953,2.3722258,3.2838454,4.054038,3.1125338,0.6250207,2.7914982,1.6416328,2.7593634,2.5639906,1.8558842,3.281138,1.4275040697725991,2.104244745103561,2.716190035263163,2.0192003540818746,3.4008839019953014
2012-08-27 04:00:00,0.0,0.0,0.0,0.0,0.0,0.0,0.0,0.0,0.0,0.0,0.0,0.0,0.0,0.0,0.0,0.0,0.0,0.0,0.0,0.0,0.0,0.0,0.0,0.0,0.0,0.0,0.0,0.0,0.0,0.0,0.0,0.0,0.0,0.0,0.0,0.0,0.0,0.0,1.4484751,3.0822017,1.5068171,3.3265228,1.5516944,3.726044,2.277756,3.4966083,1.4708982,2.341756,2.0226402,3.407785,2.2007952,3.8223593,1.4540229,3.0089564,2.70183,0.23290311,0.67330533,0.64695954,1.4187399,2.7597518,2.4225676,0.71812034,1.7292438,1.4257396,0.73049456,1.5909173,1.6111145,2.725053,2.4716308,1.9188894,2.9945939,1.6834037,3.0112536,2.6079412,1.9051263,3.1220691,283.20364,283.20364,279.58435,279.58435,281.95566,281.95566,281.98965,281.98965,288.2968,288.2968,281.3597,281.3597,289.42545,289.42545,280.87994,280.87994,280.87994,275.04633,275.04633,275.04633,281.8287,281.8287,281.8287,274.2086,280.21594,277.80542,275.88995,279.13434,274.2086,280.21594,277.80542,275.88995,279.13434,274.2086,280.21594,277.80542,275.88995,279.13434,0.0,0.0,0.0,0.0,0.0,0.0,0.0,0.0,0.0,0.0,0.0,0.0,0.0,0.0,0.0,0.0,0.0,0.0,0.0,0.0,3.0831416,3.3291812,3.7270327,3.4988413,2.341348,3.4101782,3.8210664,3.0077393,0.67412966,2.7592201,1.6130427,2.726938,2.4741893,1.921203,2.9962597,1.401718250220172,2.0789457632554003,2.584970477530343,2.0851661137312507,3.1228512132171065,3.0831416,3.3291812,3.7270327,3.4988413,2.341348,3.4101782,3.8210664,3.0077393,0.67412966,2.7592201,1.6130427,2.726938,2.4741893,1.921203,2.9962597,1.401718250220172,2.0789457632554003,2.584970477530343,2.0851661137312507,3.1228512132171065
2012-08-27 05:00:00,-0.7446969,-1.3633399,-0.78087366,-1.7537147,-0.4128603,-0.96053654,-0.87957823,-1.284405,-0.43043655,-0.56252664,-2.5725563,-3.9855168,-0.5424537,-0.87729084,-0.25163817,-0.291937,-0.2763425,-0.0036443342,-0.0040334687,-0.0030095782,-0.51878935,-0.5392358,-0.46350566,-0.26209724,-1.9342747,-1.4604237,-0.30790985,-1.7541703,-0.36866045,-2.7212486,-2.405816,-0.70122254,-2.5797932,-0.2802055,-1.9688501,-1.5228192,-0.3961805,-1.8312533,1.4253242,3.0435157,1.4737636,3.2560973,1.5163105,3.6533034,2.2884507,3.5082228,1.4481903,2.3140457,1.9924421,3.368609,2.0218248,3.575996,1.3410444,2.8723254,2.5633078,0.22360428,0.6406844,0.6232788,1.3971776,2.7362502,2.399642,0.8269436,1.7279482,1.4829654,0.7199364,1.7039222,1.7739875,2.7236688,2.5464942,1.885256,3.1427789,1.908972,3.0092158,2.6808372,1.868824,3.266733,282.98895,282.98895,279.32956,279.32956,281.6874,281.6874,282.05066,282.05066,288.03488,288.03488,281.17044,281.17044,288.06393,288.06393,280.2184,280.2184,280.2184,274.7492,274.7492,274.7492,281.67654,281.67654,281.67654,275.01718,280.20755,278.18564,275.76404,279.82535,275.01718,280.20755,278.18564,275.76404,279.82535,275.01718,280.20755,278.18564,275.76404,279.82535,1.4694133,2.0286517,1.0590932,1.5723829,0.555497,4.8266616,0.85963404,0.3043074,0.0052942606,0.5708446,0.5384656,3.37921,3.0935464,0.83394736,3.0729618,0.32663795296580306,2.511615567802298,2.4251773335418205,0.6325747979772353,2.9098183134300633,3.0444558,3.2587557,3.6542926,3.5104563,2.3136373,3.3710024,3.5747035,2.8711083,0.64150876,2.7357187,1.7759157,2.725554,2.549053,1.8875694,3.1444447,1.5486159227338494,2.0778657849865017,2.6943625464358765,2.05119946898979,3.2674754763001452,1.5750426,1.2301041,2.5951993,1.9380733,1.7581403,-1.4556593,2.7150693,2.5668008,0.6362145,2.164874,1.2374501,-0.6536561,-0.5444936,1.053622,0.07148299,1.2219779697680464,-0.43374978281579635,0.26918521289405595,1.4186246710125547,0.357657162870082
2012-08-27 06:00:00,-5.7739086,-10.620359,-6.347578,-14.305893,-6.134997,-13.467046,-2.71985,-3.8950758,-3.7975886,-4.612501,-9.991003,-14.7274,-5.4043093,-7.671383,-5.2916746,-6.2421885,-6.305819,-0.3978173,-1.1719935,-0.59528834,-5.257866,-5.489859,-5.1156487,-2.5405297,-8.278641,-5.8753805,-1.7212476,-7.5673294,-4.075358,-10.90644,-9.308443,-4.851621,-10.662686,-3.1497614,-8.952709,-6.600594,-2.7604299,-8.252307,1.5811644,3.3039284,1.7382622,3.819653,1.8582824,4.356309,2.312815,3.534684,1.5569401,2.4467552,2.2747192,3.7348034,2.3574417,4.0379915,1.8094854,3.4388366,3.137661,0.29548028,0.89282984,0.8063207,1.6103697,2.9686162,2.6263146,1.0387866,2.137565,1.739735,0.83573306,1.9807918,2.0910478,3.1612387,2.8824036,2.2541323,3.5058432,2.3480794,3.6533022,3.0079193,2.2669706,3.6211698,284.43414,284.43414,281.36844,281.36844,284.27994,284.27994,282.18964,282.18964,289.2893,289.2893,282.93964,282.93964,290.61713,290.61713,282.9613,282.9613,282.9613,277.0458,277.0458,277.0458,283.181,283.181,283.181,276.59125,282.86053,279.89166,277.14502,281.51837,276.59125,282.86053,279.89166,277.14502,281.51837,276.59125,282.86053,279.89166,277.14502,281.51837,10.943907,15.330934,13.990566,4.6899204,4.5557666,16.588589,7.5326185,6.3575826,1.155542,5.6937556,5.034143,12.413422,11.033307,5.082444,11.890326,3.9461790529423286,10.679672702074837,9.766406126830319,3.256315654730196,11.12647555790622,3.3048687,3.8223116,4.357298,3.5369165,2.4463468,3.7371964,4.036699,3.4376197,0.8936542,2.9680846,2.0929759,3.1631236,2.8849623,2.256446,3.507509,1.8345773905245708,2.419268515350698,3.185200079787356,2.4237294272642904,3.621815459652958,-7.639038,-11.508622,-9.633268,-1.1530038,-2.1094196,-12.851393,-3.4959197,-2.9199631,-0.26188782,-2.7256713,-2.9411669,-9.250298,-8.148345,-2.8259983,-8.382816,-2.111601662417758,-8.26040418672414,-6.581206047042963,-0.8325862274659057,-7.504660098253262
2012-08-27 07:00:00,-9.2501135,-16.936298,-10.799392,-24.344213,-10.9475355,-22.72626,-4.557482,-6.408316,-6.0420685,-7.0086064,-15.083331,-21.742655,-9.297499,-12.056752,-10.763374,-12.310978,-12.572393,-0.92583597,-2.9623704,-1.5127627,-9.31074,-9.667659,-9.365998,-6.3960633,-12.329095,-9.194157,-3.10376,-11.708653,-10.883854,-15.756984,-14.326994,-9.348506,-16.143507,-8.51003,-13.743156,-10.709332,-5.4093246,-13.030235,1.8356792,3.7292304,2.0437598,4.470564,2.158482,4.973442,2.3452632,3.5699234,1.7549409,2.6883795,2.6223006,4.1857157,2.6159692,4.3938684,2.2449036,3.965412,3.671525,0.35125616,1.0884951,0.94836146,1.9333106,3.3206012,2.969675,1.4183782,2.41311,1.9776496,0.94258887,2.2499511,2.659173,3.455587,3.1936467,2.5945265,3.8587961,3.134895,4.0865726,3.3109837,2.6343753,3.965736,286.7944,286.7944,283.72336,283.72336,286.5558,286.5558,282.37473,282.37473,291.57324,291.57324,285.11813,285.11813,292.58386,292.58386,285.51083,285.51083,285.51083,278.82797,278.82797,278.82797,285.45993,285.45993,285.45993,279.41174,284.64517,281.4724,278.41937,283.16425,279.41174,284.64517,281.4724,278.41937,283.16425,279.41174,284.64517,281.4724,278.41937,283.16425,17.043467,25.012178,22.966408,7.5924525,6.969497,23.3001,11.85714,12.433044,2.8336053,9.910633,12.214357,17.14456,16.201975,9.39803,17.336094,10.460150926225246,15.728064295357163,14.985166472162579,5.716329758336562,16.094359041266653,3.7301705,4.4732223,4.9744306,3.572156,2.687971,4.188109,4.392576,3.964195,1.0893196,3.3200696,2.661101,3.4574728,3.1962056,2.5968406,3.8604622,2.3469783827143,2.648926876030392,3.639995038064013,2.7674955811939865,3.966287294506751,-13.313295,-20.538956,-17.991978,-4.0202966,-4.281526,-19.111992,-7.4645634,-8.46885,-1.7442858,-6.5905633,-9.553256,-13.687087,-13.00577,-6.80119,-13.475631,-8.113172543510947,-13.07913741932677,-11.345171434098566,-2.948834177142576,-12.128071746759902
2012-08-27 08:00:00,-10.959332,-19.995964,-13.338198,-29.971046,-13.660782,-27.438145,-7.321449,-10.037648,-7.3503957,-8.282186,-17.868826,-25.453342,-11.870693,-14.552229,-14.841938,-16.481653,-16.84726,-1.4324349,-4.721337,-2.427991,-12.23364,-12.571901,-12.392753,-8.863605,-15.011637,-11.948394,-3.9982333,-15.140244,-15.01284,-18.882326,-18.459278,-12.326004,-20.590776,-12.042557,-17.001919,-14.181342,-7.2262325,-17.005686,1.9080672,3.850193,2.2114697,4.827896,2.2551093,5.172083,2.4088807,3.6390133,1.9227101,2.893111,2.8068888,4.425179,2.8771522,4.7534018,2.5533128,4.3383884,4.0496645,0.41201767,1.3016503,1.1030988,2.2099183,3.6220858,3.2637727,1.607665,2.6626883,2.254376,1.0071557,2.5990317,2.9424734,3.7221973,3.5556643,2.8002086,4.3165517,3.5272477,4.479012,3.663488,2.8563776,4.412614,287.4657,287.4657,285.01614,285.01614,287.28833,287.28833,282.7376,282.7376,293.50845,293.50845,286.27505,286.27505,294.5708,294.5708,287.31668,287.31668,287.31668,280.76944,280.76944,280.76944,287.4119,287.4119,287.4119,280.8182,286.26163,283.31104,279.1894,285.29883,280.8182,286.26163,283.31104,279.1894,285.29883,280.8182,286.26163,283.31104,279.1894,285.29883,19.90617,30.183434,27.407335,11.6166315,8.290336,26.615023,14.337812,16.58569,4.4687543,12.809234,16.295767,19.893177,20.099363,12.178514,21.425264,14.403383084340632,18.835016032106715,18.807030895738507,7.269914903813833,19.746430168371017,3.851133,4.8305545,5.1730714,3.6412466,2.8927028,4.4275723,4.752109,4.3371716,1.3024747,3.6215541,2.9444015,3.7240825,3.558223,2.802522,4.3182178,2.6024914047983065,2.85694247220136,4.168982385958757,2.9752140446250444,4.413042967589216,-16.055037,-25.35288,-22.234262,-7.9753847,-5.397633,-22.18745,-9.585704,-12.248519,-3.1662798,-9.187679,-13.351364,-16.169094,-16.54114,-9.375991,-17.107046,-11.800891679542325,-15.978073559905354,-14.63804850977975,-4.294700859188788,-15.3333872007818
2012-08-27 09:00:00,-12.223311,-22.171246,-14.839225,-33.25344,-15.720974,-30.763039,-15.177047,-19.62272,-8.067788,-8.925692,-19.297094,-27.312796,-13.299863,-15.750037,-17.941477,-19.53082,-19.95419,-1.897558,-6.321555,-3.2703266,-14.201881,-14.4689865,-14.388053,-11.070024,-16.782091,-13.748989,-4.732299,-17.5469,-18.642395,-20.9187,-21.111664,-14.804642,-23.631474,-15.170576,-19.171837,-16.476696,-8.736523,-19.781586,2.0481176,4.0842214,2.3215013,5.0623355,2.3970275,5.463829,2.6671925,3.9195478,2.016194,3.007192,2.882608,4.523409,3.1292653,5.1004496,2.859137,4.7082386,4.424634,0.48303598,1.5507872,1.2839564,2.4411137,3.8740742,3.5095868,1.811002,2.8858328,2.460231,1.0699595,2.9202936,3.246803,3.9605696,3.8249664,3.000273,4.7378287,3.9487243,4.829888,3.925713,3.0723174,4.82388,288.76447,288.76447,285.86432,285.86432,288.36423,288.36423,284.21106,284.21106,294.5868,294.5868,286.74963,286.74963,296.48874,296.48874,289.1074,289.1074,289.1074,283.03864,283.03864,283.03864,289.0434,289.0434,289.0434,282.32907,287.70688,284.67877,279.9384,287.2633,282.32907,287.70688,284.67877,279.9384,287.2633,282.32907,287.70688,284.67877,279.9384,287.2633,21.922525,33.116817,30.500202,21.3622,8.967501,28.24833,15.548595,19.612326,5.9691386,14.688885,19.733864,21.497053,22.429647,14.480501,24.016388,17.7353261524172,20.690978785343525,21.061884563373887,8.54519048600572,22.017690605512442,4.0851617,5.064994,5.464818,3.9217806,3.0067835,4.5258026,5.0991564,4.7070217,1.5516114,3.8735423,3.2487311,3.962455,3.827525,3.0025866,4.739495,2.876970947778648,3.0429265116867983,4.562491796361537,3.1772604241426583,4.8241966602616255,-17.837364,-28.051825,-25.035385,-17.44042,-5.960717,-23.722527,-10.449439,-14.905305,-4.417527,-10.815342,-16.485132,-17.5346,-18.602123,-11.477915,-19.276894,-14.858355204638553,-17.648052273656727,-16.49939276701235,-5.3679300618630625,-17.193493945250815
2012-08-27 10:00:00,-13.00038,-23.45239,-15.899228,-35.53418,-17.191666,-32.991325,-17.639961,-22.600718,-8.444658,-9.243057,-19.902475,-28.080467,-13.902689,-16.1403,-19.946516,-21.451483,-21.902475,-2.1006353,-7.0169516,-3.6462672,-15.464353,-15.668547,-15.652638,-12.784227,-17.585552,-15.052147,-5.2489305,-18.99994,-21.408566,-21.81919,-23.017609,-16.553823,-25.422602,-17.57253,-20.17815,-18.123161,-9.803087,-21.445696,2.1736982,4.2940707,2.4359434,5.3061714,2.5542705,5.7870803,2.9532232,4.230185,2.0819178,3.0873957,2.8860312,4.5278497,3.3128293,5.3531346,3.1176214,5.020838,4.7415605,0.5148628,1.6624374,1.3650076,2.6504529,4.1022396,3.7321627,1.9984937,2.9789162,2.6553195,1.119009,3.1793618,3.5274174,4.0600047,4.0801835,3.1565232,5.0775495,4.337356,4.976252,4.1742234,3.240966,5.155528,289.92905,289.92905,286.7465,286.7465,289.5563,289.5563,285.84262,285.84262,295.3449,295.3449,286.7711,286.7711,297.8852,297.8852,290.6209,290.6209,290.6209,284.05557,284.05557,284.05557,290.52066,290.52066,290.52066,283.7222,288.30975,285.97498,280.52335,288.84747,283.7222,288.30975,285.97498,280.52335,288.84747,283.7222,288.30975,285.97498,280.52335,288.84747,23.096212,35.10235,32.54679,23.885307,9.312193,28.962194,15.95811,21.514082,6.615945,15.868941,22.248255,22.189363,23.966022,16.10093,25.410976,20.1695700206129,21.536862348194333,22.443648384875164,9.44106530543796,23.21342933947475,4.2950106,5.3088303,5.788069,4.2324176,3.086987,4.530243,5.351842,5.019621,1.6632618,4.1017084,3.5293453,4.06189,4.082742,3.1588366,5.079215,3.130061178388905,3.1205082233307624,4.935420501289194,3.3350579632614954,5.1557536755264115,-18.8012,-29.793518,-26.75872,-19.65289,-6.2252054,-24.431952,-10.606268,-16.494461,-4.952683,-11.767233,-18.718908,-18.127474,-19.88328,-12.942092,-20.331762,-17.039508842223995,-18.41635412486357,-17.50822788358597,-6.106007342176464,-18.057675663948338
2012-08-27 11:00:00,-13.409346,-24.069382,-16.486217,-36.77191,-18.040613,-34.18896,-18.766277,-23.99301,-8.597108,-9.363506,-20.325268,-28.633581,-13.945213,-16.045927,-21.02568,-22.488602,-22.952946,-2.203892,-7.367136,-3.8366694,-16.112944,-16.286093,-16.30331,-14.098784,-17.894499,-15.981564,-5.861697,-19.649382,-23.500395,-22.162745,-24.371647,-18.624186,-26.207829,-19.381962,-20.567383,-19.264433,-11.025685,-22.180038,2.2949712,4.4967213,2.521429,5.488313,2.6979237,6.082393,3.191435,4.4888897,2.1221077,3.1364405,2.928743,4.583259,3.4557526,5.549876,3.331028,5.278922,5.003217,0.53323793,1.7268986,1.4118023,2.8229418,4.2902427,3.9155588,2.182482,3.0160692,2.858198,1.1962811,3.348457,3.8027878,4.0996933,4.3455915,3.4026768,5.2992873,4.718726,5.034672,4.4326572,3.5066516,5.371997,291.05368,291.05368,287.40546,287.40546,290.64536,290.64536,287.20142,287.20142,295.8085,295.8085,287.0388,287.0388,298.97247,298.97247,291.87048,291.87048,291.87048,284.6427,284.6427,284.6427,291.73788,291.73788,291.73788,285.0893,288.55038,287.32294,281.4449,289.88147,285.0893,288.55038,287.32294,281.4449,289.88147,285.0893,288.55038,287.32294,281.4449,289.88147,23.651472,36.15031,33.6241,24.846577,9.450675,29.401728,15.885267,22.53789,6.943521,16.470108,24.059088,22.446686,24.910872,18.043358,25.941751,21.89829792076904,21.856501460517705,23.15126021297827,10.519597976422322,23.650598375620497,4.4976616,5.4909716,6.083382,4.4911222,3.1360319,4.5856524,5.5485835,5.2777057,1.727723,4.289711,3.804716,4.1015787,4.3481507,3.4049907,5.300953,3.3784222531018875,3.151474145695361,5.323240365127178,3.5836500067074226,5.3721631301825745,-19.15381,-30.659338,-27.540718,-20.355453,-6.3146434,-24.816076,-10.336684,-17.260185,-5.2157984,-12.180398,-20.254372,-18.345108,-20.562721,-14.638368,-20.640799,-18.51987566766715,-18.705027314822345,-17.828019847851092,-6.935947969714899,-18.278435245437922
2012-08-27 12:00:00,-13.480461,-24.109032,-16.842987,-37.48075,-18.278727,-34.46881,-19.060953,-24.378391,-8.582911,-9.34962,-20.660908,-29.09897,-13.541013,-15.587909,-21.342438,-22.839113,-23.31117,-2.2437017,-7.4963946,-3.904785,-16.254541,-16.440775,-16.461521,-15.012959,-17.883127,-16.396254,-6.201128,-19.657925,-24.942814,-22.162249,-24.978714,-19.758375,-26.223408,-20.6014,-20.538727,-19.73198,-11.674214,-22.179024,2.3925507,4.6597786,2.630709,5.7211504,2.7987816,6.289732,3.3178625,4.626193,2.13105,3.1473525,3.033867,4.719635,3.5771894,5.7170415,3.5077116,5.4925957,5.219848,0.54419297,1.7653294,1.4397006,2.957713,4.4371343,4.058851,2.3690166,3.0420032,3.022953,1.2513721,3.4003859,4.0819697,4.1273975,4.5611267,3.578173,5.367381,5.1053743,5.0754514,4.6425285,3.6960733,5.438473,291.9586,291.9586,288.24783,288.24783,291.40997,291.40997,287.92258,287.92258,295.91165,295.91165,287.69766,287.69766,299.8963,299.8963,292.90503,292.90503,292.90503,284.99274,284.99274,284.99274,292.68893,292.68893,292.68893,286.4753,288.71835,288.4176,282.1019,290.199,286.4753,288.71835,288.4176,282.1019,290.199,286.4753,288.71835,288.4176,282.1019,290.199,23.675634,36.700245,33.85543,25.004007,9.44114,29.63993,15.4507885,22.880726,7.070639,16.613884,25.21168,22.401981,25.192303,19.122314,25.895502,22.955298729801314,21.778814204781284,23.19141998822841,11.123804973972243,23.596419888474546,4.6607194,5.723809,6.2907205,4.628426,3.1469443,4.7220283,5.7157483,5.491379,1.7661538,4.436602,4.083898,4.1292825,4.563686,3.5804865,5.3690476,3.6302206978691607,3.173089419848152,5.6381848640148515,3.7608841062321225,5.438621437711569,-19.014915,-30.976437,-27.56471,-20.37558,-6.294196,-24.917902,-9.73504,-17.389347,-5.3044853,-12.177281,-21.12778,-18.2727,-20.628616,-15.541828,-20.526453,-19.325078031932154,-18.60572478493313,-17.553235124213558,-7.362920867740121,-18.15779845076298
2012-08-27 13:00:00,-13.2675495,-23.676197,-16.806355,-37.33612,-17.987007,-33.986458,-18.136114,-23.36522,-8.398908,-9.198649,-20.385454,-28.765306,-12.801917,-14.885623,-20.936745,-22.556936,-23.034498,-2.2122827,-7.3812046,-3.8373961,-15.959612,-16.20657,-16.202732,-15.210109,-17.542936,-16.375473,-6.3350897,-19.380938,-25.273663,-21.807755,-24.969639,-20.193329,-25.906582,-20.80843,-20.082577,-19.620453,-11.874361,-21.8348,2.4664755,4.78331,2.7231941,5.9182043,2.866156,6.428236,3.384182,4.698218,2.1152687,3.128094,3.074563,4.7724295,3.6650903,5.8380413,3.630416,5.6409883,5.3702946,0.5446533,1.7669443,1.4408733,3.0624535,4.551295,4.1702147,2.4940512,3.0557334,3.1637826,1.2941216,3.4738636,4.269105,4.142065,4.7453628,3.7143536,5.4637356,5.364545,5.097041,4.821923,3.8430603,5.5325375,292.64413,292.64413,288.96075,288.96075,291.92075,291.92075,288.30087,288.30087,295.7296,295.7296,287.95273,287.95273,300.565,300.565,293.6235,293.6235,293.6235,285.00745,285.00745,285.00745,293.42807,293.42807,293.42807,287.40436,288.80728,289.3533,282.61172,290.64832,287.40436,288.80728,289.3533,282.61172,290.64832,287.40436,288.80728,289.3533,282.61172,290.64832,23.269531,36.497414,33.391285,23.942533,9.283754,29.255493,14.770173,22.597399,6.9735208,16.374702,25.378256,22.049183,24.939701,19.569742,25.519726,23.02546541212785,21.29827448473984,22.675178080222846,11.382260590704185,23.240722590774283,4.78425,5.920863,6.4292245,4.700451,3.127686,4.7748227,5.8367486,5.6397715,1.7677687,4.550763,4.2710333,4.14395,4.7479215,3.7166672,5.4654007,3.799001111680071,3.184533262304771,5.9073934862728645,3.8984136183627203,5.532659463828762,-18.485281,-30.57655,-26.96206,-19.242083,-6.156068,-24.48067,-8.933425,-16.957626,-5.205752,-11.82394,-21.107224,-17.905233,-20.19178,-15.853075,-20.054325,-19.22646430044778,-18.113741222435067,-16.767784593949983,-7.483846972341464,-17.70806312694552
2012-08-27 14:00:00,-12.735134,-22.711075,-16.30285,-36.199905,-17.136465,-32.677334,-17.922918,-23.130623,-7.9916515,-8.8535595,-19.532976,-27.685482,-11.694126,-13.891261,-19.800688,-21.63861,-22.120552,-2.160777,-7.184815,-3.7197895,-15.202732,-15.556305,-15.496299,-14.821908,-16.81564,-15.763756,-6.2812576,-18.555552,-24.719772,-21.034454,-24.139349,-19.99214,-24.940395,-20.182072,-19.125942,-18.751156,-11.652913,-20.84886,2.517684,4.8688803,2.785544,6.0510507,2.912916,6.524362,3.4053411,4.7211976,2.087373,3.0940526,3.0784826,4.7775145,3.7292507,5.9263616,3.7103555,5.737664,5.4683094,0.55147463,1.7908739,1.4582444,3.111563,4.6048207,4.2224298,2.5751386,3.0670843,3.207459,1.3323929,3.5046012,4.390467,4.15419,4.8025,3.8362694,5.5040417,5.532623,5.114889,4.8775587,3.97465,5.5718865,293.11902,293.11902,289.44138,289.44138,292.27524,292.27524,288.42157,288.42157,295.40784,295.40784,287.9773,287.9773,301.0531,301.0531,294.09158,294.09158,294.09158,285.2254,285.2254,285.2254,293.77463,293.77463,293.77463,288.00687,288.8808,289.6435,283.06815,290.83627,288.00687,288.8808,289.6435,283.06815,290.83627,288.00687,288.8808,289.6435,283.06815,290.83627,22.379482,35.43737,32.16904,23.687391,8.928198,28.246681,13.7973995,21.684292,6.815824,15.72832,24.776703,21.30917,24.110777,19.451939,24.598886,22.307468837760815,20.320776568330597,21.628919371434275,11.332222118364218,22.404385311675668,4.8698206,6.0537095,6.525351,4.7234306,3.0936444,4.7799077,5.9250693,5.7364473,1.7916983,4.6042895,4.392395,4.1560755,4.805059,3.8385828,5.5057077,3.9084591713282264,3.1939938719403216,5.990884070045456,4.021536531293716,5.571997927651066,-17.509663,-29.383663,-25.643692,-18.96396,-5.834554,-23.466774,-7.87233,-15.9478445,-5.024126,-11.12403,-20.384308,-17.153095,-19.305717,-15.613357,-19.093178,-18.39900966643259,-17.126782696390276,-15.638035301388818,-7.310685587070502,-16.832387384024603
2012-08-27 15:00:00,-11.7511215,-20.988388,-15.157722,-33.69733,-15.555321,-30.21904,-16.216972,-21.16627,-7.2685246,-8.210202,-17.882366,-25.561094,-10.296713,-12.6951885,-17.792236,-19.909002,-20.38913,-2.022932,-6.6883345,-3.4356267,-13.860164,-14.355826,-14.202545,-13.701185,-15.360972,-14.359921,-5.823992,-16.916796,-23.051056,-19.438883,-22.200611,-18.457598,-22.982346,-18.50933,-17.26947,-16.876474,-10.597919,-18.913624,2.530505,4.8903046,2.814888,6.113572,2.9235392,6.5462008,3.3757548,4.6890664,2.0433888,3.0403779,3.055111,4.747195,3.7123222,5.903059,3.7446032,5.779082,5.5102997,0.5515663,1.7911955,1.458478,3.1032426,4.5957527,4.2135825,2.6053672,3.0345535,3.1320305,1.3385907,3.4814243,4.4357095,4.119439,4.7038236,3.8560123,5.47365,5.5952806,5.0637374,4.7814755,3.9959593,5.5422163,293.2379,293.2379,289.66757,289.66757,292.35577,292.35577,288.2528,288.2528,294.90048,294.90048,287.8308,287.8308,300.92432,300.92432,294.2921,294.2921,294.2921,285.22833,285.22833,285.22833,293.7159,293.7159,293.7159,288.23148,288.6701,289.14233,283.14206,290.69455,288.23148,288.6701,289.14233,283.14206,290.69455,288.23148,288.6701,289.14233,283.14206,290.69455,20.795694,33.178726,29.887304,21.867384,8.269967,26.2965,12.614704,19.966808,6.3875213,14.540638,23.203442,19.859613,22.458517,18.111723,22.816927,20.5944725761141,18.50141245607431,19.792344147982007,10.60103182987066,20.802666485220367,4.891245,6.116231,6.5471897,4.6912994,3.0399697,4.749588,5.901766,5.777865,1.79202,4.5952206,4.437638,4.1213245,4.7063828,3.8583257,5.4753156,3.9492640803598036,3.166880526600411,5.846696209417261,4.041475264585965,5.54233599779382,-15.904449,-27.062496,-23.340117,-17.176085,-5.229997,-21.546911,-6.7129383,-14.188945,-4.5955014,-9.945417,-18.765804,-15.738288,-17.752134,-14.253396,-17.341612,-16.645208495754297,-15.334531929473897,-13.945647938564747,-6.559556565284695,-15.260330487426547
2012-08-27 16:00:00,-10.004135,-17.949192,-12.914563,-28.829243,-12.868545,-25.803827,-12.681142,-16.952015,-5.992185,-6.9888725,-14.711612,-21.37667,-8.360969,-10.959578,-14.507358,-16.841291,-17.293442,-1.7368445,-5.6854877,-2.8787775,-11.579969,-12.20946,-11.925669,-11.357423,-12.592689,-11.762896,-4.895162,-13.900279,-19.440987,-16.2886,-18.517317,-15.388991,-19.249739,-15.118251,-13.860123,-13.521895,-8.598755,-15.394265,2.4752917,4.7980413,2.7884853,6.0573177,2.8789287,6.454493,3.2936153,4.599861,2.0409787,3.0374367,2.967749,4.6338615,3.544648,5.672246,3.70369,5.729603,5.4601364,0.53961897,1.7492837,1.4280524,3.053973,4.5420513,4.161198,2.5289452,2.9325366,3.001402,1.3344504,3.3742387,4.321331,4.010461,4.5329337,3.842823,5.3330956,5.436874,4.903325,4.615076,3.9817235,5.4050016,292.7259,292.7259,289.46405,289.46405,292.01758,292.01758,287.78427,287.78427,294.87268,294.87268,287.28326,287.28326,299.64874,299.64874,294.05255,294.05255,294.05255,284.8466,284.8466,284.8466,293.36823,293.36823,293.36823,287.66364,288.00937,288.2744,283.09268,290.03912,287.66364,288.00937,288.2744,283.09268,290.03912,287.66364,288.00937,288.2744,283.09268,290.03912,17.975016,28.776634,25.76371,17.880568,7.0541344,22.423597,10.881594,16.918724,5.492417,12.410751,19.899628,16.97843,19.182953,15.345339,19.417686,17.19056848377874,15.135218728163013,16.33131007635499,9.065063525659578,17.7501263875068,4.7989817,6.0599766,6.4554825,4.6020937,3.0370286,4.636255,5.6709533,5.728386,1.750108,4.5415196,4.323259,4.0123463,4.5354924,3.8451366,5.334761,3.846104169714348,3.0818528556916056,5.596988332406794,4.028155334583134,5.405159152930751,-13.176033,-22.716658,-19.308228,-13.278474,-4.0171056,-17.787342,-5.2106404,-11.190338,-3.742309,-7.869231,-15.576369,-12.966084,-14.647461,-11.500202,-14.082925,-13.344464314064393,-12.053365872471407,-10.734321743948193,-5.036908191076445,-12.34496723457605
2012-08-27 17:00:00,-6.671039,-12.036793,-8.576578,-19.310638,-8.257344,-17.397394,-4.428541,-6.2971377,-3.7518213,-4.6091638,-8.568775,-12.888672,-4.8325,-6.990766,-9.124252,-11.183212,-11.517821,-1.1936132,-3.826861,-1.8849902,-7.5602255,-8.157521,-7.7652965,-6.802494,-7.2356367,-6.7562485,-2.943509,-8.099286,-12.025116,-9.79183,-11.042214,-9.103684,-11.629766,-8.758762,-7.6461897,-7.4431834,-4.822283,-8.792472,2.3669252,4.6169577,2.7139182,5.8984413,2.7573116,6.204479,3.1767006,4.472888,1.9695301,2.9502468,2.8049264,4.4226336,3.3498118,5.404043,3.549548,5.54319,5.271143,0.5183852,1.6747942,1.3739778,2.943459,4.421598,4.043696,2.2643254,2.7212,2.7732615,1.3027554,3.135982,3.9252806,3.7847023,4.2344775,3.741857,5.020665,4.888371,4.5710173,4.324463,3.8727462,5.0999956,291.72095,291.72095,288.88925,288.88925,291.09558,291.09558,287.11737,287.11737,294.04852,294.04852,286.26276,286.26276,298.16653,298.16653,293.15,293.15,293.15,284.16812,284.16812,284.16812,292.58835,292.58835,292.58835,285.69742,286.6406,286.7586,282.7147,288.5822,285.69742,286.6406,286.7586,282.7147,288.5822,285.69742,286.6406,286.7586,282.7147,288.5822,12.311466,19.827902,17.723276,6.977373,4.6545434,14.07933,6.9404325,11.277324,3.7831583,8.354031,12.857968,10.664952,12.002488,9.3887825,12.1579485,10.483618367760034,8.671444464147765,9.48155251663123,5.659214006034661,11.180347648633093,4.617898,5.9010997,6.205468,4.4751205,2.9498384,4.425027,5.4027505,5.541973,1.6756186,4.4210663,3.927209,3.7865875,4.237036,3.7441707,5.022331,3.488900435475833,2.905710363631112,5.160877564083664,3.926189541619552,5.100236557886619,-7.693568,-13.926802,-11.517807,-2.5022526,-1.704705,-9.654304,-1.5376819,-5.73535,-2.1075397,-3.9329646,-8.930759,-6.8783646,-7.7654524,-5.644612,-7.135617,-6.9947179322842015,-5.765734100516653,-4.3206749525475665,-1.7330244644151094,-6.080111090746474
2012-08-27 18:00:00,-0.45675504,-0.82820684,-0.44454914,-1.0226101,-0.83813506,-1.8850685,0.0,0.0,-0.11620659,-0.15400036,0.0,0.0,-0.04730269,-0.077919684,-0.9769491,-1.2698866,-1.3018204,-0.14156991,-0.43292016,-0.20196399,-0.70390177,-0.7727154,-0.6968449,-0.061042815,0.0,0.0,0.0,0.0,-0.11339762,0.0,0.0,0.0,0.0,-0.07260285,0.0,0.0,0.0,0.0,2.1530879,4.25963,2.300899,5.018439,2.462393,5.5982037,2.945348,4.2216325,1.794893,2.7371337,2.2992787,3.766664,2.9575114,4.864021,2.9554844,4.8247566,4.5427647,0.46698746,1.4944878,1.2430867,2.6345773,4.084937,3.7152834,1.7254581,2.341909,2.4405675,1.154962,2.6825562,3.1187713,3.3795278,3.7992427,3.2710533,4.426079,3.771409,3.9746156,3.900665,3.364584,4.519539,289.7379,289.7379,285.7055,285.7055,288.85977,288.85977,285.7977,285.7977,292.0341,292.0341,283.09357,283.09357,295.18213,295.18213,289.67154,289.67154,289.67154,282.52585,282.52585,282.52585,290.40863,290.40863,290.40863,281.69345,284.18402,284.54813,280.95212,285.80957,281.69345,284.18402,284.54813,280.95212,285.80957,281.69345,284.18402,284.54813,280.95212,285.80957,0.8838948,1.1279377,2.0102901,0.0,0.15523417,0.0,0.07728268,1.2936606,0.4493726,0.8047428,0.13424207,0.0,0.0,0.0,0.0,0.09599048314444208,0.0,0.0,0.0,0.0,4.26057,5.021097,5.599193,4.223865,2.7367253,3.7690575,4.8627276,4.8235397,1.4953122,4.084405,3.1207,3.3814127,3.8018014,3.2733667,4.427745,2.761497490535484,2.5895830519528453,4.5249039123431904,3.450722373978297,4.519938328935227,3.3766754,3.8931596,3.5889027,4.223865,2.5814912,3.7690575,4.785445,3.5298789,1.0459396,3.2796624,2.9864578,3.3814127,3.8018014,3.2733667,4.427745,2.665507007391042,2.5895830519528453,4.5249039123431904,3.450722373978297,4.519938328935227
2012-08-27 19:00:00,0.0,0.0,0.0,0.0,0.0,0.0,0.0,0.0,0.0,0.0,0.0,0.0,0.0,0.0,0.0,0.0,0.0,0.0,0.0,0.0,0.0,0.0,0.0,0.0,0.0,0.0,0.0,0.0,0.0,0.0,0.0,0.0,0.0,0.0,0.0,0.0,0.0,0.0,2.0578616,4.100504,2.394378,5.2176104,2.3689055,5.4060173,2.6986294,3.9536889,1.6898525,2.6089509,2.4049823,3.9037921,2.6697922,4.467959,2.7072206,4.524517,4.23837,0.4372218,1.3900679,1.1672844,2.37695,3.8041399,3.4413657,1.5476675,2.098164,2.2816365,1.137858,2.5640917,2.8526769,3.1191492,3.5913265,3.2165678,4.270734,3.4028854,3.5913484,3.698213,3.305775,4.367885,288.85483,288.85483,286.4261,286.4261,288.15103,288.15103,284.39038,284.39038,290.82245,290.82245,283.75607,283.75607,292.99332,292.99332,288.21786,288.21786,288.21786,281.57477,281.57477,281.57477,288.5906,288.5906,288.5906,280.3724,282.60535,283.49216,280.74814,285.08517,280.3724,282.60535,283.49216,280.74814,285.08517,280.3724,282.60535,283.49216,280.74814,285.08517,0.0,0.0,0.0,0.0,0.0,0.0,0.0,0.0,0.0,0.0,0.0,0.0,0.0,0.0,0.0,0.0,0.0,0.0,0.0,0.0,4.1014442,5.220269,5.4070067,3.955922,2.6085424,3.9061852,4.466666,4.5233,1.3908924,3.8036082,2.8546052,3.1210344,3.5938852,3.2188814,4.2724004,2.5215025310030246,2.386429321588773,4.221092661980457,3.3956973973782185,4.3683265225137236,4.1014442,5.220269,5.4070067,3.955922,2.6085424,3.9061852,4.466666,4.5233,1.3908924,3.8036082,2.8546052,3.1210344,3.5938852,3.2188814,4.2724004,2.5215025310030246,2.386429321588773,4.221092661980457,3.3956973973782185,4.3683265225137236
2012-08-27 20:00:00,0.0,0.0,0.0,0.0,0.0,0.0,0.0,0.0,0.0,0.0,0.0,0.0,0.0,0.0,0.0,0.0,0.0,0.0,0.0,0.0,0.0,0.0,0.0,0.0,0.0,0.0,0.0,0.0,0.0,0.0,0.0,0.0,0.0,0.0,0.0,0.0,0.0,0.0,2.0260396,4.047329,2.4275386,5.288264,2.287567,5.238807,2.3600345,3.5859654,1.6309838,2.5371125,2.4468076,3.9580517,2.479212,4.205615,2.5379796,4.3198447,4.030864,0.40942457,1.2925535,1.0964952,2.2210238,3.6341896,3.2755804,1.5345657,1.9870582,2.2312086,1.2401948,2.577691,2.8330677,3.0004613,3.5253563,3.5425668,4.2885675,3.3757277,3.4166443,3.633976,3.657642,4.385295,288.55972,288.55972,286.6817,286.6817,287.5344,287.5344,282.45898,282.45898,290.1434,290.1434,284.01822,284.01822,291.5435,291.5435,287.2269,287.2269,287.2269,280.68658,280.68658,280.68658,287.49026,287.49026,287.49026,280.27505,281.88574,283.1571,281.9686,285.16833,280.27505,281.88574,283.1571,281.9686,285.16833,280.27505,281.88574,283.1571,281.9686,285.16833,0.0,0.0,0.0,0.0,0.0,0.0,0.0,0.0,0.0,0.0,0.0,0.0,0.0,0.0,0.0,0.0,0.0,0.0,0.0,0.0,4.0482683,5.2909226,5.2397957,3.5881984,2.536704,3.960445,4.2043223,4.318628,1.293378,3.6336584,2.834996,3.0023463,3.5279148,3.5448804,4.2902336,2.5038167076591753,2.2938260940228576,4.124695236463652,3.7249252346299166,4.385731509348563,4.0482683,5.2909226,5.2397957,3.5881984,2.536704,3.960445,4.2043223,4.318628,1.293378,3.6336584,2.834996,3.0023463,3.5279148,3.5448804,4.2902336,2.5038167076591753,2.2938260940228576,4.124695236463652,3.7249252346299166,4.385731509348563
2012-08-27 21:00:00,0.0,0.0,0.0,0.0,0.0,0.0,0.0,0.0,0.0,0.0,0.0,0.0,0.0,0.0,0.0,0.0,0.0,0.0,0.0,0.0,0.0,0.0,0.0,0.0,0.0,0.0,0.0,0.0,0.0,0.0,0.0,0.0,0.0,0.0,0.0,0.0,0.0,0.0,2.0927508,4.158805,2.3241658,5.068012,2.2482219,5.1579237,2.5069742,3.7455459,1.5906482,2.4878898,2.1796205,3.6114333,2.3834608,4.0738077,2.4510503,4.2147164,3.9242804,0.3833055,1.2009262,1.0299793,2.1565533,3.5639215,3.2070336,1.498435,1.9454197,2.0718958,1.233951,2.6286812,2.7789917,2.955981,3.316941,3.5226767,4.355432,3.3008363,3.3511708,3.431038,3.6361737,4.4505706,289.17838,289.17838,285.88486,285.88486,287.2361,287.2361,283.29715,283.29715,289.67813,289.67813,282.3436,282.3436,290.81506,290.81506,286.7179,286.7179,286.7179,279.85202,279.85202,279.85202,287.0353,287.0353,287.0353,280.0066,281.61606,282.0986,281.89413,285.48013,280.0066,281.61606,282.0986,281.89413,285.48013,280.0066,281.61606,282.0986,281.89413,285.48013,0.0,0.0,0.0,0.0,0.0,0.0,0.0,0.0,0.0,0.0,0.0,0.0,0.0,0.0,0.0,0.0,0.0,0.0,0.0,0.0,4.159745,5.070671,5.1589127,3.747779,2.4874816,3.6138263,4.072515,4.2134995,1.2017505,3.5633895,2.78092,2.9578662,3.3195,3.5249903,4.357098,2.4550448619049927,2.2591214832510174,3.8201552324514165,3.704838319174472,4.450989032464733,4.159745,5.070671,5.1589127,3.747779,2.4874816,3.6138263,4.072515,4.2134995,1.2017505,3.5633895,2.78092,2.9578662,3.3195,3.5249903,4.357098,2.4550448619049927,2.2591214832510174,3.8201552324514165,3.704838319174472,4.450989032464733
2012-08-27 22:00:00,0.0,0.0,0.0,0.0,0.0,0.0,0.0,0.0,0.0,0.0,0.0,0.0,0.0,0.0,0.0,0.0,0.0,0.0,0.0,0.0,0.0,0.0,0.0,0.0,0.0,0.0,0.0,0.0,0.0,0.0,0.0,0.0,0.0,0.0,0.0,0.0,0.0,0.0,2.0541363,4.0942793,2.4870853,5.415138,2.2359362,5.1326675,2.5066106,3.745151,1.5486379,2.4366243,2.2689881,3.7273686,2.2459369,3.8844993,2.2099578,3.92315,3.628678,0.36812896,1.1476858,0.9913302,2.1065915,3.509466,3.1539128,1.4684159,1.934884,2.0041611,1.2113096,2.5691473,2.7340627,2.944726,3.22833,3.4505513,4.277364,3.2386131,3.3346043,3.344755,3.5583248,4.374357,288.82028,288.82028,287.14072,287.14072,287.14297,287.14297,283.29507,283.29507,289.19354,289.19354,282.90372,282.90372,289.76886,289.76886,285.3062,285.3062,285.3062,279.3671,279.3671,279.3671,286.68274,286.68274,286.68274,279.78354,281.54782,281.64856,281.6241,285.1161,279.78354,281.54782,281.64856,281.6241,285.1161,279.78354,281.54782,281.64856,281.6241,285.1161,0.0,0.0,0.0,0.0,0.0,0.0,0.0,0.0,0.0,0.0,0.0,0.0,0.0,0.0,0.0,0.0,0.0,0.0,0.0,0.0,4.095219,5.417796,5.133656,3.7473838,2.4362156,3.7297616,3.8832066,3.921933,1.1485103,3.5089345,2.735991,2.9466114,3.2308881,3.4528651,4.27903,2.4145227042811075,2.2503402781264463,3.690674147280061,3.631998553621286,4.374796706610491,4.095219,5.417796,5.133656,3.7473838,2.4362156,3.7297616,3.8832066,3.921933,1.1485103,3.5089345,2.735991,2.9466114,3.2308881,3.4528651,4.27903,2.4145227042811075,2.2503402781264463,3.690674147280061,3.631998553621286,4.374796706610491
2012-08-27 23:00:00,0.0,0.0,0.0,0.0,0.0,0.0,0.0,0.0,0.0,0.0,0.0,0.0,0.0,0.0,0.0,0.0,0.0,0.0,0.0,0.0,0.0,0.0,0.0,0.0,0.0,0.0,0.0,0.0,0.0,0.0,0.0,0.0,0.0,0.0,0.0,0.0,0.0,0.0,2.0555482,4.0966387,2.5279102,5.502122,2.171581,5.0003695,2.4530027,3.6869314,1.5292586,2.4129748,2.4623551,3.978221,2.1275606,3.7215478,2.218651,3.9336634,3.639337,0.32976356,1.0130978,0.89362764,1.9572861,3.3467329,2.9951663,1.4194092,1.9752032,1.8246479,1.2167397,2.2700934,2.660716,2.9877973,2.993488,3.467849,3.8852098,3.137032,3.398003,3.1160848,3.576996,3.9915216,288.83337,288.83337,287.4554,287.4554,286.6551,286.6551,282.9893,282.9893,288.97,288.97,284.11566,284.11566,288.86832,288.86832,285.35712,285.35712,285.35712,278.14124,278.14124,278.14124,285.62912,285.62912,285.62912,279.4194,281.80896,280.45584,281.68887,283.2874,279.4194,281.80896,280.45584,281.68887,283.2874,279.4194,281.80896,280.45584,281.68887,283.2874,0.0,0.0,0.0,0.0,0.0,0.0,0.0,0.0,0.0,0.0,0.0,0.0,0.0,0.0,0.0,0.0,0.0,0.0,0.0,0.0,4.0975785,5.5047803,5.0013585,3.6891644,2.4125664,3.980614,3.720255,3.9324465,1.0139222,3.3462012,2.6626441,2.9896822,2.9960468,3.4701626,3.8868756,2.3483699631717627,2.283945274660862,3.3475189800086107,3.649467584193603,3.9920658364757102,4.0975785,5.5047803,5.0013585,3.6891644,2.4125664,3.980614,3.720255,3.9324465,1.0139222,3.3462012,2.6626441,2.9896822,2.9960468,3.4701626,3.8868756,2.3483699631717627,2.283945274660862,3.3475189800086107,3.649467584193603,3.9920658364757102
2012-09-21 00:00:00,0.0,0.0,0.0,0.0,0.0,0.0,0.0,0.0,0.0,0.0,0.0,0.0,0.0,0.0,0.0,0.0,0.0,0.0,0.0,0.0,0.0,0.0,0.0,0.0,0.0,0.0,0.0,0.0,0.0,0.0,0.0,0.0,0.0,0.0,0.0,0.0,0.0,0.0,1.1513705,2.585731,1.4979608,3.307653,1.2679428,3.1427243,1.4182519,2.563163,1.2293098,2.0469415,1.3065157,2.4787664,1.7067064,3.1422186,0.9552227,2.4057295,2.0902536,0.20444594,0.5734758,0.57448953,0.96265,2.262643,1.9376391,0.9362885,1.6119229,1.3385164,0.6969675,1.4626459,1.9376414,2.5997262,2.3575237,1.8120872,2.826389,2.1356215,2.8267775,2.4968326,1.7898493,2.9578614,280.44843,280.44843,279.51608,279.51608,279.8045,279.8045,277.0869,277.0869,285.5101,285.5101,276.87134,276.87134,285.6667,285.6667,277.9593,277.9593,277.9593,274.13705,274.13705,274.13705,278.61017,278.61017,278.61017,275.82965,279.4561,277.2259,275.4901,278.34998,275.82965,279.4561,277.2259,275.4901,278.34998,275.82965,279.4561,277.2259,275.4901,278.34998,0.0,0.0,0.0,0.0,0.0,0.0,0.0,0.0,0.0,0.0,0.0,0.0,0.0,0.0,0.0,0.0,0.0,0.0,0.0,0.0,2.586671,3.3103118,3.1437132,2.5653958,2.0465333,2.4811597,3.140926,2.4045126,0.5743001,2.2621114,1.9395695,2.6016111,2.3600824,1.8144007,2.8280551,1.696217701694131,1.9811625671924773,2.4182351545898104,1.977305963609433,2.9586886548211226,2.586671,3.3103118,3.1437132,2.5653958,2.0465333,2.4811597,3.140926,2.4045126,0.5743001,2.2621114,1.9395695,2.6016111,2.3600824,1.8144007,2.8280551,1.696217701694131,1.9811625671924773,2.4182351545898104,1.977305963609433,2.9586886548211226
2012-09-21 01:00:00,0.0,0.0,0.0,0.0,0.0,0.0,0.0,0.0,0.0,0.0,0.0,0.0,0.0,0.0,0.0,0.0,0.0,0.0,0.0,0.0,0.0,0.0,0.0,0.0,0.0,0.0,0.0,0.0,0.0,0.0,0.0,0.0,0.0,0.0,0.0,0.0,0.0,0.0,1.1805732,2.6345298,1.6257443,3.5799162,1.2649158,3.1365013,1.4337456,2.5799897,1.1921437,2.001587,1.6562397,2.9324584,1.7448761,3.1947615,0.98999655,2.4477835,2.1328895,0.15010078,0.38282952,0.43609235,0.8841376,2.1770694,1.8541623,0.9317253,1.6251585,1.3375883,0.71066797,1.7682723,1.9308119,2.613865,2.35631,1.8557309,3.2271624,2.1261632,2.847589,2.4956508,1.836956,3.3491116,280.71924,280.71924,280.5011,280.5011,279.78156,279.78156,277.1753,277.1753,285.0814,285.0814,279.06326,279.06326,285.95706,285.95706,278.1629,278.1629,278.1629,272.4006,272.4006,272.4006,278.05612,278.05612,278.05612,275.79575,279.5418,277.21973,275.6535,280.21884,275.79575,279.5418,277.21973,275.6535,280.21884,275.79575,279.5418,277.21973,275.6535,280.21884,0.0,0.0,0.0,0.0,0.0,0.0,0.0,0.0,0.0,0.0,0.0,0.0,0.0,0.0,0.0,0.0,0.0,0.0,0.0,0.0,2.6354697,3.5825748,3.13749,2.5822225,2.0011787,2.9348516,3.1934688,2.4465666,0.38453802,2.1765378,1.93274,2.61575,2.3588686,1.8580443,3.2288284,1.6900581563226524,1.9921940543100622,2.4164615613705376,2.0213819248178146,3.349831402996815,2.6354697,3.5825748,3.13749,2.5822225,2.0011787,2.9348516,3.1934688,2.4465666,0.38453802,2.1765378,1.93274,2.61575,2.3588686,1.8580443,3.2288284,1.6900581563226524,1.9921940543100622,2.4164615613705376,2.0213819248178146,3.349831402996815
2012-09-21 02:00:00,0.0,0.0,0.0,0.0,0.0,0.0,0.0,0.0,0.0,0.0,0.0,0.0,0.0,0.0,0.0,0.0,0.0,0.0,0.0,0.0,0.0,0.0,0.0,0.0,0.0,0.0,0.0,0.0,0.0,0.0,0.0,0.0,0.0,0.0,0.0,0.0,0.0,0.0,1.2254928,2.7095916,1.5362599,3.3892553,1.297534,3.2035563,1.3299328,2.4672463,1.2502768,2.072528,1.6920326,2.9788918,1.7911932,3.2585194,0.90944135,2.3503637,2.034121,0.15368527,0.3954041,0.44522074,0.8758344,2.1680198,1.8453339,0.87426627,1.6225858,1.2675021,0.7169092,1.8474151,1.8448143,2.611117,2.264622,1.8756125,3.3309436,2.0070622,2.8435435,2.4063723,1.8584154,3.4504268,281.1358,281.1358,279.8113,279.8113,280.02884,280.02884,276.58313,276.58313,285.75195,285.75195,279.2876,279.2876,286.30942,286.30942,277.69122,277.69122,277.69122,272.51514,272.51514,272.51514,277.99753,277.99753,277.99753,275.3688,279.52515,276.75406,275.72794,280.7028,275.3688,279.52515,276.75406,275.72794,280.7028,275.3688,279.52515,276.75406,275.72794,280.7028,0.0,0.0,0.0,0.0,0.0,0.0,0.0,0.0,0.0,0.0,0.0,0.0,0.0,0.0,0.0,0.0,0.0,0.0,0.0,0.0,2.7105317,3.391914,3.204545,2.4694788,2.0721195,2.9812853,3.257227,2.3491466,0.39697748,2.1674879,1.8467424,2.6130018,2.2671804,1.8779261,3.3326097,1.612495564291163,1.9900498065470853,2.2824850319998378,2.0414606079308597,3.4511188456488853,2.7105317,3.391914,3.204545,2.4694788,2.0721195,2.9812853,3.257227,2.3491466,0.39697748,2.1674879,1.8467424,2.6130018,2.2671804,1.8779261,3.3326097,1.612495564291163,1.9900498065470853,2.2824850319998378,2.0414606079308597,3.4511188456488853
2012-09-21 03:00:00,0.0,0.0,0.0,0.0,0.0,0.0,0.0,0.0,0.0,0.0,0.0,0.0,0.0,0.0,0.0,0.0,0.0,0.0,0.0,0.0,0.0,0.0,0.0,0.0,0.0,0.0,0.0,0.0,0.0,0.0,0.0,0.0,0.0,0.0,0.0,0.0,0.0,0.0,1.1791812,2.6322036,1.5760555,3.4740458,1.3160955,3.2417138,1.318842,2.4552014,1.2621505,2.0870175,1.6651645,2.944037,1.7925894,3.2604413,0.79288745,2.2094088,1.8912151,0.2109912,0.596437,0.59115803,0.8102179,2.0965016,1.7755686,0.9687925,1.6119369,1.2326859,0.7323831,1.7575421,1.9862891,2.5997412,2.2190752,1.9249053,3.2130919,2.2029958,2.8267992,2.3620224,1.9116194,3.3353755,280.70633,280.70633,280.11807,280.11807,280.16956,280.16956,276.51987,276.51987,285.88892,285.88892,279.1192,279.1192,286.32004,286.32004,277.00876,277.00876,277.00876,274.3462,274.3462,274.3462,277.5345,277.5345,277.5345,276.07117,279.45618,276.52274,275.91248,280.15323,276.07117,279.45618,276.52274,275.91248,280.15323,276.07117,279.45618,276.52274,275.91248,280.15323,0.0,0.0,0.0,0.0,0.0,0.0,0.0,0.0,0.0,0.0,0.0,0.0,0.0,0.0,0.0,0.0,0.0,0.0,0.0,0.0,2.6331437,3.4767046,3.2427027,2.4574342,2.0866091,2.9464302,3.2591486,2.2081916,0.59726137,2.0959702,1.9882174,2.6016262,2.221634,1.9272188,3.214758,1.7400940671935738,1.9811743487735918,2.215931385454854,2.091241582422283,3.336099028062905,2.6331437,3.4767046,3.2427027,2.4574342,2.0866091,2.9464302,3.2591486,2.2081916,0.59726137,2.0959702,1.9882174,2.6016262,2.221634,1.9272188,3.214758,1.7400940671935738,1.9811743487735918,2.215931385454854,2.091241582422283,3.336099028062905
2012-09-21 04:00:00,0.0,0.0,0.0,0.0,0.0,0.0,0.0,0.0,0.0,0.0,0.0,0.0,0.0,0.0,0.0,0.0,0.0,0.0,0.0,0.0,0.0,0.0,0.0,0.0,0.0,0.0,0.0,0.0,0.0,0.0,0.0,0.0,0.0,0.0,0.0,0.0,0.0,0.0,1.1380033,2.563394,1.5623296,3.4448013,1.2912422,3.1906219,1.2800757,2.4130998,1.274487,2.1020722,1.5840162,2.838764,1.7858461,3.2511585,0.760558,2.170311,1.8515761,0.16363549,0.43031016,0.4705603,0.7920461,2.0766957,1.7562476,0.8431135,1.5231465,1.1825385,0.75597125,1.737719,1.7981888,2.5048919,2.1534715,2.0000467,3.1870975,1.9424889,2.6871843,2.2981424,1.9927232,3.3099983,280.32446,280.32446,280.01227,280.01227,279.98114,279.98114,276.29874,276.29874,286.03122,286.03122,278.6106,278.6106,286.26874,286.26874,276.81946,276.81946,276.81946,272.83307,272.83307,272.83307,277.40625,277.40625,277.40625,275.13733,278.8811,276.18954,276.1938,280.032,275.13733,278.8811,276.18954,276.1938,280.032,275.13733,278.8811,276.18954,276.1938,280.032,0.0,0.0,0.0,0.0,0.0,0.0,0.0,0.0,0.0,0.0,0.0,0.0,0.0,0.0,0.0,0.0,0.0,0.0,0.0,0.0,2.564334,3.4474597,3.1916108,2.4153326,2.1016638,2.8411572,3.249866,2.1690938,0.43150842,2.076164,1.8001168,2.5067766,2.15603,2.0023603,3.1887634,1.5704432225785936,1.9071703105949613,2.120069549969613,2.167127314663385,3.3107292637663965,2.564334,3.4474597,3.1916108,2.4153326,2.1016638,2.8411572,3.249866,2.1690938,0.43150842,2.076164,1.8001168,2.5067766,2.15603,2.0023603,3.1887634,1.5704432225785936,1.9071703105949613,2.120069549969613,2.167127314663385,3.3107292637663965
2012-09-21 05:00:00,0.0,0.0,0.0,0.0,0.0,0.0,0.0,0.0,0.0,0.0,0.0,0.0,0.0,0.0,0.0,0.0,0.0,0.0,0.0,0.0,0.0,0.0,0.0,0.0,0.0,0.0,0.0,0.0,0.0,0.0,0.0,0.0,0.0,0.0,0.0,0.0,0.0,0.0,1.1929567,2.6552227,1.6111003,3.5487142,1.2404971,3.0863032,1.3190668,2.4554455,1.2771777,2.1053557,1.5593833,2.806808,1.7760338,3.2376516,0.52893573,1.8901972,1.567585,0.16071765,0.4200742,0.46312967,0.7310698,2.0102353,1.6914159,0.8952333,1.4030174,1.2053849,0.7682823,1.6744418,1.876195,2.3765647,2.1833587,2.0392642,3.1041212,2.0505226,2.4982922,2.3272445,2.0350528,3.228994,280.83408,280.83408,280.3882,280.3882,279.59644,279.59644,276.52115,276.52115,286.06226,286.06226,278.4562,278.4562,286.1941,286.1941,275.46323,275.46323,275.46323,272.73984,272.73984,272.73984,276.97595,276.97595,276.97595,275.5246,278.10306,276.34134,276.3406,279.64508,275.5246,278.10306,276.34134,276.3406,279.64508,275.5246,278.10306,276.34134,276.3406,279.64508,0.0,0.0,0.0,0.0,0.0,0.0,0.0,0.0,0.0,0.0,0.0,0.0,0.0,0.0,0.0,0.0,0.0,0.0,0.0,0.0,2.6561625,3.551373,3.087292,2.457678,2.1049473,2.8092012,3.236359,1.8889803,0.4213825,2.0097036,1.8781232,2.3784497,2.1859176,2.0415778,3.1057868,1.6407984257865709,1.8070465070838069,2.1637420879530884,2.2067331139486903,3.2297465745631175,2.6561625,3.551373,3.087292,2.457678,2.1049473,2.8092012,3.236359,1.8889803,0.4213825,2.0097036,1.8781232,2.3784497,2.1859176,2.0415778,3.1057868,1.6407984257865709,1.8070465070838069,2.1637420879530884,2.2067331139486903,3.2297465745631175
2012-09-21 06:00:00,-2.7842937,-5.1218157,-3.8463714,-8.324295,-2.1885638,-5.2388854,-3.1068938,-4.2514873,-1.0517261,-1.3477376,-3.7803187,-5.756919,-1.0975168,-1.7208925,-0.61912084,-0.5826813,-0.486669,-0.010511031,-0.011332392,-0.009292267,-1.2654356,-1.1651884,-0.94542724,-1.0098146,-2.8703983,-0.90379375,-0.86600673,-3.662969,-1.5373032,-3.886692,-1.4586289,-2.203899,-5.1987357,-1.1720122,-3.0042815,-0.9298799,-1.2428837,-3.8847427,1.4012947,3.0033617,2.0832942,4.5547976,1.3592808,3.3304915,1.56517,2.72272,1.3056027,2.1400433,1.5828522,2.837254,1.8058755,3.2787304,0.6987293,2.095538,1.7757679,0.18882528,0.51867753,0.53470945,0.87826496,2.1706688,1.847918,0.9408023,1.4645545,1.2298566,0.8513093,1.7194283,1.944397,2.4423008,2.2153738,2.303751,3.1631122,2.1449776,2.5950532,2.358418,2.3205266,3.2865832,282.7661,282.7661,284.0281,284.0281,280.49695,280.49695,277.92496,277.92496,286.39014,286.39014,278.6033,278.6033,286.4211,286.4211,276.45743,276.45743,276.45743,273.63794,273.63794,273.63794,278.01468,278.01468,278.01468,275.8632,278.50162,276.50394,277.33078,279.92017,275.8632,278.50162,276.50394,277.33078,279.92017,275.8632,278.50162,276.50394,277.33078,279.92017,5.3659797,8.905551,5.5743833,5.4256735,1.3187118,7.0507417,1.6809372,0.62213457,0.01463407,1.2472186,2.0202081,4.8667665,1.9399548,2.4093277,6.027503,1.4322520446441223,3.9015586652849623,1.5561609962503022,1.6696171279271892,5.705711881903459,3.0043018,4.5574565,3.3314803,2.724953,2.1396348,2.8396475,3.2774377,2.0943208,0.51950186,2.170137,1.9463251,2.4441862,2.2179325,2.3060646,3.1647782,1.702310717322623,1.8583356568722234,2.210522804152518,2.4738396954517055,3.287320354867429,-2.361678,-4.348095,-2.242903,-2.7007203,0.8209231,-4.211094,1.5965006,1.4721862,0.5048678,0.9229184,-0.07388317,-2.4225802,0.27797776,-0.10326312,-2.8627248,0.2700586726785008,-2.043223008412739,0.6543618079022158,0.8042225675245163,-2.4183915270360297
2012-09-21 07:00:00,-6.7018247,-12.350752,-7.597816,-16.220213,-7.4859533,-16.810654,-6.609477,-8.803977,-2.6741996,-3.2995274,-7.7672043,-11.589528,-3.8681226,-5.4524,-4.1921206,-4.60773,-4.578233,-0.10563095,-0.15104994,-0.11430986,-4.556851,-4.582077,-4.2806306,-4.212549,-6.2280784,-2.3320298,-2.380814,-7.15019,-7.0340524,-8.073387,-3.7366977,-6.539597,-9.860014,-5.453414,-6.839294,-2.538028,-3.8172152,-7.820899,1.6700032,3.452381,2.0643308,4.5143933,1.7898496,4.2156286,1.8742647,3.0584059,1.4119529,2.2698243,1.8028924,3.122709,1.9180462,3.4331398,1.3350351,2.8650575,2.5559397,0.24062034,0.70037764,0.6666125,1.2367538,2.5613983,2.2290745,1.3552678,1.7031683,1.3321594,1.0479553,1.8970429,2.564717,2.6971982,2.3492076,2.9301775,3.396021,3.0040803,2.9702523,2.4887352,2.99666,3.5139573,285.258,285.258,283.88193,283.88193,283.76114,283.76114,279.68808,279.68808,287.61688,287.61688,279.98242,279.98242,287.27444,287.27444,280.18323,280.18323,280.18323,275.2929,275.2929,275.2929,280.54446,280.54446,280.54446,278.9428,280.04706,277.18365,279.67596,281.00626,278.9428,280.04706,277.18365,279.67596,281.00626,278.9428,280.04706,277.18365,279.67596,281.00626,12.491769,16.743017,17.011827,10.576447,3.2382102,13.429101,5.328789,4.685962,0.16822155,4.7447305,8.034894,9.537164,4.7191405,6.6839266,10.955844,6.643699223851792,8.495189198366502,4.102605126007839,4.312637142186625,10.294084441464753,3.453321,4.5170517,4.2166176,3.0606384,2.2694159,3.1251023,3.4318466,2.8638408,0.7012021,2.5608668,2.5666451,2.6990833,2.3517663,2.932491,3.3976872,2.2617870468203853,2.057212673291457,2.406083406988457,3.106470511847015,3.5146326765060047,-9.038447,-12.225965,-12.795211,-7.5158086,-0.96879417,-10.303999,-1.8969427,-1.8221213,0.53298056,-2.1838636,-5.468249,-6.83808,-2.3673742,-3.7514358,-7.5581565,-4.381912177031406,-6.437976525075045,-1.6965217190193824,-1.20616663033961,-6.779451764958748
2012-09-21 08:00:00,-9.112918,-16.69153,-10.1657715,-21.553396,-11.312136,-24.24672,-8.9135275,-11.681699,-4.0763392,-4.871866,-10.390901,-15.366641,-6.038023,-7.983226,-8.565217,-9.497704,-9.657303,-0.31878194,-0.826618,-0.4691136,-7.5557375,-7.6945767,-7.467504,-6.918579,-8.233878,-5.1376157,-3.641642,-9.58828,-11.496428,-10.467103,-8.046091,-10.2367115,-13.031531,-9.24697,-9.246025,-6.020505,-6.1135244,-10.644734,1.9008405,3.8381171,2.2635896,4.9389453,2.055756,4.7622633,2.0393462,3.237689,1.5154032,2.396067,1.9707307,3.3404431,2.1282187,3.7224536,1.7409904,3.3560019,3.0536795,0.2823935,0.8469207,0.77299345,1.530785,2.8818738,2.5416973,1.638452,1.8471205,1.463633,1.2258623,2.076913,2.988552,2.850974,2.521203,3.4969096,3.6318884,3.5910637,3.1966043,2.656211,3.6083622,3.7442198,287.39868,287.39868,285.4179,285.4179,285.777,285.777,280.62973,280.62973,288.81018,288.81018,281.03436,281.03436,288.87332,288.87332,282.56024,282.56024,282.56024,276.62766,276.62766,276.62766,282.6194,282.6194,282.6194,281.04697,280.9794,278.0572,281.79767,282.10614,281.04697,280.9794,278.0572,281.79767,282.10614,281.04697,280.9794,278.0572,281.79767,282.10614,16.603693,21.646547,24.061539,13.623944,4.7966175,17.273958,7.817239,9.542684,0.7971361,7.872978,12.47041,12.018307,9.53524,10.162948,14.104291,10.815993519578388,11.200033100907172,9.264106987346583,6.39199558872868,13.180997534563566,3.8390572,4.9416037,4.7632527,3.2399218,2.3956585,3.3428366,3.7211607,3.354785,0.847745,2.8813422,2.9904802,2.852859,2.5237617,3.4992232,3.6335545,2.6440503175837278,2.1771923681755236,2.6574068342580626,3.6788158848487917,3.744831990456267,-12.764635,-16.704943,-19.298286,-10.384023,-2.400959,-13.931122,-4.096078,-6.1878986,0.050608933,-4.9916363,-9.479931,-9.165447,-7.011478,-6.6637244,-10.4707365,-8.17194320199466,-9.022840732731648,-6.6067001530885205,-2.713179703879888,-9.4361655441073
2012-09-21 09:00:00,-10.399889,-18.950697,-11.632921,-24.546932,-13.426844,-28.030869,-11.392685,-14.858194,-6.118002,-6.9359565,-12.2791,-18.085161,-8.667043,-10.674901,-13.193279,-14.498199,-14.806377,-0.5050327,-1.4374576,-0.7929446,-10.390136,-10.598926,-10.454266,-8.56876,-9.71731,-7.153079,-3.9521093,-11.329164,-14.121357,-12.227412,-11.325382,-11.134065,-15.2583275,-11.5809965,-11.04419,-8.614512,-6.760604,-12.670691,2.024325,4.044463,2.3923037,5.21319,2.166666,4.9902654,2.3928895,3.6216464,1.5942941,2.4923387,2.1259286,3.5417798,2.355456,4.035258,2.2276053,3.9444923,3.6503158,0.31768826,0.9707368,0.8628763,1.8765813,3.2587695,2.9093587,1.8032887,1.9853007,1.6755183,1.2215812,2.2292645,3.2352586,2.998584,2.7983947,3.483272,3.8316696,3.932736,3.4138806,2.9261181,3.5936422,3.9392538,288.54382,288.54382,286.4101,286.4101,286.61783,286.61783,282.6464,282.6464,289.72018,289.72018,282.00708,282.00708,290.60202,290.60202,285.40955,285.40955,285.40955,277.7554,277.7554,277.7554,285.0596,285.0596,285.0596,282.27176,281.87436,279.465,281.7466,283.03775,282.27176,281.87436,279.465,281.7466,283.03775,282.27176,281.87436,279.465,281.7466,283.03775,18.69652,24.292345,27.575403,16.66264,6.8372717,19.904108,10.472173,14.485811,1.3577709,10.768374,14.955379,13.742252,12.90544,10.958429,16.228924,13.242047750966382,13.104919072277577,12.65933759651974,6.860453512778998,15.109359998601146,4.0454035,5.2158494,4.9912543,3.6238794,2.4919305,3.5441728,4.0339656,3.9432752,0.9715612,3.2582378,3.237187,3.000469,2.8009534,3.4855855,3.8333356,2.8665590430012973,2.2923612507708606,3.062444600586115,3.665043176013972,3.9398125530643986,-14.651115,-19.076496,-22.58415,-13.038759,-4.345341,-16.359936,-6.4382076,-10.542536,-0.38620976,-7.510136,-11.718191,-10.741784,-10.104486,-7.472844,-12.395589,-10.375488707965085,-10.812557821506715,-9.596892995933624,-3.1954103367650255,-11.169547445536747
2012-09-21 10:00:00,-11.044027,-20.066101,-12.334129,-25.963806,-15.143446,-30.93026,-13.0299425,-16.890821,-7.128208,-7.88658,-13.376664,-19.662888,-10.143957,-12.069436,-16.420736,-17.87658,-18.263548,-0.6449299,-1.8997711,-1.0393713,-12.515304,-12.7483225,-12.666985,-9.778993,-10.994372,-9.094784,-4.211775,-12.67068,-16.020123,-13.765529,-14.530382,-11.894756,-16.980183,-13.27503,-12.571392,-11.081017,-7.281671,-14.218013,2.0806208,4.1385355,2.4409711,5.316885,2.3359408,5.3382506,2.59838,3.8448155,1.6864687,2.6048212,2.230595,3.6775622,2.5517044,4.305405,2.6336284,4.4355183,4.148139,0.34574044,1.0691457,0.934315,2.2100525,3.6222317,3.2639155,1.9487765,2.1536322,1.9533014,1.2421396,2.3984747,3.4530067,3.1784027,3.1617942,3.5487618,4.053558,4.2343025,3.6785667,3.279968,3.6643286,4.1558695,289.0659,289.0659,286.78525,286.78525,287.90112,287.90112,283.81854,283.81854,290.78342,290.78342,282.6631,282.6631,292.09497,292.09497,287.78696,287.78696,287.78696,278.65173,278.65173,278.65173,287.41284,287.41284,287.41284,283.35278,282.9646,281.31064,281.9918,284.07245,283.35278,282.9646,281.31064,281.9918,284.07245,283.35278,282.9646,281.31064,281.9918,284.07245,19.71686,25.527351,30.255713,18.515852,7.7994905,21.375065,11.860091,17.815025,1.7812003,12.896706,16.686043,15.148997,16.000145,11.641238,17.800081,14.929375973956994,14.599455414267773,15.49241040455965,7.261131967427993,16.51598546341857,4.1394753,5.319543,5.33924,3.8470483,2.604413,3.679955,4.304112,4.4343014,1.0699701,3.6217,3.4549348,3.1802876,3.164353,3.5510755,4.055224,3.062949300151508,2.4326602458850397,3.5934513863047832,3.731181814853744,4.1563689121966,-15.577385,-20.207808,-24.916473,-14.668804,-5.1950774,-17.69511,-7.5559793,-13.380725,-0.71123016,-9.275005,-13.231108,-11.96871,-12.835793,-8.090163,-13.744857,-11.866426673805485,-12.166795168382734,-11.898959018254866,-3.5299501525742487,-12.35961655122197
2012-09-21 11:00:00,-11.533771,-20.827148,-13.051626,-27.367355,-16.1745,-32.57691,-14.65164,-18.86388,-7.408744,-8.160398,-13.739734,-20.179405,-10.566618,-12.480871,-18.233925,-19.771374,-20.198101,-0.73495364,-2.1971967,-1.1967562,-13.753667,-14.003715,-13.956852,-10.525892,-11.834182,-10.685322,-4.6237836,-13.506545,-17.18566,-14.790742,-17.111967,-13.10508,-18.058577,-14.304267,-13.559549,-13.0853405,-8.0245285,-15.171718,2.2400215,4.404898,2.6068957,5.6704125,2.4934254,5.6619983,2.7940266,4.057293,1.7687169,2.7051907,2.263184,3.7198389,2.7071235,4.519347,2.9511743,4.819544,4.53748,0.36635152,1.1414506,0.9868039,2.4957373,3.93361,3.5676644,2.0611854,2.296793,2.2215812,1.3349544,2.5383594,3.6212459,3.3313327,3.512761,3.8444288,4.2369914,4.467303,3.9036741,3.6217122,3.9834569,4.334944,290.5441,290.5441,288.06427,288.06427,289.09503,289.09503,284.93454,284.93454,291.73215,291.73215,282.86734,282.86734,293.2773,293.2773,289.6463,289.6463,289.6463,279.3103,279.3103,279.3103,289.42886,289.42886,289.42886,284.18802,283.8918,283.09314,283.0987,284.92783,284.18802,283.8918,283.09314,283.0987,284.92783,284.18802,283.8918,283.09314,283.0987,284.92783,20.409948,26.654362,31.76575,20.243921,8.099243,21.851168,12.282356,19.677223,2.0555801,14.130178,17.709936,16.020868,18.327236,12.760926,18.740044,15.91218606555607,15.485937153534323,17.51066213057901,7.923059459262365,17.34624384133015,4.4058385,5.673071,5.662987,4.059526,2.7047822,3.7222323,4.518055,4.818327,1.142275,3.9330783,3.6231744,3.3332179,3.5153203,3.8467424,4.2386575,3.214687011467436,2.5519801722266524,4.106292011772586,4.029777106035889,4.335394371276868,-16.00411,-20.98129,-26.102764,-16.184395,-5.3944616,-18.128937,-7.764302,-14.858896,-0.91330504,-10.197101,-14.086761,-12.687651,-14.811915,-8.914185,-14.501387,-12.697499054088633,-12.93395698130767,-13.404370118806424,-3.8932823532264766,-13.010849470053282
2012-09-21 12:00:00,-11.618098,-20.88227,-13.3156395,-27.83688,-16.525433,-33.08017,-14.850759,-19.11756,-7.4246573,-8.191327,-13.940205,-20.48664,-10.548577,-12.489652,-18.70905,-20.336143,-20.779694,-0.81257,-2.451906,-1.3284118,-14.210405,-14.502698,-14.459393,-10.864056,-11.953551,-11.2054615,-4.816766,-13.814088,-17.7281,-14.957428,-17.968796,-13.662063,-18.478401,-14.747402,-13.679468,-13.709223,-8.353646,-15.509097,2.3677545,4.6183443,2.748405,5.97192,2.624221,5.93088,2.8403368,4.107587,1.8301014,2.7800994,2.3050342,3.7741303,2.8262901,4.6833873,3.1348782,5.0417075,4.762718,0.3884735,1.219056,1.0431404,2.7352185,4.1946297,3.822288,2.1456738,2.3447454,2.3537161,1.3942038,2.6367412,3.7476978,3.3825574,3.6856225,4.033171,4.366001,4.642431,3.9790754,3.790031,4.1871758,4.4608884,291.72864,291.72864,289.1551,289.1551,290.0866,290.0866,285.1987,285.1987,292.44022,292.44022,283.12964,283.12964,294.18387,294.18387,290.72195,290.72195,290.72195,280.01715,280.01715,280.01715,291.11884,291.11884,291.11884,284.8158,284.2024,283.97107,283.8053,285.52942,284.8158,284.2024,283.97107,283.8053,285.52942,284.8158,284.2024,283.97107,283.8053,285.52942,20.449951,26.950497,32.2186,20.433796,8.153764,22.11059,12.305856,20.22991,2.294895,14.612414,18.156054,16.13167,19.030375,13.278898,19.06773,16.303862700279748,15.549195096539027,17.996629940301887,8.231840449421869,17.624245315560206,4.6192837,5.974579,5.9318695,4.10982,2.7796907,3.7765238,4.682094,5.0404906,1.2198803,4.1940975,3.749626,3.3844428,3.6881812,4.035485,4.367667,3.328735623381644,2.5919472225633067,4.358879782723258,4.220388761960219,4.461304281542995,-15.8306675,-20.975918,-26.28673,-16.323977,-5.3740735,-18.334066,-7.623761,-15.18942,-1.0750146,-10.418316,-14.406426,-12.747227,-15.342194,-9.243413,-14.700063,-12.975127076898104,-12.95724787397572,-13.63775015757863,-4.0114516874616495,-13.16294103401721
2012-09-21 13:00:00,-11.306563,-20.302917,-13.081241,-27.327915,-16.233997,-32.531128,-14.274895,-18.46606,-7.1883035,-7.99475,-13.426519,-19.785202,-10.080726,-12.100702,-18.306433,-20.103188,-20.558151,-0.84397143,-2.552767,-1.3741162,-13.923122,-14.2939,-14.2200575,-10.666947,-11.576524,-11.025071,-4.781553,-13.474929,-17.46176,-14.550409,-17.734915,-13.552406,-18.09301,-14.435442,-13.186491,-13.422334,-8.239289,-15.098357,2.414839,4.6970243,2.822552,6.129903,2.7446995,6.1785526,2.8423164,4.109737,1.877255,2.8376417,2.2886739,3.7529068,2.9048882,4.791581,3.2819529,5.219573,4.9430466,0.4048124,1.2763737,1.0847496,2.8912702,4.364716,3.988207,2.1749086,2.343478,2.3964324,1.4226924,2.6634219,3.7914526,3.381204,3.7415047,4.123923,4.4009876,4.7030277,3.9770825,3.8444445,4.2851286,4.4950438,292.16528,292.16528,289.72665,289.72665,290.99997,290.99997,285.21,285.21,292.98413,292.98413,283.0271,283.0271,294.7818,294.7818,291.58313,291.58313,291.58313,280.5392,280.5392,280.5392,292.22006,292.22006,292.22006,285.03302,284.19418,284.25488,284.14505,285.69257,285.03302,284.19418,284.25488,284.14505,285.69257,285.03302,284.19418,284.25488,284.14505,285.69257,19.918158,26.437725,31.702839,19.79155,7.9788303,21.439667,11.933824,19.997458,2.3972723,14.3983135,17.88635,15.729559,18.766201,13.196964,18.679491,15.972448564314867,15.019690777087431,17.55360388586916,8.188542835286567,17.263231289617874,4.697964,6.1325617,6.1795416,4.11197,2.8372333,3.7552998,4.790289,5.218356,1.2771982,4.364184,3.7933807,3.3830888,3.744063,4.1262364,4.4026537,3.3681988492629977,2.590890807456639,4.440535312125414,4.312039429896885,4.495449991494942,-15.220194,-20.305162,-25.523296,-15.679581,-5.141597,-17.684366,-7.143535,-14.779102,-1.120074,-10.03413,-14.09297,-12.34647,-15.022139,-9.070728,-14.276836,-12.60424971505187,-12.428799969630793,-13.113068573743744,-3.8765034053896823,-12.767781298122932
2012-09-21 14:00:00,-10.588809,-19.03011,-12.277805,-25.705925,-15.10153,-30.621695,-12.840786,-16.794891,-6.597127,-7.466029,-12.31718,-18.253208,-9.13045,-11.265048,-16.886343,-18.908499,-19.365824,-0.7981229,-2.4018483,-1.2800949,-12.971675,-13.457482,-13.318223,-9.942968,-10.605768,-10.178845,-4.5184164,-12.479297,-16.40162,-13.453501,-16.478897,-12.780854,-16.892742,-13.370443,-11.966209,-12.268699,-7.669364,-13.923746,2.4333074,4.7278843,2.8324573,6.1510077,2.8045504,6.30159,2.8042989,4.068449,1.9027036,2.868697,2.2455919,3.697017,2.9428453,4.843832,3.358396,5.3120193,5.0367723,0.40888113,1.2906471,1.0951111,2.993053,4.475653,4.096425,2.1671705,2.2925758,2.3702514,1.4376034,2.642935,3.7798715,3.326828,3.7072542,4.171422,4.3741226,4.686989,3.8970435,3.8110943,4.336397,4.468817,292.33655,292.33655,289.803,289.803,291.4537,291.4537,284.99313,284.99313,293.27768,293.27768,282.75708,282.75708,295.07056,295.07056,292.03073,292.03073,292.03073,280.66922,280.66922,280.66922,292.93832,292.93832,292.93832,284.97552,283.8645,284.08093,284.32288,285.5673,284.97552,283.8645,284.08093,284.32288,285.5673,284.97552,283.8645,284.08093,284.32288,285.5673,18.75348,24.998102,29.944868,18.17953,7.466864,19.964428,11.1175785,18.81901,2.2721236,13.567315,16.898935,14.687931,17.58261,12.524464,17.542343,14.904394559672099,13.758733793506735,16.18725306100283,7.798564270957771,16.226380482318465,4.728825,6.1536665,6.302579,4.0706816,2.8682885,3.6994102,4.842539,5.310803,1.2914715,4.475121,3.7817998,3.328713,3.7098129,4.173736,4.375789,3.357753679614154,2.5484653338606003,4.390488374749899,4.360009289060359,4.46923073609787,-14.024655,-18.844437,-23.64229,-14.108848,-4.5985756,-16.265017,-6.2750397,-13.508207,-0.98065203,-9.092195,-13.117136,-11.359219,-13.872796,-8.350728,-13.166554,-11.546640880057945,-11.210268459646135,-11.796764686252931,-3.438554981897412,-11.757149746220595
2012-09-21 15:00:00,-9.25503,-16.666952,-10.684048,-22.502659,-12.881695,-26.7824,-10.722175,-14.253803,-5.5886326,-6.503619,-10.2908535,-15.419492,-7.363446,-9.575452,-14.254525,-16.485693,-16.926601,-0.70136684,-2.0901089,-1.1022452,-11.142679,-11.750357,-11.509021,-7.8764586,-8.740174,-8.476547,-3.8540416,-10.286497,-13.224616,-11.286257,-13.892048,-10.85945,-14.169216,-10.425804,-9.68334,-10.028186,-6.356293,-11.36273,2.4345908,4.73003,2.7686272,6.015007,2.7977352,6.2875795,2.724069,3.9813173,1.9019203,2.8677413,2.169298,3.5980415,2.9402618,4.8402753,3.4093266,5.3736134,5.0992184,0.40043902,1.2610316,1.0736122,3.0430188,4.5301127,4.149551,2.0206928,2.1792223,2.2830877,1.4140176,2.5871983,3.5606422,3.205739,3.5932255,4.0962887,4.301035,4.3833704,3.718805,3.7000618,4.255302,4.397466,292.34845,292.34845,289.31097,289.31097,291.40204,291.40204,284.5355,284.5355,293.26865,293.26865,282.2789,282.2789,295.0509,295.0509,292.32895,292.32895,292.32895,280.39948,280.39948,280.39948,293.29092,293.29092,293.29092,283.88715,283.13034,283.5018,284.0416,285.22647,283.88715,283.13034,283.5018,284.0416,285.22647,283.88715,283.13034,283.5018,284.0416,285.22647,16.56786,22.178562,26.400507,15.694255,6.514565,17.16726,9.456456,16.428516,1.9947953,11.87592,13.959911,12.586029,15.115243,10.79473,14.923186,11.944135593335591,11.354911183240807,13.52448093432625,6.776324366257615,13.833489548369812,4.7309694,6.017666,6.288569,3.98355,2.867333,3.600435,4.8389826,5.372396,1.2618561,4.5295806,3.5625703,3.2076242,3.595784,4.0986023,4.302701,3.160027283458969,2.453988834897359,4.22386719394724,4.284131789161656,4.397899032255121,-11.836889,-16.160896,-20.111938,-11.710705,-3.647232,-13.566824,-4.6174736,-11.056121,-0.7329393,-7.3463397,-10.397341,-9.378406,-11.51946,-6.6961274,-10.620485,-8.784108309876622,-8.900922348343448,-9.30061374037901,-2.4921925770959588,-9.43559051611469
2012-09-21 16:00:00,-6.620498,-11.967319,-7.5352907,-16.040302,-8.970713,-19.410717,-5.904305,-8.163357,-3.847788,-4.683522,-6.575689,-10.08833,-4.676525,-6.610288,-9.658424,-11.740555,-12.093836,-0.51442397,-1.5010737,-0.7743033,-7.817438,-8.431231,-8.0841465,-4.96325,-5.5167923,-5.2151866,-2.4869957,-5.8996825,-8.550001,-7.39287,-8.765292,-6.951458,-8.416055,-6.3618717,-5.896938,-5.945076,-3.87306,-6.372697,2.3813193,4.641011,2.708926,5.887804,2.7626493,6.2154517,2.4664743,3.7015617,1.8757179,2.8357658,2.0435529,3.4349148,2.8576643,4.7265754,3.3539867,5.306688,5.031366,0.3853914,1.2082437,1.0352914,3.0002055,4.4834485,4.104031,1.8396987,2.0262282,2.0908196,1.337347,2.4559028,3.2897527,3.042304,3.3416972,3.8520505,4.1288643,4.0082064,3.4782352,3.4551435,3.9916835,4.2293863,291.85443,291.85443,288.85077,288.85077,291.13605,291.13605,283.06613,283.06613,292.9664,292.9664,281.49078,281.49078,294.42255,294.42255,292.0049,292.0049,292.0049,279.91867,279.91867,279.91867,292.9888,292.9888,292.9888,282.5423,282.13943,282.22433,283.12723,284.4236,282.5423,282.13943,282.22433,283.12723,284.4236,282.5423,282.13943,282.22433,283.12723,284.4236,12.113601,16.213474,19.452806,9.441261,4.700087,11.636479,6.5310655,11.736005,1.4603275,8.5726385,9.383579,8.5574465,9.963273,7.1284904,9.161989,7.595826604434649,7.129740116387664,8.395074961093282,4.557258101279919,8.53623902747455,4.641951,5.890463,6.216441,3.7037947,2.8353574,3.437308,4.7252827,5.3054705,1.2090682,4.482917,3.2916808,3.0441892,3.3442562,3.8543642,4.1305304,2.915707890632402,2.3264728552932334,3.8563295099930164,4.037474346179676,4.229865860273114,-7.4716496,-10.323012,-13.236365,-5.737467,-1.8647295,-8.199171,-1.8057828,-6.4305344,-0.2512593,-4.089721,-6.091899,-5.513257,-6.619017,-3.2741265,-5.031459,-4.680118713802247,-4.8032672610944305,-4.538745451100266,-0.5197837551002431,-4.3063731672014365
2012-09-21 17:00:00,-1.2349921,-2.2504091,-1.297282,-2.8357959,-1.9409955,-4.4928393,0.0,0.0,-0.7100413,-0.93063545,-0.20755629,-0.3330409,-0.6558842,-1.0572857,-2.0807147,-2.6829605,-2.7550044,-0.12278285,-0.33567205,-0.16536456,-1.6632143,-1.8270689,-1.6660335,-0.5965987,-0.18735361,-0.09451827,-0.054989252,-0.31063566,-1.0691212,-0.2717741,-0.16757853,-0.14983734,-0.4644345,-0.7041809,-0.18720837,-0.100242354,-0.07596186,-0.32377976,2.0607576,4.1053433,2.2792158,4.972239,2.3150446,5.2952943,2.115836,3.320759,1.7878398,2.7285266,1.6290604,2.897199,2.5551784,4.310187,2.803031,4.640387,4.3558426,0.33883706,1.044928,0.9167344,2.583102,4.028832,3.6605527,1.4757183,1.6874872,1.7737975,1.0873373,2.036563,2.744992,2.6804469,2.9269645,3.0556307,3.578977,3.2537498,2.9455948,3.0513093,3.132068,3.692566,288.88168,288.88168,285.53836,285.53836,287.7427,287.7427,281.06604,281.06604,291.95273,291.95273,278.8929,278.8929,292.1214,292.1214,288.77887,288.77887,288.77887,278.43115,278.43115,278.43115,290.04538,290.04538,290.04538,279.8378,279.9455,280.11798,280.14563,281.8594,279.8378,279.9455,280.11798,280.14563,281.8594,279.8378,279.9455,280.11798,280.14563,281.8594,2.37544,3.0793588,4.708667,0.0,0.9359616,0.42452082,1.0437652,2.7069247,0.34291947,1.8879609,1.2869077,0.344111,0.20903662,0.1659995,0.54349804,0.9131088570169084,0.24070715179694954,0.15317074864886618,0.11173225634996892,0.5126344519378916,4.106283,4.9748974,5.296283,3.322992,2.728118,2.8995924,4.308894,4.639169,1.0457524,4.0283003,2.7469206,2.682332,2.9295235,3.0579443,3.580643,2.4243801945335726,2.0441429726409326,3.250313779362238,3.2331662613795125,3.6931918735536318,1.7308433,1.8955388,0.5876159,3.322992,1.7921565,2.4750714,3.265129,1.9322444,0.7028329,2.1403394,1.4600129,2.338221,2.7204869,2.8919446,3.037145,1.5112713375166642,1.8034358208439831,3.097143030713372,3.1214340050295437,3.18055742161574
2012-09-21 18:00:00,0.0,0.0,0.0,0.0,0.0,0.0,0.0,0.0,0.0,0.0,0.0,0.0,0.0,0.0,0.0,0.0,0.0,0.0,0.0,0.0,0.0,0.0,0.0,0.0,0.0,0.0,0.0,0.0,0.0,0.0,0.0,0.0,0.0,0.0,0.0,0.0,0.0,0.0,2.022357,4.041175,2.3027043,5.0222855,2.345707,5.358327,1.9604918,3.1520505,1.6105357,2.512159,1.4966252,2.725393,2.276453,3.9265058,2.5611725,4.347893,4.059301,0.29520425,0.89186156,0.8056177,2.2907703,3.7102094,3.3497372,1.3212277,1.5485814,1.7689748,0.9994815,1.8430331,2.51377,2.5320618,2.9206555,2.7757616,3.3251977,2.9335217,2.7271776,3.0451658,2.829991,3.444817,288.52557,288.52557,285.71942,285.71942,287.97516,287.97516,280.17993,280.17993,289.90753,289.90753,278.06287,278.06287,290.001,290.001,287.3627,287.3627,287.3627,277.037,277.037,277.037,287.98245,287.98245,287.98245,278.68988,279.04584,280.08594,279.09787,280.676,278.68988,279.04584,280.08594,279.09787,280.676,278.68988,279.04584,280.08594,279.09787,280.676,0.0,0.0,0.0,0.0,0.0,0.0,0.0,0.0,0.0,0.0,0.0,0.0,0.0,0.0,0.0,0.0,0.0,0.0,0.0,0.0,4.0421147,5.024944,5.359316,3.1542835,2.5117507,2.7277863,3.925213,4.3466763,0.89268595,3.7096775,2.5156982,2.533947,2.9232142,2.7780752,3.3268638,2.2158371709978697,1.9283693022150128,3.2410946066878,2.950525249768127,3.4455109269549444,4.0421147,5.024944,5.359316,3.1542835,2.5117507,2.7277863,3.925213,4.3466763,0.89268595,3.7096775,2.5156982,2.533947,2.9232142,2.7780752,3.3268638,2.2158371709978697,1.9283693022150128,3.2410946066878,2.950525249768127,3.4455109269549444
2012-09-21 19:00:00,0.0,0.0,0.0,0.0,0.0,0.0,0.0,0.0,0.0,0.0,0.0,0.0,0.0,0.0,0.0,0.0,0.0,0.0,0.0,0.0,0.0,0.0,0.0,0.0,0.0,0.0,0.0,0.0,0.0,0.0,0.0,0.0,0.0,0.0,0.0,0.0,0.0,0.0,1.9952903,3.995945,2.4390788,5.312853,2.3200645,5.305613,1.9767667,3.1697261,1.4941956,2.3701868,1.4630333,2.6818147,2.1264174,3.719974,2.4421742,4.2039824,3.9133973,0.27456263,0.8194495,0.75305116,2.2900484,3.7094219,3.3489695,1.3109763,1.3920578,1.7417557,1.0140724,1.7529608,2.498427,2.364857,2.8850472,2.822242,3.2070842,2.9122725,2.4810586,3.0104938,2.8801596,3.32951,288.27457,288.27457,286.77066,286.77066,287.78076,287.78076,280.27277,280.27277,288.56555,288.56555,277.85233,277.85233,288.85962,288.85962,286.66592,286.66592,286.66592,276.37744,276.37744,276.37744,287.97736,287.97736,287.97736,278.6137,278.03207,279.9051,279.27188,280.1252,278.6137,278.03207,279.9051,279.27188,280.1252,278.6137,278.03207,279.9051,279.27188,280.1252,0.0,0.0,0.0,0.0,0.0,0.0,0.0,0.0,0.0,0.0,0.0,0.0,0.0,0.0,0.0,0.0,0.0,0.0,0.0,0.0,3.9968853,5.315511,5.306602,3.1719584,2.3697786,2.684208,3.718681,4.2027655,0.8202739,3.7088904,2.500355,2.366742,2.8876061,2.8245556,3.20875,2.2019989844567265,1.7979118545257782,3.189063352146168,2.9974660661316284,3.3302356233236825,3.9968853,5.315511,5.306602,3.1719584,2.3697786,2.684208,3.718681,4.2027655,0.8202739,3.7088904,2.500355,2.366742,2.8876061,2.8245556,3.20875,2.2019989844567265,1.7979118545257782,3.189063352146168,2.9974660661316284,3.3302356233236825
2012-09-21 20:00:00,0.0,0.0,0.0,0.0,0.0,0.0,0.0,0.0,0.0,0.0,0.0,0.0,0.0,0.0,0.0,0.0,0.0,0.0,0.0,0.0,0.0,0.0,0.0,0.0,0.0,0.0,0.0,0.0,0.0,0.0,0.0,0.0,0.0,0.0,0.0,0.0,0.0,0.0,2.0178223,4.033597,2.3419378,5.105878,2.2928357,5.2496386,2.0791667,3.280935,1.5790311,2.4737134,1.4253465,2.6329236,1.9876223,3.528915,2.4116743,4.1670966,3.8760016,0.26431727,0.7835082,0.72696,2.2204444,3.6335583,3.2749646,1.3121098,1.3834444,1.7234159,1.031097,1.6590405,2.5001235,2.355656,2.8610544,2.8764749,3.083925,2.914622,2.4675148,2.987131,2.938696,3.2092776,288.48352,288.48352,286.02185,286.02185,287.57434,287.57434,280.85687,280.85687,289.54413,289.54413,277.61612,277.61612,287.80374,287.80374,286.48734,286.48734,286.48734,276.05008,276.05008,276.05008,287.48618,287.48618,287.48618,278.62213,277.9763,279.78323,279.4749,279.5509,278.62213,277.9763,279.78323,279.4749,279.5509,278.62213,277.9763,279.78323,279.4749,279.5509,0.0,0.0,0.0,0.0,0.0,0.0,0.0,0.0,0.0,0.0,0.0,0.0,0.0,0.0,0.0,0.0,0.0,0.0,0.0,0.0,4.0345373,5.1085367,5.250628,3.283168,2.473305,2.635317,3.527622,4.1658797,0.7843326,3.6330266,2.5020516,2.3575408,2.863613,2.8787882,3.0855908,2.203529168545411,1.7907329444328817,3.154004155489951,3.052235840117315,3.210035826169608,4.0345373,5.1085367,5.250628,3.283168,2.473305,2.635317,3.527622,4.1658797,0.7843326,3.6330266,2.5020516,2.3575408,2.863613,2.8787882,3.0855908,2.203529168545411,1.7907329444328817,3.154004155489951,3.052235840117315,3.210035826169608
2012-09-21 21:00:00,0.0,0.0,0.0,0.0,0.0,0.0,0.0,0.0,0.0,0.0,0.0,0.0,0.0,0.0,0.0,0.0,0.0,0.0,0.0,0.0,0.0,0.0,0.0,0.0,0.0,0.0,0.0,0.0,0.0,0.0,0.0,0.0,0.0,0.0,0.0,0.0,0.0,0.0,2.0166507,4.0316396,2.30464,5.02641,2.3028235,5.27017,2.1833115,3.394039,1.564832,2.4563859,1.4190408,2.6247437,2.0043104,3.551887,2.4554908,4.2200866,3.9297247,0.2953399,0.8923373,0.80596316,2.2021773,3.6136487,3.2555423,1.2931881,1.3038092,1.677264,1.0699723,1.6274345,2.4718037,2.270586,2.800678,3.0003142,3.0424793,2.8754017,2.3422954,2.9283416,3.0723615,3.1688166,288.47266,288.47266,285.73434,285.73434,287.65005,287.65005,281.45093,281.45093,289.38034,289.38034,277.5766,277.5766,287.9307,287.9307,286.7439,286.7439,286.7439,277.04132,277.04132,277.04132,287.35727,287.35727,287.35727,278.48154,277.4605,279.4766,279.93854,279.35764,278.48154,277.4605,279.4766,279.93854,279.35764,278.48154,277.4605,279.4766,279.93854,279.35764,0.0,0.0,0.0,0.0,0.0,0.0,0.0,0.0,0.0,0.0,0.0,0.0,0.0,0.0,0.0,0.0,0.0,0.0,0.0,0.0,4.0325794,5.0290685,5.271159,3.3962717,2.4559774,2.6271372,3.5505939,4.2188697,0.8931617,3.613117,2.473732,2.2724712,2.8032367,3.0026274,3.044145,2.1779872913839333,1.7243594436232321,3.0657810630778153,3.1773015858546567,3.1695859980503256,4.0325794,5.0290685,5.271159,3.3962717,2.4559774,2.6271372,3.5505939,4.2188697,0.8931617,3.613117,2.473732,2.2724712,2.8032367,3.0026274,3.044145,2.1779872913839333,1.7243594436232321,3.0657810630778153,3.1773015858546567,3.1695859980503256
2012-09-21 22:00:00,0.0,0.0,0.0,0.0,0.0,0.0,0.0,0.0,0.0,0.0,0.0,0.0,0.0,0.0,0.0,0.0,0.0,0.0,0.0,0.0,0.0,0.0,0.0,0.0,0.0,0.0,0.0,0.0,0.0,0.0,0.0,0.0,0.0,0.0,0.0,0.0,0.0,0.0,2.0025892,4.008142,2.3516173,5.1265025,2.312428,5.2899146,2.1976063,3.4095643,1.5455874,2.4329014,1.4247572,2.63216,1.7880684,3.2542179,2.412039,4.167538,3.8764486,0.30503222,0.92633873,0.83064604,2.157738,3.5652127,3.2082932,1.285372,1.289683,1.6484603,1.0786854,1.636822,2.4601061,2.255496,2.762997,3.0280702,3.054789,2.859201,2.3200834,2.8916507,3.1023204,3.180834,288.34225,288.34225,286.09647,286.09647,287.72287,287.72287,281.53247,281.53247,289.15836,289.15836,277.61243,277.61243,286.28564,286.28564,286.48947,286.48947,286.48947,277.351,277.351,277.351,287.04367,287.04367,287.04367,278.42346,277.36902,279.28522,280.04245,279.41504,278.42346,277.36902,279.28522,280.04245,279.41504,278.42346,277.36902,279.28522,280.04245,279.41504,0.0,0.0,0.0,0.0,0.0,0.0,0.0,0.0,0.0,0.0,0.0,0.0,0.0,0.0,0.0,0.0,0.0,0.0,0.0,0.0,4.0090823,5.1291604,5.290904,3.411797,2.432493,2.6345527,3.2529252,4.166321,0.92716306,3.564681,2.4620342,2.257381,2.7655556,3.0303836,3.0564551,2.1674367829753614,1.7125857168953857,3.010720651800297,3.205332711725882,3.181600229329715,4.0090823,5.1291604,5.290904,3.411797,2.432493,2.6345527,3.2529252,4.166321,0.92716306,3.564681,2.4620342,2.257381,2.7655556,3.0303836,3.0564551,2.1674367829753614,1.7125857168953857,3.010720651800297,3.205332711725882,3.181600229329715
2012-09-21 23:00:00,0.0,0.0,0.0,0.0,0.0,0.0,0.0,0.0,0.0,0.0,0.0,0.0,0.0,0.0,0.0,0.0,0.0,0.0,0.0,0.0,0.0,0.0,0.0,0.0,0.0,0.0,0.0,0.0,0.0,0.0,0.0,0.0,0.0,0.0,0.0,0.0,0.0,0.0,1.8968685,3.8314798,2.2882264,4.991437,2.2115538,5.0825434,2.4310994,3.6631439,1.5285414,2.4120998,1.3824884,2.5773249,1.7046165,3.1393416,2.3990927,4.151881,3.8605757,0.32808927,1.0072243,0.8893638,2.109541,3.512681,3.1570487,1.2501,1.2649881,1.6559978,1.1222589,1.6000351,2.4073148,2.229116,2.7728574,3.1668754,3.00655,2.7860887,2.2812526,2.9012518,3.2521396,3.1337414,287.36185,287.36185,285.60782,285.60782,286.95813,286.95813,282.86435,282.86435,288.96173,288.96173,277.3475,277.3475,285.6508,285.6508,286.41367,286.41367,286.41367,278.08774,278.08774,278.08774,286.70355,286.70355,286.70355,278.16138,277.20908,279.3353,280.5621,279.1901,278.16138,277.20908,279.3353,280.5621,279.1901,278.16138,277.20908,279.3353,280.5621,279.1901,0.0,0.0,0.0,0.0,0.0,0.0,0.0,0.0,0.0,0.0,0.0,0.0,0.0,0.0,0.0,0.0,0.0,0.0,0.0,0.0,3.8324196,4.9940963,5.0835323,3.665377,2.4116914,2.579718,3.138049,4.1506643,1.0080487,3.512149,2.409243,2.231001,2.775416,3.1691892,3.0082161,2.11982366357819,1.692003294687033,3.025128901665774,3.3455130381092064,3.1345205383353645,3.8324196,4.9940963,5.0835323,3.665377,2.4116914,2.579718,3.138049,4.1506643,1.0080487,3.512149,2.409243,2.231001,2.775416,3.1691892,3.0082161,2.11982366357819,1.692003294687033,3.025128901665774,3.3455130381092064,3.1345205383353645
2012-10-20 00:00:00,0.0,0.0,0.0,0.0,0.0,0.0,0.0,0.0,0.0,0.0,0.0,0.0,0.0,0.0,0.0,0.0,0.0,0.0,0.0,0.0,0.0,0.0,0.0,0.0,0.0,0.0,0.0,0.0,0.0,0.0,0.0,0.0,0.0,0.0,0.0,0.0,0.0,0.0,1.6119497,3.3553722,1.8837466,4.12963,1.646623,3.9211922,2.488784,3.7257907,0.99720645,1.7637013,1.937163,3.2968965,1.3267539,2.6191926,1.1225353,2.6080701,2.2953944,0.24472247,0.71476835,0.6770591,1.0689996,2.3785572,2.050713,1.1401513,1.6132233,1.2622476,1.6196787,1.8331066,2.2427576,2.6011155,2.257748,4.7514334,3.3121808,2.5581875,2.8288221,2.3996787,4.9624324,3.4321094,284.71964,284.71964,282.4899,282.4899,282.67532,282.67532,283.1934,283.1934,282.8328,282.8328,280.82397,280.82397,282.7762,282.7762,278.93896,278.93896,278.93896,275.42398,275.42398,275.42398,279.36066,279.36066,279.36066,277.34442,279.4645,276.71915,286.4943,280.6153,277.34442,279.4645,276.71915,286.4943,280.6153,277.34442,279.4645,276.71915,286.4943,280.6153,0.0,0.0,0.0,0.0,0.0,0.0,0.0,0.0,0.0,0.0,0.0,0.0,0.0,0.0,0.0,0.0,0.0,0.0,0.0,0.0,3.3563123,4.1322885,3.9221814,3.7280238,1.763293,3.2992897,2.6179001,2.606853,0.7155927,2.3780255,2.244686,2.6030004,2.2603066,4.753747,3.3138468,1.971406895266326,1.9822464726550804,2.272440523866927,4.945765147831364,3.4328068833532943,3.3563123,4.1322885,3.9221814,3.7280238,1.763293,3.2992897,2.6179001,2.606853,0.7155927,2.3780255,2.244686,2.6030004,2.2603066,4.753747,3.3138468,1.971406895266326,1.9822464726550804,2.272440523866927,4.945765147831364,3.4328068833532943
2012-10-20 01:00:00,0.0,0.0,0.0,0.0,0.0,0.0,0.0,0.0,0.0,0.0,0.0,0.0,0.0,0.0,0.0,0.0,0.0,0.0,0.0,0.0,0.0,0.0,0.0,0.0,0.0,0.0,0.0,0.0,0.0,0.0,0.0,0.0,0.0,0.0,0.0,0.0,0.0,0.0,1.6637044,3.4418557,2.1657238,4.7304277,1.5996418,3.8246112,2.3959177,3.6249354,0.96234983,1.7211654,1.9625068,3.3297744,1.287918,2.5657334,0.97066563,2.4244056,2.1091878,0.25197455,0.740209,0.6955275,1.018225,2.3232162,1.9967281,1.135235,1.500525,1.5190675,1.1379477,1.4569116,2.2353997,2.4807262,2.5937233,3.2168531,2.8188696,2.547997,2.6516137,2.7268255,3.306083,2.9505205,285.1996,285.1996,284.6635,284.6635,282.31915,282.31915,282.66367,282.66367,282.43073,282.43073,280.98282,280.98282,282.48077,282.48077,278.0497,278.0497,278.0497,275.6557,275.6557,275.6557,279.00235,279.00235,279.00235,277.3079,278.7346,278.4255,280.7492,278.3149,277.3079,278.7346,278.4255,280.7492,278.3149,277.3079,278.7346,278.4255,280.7492,278.3149,0.0,0.0,0.0,0.0,0.0,0.0,0.0,0.0,0.0,0.0,0.0,0.0,0.0,0.0,0.0,0.0,0.0,0.0,0.0,0.0,3.4427958,4.7330856,3.8256001,3.6271682,1.7207569,3.3321676,2.5644407,2.4231884,0.74103343,2.3226845,2.2373278,2.4826112,2.596282,3.2191668,2.8205357,1.9647705534034459,1.8883158536168458,2.7633746390273766,3.395985529362211,2.9513498181703954,3.4427958,4.7330856,3.8256001,3.6271682,1.7207569,3.3321676,2.5644407,2.4231884,0.74103343,2.3226845,2.2373278,2.4826112,2.596282,3.2191668,2.8205357,1.9647705534034459,1.8883158536168458,2.7633746390273766,3.395985529362211,2.9513498181703954
2012-10-20 02:00:00,0.0,0.0,0.0,0.0,0.0,0.0,0.0,0.0,0.0,0.0,0.0,0.0,0.0,0.0,0.0,0.0,0.0,0.0,0.0,0.0,0.0,0.0,0.0,0.0,0.0,0.0,0.0,0.0,0.0,0.0,0.0,0.0,0.0,0.0,0.0,0.0,0.0,0.0,1.5866139,3.313035,2.2605412,4.9324503,1.5498468,3.722246,2.5938594,3.8399055,0.9323163,1.6845149,1.9669182,3.3354971,1.2647716,2.5338712,0.8848828,2.3206637,2.0040102,0.25518847,0.7514836,0.7037121,0.99740654,2.3005257,1.9745933,1.1303351,1.4525205,1.5137761,1.0980949,1.340613,2.2280662,2.4294457,2.586801,3.0899003,2.666365,2.5378406,2.5761306,2.720085,3.1690564,2.8016403,284.48468,284.48468,285.3944,285.3944,281.94165,281.94165,283.79276,283.79276,282.0843,282.0843,281.01047,281.01047,282.3047,282.3047,277.54742,277.54742,277.54742,275.7584,275.7584,275.7584,278.85544,278.85544,278.85544,277.27148,278.42368,278.39035,280.27393,277.60376,277.27148,278.42368,278.39035,280.27393,277.60376,277.27148,278.42368,278.39035,280.27393,277.60376,0.0,0.0,0.0,0.0,0.0,0.0,0.0,0.0,0.0,0.0,0.0,0.0,0.0,0.0,0.0,0.0,0.0,0.0,0.0,0.0,3.313975,4.9351087,3.7232344,3.8421385,1.6841065,3.3378906,2.5325782,2.3194468,0.752308,2.2999938,2.2299943,2.4313307,2.5893598,3.0922136,2.6680312,1.9581563881215613,1.8483056041494352,2.7532598895788514,3.2677750288281553,2.8025100353402026,3.313975,4.9351087,3.7232344,3.8421385,1.6841065,3.3378906,2.5325782,2.3194468,0.752308,2.2999938,2.2299943,2.4313307,2.5893598,3.0922136,2.6680312,1.9581563881215613,1.8483056041494352,2.7532598895788514,3.2677750288281553,2.8025100353402026
2012-10-20 03:00:00,0.0,0.0,0.0,0.0,0.0,0.0,0.0,0.0,0.0,0.0,0.0,0.0,0.0,0.0,0.0,0.0,0.0,0.0,0.0,0.0,0.0,0.0,0.0,0.0,0.0,0.0,0.0,0.0,0.0,0.0,0.0,0.0,0.0,0.0,0.0,0.0,0.0,0.0,1.4643105,3.108663,2.2083342,4.821215,1.5402901,3.7025995,2.9903796,4.270538,0.91680753,1.6655891,1.9515854,3.315606,1.2504665,2.5141792,0.82962096,2.2538323,1.9362538,0.24890009,0.72942364,0.687698,0.95174783,2.2507603,1.9260474,1.1303804,1.4183593,1.4563346,1.0410615,1.6657732,2.2281337,2.3929534,2.5116553,2.908217,3.0927534,2.5379343,2.5224154,2.6469138,2.972957,3.217896,283.3505,283.3505,284.99197,284.99197,281.8692,281.8692,286.05457,286.05457,281.9054,281.9054,280.91437,280.91437,282.19586,282.19586,277.22385,277.22385,277.22385,275.55746,275.55746,275.55746,278.53323,278.53323,278.53323,277.27182,278.20242,278.0087,279.59375,279.59207,277.27182,278.20242,278.0087,279.59375,279.59207,277.27182,278.20242,278.0087,279.59375,279.59207,0.0,0.0,0.0,0.0,0.0,0.0,0.0,0.0,0.0,0.0,0.0,0.0,0.0,0.0,0.0,0.0,0.0,0.0,0.0,0.0,3.109603,4.823874,3.7035887,4.2727704,1.6651807,3.3179996,2.5128865,2.2526155,0.73024803,2.2502286,2.230062,2.3948386,2.5142138,2.9105306,3.0944192,1.9582173737192985,1.8198334497875654,2.643455152944081,3.0842925814220283,3.218652093046745,3.109603,4.823874,3.7035887,4.2727704,1.6651807,3.3179996,2.5128865,2.2526155,0.73024803,2.2502286,2.230062,2.3948386,2.5142138,2.9105306,3.0944192,1.9582173737192985,1.8198334497875654,2.643455152944081,3.0842925814220283,3.218652093046745
2012-10-20 04:00:00,0.0,0.0,0.0,0.0,0.0,0.0,0.0,0.0,0.0,0.0,0.0,0.0,0.0,0.0,0.0,0.0,0.0,0.0,0.0,0.0,0.0,0.0,0.0,0.0,0.0,0.0,0.0,0.0,0.0,0.0,0.0,0.0,0.0,0.0,0.0,0.0,0.0,0.0,1.3880198,2.9811788,2.1462498,4.6889343,1.4879792,3.5950618,2.9601567,4.2377152,0.9020448,1.6475738,1.9544045,3.3192637,1.2158107,2.4664738,0.7763761,2.1894405,1.8709706,0.2378257,0.690574,0.6594956,0.9124289,2.207905,1.8842423,1.1482465,1.3857766,1.2034278,1.3572632,1.7746553,2.2548735,2.3581476,2.1807992,3.9154944,3.2355325,2.5749674,2.4711823,2.3247523,4.0601616,3.3572826,282.643,282.643,284.5134,284.5134,281.47263,281.47263,285.88217,285.88217,281.7351,281.7351,280.93204,280.93204,281.93222,281.93222,276.91208,276.91208,276.91208,275.2036,275.2036,275.2036,278.25577,278.25577,278.25577,277.40457,277.9914,276.32834,283.36475,280.25787,277.40457,277.9914,276.32834,283.36475,280.25787,277.40457,277.9914,276.32834,283.36475,280.25787,0.0,0.0,0.0,0.0,0.0,0.0,0.0,0.0,0.0,0.0,0.0,0.0,0.0,0.0,0.0,0.0,0.0,0.0,0.0,0.0,2.9821186,4.6915927,3.5960507,4.239948,1.6471654,3.321657,2.465181,2.1882236,0.6913984,2.2073736,2.2568016,2.3600326,2.183358,3.917808,3.2371986,1.9823344055518204,1.792676905316899,2.1600017378966028,4.101546667077104,3.358000569294709,2.9821186,4.6915927,3.5960507,4.239948,1.6471654,3.321657,2.465181,2.1882236,0.6913984,2.2073736,2.2568016,2.3600326,2.183358,3.917808,3.2371986,1.9823344055518204,1.792676905316899,2.1600017378966028,4.101546667077104,3.358000569294709
2012-10-20 05:00:00,0.0,0.0,0.0,0.0,0.0,0.0,0.0,0.0,0.0,0.0,0.0,0.0,0.0,0.0,0.0,0.0,0.0,0.0,0.0,0.0,0.0,0.0,0.0,0.0,0.0,0.0,0.0,0.0,0.0,0.0,0.0,0.0,0.0,0.0,0.0,0.0,0.0,0.0,1.3721282,2.9546237,1.9492476,4.2691903,1.4997011,3.6191597,2.8544505,4.1229153,0.88705975,1.6292874,1.9566541,3.3221822,1.4082723,2.7314076,0.7558048,2.1645625,1.8457481,0.24356014,0.7106906,0.67409897,0.9143665,2.2100167,1.8863025,1.1203302,1.3583207,1.2111675,1.4459404,1.6123524,2.2130919,2.3288178,2.1909242,4.1979804,3.0227017,2.5171025,2.4280102,2.334611,4.3650627,3.1495094,282.49564,282.49564,282.9948,282.9948,281.5615,281.5615,285.2792,285.2792,281.56226,281.56226,280.94614,280.94614,283.39636,283.39636,276.79163,276.79163,276.79163,275.38684,275.38684,275.38684,278.26944,278.26944,278.26944,277.19714,277.81357,276.37976,284.4223,279.2654,277.19714,277.81357,276.37976,284.4223,279.2654,277.19714,277.81357,276.37976,284.4223,279.2654,0.0,0.0,0.0,0.0,0.0,0.0,0.0,0.0,0.0,0.0,0.0,0.0,0.0,0.0,0.0,0.0,0.0,0.0,0.0,0.0,2.9555638,4.2718487,3.6201487,4.125148,1.628879,3.3245752,2.7301147,2.1633456,0.71151507,2.2094853,2.21502,2.3307028,2.1934826,4.200294,3.0243678,1.944650850295349,1.7697931475973658,2.1747963149979608,4.386830260598817,3.150284027329267,2.9555638,4.2718487,3.6201487,4.125148,1.628879,3.3245752,2.7301147,2.1633456,0.71151507,2.2094853,2.21502,2.3307028,2.1934826,4.200294,3.0243678,1.944650850295349,1.7697931475973658,2.1747963149979608,4.386830260598817,3.150284027329267
2012-10-20 06:00:00,0.0,0.0,0.0,0.0,0.0,0.0,-1.4135021,-2.0806353,-0.014387392,-0.019217424,-0.91089475,-1.5063633,-0.022098674,-0.036459304,0.0,0.0,0.0,0.0,0.0,0.0,0.0,0.0,0.0,-0.042818088,-0.39279684,-0.4761486,-0.24009281,-0.48131922,-0.06979443,-0.5788821,-0.79812586,-0.5265865,-0.7366042,-0.047580227,-0.39380118,-0.48681483,-0.293251,-0.49145812,1.3430408,2.9060175,1.9210994,4.209216,1.5538802,3.7305374,3.1100338,4.4004855,0.87690836,1.6168994,2.0751488,3.4759035,1.4145422,2.7400386,0.735421,2.1399112,1.8207557,0.2439049,0.7119003,0.67497724,0.8548041,2.145098,1.8229738,1.0321083,1.3968308,1.5199769,1.4490469,1.7403791,2.0810528,2.3699558,2.5949128,4.207876,3.1905856,2.3342366,2.488564,2.7279835,4.375744,3.3134036,282.2259,282.2259,282.77783,282.77783,281.97223,281.97223,286.7371,286.7371,281.44516,281.44516,281.6888,281.6888,283.44406,283.44406,276.67227,276.67227,276.67227,275.39786,275.39786,275.39786,277.84912,277.84912,277.84912,276.54163,278.063,278.43155,284.45935,280.04828,276.54163,278.063,278.43155,284.45935,280.04828,276.54163,278.063,278.43155,284.45935,280.04828,0.0,0.0,0.0,2.3569252,0.015351879,1.8197173,0.035270363,0.0,0.0,0.0,0.09483692,0.77067155,1.0330181,0.5790924,0.90019536,0.05888513480841685,0.5349214876937772,0.7700807194351036,0.44651612971068877,0.8568373597966059,2.9069576,4.2118745,3.7315261,4.4027185,1.616491,3.4782968,2.738746,2.1386943,0.7127246,2.1445663,2.0829809,2.371841,2.5974717,4.21019,3.1922517,1.8255626103499312,1.8018901017490294,2.7651131115888425,4.39682432427214,3.314133615319781,2.9069576,4.2118745,3.7315261,2.045793,1.6011391,1.6585793,2.7034755,2.1386943,0.7127246,2.1445663,1.9881438,1.6011693,1.5644535,3.6310976,2.2920563,1.7666774755415142,1.2669686140552523,1.995032392153739,3.9503081945614515,2.457296255523175
2012-10-20 07:00:00,-2.4840515,-4.6499324,-3.5749912,-6.5634756,-3.2808259,-7.7720027,-7.1358213,-9.801432,-1.2379327,-1.5593579,-5.9236712,-9.284161,-1.0154164,-1.4888788,-0.7813307,-0.78298134,-0.7039902,-0.081098706,-0.19519871,-0.10866737,-1.1588672,-1.1414758,-1.0060307,-1.4426063,-3.6816838,-3.719043,-1.3976783,-3.3501372,-2.2382874,-5.0396795,-5.9237223,-2.9843357,-4.8390474,-1.7565255,-3.9802408,-4.1140532,-1.8719902,-3.5975468,1.4977355,3.164517,2.1642752,4.7273397,1.7828691,4.201279,3.214558,4.514002,1.0417725,1.8180863,2.271184,3.7302175,1.4887877,2.8422418,1.044289,2.5134423,2.1994572,0.29151088,0.87890506,0.7962121,1.0807235,2.3913357,2.0631783,1.1190897,1.9370699,1.794972,1.2651212,1.8160582,2.2112355,2.947062,2.9546652,3.6219714,3.289825,2.5145311,3.338042,3.078282,3.7433474,3.410285,283.66046,283.66046,284.65234,284.65234,283.70822,283.70822,287.3333,287.3333,283.34686,283.34686,282.91748,282.91748,284.00888,284.00888,278.4808,278.4808,278.4808,276.91898,276.91898,276.91898,279.4434,279.4434,279.4434,277.18793,281.56198,280.25867,282.26587,280.51105,277.18793,281.56198,280.25867,282.26587,280.51105,277.18793,281.56198,280.25867,282.26587,280.51105,4.805644,7.0406647,8.086044,10.541318,1.1866157,10.468489,1.440416,0.8249497,0.19979633,1.1925591,2.811971,5.9558983,7.0070033,3.171304,5.596388,2.088924047346431,4.925143017407416,6.0012341946392755,2.401349815178023,5.291054647404793,3.1654568,4.7299986,4.202268,4.5162344,1.8176779,3.7326105,2.8409488,2.5122254,0.8797294,2.3908038,2.2131636,2.948947,2.957224,3.6242852,3.291491,1.9429765184301946,2.252162496005606,3.290790337485242,3.8051164819460994,3.4109883750862062,-1.6401874,-2.3106663,-3.8837757,-6.025083,0.63106215,-6.735878,1.4005328,1.6872756,0.679933,1.1982447,-0.59880745,-3.0069516,-4.0497794,0.45298123,-2.3048968,-0.1459475289162362,-2.67298052140181,-2.7104438571540337,1.4037666667680764,-1.8800662723185866
2012-10-20 08:00:00,-4.3993425,-8.169034,-6.1551304,-11.016726,-6.6865587,-15.10216,-9.526747,-12.694051,-2.4765782,-2.9889069,-8.978168,-13.7583885,-2.0266325,-2.7398353,-3.6531804,-4.2055707,-4.2675967,-0.21569565,-0.58046734,-0.32118315,-2.8359706,-2.9161437,-2.7761388,-3.1234875,-5.901106,-6.1279874,-2.4056888,-5.269859,-4.8696227,-7.8076,-9.560304,-5.0991454,-7.433284,-4.0224533,-6.6101327,-7.0357385,-3.3720245,-5.818563,1.7373133,3.5648584,2.5398068,5.5274696,2.2229662,5.106004,3.0501504,4.3354506,1.2751511,2.1028826,2.5131056,4.044059,1.7270569,3.1702325,1.7972686,3.4240623,3.122682,0.3630249,1.1297807,0.9783321,1.4781724,2.8245294,2.4857583,1.3975469,2.2341204,2.068534,1.5879865,2.0028858,2.627995,3.2643833,3.3125427,4.650475,3.5348153,3.0917158,3.8051274,3.4267547,4.853463,3.6494536,285.8822,285.8822,287.54712,287.54712,287.04465,287.04465,286.3955,286.3955,286.03888,286.03888,284.43375,284.43375,285.8215,285.8215,282.88977,282.88977,282.88977,279.204,279.204,279.204,282.2481,282.2481,282.2481,279.25696,283.4859,282.07626,286.11633,281.65347,279.25696,283.4859,282.07626,286.11633,281.65347,279.25696,283.4859,282.07626,286.11633,281.65347,8.199336,11.16947,15.161473,13.613477,2.2099347,14.874706,2.6592402,4.2370095,0.5649434,2.981078,5.668512,8.744399,10.726414,5.116465,8.279179,4.598695116214615,7.785185013222087,9.625655729270003,3.7853160334951763,7.7747312539957285,3.5657985,5.530128,5.106993,4.337683,2.1024742,4.046452,3.1689396,3.4228454,1.130605,2.8239977,2.629923,3.2662685,3.3151014,4.6527896,3.5364811,2.3188584780121047,2.49974456875531,3.813728152072666,4.843807587210184,3.650091377714549,-4.633538,-5.639342,-10.054481,-9.275793,-0.10746044,-10.828255,0.50969917,-0.81416416,0.5656616,-0.15708017,-3.0385885,-5.4781303,-7.4113126,-0.46367574,-4.7426972,-2.2798366382025104,-5.285440444466777,-5.811927577197337,1.0584915537150072,-4.124639876281179
2012-10-20 09:00:00,-5.430974,-10.011406,-7.172877,-12.70845,-8.6138935,-18.875807,-11.50717,-15.096612,-3.3588717,-3.9413917,-10.747302,-16.287603,-2.8511434,-3.6735501,-5.873623,-6.665654,-6.811631,-0.30521214,-0.843065,-0.47088525,-4.1683893,-4.301904,-4.1949735,-4.7068596,-7.3278885,-7.789872,-2.6584008,-6.8551893,-7.303253,-9.53773,-12.025722,-5.6168275,-9.557141,-6.20225,-8.352303,-9.102159,-3.8102562,-7.674094,1.8635719,3.7758403,2.5384488,5.524576,2.458513,5.590226,3.398274,4.713523,1.4677945,2.3379693,2.693545,4.2781405,1.9745848,3.510968,2.249907,3.9714632,3.67766,0.40749335,1.285779,1.091577,1.7981684,3.1733046,2.8259876,1.6905515,2.4835856,2.3130672,1.5400065,2.2729034,3.0665276,3.5308723,3.6324449,4.497633,3.8888936,3.6990547,4.1973896,3.738251,4.688493,3.9951184,287.05307,287.05307,287.53665,287.53665,288.83035,288.83035,288.38126,288.38126,288.26102,288.26102,285.56467,285.56467,287.70456,287.70456,285.54013,285.54013,285.54013,280.62488,280.62488,280.62488,284.50626,284.50626,284.50626,281.43408,285.10162,283.701,285.54413,283.3046,281.43408,285.10162,283.701,285.54413,283.3046,281.43408,285.10162,283.701,285.54413,283.3046,9.916384,12.740264,18.663837,15.577522,2.8823354,17.181822,3.5760546,6.667762,0.80693513,4.3592668,8.07997,10.302097,13.026756,5.601768,10.305436,6.812355615851317,9.486741115062223,11.85537547798599,4.127502055856035,9.612108645092597,3.7767804,5.5272346,5.5912156,4.7157555,2.337561,4.280534,3.5096753,3.9702458,1.2866032,3.1727726,3.0684557,3.5327575,3.6350033,4.4999466,3.8905602,2.714377800065461,2.7076659122773554,4.281175327324431,4.689451167214451,3.9956618025630553,-6.139603,-7.21303,-13.072622,-10.861767,-0.5447746,-12.901287,-0.066379435,-2.6975157,0.47966808,-1.1864941,-5.011514,-6.76934,-9.391753,-1.1018212,-6.414876,-4.097977815785856,-6.779075202784868,-7.57420015066156,0.5619491113584161,-5.616446842529542
2012-10-20 10:00:00,-6.0465426,-11.075736,-7.7125916,-13.593277,-9.531835,-20.581053,-12.344514,-16.081163,-3.8262663,-4.4175243,-11.6145115,-17.50751,-3.4114318,-4.281995,-7.351319,-8.24242,-8.432632,-0.3471242,-0.9665601,-0.5436121,-5.1602926,-5.3231797,-5.24445,-5.848774,-8.0792885,-8.977793,-2.8713982,-7.8241777,-9.022229,-10.432896,-13.777857,-6.0518613,-10.836489,-7.773017,-9.285055,-10.572615,-4.1568513,-8.810154,1.9861679,3.980702,2.5697722,5.5913153,2.5364819,5.750511,3.5294518,4.8559856,1.569126,2.4616258,2.7844806,4.39611,2.1968117,3.8168757,2.5925221,4.385806,4.0977383,0.425433,1.348712,1.1372627,2.1054325,3.508203,3.1526804,1.9388618,2.6312315,2.5610225,1.5892736,2.4689631,3.4381676,3.6885943,3.9568233,4.654576,4.1459913,4.2137513,4.4295497,4.054105,4.857889,4.2461066,288.18997,288.18997,287.7781,287.7781,289.42145,289.42145,289.12952,289.12952,289.42987,289.42987,286.1346,286.1346,289.39514,289.39514,287.54626,287.54626,287.54626,281.1981,281.1981,281.1981,286.67456,286.67456,286.67456,283.2791,286.0579,285.34845,286.13168,284.50348,283.2791,286.0579,285.34845,286.13168,284.50348,283.2791,286.0579,285.34845,286.13168,284.50348,10.889917,13.522987,20.220667,16.352316,3.2180014,18.253443,4.178757,8.218687,0.9185845,5.3672123,9.659405,11.048919,14.504476,5.978456,11.456292,8.283354835272483,10.334026468091142,13.183550709372005,4.389047529335253,10.641609508123944,3.981642,5.593974,5.7515,4.8582187,2.4612174,4.3985033,3.815583,4.384589,1.3495365,3.5076714,3.440096,3.6904795,3.9593818,4.6568894,4.1476574,3.0495657335207706,2.8307245270262094,4.75516372509282,4.847948455437269,4.246581034785693,-6.9082756,-7.9290133,-14.469167,-11.494097,-0.75678396,-13.8549385,-0.36317417,-3.8340976,0.430952,-1.8595408,-6.2193084,-7.358439,-10.545094,-1.3215663,-7.3086348,-5.233789101751713,-7.503301941064933,-8.428386984279186,0.45890092610201627,-6.39502847333825
2012-10-20 11:00:00,-6.336195,-11.556042,-7.987897,-14.040913,-9.980171,-21.365334,-12.567615,-16.343779,-4.0676875,-4.6699095,-11.962071,-17.999998,-3.7109478,-4.612311,-8.246332,-9.209801,-9.42625,-0.3749946,-1.0486355,-0.59094185,-5.7057066,-5.8869424,-5.8225265,-6.4839783,-8.360369,-9.631719,-2.947766,-8.454626,-9.969421,-10.770434,-14.741269,-6.2067933,-11.6779175,-8.6365,-9.630809,-11.36193,-4.2790346,-9.535153,2.0843198,4.1447163,2.6330962,5.7262363,2.6222486,5.9268255,3.5824232,4.9135137,1.6652427,2.5789187,2.846197,4.4761734,2.4004617,4.0972104,2.9080925,4.767443,4.4846582,0.44257897,1.4088612,1.180927,2.3447797,3.7690763,3.4071615,2.1148167,2.7055948,2.7662017,1.6152263,2.665692,3.7015147,3.7680316,4.2252417,4.73725,4.4039655,4.5784693,4.5464787,4.3154697,4.9471226,4.4979506,289.1002,289.1002,288.26624,288.26624,290.07166,290.07166,289.43167,289.43167,290.53857,290.53857,286.52142,286.52142,290.9444,290.9444,289.39404,289.39404,289.39404,281.74594,281.74594,281.74594,288.3636,288.3636,288.3636,284.58652,286.53952,286.7117,286.4412,285.70645,284.58652,286.53952,286.7117,286.4412,285.70645,284.58652,286.53952,286.7117,286.4412,285.70645,11.321669,13.8766365,20.923212,16.532635,3.3998597,18.651283,4.5115023,9.166136,0.9936835,5.9198265,10.467103,11.304738,15.206989,6.1084824,12.148471,9.028116570681425,10.61836108032593,13.716084808992878,4.478828330736064,11.24616804433456,4.1456566,5.728895,5.9278145,4.9157467,2.5785105,4.4785666,4.0959177,4.766226,1.4096856,3.7685444,3.7034428,3.7699168,4.2278004,4.739563,4.4056315,3.287082460126992,2.892703498079868,5.147382451321179,4.931440872055761,4.498356145260025,-7.176012,-8.147741,-14.9953985,-11.616888,-0.8213492,-14.172717,-0.41558462,-4.39991,0.41600206,-2.151282,-6.7636604,-7.534821,-10.979189,-1.368919,-7.7428393,-5.741034110554432,-7.725657582246061,-8.5687023576717,0.45261254131969686,-6.747811899074535
2012-10-20 12:00:00,-6.3490005,-11.557346,-7.8680153,-13.846371,-9.995802,-21.344204,-12.259735,-15.992586,-4.0853543,-4.7091875,-11.8214855,-17.814682,-3.7383568,-4.6682773,-8.49581,-9.532239,-9.76199,-0.37382,-1.0450445,-0.5881628,-5.865868,-6.0728755,-6.0065,-6.5825357,-8.316613,-9.728752,-2.9032762,-8.602256,-10.131691,-10.739381,-14.903919,-6.1160865,-11.897187,-8.7521105,-9.554641,-11.440514,-4.1994185,-9.685445,2.151765,4.257419,2.6204553,5.6993027,2.713152,6.113699,3.5735953,4.903927,1.7495147,2.681758,2.869096,4.5058804,2.5638633,4.3221426,3.1621263,5.0746593,4.7961273,0.44425896,1.4147549,1.1852055,2.5293348,3.9702291,3.603386,2.1867986,2.7554228,2.8922048,1.6199679,2.799164,3.8092482,3.82126,4.390081,4.752354,4.578989,4.7276735,4.6248283,4.475977,4.9634256,4.668815,289.72565,289.72565,288.1688,288.1688,290.7608,290.7608,289.38132,289.38132,291.51065,291.51065,286.66495,286.66495,292.18747,292.18747,290.8815,290.8815,290.8815,281.79962,281.79962,281.79962,289.66595,289.66595,289.66595,285.12137,286.86224,287.5489,286.49774,286.5226,285.12137,286.86224,287.5489,286.49774,286.5226,285.12137,286.86224,287.5489,286.49774,286.5226,11.316957,13.711728,20.886396,16.215183,3.4353142,18.45063,4.5753045,9.478531,0.9910434,6.099553,10.574169,11.226596,15.222095,6.0264935,12.270733,9.09594247114433,10.486449086854902,13.57548497269212,4.421878333712757,11.338156514581065,4.2583594,5.7019615,6.114688,4.9061594,2.6813493,4.5082736,4.3208494,5.073443,1.4155792,3.9696975,3.8111765,3.8231452,4.3926396,4.754668,4.580655,3.3842491497584346,2.9342335715111476,5.388248702728637,4.946695402522539,4.669174115135606,-7.0585985,-8.009767,-14.7717085,-11.309023,-0.7539648,-13.942356,-0.2544548,-4.4050884,0.42453578,-2.1298554,-6.762992,-7.4034505,-10.829454,-1.2718254,-7.690078,-5.711693321385895,-7.552215515343755,-8.187236269963483,0.5248170688097815,-6.66898239944546
2012-10-20 13:00:00,-6.0495753,-11.024716,-7.4543285,-13.171177,-9.451792,-20.3316,-11.335932,-14.921033,-3.8462899,-4.498147,-11.072217,-16.777021,-3.4908724,-4.4490237,-8.096325,-9.214433,-9.4470825,-0.3435138,-0.9558163,-0.5354409,-5.645364,-5.8891497,-5.803567,-6.0500503,-7.821651,-9.2349,-2.6695287,-8.274814,-9.375682,-10.182361,-14.231151,-5.6399555,-11.515379,-7.9951673,-8.909009,-10.767644,-3.8198369,-9.2681,2.1813889,4.306922,2.6069827,5.6705976,2.7323332,6.153131,3.5147448,4.8400135,1.7935436,2.7354872,2.83139,4.4569645,2.6722631,4.4713607,3.328094,5.2753735,4.9996195,0.43000028,1.3647345,1.1488937,2.6492853,4.1009674,3.7309208,2.1100235,2.7382426,2.922377,1.5637765,2.8880687,3.6943407,3.8029084,4.4295526,4.573354,4.695571,4.568535,4.597816,4.514412,4.7702217,4.782627,290.00037,290.00037,288.06494,288.06494,290.90622,290.90622,289.04562,289.04562,292.01852,292.01852,286.42862,286.42862,293.01212,293.01212,291.8533,291.8533,291.8533,281.34402,281.34402,281.34402,290.51242,290.51242,290.51242,284.5509,286.75098,287.74936,285.8276,287.06625,284.5509,286.75098,287.74936,285.8276,287.06625,284.5509,286.75098,287.74936,285.8276,287.06625,10.828012,13.110979,19.956854,15.274712,3.2946196,17.506521,4.36733,9.162363,0.91048217,5.9163575,9.899143,10.705108,14.561399,5.616215,11.847748,8.411833387623243,9.83032613697044,12.775841490480518,4.137097016039718,10.939288020196638,4.307862,5.6732564,6.15412,4.842246,2.7350788,4.4593577,4.4700675,5.274157,1.3655589,4.1004357,3.6962693,3.8047934,4.4321113,4.575667,4.6972375,3.2806124426215777,2.9199150232624054,5.445925603012806,4.765921395765936,4.782954825401969,-6.5201507,-7.4377227,-13.802733,-10.432466,-0.5595407,-13.047163,0.1027376,-3.8882058,0.4550767,-1.8159218,-6.202874,-6.900315,-10.129289,-1.0405482,-7.1505103,-5.131220945001665,-6.910411113708035,-7.329915887467712,0.6288243797262183,-6.156333194794669
2012-10-20 14:00:00,-5.341149,-9.7722845,-6.636692,-11.820738,-8.285311,-18.109474,-9.391872,-12.599777,-3.301568,-3.9709554,-9.53386,-14.614828,-2.9287732,-3.8895295,-6.972134,-8.146732,-8.367083,-0.29266676,-0.80669236,-0.44694993,-4.9265475,-5.2029953,-5.0796013,-4.9312057,-6.6968064,-7.942577,-2.2415674,-7.2433743,-7.7459574,-8.870676,-12.410057,-4.7595053,-10.221133,-6.4253535,-7.492609,-9.104839,-3.134353,-8.025762,2.185881,4.314428,2.6175966,5.6932125,2.7312949,6.1509957,3.3612516,4.6733155,1.7988563,2.74197,2.755933,4.3590755,2.7109501,4.524616,3.3642282,5.319073,5.0439234,0.4120234,1.3016703,1.1031134,2.6313987,4.0814724,3.7119036,1.9382663,2.647846,2.8415382,1.4888254,2.897137,3.4372764,3.7063422,4.323798,4.334593,4.707463,4.212517,4.455674,4.411436,4.512515,4.794236,290.04202,290.04202,288.14676,288.14676,290.89835,290.89835,288.17007,288.17007,292.0798,292.0798,285.9557,285.9557,293.30643,293.30643,292.06488,292.06488,292.06488,280.76962,280.76962,280.76962,290.3862,290.3862,290.3862,283.2747,286.1655,287.21225,284.93375,287.1217,283.2747,286.1655,287.21225,284.93375,287.1217,283.2747,286.1655,287.21225,284.93375,287.1217,9.672872,11.86367,17.906914,13.202061,2.9288616,15.492227,3.8225338,8.109904,0.776052,5.240423,8.399538,9.496235,12.91638,4.829026,10.597789,6.945714376723211,8.411242784803054,11.025627877279852,3.584661808099079,9.795393014092737,4.315368,5.6958714,6.1519847,4.6755476,2.7415617,4.361469,4.523323,5.317856,1.3024949,4.0809407,3.4392045,3.7082274,4.326357,4.3369064,4.7091284,3.048761832459687,2.8445718120303405,5.291394708660337,4.524796086876603,4.794560279008907,-5.357504,-6.167799,-11.754929,-8.526513,-0.18729989,-11.130757,0.70078903,-2.7920487,0.5264428,-1.1594827,-4.9603333,-5.7880073,-8.590023,-0.49211946,-5.8886604,-3.8969525442635238,-5.566670972772714,-5.734233168619515,0.9401342787775242,-5.000832735083829
2012-10-20 15:00:00,-3.9001212,-7.190432,-4.826153,-8.757365,-5.978649,-13.481827,-5.413539,-7.5649652,-2.2992952,-2.9024804,-6.468861,-10.165321,-1.9494128,-2.7837749,-4.8861666,-5.954968,-6.1276736,-0.20494786,-0.5534182,-0.30000696,-3.5186303,-3.7837005,-3.619266,-3.0135546,-4.456617,-5.245715,-1.4899923,-4.9791875,-4.845747,-6.123887,-8.444805,-3.1946096,-7.2317333,-3.796857,-4.810403,-5.812594,-1.9865426,-5.3960023,2.1393685,4.236705,2.5257168,5.4974484,2.6141493,5.910176,2.9627838,4.240568,1.76546,2.701216,2.597473,4.153507,2.6912456,4.4974914,3.2452192,5.175149,4.8980074,0.38357583,1.2018744,1.0306677,2.5309696,3.9720109,3.605124,1.6515663,2.4445758,2.6099162,1.4108113,2.7769752,3.00818,3.4892006,4.0207863,4.086075,4.549893,3.6182463,4.13605,4.1163874,4.2442775,4.64041,289.6107,289.6107,287.4385,287.4385,290.01025,290.01025,285.89716,285.89716,291.69458,291.69458,284.96252,284.96252,293.15652,293.15652,291.36804,291.36804,291.36804,279.86066,279.86066,279.86066,289.6775,289.6775,289.6775,281.1444,284.84897,285.6733,284.00336,286.38693,281.1444,284.84897,285.6733,284.00336,286.38693,281.1444,284.84897,285.6733,284.00336,286.38693,7.240878,9.024214,13.5683565,8.407088,2.1693108,11.151434,2.739245,5.946875,0.5435857,3.834031,5.5408015,6.8308086,9.178663,3.3499079,7.704508,4.311259509456176,5.604021666205124,7.40886609034286,2.5233871971273447,7.151283037022765,4.2376447,5.500107,5.9111643,4.2428007,2.7008078,4.1559005,4.496198,5.173932,1.2026987,3.9714792,3.0101078,3.4910858,4.0233455,4.0883884,4.551559,2.6617527733633235,2.675152675592953,4.848628575682708,4.273816664134742,4.640776841202506,-3.0032337,-3.5241067,-7.6571918,-4.164287,0.5314969,-6.9955335,1.7569534,-0.77294314,0.65911305,0.13744806,-2.530694,-3.3397229,-5.155318,0.73848057,-3.1529489,-1.6495067360928521,-2.9288689906121714,-2.5602375146601517,1.7504294670073972,-2.510506195820259
2012-10-20 16:00:00,-0.96998614,-1.8118751,-1.1188445,-2.1187139,-1.5639827,-3.7251246,0.0,0.0,-0.5589897,-0.7609749,-0.7444296,-1.2377979,-0.43497238,-0.69820637,-1.2826,-1.6499163,-1.689575,-0.052446004,-0.13393849,-0.06917617,-0.8825017,-0.9631401,-0.8766591,-0.39125207,-0.4573364,-0.40129524,-0.113146,-0.63675004,-0.6600694,-0.68188685,-0.68954504,-0.24862939,-0.9829804,-0.45096904,-0.4598245,-0.41532096,-0.13708416,-0.6596353,1.9103279,3.8539705,2.2067468,4.8178325,2.1145642,4.8831577,2.5070543,3.7456331,1.5797932,2.4746432,2.3325348,3.8098068,2.5410378,4.2907214,2.7106185,4.528627,4.2425365,0.3359956,1.03496,0.90949833,2.207129,3.6190455,3.2608073,1.3376725,2.0029466,2.1146808,1.3588319,2.5131063,2.538383,3.0174341,3.372913,3.9204912,4.2038765,2.9676092,3.4416273,3.4855387,4.0655546,4.302616,287.48666,287.48666,284.97974,284.97974,286.22284,286.22284,283.2976,283.2976,289.55292,289.55292,283.302,283.302,292.01382,292.01382,288.23776,288.23776,288.23776,278.34036,278.34036,278.34036,287.3922,287.3922,287.3922,278.81207,281.98865,282.38287,283.38345,284.7734,278.81207,281.98865,282.38287,283.38345,284.7734,278.81207,281.98865,282.38287,283.38345,284.7734,1.9023529,2.3476906,3.9349165,0.0,0.5833536,1.462514,0.6879309,1.6640413,0.13878284,0.99123454,0.83296996,0.83950365,0.8316627,0.27771953,1.1178622,0.5530214399496362,0.5790790723939855,0.5902448389767957,0.21533660483252062,1.0476899542394942,3.8549109,4.8204913,4.8841467,3.747866,2.4742348,3.8122,4.2894287,4.52741,1.0357845,3.6185138,2.540311,3.019319,3.3754718,3.922805,4.2055426,2.2380359285742877,2.3070685911964057,3.90194246432035,4.106593092968165,4.303075386548687,1.9525579,2.4728007,0.9492303,3.747866,1.8908813,2.349686,3.601498,2.8633687,0.8970017,2.6272793,1.7073412,2.1798153,2.543809,3.6450856,3.0876803,1.6850144886246516,1.7279895188024201,3.3116976253435544,3.891256488135644,3.255385432309193
2012-10-20 17:00:00,0.0,0.0,0.0,0.0,0.0,0.0,0.0,0.0,0.0,0.0,0.0,0.0,0.0,0.0,0.0,0.0,0.0,0.0,0.0,0.0,0.0,0.0,0.0,0.0,0.0,0.0,0.0,0.0,0.0,0.0,0.0,0.0,0.0,0.0,0.0,0.0,0.0,0.0,1.656244,3.4293895,2.1347568,4.664447,1.8805352,4.402055,2.4716954,3.7072327,1.4588497,2.3270538,2.2515712,3.7047741,2.4043927,4.102622,1.9992353,3.6683114,3.3703122,0.29536566,0.8924278,0.8060288,1.9426389,3.3307683,2.979593,1.1890429,2.042418,1.9423834,1.134708,2.1354792,2.3159325,3.0595987,3.1475115,3.2065332,3.7086873,2.6595297,3.5036924,3.2660606,3.2949443,3.819194,285.1304,285.1304,284.4248,284.4248,284.44864,284.44864,283.09592,283.09592,288.15784,288.15784,282.79456,282.79456,290.9743,290.9743,284.07236,284.07236,284.07236,277.04214,277.04214,277.04214,285.52576,285.52576,285.52576,277.7077,282.2443,281.2381,280.71057,282.46426,277.7077,282.2443,281.2381,280.71057,282.46426,277.7077,282.2443,281.2381,280.71057,282.46426,0.0,0.0,0.0,0.0,0.0,0.0,0.0,0.0,0.0,0.0,0.0,0.0,0.0,0.0,0.0,0.0,0.0,0.0,0.0,0.0,3.4303293,4.6671057,4.403044,3.7094655,2.3266451,3.7071671,4.1013293,3.6670947,0.8932522,3.3302364,2.3178606,3.0614839,3.15007,3.2088468,3.7103531,2.0374044003087026,2.3399666928639067,3.572580935402749,3.385563383884099,3.8197852089908895,3.4303293,4.6671057,4.403044,3.7094655,2.3266451,3.7071671,4.1013293,3.6670947,0.8932522,3.3302364,2.3178606,3.0614839,3.15007,3.2088468,3.7103531,2.0374044003087026,2.3399666928639067,3.572580935402749,3.385563383884099,3.8197852089908895
2012-10-20 18:00:00,0.0,0.0,0.0,0.0,0.0,0.0,0.0,0.0,0.0,0.0,0.0,0.0,0.0,0.0,0.0,0.0,0.0,0.0,0.0,0.0,0.0,0.0,0.0,0.0,0.0,0.0,0.0,0.0,0.0,0.0,0.0,0.0,0.0,0.0,0.0,0.0,0.0,0.0,1.7217445,3.5388424,2.1505017,4.6979938,1.8808814,4.402767,2.654299,3.905545,1.4082199,2.265269,2.2457626,3.6972382,2.3261037,3.9948533,1.771329,3.392692,3.0908775,0.2949884,0.89110434,0.8050681,1.8384341,3.217192,2.8687992,1.1308937,2.0288994,2.3255973,1.2272134,2.095149,2.228902,3.045158,3.6488364,3.501214,3.6558018,2.5389984,3.482436,3.7542114,3.6130078,3.7675655,285.73782,285.73782,284.54617,284.54617,284.45126,284.45126,284.1375,284.1375,287.57382,287.57382,282.75815,282.75815,290.37872,290.37872,282.73788,282.73788,282.73788,277.0301,277.0301,277.0301,284.7904,284.7904,284.7904,277.27563,282.15674,283.78424,281.81378,282.21765,277.27563,282.15674,283.78424,281.81378,282.21765,277.27563,282.15674,283.78424,281.81378,282.21765,0.0,0.0,0.0,0.0,0.0,0.0,0.0,0.0,0.0,0.0,0.0,0.0,0.0,0.0,0.0,0.0,0.0,0.0,0.0,0.0,3.5397825,4.700652,4.4037557,3.9077778,2.2648604,3.6996315,3.9935603,3.391475,0.89192873,3.21666,2.2308302,3.047043,3.6513953,3.5035272,3.6574678,1.9589103918754054,2.328699574124016,4.305127615949063,3.6831625616358714,3.768170640692783,3.5397825,4.700652,4.4037557,3.9077778,2.2648604,3.6996315,3.9935603,3.391475,0.89192873,3.21666,2.2308302,3.047043,3.6513953,3.5035272,3.6574678,1.9589103918754054,2.328699574124016,4.305127615949063,3.6831625616358714,3.768170640692783
2012-10-20 19:00:00,0.0,0.0,0.0,0.0,0.0,0.0,0.0,0.0,0.0,0.0,0.0,0.0,0.0,0.0,0.0,0.0,0.0,0.0,0.0,0.0,0.0,0.0,0.0,0.0,0.0,0.0,0.0,0.0,0.0,0.0,0.0,0.0,0.0,0.0,0.0,0.0,0.0,0.0,1.6193771,3.3677835,2.0508068,4.4855785,1.8597841,4.359396,2.8296957,4.0960307,1.354759,2.2000296,2.2325232,3.6800632,2.2502012,3.8903694,1.6966997,3.3024387,2.999375,0.3289909,1.0103872,0.89165986,1.6891029,3.05443,2.7100258,1.0743546,2.0001194,2.1840463,1.4901074,2.1406095,2.1442814,3.014414,3.4636579,4.338677,3.7154148,2.4218044,3.4371822,3.5738993,4.5169234,3.8257616,284.7885,284.7885,283.77768,283.77768,284.29132,284.29132,285.138,285.138,286.95715,286.95715,282.67517,282.67517,289.8013,289.8013,282.3009,282.3009,282.3009,278.11655,278.11655,278.11655,283.7366,283.7366,283.7366,276.85553,281.97034,282.84375,284.94904,282.49564,276.85553,281.97034,282.84375,284.94904,282.49564,276.85553,281.97034,282.84375,284.94904,282.49564,0.0,0.0,0.0,0.0,0.0,0.0,0.0,0.0,0.0,0.0,0.0,0.0,0.0,0.0,0.0,0.0,0.0,0.0,0.0,0.0,3.3687236,4.488237,4.360385,4.0982633,2.1996212,3.6824565,3.8890765,3.3012216,1.0112116,3.0538983,2.1462097,3.016299,3.4662166,4.3409905,3.7170808,1.8825896883796598,2.3047122749733546,4.03454050787211,4.528920490418889,3.8263512003546385,3.3687236,4.488237,4.360385,4.0982633,2.1996212,3.6824565,3.8890765,3.3012216,1.0112116,3.0538983,2.1462097,3.016299,3.4662166,4.3409905,3.7170808,1.8825896883796598,2.3047122749733546,4.03454050787211,4.528920490418889,3.8263512003546385
2012-10-20 20:00:00,0.0,0.0,0.0,0.0,0.0,0.0,0.0,0.0,0.0,0.0,0.0,0.0,0.0,0.0,0.0,0.0,0.0,0.0,0.0,0.0,0.0,0.0,0.0,0.0,0.0,0.0,0.0,0.0,0.0,0.0,0.0,0.0,0.0,0.0,0.0,0.0,0.0,0.0,1.6701839,3.4526834,2.0354462,4.45285,1.8120861,4.261341,2.8151326,4.080215,1.376874,2.227017,2.2697914,3.7284107,2.2284667,3.8604507,1.5530543,3.12872,2.823252,0.32615042,1.0004227,0.8844263,1.528601,2.8794935,2.5393755,1.1028419,2.0122104,1.6542202,1.4224417,2.2468367,2.1869175,3.0273294,2.7705317,4.123124,3.8547125,2.4808526,3.456193,2.8989873,4.2842665,3.9617493,285.25967,285.25967,283.65927,283.65927,283.92972,283.92972,285.05493,285.05493,287.21225,287.21225,282.90875,282.90875,289.63596,289.63596,281.4598,281.4598,281.4598,278.0258,278.0258,278.0258,282.60397,282.60397,282.60397,277.0672,282.04865,279.3235,284.14206,283.1452,277.0672,282.04865,279.3235,284.14206,283.1452,277.0672,282.04865,279.3235,284.14206,283.1452,0.0,0.0,0.0,0.0,0.0,0.0,0.0,0.0,0.0,0.0,0.0,0.0,0.0,0.0,0.0,0.0,0.0,0.0,0.0,0.0,3.4536233,4.4555087,4.2623305,4.0824475,2.2266088,3.730804,3.8591578,3.1275034,1.001247,2.8789618,2.1888456,3.0292149,2.7730906,4.1254377,3.8563786,1.9210438798257221,2.3147894540206044,3.021730978022909,4.311232660341707,3.9623017122003517,3.4536233,4.4555087,4.2623305,4.0824475,2.2266088,3.730804,3.8591578,3.1275034,1.001247,2.8789618,2.1888456,3.0292149,2.7730906,4.1254377,3.8563786,1.9210438798257221,2.3147894540206044,3.021730978022909,4.311232660341707,3.9623017122003517
2012-10-20 21:00:00,0.0,0.0,0.0,0.0,0.0,0.0,0.0,0.0,0.0,0.0,0.0,0.0,0.0,0.0,0.0,0.0,0.0,0.0,0.0,0.0,0.0,0.0,0.0,0.0,0.0,0.0,0.0,0.0,0.0,0.0,0.0,0.0,0.0,0.0,0.0,0.0,0.0,0.0,1.7945701,3.6605363,2.0964737,4.5828786,1.8334091,4.305176,2.8462648,4.114025,1.3597169,2.20608,2.3130195,3.7844896,2.1268427,3.7205596,1.4083563,2.9537292,2.6458383,0.29166466,0.87944436,0.7966037,1.5540943,2.9072797,2.5664806,1.1509162,2.0323014,1.7315775,1.3726168,2.1029897,2.2588692,3.0487921,2.8717318,3.964404,3.666083,2.5805008,3.487785,2.9975283,4.112952,3.7776022,286.41318,286.41318,284.1297,284.1297,284.09137,284.09137,285.2325,285.2325,287.01434,287.01434,283.1797,283.1797,288.86285,288.86285,280.61255,280.61255,280.61255,276.9239,276.9239,276.9239,282.78387,282.78387,282.78387,277.4244,282.17877,279.83746,283.54785,282.2656,277.4244,282.17877,279.83746,283.54785,282.2656,277.4244,282.17877,279.83746,283.54785,282.2656,0.0,0.0,0.0,0.0,0.0,0.0,0.0,0.0,0.0,0.0,0.0,0.0,0.0,0.0,0.0,0.0,0.0,0.0,0.0,0.0,3.6614764,4.585537,4.3061647,4.1162577,2.2056715,3.7868829,3.7192664,2.952512,0.8802688,2.9067478,2.2607973,3.0506773,2.8742907,3.9667177,3.667749,1.9859380999635765,2.3315350079790886,3.16960650772088,4.150940721475738,3.778204855121235,3.6614764,4.585537,4.3061647,4.1162577,2.2056715,3.7868829,3.7192664,2.952512,0.8802688,2.9067478,2.2607973,3.0506773,2.8742907,3.9667177,3.667749,1.9859380999635765,2.3315350079790886,3.16960650772088,4.150940721475738,3.778204855121235
2012-10-20 22:00:00,0.0,0.0,0.0,0.0,0.0,0.0,0.0,0.0,0.0,0.0,0.0,0.0,0.0,0.0,0.0,0.0,0.0,0.0,0.0,0.0,0.0,0.0,0.0,0.0,0.0,0.0,0.0,0.0,0.0,0.0,0.0,0.0,0.0,0.0,0.0,0.0,0.0,0.0,1.515203,3.1937058,2.071445,4.529551,1.7704023,4.1756506,2.798173,4.061796,1.2472553,2.068841,2.2771392,3.7379425,1.9161006,3.4304612,1.3205199,2.847504,2.5381427,0.3076721,0.9355996,0.8373688,1.4948435,2.8427,2.5034833,1.1676035,1.9242915,1.7139995,1.1044513,2.0225492,2.2838447,2.933411,2.848736,3.1101487,3.5606003,2.6150904,3.3179486,2.9751368,3.1909115,3.674626,283.82245,283.82245,283.93677,283.93677,283.6137,283.6137,284.9582,284.9582,285.7171,285.7171,282.9548,282.9548,287.25964,287.25964,280.09824,280.09824,280.09824,277.43536,277.43536,277.43536,282.36575,282.36575,282.36575,277.5484,281.47922,279.72067,280.34973,281.7737,277.5484,281.47922,279.72067,280.34973,281.7737,277.5484,281.47922,279.72067,280.34973,281.7737,0.0,0.0,0.0,0.0,0.0,0.0,0.0,0.0,0.0,0.0,0.0,0.0,0.0,0.0,0.0,0.0,0.0,0.0,0.0,0.0,3.194646,4.53221,4.1766396,4.0640287,2.0684326,3.7403357,3.4291685,2.8462868,0.936424,2.842168,2.2857728,2.9352963,2.851295,3.112462,3.562266,2.0084639621096767,2.241511946677414,3.13600481836367,3.28822416734919,3.675256753174831,3.194646,4.53221,4.1766396,4.0640287,2.0684326,3.7403357,3.4291685,2.8462868,0.936424,2.842168,2.2857728,2.9352963,2.851295,3.112462,3.562266,2.0084639621096767,2.241511946677414,3.13600481836367,3.28822416734919,3.675256753174831
2012-10-20 23:00:00,0.0,0.0,0.0,0.0,0.0,0.0,0.0,0.0,0.0,0.0,0.0,0.0,0.0,0.0,0.0,0.0,0.0,0.0,0.0,0.0,0.0,0.0,0.0,0.0,0.0,0.0,0.0,0.0,0.0,0.0,0.0,0.0,0.0,0.0,0.0,0.0,0.0,0.0,1.4726956,3.1226745,2.2424607,4.893927,1.6601768,3.9490557,2.520579,3.7603216,1.2128936,2.0269084,2.3172069,3.7899222,1.8273132,3.3082402,1.4221106,2.9703627,2.6627023,0.29711443,0.89856267,0.81048226,1.4078203,2.7478504,2.4109578,1.2125278,1.7380879,1.6804746,1.2131673,1.910847,2.3510814,2.734501,2.8048782,3.4564698,3.414123,2.708209,3.0251603,2.9324315,3.5647132,3.5316296,283.42825,283.42825,285.25504,285.25504,282.77808,282.77808,283.37476,283.37476,285.32074,285.32074,283.20593,283.20593,286.5842,286.5842,280.69308,280.69308,280.69308,277.09802,277.09802,277.09802,281.75165,281.75165,281.75165,277.8822,280.27322,279.49792,281.64627,281.09067,277.8822,280.27322,279.49792,281.64627,281.09067,277.8822,280.27322,279.49792,281.64627,281.09067,0.0,0.0,0.0,0.0,0.0,0.0,0.0,0.0,0.0,0.0,0.0,0.0,0.0,0.0,0.0,0.0,0.0,0.0,0.0,0.0,3.1236145,4.896585,3.9500444,3.7625544,2.0265002,3.7923152,3.306948,2.9691458,0.899387,2.7473185,2.3530097,2.7363858,2.8074367,3.4587831,3.4157891,2.069105822841659,2.0863171058398455,3.0719183980296547,3.6379752342035205,3.532299536537258,3.1236145,4.896585,3.9500444,3.7625544,2.0265002,3.7923152,3.306948,2.9691458,0.899387,2.7473185,2.3530097,2.7363858,2.8074367,3.4587831,3.4157891,2.069105822841659,2.0863171058398455,3.0719183980296547,3.6379752342035205,3.532299536537258
2012-11-15 00:00:00,0.0,0.0,0.0,0.0,0.0,0.0,0.0,0.0,0.0,0.0,0.0,0.0,0.0,0.0,0.0,0.0,0.0,0.0,0.0,0.0,0.0,0.0,0.0,0.0,0.0,0.0,0.0,0.0,0.0,0.0,0.0,0.0,0.0,0.0,0.0,0.0,0.0,0.0,0.5196328,1.5300789,1.103798,2.4678278,0.69269884,1.9601719,0.74002916,1.8265941,0.69148755,1.3906268,1.0095534,2.0935216,0.92243516,2.0626261,0.4676541,1.816086,1.4924481,0.082313545,0.14502773,0.2634631,0.5504329,1.8133527,1.4993572,0.34103817,0.85820776,0.58930886,0.50813645,0.67170286,1.0467452,1.7945762,1.3774,1.2105558,1.789211,0.9017895,1.6416266,1.5424651,1.1405864,1.9453294,274.58997,274.58997,276.4777,276.4777,275.4435,275.4435,273.21823,273.21823,279.30634,279.30634,275.0101,275.0101,279.70038,279.70038,275.1044,275.1044,275.1044,270.23465,270.23465,270.23465,275.70123,275.70123,275.70123,271.40674,274.57446,272.24802,273.23813,273.51346,271.40674,274.57446,272.24802,273.23813,273.51346,271.40674,274.57446,272.24802,273.23813,273.51346,0.0,0.0,0.0,0.0,0.0,0.0,0.0,0.0,0.0,0.0,0.0,0.0,0.0,0.0,0.0,0.0,0.0,0.0,0.0,0.0,1.531019,2.4704862,1.9611608,1.828827,1.3902184,2.0959148,2.0613334,1.814869,0.14929155,1.812821,1.0504836,1.7964612,1.3801591,1.2128693,1.7908771,0.8945150039772256,1.3529647349332978,0.9862590776524878,1.369816720903028,1.946433781960228,1.531019,2.4704862,1.9611608,1.828827,1.3902184,2.0959148,2.0613334,1.814869,0.14929155,1.812821,1.0504836,1.7964612,1.3801591,1.2128693,1.7908771,0.8945150039772256,1.3529647349332978,0.9862590776524878,1.369816720903028,1.946433781960228
2012-11-15 01:00:00,0.0,0.0,0.0,0.0,0.0,0.0,0.0,0.0,0.0,0.0,0.0,0.0,0.0,0.0,0.0,0.0,0.0,0.0,0.0,0.0,0.0,0.0,0.0,0.0,0.0,0.0,0.0,0.0,0.0,0.0,0.0,0.0,0.0,0.0,0.0,0.0,0.0,0.0,0.51915574,1.5292817,1.113454,2.4884014,0.7540269,2.0862465,0.7626546,1.851166,0.65810466,1.349889,0.8489117,1.8851234,0.9852597,2.1491077,0.4232539,1.7623904,1.4380091,0.0879792,0.16490318,0.27789146,0.5372041,1.7989341,1.4852921,0.34419245,0.5827473,0.6206845,0.4502791,0.5790802,1.0514662,1.5003178,1.4184461,1.026248,1.6677533,0.9083277,1.2084895,1.5824325,0.94165385,1.8267579,274.58554,274.58554,276.55212,276.55212,275.90845,275.90845,273.3473,273.3473,278.92126,278.92126,274.00327,274.00327,280.1783,280.1783,274.84442,274.84442,274.84442,270.41568,270.41568,270.41568,275.60788,275.60788,275.60788,271.43018,272.79037,272.45648,272.54813,272.94708,271.43018,272.79037,272.45648,272.54813,272.94708,271.43018,272.79037,272.45648,272.54813,272.94708,0.0,0.0,0.0,0.0,0.0,0.0,0.0,0.0,0.0,0.0,0.0,0.0,0.0,0.0,0.0,0.0,0.0,0.0,0.0,0.0,1.5302217,2.4910595,2.0872355,1.8533988,1.3494806,1.8875165,2.147815,1.7611734,0.16895342,1.7984024,1.0551802,1.5024389,1.4211589,1.0285615,1.6695383,0.8987485690841174,1.1236131095895892,1.0461900537641666,1.1836834592441743,1.8280136194724455,1.5302217,2.4910595,2.0872355,1.8533988,1.3494806,1.8875165,2.147815,1.7611734,0.16895342,1.7984024,1.0551802,1.5024389,1.4211589,1.0285615,1.6695383,0.8987485690841174,1.1236131095895892,1.0461900537641666,1.1836834592441743,1.8280136194724455
2012-11-15 02:00:00,0.0,0.0,0.0,0.0,0.0,0.0,0.0,0.0,0.0,0.0,0.0,0.0,0.0,0.0,0.0,0.0,0.0,0.0,0.0,0.0,0.0,0.0,0.0,0.0,0.0,0.0,0.0,0.0,0.0,0.0,0.0,0.0,0.0,0.0,0.0,0.0,0.0,0.0,0.5277941,1.5437168,1.8005881,3.9524484,0.6956172,1.9661715,0.69891936,1.7819479,0.6954004,1.3954018,0.8759451,1.9201933,0.969655,2.1276267,0.402547,1.7373483,1.4126204,0.08807088,0.16522484,0.27812496,0.5339087,1.7953424,1.4817882,0.28193203,0.59971946,0.5015801,0.9825696,0.5201049,0.9582826,1.5184481,1.2626321,2.7218876,1.590418,0.7792746,1.2351767,1.4307132,2.771842,1.7512603,274.66565,274.66565,281.84888,281.84888,275.46564,275.46564,272.98373,272.98373,279.35147,279.35147,274.1727,274.1727,280.0596,280.0596,274.72318,274.72318,274.72318,270.4186,270.4186,270.4186,275.58463,275.58463,275.58463,270.96756,272.9003,271.66513,278.89618,272.58646,270.96756,272.9003,271.66513,278.89618,272.58646,270.96756,272.9003,271.66513,278.89618,272.58646,0.0,0.0,0.0,0.0,0.0,0.0,0.0,0.0,0.0,0.0,0.0,0.0,0.0,0.0,0.0,0.0,0.0,0.0,0.0,0.0,1.5446566,3.955107,1.9671603,1.7842116,1.3949934,1.9225864,2.126334,1.7361314,0.16927162,1.7948108,0.962477,1.5204971,1.2655208,2.7242012,1.5924144,0.8151852703140996,1.13768671071118,0.8186874711917849,2.896117698848031,1.7527480983232584,1.5446566,3.955107,1.9671603,1.7842116,1.3949934,1.9225864,2.126334,1.7361314,0.16927162,1.7948108,0.962477,1.5204971,1.2655208,2.7242012,1.5924144,0.8151852703140996,1.13768671071118,0.8186874711917849,2.896117698848031,1.7527480983232584
2012-11-15 03:00:00,0.0,0.0,0.0,0.0,0.0,0.0,0.0,0.0,0.0,0.0,0.0,0.0,0.0,0.0,0.0,0.0,0.0,0.0,0.0,0.0,0.0,0.0,0.0,0.0,0.0,0.0,0.0,0.0,0.0,0.0,0.0,0.0,0.0,0.0,0.0,0.0,0.0,0.0,0.68864584,1.8125045,1.153879,2.574533,0.65527797,1.8832444,0.6438618,1.7221538,0.714555,1.4187764,0.8494425,1.8858118,1.0486219,2.2363293,0.35805297,1.6835393,1.3580666,0.076607786,0.12501155,0.24893263,0.52397954,1.7845204,1.4712311,0.1582614,0.5817577,0.48069066,0.93338686,0.6480268,0.7731879,1.4992609,1.2353041,2.565214,1.7581645,0.52293074,1.2069337,1.4041033,2.6027365,1.9150207,276.15732,276.15732,276.86374,276.86374,275.15982,275.15982,272.66968,272.66968,279.57242,279.57242,274.0066,274.0066,280.66034,280.66034,274.46265,274.46265,274.46265,270.05234,270.05234,270.05234,275.51456,275.51456,275.51456,270.04865,272.78397,271.52634,278.30963,273.36868,270.04865,272.78397,271.52634,278.30963,273.36868,270.04865,272.78397,271.52634,278.30963,273.36868,0.0,0.0,0.0,0.0,0.0,0.0,0.0,0.0,0.0,0.0,0.0,0.0,0.0,0.0,0.0,0.0,0.0,0.0,0.0,0.0,1.8134446,2.5771916,1.8842334,1.7244765,1.4183681,1.888205,2.2350364,1.6823223,0.12949045,1.7839886,0.7783366,1.501386,1.2382237,2.5675273,1.7598304,0.6491997508692811,1.1227926053598467,0.7787861274125557,2.737892077924405,1.9161331369897767,1.8134446,2.5771916,1.8842334,1.7244765,1.4183681,1.888205,2.2350364,1.6823223,0.12949045,1.7839886,0.7783366,1.501386,1.2382237,2.5675273,1.7598304,0.6491997508692811,1.1227926053598467,0.7787861274125557,2.737892077924405,1.9161331369897767
2012-11-15 04:00:00,0.0,0.0,0.0,0.0,0.0,0.0,0.0,0.0,0.0,0.0,0.0,0.0,0.0,0.0,0.0,0.0,0.0,0.0,0.0,0.0,0.0,0.0,0.0,0.0,0.0,0.0,0.0,0.0,0.0,0.0,0.0,0.0,0.0,0.0,0.0,0.0,0.0,0.0,0.5759684,1.6242172,1.160352,2.5883245,0.8215381,2.2250319,0.6259712,1.7027241,0.7155524,1.4199935,0.9268906,1.9862843,1.0156311,2.1909156,0.3033801,1.6174204,1.2910323,0.076490305,0.124599434,0.24863344,0.5160916,1.7759228,1.4628444,0.110725194,0.5972881,0.6097941,0.9651458,0.5148048,0.7020416,1.515851,1.4041994,2.6663833,1.583468,0.42439777,1.2313538,1.5685601,2.7119336,1.7444754,275.1124,275.1124,276.91364,276.91364,276.42026,276.42026,272.56763,272.56763,279.58392,279.58392,274.492,274.492,280.40936,280.40936,274.14252,274.14252,274.14252,270.04858,270.04858,270.04858,275.4589,275.4589,275.4589,269.69543,272.88455,272.38412,278.6884,272.55405,269.69543,272.88455,272.38412,278.6884,272.55405,269.69543,272.88455,272.38412,278.6884,272.55405,0.0,0.0,0.0,0.0,0.0,0.0,0.0,0.0,0.0,0.0,0.0,0.0,0.0,0.0,0.0,0.0,0.0,0.0,0.0,0.0,1.6251572,2.5909832,2.2260208,1.7050658,1.4195852,1.9886774,2.1896226,1.6162033,0.12908277,1.7753911,0.7075571,1.5179102,1.4069282,2.6686969,1.5854833,0.5853986017193246,1.1356706146038118,1.0253883637684424,2.8400636794479803,1.7459839463844893,1.6251572,2.5909832,2.2260208,1.7050658,1.4195852,1.9886774,2.1896226,1.6162033,0.12908277,1.7753911,0.7075571,1.5179102,1.4069282,2.6686969,1.5854833,0.5853986017193246,1.1356706146038118,1.0253883637684424,2.8400636794479803,1.7459839463844893
2012-11-15 05:00:00,0.0,0.0,0.0,0.0,0.0,0.0,0.0,0.0,0.0,0.0,0.0,0.0,0.0,0.0,0.0,0.0,0.0,0.0,0.0,0.0,0.0,0.0,0.0,0.0,0.0,0.0,0.0,0.0,0.0,0.0,0.0,0.0,0.0,0.0,0.0,0.0,0.0,0.0,0.5200573,1.5307884,1.1114585,2.48415,0.87182426,2.3284073,0.6000982,1.6746252,0.7271881,1.4341927,0.9775342,2.0519834,0.997848,2.166436,0.27530873,1.5834719,1.2566142,0.07189246,0.10846989,0.23692442,0.5063267,1.7652799,1.4524621,0.06421164,0.6095861,0.7346766,0.9464451,0.47111103,0.63242596,1.5289881,1.5675721,2.6068115,1.5261716,0.3279847,1.250691,1.7276398,2.647635,1.6885405,274.5939,274.5939,276.53674,276.53674,276.80148,276.80148,272.42004,272.42004,279.71814,279.71814,274.80942,274.80942,280.27408,280.27408,273.97815,273.97815,273.97815,269.90167,269.90167,269.90167,275.38998,275.38998,275.38998,269.34982,272.9642,273.21387,278.46536,272.28687,269.34982,272.9642,273.21387,278.46536,272.28687,269.34982,272.9642,273.21387,278.46536,272.28687,0.0,0.0,0.0,0.0,0.0,0.0,0.0,0.0,0.0,0.0,0.0,0.0,0.0,0.0,0.0,0.0,0.0,0.0,0.0,0.0,1.5317284,2.4868083,2.3293962,1.6769948,1.4337844,2.0543766,2.1651433,1.5822551,0.11312655,1.7647481,0.63940054,1.5309951,1.570131,2.6091251,1.5283436,0.5240702666451632,1.1458683100306166,1.2639420547635822,2.7799017211904435,1.6902210930662924,1.5317284,2.4868083,2.3293962,1.6769948,1.4337844,2.0543766,2.1651433,1.5822551,0.11312655,1.7647481,0.63940054,1.5309951,1.570131,2.6091251,1.5283436,0.5240702666451632,1.1458683100306166,1.2639420547635822,2.7799017211904435,1.6902210930662924
2012-11-15 06:00:00,0.0,0.0,0.0,0.0,0.0,0.0,0.0,0.0,0.0,0.0,0.0,0.0,0.0,0.0,0.0,0.0,0.0,0.0,0.0,0.0,0.0,0.0,0.0,0.0,0.0,0.0,0.0,0.0,0.0,0.0,0.0,0.0,0.0,0.0,0.0,0.0,0.0,0.0,0.54117787,1.5660813,0.9956944,2.2374961,0.86631334,2.3170788,0.5913348,1.6651078,0.75824535,1.4720927,1.0398394,2.132811,0.9927012,2.159351,0.23174766,1.5307913,1.2032042,0.06702623,0.09139885,0.2245319,0.49278218,1.7505169,1.4380611,0.0,0.6145996,0.60617024,0.48255485,0.45558,0.51905537,1.5343437,1.3994584,1.1290642,1.5058054,0.170974,1.2585745,1.5639437,1.0526284,1.6686583,274.78976,274.78976,275.64438,275.64438,276.7597,276.7597,272.37006,272.37006,280.0764,280.0764,275.19992,275.19992,280.23492,280.23492,273.72308,273.72308,273.72308,269.7462,269.7462,269.7462,275.2944,275.2944,275.2944,268.787,272.99667,272.36005,272.93304,272.1919,268.787,272.99667,272.36005,272.93304,272.1919,268.787,272.99667,272.36005,272.93304,272.1919,0.0,0.0,0.0,0.0,0.0,0.0,0.0,0.0,0.0,0.0,0.0,0.0,0.0,0.0,0.0,0.0,0.0,0.0,0.0,0.0,1.5670213,2.2401545,2.3180673,1.6674868,1.4716842,2.1352043,2.1580584,1.5295743,0.09623895,1.7499855,0.5742573,1.5363294,1.4021926,1.1313777,1.508033,0.47004695073023983,1.1500255314613144,1.0184661649465843,1.2875179939325034,1.6703999623379966,1.5670213,2.2401545,2.3180673,1.6674868,1.4716842,2.1352043,2.1580584,1.5295743,0.09623895,1.7499855,0.5742573,1.5363294,1.4021926,1.1313777,1.508033,0.47004695073023983,1.1500255314613144,1.0184661649465843,1.2875179939325034,1.6703999623379966
2012-11-15 07:00:00,-0.10558066,-0.12242915,-0.65743184,-1.0841382,-0.27219164,-0.6209575,-0.3124957,-0.42262655,-0.08601057,-0.10772023,-0.6197227,-0.83798254,-0.090941064,-0.14364116,-0.020747844,-0.019892491,-0.01571174,0.0,0.0,0.0,-0.053132374,-0.047579378,-0.037063796,0.0,-0.2625172,-0.7128499,-0.34660128,-0.16534439,0.0,-0.3629791,-1.0629925,-0.5870599,-0.21805717,0.0,-0.26760164,-0.70257527,-0.38463554,-0.15585147,0.5688832,1.6123779,1.5278708,3.371381,0.9389329,2.4663653,0.9040783,2.0047562,0.78141874,1.5003715,0.99945986,2.0804272,1.0047718,2.1759672,0.31904185,1.636361,1.3102354,0.057687264,0.0586372,0.20074898,0.4647201,1.7199311,1.4082246,0.08974174,0.81872714,1.1895843,0.95862055,0.7464787,0.6706362,1.7524011,2.1626887,2.645597,1.887266,0.38090336,1.5795467,2.3071175,2.6894977,2.0410545,275.0467,275.0467,279.74664,279.74664,277.31024,277.31024,274.154,274.154,280.3437,280.3437,274.94684,274.94684,280.32675,280.32675,274.23422,274.23422,274.23422,269.44778,269.44778,269.44778,275.09637,275.09637,275.09637,269.53952,274.31876,276.23636,278.61057,273.9707,269.53952,274.31876,276.23636,278.61057,273.9707,269.53952,274.31876,276.23636,278.61057,273.9707,0.15648343,1.3439721,0.7234577,0.61205316,0.101092026,1.1970623,0.13723436,0.02195013,0.0,0.052018896,0.0,0.5263161,1.4496197,0.7336535,0.30919746,0.0,0.3917350184744402,1.178857139027957,0.6608070227260139,0.30919745710744895,1.6133177,3.3740396,2.4673543,2.006989,1.499963,2.0828204,2.1746745,1.635144,0.06382933,1.7193996,0.6763136,1.7542863,2.1652474,2.6479104,1.888932,0.5572354713402745,1.3200587788783866,2.1335383222387425,2.8190712063285606,2.0421324673717534,1.4568343,2.0300677,1.7438965,1.3949357,1.3988711,0.8857582,2.03744,1.6131939,0.06382933,1.6673807,0.6763136,1.2279702,0.71562785,1.9142568,1.5797346,0.5572354713402745,0.9283237604039465,0.9546811832107855,2.1582641836025465,1.7329350102643044
2012-11-15 08:00:00,-0.874133,-1.3162351,-1.5277783,-2.3278491,-2.1094081,-4.88968,-2.3104951,-3.047388,-0.33046308,-0.40441048,-3.1411579,-4.5121975,-0.3658221,-0.5466877,-0.24786815,-0.23505607,-0.2008205,0.0,0.0,0.0,-0.33657897,-0.30280083,-0.25727126,0.0,-1.7152877,-1.1892241,-0.6949541,-0.9804902,0.0,-2.3017466,-1.6213087,-1.1173327,-1.2536149,0.0,-1.8701919,-1.2157505,-0.81849885,-0.98365,0.8127359,2.0198627,1.2484668,2.7760668,1.273313,3.1537635,1.3456887,2.4843576,0.8348584,1.5655847,1.4395642,2.6513684,1.1001823,2.3073053,0.5249799,1.8854132,1.5627347,0.14436828,0.36271957,0.42149374,0.5133541,1.7729392,1.4599338,0.37491396,1.242305,1.0903361,0.91492426,0.99952275,1.0974463,2.2048848,2.0328507,2.5063996,2.2190874,0.97200704,2.2455857,2.1806915,2.5392556,2.364991,277.30807,277.30807,277.59286,277.59286,279.8452,279.8452,276.673,276.673,280.9601,280.9601,277.70523,277.70523,281.05258,281.05258,275.44006,275.44006,275.44006,272.21744,272.21744,272.21744,275.43958,275.43958,275.43958,271.65845,277.06216,275.57693,278.08945,275.51804,271.65845,277.06216,275.57693,278.08945,275.51804,271.65845,277.06216,275.57693,278.08945,275.51804,1.4534628,2.90408,5.2062283,3.9752407,0.38063478,5.6119733,0.5249076,0.25469097,0.0,0.32623205,0.0,2.9940422,2.2021058,1.3612372,1.6482395,0.0,2.5431651676302005,2.054638078964916,1.2225352208814968,1.6371702473913312,2.0208027,2.7787254,3.1547525,2.4865904,1.5651765,2.6537616,2.306012,1.8841962,0.3646441,1.7724075,1.1009233,2.20677,2.0354095,2.5087135,2.2207534,0.9399817292397832,1.6730977841907513,1.9438165287632803,2.678495727510047,2.3659801912201535,0.5673399,-0.12535454,-2.0514758,-1.4886504,1.1845417,-2.958212,1.7811044,1.6295053,0.3646441,1.4461755,1.1009233,-0.7872722,-0.16669624,1.1474764,0.5725138,0.9399817292397832,-0.8700673834394492,-0.11082155020163587,1.4559605066285504,0.7288099438288222
2012-11-15 09:00:00,-1.7007587,-2.6812358,-2.889073,-4.4077916,-4.0284634,-9.026355,-3.676193,-4.7788315,-0.61678606,-0.7414288,-4.9765263,-7.1352844,-0.7269941,-1.0331695,-0.76390785,-0.7187175,-0.65719837,-0.027921427,-0.031019077,-0.029516328,-0.7523277,-0.686254,-0.60872793,-0.41182244,-3.144465,-2.4997044,-0.86813414,-1.8425423,-0.5216836,-4.158424,-3.5478382,-1.3710299,-2.409013,-0.50097597,-3.533739,-2.723576,-1.0534599,-1.9369298,1.0246018,2.3738966,1.5368102,3.3904278,1.5585377,3.7401118,1.5336635,2.6885033,0.92877907,1.6801982,1.6861701,2.9712868,1.2399482,2.4997005,0.9126102,2.354196,2.0380065,0.2215575,0.6335041,0.61806643,0.7134947,1.9910797,1.6727294,0.7041437,1.5918459,1.3614223,0.91752666,1.2110991,1.5901961,2.5782788,2.3874898,2.5146904,2.496531,1.654433,2.7952073,2.526011,2.5482037,2.6358418,279.27283,279.27283,279.81555,279.81555,282.00754,282.00754,277.74524,277.74524,282.0435,282.0435,279.25085,279.25085,282.11584,282.11584,277.70978,277.70978,277.70978,274.6838,274.6838,274.6838,276.85193,276.85193,276.85193,274.10474,279.32605,277.37808,278.12048,276.8118,274.10474,279.32605,277.37808,278.12048,276.8118,274.10474,279.32605,277.37808,278.12048,276.8118,2.8306415,5.140165,9.278507,5.9913826,0.7013794,8.457634,0.9968357,0.7648086,0.040123608,0.73065877,0.7364191,5.06949,4.449938,1.6432931,2.9915617,0.56850544011645,4.538620626699944,4.244267463418695,1.469877238484699,2.928467929724584,2.374837,3.3930864,3.7411008,2.690736,1.6797899,2.97368,2.4984076,2.352979,0.6343285,1.990548,1.5921242,2.5801637,2.3900483,2.5170038,2.498197,1.3828515239383166,1.9644287948151076,2.4620218347111598,2.686868019730616,2.636757076312338,-0.45580462,-1.7470784,-5.537406,-3.3006463,0.9784105,-5.4839535,1.5015718,1.5881703,0.5942049,1.2598892,0.85570514,-2.4893262,-2.0598896,0.8737106,-0.49336457,0.8143460838218666,-2.5741918318848365,-1.7822456287075354,1.2169907812459169,-0.2917108534122459
2012-11-15 10:00:00,-2.2652206,-3.6033244,-3.014578,-4.5358334,-4.7897606,-10.58321,-4.421409,-5.708253,-0.8429516,-0.9998904,-5.8023906,-8.284219,-1.2303361,-1.6556014,-2.0939481,-2.2531397,-2.256065,-0.0661308,-0.10980637,-0.08164568,-1.3804988,-1.291723,-1.2095932,-0.9398246,-3.9196246,-3.5098288,-0.9062864,-2.646007,-1.1797463,-5.1393437,-5.021918,-1.413406,-3.4935172,-1.1605654,-4.4609084,-3.9081252,-1.1123427,-2.8379729,1.1648793,2.6083047,1.4741278,3.2568736,1.6104984,3.8469298,1.6318799,2.795169,1.0046037,1.7727283,1.7785518,3.0911322,1.4104064,2.7343454,1.2995107,2.8220963,2.5123835,0.26278913,0.77814734,0.7230683,0.94478095,2.2431667,1.9186401,0.8497917,1.7716646,1.5754113,0.8994529,1.4277759,1.8081837,2.7703688,2.6674333,2.4571154,2.7806635,1.9563315,3.077957,2.798598,2.4860604,2.9132226,280.5737,280.5737,279.33237,279.33237,282.40146,282.40146,278.30548,278.30548,282.91812,282.91812,279.82986,279.82986,283.4126,283.4126,279.97522,279.97522,279.97522,276.00125,276.00125,276.00125,278.48407,278.48407,278.48407,275.18695,280.4907,278.79987,277.90494,278.13675,275.18695,280.4907,278.79987,277.90494,278.13675,275.18695,280.4907,278.79987,277.90494,278.13675,3.7316134,5.2987223,10.766457,7.0274405,0.94931424,9.651999,1.6037238,2.3005536,0.12031817,1.355454,1.6085845,6.08202,6.045963,1.6919184,4.1786814,1.275771958691822,5.567350280561166,5.764761511197395,1.51543054543791,4.054562330144698,2.6092446,3.2595317,3.8479187,2.797402,1.77232,3.0935254,2.7330525,2.8208792,0.7789717,2.2426353,1.810112,2.772254,2.6699917,2.459429,2.7823293,1.5794580027532328,2.114302288182285,2.871080916358157,2.628722985361023,2.91406162986148,-1.1223688,-2.0391905,-6.9185376,-4.2300386,0.82300574,-6.5584745,1.1293288,0.52032566,0.6586535,0.8871812,0.20152743,-3.3097658,-3.375971,0.76751053,-1.3963518,0.30368604406141086,-3.4530479923788806,-2.8936805948392377,1.1132924399231128,-1.140500700283218
2012-11-15 11:00:00,-2.439114,-3.8826427,-3.1370473,-4.704575,-5.1952763,-11.392524,-4.692667,-6.052671,-1.3365501,-1.5174308,-6.1942863,-8.843406,-1.6570874,-2.1517408,-3.2501786,-3.602812,-3.656806,-0.053696707,-0.07670634,-0.063269496,-2.0197043,-1.9844118,-1.908983,-1.3211216,-4.022524,-3.9605036,-0.93847895,-3.0284061,-1.7485293,-5.2606807,-5.679649,-1.4625064,-4.0063457,-1.6631753,-4.5916133,-4.436788,-1.1570296,-3.271646,1.2009665,2.6686068,1.479322,3.2679405,1.6576086,3.9437757,1.6773984,2.8446033,1.0843861,1.8700883,1.8409592,3.1720924,1.558801,2.938619,1.622258,3.2124124,2.9081023,0.24817804,0.7268906,0.68585914,1.1543189,2.47155,2.1414273,0.9497516,1.7813663,1.6808003,0.9050518,1.5298359,1.9577913,2.7807326,2.8053045,2.4749508,2.9144964,2.1635282,3.093212,2.9328468,2.5053113,3.0438752,280.90836,280.90836,279.3724,279.3724,282.7586,282.7586,278.56512,278.56512,283.8384,283.8384,280.221,280.221,284.5415,284.5415,281.86502,281.86502,281.86502,275.5344,275.5344,275.5344,279.96274,279.96274,279.96274,275.9297,280.55353,279.5001,277.9717,278.76083,275.9297,280.55353,279.5001,277.9717,278.76083,275.9297,280.55353,279.5001,277.9717,278.76083,4.000577,5.4767685,11.536456,7.4002333,1.444711,10.21283,2.0897455,3.6409707,0.088177696,2.0542538,2.279851,6.209431,6.7239933,1.7444412,4.7150087,1.8457990748971351,5.717024315180662,6.383939856768867,1.560296171778699,4.561515391514209,2.6695473,3.270599,3.9447649,2.846836,1.86968,3.1744857,2.9373262,3.2111952,0.727715,2.471018,1.9597195,2.7826178,2.8078635,2.4772646,2.9161625,1.7143914098198796,2.122388380021056,3.072541789705736,2.646735350531725,3.04467887051193,-1.3310299,-2.2061698,-7.591691,-4.553397,0.42496908,-7.0383444,0.84758055,-0.4297754,0.6395373,0.41676438,-0.3201314,-3.4268134,-3.9161296,0.73282355,-1.7988461,-0.13140766507725554,-3.5946359351596064,-3.311398067063131,1.086439178753026,-1.5168365210022787
2012-11-15 12:00:00,-2.5104609,-4.0050015,-3.2041068,-4.823117,-5.465657,-11.929956,-4.1988935,-5.43008,-1.3741919,-1.5668685,-6.1566453,-8.820906,-1.5108665,-2.0297813,-3.8194554,-4.295903,-4.375453,-0.057042386,-0.08566062,-0.06824512,-2.427142,-2.4378078,-2.3594003,-1.4032317,-3.9617784,-3.97598,-0.8570595,-3.3425155,-1.8824731,-5.1992793,-5.7264667,-1.3283329,-4.4514904,-1.766511,-4.5058484,-4.440195,-1.0483261,-3.6147482,1.2467252,2.7450714,1.5155782,3.34519,1.7497557,4.1332064,1.6007907,2.7614055,1.1320477,1.9282508,1.8699741,3.2097332,1.6514274,3.0661242,1.8436024,3.4800963,3.1794918,0.25197455,0.740209,0.6955275,1.3308779,2.6639879,2.3291502,0.9812249,1.7947861,1.7154142,0.87710845,1.6618553,2.0048966,2.7950675,2.8505871,2.3859355,3.0876157,2.2287655,3.1143124,2.976939,2.4092324,3.2128806,281.3327,281.3327,279.6519,279.6519,283.45718,283.45718,278.12814,278.12814,284.38818,284.38818,280.40286,280.40286,285.24615,285.24615,283.16107,283.16107,283.16107,275.6557,275.6557,275.6557,281.20868,281.20868,281.20868,276.16354,280.64044,279.73007,277.63846,279.5681,276.16354,280.64044,279.73007,277.63846,279.5681,276.16354,280.64044,279.73007,277.63846,279.5681,4.1188483,5.590698,12.056707,6.7212114,1.4951591,10.173546,1.9746248,4.327076,0.09685505,2.5102348,2.4336677,6.1364937,6.7605424,1.6018482,5.1595936,1.9641128493032132,5.607439232890595,6.3508781926528615,1.440744185343157,4.9766130787928144,2.7460115,3.3478484,4.1341953,2.763638,1.9278423,3.2121265,3.0648315,3.4788795,0.74103343,2.663456,2.0068245,2.796953,2.8531456,2.3882492,3.0892818,1.7568761948618596,2.1335730276931395,3.1387091090148376,2.556838171526211,3.2136381794080844,-1.3728366,-2.2428496,-7.922512,-3.9575737,0.43268314,-6.9614196,1.0902066,-0.8481966,0.6441784,0.15322131,-0.4268431,-3.3395407,-3.9073966,0.78640085,-2.0703115,-0.20723665444135353,-3.4738662051974556,-3.212169083638024,1.1160939861830539,-1.76297489938473
2012-11-15 13:00:00,-2.377864,-3.8050337,-2.9723315,-4.5096655,-5.0653067,-11.1383915,-3.1434364,-4.097232,-1.2893611,-1.4905595,-5.4855876,-7.9162297,-1.682552,-2.221229,-3.7314048,-4.274629,-4.357432,-0.09444163,-0.18138862,-0.12271817,-2.4972227,-2.547667,-2.4545913,-1.22313,-3.554279,-3.6368978,-0.76128024,-3.2759662,-1.6429033,-4.7151465,-5.290722,-1.1854504,-4.4117002,-1.5186157,-3.9936461,-4.011352,-0.91648954,-3.5164247,1.2724134,2.7879972,1.5171895,3.3486228,1.760709,4.1557236,1.4470029,2.5943875,1.1580411,1.9599711,1.8259087,3.1525676,1.6867732,3.1147795,1.9534122,3.6128955,3.3141286,0.29709247,0.89848554,0.81042635,1.4585259,2.803116,2.4648693,0.9565573,1.7593429,1.7143395,0.8649355,1.7439526,1.9679773,2.7572064,2.8491807,2.3471584,3.1952715,2.1776347,3.058582,2.9755697,2.3673782,3.3179786,281.57092,281.57092,279.6643,279.6643,283.54022,283.54022,277.25092,277.25092,284.68802,284.68802,280.12668,280.12668,285.51505,285.51505,283.80405,283.80405,283.80405,277.09732,277.09732,277.09732,282.10947,282.10947,282.10947,275.98026,280.4109,279.72293,277.4933,280.07013,275.98026,280.4109,279.72293,277.4933,280.07013,275.98026,280.4109,279.72293,277.4933,280.07013,3.9273577,5.2564106,11.312857,5.2155333,1.4244735,9.234313,2.1618106,4.3043556,0.19021103,2.6203928,2.1518462,5.622441,6.287802,1.4455593,5.093508,1.6965737633776155,5.015015234808426,5.768015360442964,1.3054374724447857,4.9065720884161275,2.788937,3.3512816,4.1567125,2.5966203,1.9595628,3.154961,3.1134865,3.6116781,0.89931,2.8025842,1.9699053,2.7590916,2.8517396,2.349472,3.1969376,1.7235780584972331,2.1040326766434863,3.1366545505331063,2.5176769187304933,3.3187068155303288,-1.1384206,-1.9051293,-7.156144,-2.6189127,0.5350892,-6.079352,0.951676,-0.69267726,0.70909894,0.18219136,-0.18194088,-2.8633492,-3.4360626,0.90391266,-1.8965702,0.02700429511961766,-2.91098255816494,-2.6313608099098573,1.2122394462857076,-1.5878652728857987
2012-11-15 14:00:00,-1.922026,-3.0891633,-2.3760762,-3.665539,-4.008958,-8.97541,-1.3527951,-1.7714639,-1.0380071,-1.2324935,-4.0665126,-5.9567213,-1.2874044,-1.7859254,-2.9720054,-3.5024717,-3.5655289,-0.031232093,-0.034950204,-0.032526344,-2.0874367,-2.158988,-2.04453,-1.127972,-2.5639715,-2.6130261,-0.41326484,-2.5121937,-1.5715289,-3.4815583,-3.8709705,-0.61599565,-3.4493804,-1.3707795,-2.805008,-2.798069,-0.4683262,-2.6388557,1.2592369,2.7659788,1.4915513,3.2939966,1.7245119,4.081312,1.1387963,2.2596667,1.1551892,1.9564908,1.713325,3.0065148,1.6730618,3.095905,1.9641852,3.6259236,3.3273375,0.23268917,0.6725548,0.64641476,1.5061004,2.854969,2.515452,1.0042496,1.6139632,1.5997273,0.7472146,1.6839092,2.039357,2.6019056,2.6992435,1.972152,3.1165357,2.2764912,2.8299851,2.8295727,1.9626151,3.2411137,281.44873,281.44873,279.46667,279.46667,283.2658,283.2658,275.49286,275.49286,284.65512,284.65512,279.42105,279.42105,285.41074,285.41074,283.86713,283.86713,283.86713,275.0395,275.0395,275.0395,282.4452,282.4452,282.4452,276.33463,279.4693,278.96143,276.08936,279.70297,276.33463,279.4693,278.96143,276.08936,279.70297,276.33463,279.4693,278.96143,276.08936,279.70297,3.2297533,4.3473024,9.240367,2.4141176,1.1785927,7.1429777,1.7383721,3.5350587,0.045132548,2.227788,2.0555873,4.2887197,4.745576,0.8052994,4.0645695,1.5499301601282538,3.62503847195304,4.170300369064283,0.7573052568078869,3.92405658583538,2.766919,3.2966552,4.0823007,2.2618995,1.9560823,3.0089078,3.0946121,3.6247065,0.6733791,2.8544374,2.041285,2.6037905,2.7018023,1.9744655,3.1182017,1.7879566731269443,1.982863042066779,2.917563106966223,2.138956238971364,3.2418630002606195,-0.46283445,-1.0506475,-5.1580667,-0.15221812,0.77748966,-4.13407,1.35624,0.08964796,0.6282466,0.62664956,-0.014302181,-1.684929,-2.0437737,1.1691662,-0.9463678,0.2380265129986905,-1.6421754298862612,-1.2527372620980604,1.381650982163477,-0.6821935855747605
2012-11-15 15:00:00,-0.8969185,-1.446986,-0.83620054,-1.3057296,-1.7709894,-4.106105,0.0,0.0,-0.3518309,-0.44665217,-1.0655377,-1.5603098,-0.58486116,-0.88566226,-1.2756913,-1.5427128,-1.5458896,0.0,0.0,0.0,-0.9428611,-0.9722985,-0.8740095,0.0,-0.5754213,-0.79125684,-0.07093204,-0.89949673,0.0,-0.81138295,-1.2106954,-0.10076022,-1.2796863,0.0,-0.5899106,-0.7878046,-0.07158112,-0.8930223,1.1463423,2.5773284,1.1973684,2.6671934,1.4861758,3.5913546,0.437911,1.4984853,1.1317513,1.927889,1.2316921,2.3816988,1.571927,2.9566875,1.6971583,3.302993,2.999937,0.16067564,0.41992682,0.46302262,1.3422428,2.6763747,2.3412335,0.486641,1.0670236,1.3104293,0.6027093,1.403486,1.2646652,2.017642,2.3207803,1.5118228,2.7488115,1.2035943,1.9699714,2.4610543,1.4657589,2.8821273,280.4018,280.4018,277.19897,277.19897,281.45895,281.45895,271.4949,271.4949,284.38477,284.38477,276.40237,276.40237,284.64136,284.64136,282.3036,282.3036,282.3036,272.7385,272.7385,272.7385,281.28888,281.28888,281.28888,272.48862,275.9269,277.03928,274.366,277.98822,272.48862,275.9269,277.03928,274.366,277.98822,272.48862,275.9269,277.03928,274.366,277.98822,1.5673448,1.6863413,4.393902,0.0,0.42773035,2.087215,0.8612616,1.573237,0.0,1.0169989,0.0,1.1245021,1.614291,0.1499173,1.6161999,0.0,0.8346183825282741,1.2836483120665028,0.14991729853037586,1.5742765635690215,2.5782685,2.6698523,3.5923436,1.5010282,1.9274807,2.384092,2.9553945,3.3017764,0.42123663,2.675843,1.2672802,2.019527,2.3233387,1.5141363,2.7504776,1.089937030805902,1.5270061783615714,2.364544448966779,1.6740676313138168,2.8829753653017853,1.0109239,0.98351085,-0.80155826,1.5010282,1.4997504,0.29687726,2.094133,1.7285395,0.42123663,1.6588442,1.2672802,0.89502496,0.70904773,1.364219,1.1342778,1.089937030805902,0.6923877958332972,1.080896136900276,1.524150332783441,1.3086988017327639
2012-11-15 16:00:00,0.0,0.0,0.0,0.0,0.0,0.0,0.0,0.0,0.0,0.0,0.0,0.0,0.0,0.0,0.0,0.0,0.0,0.0,0.0,0.0,0.0,0.0,0.0,0.0,0.0,0.0,0.0,0.0,0.0,0.0,0.0,0.0,0.0,0.0,0.0,0.0,0.0,0.0,0.82363844,2.0380812,1.3877354,3.0728004,1.1462326,2.8925202,0.48272312,1.5471526,1.0830554,1.8684645,0.93722284,1.999688,1.2050879,2.451713,1.1781204,2.6752918,2.363547,0.15772533,0.40957695,0.4555093,1.1745191,2.4935665,2.1629045,0.2004132,0.62091815,0.74107945,0.69904274,0.88930297,0.83627546,1.5410935,1.5759486,1.8186979,2.074554,0.6103027,1.26851,1.735796,1.7969846,2.223892,277.40918,277.40918,278.6664,278.6664,278.8818,278.8818,271.75052,271.75052,283.82306,283.82306,274.55676,274.55676,281.85065,281.85065,279.26443,279.26443,279.26443,272.64423,272.64423,272.64423,280.1053,280.1053,280.1053,270.36185,273.0376,273.2564,275.51486,274.84406,270.36185,273.0376,273.2564,275.51486,274.84406,270.36185,273.0376,273.2564,275.51486,274.84406,0.0,0.0,0.0,0.0,0.0,0.0,0.0,0.0,0.0,0.0,0.0,0.0,0.0,0.0,0.0,0.0,0.0,0.0,0.0,0.0,2.039021,3.0754588,2.8935087,1.5496476,1.868056,2.0020812,2.4504204,2.674075,0.41099802,2.4930348,0.84109885,1.5430523,1.5785072,1.8210115,2.07622,0.705774072082863,1.1552650370426727,1.2761816040094538,1.9839823932956484,2.2249199584687993,2.039021,3.0754588,2.8935087,1.5496476,1.868056,2.0020812,2.4504204,2.674075,0.41099802,2.4930348,0.84109885,1.5430523,1.5785072,1.8210115,2.07622,0.705774072082863,1.1552650370426727,1.2761816040094538,1.9839823932956484,2.2249199584687993
2012-11-15 17:00:00,0.0,0.0,0.0,0.0,0.0,0.0,0.0,0.0,0.0,0.0,0.0,0.0,0.0,0.0,0.0,0.0,0.0,0.0,0.0,0.0,0.0,0.0,0.0,0.0,0.0,0.0,0.0,0.0,0.0,0.0,0.0,0.0,0.0,0.0,0.0,0.0,0.0,0.0,0.90414804,2.1726153,0.98116505,2.206539,1.0557361,2.706482,0.45811817,1.5204309,1.0417249,1.818028,1.2021853,2.34342,1.0517951,2.2406974,1.0286167,2.494489,2.1802416,0.20503236,0.5755329,0.575983,0.9949589,2.2978573,1.9719908,0.12645149,0.63678294,0.6127062,0.7580824,0.828511,0.72557884,1.5580411,1.4080088,2.0067718,1.9948366,0.45699522,1.293456,1.5722694,1.999982,2.1460688,278.1558,278.1558,275.53238,275.53238,278.19574,278.19574,271.61017,271.61017,283.3463,283.3463,276.21744,276.21744,280.68448,280.68448,278.38904,278.38904,278.38904,274.1558,274.1558,274.1558,278.83817,278.83817,278.83817,269.8123,273.14035,272.40347,276.21896,274.47232,269.8123,273.14035,272.40347,276.21896,274.47232,269.8123,273.14035,272.40347,276.21896,274.47232,0.0,0.0,0.0,0.0,0.0,0.0,0.0,0.0,0.0,0.0,0.0,0.0,0.0,0.0,0.0,0.0,0.0,0.0,0.0,0.0,2.1735551,2.2091973,2.7074711,1.5229522,1.8176197,2.3458133,2.2394044,2.493272,0.5763573,2.2973258,0.73097295,1.5599324,1.4107333,2.0090854,1.9965025,0.606505790253555,1.168420454859551,1.0309506882970336,2.1739189971431974,2.147118070529282,2.1735551,2.2091973,2.7074711,1.5229522,1.8176197,2.3458133,2.2394044,2.493272,0.5763573,2.2973258,0.73097295,1.5599324,1.4107333,2.0090854,1.9965025,0.606505790253555,1.168420454859551,1.0309506882970336,2.1739189971431974,2.147118070529282
2012-11-15 18:00:00,0.0,0.0,0.0,0.0,0.0,0.0,0.0,0.0,0.0,0.0,0.0,0.0,0.0,0.0,0.0,0.0,0.0,0.0,0.0,0.0,0.0,0.0,0.0,0.0,0.0,0.0,0.0,0.0,0.0,0.0,0.0,0.0,0.0,0.0,0.0,0.0,0.0,0.0,0.8230295,2.0370636,1.0188425,2.2868168,0.98025435,2.5513115,0.5842459,1.6574093,0.9997329,1.7667845,0.9202394,1.9776556,0.9484259,2.0984037,0.8527827,2.2818432,1.9646522,0.22044097,0.62958735,0.61522305,0.8598379,2.1505845,1.828326,0.077436686,0.79459286,0.63038516,0.39687937,0.7313418,0.6522194,1.7266202,1.4311366,0.85614026,1.8674169,0.35539758,1.5415981,1.5947895,0.7580481,2.021677,277.40353,277.40353,275.8228,275.8228,277.6235,277.6235,272.32962,272.32962,282.86194,282.86194,274.45032,274.45032,279.8981,279.8981,277.35947,277.35947,277.35947,274.64813,274.64813,274.64813,277.88464,277.88464,277.88464,269.4481,274.16245,272.52094,271.9113,273.87814,269.4481,274.16245,272.52094,271.9113,273.87814,269.4481,274.16245,272.52094,271.9113,273.87814,0.0,0.0,0.0,0.0,0.0,0.0,0.0,0.0,0.0,0.0,0.0,0.0,0.0,0.0,0.0,0.0,0.0,0.0,0.0,0.0,2.0380037,2.2894752,2.5523005,1.6597958,1.7663763,1.9800489,2.097111,2.2806263,0.63041174,2.1500528,0.6579919,1.7285051,1.4338351,0.8584538,1.8690828,0.5407201574597432,1.299943692720939,1.0647194376827531,1.0118909380457237,2.022760237988242,2.0380037,2.2894752,2.5523005,1.6597958,1.7663763,1.9800489,2.097111,2.2806263,0.63041174,2.1500528,0.6579919,1.7285051,1.4338351,0.8584538,1.8690828,0.5407201574597432,1.299943692720939,1.0647194376827531,1.0118909380457237,2.022760237988242
2012-11-15 19:00:00,0.0,0.0,0.0,0.0,0.0,0.0,0.0,0.0,0.0,0.0,0.0,0.0,0.0,0.0,0.0,0.0,0.0,0.0,0.0,0.0,0.0,0.0,0.0,0.0,0.0,0.0,0.0,0.0,0.0,0.0,0.0,0.0,0.0,0.0,0.0,0.0,0.0,0.0,0.7681191,1.9453064,0.9990754,2.2447,0.87085813,2.3264213,0.68674254,1.7687234,0.8511582,1.5854759,0.856605,1.8951036,0.8784967,2.0021427,0.8565145,2.2863564,1.9692278,0.23794986,0.6910096,0.65981174,0.7805255,2.064139,1.7439986,0.17174523,0.84137696,0.6948864,0.4584728,0.7424761,0.79336876,1.7765969,1.5155181,1.0523494,1.8820174,0.55087984,1.6151618,1.6769537,0.96982634,2.0359306,276.89432,276.89432,275.67044,275.67044,276.79416,276.79416,272.91428,272.91428,281.14813,281.14813,274.05148,274.05148,279.36612,279.36612,277.38132,277.38132,277.38132,275.20758,275.20758,275.20758,277.32495,277.32495,277.32495,270.14883,274.46545,272.9495,272.64584,273.94623,270.14883,274.46545,272.9495,272.64584,273.94623,270.14883,274.46545,272.9495,272.64584,273.94623,0.0,0.0,0.0,0.0,0.0,0.0,0.0,0.0,0.0,0.0,0.0,0.0,0.0,0.0,0.0,0.0,0.0,0.0,0.0,0.0,1.9462466,2.2473583,2.3274102,1.7710004,1.5850675,1.8974968,2.0008497,2.2851393,0.691834,2.0636072,0.7984134,1.778482,1.5181214,1.054663,1.8836833,0.6672971392103304,1.3389367990187324,1.1879240486527873,1.2100434196082455,2.0370099721638484,1.9462466,2.2473583,2.3274102,1.7710004,1.5850675,1.8974968,2.0008497,2.2851393,0.691834,2.0636072,0.7984134,1.778482,1.5181214,1.054663,1.8836833,0.6672971392103304,1.3389367990187324,1.1879240486527873,1.2100434196082455,2.0370099721638484
2012-11-15 20:00:00,0.0,0.0,0.0,0.0,0.0,0.0,0.0,0.0,0.0,0.0,0.0,0.0,0.0,0.0,0.0,0.0,0.0,0.0,0.0,0.0,0.0,0.0,0.0,0.0,0.0,0.0,0.0,0.0,0.0,0.0,0.0,0.0,0.0,0.0,0.0,0.0,0.0,0.0,0.72779,1.8779156,0.8708365,1.9714667,0.80494905,2.1909292,0.83676916,1.9316565,0.853653,1.5885204,0.7944508,1.8144717,0.7943508,1.8863108,0.95480573,2.405225,2.0897422,0.22327858,0.6395418,0.62244946,0.8391968,2.128087,1.8063798,0.18889672,0.75409913,0.48605996,0.6171366,0.77794003,0.8190389,1.683363,1.2423286,1.5577815,1.928522,0.5864314,1.4779251,1.4109432,1.5153644,2.08133,276.52032,276.52032,274.68192,274.68192,276.2945,276.2945,273.77005,273.77005,281.1769,281.1769,273.66193,273.66193,278.72598,278.72598,277.95685,277.95685,277.95685,274.7388,274.7388,274.7388,277.73898,277.73898,277.73898,270.27628,273.90018,271.562,274.53806,274.1631,270.27628,273.90018,271.562,274.53806,274.1631,270.27628,273.90018,271.562,274.53806,274.1631,0.0,0.0,0.0,0.0,0.0,0.0,0.0,0.0,0.0,0.0,0.0,0.0,0.0,0.0,0.0,0.0,0.0,0.0,0.0,0.0,1.8788557,1.9741251,2.1919181,1.9338893,1.5881121,1.8168651,1.8850182,2.4040084,0.6403662,2.1275551,0.8239513,1.685248,1.2452401,1.5600951,1.930188,0.6903171494790548,1.2661933900194342,0.7890422115985538,1.7204815777637334,2.0823970681082056,1.8788557,1.9741251,2.1919181,1.9338893,1.5881121,1.8168651,1.8850182,2.4040084,0.6403662,2.1275551,0.8239513,1.685248,1.2452401,1.5600951,1.930188,0.6903171494790548,1.2661933900194342,0.7890422115985538,1.7204815777637334,2.0823970681082056
2012-11-15 21:00:00,0.0,0.0,0.0,0.0,0.0,0.0,0.0,0.0,0.0,0.0,0.0,0.0,0.0,0.0,0.0,0.0,0.0,0.0,0.0,0.0,0.0,0.0,0.0,0.0,0.0,0.0,0.0,0.0,0.0,0.0,0.0,0.0,0.0,0.0,0.0,0.0,0.0,0.0,0.7048794,1.8396313,0.996027,2.2382045,0.76632464,2.1115274,0.86614096,1.9635551,0.8984546,1.6431925,0.67474365,1.6591773,0.843805,1.9543874,0.9609245,2.412625,2.0972445,0.058355834,0.060982578,0.2024516,0.9045149,2.1992795,1.875828,0.13893315,0.9567377,0.48035532,0.64109075,0.98840845,0.7442597,1.8998301,1.2348657,1.6340886,2.2045128,0.48286712,1.7965564,1.4036763,1.5977267,2.3507626,276.30786,276.30786,275.64694,275.64694,276.00168,276.00168,273.9376,273.9376,281.6937,281.6937,272.91165,272.91165,279.1022,279.1022,277.99268,277.99268,277.99268,269.46915,269.46915,269.46915,278.19992,278.19992,278.19992,269.90503,275.21262,271.5241,274.82373,275.45007,269.90503,275.21262,271.5241,274.82373,275.45007,269.90503,275.21262,271.5241,274.82373,275.45007,0.0,0.0,0.0,0.0,0.0,0.0,0.0,0.0,0.0,0.0,0.0,0.0,0.0,0.0,0.0,0.0,0.0,0.0,0.0,0.0,1.8405714,2.240863,2.1125164,1.9657879,1.6427842,1.6615707,1.9530946,2.4114082,0.06614952,2.1987479,0.74955755,1.9017149,1.2377856,1.6364022,2.206179,0.6232581396804356,1.4350862825003403,0.7781456704873395,1.7975445349680028,2.351756005649075,1.8405714,2.240863,2.1125164,1.9657879,1.6427842,1.6615707,1.9530946,2.4114082,0.06614952,2.1987479,0.74955755,1.9017149,1.2377856,1.6364022,2.206179,0.6232581396804356,1.4350862825003403,0.7781456704873395,1.7975445349680028,2.351756005649075
2012-11-15 22:00:00,0.0,0.0,0.0,0.0,0.0,0.0,0.0,0.0,0.0,0.0,0.0,0.0,0.0,0.0,0.0,0.0,0.0,0.0,0.0,0.0,0.0,0.0,0.0,0.0,0.0,0.0,0.0,0.0,0.0,0.0,0.0,0.0,0.0,0.0,0.0,0.0,0.0,0.0,0.6901826,1.8150729,0.91411597,2.0636804,0.7507702,2.0795517,0.8202213,1.9136851,0.88564706,1.6275631,0.66922694,1.6520207,0.94372034,2.0919266,0.9652243,2.4178252,2.1025164,0.23302822,0.67374414,0.6472782,0.9290829,2.226057,1.9019493,0.10994072,1.0049306,0.4183481,0.69903255,0.9151697,0.7008675,1.9513117,1.1537468,1.8186655,2.1084738,0.42277172,1.8723354,1.3246891,1.7969495,2.2570057,276.17157,276.17157,275.01553,275.01553,275.88376,275.88376,273.67566,273.67566,281.54596,281.54596,272.87708,272.87708,279.8623,279.8623,278.01785,278.01785,278.01785,275.05032,275.05032,275.05032,278.3733,278.3733,278.3733,269.6896,275.52475,271.11212,275.51474,275.00223,269.6896,275.52475,271.11212,275.51474,275.00223,269.6896,275.52475,271.11212,275.51474,275.00223,0.0,0.0,0.0,0.0,0.0,0.0,0.0,0.0,0.0,0.0,0.0,0.0,0.0,0.0,0.0,0.0,0.0,0.0,0.0,0.0,1.8160126,2.0663388,2.0805407,1.9159179,1.6271548,1.6544139,2.0906336,2.416608,0.6745686,2.2255251,0.70638907,1.9531968,1.1567584,1.820979,2.1101396,0.5843457228971679,1.475253619715955,0.65970500623501,1.9839494639260493,2.258024562786221,1.8160126,2.0663388,2.0805407,1.9159179,1.6271548,1.6544139,2.0906336,2.416608,0.6745686,2.2255251,0.70638907,1.9531968,1.1567584,1.820979,2.1101396,0.5843457228971679,1.475253619715955,0.65970500623501,1.9839494639260493,2.258024562786221
2012-11-15 23:00:00,0.0,0.0,0.0,0.0,0.0,0.0,0.0,0.0,0.0,0.0,0.0,0.0,0.0,0.0,0.0,0.0,0.0,0.0,0.0,0.0,0.0,0.0,0.0,0.0,0.0,0.0,0.0,0.0,0.0,0.0,0.0,0.0,0.0,0.0,0.0,0.0,0.0,0.0,0.64427906,1.7383665,1.0180191,2.2850623,0.67533696,1.9244802,0.85476136,1.9511967,0.8563013,1.5917524,0.7070404,1.7010757,0.98684835,2.1512945,0.9144866,2.3564649,2.040307,0.115768775,0.2623907,0.34866133,0.96722543,2.2676299,1.9425038,0.09338887,0.66305166,0.394,0.8589989,0.61550236,0.67609483,1.5861022,1.1218942,2.3282468,1.7155144,0.38846314,1.3347611,1.2936736,2.346966,1.8733841,275.74588,275.74588,275.81647,275.81647,275.3119,275.3119,273.87268,273.87268,281.20746,281.20746,273.11407,273.11407,280.1904,280.1904,277.72076,277.72076,277.72076,271.30362,271.30362,271.30362,278.64246,278.64246,278.64246,269.56662,273.3105,270.95035,277.4225,273.1698,269.56662,273.3105,270.95035,277.4225,273.1698,269.56662,273.3105,270.95035,277.4225,273.1698,0.0,0.0,0.0,0.0,0.0,0.0,0.0,0.0,0.0,0.0,0.0,0.0,0.0,0.0,0.0,0.0,0.0,0.0,0.0,0.0,1.7393064,2.2877207,1.9254693,1.9534293,1.5913439,1.7034689,2.1500018,2.355248,0.2653934,2.2670982,0.68174404,1.5879873,1.1249418,2.3305602,1.7171805,0.5621305309951182,1.1903082260560676,0.613197305405262,2.4985778843630215,1.8745080730621981,1.7393064,2.2877207,1.9254693,1.9534293,1.5913439,1.7034689,2.1500018,2.355248,0.2653934,2.2670982,0.68174404,1.5879873,1.1249418,2.3305602,1.7171805,0.5621305309951182,1.1903082260560676,0.613197305405262,2.4985778843630215,1.8745080730621981
2012-12-24 00:00:00,0.0,0.0,0.0,0.0,0.0,0.0,0.0,0.0,0.0,0.0,0.0,0.0,0.0,0.0,0.0,0.0,0.0,0.0,0.0,0.0,0.0,0.0,0.0,0.0,0.0,0.0,0.0,0.0,0.0,0.0,0.0,0.0,0.0,0.0,0.0,0.0,0.0,0.0,0.8450846,2.0739183,1.4424957,3.189476,0.7877965,2.1556683,1.3689028,2.5095687,0.2275452,0.8244689,1.9440771,3.305866,0.42766026,1.3815414,0.7558882,2.1646633,1.8458502,0.16682458,0.4414976,0.47868168,0.73628527,2.01592,1.696961,0.8986381,1.7208565,1.2035198,0.7104173,1.3091415,1.8812912,2.7160935,2.1809194,1.854932,2.6250963,2.0575802,2.9980652,2.3248692,1.8360937,2.7613518,277.60806,277.60806,279.08853,279.08853,276.16446,276.16446,276.80542,276.80542,273.95477,273.95477,280.8673,280.8673,275.9364,275.9364,276.7921,276.7921,276.7921,272.93497,272.93497,272.93497,277.01276,277.01276,277.01276,275.5499,280.16162,276.32895,275.6505,277.41132,275.5499,280.16162,276.32895,275.6505,277.41132,275.5499,280.16162,276.32895,275.6505,277.41132,0.0,0.0,0.0,0.0,0.0,0.0,0.0,0.0,0.0,0.0,0.0,0.0,0.0,0.0,0.0,0.0,0.0,0.0,0.0,0.0,2.0748582,3.1921346,2.156657,2.5118012,0.82406056,3.3082592,1.3802485,2.1634464,0.4425757,2.0153883,1.8832191,2.7179787,2.183478,1.8572454,2.6267622,1.645394522197872,2.071955358460348,2.1601773411856398,2.020575155262637,2.7622326603014873,2.0748582,3.1921346,2.156657,2.5118012,0.82406056,3.3082592,1.3802485,2.1634464,0.4425757,2.0153883,1.8832191,2.7179787,2.183478,1.8572454,2.6267622,1.645394522197872,2.071955358460348,2.1601773411856398,2.020575155262637,2.7622326603014873
2012-12-24 01:00:00,0.0,0.0,0.0,0.0,0.0,0.0,0.0,0.0,0.0,0.0,0.0,0.0,0.0,0.0,0.0,0.0,0.0,0.0,0.0,0.0,0.0,0.0,0.0,0.0,0.0,0.0,0.0,0.0,0.0,0.0,0.0,0.0,0.0,0.0,0.0,0.0,0.0,0.0,0.82031465,2.032527,1.6557611,3.6438718,0.6994857,1.9741242,1.349471,2.4884655,0.18972553,0.7783169,2.1297216,3.5467002,0.43430337,1.390686,0.73829794,2.1433907,1.824283,0.22776373,0.655276,0.63387156,0.7110946,1.9884636,1.6701777,0.84871966,1.5630184,1.1915132,0.86007357,1.2140886,1.8065794,2.5474842,2.1652124,2.3316705,2.500451,1.9541095,2.7498791,2.3095748,2.3506613,2.6396687,277.37836,277.37836,280.73248,280.73248,275.49496,275.49496,276.69458,276.69458,273.51852,273.51852,282.03085,282.03085,275.98694,275.98694,276.68912,276.68912,276.68912,274.8821,274.8821,274.8821,276.835,276.835,276.835,275.179,279.13934,276.24918,277.4353,276.83008,275.179,279.13934,276.24918,277.4353,276.83008,275.179,279.13934,276.24918,277.4353,276.83008,0.0,0.0,0.0,0.0,0.0,0.0,0.0,0.0,0.0,0.0,0.0,0.0,0.0,0.0,0.0,0.0,0.0,0.0,0.0,0.0,2.033467,3.6465304,1.9751129,2.490698,0.7779085,3.5490935,1.3893931,2.1421735,0.6561004,1.9879321,1.8085076,2.5493693,2.167771,2.333984,2.5021172,1.5780109808432814,1.9404022237273948,2.1372259913085174,2.502035468170926,2.640582979840437,2.033467,3.6465304,1.9751129,2.490698,0.7779085,3.5490935,1.3893931,2.1421735,0.6561004,1.9879321,1.8085076,2.5493693,2.167771,2.333984,2.5021172,1.5780109808432814,1.9404022237273948,2.1372259913085174,2.502035468170926,2.640582979840437
2012-12-24 02:00:00,0.0,0.0,0.0,0.0,0.0,0.0,0.0,0.0,0.0,0.0,0.0,0.0,0.0,0.0,0.0,0.0,0.0,0.0,0.0,0.0,0.0,0.0,0.0,0.0,0.0,0.0,0.0,0.0,0.0,0.0,0.0,0.0,0.0,0.0,0.0,0.0,0.0,0.0,0.8776702,2.12837,1.4485965,3.2024748,0.69604397,1.9670486,1.3366042,2.4744916,0.20261784,0.79404956,1.8539547,3.1889515,0.45135242,1.414155,0.70646894,2.104898,1.7852576,0.14397189,0.36132908,0.42048433,0.6752527,1.9493983,1.6320695,0.8678673,1.3181568,1.1392574,0.96024543,1.2187947,1.8352371,2.285913,2.0968504,2.650773,2.5066226,1.9937986,2.364856,2.2430093,2.6950846,2.6456933,277.91025,277.91025,279.13556,279.13556,275.46887,275.46887,276.6212,276.6212,273.66724,273.66724,280.30246,280.30246,276.11664,276.11664,276.50275,276.50275,276.50275,272.20477,272.20477,272.20477,276.58206,276.58206,276.58206,275.32126,277.55344,275.90198,278.62994,276.85886,275.32126,277.55344,275.90198,278.62994,276.85886,275.32126,277.55344,275.90198,278.62994,276.85886,0.0,0.0,0.0,0.0,0.0,0.0,0.0,0.0,0.0,0.0,0.0,0.0,0.0,0.0,0.0,0.0,0.0,0.0,0.0,0.0,2.12931,3.2051332,1.9680375,2.4767244,0.7936412,3.1913447,1.4128621,2.1036808,0.36326858,1.9488666,1.8371652,2.287798,2.099409,2.6530867,2.5082886,1.603857785993446,1.7363177484552175,2.037334060339879,2.8242987437524163,2.646606063357961,2.12931,3.2051332,1.9680375,2.4767244,0.7936412,3.1913447,1.4128621,2.1036808,0.36326858,1.9488666,1.8371652,2.287798,2.099409,2.6530867,2.5082886,1.603857785993446,1.7363177484552175,2.037334060339879,2.8242987437524163,2.646606063357961
2012-12-24 03:00:00,0.0,0.0,0.0,0.0,0.0,0.0,0.0,0.0,0.0,0.0,0.0,0.0,0.0,0.0,0.0,0.0,0.0,0.0,0.0,0.0,0.0,0.0,0.0,0.0,0.0,0.0,0.0,0.0,0.0,0.0,0.0,0.0,0.0,0.0,0.0,0.0,0.0,0.0,0.8956973,2.1584935,1.4419811,3.1883793,0.8941294,2.374261,1.3013369,2.4361901,0.199615,0.7903852,1.7608427,3.0681586,0.46456635,1.4323447,0.6710228,2.0620308,1.7417971,0.22649345,0.6508198,0.6306365,0.66856265,1.9421064,1.6249564,0.9479568,0.9874638,1.1402954,0.63592935,0.85624945,1.9551053,1.9326528,2.0982084,1.6176469,2.0312102,2.1598077,1.8448704,2.2443318,1.5799803,2.1815782,278.07742,278.07742,279.08456,279.08456,276.97058,276.97058,276.42,276.42,273.6326,273.6326,279.71887,279.71887,276.21716,276.21716,276.2952,276.2952,276.2952,274.84152,274.84152,274.84152,276.53485,276.53485,276.53485,275.91635,275.41162,275.90887,274.76218,274.64194,275.91635,275.41162,275.90887,274.76218,274.64194,275.91635,275.41162,275.90887,274.76218,274.64194,0.0,0.0,0.0,0.0,0.0,0.0,0.0,0.0,0.0,0.0,0.0,0.0,0.0,0.0,0.0,0.0,0.0,0.0,0.0,0.0,2.1594336,3.191038,2.3752499,2.4384227,0.78997684,3.0705519,1.4310519,2.060814,0.6516442,1.9415748,1.9570333,1.9345379,2.1007671,1.6199604,2.0328763,1.7119686183461296,1.460695512651203,2.039318377505996,1.780939900347662,2.1826178565212233,2.1594336,3.191038,2.3752499,2.4384227,0.78997684,3.0705519,1.4310519,2.060814,0.6516442,1.9415748,1.9570333,1.9345379,2.1007671,1.6199604,2.0328763,1.7119686183461296,1.460695512651203,2.039318377505996,1.780939900347662,2.1826178565212233
2012-12-24 04:00:00,0.0,0.0,0.0,0.0,0.0,0.0,0.0,0.0,0.0,0.0,0.0,0.0,0.0,0.0,0.0,0.0,0.0,0.0,0.0,0.0,0.0,0.0,0.0,0.0,0.0,0.0,0.0,0.0,0.0,0.0,0.0,0.0,0.0,0.0,0.0,0.0,0.0,0.0,0.85173535,2.085032,1.4499624,3.2053847,0.6924009,1.9595597,1.2338189,2.3628635,0.17562154,0.7611055,1.4424418,2.6551015,0.47592708,1.4479834,0.6410021,2.0257254,1.7049892,0.23159653,0.66872174,0.6436322,0.66763276,1.9410932,1.6239679,0.8962437,1.8567327,1.1429318,0.69506365,1.1937664,1.8777072,2.8612423,2.1016574,1.8060223,2.4738023,2.052617,3.2117188,2.2476902,1.7833031,2.6136532,277.66974,277.66974,279.1461,279.1461,275.44125,275.44125,276.03488,276.03488,273.35583,273.35583,277.72327,277.72327,276.3036,276.3036,276.11942,276.11942,276.11942,275.00458,275.00458,275.00458,276.5283,276.5283,276.5283,275.5321,281.04166,275.9264,275.4674,276.7058,275.5321,281.04166,275.9264,275.4674,276.7058,275.5321,281.04166,275.9264,275.4674,276.7058,0.0,0.0,0.0,0.0,0.0,0.0,0.0,0.0,0.0,0.0,0.0,0.0,0.0,0.0,0.0,0.0,0.0,0.0,0.0,0.0,2.0859718,3.2080433,1.9605484,2.3650966,0.7606971,2.6574948,1.4466904,2.0245082,0.6695461,1.9405614,1.8796355,2.8631272,2.104216,1.8083358,2.4754684,1.6421622855177893,2.1852038433338987,2.0443581919013547,1.9711811008640026,2.614574500430724,2.0859718,3.2080433,1.9605484,2.3650966,0.7606971,2.6574948,1.4466904,2.0245082,0.6695461,1.9405614,1.8796355,2.8631272,2.104216,1.8083358,2.4754684,1.6421622855177893,2.1852038433338987,2.0443581919013547,1.9711811008640026,2.614574500430724
2012-12-24 05:00:00,0.0,0.0,0.0,0.0,0.0,0.0,0.0,0.0,0.0,0.0,0.0,0.0,0.0,0.0,0.0,0.0,0.0,0.0,0.0,0.0,0.0,0.0,0.0,0.0,0.0,0.0,0.0,0.0,0.0,0.0,0.0,0.0,0.0,0.0,0.0,0.0,0.0,0.0,0.76895475,1.9467032,1.521976,3.358821,0.6313908,1.8341386,1.3352935,2.473068,0.2735717,0.8806359,2.038119,3.4278655,0.4924185,1.4706846,0.59739935,1.972994,1.6515279,0.24348275,0.7104193,0.67390203,0.62942535,1.8994493,1.5833443,0.84589404,1.1842972,1.1906269,0.74741673,1.3284906,1.8023503,2.1429188,2.164053,1.972796,2.6504688,1.9482523,2.154374,2.308446,1.9633102,2.7861216,276.90207,276.90207,279.7012,279.7012,274.97873,274.97873,276.6137,276.6137,274.4857,274.4857,281.45673,281.45673,276.42905,276.42905,275.8641,275.8641,275.8641,275.38437,275.38437,275.38437,276.25867,276.25867,276.25867,275.158,276.68646,276.2433,276.09177,277.52963,275.158,276.68646,276.2433,276.09177,277.52963,275.158,276.68646,276.2433,276.09177,277.52963,0.0,0.0,0.0,0.0,0.0,0.0,0.0,0.0,0.0,0.0,0.0,0.0,0.0,0.0,0.0,0.0,0.0,0.0,0.0,0.0,1.9476433,3.3614798,1.8351275,2.4753008,0.88022757,3.4302588,1.4693918,1.9717771,0.7112437,1.8989177,1.8042784,2.1448038,2.1666114,1.9751096,2.652135,1.574196608912069,1.624750102487444,2.135531419569311,2.1396065940209454,2.78699564524045,1.9476433,3.3614798,1.8351275,2.4753008,0.88022757,3.4302588,1.4693918,1.9717771,0.7112437,1.8989177,1.8042784,2.1448038,2.1666114,1.9751096,2.652135,1.574196608912069,1.624750102487444,2.135531419569311,2.1396065940209454,2.78699564524045
2012-12-24 06:00:00,0.0,0.0,0.0,0.0,0.0,0.0,0.0,0.0,0.0,0.0,0.0,0.0,0.0,0.0,0.0,0.0,0.0,0.0,0.0,0.0,0.0,0.0,0.0,0.0,0.0,0.0,0.0,0.0,0.0,0.0,0.0,0.0,0.0,0.0,0.0,0.0,0.0,0.0,0.7755728,1.957762,1.4468822,3.1988223,0.62538886,1.8218001,1.3792176,2.5207708,0.3253948,0.94387674,1.9415599,3.3026004,0.4989693,1.4797021,0.5394898,1.9029608,1.5805254,0.27981377,0.83787084,0.7664238,0.6101767,1.8784696,1.5628786,0.88649327,1.0529352,1.0897757,0.73885965,1.5033703,1.8631141,2.002592,2.0321178,1.9455371,2.879791,2.0324063,1.9478182,2.179978,1.9338884,3.0099952,276.96344,276.96344,279.12234,279.12234,274.93323,274.93323,276.86426,276.86426,275.08347,275.08347,280.85153,280.85153,276.47888,276.47888,275.52502,275.52502,275.52502,276.54523,276.54523,276.54523,276.12283,276.12283,276.12283,275.45966,275.83566,275.5732,275.98972,278.599,275.45966,275.83566,275.5732,275.98972,278.599,275.45966,275.83566,275.5732,275.98972,278.599,0.0,0.0,0.0,0.0,0.0,0.0,0.0,0.0,0.0,0.0,0.0,0.0,0.0,0.0,0.0,0.0,0.0,0.0,0.0,0.0,1.958702,3.2014809,1.822789,2.5230036,0.94346833,3.3049936,1.4784094,1.9017439,0.8386952,1.8779379,1.8650422,2.0044773,2.0346766,1.9478506,2.8814576,1.6290004846970059,1.5152638691833658,1.9427453487001554,2.1120776410361066,3.0108078080586615,1.958702,3.2014809,1.822789,2.5230036,0.94346833,3.3049936,1.4784094,1.9017439,0.8386952,1.8779379,1.8650422,2.0044773,2.0346766,1.9478506,2.8814576,1.6290004846970059,1.5152638691833658,1.9427453487001554,2.1120776410361066,3.0108078080586615
2012-12-24 07:00:00,0.0,0.0,0.0,0.0,0.0,0.0,0.0,0.0,0.0,0.0,0.0,0.0,0.0,0.0,0.0,0.0,0.0,0.0,0.0,0.0,0.0,0.0,0.0,0.0,0.0,0.0,0.0,0.0,0.0,0.0,0.0,0.0,0.0,0.0,0.0,0.0,0.0,0.0,0.8912711,2.1510975,1.5247709,3.3647764,0.62534857,1.8217174,1.3643874,2.5046644,0.33336613,0.9536043,1.8395032,3.1702037,0.5053356,1.4884659,0.52763796,1.8886278,1.5659938,0.27213097,0.810919,0.74685854,0.5825168,1.848322,1.5334699,0.9168698,1.6975422,0.7038337,0.80843693,1.6473823,1.9085779,2.691188,1.5272232,2.167179,3.0686371,2.0953708,2.9614058,1.6883512,2.1731176,3.194353,278.03638,278.03638,279.72275,279.72275,274.93292,274.93292,276.77966,276.77966,275.1754,275.1754,280.21188,280.21188,276.5273,276.5273,275.45563,275.45563,275.45563,276.29974,276.29974,276.29974,275.92764,275.92764,275.92764,275.68536,280.01062,273.00894,276.8195,279.4796,275.68536,280.01062,273.00894,276.8195,279.4796,275.68536,280.01062,273.00894,276.8195,279.4796,0.0,0.0,0.0,0.0,0.0,0.0,0.0,0.0,0.0,0.0,0.0,0.0,0.0,0.0,0.0,0.0,0.0,0.0,0.0,0.0,2.1520374,3.367435,1.8227062,2.5068974,0.9531959,3.172597,1.487173,1.8874108,0.8117434,1.8477905,1.910506,2.6930733,1.5298133,2.1694927,3.070303,1.670004982957542,2.052523604007585,1.2050145978352715,2.3359150308859187,3.1951154411251355,2.1520374,3.367435,1.8227062,2.5068974,0.9531959,3.172597,1.487173,1.8874108,0.8117434,1.8477905,1.910506,2.6930733,1.5298133,2.1694927,3.070303,1.670004982957542,2.052523604007585,1.2050145978352715,2.3359150308859187,3.1951154411251355
2012-12-24 08:00:00,-0.3440894,-0.40131348,-1.0385454,-1.4631739,-0.14267719,-0.19554645,-0.83345455,-1.1168864,-0.021322338,-0.0248323,-2.42195,-3.3341348,-0.014833048,-0.020825032,-0.077735044,-0.07437465,-0.05988811,-0.02435301,-0.030476743,-0.02430132,-0.22191916,-0.20114444,-0.16377,-0.4106889,-1.2820568,-0.49799597,-0.50174785,-0.94940525,-0.563237,-1.7467887,-0.695557,-0.7039338,-1.2473913,-0.4658103,-1.3320862,-0.4835085,-0.52234066,-0.9203463,0.9304352,2.2165418,1.6762924,3.6876168,0.6191937,1.8090644,1.4356394,2.5820467,0.36276206,0.9894767,1.9018862,3.2511325,0.548576,1.5479884,0.54858464,1.9139597,1.5916765,0.29658818,0.8967164,0.8091421,0.6138396,1.882462,1.566773,0.9571199,1.7475257,1.0982132,1.1184921,1.6732341,1.9688195,2.7445824,2.043156,3.1548765,3.1025372,2.178801,3.0400004,2.1907258,3.2391887,3.2274473,278.39957,278.39957,280.89075,280.89075,274.88626,274.88626,277.1861,277.1861,275.5145,275.5145,280.60287,280.60287,276.85626,276.85626,275.57828,275.57828,275.57828,277.0812,277.0812,277.0812,276.14868,276.14868,276.14868,275.98444,280.33435,275.62927,280.51718,279.6377,275.98444,280.33435,275.62927,280.51718,279.6377,275.98444,280.33435,275.62927,280.51718,279.6377,0.47016862,1.8244627,0.2820883,1.4839842,0.022665083,4.1142163,0.01824968,0.0813261,0.038169067,0.21735425,0.785567,2.1866074,0.9707022,0.8848259,1.544233,0.5177759236178401,1.6801556164595037,0.8262787107391619,0.8795151918782445,1.5418097300930191,2.2174816,3.6902754,1.8100532,2.5842793,0.9890683,3.2535257,1.5466957,1.9127427,0.89754087,1.8819302,1.9707474,2.7464678,2.0457146,3.15719,3.1042032,1.7243376063963263,2.0941832748311318,1.9588745107981942,3.3333950300967414,3.228200883989161,1.747313,1.8658128,1.527965,1.1002951,0.96640325,-0.8606905,1.528446,1.8314166,0.85937184,1.664576,1.1851804,0.5598604,1.0750124,2.2723641,1.5599701,1.2065616827784862,0.414027658371628,1.1325958000590322,2.453879838218497,1.686391153896142
2012-12-24 09:00:00,-0.775695,-0.88466775,-2.1856077,-2.9219723,-0.37071255,-0.48714975,-1.5621315,-2.012139,-0.054952547,-0.062967494,-3.695996,-4.897545,-0.033741057,-0.046857785,-0.21370287,-0.20292825,-0.1725898,-0.031954166,-0.037869997,-0.033675723,-0.5505418,-0.5015563,-0.43876064,-0.8078558,-2.0458295,-0.9742968,-0.55077994,-1.4642621,-1.0623308,-2.66854,-1.3239541,-0.73958075,-1.8476377,-0.954784,-2.2099595,-0.9955134,-0.5958068,-1.4678792,1.0190501,2.36462,1.8125958,3.978032,0.6552297,1.8831451,1.5433631,2.6990376,0.43178198,1.073703,1.8769612,3.2187974,0.6289031,1.658563,0.5978215,1.9735045,1.6520455,0.25932115,0.76598144,0.7142367,0.7334224,2.0127995,1.6939172,1.0374559,1.7795146,1.1956197,0.90525395,1.642626,2.089056,2.7787547,2.1705844,2.4755952,3.0624003,2.345321,3.0903,2.3148057,2.5060065,3.1882644,279.22134,279.22134,281.94144,281.94144,275.15945,275.15945,277.80057,277.80057,276.31064,276.31064,280.44666,280.44666,277.46735,277.46735,275.86658,275.86658,275.86658,275.89044,275.89044,275.89044,276.99255,276.99255,276.99255,276.58136,280.54153,276.27646,277.97412,279.45053,276.58136,280.54153,276.27646,277.97412,279.45053,276.58136,280.54153,276.27646,277.97412,279.45053,0.9995155,3.4723883,0.6781505,2.5817187,0.057627555,5.9346538,0.04124425,0.21959643,0.047912486,0.5348504,1.4276505,3.257348,1.7687424,0.9653912,2.2496707,1.0297255244612369,2.743273231909218,1.6282047443716328,0.9604657609023994,2.24603531686606,2.3655598,3.980691,1.884134,2.70127,1.0732946,3.221191,1.6572702,1.9722875,0.7668058,2.0122678,2.0909843,2.7806396,2.173143,2.4779086,3.0640662,1.8327810874639412,2.1208449928949573,2.1450754583284666,2.6473857055813075,3.1890284860962907,1.3660444,0.50830275,1.2059835,0.11955133,1.0156671,-2.713463,1.6160259,1.7526911,0.71889335,1.4774175,0.6633338,-0.47670838,0.4044006,1.5125175,0.8143955,0.8030555630027043,-0.6224282390142606,0.5168707139568338,1.686919944678908,0.9429931692302307
2012-12-24 10:00:00,-1.0014483,-1.1289299,-2.7017372,-3.5237293,-0.62205476,-0.9705752,-2.0860457,-2.6314948,-0.09434364,-0.106762305,-4.769178,-6.222476,-0.04732968,-0.06553386,-0.41863757,-0.39492658,-0.35471052,-0.040951654,-0.048098598,-0.04446875,-0.82264984,-0.75221664,-0.68028915,-0.9539589,-2.4495242,-1.9438307,-0.5487728,-1.8518146,-1.2349219,-3.1349642,-2.652841,-0.71881783,-2.2974653,-1.1454921,-2.6946354,-2.0538423,-0.60686547,-1.8897402,1.0510633,2.4181147,1.8167647,3.9869149,0.70395803,1.9833179,1.6362401,2.7999046,0.50385755,1.1616583,2.0530818,3.4472766,0.70687115,1.7658907,0.7325753,2.1364698,1.8172666,0.26541853,0.7873714,0.7297644,0.87452424,2.1665914,1.843941,1.0516667,1.8249464,1.5768397,0.8278618,1.7465079,2.1103249,2.8272867,2.669302,2.229058,3.1986225,2.374777,3.1617377,2.8004177,2.2399065,3.3212495,279.51822,279.51822,281.97357,281.97357,275.52887,275.52887,278.33035,278.33035,277.14203,277.14203,281.5505,281.5505,278.0605,278.0605,276.6556,276.6556,276.6556,276.08527,276.08527,276.08527,277.98828,277.98828,277.98828,276.68695,280.8358,278.80936,277.05115,280.08575,276.68695,280.8358,278.80936,277.05115,280.08575,276.68695,280.8358,278.80936,277.05115,280.08575,1.2572116,4.136646,1.2204062,3.301584,0.09799667,7.311285,0.057931367,0.42258975,0.059777603,0.7963322,1.642576,3.770151,3.2872937,0.9498661,2.735952,1.2247207359846863,3.3046742980684467,3.0105294428506193,0.9457071881084828,2.731142497785457,2.4190547,3.9895732,1.9843068,2.8021374,1.1612499,3.4496696,1.7645978,2.1352527,0.7881957,2.1660597,2.1122532,2.829172,2.6718605,2.2313714,3.2002883,1.8519638300249817,2.1587109945993914,2.873811547502681,2.398406742042591,3.3219770369099395,1.1618431,-0.14707242,0.76390064,-0.49944675,1.0632533,-3.8616152,1.7066664,1.712663,0.7284181,1.3697276,0.46967715,-0.94097906,-0.6154331,1.2815055,0.4643363,0.6272430940402953,-1.1459633034690553,-0.13671789534793843,1.4526995539341083,0.5908345391244825
2012-12-24 11:00:00,-1.1177016,-1.2553743,-2.9609566,-3.8220427,-0.74264413,-1.2055993,-2.2856584,-2.8687613,-0.1183427,-0.1333114,-4.8880916,-6.3402147,-0.08786318,-0.1258144,-0.6676785,-0.6272894,-0.5850458,-0.0418839,-0.04877257,-0.045941588,-1.1742717,-1.1283231,-1.0596882,-0.9777218,-2.7601156,-1.8459624,-0.72140896,-2.1358562,-1.2584298,-3.5094178,-2.49605,-0.9401136,-2.6349046,-1.1806531,-3.0563433,-1.9604878,-0.805001,-2.1956363,1.083876,2.4729455,1.839212,4.0347424,0.7219519,2.0203087,1.688687,2.8568633,0.55773634,1.2274076,2.013126,3.3954422,0.7807076,1.8675305,0.93574065,2.3821688,2.0663667,0.26168025,0.77425724,0.72024447,1.0286429,2.334571,2.0078044,1.0411154,1.9433509,1.4826027,0.9198195,1.8825446,2.0945332,2.9537714,2.5460193,2.521994,3.3770096,2.3529065,3.3479183,2.680375,2.556087,3.4953976,279.8225,279.8225,282.1466,282.1466,275.66528,275.66528,278.62952,278.62952,277.76352,277.76352,281.30008,281.30008,278.6222,278.6222,277.8452,277.8452,277.8452,275.96582,275.96582,275.96582,279.07587,279.07587,279.07587,276.60855,281.60266,278.18323,278.14783,280.9176,276.60855,281.60266,278.18323,278.14783,280.9176,276.60855,281.60266,278.18323,278.14783,280.9176,1.3869061,4.4500127,1.4758818,3.5663965,0.12267155,7.4634857,0.11589106,0.66495067,0.060639597,1.1779215,1.6726799,4.141079,3.1282663,1.2046313,3.0757713,1.2619554941482563,3.676943060073854,2.9359814004856664,1.1980736547676942,3.0699365926340305,2.4738855,4.0374007,2.0212975,2.8590958,1.2269993,3.3978355,1.8662375,2.380952,0.7750817,2.3340392,2.0964613,2.9556565,2.5485783,2.5243075,3.3786757,1.8377209208806717,2.2573974452144845,2.6936689134441805,2.6942441985208117,3.4960780024673954,1.0869795,-0.41261178,0.54541576,-0.7073005,1.1043277,-4.0656505,1.7503464,1.7160012,0.7144421,1.1561178,0.42378137,-1.1854224,-0.57968825,1.3196763,0.30290446,0.5757654267324155,-1.4195456148593695,-0.2423124870414859,1.4961705437531174,0.4261414098333649
2012-12-24 12:00:00,-1.1660682,-1.3119664,-2.9458854,-3.8056078,-0.79144293,-1.3491313,-2.3291428,-2.9329436,-0.11295731,-0.12786181,-4.626294,-6.0109177,-0.11532642,-0.16905549,-0.81433356,-0.8022779,-0.76261854,-0.04023246,-0.04670427,-0.04407108,-1.3620901,-1.3440349,-1.2729012,-0.9627137,-2.8196645,-2.3979628,-0.7222982,-2.1318283,-1.2447119,-3.593999,-3.2736666,-0.943492,-2.6358292,-1.1574426,-3.1149917,-2.5509896,-0.8041871,-2.187903,1.1257384,2.5428991,1.8402374,4.036927,0.74472404,2.0671222,1.7418185,2.914565,0.58606076,1.2619724,1.9489074,3.312132,0.8505965,1.9637363,1.0377793,2.5055697,2.1914756,0.25822374,0.7621317,0.71144193,1.1452157,2.461628,2.1317484,1.051178,2.0147264,1.7837692,0.92821014,1.906101,2.1095936,3.0300179,2.9400098,2.5487232,3.4078994,2.373764,3.46015,3.0640118,2.584937,3.5255535,280.21072,280.21072,282.1545,282.1545,275.83792,275.83792,278.9326,278.9326,278.09024,278.09024,280.89758,280.89758,279.15387,279.15387,278.4427,278.4427,278.4427,275.85538,275.85538,275.85538,279.8985,279.8985,279.8985,276.68332,282.06494,280.18423,278.2479,281.06165,276.68332,282.06494,280.18423,278.2479,281.06165,276.68332,282.06494,280.18423,278.2479,281.06165,1.4420258,4.4317503,1.6224376,3.627786,0.11787388,7.140149,0.15857589,0.8403356,0.058324125,1.3952614,1.6547765,4.2052317,3.9284441,1.2072905,3.0710986,1.2370108730809088,3.712053428687454,3.549785722546609,1.2006514898142717,3.0652237765823878,2.543839,4.0395856,2.0681112,2.916798,1.261564,3.3145254,1.9624436,2.5043528,0.7629561,2.4610963,2.1115217,3.0319026,2.9425685,2.5510366,3.4095654,1.8513040767403677,2.3168865754591192,3.2693755163871927,2.7212380492496657,3.526225355810678,1.1018133,-0.39216465,0.44567344,-0.7109878,1.1436902,-3.8256235,1.8038677,1.6640172,0.7046319,1.0658349,0.4567452,-1.1733292,-0.98587567,1.3437461,0.33846682,0.6142932036594588,-1.3951668532283348,-0.2804102061594165,1.520586559435394,0.4610015792282902
2012-12-24 13:00:00,-1.0802045,-1.2237729,-2.5695202,-3.3553247,-0.7541108,-1.3404974,-1.9735711,-2.5265005,-0.118827835,-0.13573386,-3.5552826,-4.6592846,-0.09932893,-0.1493814,-0.6971698,-0.6934453,-0.6460047,-0.041577965,-0.04887781,-0.04517711,-1.2135671,-1.2122552,-1.1304992,-0.79601705,-2.337069,-1.5239812,-0.47572115,-1.8272327,-1.0492442,-3.016468,-2.0912173,-0.6272296,-2.2843301,-0.9386835,-2.550182,-1.5871495,-0.52167606,-1.8543829,1.1406984,2.5678978,1.7563788,3.8582525,0.7664012,2.1116848,1.7216485,2.8926604,0.60622334,1.2865772,1.7083927,3.0001159,0.89241266,2.021299,1.0420063,2.5106816,2.1966581,0.26672414,0.79195154,0.7330893,1.185672,2.5057228,2.174763,1.0409757,1.8517804,1.4365429,0.79885894,1.8124052,2.094324,2.8559518,2.4857633,2.1366677,3.2850347,2.352617,3.2039318,2.6217022,2.140185,3.4056084,280.34946,280.34946,281.5081,281.5081,276.00226,276.00226,278.81754,278.81754,278.3228,278.3228,279.39014,279.39014,279.472,279.472,278.46744,278.46744,278.46744,276.12698,276.12698,276.12698,280.184,280.184,280.184,276.6075,281.00958,277.8772,276.70526,280.4887,276.6075,281.00958,277.8772,276.70526,280.4887,276.6075,281.00958,277.8772,276.70526,280.4887,1.3487666,3.9792607,1.6027777,3.1588795,0.12550493,5.7411904,0.14098316,0.7285471,0.06064991,1.2608355,1.4107354,3.6281104,2.6637423,0.839382,2.707062,1.0125978410301275,3.1227881728707527,2.4223183815854936,0.8361159914932456,2.702173721985782,2.5688376,3.8609111,2.1126738,2.8948932,1.2861688,3.002509,2.020006,2.5094647,0.7927759,2.505191,2.0962522,2.857837,2.488322,2.1389813,3.2867005,1.8375324199422105,2.1810763627498537,2.6056214243210816,2.3051013732835703,3.406312980457545,1.2200711,-0.118349664,0.5098959,-0.26398626,1.1606638,-2.7386813,1.8790227,1.7809175,0.732126,1.2443554,0.6855169,-0.77027327,-0.17542039,1.2995993,0.57963854,0.824934578912083,-0.941711810120899,0.18330304273558795,1.4689853817903247,0.7041392584717632
2012-12-24 14:00:00,-0.77323097,-0.89236563,-1.9339769,-2.6013596,-0.49342304,-0.8529296,-1.3599303,-1.8012443,-0.10014255,-0.11690144,-2.2150345,-2.9666579,-0.07215699,-0.11028828,-0.40623268,-0.38517103,-0.33150253,-0.013559766,-0.015576569,-0.014166942,-0.8008435,-0.79109496,-0.70922834,-0.5291595,-1.4405472,-1.3306317,-0.40200126,-1.0583991,-0.7205656,-1.9143685,-1.8883775,-0.54806334,-1.3547192,-0.6048912,-1.5285974,-1.3483404,-0.42749095,-1.0404284,1.1347586,2.557972,1.7208824,3.7826226,0.7405094,2.0584579,1.7399938,2.912584,0.63076705,1.3165284,1.481195,2.7053754,0.89792466,2.0288863,0.96718407,2.420195,2.1049192,0.20861493,0.58810085,0.5851065,1.1045605,2.4173164,2.0885227,1.0192324,1.5524026,1.5724578,0.83943844,1.470701,2.0617814,2.5361438,2.6635695,2.265936,2.8369517,2.3075476,2.7331865,2.7948356,2.2797108,2.968173,280.29437,280.29437,281.23447,281.23447,275.80597,275.80597,278.92218,278.92218,278.60593,278.60593,277.96616,277.96616,279.51392,279.51392,278.02933,278.02933,278.02933,274.27026,274.27026,274.27026,279.6116,279.6116,279.6116,276.44595,279.0706,278.78024,277.1892,278.39923,276.44595,279.0706,278.78024,277.1892,278.39923,276.44595,279.0706,278.78024,277.1892,278.39923,0.9980673,3.1464498,1.0586277,2.2870083,0.10856007,3.8254075,0.10414555,0.4128815,0.020769753,0.8305875,0.98892635,2.434412,2.3923573,0.7354782,1.7037349,0.662945619722344,1.973915574826247,2.009920013905015,0.7323154746832525,1.701380611704114,2.558912,3.7852812,2.0594468,2.9148169,1.31612,2.707769,2.0275934,2.4189782,0.58892524,2.4167848,2.0637097,2.538029,2.6661282,2.2682493,2.8386178,1.808181714994769,1.9315542563098367,2.8654352706156208,2.4356498590591613,2.968997516748254,1.5608445,0.6388313,1.0008191,0.6278086,1.20756,-1.1176387,1.9234477,2.0060966,0.56815547,1.5861973,1.0747833,0.10361712,0.2737707,1.5327711,1.1348829,1.145236095272425,-0.04236131851641023,0.8555152567106057,1.7033343843759088,1.26761690504414
2012-12-24 15:00:00,-0.2531983,-0.30175918,-0.74730116,-1.0708107,-0.20343581,-0.35562107,-0.08345754,-0.11866082,-0.041121203,-0.04884852,-0.5360273,-0.75270444,-0.02306529,-0.03595135,-0.14922667,-0.14270636,-0.11528981,0.0,0.0,0.0,-0.28120577,-0.26850733,-0.22167096,-0.22904857,-0.2693968,-0.29260543,-0.13684057,-0.18406224,-0.3248351,-0.38215557,-0.43698123,-0.20074241,-0.24855714,-0.25246283,-0.2700605,-0.27688137,-0.13659284,-0.17142224,1.1157771,2.5262532,1.6794953,3.694441,0.73327154,2.043579,1.6680462,2.8344467,0.624436,1.3088025,1.1881816,2.3252532,0.8694908,1.9897455,0.90562105,2.3457437,2.029437,0.11779645,0.26950395,0.35382503,0.98641783,2.2885485,1.9629097,0.98230493,1.0635228,1.2833989,0.89279974,0.97235334,2.006513,2.0139022,2.2854183,2.4359212,2.1834595,2.2310047,1.9644663,2.4266222,2.4631844,2.3302095,280.11835,280.11835,280.91544,280.91544,275.7511,275.7511,278.51178,278.51178,278.5329,278.5329,276.12967,276.12967,279.2976,279.2976,277.66885,277.66885,277.66885,271.3684,271.3684,271.3684,278.7779,278.7779,278.7779,276.17157,275.90424,276.85968,277.8256,275.3519,276.17157,275.90424,276.85968,277.8256,275.3519,276.17157,275.90424,276.85968,277.8256,275.3519,0.3474193,1.3463748,0.45740572,0.15825179,0.045369964,1.0515319,0.033811282,0.15478258,0.0,0.28702807,0.4588586,0.5407909,0.60200197,0.27525976,0.34609485,0.28242483310913585,0.3829531924954842,0.4548113096177372,0.27404743360989364,0.34604037023617623,2.5271933,3.6970994,2.0445678,2.8366797,1.3083941,2.3276467,1.9884527,2.3445265,0.27243018,2.2880168,2.0084412,2.0157871,2.287977,2.4382348,2.1851256,1.7583343050623086,1.5240882734386927,2.3128731811676726,2.6073188951216153,2.3312085404572658,2.179774,2.3507247,1.587162,2.678428,1.2630241,1.2761148,1.9546413,2.189744,0.27243018,2.0009887,1.5495827,1.4749963,1.685975,2.162975,1.8390307,1.4759094719531727,1.1411350809432084,1.8580618715499355,2.3332714615117216,1.9851681702210895
2012-12-24 16:00:00,0.0,0.0,0.0,0.0,0.0,0.0,0.0,0.0,0.0,0.0,0.0,0.0,0.0,0.0,0.0,0.0,0.0,0.0,0.0,0.0,0.0,0.0,0.0,0.0,0.0,0.0,0.0,0.0,0.0,0.0,0.0,0.0,0.0,0.0,0.0,0.0,0.0,0.0,1.0814704,2.468926,1.6600609,3.6530325,0.72708035,2.0308514,1.6782703,2.8455503,0.5864523,1.2624503,0.88361394,1.9301419,0.82508713,1.9286214,0.8442508,2.2715251,1.9541914,0.047356907,0.02239765,0.17444135,0.83349705,2.1218746,1.8003196,0.9661968,0.7062076,0.86562663,0.8511071,0.76676595,1.9824045,1.6322033,1.7388829,2.303107,1.9138691,2.1976156,1.4026201,1.8944488,2.3198314,2.0670252,279.8002,279.8002,280.76562,280.76562,275.70416,275.70416,278.5701,278.5701,278.09476,278.09476,274.22076,274.22076,278.9598,278.9598,277.3095,277.3095,277.3095,269.1177,269.1177,269.1177,277.69876,277.69876,277.69876,276.05188,273.59,274.08392,277.32837,274.09476,276.05188,273.59,274.08392,277.32837,274.09476,276.05188,273.59,274.08392,277.32837,274.09476,0.0,0.0,0.0,0.0,0.0,0.0,0.0,0.0,0.0,0.0,0.0,0.0,0.0,0.0,0.0,0.0,0.0,0.0,0.0,0.0,2.4698658,3.6556911,2.0318403,2.847783,1.2620419,1.9325352,1.9273285,2.2703083,0.053008273,2.121343,1.9843324,1.6340884,1.7414415,2.3054206,1.915535,1.7365901673962973,1.2262773932009456,1.5142645432856772,2.473189340402124,2.0680962367235423,2.4698658,3.6556911,2.0318403,2.847783,1.2620419,1.9325352,1.9273285,2.2703083,0.053008273,2.121343,1.9843324,1.6340884,1.7414415,2.3054206,1.915535,1.7365901673962973,1.2262773932009456,1.5142645432856772,2.473189340402124,2.0680962367235423
2012-12-24 17:00:00,0.0,0.0,0.0,0.0,0.0,0.0,0.0,0.0,0.0,0.0,0.0,0.0,0.0,0.0,0.0,0.0,0.0,0.0,0.0,0.0,0.0,0.0,0.0,0.0,0.0,0.0,0.0,0.0,0.0,0.0,0.0,0.0,0.0,0.0,0.0,0.0,0.0,0.0,1.0636868,2.439209,1.6475267,3.626327,0.7046021,1.984642,1.6582718,2.8238316,0.5699884,1.2423589,0.87459147,1.9184372,0.7936047,1.8852838,0.7679224,2.179217,1.8606055,0.043701746,0.009575124,0.16513303,0.80325544,2.0889132,1.7681657,0.93942624,0.8638008,1.3197167,0.8520821,0.79347116,1.9423375,1.8005509,2.3329296,2.306213,1.9488881,2.1421258,1.6504214,2.472885,2.3231838,2.101212,279.63528,279.63528,280.669,280.669,275.53375,275.53375,278.45602,278.45602,277.90485,277.90485,274.1642,274.1642,278.7203,278.7203,276.86258,276.86258,276.86258,269.00092,269.00092,269.00092,277.48535,277.48535,277.48535,275.85297,274.6107,277.10098,277.34,274.25806,275.85297,274.6107,277.10098,277.34,274.25806,275.85297,274.6107,277.10098,277.34,274.25806,0.0,0.0,0.0,0.0,0.0,0.0,0.0,0.0,0.0,0.0,0.0,0.0,0.0,0.0,0.0,0.0,0.0,0.0,0.0,0.0,2.440149,3.6289852,1.9856309,2.826064,1.2419506,1.9208305,1.8839911,2.178,0.05224923,2.0883813,1.9442658,1.8024359,2.3354886,2.3085265,1.9505541,1.7004534286642565,1.3576263138612346,2.3822979414884093,2.4763258628564366,2.1022738824311493,2.440149,3.6289852,1.9856309,2.826064,1.2419506,1.9208305,1.8839911,2.178,0.05224923,2.0883813,1.9442658,1.8024359,2.3354886,2.3085265,1.9505541,1.7004534286642565,1.3576263138612346,2.3822979414884093,2.4763258628564366,2.1022738824311493
2012-12-24 18:00:00,0.0,0.0,0.0,0.0,0.0,0.0,0.0,0.0,0.0,0.0,0.0,0.0,0.0,0.0,0.0,0.0,0.0,0.0,0.0,0.0,0.0,0.0,0.0,0.0,0.0,0.0,0.0,0.0,0.0,0.0,0.0,0.0,0.0,0.0,0.0,0.0,0.0,0.0,1.0316902,2.3857417,1.6092396,3.5447502,0.6801635,1.9344023,1.7642885,2.938969,0.5566305,1.2260579,0.86192685,1.9020075,0.7744055,1.8588551,0.723736,2.1257799,1.8064287,0.22310188,0.63892204,0.6219994,0.76320136,2.0452566,1.725579,0.9902852,0.6905831,1.0243696,0.850255,0.7926228,2.018457,1.6155124,1.9465525,2.3003926,1.9477755,2.247546,1.3780516,2.096661,2.3169017,2.100126,279.33856,279.33856,280.37387,280.37387,275.34848,275.34848,279.06076,279.06076,277.75076,277.75076,274.08484,274.08484,278.57425,278.57425,276.60385,276.60385,276.60385,274.73315,274.73315,274.73315,277.2027,277.2027,277.2027,276.23087,273.4888,275.13864,277.3182,274.25287,276.23087,273.4888,275.13864,277.3182,274.25287,276.23087,273.4888,275.13864,277.3182,274.25287,0.0,0.0,0.0,0.0,0.0,0.0,0.0,0.0,0.0,0.0,0.0,0.0,0.0,0.0,0.0,0.0,0.0,0.0,0.0,0.0,2.3866818,3.5474083,1.9353914,2.9412014,1.2256497,1.904401,1.8575623,2.124563,0.63974637,2.044725,2.020385,1.6173975,1.9491112,2.3027062,1.9494417,1.7691065792808351,1.213254818874882,1.8177158069058854,2.470447970382999,2.1011880667387004,2.3866818,3.5474083,1.9353914,2.9412014,1.2256497,1.904401,1.8575623,2.124563,0.63974637,2.044725,2.020385,1.6173975,1.9491112,2.3027062,1.9494417,1.7691065792808351,1.213254818874882,1.8177158069058854,2.470447970382999,2.1011880667387004
2012-12-24 19:00:00,0.0,0.0,0.0,0.0,0.0,0.0,0.0,0.0,0.0,0.0,0.0,0.0,0.0,0.0,0.0,0.0,0.0,0.0,0.0,0.0,0.0,0.0,0.0,0.0,0.0,0.0,0.0,0.0,0.0,0.0,0.0,0.0,0.0,0.0,0.0,0.0,0.0,0.0,1.0278137,2.3792639,1.6006446,3.5264373,0.66402143,1.9012185,1.8729913,3.0570226,0.55417,1.2230554,0.89130217,1.9401159,0.75354946,1.8301458,0.6707204,2.0616653,1.7414266,0.07908913,0.13371626,0.2552517,0.69143957,1.9670409,1.6492796,1.0049313,0.75377405,0.95826536,0.8853737,0.9451989,2.0403774,1.6830156,1.860074,2.4122653,2.1478512,2.2779045,1.4774138,2.0124552,2.4376514,2.2954476,279.3026,279.3026,280.30762,280.30762,275.2261,275.2261,279.68082,279.68082,277.72238,277.72238,274.26895,274.26895,278.4156,278.4156,276.29343,276.29343,276.29343,270.13162,270.13162,270.13162,276.6963,276.6963,276.6963,276.3397,273.89807,274.69943,277.73703,275.18585,276.3397,273.89807,274.69943,277.73703,275.18585,276.3397,273.89807,274.69943,277.73703,275.18585,0.0,0.0,0.0,0.0,0.0,0.0,0.0,0.0,0.0,0.0,0.0,0.0,0.0,0.0,0.0,0.0,0.0,0.0,0.0,0.0,2.380204,3.5290956,1.9022074,3.0592556,1.2226472,1.9425092,1.8288529,2.0604482,0.13810164,1.9665092,2.0423055,1.6849006,1.8626328,2.414579,2.1495173,1.7888770012382542,1.2659224136537832,1.691351680114935,2.5834286374774758,2.296456051147774,2.380204,3.5290956,1.9022074,3.0592556,1.2226472,1.9425092,1.8288529,2.0604482,0.13810164,1.9665092,2.0423055,1.6849006,1.8626328,2.414579,2.1495173,1.7888770012382542,1.2659224136537832,1.691351680114935,2.5834286374774758,2.296456051147774
2012-12-24 20:00:00,0.0,0.0,0.0,0.0,0.0,0.0,0.0,0.0,0.0,0.0,0.0,0.0,0.0,0.0,0.0,0.0,0.0,0.0,0.0,0.0,0.0,0.0,0.0,0.0,0.0,0.0,0.0,0.0,0.0,0.0,0.0,0.0,0.0,0.0,0.0,0.0,0.0,0.0,1.0560687,2.4264786,1.5450923,3.4080744,0.6554994,1.8836997,1.8068378,2.9851782,0.55400604,1.2228553,0.9732932,2.0464816,0.728686,1.7959195,0.6561271,2.0440168,1.7235337,0.20203336,0.5650122,0.5683456,0.659481,1.9322083,1.6153004,0.7579556,0.6327543,1.0849713,0.8671567,0.9470404,1.6707351,1.5537374,2.0258327,2.354234,2.1502664,1.7659742,1.2871213,2.1738577,2.3750153,2.297805,279.56464,279.56464,279.8794,279.8794,275.1615,275.1615,279.30347,279.30347,277.7205,277.7205,274.78284,274.78284,278.22644,278.22644,276.20798,276.20798,276.20798,274.05997,274.05997,274.05997,276.47076,276.47076,276.47076,274.50458,273.11426,275.5413,277.51978,275.1971,274.50458,273.11426,275.5413,277.51978,275.1971,274.50458,273.11426,275.5413,277.51978,275.1971,0.0,0.0,0.0,0.0,0.0,0.0,0.0,0.0,0.0,0.0,0.0,0.0,0.0,0.0,0.0,0.0,0.0,0.0,0.0,0.0,2.4274187,3.4107327,1.8846885,2.987411,1.222447,2.0488749,1.794627,2.0427997,0.5658366,1.9316765,1.6726632,1.555646,2.0283914,2.3565476,2.1519322,1.4554909149888222,1.1650798304955976,1.9335612966835254,2.524822591933496,2.298812909915501,2.4274187,3.4107327,1.8846885,2.987411,1.222447,2.0488749,1.794627,2.0427997,0.5658366,1.9316765,1.6726632,1.555646,2.0283914,2.3565476,2.1519322,1.4554909149888222,1.1650798304955976,1.9335612966835254,2.524822591933496,2.298812909915501
2012-12-24 21:00:00,0.0,0.0,0.0,0.0,0.0,0.0,0.0,0.0,0.0,0.0,0.0,0.0,0.0,0.0,0.0,0.0,0.0,0.0,0.0,0.0,0.0,0.0,0.0,0.0,0.0,0.0,0.0,0.0,0.0,0.0,0.0,0.0,0.0,0.0,0.0,0.0,0.0,0.0,1.0136598,2.3556125,1.5783001,3.4788287,0.6330775,1.837606,1.7668405,2.9417403,0.5490163,1.2167662,0.9955159,2.0753107,0.7079944,1.7674367,0.64034545,2.0249312,1.7041839,0.018403077,0.0,0.100706555,0.6176799,1.8866476,1.5708561,0.8236496,0.7431911,0.5894466,0.84988654,0.97419494,1.7690575,1.6717107,1.3775803,2.2992187,2.1858745,1.9021443,1.4607732,1.5426406,2.3156345,2.3325672,279.17136,279.17136,280.13538,280.13538,274.99152,274.99152,279.07532,279.07532,277.66293,277.66293,274.92212,274.92212,278.06903,278.06903,276.11557,276.11557,276.11557,268.19257,268.19257,268.19257,276.17578,276.17578,276.17578,274.9927,273.82953,272.24893,277.3138,275.36316,274.9927,273.82953,272.24893,277.3138,275.36316,274.9927,273.82953,272.24893,277.3138,275.36316,0.0,0.0,0.0,0.0,0.0,0.0,0.0,0.0,0.0,0.0,0.0,0.0,0.0,0.0,0.0,0.0,0.0,0.0,0.0,0.0,2.3565526,3.4814873,1.8385949,2.943973,1.216358,2.077704,1.7661439,2.023714,0.04699561,1.8861159,1.7709858,1.6735957,1.3803393,2.3015323,2.1875405,1.5441695182442672,1.2571019365921614,0.9865222791286041,2.4692625130774317,2.3335653992249927,2.3565526,3.4814873,1.8385949,2.943973,1.216358,2.077704,1.7661439,2.023714,0.04699561,1.8861159,1.7709858,1.6735957,1.3803393,2.3015323,2.1875405,1.5441695182442672,1.2571019365921614,0.9865222791286041,2.4692625130774317,2.3335653992249927
2012-12-24 22:00:00,0.0,0.0,0.0,0.0,0.0,0.0,0.0,0.0,0.0,0.0,0.0,0.0,0.0,0.0,0.0,0.0,0.0,0.0,0.0,0.0,0.0,0.0,0.0,0.0,0.0,0.0,0.0,0.0,0.0,0.0,0.0,0.0,0.0,0.0,0.0,0.0,0.0,0.0,0.9917331,2.3189723,1.543861,3.405451,0.62175786,1.8143358,1.8162378,2.9953873,0.55082864,1.2189778,0.99166435,2.0703144,0.6893248,1.741737,0.64701146,2.0329926,1.7123572,0.12445062,0.29284722,0.3707708,0.61380064,1.8824196,1.5667317,0.96491945,0.7688991,0.7864182,0.93499905,1.0036302,1.9804926,1.6991729,1.6352612,2.5703495,2.2244732,2.1949677,1.5011965,1.7935503,2.6082795,2.3702488,278.96802,278.96802,279.8699,279.8699,274.9057,274.9057,279.3571,279.3571,277.68384,277.68384,274.89798,274.89798,277.927,277.927,276.1546,276.1546,276.1546,271.58102,271.58102,271.58102,276.1484,276.1484,276.1484,276.0424,273.99603,273.55765,278.32886,275.54315,276.0424,273.99603,273.55765,278.32886,275.54315,276.0424,273.99603,273.55765,278.32886,275.54315,0.0,0.0,0.0,0.0,0.0,0.0,0.0,0.0,0.0,0.0,0.0,0.0,0.0,0.0,0.0,0.0,0.0,0.0,0.0,0.0,2.3199124,3.4081094,1.8153247,2.9976199,1.2185695,2.0727074,1.7404441,2.0317757,0.2955226,1.8818878,1.9824207,1.7010579,1.6378199,2.5726628,2.2261393,1.7348659382239033,1.2785287054471077,1.362850607313614,2.743078453636262,2.371236816601831,2.3199124,3.4081094,1.8153247,2.9976199,1.2185695,2.0727074,1.7404441,2.0317757,0.2955226,1.8818878,1.9824207,1.7010579,1.6378199,2.5726628,2.2261393,1.7348659382239033,1.2785287054471077,1.362850607313614,2.743078453636262,2.371236816601831
2012-12-24 23:00:00,0.0,0.0,0.0,0.0,0.0,0.0,0.0,0.0,0.0,0.0,0.0,0.0,0.0,0.0,0.0,0.0,0.0,0.0,0.0,0.0,0.0,0.0,0.0,0.0,0.0,0.0,0.0,0.0,0.0,0.0,0.0,0.0,0.0,0.0,0.0,0.0,0.0,0.0,0.9903246,2.3166187,1.5207763,3.3562653,0.6020049,1.7737288,1.8814713,3.0662322,0.54150796,1.2076038,0.93561614,1.9976033,0.6819796,1.7316262,0.63810426,2.0222206,1.701436,0.12199507,0.28423294,0.3645174,0.63465804,1.9051527,1.5889078,0.8481734,0.7709911,0.34619474,0.799207,1.0078373,1.8057618,1.7014076,1.0593549,2.1377764,2.2299902,1.9529772,1.5044863,1.2327778,2.1413817,2.3756347,278.95496,278.95496,279.69196,279.69196,274.75595,274.75595,279.7292,279.7292,277.57632,277.57632,274.5467,274.5467,277.87112,277.87112,276.10245,276.10245,276.10245,271.50256,271.50256,271.50256,276.2956,276.2956,276.2956,275.17493,274.00958,270.63272,276.7094,275.56888,275.17493,274.00958,270.63272,276.7094,275.56888,275.17493,274.00958,270.63272,276.7094,275.56888,0.0,0.0,0.0,0.0,0.0,0.0,0.0,0.0,0.0,0.0,0.0,0.0,0.0,0.0,0.0,0.0,0.0,0.0,0.0,0.0,2.3175588,3.358924,1.7747177,3.068465,1.2071953,1.9999968,1.7303331,2.0210037,0.28700092,1.904621,1.80769,1.7032927,1.0624729,2.1400898,2.2316563,1.5772736095251836,1.2802723794521658,0.5218839399579848,2.3062209718499393,2.376621185006151,2.3175588,3.358924,1.7747177,3.068465,1.2071953,1.9999968,1.7303331,2.0210037,0.28700092,1.904621,1.80769,1.7032927,1.0624729,2.1400898,2.2316563,1.5772736095251836,1.2802723794521658,0.5218839399579848,2.3062209718499393,2.376621185006151
