,CH-Dav_REF_GPP_WRF,IT-Lav_REF_GPP_WRF,IT-Ren_REF_GPP_WRF,AT-Neu_REF_GPP_WRF,IT-MBo_REF_GPP_WRF,CH-Dav_ALPS_GPP_WRF,IT-Lav_ALPS_GPP_WRF,IT-Ren_ALPS_GPP_WRF,AT-Neu_ALPS_GPP_WRF,IT-MBo_ALPS_GPP_WRF,CH-Dav_SITE_GPP_WRF,IT-Lav_SITE_GPP_WRF,IT-Ren_SITE_GPP_WRF,AT-Neu_SITE_GPP_WRF,IT-MBo_SITE_GPP_WRF,CH-Dav_REF_RECO_WRF,IT-Lav_REF_RECO_WRF,IT-Ren_REF_RECO_WRF,AT-Neu_REF_RECO_WRF,IT-MBo_REF_RECO_WRF,CH-Dav_ALPS_RECO_WRF,IT-Lav_ALPS_RECO_WRF,IT-Ren_ALPS_RECO_WRF,AT-Neu_ALPS_RECO_WRF,IT-MBo_ALPS_RECO_WRF,CH-Dav_SITE_RECO_WRF,IT-Lav_SITE_RECO_WRF,IT-Ren_SITE_RECO_WRF,AT-Neu_SITE_RECO_WRF,IT-MBo_SITE_RECO_WRF,CH-Dav_REF_T2_WRF,IT-Lav_REF_T2_WRF,IT-Ren_REF_T2_WRF,AT-Neu_REF_T2_WRF,IT-MBo_REF_T2_WRF,CH-Dav_ALPS_T2_WRF,IT-Lav_ALPS_T2_WRF,IT-Ren_ALPS_T2_WRF,AT-Neu_ALPS_T2_WRF,IT-MBo_ALPS_T2_WRF,CH-Dav_SITE_T2_WRF,IT-Lav_SITE_T2_WRF,IT-Ren_SITE_T2_WRF,AT-Neu_SITE_T2_WRF,IT-MBo_SITE_T2_WRF,CH-Dav_ALPS_GPP_recalc,IT-Lav_ALPS_GPP_recalc,IT-Ren_ALPS_GPP_recalc,AT-Neu_ALPS_GPP_recalc,IT-MBo_ALPS_GPP_recalc,CH-Dav_SITE_GPP_recalc,IT-Lav_SITE_GPP_recalc,IT-Ren_SITE_GPP_recalc,AT-Neu_SITE_GPP_recalc,IT-MBo_SITE_GPP_recalc,CH-Dav_ALPS_RECO_recalc,IT-Lav_ALPS_RECO_recalc,IT-Ren_ALPS_RECO_recalc,AT-Neu_ALPS_RECO_recalc,IT-MBo_ALPS_RECO_recalc,CH-Dav_SITE_RECO_recalc,IT-Lav_SITE_RECO_recalc,IT-Ren_SITE_RECO_recalc,AT-Neu_SITE_RECO_recalc,IT-MBo_SITE_RECO_recalc,CH-Dav_ALPS_NEE_recalc,IT-Lav_ALPS_NEE_recalc,IT-Ren_ALPS_NEE_recalc,AT-Neu_ALPS_NEE_recalc,IT-MBo_ALPS_NEE_recalc,CH-Dav_SITE_NEE_recalc,IT-Lav_SITE_NEE_recalc,IT-Ren_SITE_NEE_recalc,AT-Neu_SITE_NEE_recalc,IT-MBo_SITE_NEE_recalc
2012-01-12 00:00:00,0.0,0.0,0.0,0.0,0.0,0.0,0.0,0.0,0.0,0.0,0.0,0.0,0.0,0.0,0.0,0.0,0.94074625,0.76936376,0.2574321,0.5702433,0.65214884,1.7616093,1.5971922,0.43671852,1.4712472,0.0,1.3636459,1.8319991,0.16769277,2.3503342,267.69562,273.49304,272.91498,269.78763,272.9532,267.69562,273.49304,272.91498,269.78763,272.9532,267.69562,273.49304,272.91498,269.78763,272.9532,0.0,0.0,0.0,0.0,0.0,0.0,0.0,0.0,0.0,0.0,0.66507876,1.7646083,1.6001782,0.43943658,1.4741006,0.5122719308745552,1.0860991460616634,1.2362528565784174,0.5854454242109602,2.350258708118029,0.66507876,1.7646083,1.6001782,0.43943658,1.4741006,0.5122719308745552,1.0860991460616634,1.2362528565784174,0.5854454242109602,2.350258708118029
2012-01-12 01:00:00,0.0,0.0,0.0,0.0,0.0,0.0,0.0,0.0,0.0,0.0,0.0,0.0,0.0,0.0,0.0,0.4144182,0.58458275,0.738647,0.1764642,0.5836048,1.1555082,1.413101,1.5529181,0.2201344,1.5215936,0.7383474,0.7558473,1.7891896,0.0,2.396864,270.81784,271.50827,272.72015,269.03607,273.08862,270.81784,271.50827,272.72015,269.03607,273.08862,270.81784,271.50827,272.72015,269.03607,273.08862,0.0,0.0,0.0,0.0,0.0,0.0,0.0,0.0,0.0,0.0,1.1582129,1.4160998,1.5559043,0.29962265,1.5244468,0.8913569420502709,0.8583325327034548,1.1726625764647527,0.3668973458295173,2.3967456699953877,1.1582129,1.4160998,1.5559043,0.29962265,1.5244468,0.8913569420502709,0.8583325327034548,1.1726625764647527,0.3668973458295173,2.3967456699953877
2012-01-12 02:00:00,0.0,0.0,0.0,0.0,0.0,0.0,0.0,0.0,0.0,0.0,0.0,0.0,0.0,0.0,0.0,0.4104229,0.5558977,0.8277612,0.15947632,0.6229185,1.1514983,1.3850325,1.6813639,0.17469285,1.6697283,0.7295594,0.706896,1.9133866,0.0,2.5337694,270.79297,271.34842,273.28537,268.8784,273.48712,270.79297,271.34842,273.28537,268.8784,273.48712,270.79297,271.34842,273.28537,268.8784,273.48712,0.0,0.0,0.0,0.0,0.0,0.0,0.0,0.0,0.0,0.0,1.1542032,1.3880314,1.6843501,0.29122925,1.6725817,0.8882556729377762,0.8399884897622014,1.3571480993321068,0.3210436924816911,2.5335250183943394,1.1542032,1.3880314,1.6843501,0.29122925,1.6725817,0.8882556729377762,0.8399884897622014,1.3571480993321068,0.3210436924816911,2.5335250183943394
2012-01-12 03:00:00,0.0,0.0,0.0,0.0,0.0,0.0,0.0,0.0,0.0,0.0,0.0,0.0,0.0,0.0,0.0,0.1661848,0.8196264,0.74953544,0.1720323,0.60659754,0.9063747,1.6430928,1.5686123,0.20827934,1.6082305,0.19233929,1.1569532,1.8043647,0.0,2.4769335,269.27252,272.81808,272.7892,268.99493,273.3217,269.27252,272.81808,272.7892,268.99493,273.3217,269.27252,272.81808,272.7892,268.99493,273.3217,0.0,0.0,0.0,0.0,0.0,0.0,0.0,0.0,0.0,0.0,0.90963316,1.6460917,1.5715985,0.29743293,1.6110839,0.6992249054591051,1.0086430182014683,1.195204055771962,0.3549347515363356,2.476741372531978,0.90963316,1.6460917,1.5715985,0.29743293,1.6110839,0.6992249054591051,1.0086430182014683,1.195204055771962,0.3549347515363356,2.476741372531978
2012-01-12 04:00:00,0.0,0.0,0.0,0.0,0.0,0.0,0.0,0.0,0.0,0.0,0.0,0.0,0.0,0.0,0.0,0.56461716,1.006035,0.8083708,0.18534118,0.5559546,1.3062518,1.8254946,1.6534154,0.24387978,1.4174068,1.0687214,1.4750621,1.8863626,0.0,2.3005745,271.75287,273.85687,273.16238,269.11847,272.80835,271.75287,273.85687,273.16238,269.11847,272.80835,271.75287,273.85687,273.16238,269.11847,272.80835,0.0,0.0,0.0,0.0,0.0,0.0,0.0,0.0,0.0,0.0,1.3089565,1.8284937,1.6564015,0.30400857,1.4202602,1.0079456344891995,1.1278512804537255,1.3170057389220082,0.39085803172832323,2.300545521757068,1.3089565,1.8284937,1.6564015,0.30400857,1.4202602,1.0079456344891995,1.1278512804537255,1.3170057389220082,0.39085803172832323,2.300545521757068
2012-01-12 05:00:00,0.0,0.0,0.0,0.0,0.0,0.0,0.0,0.0,0.0,0.0,0.0,0.0,0.0,0.0,0.0,0.6095264,0.9538456,0.7950429,0.18339485,0.50776833,1.3513238,1.774427,1.6342051,0.23867342,1.2358401,1.1675024,1.3860002,1.8677876,0.0,2.1327717,272.03244,273.56604,273.07785,269.1004,272.31992,272.03244,273.56604,273.07785,269.1004,272.31992,272.03244,273.56604,273.07785,269.1004,272.31992,0.0,0.0,0.0,0.0,0.0,0.0,0.0,0.0,0.0,0.0,1.3540286,1.777426,1.6371912,0.30304694,1.2386935,1.0428054214089102,1.094476188962671,1.289414091692238,0.3856044294868073,2.1328970709127413,1.3540286,1.777426,1.6371912,0.30304694,1.2386935,1.0428054214089102,1.094476188962671,1.289414091692238,0.3856044294868073,2.1328970709127413
2012-01-12 06:00:00,0.0,0.0,0.0,0.0,0.0,0.0,0.0,0.0,0.0,0.0,0.0,0.0,0.0,0.0,0.0,0.9484997,0.3789139,0.70831037,0.20062602,0.4909897,1.6915263,1.2118528,1.5091919,0.28476578,1.1726179,1.9131001,0.40487045,1.74691,0.0,2.0743418,274.14264,270.36215,272.52774,269.26035,272.14984,274.14264,270.36215,272.52774,269.26035,272.14984,274.14264,270.36215,272.52774,269.26035,272.14984,0.0,0.0,0.0,0.0,0.0,0.0,0.0,0.0,0.0,0.0,1.694231,1.2148516,1.5121782,0.3115605,1.1754713,1.305926225484585,0.7268073557844565,1.1098592061457275,0.432114783114823,2.0745212623182123,1.694231,1.2148516,1.5121782,0.3115605,1.1754713,1.305926225484585,0.7268073557844565,1.1098592061457275,0.432114783114823,2.0745212623182123
2012-01-12 07:00:00,0.0,0.0,0.0,0.0,0.0,0.0,0.0,0.0,0.0,0.0,0.0,0.0,0.0,0.0,0.0,0.0,0.8372821,0.50123197,0.21445438,0.50320715,0.733191,1.6603689,1.2107171,0.32175577,1.2186533,0.0,1.1870828,1.4583087,0.036834497,2.1168876,268.1983,272.91647,271.21432,269.3887,272.27368,268.1983,272.91647,271.21432,269.3887,272.27368,268.1983,272.91647,271.21432,269.3887,272.27368,0.0,0.0,0.0,0.0,0.0,0.0,0.0,0.0,0.0,0.0,0.7430378,1.6633679,1.2137033,0.32447383,1.2215068,0.5718687995337266,1.0199338151550004,0.6811627030862172,0.4694402071482963,2.117027817365152,0.7430378,1.6633679,1.2137033,0.32447383,1.2215068,0.5718687995337266,1.0199338151550004,0.6811627030862172,0.4694402071482963,2.117027817365152
2012-01-12 08:00:00,0.0,-0.37327102,0.0,0.0,0.0,0.0,-0.5140006,0.0,0.0,0.0,0.0,-0.39140877,0.0,0.0,0.0,0.17721476,1.0566745,0.49165708,0.2871404,0.5239087,0.91744465,1.8750459,1.1969161,0.51618636,1.2966572,0.21660055,1.5614793,1.4449643,0.2581483,2.1889787,269.3412,274.13907,271.1536,270.0634,272.48352,269.3412,274.13907,271.1536,270.0634,272.48352,269.3412,274.13907,271.1536,270.0634,272.48352,0.0,0.7684312,0.0,0.0,0.0,0.0,0.6001386452282912,0.0,0.0,0.0,0.92028207,1.8780448,1.1999023,0.5189044,1.2995107,0.7073655656389944,1.160235275313934,0.6613405449680791,0.6656338530189645,2.189052231486089,0.92028207,1.1096137,1.1999023,0.5189044,1.2995107,0.7073655656389944,0.5600966300856428,0.6613405449680791,0.6656338530189645,2.189052231486089
2012-01-12 09:00:00,-0.5400421,-1.2285849,-0.37564686,0.0,-0.03671355,-0.7134031,-1.6161562,-0.49390632,0.0,-0.044015512,-0.6611693,-1.3449731,-0.381405,0.0,-0.0359589,1.0084243,1.276872,0.9380318,0.48976237,0.7480703,1.7516683,2.0905106,1.8403037,1.0581875,2.1413023,2.044909,1.9372495,2.0670686,0.87509,2.9695964,274.5157,275.36615,273.98477,271.94415,274.7557,274.5157,275.36615,273.98477,271.94415,274.7557,274.5157,275.36615,273.98477,271.94415,274.7557,1.0245895,2.2934191,0.71778613,0.0,0.059854746,0.7511219637737521,1.9674966160559295,0.7097161696958066,0.0,0.05985474712288792,1.7543731,2.0935094,1.8432899,1.0609055,2.144156,1.352441456933831,1.3010515453835896,1.5854316268454172,1.2125498201513778,2.9689501013776463,0.72978354,-0.19990967,1.1255037,1.0609055,2.0843012,0.6013194931600789,-0.6664450706723399,0.8757154571496105,1.2125498201513778,2.909095354254758
2012-01-12 10:00:00,0.0,-1.5134583,-0.6080212,-0.005438719,-0.04681677,0.0,-1.9513345,-0.7834141,-0.0070395824,-0.055267677,0.0,-1.6905912,-0.6306555,-0.006050741,-0.04664357,0.6054623,1.3052832,0.9922192,0.6208885,0.7656618,1.3472451,2.118311,1.9184072,1.4089416,2.2075877,1.1585636,1.9857336,2.1425886,1.2743418,3.0308568,272.00714,275.52448,274.32846,273.1613,274.93402,272.00714,275.52448,274.32846,273.1613,274.93402,272.00714,275.52448,274.32846,273.1613,274.93402,0.0,2.7340999,1.1185464,0.010378267,0.07423118,0.0,2.447452241005815,1.143564350409658,0.010378266677531984,0.07423118046890506,1.3499498,2.12131,1.9213935,1.4116597,2.210441,1.039650878961968,1.3192204829130325,1.6976110965572115,1.5664846481891854,3.030154093772736,1.3499498,-0.61278987,0.802847,1.4012814,2.13621,1.039650878961968,-1.1282317580927825,0.5540467461475536,1.5561063815116534,2.955922913303831
2012-01-12 11:00:00,-0.44273224,-1.6380997,-0.66130537,-0.24058375,-0.05050486,-0.56702584,-2.0959194,-0.8456167,-0.30889103,-0.05926954,-0.55766696,-1.8443664,-0.6916034,-0.2698818,-0.050659716,0.9315772,1.318514,0.99879646,0.6712373,0.77046984,1.6745424,2.1312575,1.9278876,1.5436218,2.2257047,1.8758779,2.0083122,2.151755,1.4276437,3.0476007,274.0373,275.5982,274.37018,273.62863,274.98276,274.0373,275.5982,274.37018,273.62863,274.98276,274.0373,275.5982,274.37018,273.62863,274.98276,0.81346524,2.9217112,1.2021527,0.4484904,0.07926856,0.6361219564326087,2.658283482138339,1.247506477268906,0.44849040024938247,0.07926856262321734,1.6772473,2.1342564,1.9308739,1.5463399,2.228558,1.2927905433050364,1.3276815764117091,1.7112276242695206,1.7023861088759689,3.046882277215309,0.86378205,-0.7874547,0.728721,1.0978495,2.1492894,0.6566685868724277,-1.3306019057266298,0.4637211470006146,1.2538957086265863,2.967613714592092
2012-01-12 12:00:00,-0.67337227,-1.5892068,-0.8128905,-0.091317035,-0.054675546,-0.86261153,-2.0350218,-1.0404973,-0.117376946,-0.064204626,-0.8480004,-1.7877806,-0.8491986,-0.10231794,-0.054812044,1.0088508,1.3069425,1.0463103,0.63924414,0.7871402,1.7520963,2.1199348,1.996372,1.4580417,2.2885184,2.0458472,1.9885653,2.2179742,1.3302308,3.105653,274.51834,275.53372,274.67154,273.33167,275.15173,274.51834,275.53372,274.67154,273.33167,275.15173,274.51834,275.53372,274.67154,273.33167,275.15173,1.2223834,2.8423877,1.4684693,0.1718409,0.08557801,0.9544571558417505,2.5819433708151025,1.508989042879748,0.1718409067085772,0.08557560597370682,1.754801,2.1229336,1.9993584,1.4607598,2.2913718,1.352772512655042,1.3202816217086035,1.809591348599477,1.6160300220310497,3.10488099463643,0.53241765,-0.71945417,0.53088915,1.2889189,2.2057939,0.39831535681329155,-1.261661749106499,0.3006023057197289,1.4441891153224726,3.0193053886627235
2012-01-12 13:00:00,-0.73640275,-1.8952547,-0.58779776,-0.52881813,-0.08029465,-0.95208925,-2.4509997,-0.76011354,-0.68691534,-0.098757364,-0.919401,-2.11074,-0.60730904,-0.58620965,-0.081433475,1.046196,1.4341904,0.99050146,0.744502,0.9043225,1.7895768,2.2444477,1.9159312,1.7396002,2.730064,2.1279902,2.2057157,2.1401944,1.6507194,3.5137274,274.75082,276.24283,274.31757,274.3087,276.33954,274.75082,276.24283,274.31757,274.3087,276.33954,274.75082,276.24283,274.31757,274.3087,276.33954,1.3464831,3.377889,1.0872829,0.9848046,0.12754124,1.0311138596389746,2.999567226778492,1.1034611043621516,0.9848045596550776,0.12594658493772382,1.7922815,2.2474465,1.9189177,1.7423183,2.7329173,1.3817608170709748,1.401656608685114,1.6940550611561185,1.9001416364941144,3.512579401619429,0.44579846,-1.1304424,0.8316347,0.7575137,2.6053762,0.35064695743200014,-1.5979106180933778,0.5905939567939669,0.9153370768390368,3.386632816681705
2012-01-12 14:00:00,-1.1728317,-0.9959789,-0.73128307,-0.3622812,-0.027971068,-1.5580593,-1.3192089,-0.9694648,-0.4828753,-0.033685844,-1.4350932,-1.0829868,-0.7362507,-0.39155328,-0.027264232,1.2948116,1.2164079,1.0865827,0.7233025,0.71483815,2.0390942,2.031346,2.0544195,1.6828928,2.0160832,2.6748397,1.8340665,2.2741013,1.5861712,2.8538694,276.29852,275.0292,274.92697,274.1119,274.41885,276.29852,275.0292,274.92697,274.1119,274.41885,276.29852,275.0292,274.92697,274.1119,274.41885,2.1380992,1.8937969,1.3803529,0.7037636,0.046265062,1.5582488351308477,1.6022751352873923,1.3094630558410527,0.7037635761148034,0.04626506192515764,2.0417988,2.034345,2.0574055,1.6856108,2.0189366,1.574743471107995,1.2623847683476257,1.892963943297374,1.8429199688365216,2.853329757708813,-0.09630034,0.14054808,0.6770528,0.9818472,1.9726716,0.016494635977147398,-0.3398903669397666,0.5835008874563212,1.139156392721718,2.8070646957836556
2012-01-12 15:00:00,-0.19533536,0.0,-0.32610762,0.0,-0.023099149,-0.27273583,0.0,-0.45796892,0.0,-0.02900546,-0.22818618,0.0,-0.31066737,0.0,-0.02159792,0.92454255,0.79485154,1.0332999,0.46760938,0.7701869,1.6674823,1.6188505,1.9776194,0.9989296,2.2246382,1.8604047,1.1146744,2.199842,0.8076388,3.0466151,273.9935,272.68002,274.58902,271.73853,274.9799,273.9935,272.68002,274.58902,271.73853,274.9799,273.9935,272.68002,274.58902,271.73853,274.9799,0.40730652,0.0,0.67564446,0.0,0.040321816,0.2670043686613391,0.0,0.5734109606691914,0.0,0.0403218162974063,1.6701871,1.6218493,1.9806057,1.0016476,2.2274916,1.2873300265241407,0.9927994805408669,1.7826571196791523,1.1527545973416908,3.0458976502625212,1.2628806,1.6218493,1.3049613,1.0016476,2.1871698,1.0203256578628017,0.9927994805408669,1.209246159009961,1.1527545973416908,3.005575833965115
2012-01-12 16:00:00,0.0,0.0,0.0,0.0,0.0,0.0,0.0,0.0,0.0,0.0,0.0,0.0,0.0,0.0,0.0,0.24988517,0.44041303,0.7260648,0.5311521,0.5493852,0.9903785,1.2720301,1.5347828,1.1689024,1.3926532,0.37644467,0.50981957,1.7716541,1.0011132,2.2776978,269.79358,270.70486,272.64035,272.32834,272.74176,269.79358,270.70486,272.64035,272.32834,272.74176,269.79358,270.70486,272.64035,272.32834,272.74176,0.0,0.0,0.0,0.0,0.0,0.0,0.0,0.0,0.0,0.0,0.9930833,1.2750288,1.5377688,1.1716205,1.3955067,0.7636417331881098,0.7661360312770636,1.1466148661738327,1.3242687367365886,2.277689606746614,0.9930833,1.2750288,1.5377688,1.1716205,1.3955067,0.7636417331881098,0.7661360312770636,1.1466148661738327,1.3242687367365886,2.277689606746614
2012-01-12 17:00:00,0.0,0.0,0.0,0.0,0.0,0.0,0.0,0.0,0.0,0.0,0.0,0.0,0.0,0.0,0.0,0.22458974,0.93841887,0.6815727,0.31038165,0.92660177,0.9649913,1.7593321,1.4706533,0.5783552,2.814012,0.3208055,1.3596741,1.7096462,0.32891306,3.5913122,269.6361,273.48007,272.35815,270.2791,276.56537,269.6361,273.48007,272.35815,270.2791,276.56537,269.6361,273.48007,272.35815,270.2791,276.56537,0.0,0.0,0.0,0.0,0.0,0.0,0.0,0.0,0.0,0.0,0.96769613,1.7623308,1.4736395,0.5810733,2.8168657,0.7440067042059343,1.0846107500612752,1.0545065766670876,0.7283664784332828,3.5900925872644165,0.96769613,1.7623308,1.4736395,0.5810733,2.8168657,0.7440067042059343,1.0846107500612752,1.0545065766670876,0.7283664784332828,3.5900925872644165
2012-01-12 18:00:00,0.0,0.0,0.0,0.0,0.0,0.0,0.0,0.0,0.0,0.0,0.0,0.0,0.0,0.0,0.0,0.7779222,0.698764,0.2698794,0.6592074,0.5539705,1.5203303,1.524828,0.8772543,1.5114424,1.409931,1.5379022,0.9506995,1.1358768,1.391015,2.2936654,273.08075,272.14456,269.74695,273.51697,272.78824,273.08075,272.14456,269.74695,273.51697,272.78824,273.08075,272.14456,269.74695,273.51697,272.78824,0.0,0.0,0.0,0.0,0.0,0.0,0.0,0.0,0.0,0.0,1.523035,1.527827,0.88024056,1.5141605,1.4127842,1.1735191579528457,0.9313514894283751,0.20221354288801024,1.6699149423190314,2.2936426583327374,1.523035,1.527827,0.88024056,1.5141605,1.4127842,1.1735191579528457,0.9313514894283751,0.20221354288801024,1.6699149423190314,2.2936426583327374
2012-01-12 19:00:00,0.0,0.0,0.0,0.0,0.0,0.0,0.0,0.0,0.0,0.0,0.0,0.0,0.0,0.0,0.0,0.1393942,1.6616658,0.456658,0.87380016,0.99535096,0.87948686,2.4670339,1.1464698,2.0854645,3.0730612,0.1334113,2.5939062,1.3961867,2.0444052,3.8307242,269.10574,277.51047,270.9316,275.50885,277.26224,269.10574,277.51047,270.9316,275.50885,277.26224,269.10574,277.51047,270.9316,275.50885,277.26224,0.0,0.0,0.0,0.0,0.0,0.0,0.0,0.0,0.0,0.0,0.8837683,2.4700327,1.149456,2.0881827,3.0759144,0.679452146399952,1.5471271806006894,0.5888850785603724,2.2491423381023905,3.829283613508103,0.8837683,2.4700327,1.149456,2.0881827,3.0759144,0.679452146399952,1.5471271806006894,0.5888850785603724,2.2491423381023905,3.829283613508103
2012-01-12 20:00:00,0.0,0.0,0.0,0.0,0.0,0.0,0.0,0.0,0.0,0.0,0.0,0.0,0.0,0.0,0.0,0.37219542,1.0090963,1.3446054,0.9128128,0.9683691,1.1131324,1.8284903,2.426324,2.189821,2.9713926,0.6454753,1.4802862,2.6337032,2.1631908,3.7367628,270.555,273.87393,276.5635,275.87097,276.98874,270.555,273.87393,276.5635,275.87097,276.98874,270.555,273.87393,276.5635,275.87097,276.98874,0.0,0.0,0.0,0.0,0.0,0.0,0.0,0.0,0.0,0.0,1.1158371,1.8314891,2.4293098,2.1925392,2.9742463,0.8585824256503725,1.1298089589577653,2.4271262806055502,2.3544451154635873,3.735408860839134,1.1158371,1.8314891,2.4293098,2.1925392,2.9742463,0.8585824256503725,1.1298089589577653,2.4271262806055502,2.3544451154635873,3.735408860839134
2012-01-12 21:00:00,0.0,0.0,0.0,0.0,0.0,0.0,0.0,0.0,0.0,0.0,0.0,0.0,0.0,0.0,0.0,0.9535783,1.2068955,1.2675875,0.32298037,0.5203741,1.6966234,2.0220382,2.3153124,0.612056,1.2833389,1.9242711,1.8178337,2.526364,0.36727357,2.17667,274.17426,274.9762,276.075,270.39606,272.4477,274.17426,274.9762,276.075,270.39606,272.4477,274.17426,274.9762,276.075,270.39606,272.4477,0.0,0.0,0.0,0.0,0.0,0.0,0.0,0.0,0.0,0.0,1.6993282,2.025037,2.3182988,0.6147741,1.2861924,1.309868452233719,1.2563016063413337,2.2676824187979947,0.762372903753366,2.1767548693310603,1.6993282,2.025037,2.3182988,0.6147741,1.2861924,1.309868452233719,1.2563016063413337,2.2676824187979947,0.762372903753366,2.1767548693310603
2012-01-12 22:00:00,0.0,0.0,0.0,0.0,0.0,0.0,0.0,0.0,0.0,0.0,0.0,0.0,0.0,0.0,0.0,0.0,1.1214758,0.85276675,0.4502532,1.0930783,0.71955276,1.9384545,1.7174057,0.95250297,3.4412994,0.0,1.6720636,1.9482362,0.7547929,4.1710486,268.1137,274.50018,273.44397,271.57742,278.25284,268.1137,274.50018,273.44397,271.57742,278.25284,268.1137,274.50018,273.44397,271.57742,278.25284,0.0,0.0,0.0,0.0,0.0,0.0,0.0,0.0,0.0,0.0,0.7299184,1.9414533,1.7203921,0.95522106,3.4441528,0.5618395061921031,1.2016757220729737,1.408914810759224,1.1059070192454696,4.169294154864358,0.7299184,1.9414533,1.7203921,0.95522106,3.4441528,0.5618395061921031,1.2016757220729737,1.408914810759224,1.1059070192454696,4.169294154864358
2012-01-12 23:00:00,0.0,0.0,0.0,0.0,0.0,0.0,0.0,0.0,0.0,0.0,0.0,0.0,0.0,0.0,0.0,0.37037668,1.2290199,1.1189836,0.31073344,0.7458062,1.111307,2.0436869,2.1011207,0.5792963,2.1327715,0.6414748,1.8555893,2.319258,0.32998422,2.9617121,270.54367,275.0995,275.13248,270.28238,274.73276,270.54367,275.0995,275.13248,270.28238,274.73276,270.54367,275.0995,275.13248,270.28238,274.73276,0.0,0.0,0.0,0.0,0.0,0.0,0.0,0.0,0.0,0.0,1.1140118,2.046686,2.104107,0.58201426,2.135625,0.8571706822875066,1.270450123615611,1.9600405326277968,0.7293160315411242,2.961073085755345,1.1140118,2.046686,2.104107,0.58201426,2.135625,0.8571706822875066,1.270450123615611,1.9600405326277968,0.7293160315411242,2.961073085755345
2012-02-22 00:00:00,0.0,0.0,0.0,0.0,0.0,0.0,0.0,0.0,0.0,0.0,0.0,0.0,0.0,0.0,0.0,0.0,0.0,0.0,0.0,0.18015313,0.0,0.5817918,0.42652526,0.0,0.0013796539,0.0,0.0,0.7000577,0.0,0.9918879,263.3093,266.77393,267.76355,266.71515,268.99908,263.3093,266.77393,267.76355,266.71515,268.99908,263.3093,266.77393,267.76355,266.71515,268.99908,0.0,0.0,0.0,0.0,0.0,0.0,0.0,0.0,0.0,0.0,0.0,0.5875669,0.58079505,0.17608209,0.13317992,0.0,0.31780924864020704,0.0063689515581070565,0.17608208316326582,0.9930656760032041,0.0,0.5875669,0.58079505,0.17608209,0.13317992,0.0,0.31780924864020704,0.0063689515581070565,0.17608208316326582,0.9930656760032041
2012-02-22 01:00:00,0.0,0.0,0.0,0.0,0.0,0.0,0.0,0.0,0.0,0.0,0.0,0.0,0.0,0.0,0.0,0.0,0.0,0.0,0.0,0.11266832,0.38168234,0.5655981,0.14658114,0.0,0.0,0.0,0.0,0.4293742,0.0,0.7568797,266.01797,266.6817,266.53168,266.54465,268.31503,266.01797,266.6817,266.53168,266.54465,268.31503,266.01797,266.6817,266.53168,266.54465,268.31503,0.0,0.0,0.0,0.0,0.0,0.0,0.0,0.0,0.0,0.0,0.40490127,0.5714721,0.41740018,0.16700643,0.12139669,0.31337570328830994,0.3073247767902619,0.005406072210177854,0.1670064359371339,0.758274046782611,0.40490127,0.5714721,0.41740018,0.16700643,0.12139669,0.31337570328830994,0.3073247767902619,0.005406072210177854,0.1670064359371339,0.758274046782611
2012-02-22 02:00:00,0.0,0.0,0.0,0.0,0.0,0.0,0.0,0.0,0.0,0.0,0.0,0.0,0.0,0.0,0.0,0.0,0.25884554,0.05940892,0.0,0.20893843,0.4033843,1.0943651,0.57389027,0.0,0.10984317,0.0,0.19997196,0.84254795,0.0,1.0921296,266.1526,269.69305,268.41202,266.30875,269.29086,266.1526,269.69305,268.41202,266.30875,269.29086,266.1526,269.69305,268.41202,266.30875,269.29086,0.0,0.0,0.0,0.0,0.0,0.0,0.0,0.0,0.0,0.0,0.42577776,1.0973638,0.6668074,0.15444966,0.13820598,0.3293350153120839,0.6500236327056135,0.006875819299873584,0.15444965178499512,1.0932148068074907,0.42577776,1.0973638,0.6668074,0.15444966,0.13820598,0.3293350153120839,0.6500236327056135,0.006875819299873584,0.15444965178499512,1.0932148068074907
2012-02-22 03:00:00,0.0,0.0,0.0,0.0,0.0,0.0,0.0,0.0,0.0,0.0,0.0,0.0,0.0,0.0,0.0,0.0,0.2515456,0.16574365,0.0,0.08661974,0.22213683,1.087222,0.72715706,0.0,0.0,0.0,0.18751448,0.9907447,0.0,0.66616833,265.02835,269.65237,269.08646,266.3108,268.051,265.02835,269.65237,269.08646,266.3108,268.051,265.02835,269.65237,269.08646,266.3108,268.051,0.0,0.0,0.0,0.0,0.0,0.0,0.0,0.0,0.0,0.0,0.25142527,1.0902208,0.75628006,0.1545585,0.11684847,0.196048890704555,0.6453553224267492,0.01276704399262466,0.15455848807712882,0.6676464681068772,0.25142527,1.0902208,0.75628006,0.1545585,0.11684847,0.196048890704555,0.6453553224267492,0.01276704399262466,0.15455848807712882,0.6676464681068772
2012-02-22 04:00:00,0.0,0.0,0.0,0.0,0.0,0.0,0.0,0.0,0.0,0.0,0.0,0.0,0.0,0.0,0.0,0.0,0.0,0.0,0.0,0.1272702,0.38367978,0.81859446,0.35900465,0.0,0.0,0.0,0.0,0.63477075,0.0,0.80772907,266.03036,268.12253,267.46643,266.80508,268.46304,266.03036,268.12253,267.46643,266.80508,268.46304,266.03036,268.12253,267.46643,266.80508,268.46304,0.0,0.0,0.0,0.0,0.0,0.0,0.0,0.0,0.0,0.0,0.4068228,0.8229234,0.5413853,0.18086925,0.123946264,0.3148446401918811,0.47112470050020955,0.006136711719345755,0.18086925559487682,0.8090766076445282,0.4068228,0.8229234,0.5413853,0.18086925,0.123946264,0.3148446401918811,0.47112470050020955,0.006136711719345755,0.18086925559487682,0.8090766076445282
2012-02-22 05:00:00,0.0,0.0,0.0,0.0,0.0,0.0,0.0,0.0,0.0,0.0,0.0,0.0,0.0,0.0,0.0,0.0,0.0,0.0,0.0,0.20323314,0.597291,0.60654855,0.42811343,0.0,0.08834568,0.0,0.0,0.7015934,0.0,1.0722616,267.35535,266.91492,267.77054,266.95624,269.23303,267.35535,266.91492,267.77054,266.95624,269.23303,267.35535,266.91492,267.77054,266.95624,269.23303,0.0,0.0,0.0,0.0,0.0,0.0,0.0,0.0,0.0,0.0,0.6123078,0.61217254,0.58172196,0.18891501,0.1372098,0.4719304370942151,0.3338377926331742,0.006374414060477265,0.18891501910141542,1.073365146429484,0.6123078,0.61217254,0.58172196,0.18891501,0.1372098,0.4719304370942151,0.3338377926331742,0.006374414060477265,0.18891501910141542,1.073365146429484
2012-02-22 06:00:00,0.0,0.0,0.0,0.0,0.0,0.0,0.0,0.0,0.0,0.0,0.0,0.0,0.0,0.0,0.0,0.0,0.0,0.0,0.0,0.14698127,0.43057713,0.6217242,0.300694,0.0,0.0,0.0,0.0,0.578389,0.0,0.87637055,266.32126,267.00134,267.20984,267.14728,268.66284,266.32126,267.00134,267.20984,267.14728,268.66284,266.32126,267.00134,267.20984,267.14728,268.66284,0.0,0.0,0.0,0.0,0.0,0.0,0.0,0.0,0.0,0.0,0.45193607,0.6272555,0.50735116,0.19908391,0.12738793,0.34933209478508304,0.34366308193795403,0.005936149623587228,0.199083902515696,0.8776548274307082,0.45193607,0.6272555,0.50735116,0.19908391,0.12738793,0.34933209478508304,0.34366308193795403,0.005936149623587228,0.199083902515696,0.8776548274307082
2012-02-22 07:00:00,0.0,0.0,0.0,0.0,0.0,0.0,0.0,0.0,0.0,0.0,0.0,0.0,0.0,0.0,0.0,0.0,0.10861358,0.20630959,0.027183019,0.4641433,0.73749095,0.947362,0.7856271,0.0,1.0714602,0.0,0.0,1.0472807,0.0,1.9808521,268.22498,268.85587,269.34375,267.65042,271.87772,268.22498,268.85587,269.34375,267.65042,271.87772,268.22498,268.85587,269.34375,267.65042,271.87772,0.0,0.0,0.0,0.0,0.0,0.0,0.0,0.0,0.0,0.0,0.7471743,0.95090455,0.79041696,0.22586575,1.0743135,0.5750309937547147,0.5544939455545386,0.07241392735456828,0.22586575249193297,1.9811178736160024,0.7471743,0.95090455,0.79041696,0.22586575,1.0743135,0.5750309937547147,0.5544939455545386,0.07241392735456828,0.22586575249193297,1.9811178736160024
2012-02-22 08:00:00,0.0,0.0,0.0,0.0,0.0,0.0,0.0,0.0,0.0,0.0,0.0,0.0,0.0,0.0,0.0,0.3976036,0.59565574,0.5080258,0.26413918,0.49120045,1.1386325,1.423936,1.2205094,0.4546594,1.173412,0.7013625,0.7747438,1.4677771,0.18811432,2.0750759,270.71317,271.56998,271.25742,269.84988,272.15198,270.71317,271.56998,271.25742,269.84988,272.15198,270.71317,271.56998,271.25742,269.84988,272.15198,0.0,0.0,0.0,0.0,0.0,0.0,0.0,0.0,0.0,0.0,1.1413374,1.426935,1.2234957,0.45737752,1.1762655,0.878304975110569,0.8654137955570657,0.6952274705549664,0.6035490535567248,2.0752544951553946,1.1413374,1.426935,1.2234957,0.45737752,1.1762655,0.878304975110569,0.8654137955570657,0.6952274705549664,0.6035490535567248,2.0752544951553946
2012-02-22 09:00:00,0.0,0.0,0.0,0.0,0.0,0.0,0.0,0.0,0.0,0.0,0.0,0.0,0.0,0.0,0.0,0.5308654,0.76800656,0.6137639,0.39275014,0.5673802,1.2723776,1.5925825,1.3729163,0.7986858,1.4604586,0.9944818,1.0688632,1.6151422,0.57970804,2.3403633,271.54276,272.53043,271.92807,271.04367,272.92416,271.54276,272.53043,271.92807,271.04367,272.92416,271.54276,272.53043,271.92807,271.04367,272.92416,0.0,0.0,0.0,0.0,0.0,0.0,0.0,0.0,0.0,0.0,1.2750823,1.5955814,1.3759025,0.8014039,1.463312,0.9817465696554246,0.9756321459669791,0.9141278458334596,0.9506950205898707,2.3402972162871665,1.2750823,1.5955814,1.3759025,0.8014039,1.463312,0.9817465696554246,0.9756321459669791,0.9141278458334596,0.9506950205898707,2.3402972162871665
2012-02-22 10:00:00,0.0,-0.1591606,0.0,0.0,-0.02263831,0.0,-0.19993763,0.0,0.0,-0.02602927,0.0,-0.18270582,0.0,0.0,-0.02298532,0.53822845,0.9044547,0.6775743,0.46097463,0.6527184,1.2797674,1.7260977,1.4648902,0.9811821,1.7820148,1.0106776,1.3017137,1.7040739,0.7874375,2.6375442,271.5886,273.2908,272.3328,271.67694,273.78918,271.5886,273.2908,272.3328,271.67694,273.78918,271.5886,273.2908,272.3328,271.67694,273.78918,0.0,0.2897318,0.0,0.0,0.035576332,0.0,0.27581732967527256,0.0,0.0,0.035576331988335624,1.2824721,1.7290967,1.4678764,0.9839001,1.7848682,0.9874620373940347,1.0628906747803182,1.0462290824981564,1.134846203214361,2.637204141571918,1.2824721,1.4393649,1.4678764,0.9839001,1.7492919,0.9874620373940347,0.7870733451050456,1.0462290824981564,1.134846203214361,2.601627809583582
2012-02-22 11:00:00,0.0,-0.5317313,0.0,0.0,-0.032357745,0.0,-0.66440624,0.0,0.0,-0.037062004,0.0,-0.6139395,0.0,0.0,-0.033008207,0.7721327,0.96169317,0.80596983,0.4993922,0.67775536,1.5145198,1.782106,1.6499548,1.0839467,1.8763547,1.5251676,1.3993921,1.8830163,0.904411,2.7247329,273.0447,273.60977,273.14716,272.03354,274.04297,273.0447,273.60977,273.14716,272.03354,274.04297,273.0447,273.60977,273.14716,272.03354,274.04297,0.0,0.95267606,0.0,0.0,0.050270505,0.0,0.9166520683651984,0.0,0.0,0.05027050699390854,1.5172246,1.785105,1.6529409,1.0866648,1.8792081,1.1690251716683593,1.099494710065156,1.312035258067259,1.2385427271875271,2.7243122026291764,1.5172246,0.8324289,1.6529409,1.0866648,1.8289375,1.1690251716683593,0.18284264169995756,1.312035258067259,1.2385427271875271,2.674041695635268
2012-02-22 12:00:00,-0.11308657,-0.8973779,-0.23137964,0.0,-0.03895717,-0.14144278,-1.1213295,-0.2892825,0.0,-0.044618864,-0.14575116,-1.0360737,-0.2481747,0.0,-0.0397425,0.8200028,1.0196053,0.8615237,0.5608505,0.69619584,1.5625634,1.8387735,1.7300279,1.2483438,1.9458389,1.6304616,1.4982201,1.9604406,1.0915387,2.78895,273.3427,273.9325,273.4995,272.604,274.2299,273.3427,273.9325,273.4995,272.604,274.2299,273.3427,273.9325,273.4995,272.604,274.2299,0.20460124,1.5943822,0.4183899,0.0,0.060273092,0.16827552668634824,1.5326567034367424,0.46607422644264096,0.0,0.06027309399343589,1.5652683,1.8417723,1.7330141,1.2510619,1.9486923,1.2061833224456737,1.136529504663047,1.427043618686365,1.4044305425602608,2.788470075882629,1.3606671,0.2473902,1.3146242,1.2510619,1.8884193,1.0379077957593255,-0.3961271987736954,0.9609693922437241,1.4044305425602608,2.728196981889193
2012-02-22 13:00:00,-0.36951584,-1.0192481,-0.35834187,0.0,-0.04837793,-0.46445704,-1.2803979,-0.45047963,0.0,-0.055621836,-0.47393662,-1.1700116,-0.3819572,0.0,-0.049122218,0.8943695,1.044238,0.8950167,0.5940373,0.72699535,1.6371998,1.8628764,1.7783034,1.3371162,2.0618918,1.7940365,1.5402558,2.0071192,1.1925855,2.8962054,273.80566,274.06976,273.71194,272.91205,274.54208,273.80566,274.06976,273.71194,272.91205,274.54208,273.80566,274.06976,273.71194,272.91205,274.54208,0.6650975,1.8180488,0.64938664,0.0,0.07478431,0.540899005104032,1.7271009712835186,0.7108963998057432,0.0,0.07478431171421127,1.6399045,1.8658754,1.7812896,1.3398343,2.0647452,1.2639087855579993,1.1522819875095072,1.4963813285659429,1.4940080105093525,2.8956268176594158,0.9748071,0.047826607,1.1319029,1.3398343,1.9899609,0.7230097804539674,-0.5748189837740114,0.7854849287601997,1.4940080105093525,2.8208425059452047
2012-02-22 14:00:00,-0.41163388,-0.8905808,-0.45989695,-0.13336498,-0.047662172,-0.52360564,-1.1328132,-0.5856778,-0.17040482,-0.05530513,-0.5218819,-1.0088027,-0.48316094,-0.15035807,-0.047866598,0.9156009,1.0345063,0.93020815,0.64664817,0.73559994,1.6585082,1.8533543,1.829027,1.4778471,2.094314,1.840737,1.523649,2.056165,1.3527746,2.9261699,273.93784,274.01553,273.93515,273.4004,274.6293,273.93784,274.01553,273.93515,273.4004,274.6293,273.93784,274.01553,273.93515,273.4004,274.6293,0.7509453,1.6191523,0.8439488,0.24853723,0.074589826,0.5956880731587664,1.4975649504419766,0.89358647011046,0.24853723169106529,0.07458982598045635,1.661213,1.8563532,1.8320132,1.4805652,2.0971675,1.2803892720932324,1.146058741173767,1.5692352303127075,1.6360150089362762,2.925563666926087,0.91026765,0.23720086,0.9880645,1.232028,2.0225778,0.684701198934466,-0.3515062092682095,0.6756487602022475,1.387477777245211,2.8509738409456307
2012-02-22 15:00:00,-0.3149427,-0.28369054,-0.40739992,-0.2539358,-0.045797244,-0.41079447,-0.37044442,-0.53300166,-0.3335865,-0.05417804,-0.39002496,-0.3128263,-0.41580874,-0.27835366,-0.04499271,0.9034043,0.9374112,0.9384744,0.6824651,0.7571114,1.6462674,1.758346,1.8409417,1.5736552,2.1753695,1.8139094,1.3579545,2.0676856,1.4618298,3.001081,273.8619,273.47446,273.98758,273.73285,274.84735,273.8619,273.47446,273.98758,273.73285,274.84735,273.8619,273.47446,273.98758,273.73285,274.84735,0.59669346,0.54308766,0.7759599,0.48812252,0.07351326,0.4495975006039388,0.47554391473751007,0.7752681501323015,0.4881225372651928,0.07351326317710823,1.648972,1.7613448,1.8439279,1.5763733,2.1782231,1.2709218395142299,1.083966362145813,1.5863480281252507,1.732691939373903,3.000405790092768,1.0522786,1.2182572,1.067968,1.0882508,2.1047099,0.8213243389102911,0.6084224474083031,0.8110798779929491,1.2445694021087104,2.9268925269156596
2012-02-22 16:00:00,0.0,0.0,-0.10214511,0.0,0.0,0.0,0.0,-0.14211218,0.0,0.0,0.0,0.0,-0.09815038,0.0,0.0,0.57772565,0.49975443,0.8650794,0.50409377,0.54942137,1.3194077,1.3300959,1.7351528,1.096523,1.3927895,1.0975546,0.6110867,1.9653962,0.9187261,2.2778237,271.83447,271.03555,273.52206,272.07718,272.74213,271.83447,271.03555,273.52206,272.07718,272.74213,271.83447,271.03555,273.52206,272.07718,272.74213,0.0,0.0,0.21541956,0.0,0.0,0.0,0.0,0.1917587065387685,0.0,0.0,1.3221126,1.3330948,1.7381392,1.099241,1.3956429,1.018120841368722,0.8040848761246049,1.4344047115754632,1.2512330163857834,2.277815303804416,1.3221126,1.3330948,1.5227196,1.099241,1.3956429,1.018120841368722,0.8040848761246049,1.2426460050366948,1.2512330163857834,2.277815303804416
2012-02-22 17:00:00,0.0,0.0,0.0,0.0,0.0,0.0,0.0,0.0,0.0,0.0,0.0,0.0,0.0,0.0,0.0,0.0,1.239184,0.53558624,0.49862292,0.47411776,0.726116,2.0536325,1.2602341,1.0818889,1.1090441,0.0,1.8729342,1.5061878,0.9020685,2.015587,268.15442,275.15613,271.43222,272.0264,271.97882,268.15442,275.15613,271.43222,272.0264,271.97882,268.15442,275.15613,271.43222,272.0264,271.97882,0.0,0.0,0.0,0.0,0.0,0.0,0.0,0.0,0.0,0.0,0.73623204,2.0566316,1.2632202,1.0846069,1.1118975,0.5666660131609798,1.2769500365020114,0.7522834111080792,1.2364661344096306,2.01582073632436,0.73623204,2.0566316,1.2632202,1.0846069,1.1118975,0.5666660131609798,1.2769500365020114,0.7522834111080792,1.2364661344096306,2.01582073632436
2012-02-22 18:00:00,0.0,0.0,0.0,0.0,0.0,0.0,0.0,0.0,0.0,0.0,0.0,0.0,0.0,0.0,0.0,0.07991072,0.16001433,0.5420481,0.4771472,0.3890083,0.8197877,0.997658,1.2695479,1.0244427,0.78835005,0.0025728983,0.031314988,1.5151935,0.83667946,1.719203,268.73544,269.1423,271.4732,271.82706,271.11612,268.73544,269.1423,271.4732,271.82706,271.11612,268.73544,269.1423,271.4732,271.82706,271.11612,0.0,0.0,0.0,0.0,0.0,0.0,0.0,0.0,0.0,0.0,0.82634026,1.0008934,1.2725341,1.0271606,0.79120344,0.6355504705676069,0.5870575632857052,0.7656608776169533,1.1784990231907413,1.7197098924056915,0.82634026,1.0008934,1.2725341,1.0271606,0.79120344,0.6355504705676069,0.5870575632857052,0.7656608776169533,1.1784990231907413,1.7197098924056915
2012-02-22 19:00:00,0.0,0.0,0.0,0.0,0.0,0.0,0.0,0.0,0.0,0.0,0.0,0.0,0.0,0.0,0.0,0.0,0.16861215,0.48406926,0.5110737,0.42473328,0.7335452,1.0060711,1.1859794,1.1151938,0.9229623,0.0,0.045987368,1.4343892,0.9399786,1.8436111,268.2005,269.19022,271.10547,272.14197,271.47824,268.2005,269.19022,271.10547,272.14197,271.47824,268.2005,269.19022,271.10547,272.14197,271.47824,0.0,0.0,0.0,0.0,0.0,0.0,0.0,0.0,0.0,0.0,0.7433786,1.009255,1.1889656,1.1179119,0.92581576,0.5721293006594831,0.5925044927378608,0.6456322317257155,1.2700732149647336,1.8440033330629104,0.7433786,1.009255,1.1889656,1.1179119,0.92581576,0.5721293006594831,0.5925044927378608,0.6456322317257155,1.2700732149647336,1.8440033330629104
2012-02-22 20:00:00,0.0,0.0,0.0,0.0,0.0,0.0,0.0,0.0,0.0,0.0,0.0,0.0,0.0,0.0,0.0,0.0,0.16195847,0.44621217,0.49299425,0.45841098,0.7094176,0.9995603,1.1314137,1.0668325,1.0498605,0.0,0.0346327,1.3816286,0.8849304,1.9608899,268.05084,269.15314,270.86536,271.97415,271.8196,268.05084,269.15314,270.86536,271.97415,271.8196,268.05084,269.15314,270.86536,271.97415,271.8196,0.0,0.0,0.0,0.0,0.0,0.0,0.0,0.0,0.0,0.0,0.7201688,1.002784,1.1343999,1.0695505,1.0527139,0.5543862795385156,0.5882891938306193,0.5672600005329967,1.2212732846841652,1.9611739404446438,0.7201688,1.002784,1.1343999,1.0695505,1.0527139,0.5543862795385156,0.5882891938306193,0.5672600005329967,1.2212732846841652,1.9611739404446438
2012-02-22 21:00:00,0.0,0.0,0.0,0.0,0.0,0.0,0.0,0.0,0.0,0.0,0.0,0.0,0.0,0.0,0.0,0.86163735,0.15428615,0.47301236,0.47241604,0.48964995,1.604349,0.9920529,1.1700424,1.0117872,1.1675696,1.7220398,0.021539725,1.4189794,0.8222742,2.0696762,273.6019,269.11038,271.03534,271.78314,272.13626,273.6019,269.11038,271.03534,271.78314,272.13626,273.6019,269.11038,271.03534,271.78314,272.13626,0.0,0.0,0.0,0.0,0.0,0.0,0.0,0.0,0.0,0.0,1.6070538,0.9953225,1.1730286,1.0145053,1.170423,1.2385012102645914,0.5834285899054794,0.6227421214968304,1.1657288650394888,2.0698599964246958,1.6070538,0.9953225,1.1730286,1.0145053,1.170423,1.2385012102645914,0.5834285899054794,0.6227421214968304,1.1657288650394888,2.0698599964246958
2012-02-22 22:00:00,0.0,0.0,0.0,0.0,0.0,0.0,0.0,0.0,0.0,0.0,0.0,0.0,0.0,0.0,0.0,0.3460519,0.2333697,0.4769097,0.55094445,0.4951806,1.0868939,1.0694367,1.1756599,1.2218457,1.1884092,0.5879707,0.15649705,1.424411,1.0613768,2.088936,270.39224,269.5511,271.06006,272.51205,272.19232,270.39224,269.5511,271.06006,272.51205,272.19232,270.39224,269.5511,271.06006,272.51205,272.19232,0.0,0.0,0.0,0.0,0.0,0.0,0.0,0.0,0.0,0.0,1.0895988,1.0724356,1.1786461,1.2245638,1.1912627,0.8382890904639496,0.6337318251907776,0.6308104371127559,1.3776921919628153,2.0891021210233234,1.0895988,1.0724356,1.1786461,1.2245638,1.1912627,0.8382890904639496,0.6337318251907776,0.6308104371127559,1.3776921919628153,2.0891021210233234
2012-02-22 23:00:00,0.0,0.0,0.0,0.0,0.0,0.0,0.0,0.0,0.0,0.0,0.0,0.0,0.0,0.0,0.0,0.16013546,0.23904319,0.5374916,0.5345352,0.5125975,0.9003033,1.0749881,1.2629805,1.177952,1.2540365,0.17903334,0.16617888,1.5088432,1.011414,2.1495886,269.23486,269.5827,271.4443,272.35974,272.36887,269.23486,269.5827,271.4443,272.35974,272.36887,269.23486,269.5827,271.4443,272.35974,272.36887,0.0,0.0,0.0,0.0,0.0,0.0,0.0,0.0,0.0,0.0,0.90379286,1.0779871,1.2659665,1.18067,1.2568899,0.6947602056093348,0.6373600093234881,0.756227920964754,1.3334004203624668,2.149698577639033,0.90379286,1.0779871,1.2659665,1.18067,1.2568899,0.6947602056093348,0.6373600093234881,0.756227920964754,1.3334004203624668,2.149698577639033
2012-03-27 00:00:00,0.0,0.0,0.0,0.0,0.0,0.0,0.0,0.0,0.0,0.0,0.0,0.0,0.0,0.0,0.0,0.15952757,1.5151193,0.5272045,0.8655182,0.99262637,0.89969325,2.3236368,1.248153,2.063311,3.0627942,0.1776963,2.3438222,1.4945062,2.0191886,3.821236,269.23108,276.69382,271.37906,275.43198,277.23462,269.23108,276.69382,271.37906,275.43198,277.23462,269.23108,276.69382,271.37906,275.43198,277.23462,0.0,0.0,0.0,0.0,0.0,0.0,0.0,0.0,0.0,0.0,0.903206,2.326636,1.2511392,2.066029,3.0656478,0.6943115647816431,1.4534107641997844,0.7349315520921011,2.2267879055916153,3.819803960398817,0.903206,2.326636,1.2511392,2.066029,3.0656478,0.6943115647816431,1.4534107641997844,0.7349315520921011,2.2267879055916153,3.819803960398817
2012-03-27 01:00:00,0.0,0.0,0.0,0.0,0.0,0.0,0.0,0.0,0.0,0.0,0.0,0.0,0.0,0.0,0.0,0.11899117,1.6150842,0.5280995,0.647069,0.6053662,0.8590099,2.4214535,1.249443,1.4789728,1.6035906,0.08853333,2.5144138,1.4957535,1.354056,2.4726453,268.97873,277.2509,271.38474,273.4043,273.3092,268.97873,277.2509,271.38474,273.4043,273.3092,268.97873,277.2509,271.38474,273.4043,273.3092,0.0,0.0,0.0,0.0,0.0,0.0,0.0,0.0,0.0,0.0,0.8640703,2.4244523,1.2524291,1.4816909,1.606444,0.6643937341027524,1.5173382479435107,0.7367842764187211,1.6371509229344419,2.4724571978118695,0.8640703,2.4244523,1.2524291,1.4816909,1.606444,0.6643937341027524,1.5173382479435107,0.7367842764187211,1.6371509229344419,2.4724571978118695
2012-03-27 02:00:00,0.0,0.0,0.0,0.0,0.0,0.0,0.0,0.0,0.0,0.0,0.0,0.0,0.0,0.0,0.0,0.05020329,0.9431449,0.48508927,0.7962186,0.58733207,0.7899726,1.7639564,1.1874497,1.8779389,1.5356379,0.0,1.3677392,1.435811,1.8081858,2.4098434,268.5505,273.5064,271.11194,274.78873,273.1264,268.5505,273.5064,271.11194,274.78873,273.1264,268.5505,273.5064,271.11194,274.78873,273.1264,0.0,0.0,0.0,0.0,0.0,0.0,0.0,0.0,0.0,0.0,0.79765934,1.7669553,1.1904359,1.880657,1.5384912,0.6136249591497719,1.0876330694691219,0.6477439390227231,2.0397348176749364,2.4097134164586973,0.79765934,1.7669553,1.1904359,1.880657,1.5384912,0.6136249591497719,1.0876330694691219,0.6477439390227231,2.0397348176749364,2.4097134164586973
2012-03-27 03:00:00,0.0,0.0,0.0,0.0,0.0,0.0,0.0,0.0,0.0,0.0,0.0,0.0,0.0,0.0,0.0,0.8608726,0.869888,1.1484013,0.74922323,0.75734323,1.6035815,1.6922742,2.1435223,1.7522293,2.176243,1.7203578,1.2427254,2.3602567,1.6650946,3.0018883,273.59714,273.09818,275.31906,274.3525,274.8497,273.59714,273.09818,275.31906,274.3525,274.8497,273.59714,273.09818,275.31906,274.3525,274.8497,0.0,0.0,0.0,0.0,0.0,0.0,0.0,0.0,0.0,0.0,1.6062863,1.695273,2.1465085,1.7549473,2.1790965,1.2379075931093164,1.040785367593378,2.02094137420282,1.9128851716610353,3.001212346213668,1.6062863,1.695273,2.1465085,1.7549473,2.1790965,1.2379075931093164,1.040785367593378,2.02094137420282,1.9128851716610353,3.001212346213668
2012-03-27 04:00:00,0.0,0.0,0.0,0.0,0.0,0.0,0.0,0.0,0.0,0.0,0.0,0.0,0.0,0.0,0.0,0.06290985,1.0805787,0.85596156,0.73154163,0.75283915,0.8027252,1.8984363,1.7220107,1.7049319,2.159272,0.0,1.602272,1.9526889,1.6112577,2.9862037,268.6296,274.27228,273.46423,274.1884,274.80405,268.6296,274.27228,273.46423,274.1884,274.80405,268.6296,274.27228,273.46423,274.1884,274.80405,0.0,0.0,0.0,0.0,0.0,0.0,0.0,0.0,0.0,0.0,0.8099268,1.9014351,1.724997,1.7076501,2.1621253,0.6230029996770043,1.1755219777649784,1.4155288373875876,1.8651590350818579,2.9855421130076008,0.8099268,1.9014351,1.724997,1.7076501,2.1621253,0.6230029996770043,1.1755219777649784,1.4155288373875876,1.8651590350818579,2.9855421130076008
2012-03-27 05:00:00,0.0,0.0,0.0,0.0,0.0,0.0,0.0,0.0,0.0,0.0,0.0,0.0,0.0,0.0,0.0,0.15800299,0.8756164,0.34342837,0.6439719,0.7730018,0.89816314,1.6978792,0.9832651,1.4706883,2.2352452,0.17434281,1.2525007,1.2383808,1.344626,3.056418,269.2216,273.1301,270.21344,273.37555,275.00842,269.2216,273.1301,270.21344,273.37555,275.00842,269.2216,273.1301,270.21344,273.37555,275.00842,0.0,0.0,0.0,0.0,0.0,0.0,0.0,0.0,0.0,0.0,0.9017341,1.7008781,0.98625124,1.4734064,2.2380986,0.6931863446412229,1.0444485728084507,0.35447560770904446,1.6287913058541919,3.055691546016314,0.9017341,1.7008781,0.98625124,1.4734064,2.2380986,0.6931863446412229,1.0444485728084507,0.35447560770904446,1.6287913058541919,3.055691546016314
2012-03-27 06:00:00,0.0,-0.6488001,-0.417797,-0.16007948,-0.08219676,0.0,-0.89555734,-0.5747366,-0.22123122,-0.15853968,0.0,-0.67886037,-0.40574697,-0.16731417,-0.103879705,0.25644928,1.0956441,0.9755184,0.6761789,0.8550404,0.99696636,1.9131778,1.8943354,1.5568401,2.5443678,0.39088285,1.6279813,2.119313,1.4426897,3.342108,269.83444,274.35623,274.22253,273.6745,275.84,269.83444,274.35623,274.22253,273.6745,275.84,269.83444,274.35623,274.22253,273.6745,275.84,0.0,1.3205175,0.8561367,0.33328637,0.18884994,0.0,1.0255261903991828,0.7657507507770412,0.33328636757158225,0.1656331325479743,0.99967116,1.9161768,1.8973216,1.5595582,2.5472214,0.7687369471042207,1.1851562775227844,1.6630368700104492,1.7157242240263044,3.341118140021754,0.99967116,0.59565914,1.0411849,1.2262717,2.3583715,0.7687369471042207,0.1596300871236016,0.897286119233408,1.3824378564547222,3.17548500747378
2012-03-27 07:00:00,-0.6447597,-1.7839919,-1.4010794,-0.78926253,-0.18207492,-0.8400808,-2.3179564,-1.8354979,-1.0271617,-0.39801008,-0.79926085,-1.9770753,-1.451706,-0.8732577,-0.25787485,1.0259498,1.2354271,1.1541076,0.7870589,0.9125177,1.7692573,2.0499566,2.151747,1.8534372,2.7609434,2.0834575,1.8665234,2.3682094,1.7802962,3.5422661,274.6248,275.1352,275.35526,274.7037,276.4226,274.6248,275.1352,275.35526,274.7037,276.4226,274.6248,275.1352,275.35526,274.7037,276.4226,1.1958992,3.260197,2.5756292,1.4663002,0.44197902,0.9016047204157082,2.8729866657207856,2.5337661668877627,1.4663002074264258,0.36902598291497846,1.771962,2.0529554,2.1547334,1.8561553,2.7637968,1.3660451834088847,1.2745475902519734,2.0327549820058914,2.0150109395586124,3.541091684231004,0.57606274,-1.2072414,-0.42089573,0.3898551,2.3218179,0.46444046299317654,-1.5984390754688123,-0.5010111848818712,0.5487107321321867,3.1720657013160256
2012-03-27 08:00:00,-0.46910602,-2.6439195,-1.9624643,-1.2492745,-0.21581163,-0.5938008,-3.343654,-2.5439448,-1.6422411,-0.47211528,-0.59755504,-3.0157049,-2.1093905,-1.4438121,-0.3094823,0.92928785,1.3261205,1.2178266,0.84076786,0.9120239,1.6722448,2.1387005,2.2435894,1.9971055,2.7590828,1.8708425,2.021293,2.4570138,1.943829,3.5405467,274.02304,275.6406,275.7594,275.20224,276.4176,274.02304,275.6406,275.7594,275.20224,276.4176,274.02304,275.6406,275.7594,275.20224,276.4176,0.8479969,4.588444,3.4724429,2.2513912,0.5160757,0.6793653593343737,4.284815246533939,3.5766088385495713,2.2089795166405275,0.42978962475873483,1.6749496,2.1416996,2.2465756,1.9998236,2.7619364,1.2910134970773859,1.332546004751801,2.164666961884535,2.1599819635745,3.539373824441034,0.82695276,-2.4467447,-1.2258673,-0.25156754,2.2458606,0.6116481377430122,-2.952269241782138,-1.4119418766650362,-0.0489975530660276,3.109584199682299
2012-03-27 09:00:00,-0.7823505,-2.6598089,-2.2127085,-1.880537,-0.3236574,-0.97589386,-3.3160727,-2.8409998,-3.1135645,-0.78742445,-1.0110289,-3.080219,-2.4189274,-2.450171,-0.4991442,1.0062772,1.2911322,1.2353455,0.9017265,1.011687,1.7495133,2.1044645,2.2688403,2.1601655,3.1346157,2.0401862,1.961585,2.4814293,2.129435,3.8876126,274.50232,275.44562,275.8705,275.76807,277.42783,274.50232,275.44562,275.8705,275.76807,277.42783,274.50232,275.44562,275.8705,275.76807,277.42783,1.3682239,4.5466456,3.8397365,3.8169875,0.8317943,1.128710560565509,4.378950188014873,4.05758223174744,3.287807966204577,0.6621425665996441,1.7522181,2.1074634,2.2718265,2.1628838,3.137469,1.3507747626132511,1.310171035230673,2.2009345386222945,2.3245208810744122,3.886119633144549,0.38399422,-2.4391825,-1.5679098,-1.6541038,2.3056748,0.22206420204774213,-3.0687791527841997,-1.8566476931251454,-0.9632870851301649,3.2239770665449052
2012-03-27 10:00:00,-1.1876539,-3.157512,-2.2952404,-2.225999,-0.33462018,-1.4702982,-3.9092803,-2.926602,-3.9179664,-0.8141475,-1.5465257,-3.6866565,-2.5291593,-3.0142145,-0.5173867,1.1105767,1.3530968,1.2340945,0.93270713,1.0099198,1.8541911,2.1650972,2.2670372,2.243037,3.1279564,2.2696009,2.0673285,2.4796858,2.2237647,3.8814583,275.1516,275.79092,275.86258,276.05563,277.4099,275.1516,275.79092,275.86258,276.05563,277.4099,275.1516,275.79092,275.86258,276.05563,277.4099,2.0213957,5.297612,3.944605,4.6582403,0.8566238,1.6916389615105971,5.179170842439237,4.230647804706376,3.862842177795052,0.6817842510271516,1.8568958,2.168096,2.2700233,2.2457552,3.1308098,1.4317350100211512,1.3497973899233577,2.198344708918418,2.408143674861245,3.879970952067035,-0.16449986,-3.1295161,-1.6745816,-2.4124851,2.2741861,-0.2599039514894459,-3.829373452515879,-2.0323030957879578,-1.454698502933807,3.1981867010398837
2012-03-27 11:00:00,-1.0342438,-3.441765,-2.94688,-2.9676526,-0.34600377,-1.2763314,-4.2491484,-3.8137918,-5.775512,-0.8460789,-1.3510784,-4.0322657,-3.2840695,-4.2357416,-0.53725165,1.0621085,1.3902373,1.3552004,1.0161934,1.0166427,1.805547,2.2014394,2.4415948,2.466358,3.1532886,2.1629913,2.1307092,2.6484692,2.4779632,3.90487,274.84988,275.9979,276.6307,276.83057,277.47806,274.84988,275.9979,276.6307,276.83057,277.47806,274.84988,275.9979,276.6307,276.83057,277.47806,1.7659351,5.7214785,5.0099893,6.5736847,0.88766897,1.4884951443815324,5.6272803417982935,5.309954978022611,5.130408701219782,0.7046416212861314,1.8082519,2.2044382,2.444581,2.469076,3.156142,1.3941126201865062,1.373548687981315,2.4490601460206958,2.63348948857546,3.9033610795731506,0.042316746,-3.5170405,-2.5654085,-4.1046085,2.268473,-0.09438252419502624,-4.2537316538169785,-2.860894832001915,-2.496919212644322,3.198719458287019
2012-03-27 12:00:00,-1.3236171,-3.4039464,-2.6987529,-2.9988127,-0.37628,-1.6356769,-4.2037196,-3.4742165,-5.8599443,-0.9384457,-1.7291825,-3.9864943,-2.9978387,-4.2859936,-0.59148204,1.1434851,1.3851115,1.307215,1.020964,1.051064,1.887219,2.1964238,2.3724306,2.4791188,3.2829888,2.341986,2.121962,2.581593,2.4924886,4.0247383,275.35648,275.96933,276.32635,276.87485,277.82697,275.35648,275.96933,276.32635,276.87485,277.82697,275.35648,275.96933,276.32635,276.87485,277.82697,2.2334275,5.665081,4.606782,6.660588,0.9800213,1.880076923930447,5.56830711352046,4.910682983990286,5.186390203200148,0.7695054827585421,1.8899237,2.1994226,2.3754168,2.4818368,3.2858422,1.4572795738888533,1.370270714672225,2.3497202551100473,2.6463661386640407,4.023118951394656,-0.3435038,-3.4656584,-2.2313652,-4.178751,2.3058207,-0.4227973500415936,-4.1980363988482345,-2.560962728880239,-2.540024064536107,3.2536134686361136
2012-03-27 13:00:00,-1.3426921,-3.490888,-3.0762026,-2.613308,-0.26703465,-1.6660284,-4.3284955,-4.014254,-4.9264603,-0.6081672,-1.7477112,-4.070529,-3.417159,-3.649051,-0.39611673,1.1566575,1.4113649,1.397157,0.98149097,0.9389486,1.9004389,2.222113,2.5020692,2.373531,2.8605359,2.370959,2.1667638,2.706943,2.3723018,3.6343088,275.43848,276.11563,276.89682,276.50845,276.69052,275.43848,276.11563,276.89682,276.50845,276.69052,275.43848,276.11563,276.89682,276.50845,276.69052,2.2732074,5.8212667,5.244132,5.70164,0.6507043,1.8987875773930578,5.671227716494403,5.475713620258889,4.545133051052048,0.533100661122488,1.9031436,2.2251117,2.5050554,2.376249,2.863389,1.4675042488646488,1.3870598215566026,2.535919049935351,2.5398209553673503,3.6330495567684826,-0.3700637,-3.5961552,-2.7390764,-3.325391,2.2126846,-0.431283328528409,-4.2841678949378,-2.939794570323538,-2.0053120956846975,3.0999488956459946
2012-03-27 14:00:00,-0.8704639,-3.0350537,-3.25425,-2.9875178,-0.22351754,-1.0873694,-3.7953224,-4.3046646,-5.9727354,-0.48327294,-1.1232877,-3.5050442,-3.5895855,-4.244159,-0.319928,1.0338178,1.3613607,1.4701718,1.0471971,0.9047501,1.7771538,2.1731832,2.6073103,2.5492907,2.731675,2.1007638,2.0814307,2.8087027,2.572363,3.515216,274.67377,275.83698,277.35992,277.11835,276.34387,274.67377,275.83698,277.35992,277.11835,276.34387,274.67377,275.83698,277.35992,277.11835,276.34387,1.5187391,5.1581054,5.576065,6.78456,0.52638185,1.2486955127415909,4.934814673598577,5.666484549675967,5.237218590373843,0.4397682073423344,1.7798586,2.1761823,2.6102962,2.5520089,2.7345283,1.3721525906795033,1.3550820712517944,2.6870754566904997,2.717174402659068,3.5140668168034277,0.26111948,-2.981923,-2.9657688,-4.2325516,2.2081463,0.1234570779379125,-3.579732602346783,-2.979409092985467,-2.520044187714775,3.0742986094610933
2012-03-27 15:00:00,-0.7826842,-2.6999092,-3.0396185,-2.640782,-0.20386036,-0.9932986,-3.43282,-4.0881386,-5.275144,-0.44069746,-0.99450886,-3.062628,-3.2954671,-3.667048,-0.2895238,1.0306755,1.3523303,1.4945374,1.0386062,0.90513533,1.7740002,2.164347,2.6424298,2.5263104,2.733127,2.0938518,2.06602,2.8426607,2.5462053,3.5165582,274.6542,275.78665,277.51447,277.0386,276.34778,274.6542,275.78665,277.51447,277.0386,276.34778,274.6542,275.78665,277.51447,277.0386,276.34778,1.3971647,4.7038116,5.3145785,6.068449,0.4845403,1.111860620710868,4.34177194350964,5.206917756612206,4.72104135560518,0.4053946500303294,1.7767049,2.1673458,2.645416,2.5290284,2.7359803,1.3697134330094307,1.3493070947702885,2.737517370615249,2.69398578330589,3.51540758541999,0.3795402,-2.536466,-2.6691628,-3.5394204,2.25144,0.2578528122985626,-2.9924648487393513,-2.4694003859969564,-2.0270555722992896,3.1100129353896606
2012-03-27 16:00:00,-0.8610644,-1.9589511,-2.3698792,-1.0822047,-0.25882375,-1.1280282,-2.574656,-3.2830575,-1.6423721,-0.6380072,-1.0626235,-2.1475668,-2.4819553,-1.2576106,-0.39628583,1.1223861,1.3076655,1.4814693,0.8627697,1.050501,1.8660433,2.1206422,2.623594,2.0559587,3.2808673,2.2955763,1.9897989,2.8244479,2.01082,4.0227776,275.22513,275.53775,277.43158,275.40646,277.82126,275.22513,275.53775,277.43158,275.40646,277.82126,275.22513,275.53775,277.43158,275.40646,277.82126,1.5847377,3.6015055,4.3437996,2.1847694,0.69074255,1.1811521351742318,3.0969563682670067,3.987021266878054,2.027534486058531,0.5462479961865272,1.8687481,2.123641,2.62658,2.058677,3.2837207,1.440901828784341,1.3207438999957828,2.710463611093207,2.2193689672910963,4.021160172243897,0.28401038,-1.4778646,-1.7172197,-0.12609263,2.5929782,0.25974969361010913,-1.776212468271224,-1.2765576557848468,0.1918344812325654,3.4749121760573702
2012-03-27 17:00:00,0.0,-1.7864199,-0.89531946,-0.36380136,-0.069289856,0.0,-2.5378902,-1.3227568,-0.517798,-0.14447059,0.0,-1.8260107,-0.8705562,-0.37063447,-0.0915966,0.7219389,1.84107,1.3869807,0.8186215,0.8858519,1.4641441,2.642582,2.4874015,1.937865,2.6604662,1.4147627,2.900062,2.6927605,1.8763977,3.4494057,272.73224,278.51022,276.83228,274.99667,276.1523,272.73224,278.51022,276.83228,274.99667,276.1523,272.73224,278.51022,276.83228,274.99667,276.1523,0.0,3.4242716,1.846569,0.76479137,0.17079274,0.0,2.4872515871104346,1.4709092699681474,0.7647913488874152,0.1463549089046779,1.4668489,2.645581,2.4903877,1.9405832,2.6633196,1.1300633379961709,1.6618562464188378,2.5148517813826565,2.100204489421034,3.448316780817808,1.4668489,-0.7786905,0.64381874,1.1757919,2.492527,1.1300633379961709,-0.8253953406915968,1.0439425114145091,1.335413140533619,3.30196187191313
2012-03-27 18:00:00,0.0,0.0,0.0,0.0,0.0,0.0,0.0,0.0,0.0,0.0,0.0,0.0,0.0,0.0,0.0,1.1672218,1.3224568,1.1188247,0.7821634,0.83956546,1.9110415,2.1351156,2.1008918,1.840342,2.4860578,2.3941958,2.0150409,2.3190365,1.7653904,3.288218,275.50424,275.62018,275.13147,274.65826,275.68314,275.50424,275.62018,275.13147,274.65826,275.68314,275.50424,275.62018,275.13147,274.65826,275.68314,0.0,0.0,0.0,0.0,0.0,0.0,0.0,0.0,0.0,0.0,1.9137462,2.1381147,2.103878,1.8430601,2.4889114,1.4757045371314295,1.3302030943417784,1.959711823473074,2.001797065001827,3.2872779002629384,1.9137462,2.1381147,2.103878,1.8430601,2.4889114,1.4757045371314295,1.3302030943417784,1.959711823473074,2.001797065001827,3.2872779002629384
2012-03-27 19:00:00,0.0,0.0,0.0,0.0,0.0,0.0,0.0,0.0,0.0,0.0,0.0,0.0,0.0,0.0,0.0,0.7977468,0.90378654,0.6613402,0.7549999,0.8294585,1.5402267,1.7254441,1.441491,1.7676812,2.4479747,1.5815078,1.3005736,1.6814486,1.6826831,3.2530217,273.20416,273.28708,272.22983,274.40613,275.5807,273.20416,273.28708,272.22983,274.40613,275.5807,273.20416,273.28708,272.22983,274.40613,275.5807,0.0,0.0,0.0,0.0,0.0,0.0,0.0,0.0,0.0,0.0,1.5429316,1.7284429,1.4444772,1.7703993,2.4508283,1.1889075411318992,1.0624634175755008,1.01262106164861,1.9284773661514805,3.2521141483426383,1.5429316,1.7284429,1.4444772,1.7703993,2.4508283,1.1889075411318992,1.0624634175755008,1.01262106164861,1.9284773661514805,3.2521141483426383
2012-03-27 20:00:00,0.0,0.0,0.0,0.0,0.0,0.0,0.0,0.0,0.0,0.0,0.0,0.0,0.0,0.0,0.0,0.75447494,0.88171697,1.0937086,0.7735561,0.83855677,1.4967979,1.7038488,2.0646904,1.817318,2.4822576,1.4863281,1.2629113,2.2840326,1.739183,3.2847059,272.93478,273.1641,274.97217,274.57837,275.6729,272.93478,273.1641,274.97217,274.57837,275.6729,272.93478,273.1641,274.97217,274.57837,275.6729,0.0,0.0,0.0,0.0,0.0,0.0,0.0,0.0,0.0,0.0,1.4995028,1.7068477,2.0676765,1.8200359,2.485111,1.155318703762585,1.0483499213835856,1.9077160117259986,1.9785640740080956,3.28376885739928,1.4995028,1.7068477,2.0676765,1.8200359,2.485111,1.155318703762585,1.0483499213835856,1.9077160117259986,1.9785640740080956,3.28376885739928
2012-03-27 21:00:00,0.0,0.0,0.0,0.0,0.0,0.0,0.0,0.0,0.0,0.0,0.0,0.0,0.0,0.0,0.0,0.7044087,1.0751626,0.6312537,0.76884794,0.94631577,1.4465501,1.8931366,1.3981254,1.804724,2.8882952,1.3762035,1.5930295,1.6395177,1.7248476,3.6599646,272.6231,274.2421,272.039,274.53467,276.7652,272.6231,274.2421,272.039,274.53467,276.7652,272.6231,274.2421,272.039,274.53467,276.7652,0.0,0.0,0.0,0.0,0.0,0.0,0.0,0.0,0.0,0.0,1.449255,1.8961354,1.4011117,1.8074421,2.8911488,1.1164558062829422,1.1720583927193693,0.9503356572703601,1.965856036153618,3.6586812818054133,1.449255,1.8961354,1.4011117,1.8074421,2.8911488,1.1164558062829422,1.1720583927193693,0.9503356572703601,1.965856036153618,3.6586812818054133
2012-03-27 22:00:00,0.0,0.0,0.0,0.0,0.0,0.0,0.0,0.0,0.0,0.0,0.0,0.0,0.0,0.0,0.0,0.22915863,0.8854354,0.6498167,0.7789973,0.94513255,0.9695768,1.7074873,1.4248812,1.8318729,2.8838367,0.330855,1.2692572,1.6653883,1.7557503,3.6558437,269.66455,273.1848,272.15674,274.62888,276.7532,269.66455,273.1848,272.15674,274.62888,276.7532,269.66455,273.1848,272.15674,274.62888,276.7532,0.0,0.0,0.0,0.0,0.0,0.0,0.0,0.0,0.0,0.0,0.9722816,1.7104862,1.4278675,1.834591,2.8866904,0.7475531861848853,1.0507278528759705,0.988764745722509,1.9932510870312528,3.654564703162375,0.9722816,1.7104862,1.4278675,1.834591,2.8866904,0.7475531861848853,1.0507278528759705,0.988764745722509,1.9932510870312528,3.654564703162375
2012-03-27 23:00:00,0.0,0.0,0.0,0.0,0.0,0.0,0.0,0.0,0.0,0.0,0.0,0.0,0.0,0.0,0.0,0.18807806,0.8974833,0.6787868,0.7811048,0.82323235,0.9283473,1.7192763,1.466638,1.8375103,2.4245148,0.24049526,1.289817,1.7057637,1.7621671,3.2313402,269.4088,273.25195,272.34048,274.64844,275.51758,269.4088,273.25195,272.34048,274.64844,275.51758,269.4088,273.25195,272.34048,274.64844,275.51758,0.0,0.0,0.0,0.0,0.0,0.0,0.0,0.0,0.0,0.0,0.931052,1.7222751,1.469624,1.8402283,2.4273682,0.7156652902797246,1.0584324909956262,1.0487392251342222,1.9989395313501916,3.2304523553813094,0.931052,1.7222751,1.469624,1.8402283,2.4273682,0.7156652902797246,1.0584324909956262,1.0487392251342222,1.9989395313501916,3.2304523553813094
2012-04-27 00:00:00,0.0,0.0,0.0,0.0,0.0,0.0,0.0,0.0,0.0,0.0,0.0,0.0,0.0,0.0,0.0,0.77754474,1.8113337,0.82019746,1.3892107,1.0383227,1.5199515,2.6134849,1.6704618,3.4641554,3.2349794,1.5370718,2.8493166,1.9028451,3.6137228,3.9803686,273.0784,278.3445,273.2374,280.29297,277.6978,273.0784,278.3445,273.2374,280.29297,277.6978,273.0784,278.3445,273.2374,280.29297,277.6978,0.0,0.0,0.0,0.0,0.0,0.0,0.0,0.0,0.0,0.0,1.5226563,2.6164837,1.6734481,3.4668736,3.2378328,1.173226154613383,1.6428397986962324,1.3414895905071254,3.64033525869951,3.9787897890095762,1.5226563,2.6164837,1.6734481,3.4668736,3.2378328,1.173226154613383,1.6428397986962324,1.3414895905071254,3.64033525869951,3.9787897890095762
2012-04-27 01:00:00,0.0,0.0,0.0,0.0,0.0,0.0,0.0,0.0,0.0,0.0,0.0,0.0,0.0,0.0,0.0,0.7791135,1.8410646,0.9549443,1.355248,1.1103175,1.5215259,2.6425767,1.8646808,3.373308,3.506257,1.5405225,2.9000528,2.090639,3.5103137,4.2310824,273.08817,278.5102,274.09204,279.97772,278.42758,273.08817,278.5102,274.09204,279.97772,278.42758,273.08817,278.5102,274.09204,279.97772,278.42758,0.0,0.0,0.0,0.0,0.0,0.0,0.0,0.0,0.0,0.0,1.5242307,2.6455758,1.8676668,3.3760257,3.5091107,1.174443830829332,1.6618527443106015,1.6204441322651435,3.548663449316301,4.229272600945871,1.5242307,2.6455758,1.8676668,3.3760257,3.5091107,1.174443830829332,1.6618527443106015,1.6204441322651435,3.548663449316301,4.229272600945871
2012-04-27 02:00:00,0.0,0.0,0.0,0.0,0.0,0.0,0.0,0.0,0.0,0.0,0.0,0.0,0.0,0.0,0.0,1.2158223,1.9870086,0.80849105,1.2904198,0.998726,1.9598184,2.7853835,1.6535887,3.199896,3.085778,2.5010965,3.1491084,1.8865302,3.3129253,3.8424773,275.8068,279.3235,273.16315,279.37598,277.29645,275.8068,279.3235,273.16315,279.37598,277.29645,275.8068,279.3235,273.16315,279.37598,277.29645,0.0,0.0,0.0,0.0,0.0,0.0,0.0,0.0,0.0,0.0,1.9625231,2.7883828,1.6565748,3.202614,3.0886316,1.513429668396795,1.755183928805524,1.3172547610089196,3.3736794476301313,3.8410258136578372,1.9625231,2.7883828,1.6565748,3.202614,3.0886316,1.513429668396795,1.755183928805524,1.3172547610089196,3.3736794476301313,3.8410258136578372
2012-04-27 03:00:00,0.0,0.0,0.0,0.0,0.0,0.0,0.0,0.0,0.0,0.0,0.0,0.0,0.0,0.0,0.0,1.0277342,1.7051642,0.89632547,1.0860751,0.9932315,1.7710481,2.509597,1.7801899,2.6532865,3.0650744,2.0873823,2.6681366,2.0089433,2.690738,3.8233433,274.6359,277.75287,273.72025,277.47922,277.24075,274.6359,277.75287,273.72025,277.47922,277.24075,274.6359,277.75287,273.72025,277.47922,277.24075,0.0,0.0,0.0,0.0,0.0,0.0,0.0,0.0,0.0,0.0,1.7737529,2.5125961,1.783176,2.6560047,3.067928,1.3674302901045268,1.5749444263208834,1.4990906888715376,2.822113332567728,3.821909386117013,1.7737529,2.5125961,1.783176,2.6560047,3.067928,1.3674302901045268,1.5749444263208834,1.4990906888715376,2.822113332567728,3.821909386117013
2012-04-27 04:00:00,0.0,0.0,0.0,0.0,0.0,0.0,0.0,0.0,0.0,0.0,0.0,0.0,0.0,0.0,0.0,1.223764,1.7728187,0.9416596,0.9349198,1.043191,1.9677886,2.5757978,1.8455327,2.2489557,3.2533228,2.5185647,2.7835903,2.0721247,2.2305017,3.9973218,275.85623,278.12988,274.00778,276.07617,277.74716,275.85623,278.12988,274.00778,276.07617,277.74716,275.85623,278.12988,274.00778,276.07617,277.74716,0.0,0.0,0.0,0.0,0.0,0.0,0.0,0.0,0.0,0.0,1.9704934,2.5787966,1.848519,2.251674,3.2561765,1.519594154240036,1.6182094714709874,1.5929421329866615,2.414116097679725,3.995727467548488,1.9704934,2.5787966,1.848519,2.251674,3.2561765,1.519594154240036,1.6182094714709874,1.5929421329866615,2.414116097679725,3.995727467548488
2012-04-27 05:00:00,-1.3715618,-2.6689122,-1.7454286,-2.1710331,-0.5521231,-1.9488251,-3.7690575,-2.7881963,-5.6255546,-1.926422,-1.592746,-2.7424536,-1.8009949,-3.1483939,-1.1039083,1.7565513,1.9279191,1.5775362,1.1206524,1.216764,2.502508,2.7275643,2.762061,2.745779,3.9073486,3.6904705,3.0482714,2.9583344,2.796019,4.60177,279.17297,278.9942,278.0409,277.80017,279.50656,279.17297,278.9942,278.0409,277.80017,279.50656,279.17297,278.9942,278.0409,277.80017,279.50656,2.599864,5.0482802,3.6881177,6.415534,2.0862436,1.66060829669399,3.710541114501514,2.938595069654424,4.372247973034387,1.4403383343919853,2.5052128,2.7305634,2.7650473,2.7484972,3.9102023,1.9331588547961922,1.7173961809368479,2.909342610584033,2.9154446413076327,4.59961803225184,-0.094651245,-2.3177166,-0.92307043,-3.667037,1.8239588,0.2725505581022023,-1.9931449335646663,-0.029252459070390646,-1.4568033317267544,3.1592796978598545
2012-04-27 06:00:00,-2.9700837,-5.4457345,-3.726223,-4.968294,-1.1853786,-3.9299302,-7.325802,-5.675994,-13.419804,-4.296171,-3.6670806,-5.847928,-4.0554657,-7.914384,-2.4168193,1.7958081,2.1679845,1.5997704,1.263312,1.2394974,2.5419073,2.9624705,2.7941082,3.1273847,3.99301,3.7768192,3.457947,2.9893215,3.2303882,4.6809373,279.41736,280.332,278.18192,279.12436,279.737,279.41736,280.332,278.18192,279.12436,279.737,279.41736,280.332,278.18192,279.12436,279.737,5.040224,9.302893,7.233871,14.5144825,4.486913,3.725080720601127,7.559013778426221,6.4520328792692325,9.420874205275652,3.0633451045497333,2.544612,2.9654691,2.7970946,3.1301029,3.9958637,1.9636312021003124,1.8709180996874633,2.9553718531287148,3.3005106123576664,4.678712905874177,-2.4956121,-6.337424,-4.436776,-11.384379,-0.49104968,-1.7614495185008145,-5.688095678738757,-3.4966610261405178,-6.120363592917986,1.6153678013244441
2012-04-27 07:00:00,-2.4441845,-9.053222,-5.516174,-4.522702,-1.661423,-3.1329007,-11.622298,-8.155927,-11.672695,-6.1816635,-3.101808,-10.184838,-6.276575,-7.269408,-3.436687,1.4201269,2.4612143,1.6586056,1.1066597,1.2943103,2.1648636,3.2493975,2.8789115,2.7083492,4.199546,2.9504802,3.9583478,3.0713193,2.7534142,4.8718166,277.07864,281.96606,278.55508,277.6703,280.2926,277.07864,281.96606,278.55508,277.6703,280.2926,277.07864,281.96606,278.55508,277.6703,280.2926,4.189845,13.949401,10.070419,12.615465,6.3231435,3.303130397523419,12.488936337540277,9.695960901646053,8.379824110732086,4.251026645878041,2.1675687,3.2523963,2.8818974,2.7110674,4.2023993,1.6720167745714347,2.058438485195179,3.0771735362787607,2.8776755008686257,4.869416292070481,-2.0222766,-10.697004,-7.188522,-9.904398,-2.1207445,-1.6311136229519843,-10.430497852345098,-6.618787365367293,-5.50214860986346,0.6183896461924396
2012-04-27 08:00:00,-2.928955,-10.887045,-6.6399384,-7.494391,-2.247242,-3.6851728,-13.755324,-9.731925,-20.635515,-8.532366,-3.7880926,-12.456693,-7.715013,-12.742758,-4.706044,1.468497,2.6663353,1.734878,1.358368,1.466983,2.2134092,3.45011,2.9888475,3.3816533,4.8501797,3.0568738,4.3083897,3.177619,3.5198135,5.473131,277.37976,283.10913,279.03885,280.00668,282.04288,277.37976,283.10913,279.03885,280.00668,282.04288,277.37976,283.10913,279.03885,280.00668,282.04288,4.8529987,16.00578,11.780834,21.576975,8.652718,3.9785515002256813,14.802489537099033,11.64195650505976,13.646511067321638,5.6093534307430435,2.216114,3.4531088,2.9918334,3.3843718,4.853033,1.7095630596425826,2.189613451290556,3.2350734611474667,3.557085186693326,5.470174905083581,-2.6368847,-12.55267,-8.7890005,-18.192604,-3.7996843,-2.2689884405830987,-12.612876085808477,-8.406883043912293,-10.089425880628312,-0.13917852565946287
2012-04-27 09:00:00,-3.2887132,-12.402748,-6.344733,-8.060675,-2.5289786,-4.099014,-15.4655285,-9.1569605,-22.269909,-9.685936,-4.296575,-14.396115,-7.4252954,-13.894332,-5.321027,1.5167936,2.8208828,1.6282017,1.3768289,1.5325109,2.2618814,3.6013353,2.8350883,3.431035,5.0970893,3.1631057,4.5721273,3.028946,3.576023,5.701323,277.68042,283.97037,278.36224,280.17804,282.7071,277.68042,283.97037,278.36224,280.17804,282.7071,277.68042,283.97037,278.36224,280.17804,282.7071,5.337143,17.580889,11.19355,23.128735,9.7658615,4.463989018061907,16.705285462524888,11.40298614775685,14.557799407737637,6.248609682099705,2.2645857,3.604334,2.8380744,3.4337533,5.099943,1.7470522661411083,2.28844644782456,3.014230713591065,3.6069145390347317,5.698157943673196,-3.0725572,-13.976554,-8.355476,-19.694983,-4.6659184,-2.716936751920799,-14.416839014700328,-8.388755434165786,-10.950884868702905,-0.5504517384265091
2012-04-27 10:00:00,-3.7347121,-13.6109495,-7.981839,-8.566679,-2.7594757,-4.6352177,-16.826925,-11.629508,-23.761667,-10.612754,-4.9044333,-15.9506445,-9.452501,-14.890648,-5.8195553,1.6066661,2.9714763,1.848122,1.4084046,1.6187794,2.3520792,3.748692,3.1520727,3.5154982,5.4221516,3.3607867,4.829118,3.3354445,3.6721647,6.0017443,278.2399,284.80957,279.7571,280.47113,283.58154,278.2399,284.80957,279.7571,280.47113,283.58154,278.2399,284.80957,279.7571,280.47113,283.58154,5.943907,18.738178,13.764388,24.564247,10.685889,5.017685167516109,18.11615253203077,13.845173943445772,15.396412896643078,6.731823215220864,2.354784,3.7516909,3.155059,3.5182164,5.425005,1.8168136976004536,2.384750922212022,3.469512814649224,3.692143586209596,5.998301568196366,-3.5891225,-14.986488,-10.609329,-21.04603,-5.260885,-3.200871469915655,-15.73140160981875,-10.375661128796548,-11.704269310433482,-0.7335216470244976
2012-04-27 11:00:00,-4.880613,-14.1346445,-8.893337,-8.266506,-2.9354246,-6.049146,-17.443542,-13.004247,-22.838263,-11.31166,-6.4274783,-16.59731,-10.572282,-14.368214,-6.1971216,1.9015195,3.0770323,1.9867083,1.3689941,1.6990628,2.6480017,3.8519793,3.351826,3.4100778,5.72466,4.0093393,5.00925,3.52859,3.5521681,6.281322,280.07544,285.3978,280.6361,280.10532,284.39532,280.07544,285.3978,280.6361,280.10532,284.39532,280.07544,285.3978,280.6361,280.10532,284.39532,7.4308677,19.18284,15.123646,23.633932,11.388533,6.288013525277433,18.600505919445208,15.062441729058246,14.853484413157506,7.077619354924861,2.6507068,3.8549783,3.3548121,3.4127958,5.727514,2.0456873581025663,2.452254058464916,3.7564161414214503,3.585767015147007,6.277621380143559,-4.7801614,-15.327862,-11.768834,-20.221136,-5.661019,-4.242326167174867,-16.14825186098029,-11.306025587636796,-11.2677173980105,-0.7999979747813022
2012-04-27 12:00:00,-3.9995537,-14.584632,-9.423734,-9.05006,-3.024897,-4.9563,-17.961996,-13.812453,-25.209156,-11.667034,-5.2627015,-17.165438,-11.211444,-15.790176,-6.388816,1.6650269,3.1605518,2.081298,1.4559721,1.7411432,2.4106517,3.9337034,3.488164,3.642738,5.8832207,3.489156,5.1517777,3.660418,3.8169975,6.4278626,278.6032,285.86322,281.23605,280.91266,284.82187,278.6032,285.86322,281.23605,280.91266,284.82187,278.6032,285.86322,281.23605,280.91266,284.82187,6.297184,19.554838,15.891316,25.984232,11.744625,5.333463309134845,19.03262052507369,15.691975431526398,16.225942452634605,7.24880247133258,2.4133565,3.9367025,3.4911504,3.6454563,5.886074,1.8621150580719257,2.5056647111753123,3.952237149685006,3.8205373653147534,6.424027028219233,-3.8838274,-15.618136,-12.4001665,-22.338776,-5.858551,-3.471348251062919,-16.526955813898375,-11.739738281841392,-12.405405087319853,-0.8247754431133467
2012-04-27 13:00:00,-5.839029,-14.433938,-10.681656,-8.573492,-2.9982855,-7.2638164,-17.84124,-15.749223,-23.80034,-11.545837,-7.6646194,-16.918242,-12.681234,-14.863777,-6.3274736,2.233419,3.2005343,2.3660247,1.4209375,1.7491546,2.9811049,3.9728267,3.8985584,3.5490232,5.9134083,4.739377,5.2200084,4.0572367,3.7103248,6.455762,282.1416,286.08603,283.04196,280.58746,284.90308,282.1416,286.08603,283.04196,280.58746,284.90308,282.1416,286.08603,283.04196,280.58746,284.90308,8.542918,19.36654,17.599371,24.625269,11.642115,7.159317972595651,18.69434062709033,16.889453172633516,15.43258909937066,7.178115411024921,2.9838097,3.9758258,3.9015446,3.5517414,5.9162617,2.3033172034919462,2.531233603407861,4.541682390287487,3.7259725249674656,6.451900350786978,-5.5591087,-15.390716,-13.697825,-21.073528,-5.7258534,-4.856000769103705,-16.16310702368247,-12.347770782346029,-11.706616574403194,-0.7262150602379425
2012-04-27 14:00:00,-5.5262885,-14.261211,-9.903046,-9.39657,-2.9282951,-6.9216695,-17.74267,-14.6599245,-26.29607,-11.224247,-7.202957,-16.594543,-11.674831,-16.204214,-6.1652966,2.1989222,3.312065,2.2786667,1.5656388,1.7782922,2.9464831,4.08196,3.7726438,3.9360902,6.0231996,4.663499,5.4103374,3.9354873,4.1509104,6.5572305,281.92685,286.70755,282.48788,281.9306,285.19843,281.92685,286.70755,282.48788,281.9306,285.19843,281.92685,286.70755,282.48788,281.9306,285.19843,8.201007,19.076895,16.586233,27.16736,11.37323,6.77742221545241,18.13991863896738,15.83821791992073,16.93012883147149,6.985146350440056,2.9491878,4.0849595,3.77563,3.9388082,6.0260525,2.276539742455596,2.6025575397464573,4.360832589889037,4.116549453774225,6.553275027904841,-5.251819,-14.991936,-12.810603,-23.228552,-5.3471775,-4.500882472996814,-15.537361099220924,-11.477385330031693,-12.813579377697263,-0.43187132253521465
2012-04-27 15:00:00,-3.3245907,-13.169899,-10.116812,-8.613511,-2.7670078,-4.206834,-16.592896,-15.126102,-24.03454,-10.535848,-4.2802744,-15.114313,-11.786457,-14.62453,-5.8065133,1.6004008,3.276699,2.4978123,1.5367591,1.7821672,2.3457916,4.0473547,4.088512,3.8588383,6.037799,3.3470063,5.349985,4.2409067,4.062978,6.5707235,278.2009,286.51047,283.87784,281.66254,285.2377,278.2009,286.51047,283.87784,281.66254,285.2377,278.2009,286.51047,283.87784,281.66254,285.2377,5.443483,18.002678,16.828587,25.027563,10.744852,4.413333489375402,16.662188384852207,15.483177851257043,15.676569200284016,6.6018723634732135,2.3484962,4.0503535,4.0914984,3.8615568,6.0406528,1.8119506032130075,2.5799409247570315,4.814510988707487,4.03859735565011,6.566756037354179,-3.0949867,-13.952326,-12.737088,-21.166006,-4.7042,-2.6013828861623947,-14.082247460095175,-10.668666862549557,-11.637971844633906,-0.03511632611903437
2012-04-27 16:00:00,-2.7454388,-11.420572,-7.2833014,-7.23737,-2.3799214,-3.5464203,-14.724257,-11.032294,-20.090052,-8.948533,-3.4625053,-12.791556,-8.288109,-11.925365,-4.963661,1.5455648,3.2873778,2.1018624,1.4954746,1.730115,2.2907565,4.057804,3.5178049,3.748405,5.841666,3.2263904,5.368209,3.6890783,3.9372747,6.3894587,277.85953,286.56998,281.3665,281.27933,284.71008,277.85953,286.56998,281.3665,281.27933,284.71008,277.85953,286.56998,281.3665,281.27933,284.71008,4.66797,16.112812,12.948965,21.239498,9.230871,3.625248192107379,14.1903420972759,11.787205635576449,13.433548349400235,5.729425739003088,2.2934613,4.060803,3.520791,3.7511232,5.8445196,1.7693852089892455,2.586770035817635,3.994809965663358,3.92716241756444,6.385658001324964,-2.374509,-12.05201,-9.428174,-17.488375,-3.386351,-1.8558629831181335,-11.603572061458266,-7.79239566991309,-9.506385931835794,0.6562322623218764
2012-04-27 17:00:00,-3.0545387,-7.838214,-4.5651054,-5.1474586,-1.7804027,-4.1452904,-10.57914,-7.121464,-14.229872,-6.5234423,-3.6892042,-8.391775,-4.9777274,-8.017738,-3.6667342,2.1487381,3.1893187,1.9250534,1.5200508,1.7903318,2.8961167,3.9618523,3.262959,3.8141444,6.0685654,4.5531154,5.2008696,3.4426627,4.0121036,6.599158,281.61444,286.02353,280.24506,281.50745,285.32047,281.61444,286.02353,280.24506,281.50745,285.32047,281.61444,286.02353,280.24506,281.50745,285.32047,5.122857,11.941869,8.734238,15.451606,6.9053593,3.587913504040919,9.546573300880391,7.445389754325265,9.91739781997478,4.263704265264201,2.8988218,3.9648514,3.2659452,3.8168626,6.0714183,2.2375855192597567,2.5240612857401086,3.628777380554203,3.99349802019169,6.595163572417585,-2.2240353,-7.977018,-5.4682927,-11.634744,-0.8339408,-1.3503279847811624,-7.022512015140283,-3.8166123737710618,-5.923899799783091,2.3314593071533833
2012-04-27 18:00:00,-0.7602867,-1.1207913,-1.0576601,-0.9831823,-0.30780548,-1.123138,-1.666327,-1.7821736,-2.7037663,-1.0701038,-0.8571422,-1.1041301,-1.0784991,-1.387778,-0.61825925,2.0746949,2.7605774,2.4584541,1.5860593,1.6630276,2.8218055,3.5423265,4.0317826,3.9907131,5.5888796,4.390252,4.4692154,4.1860538,4.213086,6.1558337,281.1535,283.6343,283.6282,282.12015,284.03006,281.1535,283.6343,283.6282,282.12015,284.03006,281.1535,283.6343,283.6282,282.12015,284.03006,1.4622674,2.0704775,2.16531,3.0865436,1.1901821,0.8615809783235688,1.3553119470834194,1.514259886263456,2.03839015530518,0.7569993129576565,2.8245103,3.545325,4.0347686,3.9934313,5.591733,2.1801112018669704,2.2498812319274455,4.733030961870115,4.171667905669589,6.152249039740202,1.3622428,1.4748476,1.8694589,0.90688795,4.4015512,1.3185302235434015,0.8945692848440261,3.2187710756066594,2.1332777503644094,5.395249726782545
2012-04-27 19:00:00,0.0,0.0,0.0,0.0,0.0,0.0,0.0,0.0,0.0,0.0,0.0,0.0,0.0,0.0,0.0,1.4940573,2.514751,2.4748135,1.8421206,1.6824347,2.239062,3.301783,4.055362,4.6756616,5.6620054,3.113095,4.049709,4.2088537,4.9927397,6.223417,277.53888,282.2644,283.73196,284.49695,284.22678,277.53888,282.2644,283.73196,284.49695,284.22678,277.53888,282.2644,283.73196,284.49695,284.22678,0.0,0.0,0.0,0.0,0.0,0.0,0.0,0.0,0.0,0.0,2.241767,3.3047822,4.058348,4.6783795,5.664859,1.7294035714861993,2.0926750953123405,4.766897965690051,4.862827201912816,6.219769309289875,2.241767,3.3047822,4.058348,4.6783795,5.664859,1.7294035714861993,2.0926750953123405,4.766897965690051,4.862827201912816,6.219769309289875
2012-04-27 20:00:00,0.0,0.0,0.0,0.0,0.0,0.0,0.0,0.0,0.0,0.0,0.0,0.0,0.0,0.0,0.0,2.206452,2.986487,2.2801392,1.830975,1.6067698,2.95404,3.7633798,3.774766,4.645848,5.3768983,4.6800613,4.854733,3.9375393,4.958804,5.959922,281.97372,284.89322,282.49722,284.3935,283.4598,281.97372,284.89322,282.49722,284.3935,283.4598,281.97372,284.89322,282.49722,284.3935,283.4598,0.0,0.0,0.0,0.0,0.0,0.0,0.0,0.0,0.0,0.0,2.956745,3.7663789,3.7777522,4.6485662,5.379752,2.28238458829215,2.3943502008874655,4.363880620232832,4.832743229617647,5.956517771231791,2.956745,3.7663789,3.7777522,4.6485662,5.379752,2.28238458829215,2.3943502008874655,4.363880620232832,4.832743229617647,5.956517771231791
2012-04-27 21:00:00,0.0,0.0,0.0,0.0,0.0,0.0,0.0,0.0,0.0,0.0,0.0,0.0,0.0,0.0,0.0,1.4705952,2.4582186,2.1399937,1.6238488,1.3573725,2.215515,3.246466,3.572766,4.091798,4.437165,3.061489,3.953236,3.7422214,4.328148,5.0914235,277.39282,281.94937,281.60834,282.47092,280.93182,277.39282,281.94937,281.60834,282.47092,280.93182,277.39282,281.94937,281.60834,282.47092,280.93182,0.0,0.0,0.0,0.0,0.0,0.0,0.0,0.0,0.0,0.0,2.2182198,3.2494652,3.575752,4.0945163,4.4400187,1.7111917015814142,2.056522831989973,4.073749967214235,4.273669432973618,5.08882050646506,2.2182198,3.2494652,3.575752,4.0945163,4.4400187,1.7111917015814142,2.056522831989973,4.073749967214235,4.273669432973618,5.08882050646506
2012-04-27 22:00:00,0.0,0.0,0.0,0.0,0.0,0.0,0.0,0.0,0.0,0.0,0.0,0.0,0.0,0.0,0.0,1.8347758,2.3776455,2.108055,1.5512187,1.3218734,2.581016,3.167625,3.5267303,3.8975174,4.3034034,3.8625314,3.8157365,3.6977086,4.107004,4.9678016,279.65994,281.50037,281.40576,281.79675,280.572,279.65994,281.50037,281.40576,281.79675,280.572,279.65994,281.50037,281.40576,281.79675,280.572,0.0,0.0,0.0,0.0,0.0,0.0,0.0,0.0,0.0,0.0,2.583721,3.1706238,3.5297167,3.9002352,4.306257,1.993879040352117,2.0049963135106568,4.007629622697552,4.0776266506808305,4.965312672419109,2.583721,3.1706238,3.5297167,3.9002352,4.306257,1.993879040352117,2.0049963135106568,4.007629622697552,4.0776266506808305,4.965312672419109
2012-04-27 23:00:00,0.0,0.0,0.0,0.0,0.0,0.0,0.0,0.0,0.0,0.0,0.0,0.0,0.0,0.0,0.0,1.4674332,2.3633578,2.1542935,1.4268786,1.3484669,2.2123418,3.1536443,3.5933774,3.5649147,4.4036083,3.054534,3.7913542,3.7621508,3.728414,5.0604105,277.37314,281.42075,281.69904,280.6426,280.84155,277.37314,281.42075,281.69904,280.6426,280.84155,277.37314,281.42075,281.69904,280.6426,280.84155,0.0,0.0,0.0,0.0,0.0,0.0,0.0,0.0,0.0,0.0,2.2150464,3.1566432,3.5963633,3.5676332,4.4064617,1.7087373229586424,1.995859313122392,4.103353712906248,3.7420084358634442,5.0578361817167,2.2150464,3.1566432,3.5963633,3.5676332,4.4064617,1.7087373229586424,1.995859313122392,4.103353712906248,3.7420084358634442,5.0578361817167
2012-05-26 00:00:00,0.0,0.0,0.0,0.0,0.0,0.0,0.0,0.0,0.0,0.0,0.0,0.0,0.0,0.0,0.0,1.2536283,2.4543142,1.5961136,1.5273561,1.3591428,1.9977614,3.2426455,2.7888377,3.8336859,4.4438353,2.5842533,3.9465723,2.9842253,4.0343475,5.0975885,276.04214,281.9276,278.15872,281.57526,280.94977,276.04214,281.9276,278.15872,281.57526,280.94977,276.04214,281.9276,278.15872,281.57526,280.94977,0.0,0.0,0.0,0.0,0.0,0.0,0.0,0.0,0.0,0.0,2.000466,3.2456443,2.7918239,3.8364043,4.446689,1.5427756652011624,2.054025828817557,2.947801581686612,4.0132167772535965,5.0949796622973915,2.000466,3.2456443,2.7918239,3.8364043,4.446689,1.5427756652011624,2.054025828817557,2.947801581686612,4.0132167772535965,5.0949796622973915
2012-05-26 01:00:00,0.0,0.0,0.0,0.0,0.0,0.0,0.0,0.0,0.0,0.0,0.0,0.0,0.0,0.0,0.0,1.2308427,2.3948853,1.8782517,1.4708886,1.3367913,1.9748931,3.1844938,3.1955009,3.6826394,4.359615,2.534135,3.8451562,3.377436,3.8624158,5.019752,275.9003,281.59644,279.9482,281.05112,280.7232,275.9003,281.59644,279.9482,281.05112,280.7232,275.9003,281.59644,279.9482,281.05112,280.7232,0.0,0.0,0.0,0.0,0.0,0.0,0.0,0.0,0.0,0.0,1.977598,3.1874926,3.198487,3.6853573,4.3624682,1.5250889181645053,2.016020950238237,3.531887866978762,3.8608001919528583,5.0172150825368,1.977598,3.1874926,3.198487,3.6853573,4.3624682,1.5250889181645053,2.016020950238237,3.531887866978762,3.8608001919528583,5.0172150825368
2012-05-26 02:00:00,0.0,0.0,0.0,0.0,0.0,0.0,0.0,0.0,0.0,0.0,0.0,0.0,0.0,0.0,0.0,1.212121,2.3265846,1.846746,1.2764304,1.2999374,1.9561037,3.1176612,3.1500895,3.162475,4.2207484,2.4929554,3.7285998,3.333527,3.2703302,4.8914123,275.78375,281.21582,279.74838,279.24612,280.34964,275.78375,281.21582,279.74838,279.24612,280.34964,275.78375,281.21582,279.74838,279.24612,280.34964,0.0,0.0,0.0,0.0,0.0,0.0,0.0,0.0,0.0,0.0,1.9588084,3.12066,3.1530757,3.165193,4.223602,1.5105567135747906,1.9723426563162607,3.4666640019749595,3.3359191815192357,4.888993608823248,1.9588084,3.12066,3.1530757,3.165193,4.223602,1.5105567135747906,1.9723426563162607,3.4666640019749595,3.3359191815192357,4.888993608823248
2012-05-26 03:00:00,0.0,0.0,0.0,0.0,0.0,0.0,0.0,0.0,0.0,0.0,0.0,0.0,0.0,0.0,0.0,1.2079101,2.323594,1.77286,1.105841,1.277044,1.9518774,3.1147351,3.0435932,2.7061596,4.1344857,2.4836926,3.7234972,3.2305534,2.7509215,4.811689,275.75754,281.19916,279.27975,277.6627,280.11758,275.75754,281.19916,279.27975,277.6627,280.11758,275.75754,281.19916,279.27975,277.6627,280.11758,0.0,0.0,0.0,0.0,0.0,0.0,0.0,0.0,0.0,0.0,1.9545822,3.1177342,3.0465796,2.7088776,4.137339,1.507288013982603,1.9704305052192914,3.3137046753105732,2.8754657931690693,4.809343573195615,1.9545822,3.1177342,3.0465796,2.7088776,4.137339,1.507288013982603,1.9704305052192914,3.3137046753105732,2.8754657931690693,4.809343573195615
2012-05-26 04:00:00,-0.4529625,-1.5402637,-0.8685745,-1.9209694,-0.6351361,-0.66707754,-2.2815683,-1.5346024,-5.348427,-2.3399644,-0.5097572,-1.5223923,-0.9218049,-2.7907448,-1.3481579,1.1890954,2.3248649,1.7855865,1.3666434,1.2533288,1.9329945,3.1159785,3.0619369,3.4037895,4.0451264,2.4423087,3.7256658,3.2482905,3.5450106,4.729103,275.6404,281.20624,279.36047,280.0835,279.8772,275.6404,281.20624,279.36047,280.0835,279.8772,275.6404,281.20624,279.36047,280.0835,279.8772,0.9962923,2.9809363,1.96862,5.897052,2.5024395,0.5895955443075396,1.9762100315887348,1.468725188592953,3.8836799796839836,1.672165387558915,1.9356992,3.1189773,3.064923,3.4065077,4.04798,1.4926835098675664,1.9712429943300913,3.3400512121057866,3.579421870547879,4.726833929502971,0.939407,0.13804123,1.0963031,-2.490544,1.5455402,0.9030879655600268,-0.0049670372586434475,1.8713260235128335,-0.3042581091361045,3.0546685419440553
2012-05-26 05:00:00,-2.7056541,-5.6608086,-2.8355463,-6.8473277,-3.6250505,-3.6733682,-7.9379287,-4.8763433,-19.479876,-14.27856,-3.2702868,-5.8569417,-3.0944767,-10.957695,-7.9193993,1.41246,2.4830484,1.7962536,1.5543947,1.3287919,2.157169,3.2707622,3.0773122,3.9060125,4.329473,2.9336157,3.9956079,3.263157,4.116674,4.991895,277.0309,282.08774,279.42813,281.82623,280.64212,277.0309,282.08774,279.42813,281.82623,280.64212,277.0309,282.08774,279.42813,281.82623,280.64212,5.070066,9.896986,6.0986834,20.287008,14.521641,3.581625293744681,7.351174857621244,4.865497339684904,12.847904447322708,9.478887513604645,2.1598737,3.273761,3.0802982,3.9087307,4.3323264,1.6660653820659848,2.0724013907329364,3.3621344907730797,4.086199251635738,4.989383658988323,-2.9101925,-6.623225,-3.0183852,-16.378279,-10.189315,-1.915559911678696,-5.278773466888307,-1.503362848911824,-8.761705195686972,-4.489503854616323
2012-05-26 06:00:00,-5.7276716,-9.189705,-5.044258,-9.517692,-4.4462442,-7.475041,-12.341402,-8.4641285,-27.288054,-17.789026,-7.2077403,-9.891145,-5.681902,-16.014797,-9.780638,1.7979652,2.5386498,1.8403032,1.5964026,1.3670338,2.544072,3.3251684,3.1408033,4.018381,4.4735694,3.7815635,4.0904922,3.3245478,4.2445793,5.125068,279.4308,282.39758,279.70752,282.21616,281.02975,279.4308,282.39758,279.70752,282.21616,281.02975,279.4308,282.39758,279.70752,282.21616,281.02975,9.560395,14.978266,10.287915,27.70252,17.901918,7.359029977648874,12.183646055602907,8.753985551030702,17.276906461224343,11.575620601393055,2.5467768,3.3281672,3.1437895,4.021099,4.4764223,1.9653055068972423,2.107958295655149,3.45332637899999,4.199586541905754,5.122433994672462,-7.0136185,-11.650098,-7.1441255,-23.681421,-13.425496,-5.393724470751632,-10.075687759947758,-5.300659172030712,-13.077319919318589,-6.453186606720593
2012-05-26 07:00:00,-6.727012,-10.618848,-7.3868594,-11.818998,-6.022881,-8.583884,-14.028958,-12.125485,-34.106712,-24.85075,-8.656071,-11.612136,-8.594629,-20.480938,-13.418724,1.817579,2.562329,1.8933165,1.721545,1.4027348,2.563757,3.3483388,3.2172148,4.3531294,4.608091,3.8247054,4.130902,3.3984318,4.6256127,5.249393,279.5529,282.52954,280.04376,283.37775,281.39163,279.5529,282.52954,280.04376,283.37775,281.39163,279.5529,282.52954,280.04376,283.37775,281.39163,10.840123,16.8539,14.341007,34.038834,24.425585,8.744587694680364,14.192531103071117,12.946996814630687,20.993481443410317,15.633281845544186,2.5664618,3.351338,3.220201,4.3558474,4.6109443,1.9805302648347776,2.1231014116685083,3.5630753931435306,4.537370092782145,5.246643637291146,-8.273662,-13.502563,-11.120807,-29.682985,-19.81464,-6.764057429845586,-12.069429691402608,-9.383921421487155,-16.456111350628174,-10.38663820825304
2012-05-26 08:00:00,-7.647493,-9.350059,-12.19046,-13.789356,-6.5365386,-9.635873,-12.581258,-19.49766,-39.90477,-27.048204,-9.972071,-10.045222,-14.952229,-24.301647,-14.59112,1.8869305,2.6234722,2.1153636,1.8814589,1.4815547,2.63336,3.4081678,3.5372648,4.7808886,4.905086,3.9772499,4.2352433,3.7078948,5.1125164,5.5238748,279.98462,282.87027,281.45212,284.8621,282.19058,279.98462,282.87027,281.45212,284.8621,282.19058,279.98462,282.87027,281.45212,284.8621,282.19058,11.984849,15.130848,21.872412,39.353466,26.629187,9.92718930625083,12.247368037531386,21.230306464305993,24.098210774410983,16.781445117584372,2.6360648,3.4111667,3.540251,4.783607,4.90794,2.0343629692942415,2.162202450125762,4.022760204698281,4.969008537756969,5.52087271839733,-9.348784,-11.719681,-18.33216,-34.56986,-21.721247,-7.892826336956588,-10.085165587405623,-17.20754625960771,-19.129202236654013,-11.260572399187042
2012-05-26 09:00:00,-9.670478,-17.793507,-12.40822,-15.124231,-3.0088153,-12.103767,-22.01781,-20.02642,-43.772064,-11.660624,-12.710517,-20.846699,-15.087263,-26.897995,-6.5392094,2.205035,2.819448,2.266739,2.013887,1.4103518,2.952618,3.5999315,3.7554517,5.135125,4.636791,4.676945,4.569679,3.9188638,5.5157323,5.275918,281.9649,283.96237,282.41223,286.0913,281.46884,281.9649,283.96237,282.41223,286.0913,281.46884,281.9649,283.96237,282.41223,286.0913,281.46884,14.3766985,24.967033,22.2583,42.840137,12.079331,12.063041110695108,24.149742237318044,21.010453355796585,26.13402815996021,7.7698498285959925,2.955323,3.6029303,3.7584379,5.1378436,4.6396456,2.281284874459622,2.2875288954666733,4.336139559750915,5.326457599726601,5.273144766977877,-11.421376,-21.364103,-18.499863,-37.702293,-7.4396863,-9.781756236235486,-21.862213341851373,-16.67431379604567,-20.807570560233607,-2.4967050616181155
2012-05-26 10:00:00,-10.6514435,-18.86782,-11.201055,-15.864439,-7.0939484,-13.280349,-23.271486,-18.307163,-45.887417,-29.600296,-14.059823,-22.186623,-13.379097,-28.346912,-15.890844,2.3653033,2.954302,2.3162494,2.0962553,1.5095001,3.1134675,3.7318876,3.826815,5.355456,5.0103846,5.029467,4.79981,3.987866,5.766527,5.621191,282.96262,284.71387,282.72626,286.85587,282.47385,282.96262,284.71387,282.72626,286.85587,282.47385,282.96262,284.71387,282.72626,286.85587,282.47385,15.422964,25.952967,20.465668,44.718643,28.97664,13.033265727352866,25.25141459300622,18.649766286524752,27.2304281499093,18.15070266908161,3.116172,3.7348862,3.8298004,5.3581743,5.013238,2.4056895261096716,2.3737683107832757,4.438637050723599,5.5487861418831885,5.618099392607704,-12.306791,-22.21808,-16.635868,-39.36047,-23.963404,-10.627576201243194,-22.877646282222944,-14.211129235801153,-21.681642008026113,-12.532603276473907
2012-05-26 11:00:00,-11.21446,-17.966518,-15.91531,-16.432346,-7.256764,-13.960604,-22.280926,-25.380829,-47.447098,-30.441774,-14.828489,-20.997389,-19.802736,-29.391731,-16.287876,2.4709263,2.8884933,2.5515764,2.1955,1.4888496,3.2194734,3.6674926,4.166005,5.6209297,4.932574,5.2617927,4.687506,4.3158364,6.0687065,5.5492787,283.62015,284.34714,284.21884,287.77707,282.26453,283.62015,284.34714,284.21884,287.77707,282.26453,283.62015,284.34714,284.21884,287.77707,282.26453,15.985263,25.08953,27.155201,46.092167,29.640705,13.542762908006198,24.13745835618063,26.123819529673206,28.04338951448477,18.62881732759163,3.2221782,3.6704917,4.1689916,5.623647,4.935427,2.4876771878247785,2.331683476108774,4.925813900673354,5.816666610231841,5.546253049318655,-12.763085,-21.41904,-22.98621,-40.46852,-24.705278,-11.05508572018142,-21.805774880071855,-21.19800562899985,-22.226722904252927,-13.082564278272976
2012-05-26 12:00:00,-11.38261,-13.990877,-11.285119,-16.684582,-8.223261,-14.175861,-17.754074,-18.447556,-48.06544,-34.73503,-15.044329,-15.944535,-13.48051,-29.774298,-18.5177,2.5164728,2.5600948,2.332931,2.283849,1.6049361,3.265185,3.3461525,3.8508584,5.857257,5.3699903,5.361976,4.127089,4.0111146,6.3377104,5.953537,283.9037,282.5171,282.83206,288.59714,283.44122,283.9037,282.5171,282.83206,288.59714,283.44122,283.9037,282.5171,282.83206,288.59714,283.44122,16.141453,20.966158,20.590202,46.623882,33.78413,13.658539235745867,19.248273088726666,18.743264928133765,28.37266453977443,20.775180776082856,3.26789,3.3491516,3.8538446,5.8599753,5.3728433,2.5230316557072188,2.121672551508136,4.4731714337364545,6.0551375552217355,5.950138645548305,-12.873563,-17.617006,-16.736357,-40.76391,-28.411285,-11.135507580038649,-17.12660053721853,-14.270093494397312,-22.317526984552693,-14.82504213053455
2012-05-26 13:00:00,-11.448539,-13.609196,-16.062828,-16.532763,-7.7902207,-14.306151,-17.558474,-25.69136,-47.554085,-32.729053,-15.077468,-15.242264,-19.885067,-29.36129,-17.5036,2.5845153,2.768863,2.6626408,2.321369,1.5767801,3.3334744,3.5504339,4.3260894,5.9576206,5.2638974,5.511641,4.483355,4.470625,6.451951,5.855487,284.32727,283.68048,284.92328,288.9454,283.15582,284.32727,283.68048,284.92328,288.9454,283.15582,284.32727,283.68048,284.92328,288.9454,283.15582,16.174408,20.379173,27.294966,46.173668,31.943602,13.58288410848119,18.019530282337797,25.87565895755963,28.128616005511326,19.752115602814623,3.3361795,3.5534327,4.329076,5.960339,5.266751,2.575848361574,2.255179921688827,5.155740973960279,6.156411387620689,5.852178738500749,-12.838228,-16.82574,-22.965889,-40.21333,-26.676851,-11.00703574690719,-15.76435036064897,-20.719917983599352,-21.972204617890636,-13.899936864313874
2012-05-26 14:00:00,-11.462835,-17.566933,-15.729767,-16.066742,-7.995859,-14.394156,-22.01414,-25.274786,-46.141953,-33.547268,-15.01872,-20.293987,-19.316269,-28.294424,-17.95847,2.6712942,3.0147338,2.7463326,2.3387117,1.6335168,3.420568,3.7910197,4.446719,6.004012,5.477682,5.7025185,4.902937,4.5872645,6.504757,6.053066,284.8675,285.05063,285.4541,289.10638,283.73093,284.8675,285.05063,285.4541,289.10638,283.73093,284.8675,285.05063,285.4541,289.10638,283.73093,16.133001,24.54334,26.7732,44.94098,32.844265,13.401124015560342,23.05751125285485,24.93709083614072,27.433129833993615,20.1097299733419,3.423273,3.7940185,4.4497056,6.0067306,5.4805355,2.6432086877450214,2.412414075169823,5.329000581149673,6.203223468404467,6.049575493025044,-12.709727,-20.749321,-22.323494,-38.934246,-27.36373,-10.75791532781532,-20.645097177685027,-19.608090254991048,-21.229906365589148,-14.060154480316855
2012-05-26 15:00:00,-10.706202,-13.722903,-11.327446,-15.009396,-6.6707926,-13.587313,-17.81202,-18.667635,-43.103733,-27.457655,-13.874199,-15.275097,-13.400675,-26.101349,-14.866967,2.6471856,2.9245715,2.5438588,2.2699022,1.5731583,3.3963718,3.702795,4.1548815,5.81995,5.2502503,5.6494884,4.749074,4.3050804,6.295245,5.8428736,284.7174,284.5482,284.1699,288.46768,283.1191,284.7174,284.5482,284.1699,288.46768,283.1191,284.7174,284.5482,284.1699,288.46768,283.1191,15.343171,20.361797,20.562181,42.292942,27.254887,12.467804999818636,17.749017732151543,18.145744160234656,25.903547827044953,16.897905785539024,3.3990765,3.7057943,4.1578674,5.8226686,5.2531037,2.6244945264011577,2.3547553651689075,4.909836643577126,6.017492655376278,5.83957760845603,-11.944095,-16.656004,-16.404314,-36.470272,-22.001783,-9.843310473417478,-15.394262366982636,-13.23590751665753,-19.886055171668673,-11.058328177082995
2012-05-26 16:00:00,-9.351001,-14.515833,-12.551139,-13.298374,-5.34595,-12.052183,-18.52129,-20.481987,-38.152237,-21.51303,-11.930628,-16.447327,-15.059439,-22.634268,-11.807093,2.526537,2.7466347,2.5238042,2.1823523,1.5487444,3.275286,3.528683,4.1259756,5.5857596,5.1582584,5.384113,4.445422,4.2771306,6.028674,5.7578554,283.96634,283.5566,284.0427,287.65503,282.87164,283.96634,283.5566,284.0427,287.65503,282.87164,283.96634,283.5566,284.0427,287.65503,282.87164,13.908795,21.449903,22.411324,37.88557,21.737177,10.953830870747028,19.428469210498523,20.310115772942048,23.34158781782536,13.56758705282913,3.2779906,3.531682,4.128962,5.5884776,5.1611123,2.5308438096801655,2.2409648643580624,4.868319681247278,5.781178172117276,5.754637821645868,-10.630805,-17.91822,-18.282362,-32.297092,-16.576065,-8.422987061066863,-17.18750434614046,-15.44179609169477,-17.560409645708084,-7.812949231183262
2012-05-26 17:00:00,-7.4120812,-9.268187,-9.629005,-9.622606,-4.5088043,-9.83171,-12.565971,-15.980391,-27.581816,-17.893469,-9.198148,-9.886547,-11.266864,-15.792234,-9.902114,2.436513,2.7908726,2.3679345,1.8585267,1.5237194,3.184935,3.57197,3.9013114,4.7195463,5.063964,5.1860976,4.5209146,4.0598984,5.042692,5.670709,283.4059,283.80313,283.05408,284.64923,282.61798,283.4059,283.80313,283.05408,284.64923,282.61798,283.4059,283.80313,283.05408,284.64923,282.61798,11.62464,14.873146,18.008444,28.119478,18.270996,8.630756137644012,11.828942980502251,15.738486196112191,17.55050770839553,11.473063597343707,3.18764,3.574969,3.9042978,4.722265,5.0668178,2.4609644158374,2.2692548946901443,4.545636861027638,4.9071100991850525,5.667571659607876,-8.437,-11.298177,-14.104146,-23.397213,-13.204178,-6.169791721806611,-9.559688085812107,-11.192849335084553,-12.643397609210476,-5.805491937735831
2012-05-26 18:00:00,-3.184381,-2.8709514,-4.595478,-5.0074263,-1.9835132,-4.4660926,-4.1868405,-7.8997803,-14.2206135,-7.531081,-3.7574625,-2.8735862,-5.1182356,-7.653175,-4.2773037,1.8650223,2.5585065,2.1159604,1.7265687,1.4445984,2.6113722,3.3445985,3.5381248,4.3665676,4.765834,3.9290617,4.1243787,3.708726,4.6409082,5.3951783,279.84824,282.50824,281.4559,283.42438,281.81598,279.84824,282.50824,281.4559,283.42438,281.81598,279.84824,282.50824,281.4559,283.42438,281.81598,5.8523517,5.275949,9.437087,15.078037,7.948596,3.8835483546231355,3.606198019855728,7.596181384970901,9.631939994878636,5.090633003311514,2.6140773,3.3475976,3.541111,4.3692856,4.7686877,2.0173573598908807,2.1206569401196362,4.023995354249362,4.550930066135247,5.392295103020003,-3.238274,-1.9283516,-5.8959765,-10.708753,-3.1799085,-1.8661909947322548,-1.485541079736092,-3.5721860307215394,-5.081009928743389,0.3016620997084889
2012-05-26 19:00:00,0.0,0.0,0.0,0.0,0.0,0.0,0.0,0.0,0.0,0.0,0.0,0.0,0.0,0.0,0.0,1.7968227,2.3942883,1.9240284,1.9446431,1.2993773,2.5429256,3.18391,3.2614818,4.949903,4.218638,3.7790513,3.8441374,3.4412344,5.3048997,4.8894625,279.42368,281.5931,280.23856,285.44858,280.34396,279.42368,281.5931,280.23856,285.44858,280.34396,279.42368,281.5931,280.23856,285.44858,280.34396,0.0,0.0,0.0,0.0,0.0,0.0,0.0,0.0,0.0,0.0,2.5456305,3.1869087,3.264468,4.952621,4.221492,1.9644188864025043,2.0156392204404905,3.6266557123737195,5.139555375387804,4.887045304427306,2.5456305,3.1869087,3.264468,4.952621,4.221492,1.9644188864025043,2.0156392204404905,3.6266557123737195,5.139555375387804,4.887045304427306
2012-05-26 20:00:00,0.0,0.0,0.0,0.0,0.0,0.0,0.0,0.0,0.0,0.0,0.0,0.0,0.0,0.0,0.0,1.8981125,2.3508444,1.8982341,1.6589558,1.2194222,2.6445823,3.1413996,3.2243023,4.185707,3.917366,4.0018454,3.77,3.4052846,4.4350405,4.6110277,280.05423,281.351,280.07495,282.79678,279.5335,280.05423,281.351,280.07495,282.79678,279.5335,280.05423,281.351,280.07495,282.79678,279.5335,0.0,0.0,0.0,0.0,0.0,0.0,0.0,0.0,0.0,0.0,2.6472874,3.1443987,3.2272887,4.188425,3.9202194,2.043042717571052,1.9878569958026584,3.5732554160564645,4.36842950853934,4.608867240755154,2.6472874,3.1443987,3.2272887,4.188425,3.9202194,2.043042717571052,1.9878569958026584,3.5732554160564645,4.36842950853934,4.608867240755154
2012-05-26 21:00:00,0.0,0.0,0.0,0.0,0.0,0.0,0.0,0.0,0.0,0.0,0.0,0.0,0.0,0.0,0.0,1.9162507,2.3912764,1.8751146,1.4044561,1.2290926,2.6627862,3.1809626,3.1909792,3.504936,3.9538043,4.0417414,3.8389974,3.373064,3.6601422,4.644703,280.16714,281.57632,279.9283,280.43448,279.63153,280.16714,281.57632,279.9283,280.43448,279.63153,280.16714,281.57632,279.9283,280.43448,279.63153,0.0,0.0,0.0,0.0,0.0,0.0,0.0,0.0,0.0,0.0,2.6654913,3.1839614,3.1939654,3.5076542,3.9566574,2.057122098817961,2.0137130609105762,3.5253933709521155,3.6814855181486825,4.642512153227004,2.6654913,3.1839614,3.1939654,3.5076542,3.9566574,2.057122098817961,2.0137130609105762,3.5253933709521155,3.6814855181486825,4.642512153227004
2012-05-26 22:00:00,0.0,0.0,0.0,0.0,0.0,0.0,0.0,0.0,0.0,0.0,0.0,0.0,0.0,0.0,0.0,1.8017153,2.2539682,1.8908914,1.4035782,1.3176131,2.5478358,3.0466058,3.2137194,3.5025878,4.287351,3.7898128,3.6046793,3.3950522,3.6574693,4.952966,279.45413,280.81116,280.02838,280.42633,280.5288,279.45413,280.81116,280.02838,280.42633,280.5288,279.45413,280.81116,280.02838,280.42633,280.5288,0.0,0.0,0.0,0.0,0.0,0.0,0.0,0.0,0.0,0.0,2.5505407,3.0496047,3.2167056,3.505306,4.2902045,1.9682165141009949,1.925904701104153,3.5580551078713993,3.6791160725431338,4.9504908943532095,2.5505407,3.0496047,3.2167056,3.505306,4.2902045,1.9682165141009949,1.925904701104153,3.5580551078713993,3.6791160725431338,4.9504908943532095
2012-05-26 23:00:00,0.0,0.0,0.0,0.0,0.0,0.0,0.0,0.0,0.0,0.0,0.0,0.0,0.0,0.0,0.0,1.4540992,2.2200317,1.544,1.5552332,1.2782754,2.1989594,3.0133984,2.7137232,3.908255,4.1391253,3.025205,3.5467656,2.9115953,4.119227,4.8159766,277.29013,280.62204,277.8282,281.834,280.13007,277.29013,280.62204,277.8282,281.834,280.13007,277.29013,280.62204,277.8282,281.834,280.13007,0.0,0.0,0.0,0.0,0.0,0.0,0.0,0.0,0.0,0.0,2.2016642,3.0163975,2.7167094,3.9109735,4.141979,1.6983870751230774,1.904202136364377,2.8399152527531677,4.0884622053039585,4.813627747915723,2.2016642,3.0163975,2.7167094,3.9109735,4.141979,1.6983870751230774,1.904202136364377,2.8399152527531677,4.0884622053039585,4.813627747915723
2012-06-28 00:00:00,0.0,0.0,0.0,0.0,0.0,0.0,0.0,0.0,0.0,0.0,0.0,0.0,0.0,0.0,0.0,2.3638425,3.281737,2.4882662,1.8680053,1.8272974,3.1120012,4.0522847,4.074753,4.744901,6.207851,5.0262537,5.3585825,4.2276025,5.071553,6.7278852,282.95352,286.53854,283.8173,284.7372,285.69516,282.95352,286.53854,283.8173,284.7372,285.69516,282.95352,286.53854,283.8173,284.7372,285.69516,0.0,0.0,0.0,0.0,0.0,0.0,0.0,0.0,0.0,0.0,3.114706,4.0552835,4.077739,4.747619,6.210705,2.404555565133569,2.5831628643343416,4.794748595890208,4.932694787128112,6.723772612059363,3.114706,4.0552835,4.077739,4.747619,6.210705,2.404555565133569,2.5831628643343416,4.794748595890208,4.932694787128112,6.723772612059363
2012-06-28 01:00:00,0.0,0.0,0.0,0.0,0.0,0.0,0.0,0.0,0.0,0.0,0.0,0.0,0.0,0.0,0.0,2.2584498,3.0665452,2.6448672,1.8818959,1.7644401,3.006226,3.8417175,4.3004713,4.7820582,5.9710035,4.794434,4.991354,4.445854,5.1138477,6.5089912,282.29742,285.33936,284.81055,284.86615,285.058,282.29742,285.33936,284.81055,284.86615,285.058,282.29742,285.33936,284.81055,284.86615,285.058,0.0,0.0,0.0,0.0,0.0,0.0,0.0,0.0,0.0,0.0,3.0089312,3.8447165,4.3034573,4.7847767,5.973857,2.3227467496126804,2.4455475211925792,5.118945470398268,4.970188823395688,6.505080680992329,3.0089312,3.8447165,4.3034573,4.7847767,5.973857,2.3227467496126804,2.4455475211925792,5.118945470398268,4.970188823395688,6.505080680992329
2012-06-28 02:00:00,0.0,0.0,0.0,0.0,0.0,0.0,0.0,0.0,0.0,0.0,0.0,0.0,0.0,0.0,0.0,2.2401888,3.092081,2.3464177,2.0878158,1.7613571,2.9878993,3.8667045,3.870298,5.3328805,5.959387,4.7542686,5.0349317,4.029911,5.74083,6.4982553,282.18375,285.48166,282.9176,286.77753,285.02676,282.18375,285.48166,282.9176,286.77753,285.02676,282.18375,285.48166,282.9176,286.77753,285.02676,0.0,0.0,0.0,0.0,0.0,0.0,0.0,0.0,0.0,0.0,2.9906042,3.8697038,3.8732839,5.3355985,5.96224,2.3085722374114006,2.4618778518980133,4.501091790120948,5.526005741623102,6.494354532059835,2.9906042,3.8697038,3.8732839,5.3355985,5.96224,2.3085722374114006,2.4618778518980133,4.501091790120948,5.526005741623102,6.494354532059835
2012-06-28 03:00:00,0.0,0.0,0.0,0.0,0.0,0.0,0.0,0.0,0.0,0.0,0.0,0.0,0.0,0.0,0.0,2.288368,3.0118148,2.3461723,1.9589517,1.7293351,3.0362532,3.7881634,3.8699439,4.9881773,5.838728,4.8602414,4.8979554,4.0295687,5.348466,6.3867426,282.48367,285.03436,282.91605,285.5814,284.70218,282.48367,285.03436,282.91605,285.5814,284.70218,282.48367,285.03436,282.91605,285.5814,284.70218,0.0,0.0,0.0,0.0,0.0,0.0,0.0,0.0,0.0,0.0,3.0389578,3.7911625,3.87293,4.990895,5.8415813,2.34597011819373,2.4105474514799243,4.5005837850636485,5.1781764513254345,6.38294503982739,3.0389578,3.7911625,3.87293,4.990895,5.8415813,2.34597011819373,2.4105474514799243,4.5005837850636485,5.1781764513254345,6.38294503982739
2012-06-28 04:00:00,-2.1460326,-4.1881638,-3.7888167,-2.289674,-2.5745196,-3.1893618,-6.10314,-6.843107,-6.016306,-10.011362,-2.4232795,-4.1970453,-4.2270947,-3.1894927,-5.693271,2.3767695,3.225046,2.579305,1.8964117,1.8107927,3.1249752,3.9968119,4.2059727,4.820886,6.1456614,5.054688,5.261838,4.3544817,5.1580443,6.6704097,283.034,286.22263,284.3947,285.0009,285.52786,283.034,286.22263,284.3947,285.0009,285.52786,283.034,286.22263,284.3947,285.0009,285.52786,3.9359457,7.029979,7.8569427,6.6152577,10.398104,2.323681897046563,4.790692439407154,5.940660607665599,4.470134790611429,6.19646681069771,3.12768,3.999811,4.2089586,4.8236046,6.1485147,2.4145899782006226,2.5469090398731247,4.983218472148143,5.0093689820042915,6.666350006153171,-0.8082657,-3.030168,-3.6479836,-1.7916533,-4.249589,0.09090808115405968,-2.2437833995340295,-0.9574421355174563,0.5392341913928629,0.469883195455461
2012-06-28 05:00:00,-8.800329,-13.595546,-11.018237,-7.5127974,-7.9840717,-12.014675,-18.291416,-19.041271,-19.703884,-32.773827,-10.655709,-14.618139,-12.947288,-11.285509,-18.023647,2.4923491,3.4747012,2.755917,2.147903,1.9268461,3.240974,4.2411003,4.460534,5.49361,6.582953,5.3089137,5.687878,4.600622,5.9237833,7.0745525,283.7535,287.61386,285.5149,287.33527,286.70422,283.7535,287.61386,285.5149,287.33527,286.70422,283.7535,287.61386,285.5149,287.33527,286.70422,13.99819,19.730665,20.671219,20.593931,32.708115,9.825451647336402,15.879575666313338,17.32045961529421,13.544930783148319,19.03785195337985,3.2436786,4.2440996,4.4635205,5.4963284,6.5858064,2.5043060786488303,2.7065631501453384,5.348842661034764,5.688192962173687,7.070120380079836,-10.754511,-15.486566,-16.207697,-15.097603,-26.122307,-7.321145568687572,-13.173012516167999,-11.971616954259447,-7.856737820974631,-11.967731573300014
2012-06-28 06:00:00,-13.901285,-18.997341,-15.191704,-11.160662,-10.962546,-18.211842,-24.522951,-25.68975,-29.257362,-46.306274,-17.48647,-21.28108,-18.382063,-17.681181,-25.011206,2.9279253,3.5884771,2.8851595,2.2606175,2.011826,3.6781297,4.3524313,4.646819,5.7951145,6.903159,6.266997,5.882039,4.7807446,6.2669754,7.370486,286.4651,288.2479,286.33463,288.3815,287.5656,286.4651,288.2479,286.33463,288.3815,287.5656,286.4651,288.2479,286.33463,288.3815,287.5656,19.73716,25.660784,27.064442,29.679314,45.255817,15.03696541449505,22.53840250899182,23.813550354335618,19.210512716551285,25.940291222715334,3.6808345,4.35543,4.6498055,5.797833,6.9060125,2.842412906197905,2.77932295086078,5.616401952095721,5.992431552791749,7.365780809541378,-16.056326,-21.305353,-22.414637,-23.881481,-38.349804,-12.194552508297145,-19.759079558131038,-18.197148402239897,-13.218081163759535,-18.574510413173957
2012-06-28 07:00:00,-16.809809,-22.37813,-18.113546,-13.499155,-12.492031,-21.531672,-28.242477,-30.216303,-35.27769,-53.626526,-21.61713,-25.672855,-22.333694,-22.030933,-28.675665,3.1444025,3.7541575,3.0271428,2.4307137,2.0206957,3.8953915,4.514551,4.851468,6.250111,6.9365797,6.7431536,6.1647754,4.9786243,6.784883,7.4013734,287.8127,289.17117,287.23517,289.96036,287.65552,287.8127,289.17117,287.23517,289.96036,287.65552,287.8127,289.17117,287.23517,289.96036,287.65552,22.525776,28.770617,31.119297,35.072865,51.748997,17.952367515873753,26.494252776612868,28.122545310257685,22.499649413004637,29.57915560974383,3.8980963,4.51755,4.8544545,6.252829,6.939433,3.0104484187606726,2.8852757334389936,5.9103376626023225,6.451553791925314,7.396639437231936,-18.62768,-24.253067,-26.264843,-28.820036,-44.809563,-14.94191909711308,-23.608977043173873,-22.21220764765536,-16.048095621079323,-22.182516172511892
2012-06-28 08:00:00,-18.900429,-24.47039,-20.158222,-14.675054,-13.62058,-23.891588,-30.482443,-33.328915,-38.21879,-58.969223,-24.629467,-28.477354,-25.124485,-24.28464,-31.354488,3.4186714,3.891712,3.2014832,2.5672448,2.110008,4.1706553,4.649148,5.1027565,6.6153235,7.27311,7.3464293,6.3995132,5.2216,7.200592,7.7123933,289.5201,289.9377,288.34094,291.22766,288.56082,289.5201,289.9377,288.34094,291.22766,288.56082,289.5201,289.9377,288.34094,291.22766,288.56082,24.090391,30.452768,33.65341,37.5673,56.611233,19.691691233373295,28.81785322242064,30.76019766673162,24.001247273835443,31.92658007298387,4.17336,4.652148,5.105743,6.6180415,7.275964,3.223343884166632,2.9732416881160457,6.271260314488058,6.820078015377062,7.707373038874983,-19.917032,-25.800621,-28.547668,-30.949257,-49.33527,-16.468347349206663,-25.844611534304597,-24.488937352243564,-17.181169258458382,-24.219207034108887
2012-06-28 09:00:00,-20.199505,-25.815636,-21.580027,-15.321286,-14.294914,-25.330551,-31.909996,-35.447407,-39.728226,-62.18752,-26.534296,-30.304087,-27.049408,-25.529205,-32.9563,3.6731694,4.02948,3.402884,2.7111242,2.1753974,4.4260764,4.7839556,5.3930483,7.0001917,7.5194983,7.9062185,6.6346164,5.502289,7.6386747,7.9401054,291.10443,290.70544,289.61835,292.56317,289.22363,291.10443,290.70544,289.61835,292.56317,289.22363,291.10443,290.70544,289.61835,292.56317,289.22363,24.751749,31.338928,35.136852,38.71964,59.534084,20.530098337834414,30.12979716308973,32.195331692144244,24.6857287311572,33.26139719802471,4.428781,4.7869544,5.3960342,7.00291,7.522352,3.42089282401346,3.061344225014311,6.688202975045356,7.208436362156155,7.934874238743021,-20.32297,-26.551973,-29.740818,-31.71673,-52.01173,-17.109205513820953,-27.06845293807542,-25.507128717098887,-17.47729236900105,-25.32652295928169
2012-06-28 10:00:00,-20.801392,-26.650116,-22.424044,-15.429949,-14.689451,-25.984066,-32.797924,-36.66302,-39.83123,-64.04649,-27.428875,-31.438026,-28.185505,-25.718956,-33.88352,3.895799,4.1803684,3.5760076,2.8423622,2.2363248,4.6495132,4.9316015,5.6425815,7.351245,7.749075,8.395908,6.892112,5.743568,8.038267,8.152278,292.49036,291.5463,290.7164,293.78134,289.84122,292.49036,291.5463,290.7164,293.78134,289.84122,292.49036,291.5463,290.7164,293.78134,289.84122,24.75144,31.674435,35.821026,38.61683,61.259583,20.660433406151313,30.710456837647445,32.79837541303024,24.61353795588952,33.942482882136005,4.652218,4.9346004,5.645568,7.3539634,7.7519283,3.5937039104856523,3.157837813246528,7.046605523411548,7.562672917349724,8.146851851972425,-20.099222,-26.739834,-30.175457,-31.262865,-53.507652,-17.066729495665662,-27.55261902440092,-25.751769889618693,-17.050865038539797,-25.79563103016358
2012-06-28 11:00:00,-20.822382,-27.022675,-22.810266,-15.469779,-14.846334,-26.006058,-33.197327,-37.17956,-39.780796,-64.70867,-27.455812,-31.941254,-28.682898,-25.808027,-34.226578,4.0301933,4.3150096,3.728985,2.952098,2.309768,4.7843947,5.0633483,5.8630776,7.6447816,8.025809,8.691518,7.1218777,5.95677,8.37239,8.408034,293.327,292.2966,291.68668,294.79993,290.58566,293.327,292.2966,291.68668,294.79993,290.58566,293.327,292.2966,291.68668,294.79993,290.58566,24.423388,31.616337,35.910446,38.390472,61.97097,20.371848270759067,30.74455563503238,32.76861807015595,24.4624627924018,34.01399296724728,4.7870994,5.066347,5.8660636,7.6475,8.028663,3.6980245150488957,3.243940646341919,7.36330185266184,7.85887136669952,8.402373020975645,-19.636288,-26.54999,-30.044382,-30.742971,-53.942307,-16.67382375571017,-27.50061498869046,-25.40531621749411,-16.60359142570228,-25.611619946271638
2012-06-28 12:00:00,-20.599005,-26.987787,-22.50437,-15.144564,-14.889322,-25.762112,-33.17244,-36.680965,-38.767193,-64.887764,-27.116663,-31.879272,-28.188967,-25.175013,-34.318928,4.163298,4.423967,3.8452363,3.0747647,2.3347566,4.9179816,5.169963,6.0306373,7.972907,8.119967,8.984293,7.307814,6.118787,8.745884,8.495056,294.1556,292.90378,292.424,295.93854,290.83896,294.1556,292.90378,292.424,295.93854,290.83896,294.1556,292.90378,292.424,295.93854,290.83896,23.876577,31.267107,35.197903,37.288982,62.16837,19.83859340427671,30.346635191022077,31.841962196767874,23.781785988868116,34.015291835190084,4.9206867,5.172962,6.0336237,7.9756255,8.122821,3.8013443419721566,3.3136185918094974,7.60396675833638,8.189972548508576,8.489313485955835,-18.95589,-26.094145,-29.16428,-29.313358,-54.045547,-16.037249062304554,-27.03301659921258,-24.237995438431494,-15.59181344035954,-25.52597834923425
2012-06-28 13:00:00,-20.194515,-26.589844,-21.853363,-14.837851,-14.706821,-25.347506,-32.775665,-35.713333,-37.886208,-63.907772,-26.483402,-31.307945,-27.227104,-24.57891,-33.85126,4.1605825,4.45971,3.8725612,3.1407208,2.3816152,4.915256,5.204939,6.0700226,8.149336,8.296532,8.978319,7.368812,6.156869,8.946707,8.658236,294.1387,293.10297,292.59732,296.55075,291.31393,294.1387,293.10297,292.59732,296.55075,291.31393,294.1387,293.10297,292.59732,296.55075,291.31393,23.53429,30.821865,34.29387,36.3997,61.405514,19.40791144190562,29.723993411100437,30.753876216210067,23.23544589926385,33.41182919862416,4.917961,5.207938,6.0730085,8.152054,8.299385,3.7992362400232946,3.336476852267222,7.660534615599149,8.368000444736705,8.652342569925912,-18.61633,-25.613928,-28.22086,-28.247646,-53.10613,-15.608675201882324,-26.387516558833216,-23.09334160061092,-14.867445454527147,-24.759486628698248
2012-06-28 14:00:00,-19.053108,-25.757603,-20.636278,-13.491432,-14.255973,-24.16069,-31.93194,-33.909622,-34.421486,-61.628803,-24.722618,-30.131666,-25.467207,-21.851757,-32.74356,4.15644,4.5688643,3.8864567,3.1448038,2.406369,4.9110985,5.311747,6.09005,8.160258,8.389805,8.969208,7.5550847,6.176235,8.95914,8.744438,294.1129,293.71124,292.68546,296.58865,291.56485,294.1129,293.71124,292.68546,296.58865,291.56485,294.1129,293.71124,292.68546,296.58865,291.56485,22.53883,29.785261,32.68836,33.367092,59.478306,18.195811316549868,28.348647781998817,28.87859705349716,21.41966759000993,32.28105551042252,4.9138036,5.314746,6.093037,8.162976,8.392658,3.7960208137655553,3.406280873631304,7.689301647079137,8.379022360250156,8.738466004030382,-17.625027,-24.470514,-26.595322,-25.204117,-51.085648,-14.399790502784313,-24.942366908367514,-21.189295406418022,-13.040645229759773,-23.542589506392137
2012-06-28 15:00:00,-18.967072,-24.168163,-19.890963,-11.902087,-13.627849,-24.063456,-30.303822,-32.782207,-30.389107,-58.53201,-24.597088,-27.918097,-24.400612,-18.768875,-31.224049,4.196486,4.562621,3.9247952,3.107583,2.4019496,4.9512906,5.305639,6.1453104,8.060695,8.373151,9.057292,7.544431,6.229666,8.84581,8.729048,294.3622,293.67645,292.92862,296.24316,291.52005,294.3622,293.67645,292.92862,296.24316,291.52005,294.3622,293.67645,292.92862,296.24316,291.52005,22.36063,28.415329,31.612476,29.830528,56.78065,18.02796352873389,26.387654993740576,27.64458238861126,19.282506060952564,30.852541891417363,4.953995,5.308637,6.148297,8.063413,8.376005,3.827105804415825,3.4022884702420275,7.768669966619502,8.278556091709273,8.723089063959188,-17.406633,-23.106693,-25.46418,-21.767115,-48.404644,-14.200857724318062,-22.98536652349855,-19.875912421991757,-11.00394996924329,-22.129452827458174
2012-06-28 16:00:00,-17.508564,-22.20791,-17.627892,-12.323288,-12.461016,-22.511269,-28.246563,-29.416351,-31.50412,-52.904285,-22.401617,-25.26124,-21.286785,-19.556719,-28.429607,4.1802497,4.4945455,3.8098092,3.0753336,2.3728993,4.9349957,5.2390256,5.979574,7.9744287,8.263689,9.02158,7.4282584,6.069413,8.747616,8.627883,294.26114,293.2971,292.1993,295.94382,291.2256,294.26114,293.2971,292.1993,295.94382,291.2256,294.26114,293.2971,292.1993,295.94382,291.2256,21.07313,26.818483,28.856718,30.883339,51.779816,16.52822771868603,24.159069330152775,24.657069469920728,19.929638436682588,28.267081523339808,4.9377003,5.2420244,5.9825606,7.977147,8.266543,3.8145028555807543,3.358753762757736,7.5306247732992695,8.191507807271721,8.622018154731014,-16.13543,-21.57646,-22.874157,-22.906193,-43.51327,-12.713724863105275,-20.80031556739504,-17.12644469662146,-11.738130629410866,-19.645063368608795
2012-06-28 17:00:00,-13.686333,-18.363485,-15.235727,-10.169455,-10.547148,-18.244644,-24.027407,-25.766863,-26.120823,-43.94676,-16.916245,-20.28623,-18.115364,-15.592804,-23.897022,3.9840143,4.372725,3.6675663,2.9188123,2.3322968,4.738048,5.119823,5.7745504,7.555745,8.1107,8.589944,7.2203693,5.871171,8.271043,8.48649,293.03952,292.61823,291.29712,294.49097,290.81403,293.03952,292.61823,291.29712,294.49097,290.81403,293.03952,292.61823,291.29712,294.49097,290.81403,17.712189,23.364885,25.784184,26.155695,43.636562,12.91283403620237,19.82401048785091,21.518860032896168,17.038004590512454,23.98629906618529,4.7407527,5.122822,5.777537,7.5584636,8.113553,3.6621791714419016,3.280849365043306,7.23615117508494,7.769027668907109,8.480755611270434,-12.9714365,-18.242064,-20.006647,-18.597233,-35.52301,-9.250654864760467,-16.543161122807604,-14.282708857811228,-9.268976921605345,-15.505543454914855
2012-06-28 18:00:00,-6.4298406,-11.351402,-9.68506,-6.956693,-6.770948,-9.169432,-15.669204,-16.88926,-17.87275,-27.227757,-7.499141,-11.916561,-11.113866,-10.166005,-15.142168,3.1984148,4.189372,3.4747632,2.9017391,2.2314866,3.9496,4.9404106,5.4966516,7.510075,7.730844,6.8619585,6.907475,5.6024656,8.219058,8.135429,288.14896,291.59647,290.07425,294.3325,289.79218,288.14896,291.59647,290.07425,294.3325,289.79218,288.14896,291.59647,290.07425,294.3325,289.79218,10.022721,15.896451,17.565548,18.303267,27.766699,6.401901748433205,12.053687287061797,13.773314845060781,12.089777965740478,15.517383255580665,3.9523048,4.94341,5.4996386,7.512793,7.733698,3.052374532971062,3.1635952791868527,6.837008613300061,7.722943283028404,8.130018920981684,-6.070417,-10.953041,-12.065909,-10.790473,-20.033,-3.349527215462143,-8.890092007874944,-6.93630623176072,-4.366834682712073,-7.387364334598981
2012-06-28 19:00:00,-0.3641117,-0.3950801,-0.48995042,-0.6372839,-0.3326088,-0.5556845,-0.5974043,-0.905533,-1.6479181,-1.2608998,-0.40309787,-0.38447154,-0.5331054,-0.8540191,-0.72754145,3.0837867,4.0095735,2.9011333,2.7365484,2.0602562,3.8345559,4.764477,4.6698437,7.0682006,7.085644,6.6098247,6.600646,4.8030076,7.716087,7.5391383,287.43536,290.5945,286.43594,292.79916,288.05652,287.43536,290.5945,286.43594,292.79916,288.05652,287.43536,290.5945,286.43594,292.79916,288.05652,0.6379745,0.64625,1.0341183,1.7752254,1.3429251,0.3551960693030512,0.4051651955452204,0.7283269358850011,1.2062027514132145,0.7731321015737058,3.8372607,4.7674756,4.67283,7.0709186,7.088498,2.9633966487287737,3.0486140615756976,5.649472085237538,7.277061541435956,7.534277715525873,3.1992862,4.121226,3.6387117,5.295693,5.745573,2.6082005794257226,2.6434488660304774,4.921145149352537,6.070858790022742,6.761145613952166
2012-06-28 20:00:00,0.0,0.0,0.0,0.0,0.0,0.0,0.0,0.0,0.0,0.0,0.0,0.0,0.0,0.0,0.0,2.6473815,3.9172428,3.0698497,2.4890916,1.8865567,3.3965688,4.6741304,4.9130254,6.406267,6.431143,5.6499195,6.4430814,5.0381446,6.9626303,6.9342504,284.71863,290.08,287.50604,290.50223,286.29584,284.71863,290.08,287.50604,290.50223,286.29584,284.71863,290.08,287.50604,290.50223,286.29584,0.0,0.0,0.0,0.0,0.0,0.0,0.0,0.0,0.0,0.0,3.3992734,4.6771293,4.916011,6.4089856,6.4339957,2.624646735928151,2.989568516713244,5.998750464339304,6.609126361858351,6.929947211120211,3.3992734,4.6771293,4.916011,6.4089856,6.4339957,2.624646735928151,2.989568516713244,5.998750464339304,6.609126361858351,6.929947211120211
2012-06-28 21:00:00,0.0,0.0,0.0,0.0,0.0,0.0,0.0,0.0,0.0,0.0,0.0,0.0,0.0,0.0,0.0,2.5144727,3.7351055,3.2021906,2.53826,2.0472894,3.2631779,4.4959083,5.103776,6.5377903,7.036784,5.3575764,6.1322627,5.2225857,7.112339,7.493982,283.89124,289.065,288.34543,290.95862,287.92508,283.89124,289.065,288.34543,290.95862,287.92508,283.89124,289.065,288.34543,290.95862,287.92508,0.0,0.0,0.0,0.0,0.0,0.0,0.0,0.0,0.0,0.0,3.2658825,4.498907,5.1067624,6.5405087,7.039638,2.5214791185318837,2.873091898885228,6.272724564359097,6.741841938753405,7.489162946529526,3.2658825,4.498907,5.1067624,6.5405087,7.039638,2.5214791185318837,2.873091898885228,6.272724564359097,6.741841938753405,7.489162946529526
2012-06-28 22:00:00,0.0,0.0,0.0,0.0,0.0,0.0,0.0,0.0,0.0,0.0,0.0,0.0,0.0,0.0,0.0,2.5879025,3.6172934,2.722135,2.5876093,2.0349512,3.3368742,4.3806286,4.4118423,6.669797,6.990295,5.5190916,5.931214,4.553541,7.2625976,7.451017,284.34836,288.40848,285.30063,291.4167,287.80002,284.34836,288.40848,285.30063,291.4167,287.80002,284.34836,288.40848,285.30063,291.4167,287.80002,0.0,0.0,0.0,0.0,0.0,0.0,0.0,0.0,0.0,0.0,3.339579,4.3836274,4.414829,6.6725154,6.993149,2.578477781152815,2.7977510443997025,5.278907298146599,6.875045603694545,7.446237401289911,3.339579,4.3836274,4.414829,6.6725154,6.993149,2.578477781152815,2.7977510443997025,5.278907298146599,6.875045603694545,7.446237401289911
2012-06-28 23:00:00,0.0,0.0,0.0,0.0,0.0,0.0,0.0,0.0,0.0,0.0,0.0,0.0,0.0,0.0,0.0,2.489427,3.4165149,2.7475789,2.555866,1.9147251,3.2380416,4.1841655,4.448516,6.5848846,6.53728,5.3024874,5.588583,4.5890017,7.165945,7.032342,283.73532,287.2896,285.462,291.12204,286.58136,283.73532,287.2896,285.462,291.12204,286.58136,283.73532,287.2896,285.462,291.12204,286.58136,0.0,0.0,0.0,0.0,0.0,0.0,0.0,0.0,0.0,0.0,3.2407463,4.1871643,4.451502,6.5876036,6.540134,2.502038156696625,2.6693532501356367,5.331580449970074,6.789363965786037,7.027949017187036,3.2407463,4.1871643,4.451502,6.5876036,6.540134,2.502038156696625,2.6693532501356367,5.331580449970074,6.789363965786037,7.027949017187036
2012-07-27 00:00:00,0.0,0.0,0.0,0.0,0.0,0.0,0.0,0.0,0.0,0.0,0.0,0.0,0.0,0.0,0.0,2.543842,3.5189772,3.0510464,2.4483032,1.9266896,3.2926536,4.284425,4.8859224,6.2971616,6.582363,5.4221754,5.7634354,5.0119386,6.838439,7.0740085,284.07407,287.8606,287.38678,290.12363,286.70264,284.07407,287.8606,287.38678,290.12363,286.70264,284.07407,287.8606,287.38678,290.12363,286.70264,0.0,0.0,0.0,0.0,0.0,0.0,0.0,0.0,0.0,0.0,3.2953582,4.287424,4.8889084,6.29988,6.5852165,2.5442763004373514,2.7348776952350744,5.959823331713331,6.499031447317393,7.069575692829357,3.2953582,4.287424,4.8889084,6.29988,6.5852165,2.5442763004373514,2.7348776952350744,5.959823331713331,6.499031447317393,7.069575692829357
2012-07-27 01:00:00,0.0,0.0,0.0,0.0,0.0,0.0,0.0,0.0,0.0,0.0,0.0,0.0,0.0,0.0,0.0,2.485716,3.5541406,2.7340965,2.3772807,1.9201653,3.234317,4.318833,4.429083,6.1071815,6.5577793,5.2943244,5.8234425,4.5702114,6.622191,7.0512877,283.71222,288.05655,285.3765,289.4644,286.6365,283.71222,288.05655,285.3765,289.4644,286.6365,283.71222,288.05655,285.3765,289.4644,286.6365,0.0,0.0,0.0,0.0,0.0,0.0,0.0,0.0,0.0,0.0,3.237022,4.3218317,4.4320693,6.1098995,6.560633,2.499157591398271,2.7573647322197603,5.303670054469057,6.307328211470724,7.046876899141157,3.237022,4.3218317,4.4320693,6.1098995,6.560633,2.499157591398271,2.7573647322197603,5.303670054469057,6.307328211470724,7.046876899141157
2012-07-27 02:00:00,0.0,0.0,0.0,0.0,0.0,0.0,0.0,0.0,0.0,0.0,0.0,0.0,0.0,0.0,0.0,2.429488,3.3877587,3.0741656,2.0832586,1.9084599,3.1778846,4.1560273,4.9192457,5.320691,6.5136724,5.170646,5.53951,5.0441594,5.726955,7.0105243,283.36218,287.12936,287.53342,286.73523,286.51785,283.36218,287.12936,287.53342,286.73523,286.51785,283.36218,287.12936,287.53342,286.73523,286.51785,0.0,0.0,0.0,0.0,0.0,0.0,0.0,0.0,0.0,0.0,3.1805897,4.159026,4.9222317,5.323409,6.516526,2.455511509532854,2.650963679787313,6.007685376817681,5.513705922861716,7.006151052413087,3.1805897,4.159026,4.9222317,5.323409,6.516526,2.455511509532854,2.650963679787313,6.007685376817681,5.513705922861716,7.006151052413087
2012-07-27 03:00:00,0.0,0.0,0.0,0.0,0.0,0.0,0.0,0.0,0.0,0.0,0.0,0.0,0.0,0.0,0.0,2.5864863,3.4716673,2.6707776,2.3508701,1.8937284,3.3354526,4.2381315,4.3378167,6.0365343,6.4581647,5.515975,5.6827,4.481964,6.5417757,6.9592237,284.33954,287.59695,284.97488,289.21924,286.36853,284.33954,287.59695,284.97488,289.21924,286.36853,284.33954,287.59695,284.97488,289.21924,286.36853,0.0,0.0,0.0,0.0,0.0,0.0,0.0,0.0,0.0,0.0,3.3381572,4.241131,4.340803,6.0392528,6.461018,2.5773780673202857,2.7046229821824803,5.172584827918958,6.23604073375772,6.954898077094044,3.3381572,4.241131,4.340803,6.0392528,6.461018,2.5773780673202857,2.7046229821824803,5.172584827918958,6.23604073375772,6.954898077094044
2012-07-27 04:00:00,0.0,0.0,-0.20598568,-0.29909003,0.0,0.0,0.0,-0.37850505,-0.81682014,0.0,0.0,0.0,-0.22216794,-0.41337392,0.0,2.3834462,3.3827097,2.603108,2.0364575,2.0706644,3.1316762,4.1510863,4.2402806,5.1955004,7.1248617,5.0693736,5.5308933,4.387655,5.5844545,7.575383,283.07556,287.10123,284.5457,286.3008,288.16202,283.07556,287.10123,284.5457,286.3008,288.16202,283.07556,287.10123,284.5457,286.3008,288.16202,0.0,0.0,0.44460502,0.894376,0.0,0.0,0.0,0.3137171165772491,0.5952751219502944,0.0,3.134381,4.1540856,4.243267,5.1982183,7.1277156,2.4197727125947552,2.64773473599353,5.0324949627061475,5.387379862206344,7.570488942927862,3.134381,4.1540856,3.798662,4.3038425,7.1277156,2.4197727125947552,2.64773473599353,4.718777846128899,4.7921047402560495,7.570488942927862
2012-07-27 05:00:00,-6.935315,-10.9721365,-9.186603,-8.337267,-5.2151694,-9.713149,-15.121521,-15.913573,-22.765099,-20.38632,-8.223194,-11.529548,-10.530284,-12.681351,-11.397405,2.496246,3.8428633,2.9167762,2.3717341,2.2019968,3.2448852,4.60135,4.69239,6.092345,7.619726,5.317486,6.3161526,4.824808,6.6053033,8.032735,283.77777,289.6655,286.53516,289.4129,289.49326,283.77777,289.6655,286.53516,289.4129,289.49326,283.77777,289.6655,286.53516,289.4129,289.49326,11.394947,15.876214,17.264425,23.398134,20.608395,7.61050100245942,12.096309150096312,13.842096537800124,15.06054659266869,11.674386104902398,3.24759,4.6043487,4.6953764,6.095063,7.6225796,2.507331242997828,2.942002882649078,5.681854917419482,6.292357219948025,8.027418697550244,-8.147357,-11.271865,-12.569049,-17.303072,-12.985814,-5.103169759461593,-9.154306267447234,-8.160241620380642,-8.768189372720665,-3.646967407352154
2012-07-27 06:00:00,-13.165792,-18.026148,-15.407765,-13.051137,-8.257785,-17.457333,-23.518402,-25.807747,-35.734688,-33.46281,-16.394136,-19.960243,-18.348682,-21.071774,-18.297825,2.9850998,4.040865,3.2769282,2.450736,2.2737267,3.7355113,4.7950964,5.2114997,6.30367,7.890006,6.3927565,6.6540456,5.326746,6.845847,8.282526,286.821,290.7689,288.81946,290.1462,290.22034,286.821,290.7689,288.81946,290.1462,290.22034,286.821,290.7689,288.81946,290.1462,290.22034,18.801983,23.60602,26.492338,35.620197,32.87333,14.005370986168181,20.177040804202527,22.578553055002132,22.534575570175747,18.375517036823457,3.7382164,4.7980947,5.214486,6.306388,7.8928595,2.8867933990310664,3.0686251080373856,6.427446967398813,6.5055984501192885,8.276979731062653,-15.063767,-18.807924,-21.277853,-29.31381,-24.98047,-11.118577587137114,-17.108415696165142,-16.151106087603317,-16.02897712005646,-10.098537305760804
2012-07-27 07:00:00,-17.021044,-21.84725,-18.76921,-15.634563,-9.800245,-21.950201,-27.72237,-30.894281,-42.78968,-40.464474,-21.767134,-24.898668,-22.834145,-26.048065,-21.872532,3.396695,4.2012224,3.4663815,2.5635657,2.308434,4.1485987,4.952007,5.484571,6.6054816,8.020784,7.2980905,6.9276986,5.590784,7.189389,8.403391,289.3833,291.6625,290.0211,291.1935,290.57214,289.3833,291.6625,290.0211,291.1935,290.57214,289.3833,291.6625,290.0211,291.1935,290.57214,22.271671,27.060844,30.858732,41.900723,39.158337,17.516262103793295,24.52438786638258,27.128611162559466,26.28070274032408,21.7487429356106,4.151304,4.955006,5.4875574,6.6082006,8.023638,3.206285001428823,3.171173841410005,6.8196567542840825,6.8101476422212235,8.397732704591762,-18.120369,-22.105839,-25.371174,-35.292522,-31.134697,-14.309977102364472,-21.353214024972573,-20.308954408275383,-19.470555098102857,-13.351010231018838
2012-07-27 08:00:00,-19.205048,-24.032314,-20.71488,-17.079514,-10.667347,-24.384497,-30.028875,-33.75058,-46.640915,-44.480576,-24.940329,-27.849676,-25.516264,-28.940454,-23.892248,3.7216377,4.361953,3.6014607,2.6851473,2.3643067,4.4747205,5.109282,5.679269,6.930706,8.231313,8.012828,7.201987,5.7790413,7.559581,8.597961,291.40616,292.5582,290.87784,292.32205,291.1385,291.40616,292.5582,290.87784,292.32205,291.1385,291.40616,292.5582,290.87784,292.32205,291.1385,23.714603,28.670235,33.141544,45.15635,42.717865,19.213703486914024,26.833045799176993,29.61589322207426,28.197075775527303,23.537610554516714,4.477425,5.1122813,5.682255,6.933424,8.234166,3.4585152138481052,3.2739607181426864,7.099298597001975,7.1383202957537595,8.59212320448361,-19.237179,-23.557953,-27.459288,-38.222927,-34.4837,-15.755188273065919,-23.559085081034308,-22.516594625072283,-21.058755479773545,-14.945487350033105
2012-07-27 09:00:00,-19.785759,-25.26225,-21.911394,-17.788654,-11.144407,-24.91078,-31.288284,-35.449905,-48.388386,-46.68848,-25.930597,-29.563423,-27.179224,-30.388319,-24.99464,3.468924,4.4601703,3.7533128,2.827041,2.4402754,4.22109,5.2053895,5.898142,7.310262,8.517565,7.4569635,7.369597,5.990674,7.991617,8.8625145,289.83295,293.10553,291.84097,293.63913,291.90854,289.83295,293.10553,291.84097,293.63913,291.90854,289.83295,293.10553,291.84097,293.63913,291.90854,24.815681,29.483679,34.291206,46.467186,44.690014,20.50576176575044,28.109680749199242,30.856769537584544,28.957089456432506,24.388178089269147,4.223795,5.2083883,5.901128,7.3129807,8.520419,3.262351380696918,3.3367710293590633,7.413664079518778,7.521318548354007,8.856432692778199,-20.591888,-24.275291,-28.39008,-39.154205,-36.169598,-17.243410385053522,-24.77290971984018,-23.443105458065766,-21.4357709080785,-15.531745396490948
2012-07-27 10:00:00,-20.907114,-25.895927,-22.550526,-17.95101,-11.399664,-26.17724,-31.917665,-36.317215,-48.58323,-47.8855,-27.540806,-30.470753,-28.072851,-30.753433,-25.58695,3.9575617,4.59911,3.881905,2.9830227,2.4824252,4.7114997,5.3413424,6.08349,7.7275033,8.676386,8.531761,7.6067,6.1698914,8.466549,9.009295,292.87485,293.8798,292.6566,295.08698,292.3358,292.87485,293.8798,292.6566,295.08698,292.3358,292.87485,293.8798,292.6566,295.08698,292.3358,24.681334,29.621445,34.734997,46.3573,45.74719,20.549703474277266,28.51527294267724,31.329201289279148,28.873180065519133,24.83495379308551,4.714205,5.3443418,6.086477,7.7302217,8.67924,3.6416461062504637,3.4256230174198765,7.679878651310415,7.942343296908472,9.003079260214662,-19.967129,-24.277103,-28.648521,-38.62708,-37.067947,-16.908057368026803,-25.089649925257362,-23.649322637968734,-20.93083676861066,-15.831874532870849
2012-07-27 11:00:00,-21.1431,-26.140278,-22.767141,-17.769932,-11.49185,-26.411335,-32.148792,-36.555084,-47.883884,-48.30927,-27.914705,-30.83396,-28.36628,-30.43766,-25.795311,4.0876913,4.678445,4.0132117,3.107051,2.5177772,4.842101,5.418973,6.272751,8.05927,8.809592,8.817989,7.7420874,6.352891,8.844188,9.132403,293.68494,294.3219,293.4894,296.23822,292.69412,293.68494,294.3219,293.4894,296.23822,292.69412,293.68494,294.3219,293.4894,296.23822,292.69412,24.542976,29.586823,34.61457,45.50468,46.132553,20.512588582195498,28.60277426162532,31.165326491195575,28.349809933289347,24.940175615757767,4.8448057,5.421972,6.275737,8.061988,8.812446,3.742656153601596,3.4763580594378105,7.951711161382771,8.277118450555344,9.126073831274587,-19.698172,-24.16485,-28.338833,-37.44269,-37.32011,-16.7699324285939,-25.12641620218751,-23.213615329812804,-20.072691482734,-15.81410178448318
2012-07-27 12:00:00,-21.054312,-26.00692,-22.629515,-17.46708,-11.444006,-26.304638,-31.997553,-36.281456,-46.92827,-48.05838,-27.788229,-30.662138,-28.156372,-29.86087,-25.669743,4.1871767,4.754211,4.1284814,3.1862924,2.5594392,4.941947,5.4931097,6.438895,8.271237,8.966576,9.036816,7.8713813,6.5135403,9.085464,9.277488,294.30426,294.7441,294.22052,296.97375,293.11642,294.30426,294.7441,294.22052,296.97375,293.11642,294.30426,294.7441,294.22052,296.97375,293.11642,24.196522,29.243435,34.092888,44.513435,45.942074,20.200344582459504,28.232738167590906,30.556731656484985,27.75034709741324,24.72263743324965,4.944652,5.4961085,6.441882,8.273955,8.969429,3.819879657121803,3.5248097268857372,8.190344046828113,8.491007506678686,9.27102348843071,-19.25187,-23.747326,-27.651005,-36.23948,-36.972645,-16.3804649253377,-24.707928440705167,-22.366387609656872,-19.259339590734555,-15.451613944818938
2012-07-27 13:00:00,-20.685482,-25.53669,-22.230837,-17.04604,-11.272277,-25.90854,-31.512543,-35.664894,-45.70824,-47.225014,-27.225525,-30.005907,-27.573725,-29.009293,-25.25765,4.2654305,4.8025723,4.1913676,3.2310128,2.575471,5.020485,5.5404315,6.529538,8.3908615,9.026984,9.208942,7.953911,6.601184,9.221627,9.333317,294.7914,295.0136,294.6194,297.38885,293.27893,294.7914,295.0136,294.6194,297.38885,293.27893,294.7914,295.0136,294.6194,297.38885,293.27893,23.667498,28.7047,33.412704,43.36989,45.237392,19.64368858004338,27.525541806277186,29.768724416171956,27.07038450686258,24.305798323792096,5.02319,5.5434303,6.5325246,8.3935795,9.029838,3.8806226741067773,3.5557368447196827,8.320532793865333,8.611716117640006,9.326801557830652,-18.644308,-23.16127,-26.880178,-34.976307,-36.207554,-15.763065905936603,-23.969804961557504,-21.448191622306624,-18.458668389222574,-14.978996765961444
2012-07-27 14:00:00,-20.030008,-24.505606,-21.494698,-16.483496,-10.945543,-25.222698,-30.464031,-34.58364,-44.15948,-45.65985,-26.212538,-28.556692,-26.506735,-27.827938,-24.482885,4.301967,4.8202662,4.2232924,3.2400408,2.578933,5.0571537,5.5577455,6.575553,8.41501,9.0400305,9.289306,7.9841056,6.6456766,9.249116,9.345374,295.01886,295.1122,294.82187,297.47266,293.31403,295.01886,295.1122,294.82187,297.47266,293.31403,295.01886,295.1122,294.82187,297.47266,293.31403,23.007545,27.786926,32.416092,42.022476,43.893932,18.877758524171924,26.21896436153286,28.61233144495288,26.281807588236063,23.585667285067267,5.0598583,5.5607443,6.5785394,8.417729,9.042884,3.9089831142238607,3.567052156430868,8.386623255731587,8.636085022631903,9.338847525870078,-17.947687,-22.226183,-25.837551,-33.604748,-34.85105,-14.968775409948062,-22.65191220510199,-20.225708189221294,-17.64572256560416,-14.246819759197189
2012-07-27 15:00:00,-17.766487,-23.20609,-20.328182,-15.52799,-10.373179,-22.845594,-29.123459,-32.920708,-41.53894,-42.949535,-22.759445,-26.760757,-24.83834,-25.86044,-23.132101,4.2318897,4.8325715,4.1846848,3.253912,2.5863788,4.9868226,5.569786,6.519905,8.452115,9.068084,9.135165,8.005104,6.5918694,9.291349,9.371302,294.5826,295.1808,294.577,297.6014,293.3895,294.5826,295.1808,294.577,297.6014,293.3895,294.5826,295.1808,294.577,297.6014,293.3895,21.176151,26.637253,31.084476,39.728054,41.54533,16.64434680665832,24.62115664277088,27.072272604109827,24.932410703639675,22.32322465718593,4.989527,5.572785,6.5228915,8.454833,9.070938,3.8545872345145207,3.5749213936376263,8.306697126716543,8.673525812930814,9.364751594532247,-16.186625,-21.064468,-24.561584,-31.27322,-32.474392,-12.789759572143799,-21.046235249133254,-18.765575477393284,-16.258884890708863,-12.958473062653681
2012-07-27 16:00:00,-13.0239525,-20.89014,-18.30723,-14.315805,-9.425985,-17.496986,-26.69815,-29.980629,-38.379105,-38.570137,-16.008827,-23.625479,-22.02729,-23.358185,-20.927208,3.680807,4.727426,4.128207,3.150949,2.5476942,4.4337416,5.466901,6.4385004,8.176695,8.922321,7.9230175,7.825672,6.5131583,8.97785,9.236588,291.15198,294.59485,294.21878,296.6457,292.99738,291.15198,294.59485,294.21878,296.6457,292.99738,291.15198,294.59485,294.21878,296.6457,292.99738,17.525034,24.848408,28.652401,37.14925,37.665596,12.637537754751772,22.098809212418765,24.377790731209444,23.431894252525353,20.352885589742172,4.4364467,5.4698997,6.441487,8.179414,8.925175,3.426821385089861,3.5076809155024478,8.189776276469956,8.395608479488995,9.230161469890025,-13.088587,-19.37851,-22.210913,-28.969835,-28.740423,-9.210716369661911,-18.591128296916317,-16.188014454739488,-15.036285773036358,-11.122724119852148
2012-07-27 17:00:00,-13.834085,-16.58527,-14.628515,-11.851269,-7.646858,-18.442574,-21.920202,-24.496552,-31.893154,-30.610077,-17.126842,-18.127983,-17.156637,-18.662617,-16.833353,3.6716843,4.5575724,3.9089844,2.9646277,2.5164192,4.4245853,5.3006973,6.122521,7.6782975,8.804476,7.9029512,7.5358143,6.207631,8.41054,9.127677,291.09518,293.64832,292.82834,294.91623,292.68036,291.09518,293.64832,292.82834,294.91623,292.68036,291.09518,293.64832,292.82834,294.91623,292.68036,18.425175,21.036541,24.145672,31.553234,30.429987,13.500056883187918,17.43056509863871,19.7505946066158,20.08850598427611,16.542627969192814,4.4272904,5.3036966,6.125508,7.681016,8.807329,3.4197398368464835,3.399059526448245,7.735938503515882,7.892691431129279,9.121349716852169,-13.997884,-15.732845,-18.020164,-23.87222,-21.622658,-10.080317046341435,-14.031505572190465,-12.014656103099917,-12.195814553146832,-7.421278252340645
2012-07-27 18:00:00,-7.512607,-8.232376,-6.549264,-6.223325,-3.995427,-10.627031,-11.633992,-11.510491,-16.66684,-15.373581,-8.829558,-8.459989,-7.303469,-9.111626,-8.674133,3.3494668,4.3480372,3.5389543,2.9926164,2.252453,4.1011996,5.0956655,5.589174,7.7531657,7.8098464,7.1942086,7.17824,5.691927,8.49576,8.208444,289.0893,292.48065,290.48138,295.17603,290.0047,289.0893,292.48065,290.48138,295.17603,290.0047,289.0893,292.48065,290.48138,295.17603,290.0047,11.317248,11.754722,12.091209,17.025671,15.750258,7.361276089917586,8.46499532068006,9.026452031712907,11.073198598310796,8.88113927220624,4.1039042,5.098665,5.59216,7.755884,7.8127003,3.169625336852412,3.265061861114484,6.969896759759397,7.968238586335404,8.202965113526506,-7.2133436,-6.656057,-6.4990487,-9.269786,-7.937558,-4.191650753065174,-5.199933459565576,-2.05655527195351,-3.1049600119753924,-0.6781741586797345
2012-07-27 19:00:00,0.0,0.0,0.0,0.0,0.0,0.0,0.0,0.0,0.0,0.0,0.0,0.0,0.0,0.0,0.0,3.5033817,4.4446235,3.1903207,2.9325228,2.2851765,4.2556725,5.190176,5.086667,7.5924187,7.933149,7.532756,7.3430653,5.206043,8.312787,8.322398,290.04745,293.0189,288.27014,294.61823,290.3364,290.04745,293.0189,288.27014,294.61823,290.3364,290.04745,293.0189,288.27014,294.61823,290.3364,0.0,0.0,0.0,0.0,0.0,0.0,0.0,0.0,0.0,0.0,4.2583776,5.1931753,5.089653,7.595137,7.9360023,3.2890983998278704,3.3268285440764713,6.24815106482269,7.806033617128597,8.316815223631288,4.2583776,5.1931753,5.089653,7.595137,7.9360023,3.2890983998278704,3.3268285440764713,6.24815106482269,7.806033617128597,8.316815223631288
2012-07-27 20:00:00,0.0,0.0,0.0,0.0,0.0,0.0,0.0,0.0,0.0,0.0,0.0,0.0,0.0,0.0,0.0,3.2252934,3.8764932,3.192635,2.8928754,1.8952578,3.976576,4.6342573,5.0900035,7.4863644,6.4639273,6.921081,6.373543,5.209268,8.192069,6.96455,288.31628,289.8529,288.28482,294.2502,286.38403,288.31628,289.8529,288.28482,294.2502,286.38403,288.31628,289.8529,288.28482,294.2502,286.38403,0.0,0.0,0.0,0.0,0.0,0.0,0.0,0.0,0.0,0.0,3.9792812,4.637256,5.092989,7.4890833,6.466781,3.0732386538837106,2.963509329327626,6.252942249774863,7.6990180944420405,6.960219252541024,3.9792812,4.637256,5.092989,7.4890833,6.466781,3.0732386538837106,2.963509329327626,6.252942249774863,7.6990180944420405,6.960219252541024
2012-07-27 21:00:00,0.0,0.0,0.0,0.0,0.0,0.0,0.0,0.0,0.0,0.0,0.0,0.0,0.0,0.0,0.0,3.151594,3.415157,3.05376,2.496729,1.9891344,3.9026093,4.182836,4.889834,6.4266973,6.817656,6.7589726,5.586265,5.015721,6.9858847,7.291465,287.85748,287.28204,287.404,290.57312,287.3356,287.85748,287.28204,287.404,290.57312,287.3356,287.85748,287.28204,287.404,290.57312,287.3356,0.0,0.0,0.0,0.0,0.0,0.0,0.0,0.0,0.0,0.0,3.905314,4.1858354,4.89282,6.4294157,6.82051,3.0160307031631635,2.6684847272930576,5.96544126999405,6.629741426059435,7.286832582486476,3.905314,4.1858354,4.89282,6.4294157,6.82051,3.0160307031631635,2.6684847272930576,5.96544126999405,6.629741426059435,7.286832582486476
2012-07-27 22:00:00,0.0,0.0,0.0,0.0,0.0,0.0,0.0,0.0,0.0,0.0,0.0,0.0,0.0,0.0,0.0,2.823743,3.44049,2.875868,2.9296227,1.9145563,3.5735698,4.207626,4.633427,7.5846615,6.536645,6.037841,5.6294975,4.767796,8.303957,7.0317554,285.81653,287.42322,286.2757,294.5913,286.57965,285.81653,287.42322,286.2757,294.5913,286.57965,285.81653,287.42322,286.2757,294.5913,286.57965,0.0,0.0,0.0,0.0,0.0,0.0,0.0,0.0,0.0,0.0,3.5762749,4.210624,4.6364136,7.58738,6.539499,2.7615439845062015,2.6846854799937527,5.597167486102694,7.7982064597349865,7.0273624309172895,3.5762749,4.210624,4.6364136,7.58738,6.539499,2.7615439845062015,2.6846854799937527,5.597167486102694,7.7982064597349865,7.0273624309172895
2012-07-27 23:00:00,0.0,0.0,0.0,0.0,0.0,0.0,0.0,0.0,0.0,0.0,0.0,0.0,0.0,0.0,0.0,2.6767511,3.4241328,2.7545793,2.7456524,2.00342,3.4260442,4.1916194,4.4586062,7.092552,6.871485,5.7145185,5.6015825,4.598758,7.743806,7.341213,284.90146,287.33206,285.5064,292.88367,287.4804,284.90146,287.33206,285.5064,292.88367,287.4804,284.90146,287.33206,285.5064,292.88367,287.4804,0.0,0.0,0.0,0.0,0.0,0.0,0.0,0.0,0.0,0.0,3.428749,4.194618,4.461592,7.0952706,6.874339,2.6474439178336184,2.6742246826922016,5.346073535428309,7.301634555974399,7.336535294092619,3.428749,4.194618,4.461592,7.0952706,6.874339,2.6474439178336184,2.6742246826922016,5.346073535428309,7.301634555974399,7.336535294092619
2012-08-27 00:00:00,0.0,0.0,0.0,0.0,0.0,0.0,0.0,0.0,0.0,0.0,0.0,0.0,0.0,0.0,0.0,1.5105433,2.6316044,1.7922217,1.4356568,1.1383953,2.2556083,3.4161253,3.0715003,3.5883965,3.6120548,3.1493578,4.2491217,3.2575376,3.7551422,4.3288603,277.6415,282.9156,279.40256,280.7241,278.7122,277.6415,282.9156,279.40256,280.7241,278.7122,277.6415,282.9156,279.40256,280.7241,278.7122,0.0,0.0,0.0,0.0,0.0,0.0,0.0,0.0,0.0,0.0,2.258313,3.4191244,3.0744865,3.5911145,3.6149082,1.742200587468187,2.16740308085653,3.3537872704198133,3.76570289191893,4.326960164368189,2.258313,3.4191244,3.0744865,3.5911145,3.6149082,1.742200587468187,2.16740308085653,3.3537872704198133,3.76570289191893,4.326960164368189
2012-08-27 01:00:00,0.0,0.0,0.0,0.0,0.0,0.0,0.0,0.0,0.0,0.0,0.0,0.0,0.0,0.0,0.0,1.3464026,2.3733795,1.7149533,1.4608643,1.1371307,2.090872,3.1634505,2.960129,3.6558242,3.60729,2.7883174,3.8084564,3.1498504,3.831893,4.324457,276.6197,281.4766,278.91248,280.95807,278.69937,276.6197,281.4766,278.91248,280.95807,278.69937,276.6197,281.4766,278.91248,280.95807,278.69937,0.0,0.0,0.0,0.0,0.0,0.0,0.0,0.0,0.0,0.0,2.093577,3.1664493,2.963115,3.6585426,3.6101437,1.614789797660013,2.0022681711946513,3.193825442671482,3.8337423655434284,4.322560767345095,2.093577,3.1664493,2.963115,3.6585426,3.6101437,1.614789797660013,2.0022681711946513,3.193825442671482,3.8337423655434284,4.322560767345095
2012-08-27 02:00:00,0.0,0.0,0.0,0.0,0.0,0.0,0.0,0.0,0.0,0.0,0.0,0.0,0.0,0.0,0.0,1.0713197,2.1557832,1.6459562,1.2472908,1.3131332,1.8147918,2.9505312,2.860679,3.084529,4.2704706,2.183252,3.4371254,3.05369,3.1816065,4.9373655,274.90723,280.264,278.47485,278.97565,280.4834,274.90723,280.264,278.47485,278.97565,280.4834,274.90723,280.264,278.47485,278.97565,280.4834,0.0,0.0,0.0,0.0,0.0,0.0,0.0,0.0,0.0,0.0,1.8174965,2.95353,2.863665,3.087247,4.273324,1.4012626627170306,1.8631154025371937,3.0509863736191702,3.2572660114743774,4.9349044591856766,1.8174965,2.95353,2.863665,3.087247,4.273324,1.4012626627170306,1.8631154025371937,3.0509863736191702,3.2572660114743774,4.9349044591856766
2012-08-27 03:00:00,0.0,0.0,0.0,0.0,0.0,0.0,0.0,0.0,0.0,0.0,0.0,0.0,0.0,0.0,0.0,1.0409997,2.0244722,1.5848209,1.2595115,1.2802474,1.7843616,2.822042,2.772561,3.1172183,4.146556,2.1165607,3.2130406,2.9684868,3.2188158,4.8228445,274.71848,279.53226,278.0871,279.08908,280.15005,274.71848,279.53226,278.0871,279.08908,280.15005,274.71848,279.53226,278.0871,279.08908,280.15005,0.0,0.0,0.0,0.0,0.0,0.0,0.0,0.0,0.0,0.0,1.7870663,2.825041,2.775547,3.1199362,4.14941,1.3777272646056444,1.7791418512494173,2.924423388167381,3.290251889061733,4.820488712320786,1.7870663,2.825041,2.775547,3.1199362,4.14941,1.3777272646056444,1.7791418512494173,2.924423388167381,3.290251889061733,4.820488712320786
2012-08-27 04:00:00,0.0,0.0,0.0,0.0,0.0,0.0,0.0,0.0,0.0,0.0,0.0,0.0,0.0,0.0,0.0,0.97514814,1.8871149,1.3822029,1.3970652,1.0271982,1.7182714,2.6876376,2.4805148,3.4851658,3.1930618,1.9717155,2.978639,2.6861017,3.6376383,3.9416285,274.30853,278.7668,276.80197,280.36588,277.58505,274.30853,278.7668,276.80197,280.36588,277.58505,274.30853,278.7668,276.80197,280.36588,277.58505,0.0,0.0,0.0,0.0,0.0,0.0,0.0,0.0,0.0,0.0,1.7209761,2.6906364,2.483501,3.4878838,3.1959152,1.3266115002030159,1.691301972468868,2.5049606240905407,3.661536028555899,3.940085569961168,1.7209761,2.6906364,2.483501,3.4878838,3.1959152,1.3266115002030159,1.691301972468868,2.5049606240905407,3.661536028555899,3.940085569961168
2012-08-27 05:00:00,-0.25406817,-2.1492205,-1.7620573,-1.5102127,-0.75199777,-0.37406906,-3.1413949,-3.083911,-3.8733525,-2.6777184,-0.2849466,-2.146851,-1.9028836,-2.0748286,-1.5438843,0.99155086,2.0654898,1.6959141,1.3131382,1.3077862,1.7347336,2.862178,2.9326863,3.2606666,4.2503233,2.0077946,3.283038,3.1233153,3.3820982,4.9187455,274.41064,279.76083,278.79172,279.58685,280.4292,274.41064,279.76083,278.79172,279.58685,280.4292,274.41064,279.76083,278.79172,279.58685,280.4292,0.5611143,4.1447625,3.8881655,4.421728,2.7503638,0.3299556234678961,2.8325360008796987,3.025748170950431,3.0749020042624293,1.8430406204694716,1.7374384,2.8651772,2.9356728,3.2633846,4.2531767,1.3393438271360314,1.8053726419386094,3.154410226755164,3.4350010548748537,4.9163012946308795,1.1763241,-1.2795852,-0.9524928,-1.1583433,1.5028129,1.0093882036681352,-1.0271633589410893,0.1286620558047331,0.3600990506124244,3.073260674161408
2012-08-27 06:00:00,-2.2244787,-10.013074,-7.188682,-5.494378,-3.1671915,-2.9929724,-13.382148,-12.0871725,-14.208459,-11.996839,-2.6942308,-10.827002,-8.346338,-8.323722,-6.694792,1.187316,2.558397,1.9607067,1.3930343,1.479107,1.9312086,3.3444915,3.3143482,3.4743836,4.895863,2.4383945,4.124192,3.4923518,3.625365,5.515351,275.62933,282.50763,280.4712,280.32846,282.16577,275.62933,282.50763,280.4712,280.32846,282.16577,275.62933,282.50763,280.4712,280.32846,282.16577,4.1489134,15.921492,14.056377,15.310856,11.770007,2.9561968939661933,13.081449205537181,12.360238474007517,10.271872197192447,7.566162284750288,1.9339134,3.3474903,3.3173347,3.4771018,4.898717,1.491302208410099,2.1205868979549116,3.7025875271147073,3.650656102292219,5.512356742731198,-2.2150002,-12.574001,-10.739043,-11.833755,-6.87129,-1.4648946855560943,-10.96086230758227,-8.65765094689281,-6.6212160949002286,-2.0538055420190897
2012-08-27 07:00:00,-5.5149684,-14.424741,-10.543212,-8.468177,-4.582134,-7.1782656,-18.516403,-17.408007,-22.15811,-17.844135,-6.9591846,-16.24014,-12.670855,-13.526787,-9.807491,1.5491924,2.7358956,2.1178799,1.5433905,1.5983427,2.2943974,3.5181746,3.5408921,3.8765774,5.345146,3.2343693,4.4270954,3.711402,4.083169,5.930576,277.8821,283.49677,281.46808,281.7241,283.3744,277.8821,283.49677,281.46808,281.7241,283.3744,277.8821,283.49677,281.46808,281.7241,283.3744,9.217445,21.198051,19.503576,23.10841,17.157042,7.1544440012008215,18.953103322046644,18.033630814752108,15.151391246185696,10.75968294795572,2.297102,3.521174,3.543878,3.8792953,5.347999,1.7722010852386272,2.23409723010686,4.027969746756465,4.056496875449329,5.927198932499316,-6.9203434,-17.676878,-15.959697,-19.229115,-11.809043,-5.382242915962195,-16.719006091939782,-14.005661067995643,-11.094894370736366,-4.832484015456405
2012-08-27 08:00:00,-7.118197,-17.13163,-12.816861,-10.444749,-5.3757143,-9.085146,-21.550257,-20.97871,-27.470764,-21.221977,-9.171478,-19.708235,-15.692311,-17.148575,-11.575083,1.6665417,2.8788657,2.258314,1.6598797,1.6701659,2.412172,3.6580725,3.743308,4.188178,5.615777,3.492488,4.6710773,3.907122,4.4378533,6.180692,278.61264,284.2935,282.3588,282.80536,284.10242,278.61264,284.2935,282.3588,282.80536,284.10242,278.61264,284.2935,282.3588,282.80536,284.10242,11.362904,24.063602,22.946814,28.146809,20.201294,9.2017731131372,22.446564574979554,21.67296473732115,18.241498843242056,12.494884365879464,2.4148767,3.6610713,3.7462943,4.190896,5.6186304,1.8632908766679515,2.3255267698295214,4.318698052783649,4.370923194738438,6.177084683411048,-8.948027,-20.40253,-19.20052,-23.955914,-14.5826645,-7.338482236469249,-20.12103780515003,-17.3542666845375,-13.870575648503618,-6.317799682468416
2012-08-27 09:00:00,-9.964471,-19.168737,-14.476906,-12.176519,-5.9225445,-12.599752,-23.849844,-23.587105,-32.106285,-23.55083,-12.991767,-22.319208,-17.908503,-20.29398,-12.7922945,2.0163097,3.054738,2.3937342,1.8158875,1.7437415,2.7632084,3.8301644,3.9384975,4.6054897,5.893011,4.261829,4.9712048,4.0958548,4.9128656,6.4369116,280.79004,285.27356,283.2177,284.25345,284.8482,280.79004,285.27356,283.2177,284.25345,284.8482,280.79004,285.27356,283.2177,284.25345,284.8482,14.936022,25.991169,25.339893,32.46972,22.313162,12.344918260296069,24.789578839825904,24.11830634513353,20.874865694104123,13.624623595630505,2.7659132,3.8331633,3.941484,4.6082077,5.8958645,2.1347908152046235,2.437996975835316,4.59904711822837,4.792018937917788,6.4330667416262095,-12.170109,-22.158007,-21.398409,-27.861511,-16.417297,-10.210127445091445,-22.35158186399059,-19.51925922690516,-16.082846756186335,-7.191556854004295
2012-08-27 10:00:00,-11.626224,-20.919256,-16.166779,-13.225707,-6.213867,-14.620042,-25.87574,-26.27155,-34.87283,-24.799374,-15.254933,-24.517317,-20.11087,-22.20007,-13.441931,2.23362,3.293676,2.6039646,1.9278526,1.7846568,2.9813063,4.0639663,4.241515,4.904989,6.047181,4.7398195,5.378956,4.3888483,5.2537756,6.5793943,282.14285,286.60507,284.55112,285.29272,285.26294,282.14285,286.60507,284.55112,285.29272,285.26294,282.14285,286.60507,284.55112,285.29272,285.26294,16.794851,27.401596,27.627258,35.00098,23.439611,14.03142316498203,26.416887593334632,26.195012136805197,22.41339666598718,14.213808620941323,2.9840114,4.066965,4.2445016,4.907707,6.0500345,2.3034732182571145,2.5907974602892736,5.034267999964956,5.094234181726618,6.575418659587746,-13.81084,-23.334631,-23.382757,-30.093273,-17.389576,-11.727949946724916,-23.82609013304536,-21.16074413684024,-17.31916248426056,-7.638389961353577
2012-08-27 11:00:00,-12.551571,-21.997847,-17.25505,-13.979076,-6.4968567,-15.746725,-27.15448,-27.990707,-36.81095,-25.948166,-16.512897,-25.840065,-21.50347,-23.51006,-14.055843,2.370686,3.5103245,2.7793298,2.044542,1.8674178,3.1188695,4.2759585,4.4942803,5.2171254,6.359026,5.0413065,5.74867,4.633252,5.609071,6.8676004,282.99612,287.81238,285.6634,286.37585,286.10184,282.99612,287.81238,285.6634,286.37585,286.10184,282.99612,287.81238,285.6634,286.37585,286.10184,17.752638,28.071613,28.973528,36.746044,24.542778,14.89302803723924,27.135845455055716,27.298161207809365,23.478924609162497,14.693580310165267,3.1215744,4.2789574,4.497267,5.2198443,6.36188,2.409867677625646,2.7293443642218667,5.397312320031175,5.409201835030479,6.863359194749241,-14.631064,-23.792656,-24.476261,-31.5262,-18.180899,-12.483160359613594,-24.40650109083385,-21.90084888777819,-18.069722774132018,-7.830221115416026
2012-08-27 12:00:00,-12.947597,-22.261599,-17.673508,-14.318656,-6.526354,-16.251097,-27.502945,-28.661417,-37.642014,-26.047173,-17.02655,-26.12483,-22.004646,-24.039234,-14.114245,2.4524107,3.6203382,2.885732,2.1324372,1.8895648,3.2008905,4.3836074,4.6476445,5.4522405,6.442476,5.2210665,5.93641,4.781543,5.8766937,6.944724,283.50488,288.42545,286.33826,287.1917,286.32632,283.50488,288.42545,286.33826,287.1917,286.32632,283.50488,288.42545,286.33826,287.1917,286.32632,18.134924,28.11335,29.421177,37.47452,24.659775,15.190731853928432,27.103749220410613,27.53992820006101,23.930202380512355,14.716100679637254,3.2035954,4.3866067,4.6506305,5.4549584,6.445329,2.4733048032384066,2.799698216579034,5.617587297229419,5.6464481227411,6.940411491182285,-14.931328,-23.726744,-24.770546,-32.01956,-18.214445,-12.717427050690025,-24.304051003831578,-21.92234090283159,-18.283754257771257,-7.775689188454969
2012-08-27 13:00:00,-13.556122,-22.017805,-17.708218,-14.327042,-6.566476,-17.072403,-27.311434,-28.756222,-37.58795,-26.116552,-17.763996,-25.721685,-21.96253,-23.911932,-14.175538,2.633621,3.7033591,2.9837134,2.2112484,1.9659278,3.382758,4.4648447,4.788872,5.6630554,6.730215,5.619652,6.078087,4.9180984,6.116657,7.2106514,284.63297,288.8881,286.95972,287.92325,287.10037,284.63297,288.8881,286.95972,287.92325,287.10037,284.63297,288.8881,286.95972,287.92325,287.10037,18.651402,27.721914,29.342258,37.39991,24.823858,15.49272208915808,26.476716906820677,27.179023630627565,23.89953505509932,14.656041289741014,3.385463,4.4678435,4.791858,5.6657734,6.7330675,2.6139654323713746,2.8527901774399353,5.820430728343873,5.859174641881944,7.206093172357886,-15.265938,-23.25407,-24.5504,-31.734137,-18.090792,-12.878756656786706,-23.62392672938074,-21.358592902283693,-18.04036041321738,-7.449948117383127
2012-08-27 14:00:00,-12.668293,-21.030071,-17.209482,-13.847626,-6.317213,-16.068651,-26.301008,-28.049076,-36.276417,-24.996935,-16.477282,-24.345156,-21.189722,-22.865406,-13.607179,2.5539844,3.703299,3.049699,2.2502513,1.9667801,3.3028328,4.4647856,4.8839808,5.7673855,6.7334247,5.444485,6.0779843,5.0100613,6.235412,7.2136183,284.1372,288.88776,287.37823,288.28528,287.109,284.1372,288.88776,287.37823,288.28528,287.109,284.1372,288.88776,287.37823,288.28528,287.109,17.783518,26.786194,28.578037,36.206924,23.867275,14.56086543003182,25.13193770022107,26.091748910780943,23.192058408012368,14.098455459980109,3.3055377,4.4677844,4.8869667,5.7701035,6.736278,2.5521493382210956,2.8527516542493365,5.957034284339925,5.964450796258809,7.2090575279710665,-14.477981,-22.31841,-23.69107,-30.43682,-17.130997,-12.008716091810724,-22.279186045971734,-20.134714626441017,-17.22760761175356,-6.889397932009042
2012-08-27 15:00:00,-12.730393,-19.25178,-15.754891,-12.617834,-5.814846,-16.36264,-24.427355,-25.889624,-33.059635,-22.794052,-16.334442,-21.940342,-19.160429,-20.469048,-12.475252,2.8319402,3.6792905,3.0178518,2.206287,1.9513052,3.5817962,4.4412932,4.8380766,5.649784,6.6751146,6.05587,6.0370135,4.9656754,6.1015506,7.159728,285.86755,288.75397,287.17624,287.8772,286.95215,285.86755,288.75397,287.17624,287.8772,286.95215,285.86755,288.75397,287.17624,287.8772,286.95215,17.603605,25.090439,26.62829,33.313297,21.941067,13.990811586993537,22.82153675899041,23.847497628274542,21.443845172949658,13.004744133345,3.584501,4.444292,4.841063,5.6525025,6.677968,2.767906342734534,2.837398411741804,5.891103196609295,5.845783280762945,7.155217288212252,-14.019105,-20.646147,-21.787228,-27.660797,-15.263098,-11.222905244259003,-19.984138347248603,-17.956394431665245,-15.598061892186713,-5.849526845132748
2012-08-27 16:00:00,-10.608509,-15.820972,-13.074426,-10.611216,-4.8675346,-13.975127,-20.624928,-21.82676,-27.755928,-18.758259,-13.287102,-17.53097,-15.546692,-16.647415,-10.36865,2.7616718,3.5515773,2.9637995,2.216581,1.9080143,3.5112734,4.316325,4.760167,5.67732,6.511994,5.9013095,5.8190694,4.890343,6.132894,7.0089726,285.4301,288.04227,286.8334,287.97275,286.51334,285.4301,288.04227,286.8334,287.97275,286.51334,285.4301,288.04227,286.8334,287.97275,286.51334,15.329855,21.72077,22.8517,28.383087,18.319778,11.582710451157288,18.659687542426813,19.719259531087598,18.432427745425912,10.950854590335744,3.513978,4.319324,4.7631536,5.680038,6.5148473,2.7133620587363754,2.7557257455652158,5.77920263163484,5.8735688020774495,7.004600788700188,-11.815877,-17.401445,-18.088545,-22.703049,-11.804932,-8.869348392420912,-15.903961796861598,-13.940056899452758,-12.558858943348461,-3.9462538016355566
2012-08-27 17:00:00,-6.787577,-9.25651,-7.730668,-5.7669587,-2.8807907,-9.40531,-12.774167,-13.350624,-15.128279,-10.729247,-8.118662,-9.714166,-8.810768,-8.510163,-6.0505514,2.708875,3.3459744,2.8073907,1.8589704,1.7510123,3.458285,4.115141,4.534726,4.7207336,5.9204073,5.7851787,5.468204,4.6723604,5.044044,6.4622307,285.10144,286.8965,285.84137,284.65335,284.9219,285.10144,286.8965,285.84137,284.65335,284.9219,285.10144,286.8965,285.84137,284.65335,284.9219,10.63203,14.112315,14.5753145,16.187592,10.7714205,7.2412597475909015,10.760003995039177,11.660901457431784,10.75189019015406,6.625014736149242,3.4609897,4.1181397,4.5377126,4.7234516,5.923261,2.6723796435933465,2.6242425939450524,5.455404192465839,4.908308133479993,6.458363274509,-7.1710396,-9.994175,-10.037601,-11.464139,-4.8481593,-4.5688801039975555,-8.135761401094125,-6.205497264965945,-5.843582056674066,-0.16665146164024236
2012-08-27 18:00:00,-0.03027139,0.0,0.0,0.0,0.0,-0.0463999,0.0,0.0,0.0,0.0,-0.0334286,0.0,0.0,0.0,0.0,2.281701,3.100137,2.0400295,1.8695735,1.624021,3.029562,3.8745873,3.4286814,4.749096,5.4419017,4.845577,5.048679,3.602903,5.0763283,6.0199976,282.44217,285.52655,280.9743,284.75177,283.63467,282.44217,285.52655,280.9743,284.75177,283.63467,282.44217,285.52655,280.9743,284.75177,283.63467,0.058353204,0.0,0.0,0.0,0.0,0.03241570877268272,0.0,0.0,0.0,0.0,3.0322666,3.8775861,3.4316676,4.7518144,5.4447556,2.340794994275947,2.467029453113475,3.8668026521074834,4.936927841636901,6.016538116332573,2.9739134,3.8775861,3.4316676,4.7518144,5.4447556,2.3083792855032645,2.467029453113475,3.8668026521074834,4.936927841636901,6.016538116332573
2012-08-27 19:00:00,0.0,0.0,0.0,0.0,0.0,0.0,0.0,0.0,0.0,0.0,0.0,0.0,0.0,0.0,0.0,2.2088099,3.1001806,2.0149903,1.9254129,1.4578545,2.9564064,3.87463,3.3925908,4.898463,4.815783,4.6852484,5.0487537,3.5680058,5.2463474,5.441341,281.9884,285.5268,280.8155,285.27008,281.95035,281.9884,285.5268,280.8155,285.27008,281.95035,281.9884,285.5268,280.8155,285.27008,281.95035,0.0,0.0,0.0,0.0,0.0,0.0,0.0,0.0,0.0,0.0,2.9591115,3.877629,3.395577,4.9011817,4.818637,2.284214907854248,2.4670574699793635,3.81496621449603,5.087649430268502,5.438415448478771,2.9591115,3.877629,3.395577,4.9011817,4.818637,2.284214907854248,2.4670574699793635,3.81496621449603,5.087649430268502,5.438415448478771
2012-08-27 20:00:00,0.0,0.0,0.0,0.0,0.0,0.0,0.0,0.0,0.0,0.0,0.0,0.0,0.0,0.0,0.0,2.1698961,3.134189,1.9726057,1.8322704,1.5722702,2.9173517,3.9079072,3.331499,4.649313,5.2469034,4.5996537,5.106789,3.5089355,4.962748,5.839781,281.74615,285.7163,280.54666,284.40552,283.1101,281.74615,285.7163,280.54666,284.40552,283.1101,281.74615,285.7163,280.54666,284.40552,283.1101,0.0,0.0,0.0,0.0,0.0,0.0,0.0,0.0,0.0,0.0,2.9200563,3.910906,3.3344853,4.652031,5.249757,2.2540089272223667,2.4888055621262106,3.7272207919519715,4.836239714893251,5.836487555785047,2.9200563,3.910906,3.3344853,4.652031,5.249757,2.2540089272223667,2.4888055621262106,3.7272207919519715,4.836239714893251,5.836487555785047
2012-08-27 21:00:00,0.0,0.0,0.0,0.0,0.0,0.0,0.0,0.0,0.0,0.0,0.0,0.0,0.0,0.0,0.0,2.0788033,3.070187,2.3277442,1.7735245,1.4907644,2.8259284,3.8452806,3.8433821,4.4921713,4.9397883,4.399288,4.997568,4.0038853,4.7838793,5.5559464,281.17908,285.35965,282.79916,283.86023,282.28394,281.17908,285.35965,282.79916,283.86023,282.28394,281.17908,285.35965,282.79916,283.86023,282.28394,0.0,0.0,0.0,0.0,0.0,0.0,0.0,0.0,0.0,0.0,2.8286333,3.84828,3.8463686,4.4948897,4.942642,2.1832999914574867,2.4478764231696566,4.46243360134884,4.67767322021182,5.552914993382196,2.8286333,3.84828,3.8463686,4.4948897,4.942642,2.1832999914574867,2.4478764231696566,4.46243360134884,4.67767322021182,5.552914993382196
2012-08-27 22:00:00,0.0,0.0,0.0,0.0,0.0,0.0,0.0,0.0,0.0,0.0,0.0,0.0,0.0,0.0,0.0,2.1611066,2.9556222,2.3500168,1.591928,1.5473024,2.9085302,3.733179,3.875485,4.0064116,5.1528244,4.58032,4.8020625,4.0349264,4.230955,5.752834,281.69144,284.72122,282.94043,282.17462,282.85703,281.69144,284.72122,282.94043,282.17462,282.85703,281.69144,284.72122,282.94043,282.17462,282.85703,0.0,0.0,0.0,0.0,0.0,0.0,0.0,0.0,0.0,0.0,2.9112349,3.7361777,3.8784714,4.00913,5.1556783,2.2471861351748785,2.3746123188682016,4.508542530961334,4.187508581347133,5.749620414088577,2.9112349,3.7361777,3.8784714,4.00913,5.1556783,2.2471861351748785,2.3746123188682016,4.508542530961334,4.187508581347133,5.749620414088577
2012-08-27 23:00:00,0.0,0.0,0.0,0.0,0.0,0.0,0.0,0.0,0.0,0.0,0.0,0.0,0.0,0.0,0.0,2.0841024,2.534378,2.012522,1.75944,1.524096,2.8312469,3.3209887,3.3890333,4.4544954,5.065382,4.4109445,4.083203,3.5645661,4.740994,5.6720195,281.21207,282.37378,280.79984,283.7295,282.6218,281.21207,282.37378,280.79984,283.7295,282.6218,281.21207,282.37378,280.79984,283.7295,282.6218,0.0,0.0,0.0,0.0,0.0,0.0,0.0,0.0,0.0,0.0,2.8339517,3.3239875,3.3920193,4.4572134,5.068236,2.187413453924489,2.105226651230907,3.8098562812726113,4.639655598585714,5.668881003959988,2.8339517,3.3239875,3.3920193,4.4572134,5.068236,2.187413453924489,2.105226651230907,3.8098562812726113,4.639655598585714,5.668881003959988
2012-09-21 00:00:00,0.0,0.0,0.0,0.0,0.0,0.0,0.0,0.0,0.0,0.0,0.0,0.0,0.0,0.0,0.0,1.0146893,1.6948304,1.3382976,1.171317,0.87247235,1.757956,2.4994857,2.4172316,2.8813035,2.6100519,2.0586896,2.6505017,2.6249118,2.950282,3.402813,274.5547,277.69528,276.5235,278.27045,276.0167,274.5547,277.69528,276.5235,278.27045,276.0167,274.5547,277.69528,276.5235,278.27045,276.0167,0.0,0.0,0.0,0.0,0.0,0.0,0.0,0.0,0.0,0.0,1.7606608,2.5024846,2.4202178,2.8840218,2.6129053,1.3573045513212771,1.56833594807916,2.4140675623679226,3.0521980374930404,3.401766970411548,1.7606608,2.5024846,2.4202178,2.8840218,2.6129053,1.3573045513212771,1.56833594807916,2.4140675623679226,3.0521980374930404,3.401766970411548
2012-09-21 01:00:00,0.0,0.0,0.0,0.0,0.0,0.0,0.0,0.0,0.0,0.0,0.0,0.0,0.0,0.0,0.0,1.0152777,1.7133622,1.3202399,1.1480298,0.87813544,1.7585465,2.5176191,2.391204,2.8190117,2.6313906,2.0599833,2.6821268,2.5997453,2.8793774,3.422534,274.55835,277.79855,276.40897,278.0543,276.0741,274.55835,277.79855,276.40897,278.0543,276.0741,274.55835,277.79855,276.40897,278.0543,276.0741,0.0,0.0,0.0,0.0,0.0,0.0,0.0,0.0,0.0,0.0,1.7612512,2.5206182,2.3941903,2.8217297,2.634244,1.3577611799022578,1.5801870823504856,2.376684366680801,2.9893411714851723,3.4214699842221186,1.7612512,2.5206182,2.3941903,2.8217297,2.634244,1.3577611799022578,1.5801870823504856,2.376684366680801,2.9893411714851723,3.4214699842221186
2012-09-21 02:00:00,0.0,0.0,0.0,0.0,0.0,0.0,0.0,0.0,0.0,0.0,0.0,0.0,0.0,0.0,0.0,1.0455977,1.6772295,1.2488178,0.9510398,0.91613346,1.7889764,2.482263,2.2882586,2.2920756,2.774568,2.1266747,2.6204658,2.5002053,2.2795837,3.554858,274.7471,277.5972,275.95596,276.2258,276.45926,274.7471,277.5972,275.95596,276.2258,276.45926,274.7471,277.5972,275.95596,276.2258,276.45926,0.0,0.0,0.0,0.0,0.0,0.0,0.0,0.0,0.0,0.0,1.7916813,2.485262,2.291245,2.2947936,2.7774215,1.3812965780136444,1.55708017220799,2.228825012356358,2.457626928406335,3.553671864766089,1.7916813,2.485262,2.291245,2.2947936,2.7774215,1.3812965780136444,1.55708017220799,2.228825012356358,2.457626928406335,3.553671864766089
2012-09-21 03:00:00,0.0,0.0,0.0,0.0,0.0,0.0,0.0,0.0,0.0,0.0,0.0,0.0,0.0,0.0,0.0,1.0462056,1.6073022,1.1696343,1.2889699,0.9096545,1.7895865,2.4138389,2.1741269,3.1960177,2.750155,2.128012,2.501134,2.389849,3.3085105,3.5322955,274.7509,277.20752,275.45374,279.36252,276.3936,274.7509,277.20752,275.45374,279.36252,276.3936,274.7509,277.20752,275.45374,279.36252,276.3936,0.0,0.0,0.0,0.0,0.0,0.0,0.0,0.0,0.0,0.0,1.7922914,2.4168377,2.177113,3.1987357,2.7530084,1.3817684275473245,1.5123617521398605,2.0648987529843996,3.369765868933327,3.5311301924001417,1.7922914,2.4168377,2.177113,3.1987357,2.7530084,1.3817684275473245,1.5123617521398605,2.0648987529843996,3.369765868933327,3.5311301924001417
2012-09-21 04:00:00,0.0,0.0,0.0,0.0,0.0,0.0,0.0,0.0,0.0,0.0,0.0,0.0,0.0,0.0,0.0,1.0498481,1.6098871,1.2078284,1.2931979,0.86878425,1.7932422,2.4163682,2.2291782,3.2073274,2.5961552,2.1360238,2.5055451,2.4430792,3.3213842,3.3899696,274.77356,277.22192,275.69598,279.40176,275.9793,274.77356,277.22192,275.69598,279.40176,275.9793,274.77356,277.22192,275.69598,279.40176,275.9793,0.0,0.0,0.0,0.0,0.0,0.0,0.0,0.0,0.0,0.0,1.795947,2.419367,2.2321644,3.2100456,2.5990086,1.3845957195112306,1.5140147472273502,2.14396824602047,3.381178254883647,3.388935395760858,1.795947,2.419367,2.2321644,3.2100456,2.5990086,1.3845957195112306,1.5140147472273502,2.14396824602047,3.381178254883647,3.388935395760858
2012-09-21 05:00:00,0.0,0.0,0.0,0.0,0.0,0.0,0.0,0.0,0.0,0.0,0.0,0.0,0.0,0.0,0.0,1.0740453,1.5232463,1.0050418,1.1934899,0.76631206,1.8175273,2.3315895,1.9368894,2.9406142,2.210038,2.1892474,2.3576908,2.1604593,3.0177934,3.0331216,274.9242,276.7391,274.4098,278.47626,274.9406,274.9242,276.7391,274.4098,278.47626,274.9406,274.9242,276.7391,274.4098,278.47626,274.9406,0.0,0.0,0.0,0.0,0.0,0.0,0.0,0.0,0.0,0.0,1.820232,2.3345883,1.9398756,2.9433324,2.2128913,1.403378375142242,1.458607892822316,1.724156851021954,3.1120465062713913,3.032416640813184,1.820232,2.3345883,1.9398756,2.9433324,2.2128913,1.403378375142242,1.458607892822316,1.724156851021954,3.1120465062713913,3.032416640813184
2012-09-21 06:00:00,-1.0173806,-3.328481,-1.1993237,-2.2444782,-0.74925244,-1.4271665,-4.622558,-1.8929195,-5.568843,-2.6974857,-1.187713,-3.4724023,-1.2173111,-3.141126,-1.5289513,1.1615351,1.7365928,1.2722306,1.1051309,1.0311874,1.9053344,2.5403504,2.3220053,2.7042599,3.2080932,2.3816879,2.7217703,2.5328355,2.7487593,3.95552,275.46884,277.928,276.10446,277.6561,277.6255,275.46884,277.928,276.10446,277.6561,277.6255,275.46884,277.928,276.10446,277.6561,277.6255,2.0310004,6.1862245,2.5764055,6.224751,2.6883297,1.3242685112622514,4.724493164034748,2.0922811558658103,4.409219156117671,1.9242263399682562,1.9080391,2.5433493,2.3249912,2.706978,3.2109466,1.4712904608486148,1.5950430254884767,2.27729467135277,2.873548938297165,3.9539646200935468,-0.12296133,-3.642875,-0.25141412,-3.517773,0.5226168,0.1470219495863634,-3.1294501385462716,0.18501351548695988,-1.5356702178205062,2.0297382801252906
2012-09-21 07:00:00,-4.052042,-7.08327,-4.433128,-5.5390196,-1.523036,-5.3763433,-9.26183,-6.9984674,-14.550714,-5.777594,-5.0193076,-7.82593,-5.002076,-8.438047,-3.2062712,1.6330496,1.9670529,1.5075333,1.3577106,1.0985787,2.3785589,2.765857,2.6611617,3.3798945,3.4620252,3.4188197,3.1150537,2.8607728,3.5178113,4.1902037,278.40414,279.21228,277.5969,280.00058,278.3086,278.40414,279.21228,277.5969,280.00058,278.3086,278.40414,279.21228,277.5969,280.00058,278.3086,6.888221,11.701543,8.648225,15.352075,5.556172,5.130062156040745,10.135430386825943,7.969944141457506,10.25451673748279,3.8800775247647215,2.3812635,2.768856,2.6641479,3.3826127,3.464879,1.837293489457443,1.7424222463927845,2.7644217168851437,3.555310321071192,4.188431531914816,-4.506957,-8.932687,-5.9840765,-11.969461,-2.091293,-3.292768666583302,-8.393008140433158,-5.205522424572362,-6.699206416411599,0.3083540071500943
2012-09-21 08:00:00,-5.7337227,-9.570291,-6.8760357,-8.665139,-2.1690845,-7.4018364,-12.183243,-10.793864,-23.093658,-8.491791,-7.3010206,-10.871762,-8.107857,-13.932158,-4.654381,1.7984357,2.1429908,1.6621035,1.5064918,1.1806656,2.5445445,2.9380136,2.883953,3.777876,3.7713296,3.7825987,3.4152942,3.0761943,3.9708204,4.476062,279.43372,280.19272,278.57727,281.3816,279.14066,279.43372,280.19272,278.57727,281.3816,279.14066,279.43372,280.19272,278.57727,281.3816,279.14066,9.143788,14.8820715,12.764763,23.570553,8.028285,7.215510952678606,13.630035160861164,12.365049747165092,15.369541912567952,5.47637779790332,2.547249,2.9410124,2.8869393,3.7805939,3.7741833,1.9656708097620268,1.8549344776974137,3.0844150985661414,3.9569002910632918,4.474025721997326,-6.5965385,-11.941059,-9.877824,-19.789959,-4.2541013,-5.24984014291658,-11.77510068316375,-9.28063464859895,-11.41264162150466,-1.0023520759059936
2012-09-21 09:00:00,-7.177624,-11.678237,-8.7855015,-11.529976,-2.7381258,-9.139001,-14.657328,-13.865379,-30.990452,-10.921665,-9.275228,-13.47222,-10.559569,-19.14433,-5.9436326,1.9854014,2.3447766,1.8476071,1.7014337,1.2762672,2.732188,3.1354623,3.1513312,4.2993326,4.1315594,4.193844,3.7596455,3.3347273,4.564377,4.8089843,280.59763,281.3172,279.75385,283.19107,280.1097,280.59763,281.3172,279.75385,283.19107,280.1097,280.59763,281.3172,279.75385,283.19107,280.1097,10.931884,17.361952,15.899365,30.91854,10.249451,8.878076904896934,16.364811733640813,15.48290089448462,19.845780169099505,6.830405810078359,2.7348926,3.1384614,3.1543171,4.3020506,4.1344123,2.1107987885122563,1.9839766598769408,3.4684470001172443,4.483085827729183,4.806641086452857,-8.196992,-14.223491,-12.7450485,-26.616488,-6.115038,-6.767278116384678,-14.380835073763873,-12.014453894367376,-15.362694341370322,-2.0237647236255016
2012-09-21 10:00:00,-7.606002,-13.013791,-10.459291,-13.11054,-3.113578,-9.615058,-16.221998,-16.548136,-35.298195,-12.531153,-9.902504,-15.1275,-12.71516,-22.00372,-6.7956066,2.0097113,2.4905949,2.028655,1.8524771,1.347395,2.756586,3.2781465,3.4122865,4.7033644,4.39957,4.2473154,4.008486,3.5870504,5.024273,5.056679,280.74896,282.1298,280.90216,284.59308,280.8307,280.74896,282.1298,280.90216,284.59308,280.8307,280.74896,282.1298,280.90216,284.59308,280.8307,11.427597,18.827961,18.51269,34.844723,11.7251625,9.42093114126254,17.987734190548125,18.00189121720096,22.224976655215343,7.691133538375406,2.759291,3.2811453,3.4152727,4.7060823,4.4024234,2.1296689646212887,2.0772272958824303,3.8432551235691528,4.890781335461423,5.054107169001887,-8.668306,-15.546815,-15.097417,-30.13864,-7.322739,-7.291262176641252,-15.910506894665694,-14.158636093631808,-17.33419531975392,-2.637026369373519
2012-09-21 11:00:00,-7.7831626,-13.5171,-11.93239,-14.04327,-3.335889,-9.813174,-16.864643,-18.935787,-37.792336,-13.4775,-10.161287,-15.697157,-14.572744,-23.663961,-7.298471,2.022212,2.59275,2.2384763,1.9665792,1.3980831,2.769132,3.378106,3.7147145,5.00858,4.590564,4.2748113,4.1828156,3.8794744,5.37169,5.2331944,280.82678,282.69907,282.23297,285.6522,281.34448,280.82678,282.69907,282.23297,285.6522,281.34448,280.82678,282.69907,282.23297,285.6522,281.34448,11.630054,19.345621,20.705643,37.080845,12.60478,9.6405478359574,18.428592247392174,19.904014653411192,23.58145552445177,8.18129670866965,2.7718368,3.381105,3.7177007,5.0112987,4.593417,2.1393723219671315,2.1425556229206393,4.27762933021024,5.1987648925421865,5.23046014109905,-8.858217,-15.964517,-16.987942,-32.069546,-8.011363,-7.501175513990269,-16.286036624471535,-15.626385323200953,-18.382690631909583,-2.950836567570601
2012-09-21 12:00:00,-7.938249,-12.078692,-12.456585,-14.41972,-3.4350631,-10.020242,-15.392189,-19.804493,-38.757362,-13.883699,-10.35273,-13.709038,-15.205218,-24.25888,-7.519426,2.064719,2.625548,2.343521,2.0504403,1.4336125,2.8117933,3.4101985,3.8661225,5.2329035,4.7244377,4.368309,4.2387853,4.0258737,5.6270294,5.356921,281.0914,282.88184,282.89923,286.4306,281.70462,281.0914,282.88184,282.89923,286.4306,281.70462,281.0914,282.88184,282.89923,286.4306,281.70462,11.812888,17.744455,21.448896,37.93584,13.004361,9.767130810681968,16.142852041779822,20.433033472137076,24.108017752796698,8.38240308930118,2.814498,3.4131978,3.869109,5.235622,4.727292,2.17236754218117,2.1635297491472842,4.495095338268124,5.425122379661017,5.3540727226931715,-8.99839,-14.331257,-17.579788,-32.70022,-8.277069,-7.594763268500797,-13.979322292632538,-15.937938133868952,-18.68289537313568,-3.0283303666080084
2012-09-21 13:00:00,-8.748561,-10.4760475,-12.262859,-14.18342,-3.39298,-11.10278,-13.653229,-19.564978,-38.078365,-13.672902,-11.351399,-11.616638,-14.89506,-23.69249,-7.4180617,2.3079522,2.6441839,2.3778753,2.0882332,1.4497677,3.0559084,3.4284341,3.9156394,5.333997,4.785312,4.903319,4.270588,4.0737524,5.742101,5.41318,282.6056,282.9857,283.11713,286.7814,281.86838,282.6056,282.9857,283.11713,286.7814,281.86838,282.6056,282.9857,283.11713,286.7814,281.86838,12.703295,15.857847,21.178988,37.335625,12.852492,10.372845002483148,13.74480918496598,19.956894810558047,23.758879058222888,8.262217693391769,3.0586133,3.431433,3.9186258,5.336715,4.788166,2.3611720447022164,2.1754474234750982,4.566216046289987,5.527132781293156,5.410280257040604,-9.644682,-12.4264145,-17.26036,-31.998907,-8.064327,-8.011672957780931,-11.569361761490882,-15.39067876426806,-18.231746276929734,-2.8519374363511645
2012-09-21 14:00:00,-8.968933,-7.826427,-11.484474,-13.271826,-3.2255788,-11.50439,-10.555673,-18.449165,-35.590427,-12.873497,-11.513402,-8.392344,-13.805347,-21.83946,-7.0230956,2.5246987,2.5973663,2.3811522,2.0920439,1.4969546,3.2734408,3.3826232,3.9203625,5.34419,4.963113,5.3800693,4.190694,4.0783195,5.753703,5.577503,283.9549,282.7248,283.1379,286.81677,282.34668,283.9549,282.7248,283.1379,286.81677,282.34668,283.9549,282.7248,283.1379,286.81677,282.34668,12.862624,12.518223,20.08137,35.126114,12.235044,10.256871300714838,10.090407280892036,18.579459392760924,22.438259358748812,7.80609929786145,3.2761457,3.3856223,3.9233487,5.3469086,4.965966,2.5294168453646004,2.145507900163762,4.57299940793745,5.537418127573423,5.574451089285723,-9.586478,-9.132601,-16.158022,-29.779203,-7.2690773,-7.727454455350237,-7.944899380728273,-14.006459984823474,-16.90084123117539,-2.231648208575727
2012-09-21 15:00:00,-7.666032,-5.814276,-9.743651,-11.26081,-2.747451,-10.039472,-8.048569,-15.862171,-30.170815,-10.833519,-9.641413,-6.0868163,-11.482133,-18.025427,-5.945898,2.467372,2.5157423,2.335967,2.0303226,1.4300448,3.2159066,3.3027532,3.8552346,5.1790895,4.7109957,5.253975,4.0514,4.0153456,5.565775,5.3444967,283.59802,282.26993,282.85132,286.24387,281.66846,283.59802,282.26993,282.85132,286.24387,281.66846,283.59802,282.26993,282.85132,286.24387,281.66846,11.410615,9.755521,17.542336,30.228975,10.381978,8.717849152930853,7.44768960252114,15.707584299706992,19.466281465915777,6.71845414242508,3.2186112,3.305752,3.8582208,5.1818075,4.713849,2.484918390148019,2.093308976903094,4.479456751210096,5.370820365951836,5.341660138235156,-8.192003,-6.4497685,-13.684114,-25.047167,-5.6681294,-6.232930762782834,-5.354380625618046,-11.228127548496897,-14.095461099963941,-1.3767940041899243
2012-09-21 16:00:00,-5.234201,-4.702289,-6.222966,-6.9679065,-1.8064306,-7.174495,-6.6223507,-10.416664,-18.636917,-6.9051733,-6.3118305,-4.8482823,-7.051843,-10.559969,-3.8513398,2.4316301,2.5266564,2.1990697,1.800961,1.3650227,3.1800349,3.3134332,3.6579156,4.5655622,4.465991,5.1753583,4.070026,3.8245547,4.8674173,5.118065,283.37552,282.33075,281.98303,284.1149,281.00937,283.37552,282.33075,281.98303,284.1149,281.00937,283.37552,282.33075,281.98303,284.1149,281.00937,8.366162,8.083322,11.973324,19.355782,6.7889624,5.818906425975804,5.950364956451566,10.032281514668318,12.7079827562439,4.468673208358599,3.1827397,3.3164318,3.6609018,4.56828,4.4688444,2.4571743986152597,2.100288678617855,4.196049694538104,4.751729488295352,5.115436858454778,-5.1834226,-4.76689,-8.312422,-14.787502,-2.3201177,-3.3617320273605444,-3.850076277833711,-5.836231820130214,-7.956253267948549,0.6467636500961795
2012-09-21 17:00:00,-0.61413556,-0.3189196,-0.14882353,-0.34887302,-0.07536037,-0.9254003,-0.48063207,-0.25641477,-0.92954373,-0.26266485,-0.68582946,-0.31104645,-0.15164182,-0.4752357,-0.15191394,2.0632043,2.0958889,1.4674919,1.7241621,1.0639198,2.8102732,2.891924,2.6034472,4.3601294,3.3314292,4.3649774,3.334914,2.8049674,4.63358,4.0695066,281.08197,279.93024,277.34293,283.40204,277.95728,281.08197,279.93024,277.34293,283.40204,277.95728,281.08197,279.93024,277.34293,283.40204,277.95728,1.1888591,0.6402466,0.34366775,1.0266038,0.27315572,0.6823749783092993,0.41046086677413157,0.2529778342784702,0.6986180481041376,0.1949712425902641,2.8129778,2.894923,2.6064334,4.362848,3.3342826,2.1711917235851454,1.8248128447577954,2.681527244594116,4.544434057958237,4.067846154462777,1.6241187,2.2546763,2.2627656,3.3362439,3.061127,1.4888167452758463,1.4143519779836637,2.4285494103156458,3.8458160098540994,3.872874911872513
2012-09-21 18:00:00,0.0,0.0,0.0,0.0,0.0,0.0,0.0,0.0,0.0,0.0,0.0,0.0,0.0,0.0,0.0,1.971332,2.1580396,1.3585398,1.9015634,1.1166912,2.7180674,2.9527388,2.4464078,4.834667,3.5302732,4.162897,3.4409754,2.653123,5.173731,4.253278,280.51004,280.27658,276.6519,285.0487,278.4922,280.51004,280.27658,276.6519,285.0487,278.4922,280.51004,280.27658,276.6519,285.0487,278.4922,0.0,0.0,0.0,0.0,0.0,0.0,0.0,0.0,0.0,0.0,2.7207723,2.9557378,2.449394,4.8373857,3.5331266,2.099877754950465,1.864558271130511,2.455972999153353,5.023275054153709,4.251447656893228,2.7207723,2.9557378,2.449394,4.8373857,3.5331266,2.099877754950465,1.864558271130511,2.455972999153353,5.023275054153709,4.251447656893228
2012-09-21 19:00:00,0.0,0.0,0.0,0.0,0.0,0.0,0.0,0.0,0.0,0.0,0.0,0.0,0.0,0.0,0.0,1.865302,2.052927,1.4873346,1.7122735,1.1240885,2.611653,2.8498862,2.632048,4.3283286,3.5581462,3.929676,3.2615998,2.832622,4.597382,4.2790384,279.84998,279.69083,277.46878,283.2917,278.56717,279.84998,279.69083,277.46878,283.2917,278.56717,279.84998,279.69083,277.46878,283.2917,278.56717,0.0,0.0,0.0,0.0,0.0,0.0,0.0,0.0,0.0,0.0,2.6143577,2.8528845,2.635034,4.3310466,3.5609999,2.017574258466847,1.79733880564475,2.722605928051001,4.512344487510058,4.277184129478327,2.6143577,2.8528845,2.635034,4.3310466,3.5609999,2.017574258466847,1.79733880564475,2.722605928051001,4.512344487510058,4.277184129478327
2012-09-21 20:00:00,0.0,0.0,0.0,0.0,0.0,0.0,0.0,0.0,0.0,0.0,0.0,0.0,0.0,0.0,0.0,1.5745174,2.044937,1.6194397,1.8529569,1.121153,2.319814,2.8420672,2.8224592,4.7046485,3.5470858,3.2900734,3.2479644,3.0167346,5.0257344,4.268816,278.03976,279.6463,278.30667,284.59753,278.5374,278.03976,279.6463,278.30667,284.59753,278.5374,278.03976,279.6463,278.30667,284.59753,278.5374,0.0,0.0,0.0,0.0,0.0,0.0,0.0,0.0,0.0,0.0,2.3225188,2.8450663,2.8254454,4.7073665,3.5499392,1.7918589456498515,1.7922292297281233,2.9960919447804475,4.892076987365581,4.2669712435318585,2.3225188,2.8450663,2.8254454,4.7073665,3.5499392,1.7918589456498515,1.7922292297281233,2.9960919447804475,4.892076987365581,4.2669712435318585
2012-09-21 21:00:00,0.0,0.0,0.0,0.0,0.0,0.0,0.0,0.0,0.0,0.0,0.0,0.0,0.0,0.0,0.0,1.5683454,1.9147321,1.6072426,1.7071149,1.0041543,2.3136196,2.7146611,2.8048787,4.31453,3.1062322,3.2764978,3.0257678,2.9997356,4.5816755,3.8613808,278.00134,278.92072,278.2293,283.2438,277.35147,278.00134,278.92072,278.2293,283.2438,277.35147,278.00134,278.92072,278.2293,283.2438,277.35147,0.0,0.0,0.0,0.0,0.0,0.0,0.0,0.0,0.0,0.0,2.3163245,2.7176597,2.807865,4.317248,3.1090853,1.7870681507877277,1.708963104304061,2.9708411051676435,4.498420666704418,3.85991179659269,2.3163245,2.7176597,2.807865,4.317248,3.1090853,1.7870681507877277,1.708963104304061,2.9708411051676435,4.498420666704418,3.85991179659269
2012-09-21 22:00:00,0.0,0.0,0.0,0.0,0.0,0.0,0.0,0.0,0.0,0.0,0.0,0.0,0.0,0.0,0.0,1.5410695,1.801898,1.5697752,1.6494672,1.1179888,2.2862449,2.604252,2.7508748,4.160326,3.5351627,3.2165027,2.8332145,2.9475179,4.4061503,4.257797,277.83154,278.29193,277.99167,282.7087,278.50534,277.83154,278.29193,277.99167,282.7087,278.50534,277.83154,278.29193,277.99167,282.7087,278.50534,0.0,0.0,0.0,0.0,0.0,0.0,0.0,0.0,0.0,0.0,2.2889497,2.607251,2.753861,4.1630435,3.538016,1.7658958055829168,1.6368056662052475,2.8932757055365173,4.342818197611949,4.255962276219307,2.2889497,2.607251,2.753861,4.1630435,3.538016,1.7658958055829168,1.6368056662052475,2.8932757055365173,4.342818197611949,4.255962276219307
2012-09-21 23:00:00,0.0,0.0,0.0,0.0,0.0,0.0,0.0,0.0,0.0,0.0,0.0,0.0,0.0,0.0,0.0,1.501386,2.1870584,1.5496775,1.5246964,1.0920877,2.2464175,2.9811342,2.7219067,3.8265712,3.437567,3.1292157,3.4904974,2.9195082,4.026249,4.167599,277.5845,280.4383,277.8642,281.55057,278.2428,277.5845,280.4383,277.8642,281.55057,278.2428,277.5845,280.4383,277.8642,281.55057,278.2428,0.0,0.0,0.0,0.0,0.0,0.0,0.0,0.0,0.0,0.0,2.2491224,2.9841332,2.7248929,3.8292894,3.4404204,1.7350924025575856,1.8831159426741733,2.8516690952553807,4.006037445812066,4.165847960529602,2.2491224,2.9841332,2.7248929,3.8292894,3.4404204,1.7350924025575856,1.8831159426741733,2.8516690952553807,4.006037445812066,4.165847960529602
2012-10-20 00:00:00,0.0,0.0,0.0,0.0,0.0,0.0,0.0,0.0,0.0,0.0,0.0,0.0,0.0,0.0,0.0,1.5171221,2.3391144,2.0778818,1.62521,1.3340425,2.2622108,3.1299217,3.4832401,4.095439,4.3492575,3.1638286,3.749982,3.655657,4.332292,5.0101795,277.68246,281.28564,281.2144,282.48355,280.69534,277.68246,281.28564,281.2144,282.48355,280.69534,277.68246,281.28564,281.2144,282.48355,280.69534,0.0,0.0,0.0,0.0,0.0,0.0,0.0,0.0,0.0,0.0,2.2649155,3.1329205,3.4862263,4.0981574,4.352111,1.7473072170988224,1.9803554799607028,3.9451649224167253,4.277343404811434,5.007651631388979,2.2649155,3.1329205,3.4862263,4.0981574,4.352111,1.7473072170988224,1.9803554799607028,3.9451649224167253,4.277343404811434,5.007651631388979
2012-10-20 01:00:00,0.0,0.0,0.0,0.0,0.0,0.0,0.0,0.0,0.0,0.0,0.0,0.0,0.0,0.0,0.0,1.4701345,1.9605963,2.0677776,1.4102293,1.373284,2.2150528,2.7595394,3.4686763,3.5203795,4.49712,3.0604753,3.1040356,3.6415749,3.6777208,5.146834,277.38995,279.1763,281.1503,280.48807,281.0931,277.38995,279.1763,281.1503,280.48807,281.0931,277.38995,279.1763,281.1503,280.48807,281.0931,0.0,0.0,0.0,0.0,0.0,0.0,0.0,0.0,0.0,0.0,2.2177575,2.7625382,3.4716625,3.5230973,4.4999733,1.7108340091929792,1.7382932607822963,3.9242470671161778,3.697068838311017,5.144179585672325,2.2177575,2.7625382,3.4716625,3.5230973,4.4999733,1.7108340091929792,1.7382932607822963,3.9242470671161778,3.697068838311017,5.144179585672325
2012-10-20 02:00:00,0.0,0.0,0.0,0.0,0.0,0.0,0.0,0.0,0.0,0.0,0.0,0.0,0.0,0.0,0.0,1.6959403,1.974769,2.0657372,1.5601912,1.4748981,2.441677,2.7734075,3.465736,3.9215178,4.880004,3.5571523,3.1282215,3.6387317,4.134323,5.500694,278.79565,279.25528,281.13736,281.88004,282.1231,278.79565,279.25528,281.13736,281.88004,282.1231,278.79565,279.25528,281.13736,281.88004,282.1231,0.0,0.0,0.0,0.0,0.0,0.0,0.0,0.0,0.0,0.0,2.444382,2.7764063,3.468722,3.9242356,4.8828573,1.8861108900024681,1.7473567168976007,3.9200236525221626,4.101844692094847,5.497713035497186,2.444382,2.7764063,3.468722,3.9242356,4.8828573,1.8861108900024681,1.7473567168976007,3.9200236525221626,4.101844692094847,5.497713035497186
2012-10-20 03:00:00,0.0,0.0,0.0,0.0,0.0,0.0,0.0,0.0,0.0,0.0,0.0,0.0,0.0,0.0,0.0,2.1593564,1.9714339,2.0697262,1.477964,1.4060826,2.9067738,2.770144,3.4714851,3.7015653,4.6207056,4.576471,3.1225302,3.6442907,3.8839588,5.2610517,281.68054,279.2367,281.16266,281.1168,281.42557,281.68054,279.2367,281.16266,281.1168,281.42557,281.68054,279.2367,281.16266,281.1168,281.42557,0.0,0.0,0.0,0.0,0.0,0.0,0.0,0.0,0.0,0.0,2.9094784,2.773143,3.4744713,3.7042832,4.623559,2.2458276651464604,1.7452239329817505,3.928281224924141,3.8798977460470176,5.258291564647528,2.9094784,2.773143,3.4744713,3.7042832,4.623559,2.2458276651464604,1.7452239329817505,3.928281224924141,3.8798977460470176,5.258291564647528
2012-10-20 04:00:00,0.0,0.0,0.0,0.0,0.0,0.0,0.0,0.0,0.0,0.0,0.0,0.0,0.0,0.0,0.0,1.6292896,1.9043326,2.056817,1.283282,1.115508,2.374785,2.704485,3.4528778,3.180803,3.5258148,3.4105494,3.0080209,3.6262994,3.2911923,4.2491574,278.38074,278.86276,281.08078,279.30972,278.4802,278.38074,278.86276,281.08078,279.30972,278.4802,278.38074,278.86276,281.08078,279.30972,278.4802,0.0,0.0,0.0,0.0,0.0,0.0,0.0,0.0,0.0,0.0,2.3774898,2.7074838,3.4558642,3.183521,3.5286684,1.8343748717773407,1.7023126007635034,3.9015561745568217,3.354413281301869,4.247331078250189,2.3774898,2.7074838,3.4558642,3.183521,3.5286684,1.8343748717773407,1.7023126007635034,3.9015561745568217,3.354413281301869,4.247331078250189
2012-10-20 05:00:00,0.0,0.0,0.0,0.0,0.0,0.0,0.0,0.0,0.0,0.0,0.0,0.0,0.0,0.0,0.0,1.7559775,1.9255972,2.0619893,1.4204017,1.2412046,2.5019321,2.7252924,3.4603333,3.5475898,3.9994426,3.689209,3.0443084,3.6335077,3.7086935,4.6868825,279.1694,278.98126,281.1136,280.5825,279.7543,279.1694,278.98126,281.1136,280.5825,279.7543,279.1694,278.98126,281.1136,280.5825,279.7543,0.0,0.0,0.0,0.0,0.0,0.0,0.0,0.0,0.0,0.0,2.504637,2.7282913,3.4633195,3.5503078,4.002296,1.9327136419297357,1.7159112870446958,3.912264124294007,3.7245260094854262,4.684652091855354,2.504637,2.7282913,3.4633195,3.5503078,4.002296,1.9327136419297357,1.7159112870446958,3.912264124294007,3.7245260094854262,4.684652091855354
2012-10-20 06:00:00,-0.07765606,-0.66349983,-0.72378606,-0.4100106,-0.1684761,-0.11775293,-0.9884988,-1.2338773,-0.9683767,-0.58372366,-0.085828066,-0.652929,-0.7421808,-0.5213593,-0.33693832,1.5252157,2.0628774,2.0685523,1.4124222,1.316728,2.2703335,2.8596222,3.4697928,3.526245,4.284016,3.1816308,3.2785802,3.6426547,3.6843977,4.949884,277.73285,279.74628,281.1552,280.50842,280.51984,277.73285,279.74628,281.1552,280.50842,280.51984,277.73285,279.74628,281.1552,280.50842,280.51984,0.16399287,1.3232414,1.5278342,1.1110463,0.6065756,0.09187978132469747,0.8693225598594501,1.0917085082382638,0.8266142899082882,0.412888135444827,2.2730384,2.862621,3.472779,3.5289633,4.2868695,1.7535896653254839,1.8037021363099384,3.9258507693558866,3.702988015160833,4.9474113164370435,2.1090455,1.5393797,1.9449449,2.417917,3.6802938,1.6617098840007865,0.9343795764504883,2.8341422611176226,2.8763737252525448,4.534523180992217
2012-10-20 07:00:00,-1.9025042,-5.5021286,-5.2782755,-2.8603196,-1.4350115,-2.6091008,-7.4476485,-8.411988,-6.560437,-5.275017,-2.2754433,-5.879992,-5.81573,-3.9699368,-2.9628437,1.575233,2.4662635,2.2016582,1.2863758,1.5197545,2.3205323,3.254338,3.6616468,3.1890786,5.0490227,3.2916474,3.966964,3.828162,3.3006122,5.656901,278.04422,281.9942,281.99945,279.33844,282.5778,278.04422,281.9942,281.99945,279.33844,282.5778,278.04422,281.9942,281.99945,279.33844,282.5778,3.425861,9.04799,9.735736,7.2062874,5.207145,2.357145882856047,7.246655856995302,8.111141063185102,5.2786268471141735,3.3748798805377724,2.323237,3.2573369,3.664633,3.1917968,5.051877,1.7924145104233782,2.061667428988962,4.201408649848434,3.362764024054009,5.653776407514033,-1.1026238,-5.7906523,-6.0711026,-4.0144906,-0.15526827,-0.5647313724326688,-5.18498842800634,-3.909732413336667,-1.9158628230601646,2.2788965269762604
2012-10-20 08:00:00,-4.2910466,-8.789904,-8.213651,-6.7790103,-2.1389172,-5.635793,-11.413423,-12.740413,-15.901424,-8.062617,-5.3451147,-9.784048,-9.384319,-10.0193,-4.473571,2.1376052,2.8204994,2.4497693,1.9674999,1.6375601,2.884944,3.6009603,4.0192647,5.0110426,5.4929175,4.5286283,4.5714726,4.17395,5.374493,6.0671463,281.54514,283.96823,283.57312,285.66074,283.7719,281.54514,283.96823,283.57312,285.66074,283.7719,281.54514,283.96823,283.57312,285.66074,283.7719,6.699894,13.057534,14.063195,16.153921,7.7853622,5.03189880233318,11.390067904032426,12.352455483946637,11.274060141399136,4.9237220609516505,2.8876486,3.603959,4.0222507,5.013761,5.495771,2.2289438233646948,2.2882013002480255,4.715051567195121,5.201249704413174,6.063643088744128,-3.8122454,-9.453575,-10.040945,-11.1401615,-2.289591,-2.8029549789684856,-9.101866603784401,-7.6374039167515155,-6.072810436985963,1.1399210277924778
2012-10-20 09:00:00,-5.754582,-10.481083,-9.795472,-8.039663,-2.5613623,-7.405469,-13.347801,-14.998649,-18.793482,-9.765722,-7.311207,-11.90443,-11.38976,-12.151222,-5.388111,2.4731913,2.9814265,2.5880764,2.084827,1.747833,3.2217464,3.7584286,4.2186155,5.324886,5.9084277,5.266774,4.846098,4.3667064,5.7317305,6.451159,283.63425,284.86502,284.45035,286.7498,284.88968,283.63425,284.86502,284.45035,286.7498,284.88968,283.63425,284.86502,284.45035,286.7498,284.88968,8.350243,14.870012,16.173954,18.757238,9.341187,6.526627906469539,13.504246594396868,14.539233677904411,12.987910380059748,5.792059402348388,3.2244513,3.7614274,4.2216015,5.3276043,5.911281,2.489435207861554,2.3911142528772107,5.0013771627257135,5.5179389773705045,6.447301933422364,-5.1257915,-11.108585,-11.952352,-13.429634,-3.4299057,-4.037192698607985,-11.113132341519657,-9.537856515178698,-7.469971402689244,0.6552425310739762
2012-10-20 10:00:00,-6.2634726,-11.472247,-10.6638975,-8.671376,-2.7769458,-7.9837217,-14.478186,-16.22789,-20.22755,-10.640286,-8.033238,-13.157285,-12.5029545,-13.242668,-5.855847,2.5410085,3.116029,2.6842685,2.1538372,1.8130176,3.2898095,3.890138,4.3572626,5.509484,6.1540446,5.4159436,5.075799,4.5007668,5.941852,6.6781573,284.05643,285.6151,285.06046,287.39035,285.5504,284.05643,285.6151,285.06046,287.39035,285.5504,284.05643,285.6151,285.06046,287.39035,285.5504,8.888361,15.828483,17.26126,20.010954,10.13527,7.082804086950134,14.64182731923355,15.654765904378518,13.805164556592418,6.216085857077454,3.2925146,3.893137,4.360249,5.5122023,6.1568985,2.5420768727722938,2.477192571214948,5.200515145186928,5.704211124413444,6.674090849962853,-5.595846,-11.935346,-12.9010105,-14.498753,-3.9783716,-4.54072721417784,-12.164634748018603,-10.454250759191591,-8.100953432178974,0.45800499288539864
2012-10-20 11:00:00,-6.4661646,-11.890965,-11.103046,-8.928887,-2.8417497,-8.217579,-14.967698,-16.862291,-20.798386,-10.903366,-8.317949,-13.67585,-13.048348,-13.669185,-5.9964085,2.5806136,3.2036335,2.7704332,2.209736,1.8344929,3.3295581,3.9758594,4.4814577,5.65901,6.2349644,5.503058,5.225298,4.6208534,6.112052,6.752943,284.30298,286.1033,285.60696,287.9092,285.7681,284.30298,286.1033,285.60696,287.9092,285.7681,284.30298,286.1033,285.60696,287.9092,285.7681,9.091578,16.188934,17.766603,20.486202,10.3738785,7.2875409257670585,15.048481186352891,16.098819825655646,14.113557149530884,6.340274192818943,3.332263,3.9788587,4.4844437,5.661728,6.237818,2.572819391986828,2.533215796669554,5.378894646483217,5.855092450951037,6.74880727607173,-5.7593145,-12.210075,-13.282159,-14.824473,-4.1360607,-4.714721533780231,-12.515265389683337,-10.719925179172428,-8.258464698579846,0.40853308325278714
2012-10-20 12:00:00,-6.474099,-11.832928,-11.115354,-8.886436,-2.8067207,-8.2466,-14.936549,-16.908302,-20.678053,-10.7504635,-8.309015,-13.567637,-13.026593,-13.546283,-5.9172034,2.6257627,3.2575154,2.835509,2.2638922,1.8415318,3.3748715,4.028583,4.5752554,5.803874,6.261487,5.6023674,5.3172474,4.711549,6.276946,6.7774563,284.58405,286.40356,286.0197,288.4119,285.83945,284.58405,286.40356,286.0197,288.4119,285.83945,284.58405,286.40356,286.0197,288.4119,285.83945,9.081145,16.079163,17.729593,20.342924,10.24637,7.241934900635787,14.849320230065496,15.930846330416703,14.020274304026554,6.257441439938381,3.377576,4.0315824,4.578242,5.806592,6.264341,2.607865635577106,2.567673039605597,5.5136155955022215,6.001270383589975,6.773297252833618,-5.703569,-12.04758,-13.151352,-14.536331,-3.9820294,-4.634069265058681,-12.2816471904599,-10.417230734914481,-8.019003920436578,0.5158558128952375
2012-10-20 13:00:00,-6.323965,-11.20969,-10.527197,-8.416982,-2.6696382,-8.124646,-14.282603,-16.11586,-19.59404,-10.170108,-8.04774,-12.725162,-12.228378,-12.6800585,-5.612639,2.7214684,3.2711077,2.8462245,2.2814817,1.8451449,3.4709241,4.0418835,4.5907006,5.8509245,6.2751,5.8128796,5.340443,4.7264824,6.3305025,6.7900367,285.17984,286.4793,286.08768,288.57516,285.87607,285.17984,286.4793,286.08768,288.57516,285.87607,285.17984,286.4793,286.08768,288.57516,285.87607,8.873872,15.412788,16.958366,19.360098,9.745593,6.946737051815673,13.948463354892917,14.99326358081367,13.380069498059461,5.95369372506028,3.4736292,4.0448823,4.593686,5.8536434,6.277954,2.68215530046451,2.5763652722478634,5.535798483004277,6.048748038982054,6.785866958613887,-5.4002423,-11.367907,-12.36468,-13.506455,-3.467639,-4.264581751351163,-11.372098082645053,-9.457465097809393,-7.331321459077407,0.8321732335536076
2012-10-20 14:00:00,-5.582659,-9.690268,-9.247677,-7.2759733,-2.358677,-7.3071265,-12.595643,-14.350765,-16.99261,-8.885048,-6.978084,-10.774635,-10.550445,-10.708747,-4.9309325,2.7205815,3.2068264,2.8490102,2.2286112,1.8336802,3.4700336,3.9789839,4.5947156,5.7094994,6.2319016,5.8109283,5.2307467,4.730365,6.169523,6.7501125,285.17432,286.1211,286.10535,288.0844,285.75986,285.17432,286.1211,286.10535,288.0844,285.75986,285.17432,286.1211,286.10535,288.0844,285.75986,8.047311,13.8058,15.243197,17.025454,8.608658,6.061472531381797,11.976159887217449,13.041590065415365,11.845742960245673,5.278198194293227,3.4727385,3.9819827,4.5977015,5.7122173,6.2347546,2.6814665523548644,2.535257525771263,5.541565834537143,5.906039968634388,6.7459790922711695,-4.574572,-9.823818,-10.645495,-11.313237,-2.3739033,-3.380005979026933,-9.440902361446186,-7.500024230878222,-5.939702991611285,1.467780897977943
2012-10-20 15:00:00,-4.007435,-6.5620008,-6.309,-4.921332,-1.5973973,-5.456115,-8.898223,-10.090825,-11.578472,-5.8807044,-4.832835,-7.0011697,-6.9443226,-6.9107695,-3.3020363,2.6735542,3.0112238,2.7139409,2.0960383,1.6760157,3.4228365,3.7875845,4.400032,5.3548756,5.637819,5.7074885,4.8969464,4.5421214,5.7658663,6.201063,284.88156,285.03107,285.24866,286.85385,284.1617,284.88156,285.03107,285.24866,286.85385,284.1617,284.88156,285.03107,285.24866,286.85385,284.1617,6.153583,10.157874,11.092634,11.969263,5.818343,4.275700913730746,8.06536679825464,8.913239045392402,8.452017419794501,3.671346904818566,3.4255412,3.7905836,4.403018,5.3575935,5.6406727,2.644962902543623,2.410169223790414,5.261943913586203,5.548200436227885,6.197437132020266,-2.728042,-6.3672905,-6.6896167,-6.611669,-0.17767067,-1.6307380111871228,-5.655197574464227,-3.651295131806199,-2.9038169835666157,2.5260902272016996
2012-10-20 16:00:00,-0.7827523,-0.8730844,-0.65238625,-0.41883817,-0.22499579,-1.1660229,-1.3025383,-1.119216,-1.0000165,-0.7855843,-0.8779623,-0.85839766,-0.6689087,-0.53476477,-0.45290837,2.5643234,2.7802703,2.4491196,1.6872766,1.5087323,3.313209,3.561596,4.018328,4.261463,5.007491,5.467227,4.5028214,4.173044,4.5212717,5.618518,284.20157,283.74405,283.569,283.05966,282.46606,284.20157,283.74405,283.569,283.05966,282.46606,284.20157,283.74405,283.569,283.05966,282.46606,1.3946533,1.600537,1.331961,1.121563,0.81698847,0.8071085530833364,1.041551395367344,0.9241048273206545,0.8230533500823477,0.5357149299169943,3.315914,3.5645947,4.0213146,4.264181,5.0103455,2.5601745855318336,2.262474813144847,4.713706847925801,4.444872970884642,5.615428330129397,1.9212606,1.9640578,2.6893535,3.1426184,4.193357,1.7530660324484972,1.220923417777503,3.7896020206051464,3.6218196208022944,5.079713400212403
2012-10-20 17:00:00,0.0,0.0,0.0,0.0,0.0,0.0,0.0,0.0,0.0,0.0,0.0,0.0,0.0,0.0,0.0,2.2422478,2.8293602,2.3813975,2.039745,1.562681,2.9899654,3.6096306,3.9207165,5.2042947,5.2107716,4.758797,4.5865936,4.0786614,5.5944653,5.806388,282.19656,284.0176,283.13947,286.33133,283.0129,282.19656,284.0176,283.13947,286.33133,283.0129,282.19656,284.0176,283.13947,286.33133,283.0129,0.0,0.0,0.0,0.0,0.0,0.0,0.0,0.0,0.0,0.0,2.9926705,3.6126294,3.9237025,5.207013,5.213625,2.3101704374448335,2.2938677113742085,4.573507412994749,5.396254190317013,5.803125461693252,2.9926705,3.6126294,3.9237025,5.207013,5.213625,2.3101704374448335,2.2938677113742085,4.573507412994749,5.396254190317013,5.803125461693252
2012-10-20 18:00:00,0.0,0.0,0.0,0.0,0.0,0.0,0.0,0.0,0.0,0.0,0.0,0.0,0.0,0.0,0.0,2.5819564,2.78337,2.3313048,1.7942145,1.5325018,3.3309064,3.5646286,3.8485143,4.547516,5.0970554,5.5060124,4.5081115,4.008848,4.8468757,5.7012916,284.31134,283.76132,282.82175,284.05228,282.707,284.31134,283.76132,282.82175,284.05228,282.707,284.31134,283.76132,282.82175,284.05228,282.707,0.0,0.0,0.0,0.0,0.0,0.0,0.0,0.0,0.0,0.0,3.3336112,3.5676277,3.8515005,4.550234,5.0999093,2.5738620272467343,2.264457006406541,4.469804655121415,4.733519367012259,5.698126519408746,3.3336112,3.5676277,3.8515005,4.550234,5.0999093,2.5738620272467343,2.264457006406541,4.469804655121415,4.733519367012259,5.698126519408746
2012-10-20 19:00:00,0.0,0.0,0.0,0.0,0.0,0.0,0.0,0.0,0.0,0.0,0.0,0.0,0.0,0.0,0.0,2.3989275,2.7348444,2.2985864,2.0677404,1.4713364,3.1472135,3.517146,3.8013554,5.279181,4.8665833,5.1034255,4.4253016,3.9632487,5.6797056,5.4882903,283.17194,283.4909,282.61423,286.5912,282.087,283.17194,283.4909,282.61423,286.5912,282.087,283.17194,283.4909,282.61423,286.5912,282.087,0.0,0.0,0.0,0.0,0.0,0.0,0.0,0.0,0.0,0.0,3.1499183,3.520145,3.8043416,5.281899,4.8694367,2.4317896547509004,2.2334248253255087,4.402070647481545,5.4718190941793585,5.485321400548805,3.1499183,3.520145,3.8043416,5.281899,4.8694367,2.4317896547509004,2.2334248253255087,4.402070647481545,5.4718190941793585,5.485321400548805
2012-10-20 20:00:00,0.0,0.0,0.0,0.0,0.0,0.0,0.0,0.0,0.0,0.0,0.0,0.0,0.0,0.0,0.0,1.8560417,2.7020247,2.2977731,1.9732862,1.3242848,2.602359,3.4850318,3.8001833,5.026521,4.31249,3.9093072,4.369294,3.962116,5.392112,4.9761996,279.79233,283.308,282.60907,285.71445,280.59644,279.79233,283.308,282.60907,285.71445,280.59644,279.79233,283.308,282.60907,285.71445,280.59644,0.0,0.0,0.0,0.0,0.0,0.0,0.0,0.0,0.0,0.0,2.605064,3.4880307,3.8031695,5.029239,4.315344,2.010386163554574,2.2124366906659185,4.4003872581740255,5.216868521887951,4.9737029510274375,2.605064,3.4880307,3.8031695,5.029239,4.315344,2.010386163554574,2.2124366906659185,4.4003872581740255,5.216868521887951,4.9737029510274375
2012-10-20 21:00:00,0.0,0.0,0.0,0.0,0.0,0.0,0.0,0.0,0.0,0.0,0.0,0.0,0.0,0.0,0.0,1.8186084,2.7041004,2.4688227,1.9867038,1.3067476,2.5647902,3.4870627,4.046728,5.062412,4.246409,3.82697,4.3728366,4.200505,5.432965,4.915128,279.5593,283.31958,283.69397,285.839,280.41867,279.5593,283.31958,283.69397,285.839,280.41867,279.5593,283.31958,283.69397,285.839,280.41867,0.0,0.0,0.0,0.0,0.0,0.0,0.0,0.0,0.0,0.0,2.5674949,3.4900618,4.049714,5.06513,4.249263,1.9813293648514938,2.2137639896874415,4.754496665761868,5.253084654907591,4.912687504219053,2.5674949,3.4900618,4.049714,5.06513,4.249263,1.9813293648514938,2.2137639896874415,4.754496665761868,5.253084654907591,4.912687504219053
2012-10-20 22:00:00,0.0,0.0,0.0,0.0,0.0,0.0,0.0,0.0,0.0,0.0,0.0,0.0,0.0,0.0,0.0,1.8487669,2.6955297,2.2565577,1.8440111,1.2964599,2.5950577,3.4786766,3.740777,4.6807184,4.2076454,3.8933058,4.3582106,3.9046745,4.9984956,4.879303,279.74704,283.27182,282.34766,284.5145,280.3144,279.74704,283.27182,282.34766,284.5145,280.3144,279.74704,283.27182,282.34766,284.5145,280.3144,0.0,0.0,0.0,0.0,0.0,0.0,0.0,0.0,0.0,0.0,2.5977626,3.4816754,3.743763,4.6834364,4.2104993,2.004739190103111,2.2082831902977764,4.315062330314744,4.86792994057645,4.876895267009739,2.5977626,3.4816754,3.743763,4.6834364,4.2104993,2.004739190103111,2.2082831902977764,4.315062330314744,4.86792994057645,4.876895267009739
2012-10-20 23:00:00,0.0,0.0,0.0,0.0,0.0,0.0,0.0,0.0,0.0,0.0,0.0,0.0,0.0,0.0,0.0,1.8094462,2.6450052,2.233554,1.8370214,1.546378,2.5555947,3.4292378,3.7076197,4.662021,5.149342,3.806817,4.27199,3.872614,4.977213,5.749615,279.50226,282.99026,282.20175,284.44962,282.84766,279.50226,282.99026,282.20175,284.44962,282.84766,279.50226,282.99026,282.20175,284.44962,282.84766,0.0,0.0,0.0,0.0,0.0,0.0,0.0,0.0,0.0,0.0,2.5582993,3.432237,3.710606,4.664739,5.1521955,1.9742173747027179,2.1759727397105295,4.2674393464138305,4.849063119013168,5.746404664359792,2.5582993,3.432237,3.710606,4.664739,5.1521955,1.9742173747027179,2.1759727397105295,4.2674393464138305,4.849063119013168,5.746404664359792
2012-11-15 00:00:00,0.0,0.0,0.0,0.0,0.0,0.0,0.0,0.0,0.0,0.0,0.0,0.0,0.0,0.0,0.0,1.442682,1.0463573,1.3039577,0.9192799,0.9974254,2.1875007,1.8649503,2.3677356,2.2071202,3.0808773,3.0000918,1.5438726,2.577053,2.1828816,3.837948,277.21906,274.08157,276.3057,275.931,277.28326,277.21906,274.08157,276.3057,275.931,277.28326,277.21906,274.08157,276.3057,275.931,277.28326,0.0,0.0,0.0,0.0,0.0,0.0,0.0,0.0,0.0,0.0,2.1902053,1.8679491,2.3707216,2.2098382,3.0837307,1.6895246754138744,1.1536373033969194,2.34297673699649,2.371900918857273,3.8365007195769403,2.1902053,1.8679491,2.3707216,2.2098382,3.0837307,1.6895246754138744,1.1536373033969194,2.34297673699649,2.371900918857273,3.8365007195769403
2012-11-15 01:00:00,0.0,0.0,0.0,0.0,0.0,0.0,0.0,0.0,0.0,0.0,0.0,0.0,0.0,0.0,0.0,0.5931333,1.0142112,1.1583707,0.88405794,0.73906523,1.3348713,1.8334951,2.157892,2.1129036,2.1073716,1.1314448,1.4890147,2.3741512,2.0756383,2.9382372,271.9304,273.90244,275.3823,275.60406,274.66443,271.9304,273.90244,275.3823,275.60406,274.66443,271.9304,273.90244,275.3823,275.60406,274.66443,0.0,0.0,0.0,0.0,0.0,0.0,0.0,0.0,0.0,0.0,1.337576,1.8364941,2.160878,2.1156218,2.110225,1.030080704952245,1.133079928050383,2.041580324766027,2.2768302418076773,2.9376201097203283,1.337576,1.8364941,2.160878,2.1156218,2.110225,1.030080704952245,1.133079928050383,2.041580324766027,2.2768302418076773,2.9376201097203283
2012-11-15 02:00:00,0.0,0.0,0.0,0.0,0.0,0.0,0.0,0.0,0.0,0.0,0.0,0.0,0.0,0.0,0.0,0.57082826,1.1468587,1.112079,0.8947564,0.9634888,1.3124853,1.9632916,2.0911686,2.1415212,2.9530034,1.0823832,1.7153797,2.3096352,2.1082127,3.7197676,271.79153,274.64163,275.08868,275.70337,276.93927,271.79153,274.64163,275.08868,275.70337,276.93927,271.79153,274.64163,275.08868,275.70337,276.93927,0.0,0.0,0.0,0.0,0.0,0.0,0.0,0.0,0.0,0.0,1.3151901,1.9662905,2.0941548,2.1442394,2.955857,1.012766871256722,1.2179079937477941,1.9457466648390895,2.305707305479794,3.7184292832809547,1.3151901,1.9662905,2.0941548,2.1442394,2.955857,1.012766871256722,1.2179079937477941,1.9457466648390895,2.305707305479794,3.7184292832809547
2012-11-15 03:00:00,0.0,0.0,0.0,0.0,0.0,0.0,0.0,0.0,0.0,0.0,0.0,0.0,0.0,0.0,0.0,1.5762134,1.2394853,1.181288,0.8940265,0.96667403,2.3215163,2.0539274,2.190924,2.1395688,2.9650059,3.2938042,1.8734483,2.4060905,2.1059902,3.73086,278.05032,275.1578,275.52765,275.6966,276.97156,278.05032,275.1578,275.52765,275.6966,276.97156,278.05032,275.1578,275.52765,275.6966,276.97156,0.0,0.0,0.0,0.0,0.0,0.0,0.0,0.0,0.0,0.0,2.3242211,2.0569263,2.1939101,2.142287,2.9678593,1.7931755580583462,1.277142652455003,2.0890240127643644,2.303737204639225,3.7295115738772244,2.3242211,2.0569263,2.1939101,2.142287,2.9678593,1.7931755580583462,1.277142652455003,2.0890240127643644,2.303737204639225,3.7295115738772244
2012-11-15 04:00:00,0.0,0.0,0.0,0.0,0.0,0.0,0.0,0.0,0.0,0.0,0.0,0.0,0.0,0.0,0.0,1.5765909,0.9886969,1.1795943,1.0438238,1.0361278,2.3218951,1.8085294,2.1884828,2.5402675,3.2267094,3.2946343,1.4454745,2.40373,2.562092,3.9727254,278.05267,273.76025,275.5169,277.08704,277.67557,278.05267,273.76025,275.5169,277.08704,277.67557,278.05267,273.76025,275.5169,277.08704,277.67557,0.0,0.0,0.0,0.0,0.0,0.0,0.0,0.0,0.0,0.0,2.3246,1.8115283,2.191469,2.5429854,3.2295628,1.793468561397809,1.1167636057778936,2.085517781780654,2.708069342017522,3.9711536927480635,2.3246,1.8115283,2.191469,2.5429854,3.2295628,1.793468561397809,1.1167636057778936,2.085517781780654,2.708069342017522,3.9711536927480635
2012-11-15 05:00:00,0.0,0.0,0.0,0.0,0.0,0.0,0.0,0.0,0.0,0.0,0.0,0.0,0.0,0.0,0.0,0.58871144,1.0330935,1.4355049,0.87020993,0.943019,1.3304335,1.8519717,2.5573428,2.075861,2.8758733,1.1217189,1.5212379,2.760388,2.0334737,3.648484,271.90286,274.00766,277.14005,275.47552,276.73178,271.90286,274.00766,277.14005,275.47552,276.73178,271.90286,274.00766,277.14005,275.47552,276.73178,0.0,0.0,0.0,0.0,0.0,0.0,0.0,0.0,0.0,0.0,1.3331382,1.8549706,2.5603287,2.078579,2.8787267,1.026648380118539,1.1451551972488252,2.615307291242668,2.2394515718055397,3.6472114252809185,1.3331382,1.8549706,2.5603287,2.078579,2.8787267,1.026648380118539,1.1451551972488252,2.615307291242668,2.2394515718055397,3.6472114252809185
2012-11-15 06:00:00,0.0,0.0,0.0,0.0,0.0,0.0,0.0,0.0,0.0,0.0,0.0,0.0,0.0,0.0,0.0,1.4798458,1.0966297,1.2525995,0.8519595,0.9753388,2.2247992,1.9141424,2.2937095,2.0270424,2.9976552,3.081836,1.6296635,2.505476,1.977905,3.7610343,277.4504,274.36172,275.97995,275.30612,277.0594,277.4504,274.36172,275.97995,275.30612,277.0594,277.4504,274.36172,275.97995,275.30612,277.0594,0.0,0.0,0.0,0.0,0.0,0.0,0.0,0.0,0.0,0.0,2.2275038,1.9171413,2.296696,2.0297604,3.0005085,1.7183721860173378,1.1857866570053015,2.2366542667688494,2.190190176463217,3.7596579182402343,2.2275038,1.9171413,2.296696,2.0297604,3.0005085,1.7183721860173378,1.1857866570053015,2.2366542667688494,2.190190176463217,3.7596579182402343
2012-11-15 07:00:00,0.0,-0.75345933,-1.2732441,-0.68848443,-0.1458206,0.0,-1.0711523,-1.9463586,-1.2765827,-0.41150767,0.0,-0.7685927,-1.2669379,-0.7959467,-0.24362089,0.54842514,1.2787174,1.576959,1.0250212,0.94493073,1.290001,2.0923164,2.761229,2.4899712,2.8830771,1.0331059,1.9403989,2.9575298,2.5048416,3.6551414,271.65207,275.37643,278.03723,276.9125,276.75116,271.65207,275.37643,278.03723,276.9125,276.75116,271.65207,275.37643,278.03723,276.9125,276.75116,0.0,1.5410974,2.5456612,1.6109416,0.42657673,0.0,1.1225577616286977,1.9913665679077392,1.389854267937331,0.33422207030753104,1.2927058,2.0953152,2.764215,2.4926894,2.8859303,0.9953769327977021,1.3022317558591914,2.9081473045668593,2.6573170595526063,3.6538628945896434,1.2927058,0.5542179,0.21855384,0.88174766,2.4593537,0.9953769327977021,0.17967399423049368,0.9167807366591201,1.2674627916152754,3.3196408242821125
2012-11-15 08:00:00,0.0,-2.8321292,-2.6596272,0.0,-0.5059835,0.0,-3.7707307,-3.8303459,0.0,-1.5959425,0.0,-3.0694506,-2.80104,0.0,-0.92514646,0.74512154,1.6247498,1.5444137,0.5608275,1.1157669,1.4874107,2.4309113,2.7143195,1.2482822,3.5267904,1.4657545,2.5309086,2.912172,1.0914686,4.250059,272.87656,277.30475,277.8308,272.6038,278.48282,272.87656,277.30475,277.8308,272.6038,278.48282,272.87656,277.30475,277.8308,272.6038,278.48282,0.0,5.0131483,4.8649096,0.0,1.5575807,0.0,4.184745000517564,4.341772256074589,0.0,1.1427744161613018,1.4901154,2.4339104,2.7173057,1.2510003,3.529644,1.1480583093249899,1.5235194689804166,2.8407718887321423,1.404368422263486,4.248231907164442,1.4901154,-2.5792382,-2.147604,1.2510003,1.9720632,1.1480583093249899,-2.6612255315371476,-1.5010003673424466,1.404368422263486,3.10545749100314
2012-11-15 09:00:00,-1.025014,-4.922467,-3.6306646,-1.7695966,-0.7133361,-1.3302096,-6.370842,-5.1274014,-3.0184362,-2.313195,-1.2771168,-5.489579,-3.941311,-2.2201934,-1.3319906,1.1645108,1.9874139,1.6285625,0.9789792,1.1883699,1.9083207,2.7857804,2.8356085,2.366812,3.8003602,2.388233,3.1498003,3.029449,2.3646536,4.5028915,275.48737,279.32574,278.36453,276.48514,279.21875,275.48737,279.32574,278.36453,276.48514,279.21875,275.48737,279.32574,278.36453,276.48514,279.21875,1.8211046,7.977726,6.337352,3.6633782,2.2127092,1.3856704376972064,7.049699126909551,5.9238480755417235,3.1671709066088267,1.5891056047680503,1.9110255,2.7887795,2.8385944,2.36953,3.8032136,1.473600240420743,1.755443084815003,3.014977779851799,2.533040968690799,4.500830619573749,0.08992085,-5.1889467,-3.4987574,-1.2938483,1.5905044,0.08792980272353645,-5.294256042094547,-2.9088702956899244,-0.6341299379180279,2.911725014805699
2012-11-15 10:00:00,-1.8748648,-5.671232,-4.377619,-2.9653516,-0.7804196,-2.4062397,-7.249203,-6.1505527,-5.5031033,-2.547289,-2.3687778,-6.4069486,-4.8211784,-3.9450848,-1.4644883,1.443839,2.071574,1.7398193,1.1711462,1.1942438,2.1886618,2.8681319,2.9959695,2.8808463,3.8224928,3.0026367,3.2934208,3.184505,2.9497614,4.5233464,277.22626,279.79474,279.0702,278.26886,279.2783,277.22626,279.79474,279.0702,278.26886,279.2783,277.22626,279.79474,279.0702,278.26886,279.2783,3.1342382,8.933729,7.436216,6.255169,2.4176388,2.448500282090689,8.101346798101662,7.028417485042229,5.098047586863564,1.731473540369728,2.1913667,2.8711307,2.998956,2.8835645,3.8253465,1.6904227116231365,1.8092634841890356,3.245303288477782,3.0517365724312855,4.521266866221501,-0.94287163,-6.062598,-4.4372597,-3.3716044,1.4077076,-0.7580775704675526,-6.292083313912627,-3.783114196564447,-2.0463110144322787,2.7897933258517735
2012-11-15 11:00:00,-1.8483227,-5.892146,-4.66887,-2.6514492,-0.8248792,-2.3612938,-7.504431,-6.552721,-4.8022094,-2.7058382,-2.3450787,-6.6819725,-5.1637015,-3.50283,-1.5536058,1.4133667,2.094706,1.7896862,1.0981379,1.2148701,2.1580794,2.8907666,3.0678453,2.685554,3.9002132,2.9356105,3.3328958,3.2540035,2.7274668,4.5951753,277.03656,279.92365,279.38647,277.5912,279.48737,277.03656,279.92365,279.38647,277.5912,279.48737,277.03656,279.92365,279.38647,277.5912,279.48737,3.084078,9.207328,7.8547316,5.538935,2.561033,2.4321445608721137,8.41267828113691,7.433181077185908,4.579647601128269,1.8246860489493624,2.160784,2.8937654,3.0708318,2.688272,3.9030666,1.6667693511283301,1.8240563893787747,3.3485378848277234,2.854673242405772,4.593029411472015,-0.9232942,-6.3135624,-4.7839,-2.8506632,1.3420336,-0.7653752097437836,-6.588621891758136,-4.084643192358184,-1.7249743587224975,2.7683433625226526
2012-11-15 12:00:00,-1.823664,-5.7812448,-4.6078773,-2.6089272,-0.8150202,-2.3370044,-7.3895965,-6.4917793,-4.7408056,-2.671708,-2.306991,-6.5315533,-5.0768147,-3.434351,-1.534204,1.4176122,2.1002152,1.8047895,1.1023889,1.2207319,2.16234,2.8961575,3.0896149,2.6969252,3.9223006,2.9449484,3.3422973,3.2750528,2.7404103,4.615588,277.063,279.95435,279.48227,277.63065,279.54678,277.063,279.95435,279.48227,277.63065,279.54678,277.063,279.95435,279.48227,277.63065,279.54678,3.054384,9.073922,7.780433,5.4744225,2.5337772,2.3934148893636835,8.22669518798843,7.2952433190194155,4.525136054923386,1.8035496850694528,2.1650445,2.899156,3.0926013,2.6996434,3.9251542,1.6700646873877416,1.8275795102643992,3.379805098060304,2.866147748652867,4.613423759100501,-0.8893394,-6.174766,-4.687832,-2.774779,1.391377,-0.7233502019759419,-6.39911567772403,-3.9154382209591114,-1.6589883062705186,2.8098740740310477
2012-11-15 13:00:00,-1.7114285,-5.232967,-4.1831565,-2.2733912,-0.71696603,-2.2195337,-6.773886,-5.9567904,-4.1169157,-2.3259265,-2.1407757,-5.835142,-4.548374,-2.9358778,-1.3391826,1.4284264,2.075818,1.7948825,1.0788026,1.1895952,2.1731932,2.8722847,3.0753353,2.633833,3.8049772,2.9687355,3.3006632,3.2612457,2.6685946,4.5071583,277.1303,279.8184,279.41943,277.4117,279.23117,277.1303,279.8184,279.41943,277.4117,279.23117,277.1303,279.8184,279.41943,277.4117,279.23117,2.9110022,8.388699,7.194685,4.820847,2.2241912,2.2255676312255894,7.403607351913703,6.584643198189397,4.019246396848874,1.5968077588471883,2.175898,2.8752835,3.0783217,2.6365511,3.8078306,1.678459042801439,1.8119776180720961,3.3592956389822906,2.802483318786928,4.505093844784223,-0.73510396,-5.5134153,-4.116363,-2.184296,1.5836395,-0.5471085884241504,-5.591629733841606,-3.2253475592071066,-1.2167630780619456,2.9082860859370343
2012-11-15 14:00:00,-1.6929535,-3.9168816,-3.1185768,-2.2737226,-0.5541725,-2.257004,-5.2162104,-4.540367,-4.3261294,-1.7656806,-2.0665324,-4.245885,-3.292938,-2.8977394,-1.0210905,1.583454,1.9677318,1.7177584,1.2035273,1.1559718,2.328783,2.7665215,2.9641721,2.967464,3.6782832,3.3097305,3.1162126,3.1537595,3.0483556,4.390068,278.0954,279.21606,278.93027,278.56943,278.89035,278.0954,279.21606,278.93027,278.56943,278.89035,278.0954,279.21606,278.93027,278.56943,278.89035,2.9274077,6.631253,5.624819,5.0105405,1.7185295,2.114423673617415,5.514434020457212,4.904513680663504,4.099900029998317,1.2476733229876427,2.331488,2.7695205,2.9671583,2.9701822,3.6811366,1.798795894842585,1.7428565078140743,3.199632637738253,3.1391398299932627,4.388111782989195,-0.59591997,-3.8617325,-2.6576605,-2.0403585,1.9626073,-0.31562777877483006,-3.7715775126431383,-1.7048810429252508,-0.9607602000050539,3.140438460001552
2012-11-15 15:00:00,-0.8972928,-1.634911,-1.1745385,-0.88874525,-0.2145288,-1.2736722,-2.3243456,-1.7995967,-1.7225783,-0.6452799,-1.0391535,-1.6699762,-1.1646092,-1.051976,-0.3777048,1.6297114,1.8033929,1.561307,1.1501799,1.0433114,2.3752081,2.6057148,2.738669,2.8247633,3.253777,3.4114766,2.8357656,2.9357162,2.885924,3.9977412,278.38336,278.30026,277.93796,278.07425,277.74838,278.38336,278.30026,277.93796,278.07425,277.74838,278.38336,278.30026,277.93796,278.07425,277.74838,1.690308,3.1128752,2.3640702,2.1012714,0.6569626,1.0738413082992353,2.2582106968951448,1.8393837482946005,1.7593124121918846,0.49568338636926845,2.377913,2.6087139,2.741655,2.8274813,3.2566304,1.8347021222603772,1.637761741753732,2.875744550617963,2.99514498206955,3.9961464577411636,0.68760496,-0.50416136,0.37758493,0.72621,2.5996678,0.7608608139611419,-0.6204489551414127,1.0363608023233624,1.2358325698776653,3.500463071371895
2012-11-15 16:00:00,0.0,0.0,0.0,0.0,0.0,0.0,0.0,0.0,0.0,0.0,0.0,0.0,0.0,0.0,0.0,1.5992244,1.7176831,1.5227908,0.6479074,1.0295765,2.3446107,2.5218472,2.683153,1.4812154,3.2020237,3.3444183,2.6895003,2.8820364,1.3566087,3.949911,278.19357,277.82263,277.69366,273.41208,277.60916,278.19357,277.82263,277.69366,273.41208,277.60916,278.19357,277.82263,277.69366,273.41208,277.60916,0.0,0.0,0.0,0.0,0.0,0.0,0.0,0.0,0.0,0.0,2.3473155,2.524846,2.686139,1.4839336,3.2048774,1.8110373460510458,1.582950245748853,2.7960076783889707,1.6394138766026627,3.9483606262665107,2.3473155,2.524846,2.686139,1.4839336,3.2048774,1.8110373460510458,1.582950245748853,2.7960076783889707,1.6394138766026627,3.9483606262665107
2012-11-15 17:00:00,0.0,0.0,0.0,0.0,0.0,0.0,0.0,0.0,0.0,0.0,0.0,0.0,0.0,0.0,0.0,1.2495153,1.367056,1.5121764,1.110411,1.0143154,1.9936334,2.1787562,2.667854,2.718384,3.1445193,2.5752065,2.09115,2.8672438,2.7648363,3.8967655,276.01654,275.8687,277.62634,277.7051,277.45447,276.01654,275.8687,277.62634,277.7051,277.45447,276.01654,275.8687,277.62634,277.7051,277.45447,0.0,0.0,0.0,0.0,0.0,0.0,0.0,0.0,0.0,0.0,1.9963381,2.1817553,2.6708403,2.7211022,3.1473727,1.5395830703724713,1.3587242638174497,2.7740339694399188,2.8878011092428992,3.895264094099694,1.9963381,2.1817553,2.6708403,2.7211022,3.1473727,1.5395830703724713,1.3587242638174497,2.7740339694399188,2.8878011092428992,3.895264094099694
2012-11-15 18:00:00,0.0,0.0,0.0,0.0,0.0,0.0,0.0,0.0,0.0,0.0,0.0,0.0,0.0,0.0,0.0,1.5269707,1.1612066,1.2971255,0.9126419,1.0061955,2.272095,1.9773312,2.3578877,2.1893637,3.1139235,3.185491,1.7398648,2.5675309,2.1626701,3.868489,277.74377,274.7216,276.26236,275.8694,277.37216,277.74377,274.7216,276.26236,275.8694,277.37216,277.74377,274.7216,276.26236,275.8694,277.37216,0.0,0.0,0.0,0.0,0.0,0.0,0.0,0.0,0.0,0.0,2.2747998,1.9803301,2.3608737,2.192082,3.116777,1.7549519405920766,1.227083517326657,2.3288322824599295,2.3539836504018328,3.867013680358542,2.2747998,1.9803301,2.3608737,2.192082,3.116777,1.7549519405920766,1.227083517326657,2.3288322824599295,2.3539836504018328,3.867013680358542
2012-11-15 19:00:00,0.0,0.0,0.0,0.0,0.0,0.0,0.0,0.0,0.0,0.0,0.0,0.0,0.0,0.0,0.0,1.5392998,1.186091,1.4679585,1.053148,1.0131352,2.284469,2.0016806,2.60412,2.565209,3.140072,3.2126098,1.7823305,2.805618,2.5904822,3.8926556,277.82053,274.86026,277.3459,277.17358,277.4425,277.82053,274.86026,277.3459,277.17358,277.4425,277.82053,274.86026,277.3459,277.17358,277.4425,0.0,0.0,0.0,0.0,0.0,0.0,0.0,0.0,0.0,0.0,2.2871735,2.0046797,2.6071062,2.567927,3.1429257,1.7645221146017995,1.2429970971519828,2.682493450291332,2.7332369365393787,3.8911579902114735,2.2871735,2.0046797,2.6071062,2.567927,3.1429257,1.7645221146017995,1.2429970971519828,2.682493450291332,2.7332369365393787,3.8911579902114735
2012-11-15 20:00:00,0.0,0.0,0.0,0.0,0.0,0.0,0.0,0.0,0.0,0.0,0.0,0.0,0.0,0.0,0.0,0.5203403,1.0386573,1.4273975,1.0053174,0.88644195,1.2618144,1.857416,2.5456567,2.4372654,2.6626897,0.97133124,1.5307329,2.7490888,2.4448483,3.4514601,271.47723,274.03867,277.08862,276.7296,276.1583,271.47723,274.03867,277.08862,276.7296,276.1583,271.47723,274.03867,277.08862,276.7296,276.1583,0.0,0.0,0.0,0.0,0.0,0.0,0.0,0.0,0.0,0.0,1.2645191,1.860415,2.5486429,2.4399834,2.665543,0.9735767232940428,1.148713339216812,2.5985232025848477,2.6041332111853674,3.4503698327619183,1.2645191,1.860415,2.5486429,2.4399834,2.665543,0.9735767232940428,1.148713339216812,2.5985232025848477,2.6041332111853674,3.4503698327619183
2012-11-15 21:00:00,0.0,0.0,0.0,0.0,0.0,0.0,0.0,0.0,0.0,0.0,0.0,0.0,0.0,0.0,0.0,0.5211394,1.0135924,1.1965548,0.6546111,0.7316741,1.2626163,1.8328896,2.212929,1.4991477,2.079521,0.97308874,1.4879587,2.4273677,1.3770204,2.912498,271.4822,273.899,275.62448,273.4743,274.5895,271.4822,273.899,275.62448,273.4743,274.5895,271.4822,273.899,275.62448,273.4743,274.5895,0.0,0.0,0.0,0.0,0.0,0.0,0.0,0.0,0.0,0.0,1.2653211,1.8358886,2.2159154,1.5018656,2.0823743,0.9741969771165417,1.1326841898196915,2.120629896035145,1.6575086316203165,2.9119045866448623,1.2653211,1.8358886,2.2159154,1.5018656,2.0823743,0.9741969771165417,1.1326841898196915,2.120629896035145,1.6575086316203165,2.9119045866448623
2012-11-15 22:00:00,0.0,0.0,0.0,0.0,0.0,0.0,0.0,0.0,0.0,0.0,0.0,0.0,0.0,0.0,0.0,0.5584403,1.0061281,1.3943038,0.88769424,0.7015218,1.3000525,1.8255858,2.4979568,2.1226306,1.9659072,1.055135,1.475221,2.7029667,2.08671,2.8074965,271.71442,273.8574,276.87872,275.63782,274.28387,271.71442,273.8574,276.87872,275.63782,274.28387,271.71442,273.8574,276.87872,275.63782,274.28387,0.0,0.0,0.0,0.0,0.0,0.0,0.0,0.0,0.0,0.0,1.3027573,1.8285848,2.500943,2.1253486,1.9687605,1.0031510343889007,1.1279108162937412,2.5300122460338157,2.2866452486980773,2.806999917153708,1.3027573,1.8285848,2.500943,2.1253486,1.9687605,1.0031510343889007,1.1279108162937412,2.5300122460338157,2.2866452486980773,2.806999917153708
2012-11-15 23:00:00,0.0,0.0,0.0,0.0,0.0,0.0,0.0,0.0,0.0,0.0,0.0,0.0,0.0,0.0,0.0,0.555298,1.037239,1.1771693,0.8978206,0.66550183,1.2968988,1.8560282,2.1849875,2.1497178,1.830183,1.0482233,1.5283123,2.40035,2.1175425,2.6820612,271.69485,274.03076,275.50153,275.7318,273.91876,271.69485,274.03076,275.50153,275.7318,273.91876,271.69485,274.03076,275.50153,275.7318,273.91876,0.0,0.0,0.0,0.0,0.0,0.0,0.0,0.0,0.0,0.0,1.2996036,1.859027,2.1879735,2.1524358,1.8330364,1.000711876718828,1.1478062931836344,2.080497496508522,2.313978179278937,2.6816799505244338,1.2996036,1.859027,2.1879735,2.1524358,1.8330364,1.000711876718828,1.1478062931836344,2.080497496508522,2.313978179278937,2.6816799505244338
2012-12-24 00:00:00,0.0,0.0,0.0,0.0,0.0,0.0,0.0,0.0,0.0,0.0,0.0,0.0,0.0,0.0,0.0,1.3878558,1.4997035,1.7290032,1.4017467,1.4238638,2.1324754,2.3085527,2.9803796,3.4976892,4.6877055,2.8794968,2.3175151,3.1694305,3.6518934,5.322973,276.87775,276.6079,279.0016,280.40933,281.6058,276.87775,276.6079,279.0016,280.40933,281.6058,276.87775,276.6079,279.0016,280.40933,281.6058,0.0,0.0,0.0,0.0,0.0,0.0,0.0,0.0,0.0,0.0,2.1351802,2.3115516,2.9833658,3.5004075,4.690559,1.6469668916664615,1.4435523295148611,3.22291122242272,3.674173071785491,5.32015546659608,2.1351802,2.3115516,2.9833658,3.5004075,4.690559,1.6469668916664615,1.4435523295148611,3.22291122242272,3.674173071785491,5.32015546659608
2012-12-24 01:00:00,0.0,0.0,0.0,0.0,0.0,0.0,0.0,0.0,0.0,0.0,0.0,0.0,0.0,0.0,0.0,1.4365201,2.404403,1.8257627,1.276963,0.9695643,2.1813164,3.1938071,3.1198454,3.1639,2.9758966,2.9865375,3.8613985,3.3042834,3.2719522,3.740925,277.1807,281.64948,279.6153,279.25107,277.00085,277.1807,281.64948,279.6153,279.25107,277.00085,277.1807,281.64948,279.6153,279.25107,277.00085,0.0,0.0,0.0,0.0,0.0,0.0,0.0,0.0,0.0,0.0,2.184021,3.196806,3.1228316,3.1666179,2.97875,1.6847414910281,2.022107614352765,3.423224589134155,3.3373568226731636,3.739567338501439,2.184021,3.196806,3.1228316,3.1666179,2.97875,1.6847414910281,2.022107614352765,3.423224589134155,3.3373568226731636,3.739567338501439
2012-12-24 02:00:00,0.0,0.0,0.0,0.0,0.0,0.0,0.0,0.0,0.0,0.0,0.0,0.0,0.0,0.0,0.0,1.3446866,1.4706187,1.19438,1.1323636,1.464418,2.08915,2.2800934,2.2097945,2.7771053,4.840514,2.7845438,2.2678814,2.4243367,2.8316767,5.4641976,276.609,276.44583,275.6107,277.90887,282.01688,276.609,276.44583,275.6107,277.90887,282.01688,276.609,276.44583,275.6107,277.90887,282.01688,0.0,0.0,0.0,0.0,0.0,0.0,0.0,0.0,0.0,0.0,2.0918548,2.283092,2.2127807,2.7798235,4.8433676,1.613457964298819,1.4249526326723645,2.116127576703789,2.947054998037835,5.461250413979591,2.0918548,2.283092,2.2127807,2.7798235,4.8433676,1.613457964298819,1.4249526326723645,2.116127576703789,2.947054998037835,5.461250413979591
2012-12-24 03:00:00,0.0,0.0,0.0,0.0,0.0,0.0,0.0,0.0,0.0,0.0,0.0,0.0,0.0,0.0,0.0,1.5296767,2.43127,1.1556425,0.9294358,1.4415305,2.274811,3.2200963,2.1539598,2.2342863,4.754275,3.1914432,3.907247,2.370349,2.2138042,5.384495,277.76062,281.7992,275.365,276.02527,281.78488,277.76062,281.7992,275.365,276.02527,281.78488,277.76062,281.7992,275.365,276.02527,281.78488,0.0,0.0,0.0,0.0,0.0,0.0,0.0,0.0,0.0,0.0,2.2775156,3.2230954,2.1569457,2.2370045,4.757128,1.7570524320645884,2.0392889573595974,2.0359325038348794,2.399313718391129,5.381621327861591,2.2775156,3.2230954,2.1569457,2.2370045,4.757128,1.7570524320645884,2.0392889573595974,2.0359325038348794,2.399313718391129,5.381621327861591
2012-12-24 04:00:00,0.0,0.0,0.0,0.0,0.0,0.0,0.0,0.0,0.0,0.0,0.0,0.0,0.0,0.0,0.0,0.9553629,2.1068742,1.6144742,1.1258241,1.4196367,1.6984143,2.9026737,2.8153021,2.7596133,4.6717777,1.928196,3.3536613,3.0098143,2.811766,5.308252,274.18536,279.99146,278.27518,277.84818,281.56296,274.18536,279.99146,278.27518,277.84818,281.56296,274.18536,279.99146,278.27518,277.84818,281.56296,0.0,0.0,0.0,0.0,0.0,0.0,0.0,0.0,0.0,0.0,1.7011191,2.9056723,2.8182883,2.762331,4.6746316,1.311253558929361,1.831838073879627,2.9858123130327496,2.9294039594257146,5.305448910833167,1.7011191,2.9056723,2.8182883,2.762331,4.6746316,1.311253558929361,1.831838073879627,2.9858123130327496,2.9294039594257146,5.305448910833167
2012-12-24 05:00:00,0.0,0.0,0.0,0.0,0.0,0.0,0.0,0.0,0.0,0.0,0.0,0.0,0.0,0.0,0.0,1.043583,2.3661945,1.6486168,1.1514293,1.2775075,1.7869544,3.15642,2.864514,2.828105,4.136233,2.1222432,3.7961953,3.0573983,2.8897283,4.8133035,274.73456,281.43655,278.49173,278.08585,280.12228,274.73456,281.43655,278.49173,278.08585,280.12228,274.73456,281.43655,278.49173,278.08585,280.12228,0.0,0.0,0.0,0.0,0.0,0.0,0.0,0.0,0.0,0.0,1.7896593,3.1594188,2.8675,2.8308232,4.1390862,1.379732625123785,1.9976734051887475,3.056494742181648,2.998517226751604,4.810956685437415,1.7896593,3.1594188,2.8675,2.8308232,4.1390862,1.379732625123785,1.9976734051887475,3.056494742181648,2.998517226751604,4.810956685437415
2012-12-24 06:00:00,0.0,0.0,0.0,0.0,0.0,0.0,0.0,0.0,0.0,0.0,0.0,0.0,0.0,0.0,0.0,1.1463383,1.600183,1.666713,1.0147797,1.0226641,1.8900822,2.4068727,2.890597,2.4625762,3.175977,2.3482614,2.4889853,3.0826185,2.4736588,3.9258387,275.37424,277.16785,278.6065,276.81744,277.5391,275.37424,277.16785,278.6065,276.81744,277.5391,275.37424,277.16785,278.6065,276.81744,277.5391,0.0,0.0,0.0,0.0,0.0,0.0,0.0,0.0,0.0,0.0,1.8927871,2.4098716,2.8935833,2.4652941,3.1788306,1.45949422250661,1.5078090114327911,3.093957624936582,2.6296735274878724,3.9243105892069305,1.8927871,2.4098716,2.8935833,2.4652941,3.1788306,1.45949422250661,1.5078090114327911,3.093957624936582,2.6296735274878724,3.9243105892069305
2012-12-24 07:00:00,0.0,0.0,0.0,0.0,0.0,0.0,0.0,0.0,0.0,0.0,0.0,0.0,0.0,0.0,0.0,1.0682313,1.4098864,1.6494925,1.0639056,1.2679095,1.8116921,2.2206662,2.8657765,2.5939846,4.1000667,2.176459,2.1642408,3.058619,2.6232367,4.779879,274.888,276.1074,278.49728,277.27344,280.025,274.888,276.1074,278.49728,277.27344,280.025,274.888,276.1074,278.49728,277.27344,280.025,0.0,0.0,0.0,0.0,0.0,0.0,0.0,0.0,0.0,0.0,1.8143969,2.223665,2.8687625,2.5967028,4.1029205,1.3988653626668812,1.3861142523328267,3.058307622974362,2.7622737381174876,4.777563167081169,1.8143969,2.223665,2.8687625,2.5967028,4.1029205,1.3988653626668812,1.3861142523328267,3.058307622974362,2.7622737381174876,4.777563167081169
2012-12-24 08:00:00,-0.33739603,-1.1266098,-1.5147668,-0.7889614,-0.094825014,-0.47356242,-1.5640854,-2.1161501,-1.1296282,-0.15764016,-0.39253882,-1.1730722,-1.4615463,-0.8236902,-0.10736063,1.1965712,1.5985293,1.8862675,1.0252348,1.2625264,1.9404975,2.4052544,3.2070549,2.490543,4.0797834,2.4587526,2.4861627,3.3886077,2.5054924,4.7611327,275.68695,277.15863,279.99905,276.9145,279.97043,275.68695,277.15863,279.99905,276.9145,279.97043,275.68695,277.15863,279.99905,276.9145,279.97043,0.67266303,2.1219578,2.68952,1.5405288,0.16776139,0.43486511659417304,1.6179286902356347,2.082501108362103,1.5279694668862789,0.1528043155819402,1.9432023,2.4082532,3.210041,2.4932609,4.082637,1.4984864980841976,1.5067513747454564,3.54848269885053,2.6578938908797998,4.758834305468571,1.2705393,0.28629556,0.52052116,0.9527322,3.9148753,1.0636213814900246,-0.11117731549017829,1.4659815904884268,1.1299244239935209,4.606029989886631
2012-12-24 09:00:00,-1.3782727,-2.7163303,-1.9957653,-1.2646532,-0.16318999,-1.8446108,-3.6021454,-2.66071,-1.7345766,-0.2689255,-1.6689178,-2.951379,-2.0138202,-1.3755566,-0.19041598,1.9226629,2.0769684,1.6627291,1.0236994,1.3474342,2.669222,2.87341,2.8848548,2.4864357,4.3997173,4.0558453,3.302626,3.077066,2.5008173,5.0568147,280.20706,279.8248,278.58124,276.90024,280.8311,280.20706,279.8248,278.58124,276.90024,280.8311,280.20706,279.8248,278.58124,276.90024,280.8311,2.302674,4.4966683,3.4175909,2.3151455,0.27495745,1.6280433874915794,3.7575834733927733,2.9916134601495155,2.295206641121152,0.24775942573421567,2.6719265,2.8764088,2.887841,2.4891539,4.4025707,2.0620993503506515,1.8127130608016995,3.0857100134180797,2.6537495796521178,5.054243340814506,0.36925244,-1.6202596,-0.52974993,0.1740085,4.127613,0.4340559628590721,-1.9448704125910738,0.09409655326856425,0.35854293853096575,4.806483915080291
2012-12-24 10:00:00,-0.7849546,-3.5003624,-2.5700088,-2.1771164,-0.17752422,-1.0330145,-4.5492034,-3.3595593,-2.943783,-0.28946808,-0.9645365,-3.8798654,-2.6478777,-2.430981,-0.20919245,1.2934194,2.2434976,1.7717774,1.2273867,1.2877982,2.0376968,3.03636,3.0420332,3.0312862,4.175008,2.6717772,3.5868108,3.229045,3.1210024,4.849139,276.28986,280.7528,279.2729,278.7909,280.2266,276.28986,280.7528,279.2729,278.7909,280.2266,276.28986,280.7528,279.2729,278.7909,280.2266,1.4030299,5.513336,4.2087655,3.699594,0.2953814,1.033381663609362,4.801093172039269,3.7927994258923476,3.6543130284694336,0.26702294035832225,2.0404017,3.039359,3.0450191,3.0340044,4.177861,1.5736627834663404,1.9192086701565247,3.3114634765283713,3.203540829092388,4.846759397401546,0.63737166,-2.473977,-1.1637461,-0.6655895,3.88248,0.5402811198569784,-2.881884501882744,-0.4813359493639764,-0.4507721993770457,4.579736457043223
2012-12-24 11:00:00,-0.8445946,-3.531609,-2.941943,-2.152657,-0.18953441,-1.1003652,-4.5572515,-3.8188949,-2.883874,-0.30873287,-1.0473471,-3.9428945,-3.0547733,-2.4230542,-0.22453219,1.292787,2.1743152,1.8781506,1.1780142,1.3023399,2.0370622,2.9686646,3.1953547,2.8992183,4.229801,2.670386,3.4687502,3.377295,2.9706738,4.8997793,276.28592,280.36728,279.94757,278.3326,280.374,276.28592,280.36728,279.94757,278.3326,280.374,276.28592,280.36728,279.94757,278.3326,280.374,1.4880667,5.553455,4.6964965,3.6508167,0.31302807,1.1188849772437788,4.913775698984741,4.245764992568948,3.607829153244647,0.2824569165646658,2.0397668,2.9716637,3.1983414,2.9019363,4.2326546,1.5731719077417858,1.874966536808519,3.531678688425756,3.0702750438544726,4.897352463167126,0.5517002,-2.5817914,-1.4981549,-0.7488805,3.9196267,0.45428693049800706,-3.0388091621762223,-0.7140863041431924,-0.5375541093901743,4.61489554660246
2012-12-24 12:00:00,-1.6374552,-3.32522,-2.8281128,-1.808714,-0.17905478,-2.1263573,-4.3009863,-3.681057,-2.4311485,-0.2909341,-2.0371034,-3.703582,-2.9278817,-2.0204773,-0.21143687,1.838776,2.1035175,1.851129,1.101202,1.2660067,2.585031,2.8993886,3.1564074,2.6937504,4.0928974,3.8713303,3.3479326,3.3396358,2.7367966,4.7732534,279.68484,279.97275,279.77618,277.61963,280.0057,279.68484,279.97275,279.77618,277.61963,280.0057,279.68484,279.97275,279.77618,277.61963,280.0057,2.6501198,5.2929926,4.5500154,3.1436985,0.29711434,1.9947943415238056,4.663363870987247,4.1018985295079,3.110632103817195,0.268994923771707,2.5877357,2.9023874,3.1593935,2.6964686,4.095751,1.996984114702787,1.8296912815308322,3.475738366822006,2.8629441162049147,4.770943122036895,-0.06238412,-2.390605,-1.3906219,-0.44722992,3.7986364,0.00218977317898128,-2.833672589456415,-0.6261601626858941,-0.2476879876122804,4.501948198265188
2012-12-24 13:00:00,-0.86327565,-2.7562034,-2.523453,-2.172401,-0.151809,-1.1350896,-3.6109731,-3.3257947,-2.9650311,-0.24601373,-1.0616577,-3.0304813,-2.57801,-2.4053974,-0.17714903,1.3447114,1.9659467,1.8222456,1.2767624,1.2061993,2.0891747,2.7647746,3.1147757,3.1633635,3.8675413,2.7845974,3.1131659,3.2993813,3.2713413,4.5649796,276.60916,279.20612,279.593,279.2492,279.39948,276.60916,279.20612,279.593,279.2492,279.39948,276.60916,279.20612,279.593,279.2492,279.39948,1.5290415,4.5470414,4.1511264,3.7013006,0.2557568,1.127619727092494,3.9037460942178908,3.656501213370604,3.6546712642592345,0.23308256180166365,2.0918794,2.7677736,3.1177619,3.1660814,3.870395,1.6134769904896933,1.7417148205290707,3.4159431833128684,3.336815488658413,4.562862117599372,0.56283796,-1.7792677,-1.0333643,-0.5352191,3.614638,0.48585726339719937,-2.16203127368882,-0.24055803005773546,-0.31785577560082157,4.329779555797709
2012-12-24 14:00:00,-0.768421,-1.9146008,-1.5440004,-1.746653,-0.08279606,-1.0403256,-2.585812,-2.0997984,-2.4641612,-0.12939987,-0.92116815,-2.0443258,-1.5268114,-1.873021,-0.092143066,1.4310294,1.8280146,1.5879483,1.3485377,1.0028597,2.1758058,2.6298072,2.7770689,3.3553576,3.101354,2.974461,2.8777826,2.9728456,3.489882,3.8568723,277.1465,278.43747,278.10693,279.91544,277.33835,277.1465,278.43747,278.10693,279.91544,277.33835,277.1465,278.43747,278.10693,279.91544,277.33835,1.401568,3.3599417,2.7529511,3.0794108,0.14403449,0.9727950715538801,2.7082443601792585,2.3315522184428263,3.040519196002999,0.13486849956408717,2.1785107,2.632806,2.7800548,3.3580759,3.1042073,1.680479624272279,1.6535072203837198,2.930897962427074,3.5305509456424256,3.8554076520214275,0.77694255,-0.72713566,0.02710383,0.278665,2.960173,0.7076845527183989,-1.0547371397955387,0.5993457439842476,0.49003174963942664,3.7205391524573406
2012-12-24 15:00:00,-0.22479255,-0.6701457,-0.55271196,-0.45621666,-0.0090641305,-0.32829127,-0.9696202,-0.80673206,-0.6901171,-0.011665919,-0.25369087,-0.67362726,-0.5125304,-0.45878625,-0.008281791,1.3855516,1.7278471,1.6249826,1.319191,0.7066581,2.1301632,2.5317926,2.8304486,3.2768574,1.9852606,2.874429,2.706845,3.0244596,3.4005277,2.8253832,276.8634,277.87927,278.34183,279.64304,274.33594,276.8634,277.87927,278.34183,279.64304,274.33594,276.8634,277.87927,278.34183,279.64304,274.33594,0.4620575,1.3196367,1.089192,0.90193856,0.016253054,0.27502776093509423,0.9210948280539264,0.7927679115600146,0.8918206401060519,0.016253054620951612,2.1328678,2.5347917,2.8334348,3.2795756,1.988114,1.6451784297242869,1.5894501586352536,3.0075668825453197,3.451338692926595,2.824869848871322,1.6708103,1.2151549,1.7442427,2.377637,1.971861,1.3701506687891927,0.6683553305813272,2.214798970985305,2.5595180528205432,2.8086167942503706
2012-12-24 16:00:00,0.0,0.0,0.0,0.0,0.0,0.0,0.0,0.0,0.0,0.0,0.0,0.0,0.0,0.0,0.0,1.4023957,1.7178144,0.97583115,1.3602651,0.6642524,2.1470683,2.5219758,1.8947861,3.3867278,1.8254751,2.9114788,2.6897247,2.1197488,3.5255897,2.67771,276.96826,277.82336,274.22452,280.0243,273.9061,276.96826,277.82336,274.22452,280.0243,273.9061,276.96826,277.82336,274.22452,280.0243,273.9061,0.0,0.0,0.0,0.0,0.0,0.0,0.0,0.0,0.0,0.0,2.149773,2.5249746,1.8977723,3.3894463,1.8283286,1.6582532280930378,1.5830342963465218,1.6636843274364186,3.5622056740131818,2.6773329272754243,2.149773,2.5249746,1.8977723,3.3894463,1.8283286,1.6582532280930378,1.5830342963465218,1.6636843274364186,3.5622056740131818,2.6773329272754243
2012-12-24 17:00:00,0.0,0.0,0.0,0.0,0.0,0.0,0.0,0.0,0.0,0.0,0.0,0.0,0.0,0.0,0.0,1.3531138,1.6394266,0.91883856,1.3295836,0.66471004,2.0976076,2.4452724,1.8126392,3.3046572,1.8271995,2.8030794,2.5559542,2.0403194,3.432171,2.6793036,276.66147,277.38654,273.86304,279.7395,273.91074,276.66147,277.38654,273.86304,279.7395,273.91074,276.66147,277.38654,273.86304,279.7395,273.91074,0.0,0.0,0.0,0.0,0.0,0.0,0.0,0.0,0.0,0.0,2.1003122,2.4482715,1.8156255,3.3073752,1.8300529,1.6199991687213693,1.5329051190534517,1.5456976626578531,3.4793904440844194,2.678925090007591,2.1003122,2.4482715,1.8156255,3.3073752,1.8300529,1.6199991687213693,1.5329051190534517,1.5456976626578531,3.4793904440844194,2.678925090007591
2012-12-24 18:00:00,0.0,0.0,0.0,0.0,0.0,0.0,0.0,0.0,0.0,0.0,0.0,0.0,0.0,0.0,0.0,1.2301856,1.4938055,1.0738803,1.3819578,0.6932755,1.974234,2.3027813,2.0361106,3.4447546,1.9348348,2.53269,2.30745,2.2563982,3.5916395,2.7787797,275.8962,276.57504,274.8464,280.22565,274.2003,275.8962,276.57504,274.8464,280.22565,274.2003,275.8962,276.57504,274.8464,280.22565,274.2003,0.0,0.0,0.0,0.0,0.0,0.0,0.0,0.0,0.0,0.0,1.9769386,2.3057804,2.0390968,3.4474728,1.9376884,1.5245790162490767,1.4397805589444657,1.8666672109195428,3.620758490887375,2.7783095637102457,1.9769386,2.3057804,2.0390968,3.4474728,1.9376884,1.5245790162490767,1.4397805589444657,1.8666672109195428,3.620758490887375,2.7783095637102457
2012-12-24 19:00:00,0.0,0.0,0.0,0.0,0.0,0.0,0.0,0.0,0.0,0.0,0.0,0.0,0.0,0.0,0.0,1.9014556,1.6853234,1.1792914,1.5419145,0.6463478,2.647938,2.490183,2.188046,3.8726282,1.7580101,4.009199,2.6342785,2.4033077,4.078674,2.6153595,280.07504,277.6423,275.51498,281.7104,273.7246,280.07504,277.6423,275.51498,281.7104,273.7246,280.07504,277.6423,275.51498,281.7104,273.7246,0.0,0.0,0.0,0.0,0.0,0.0,0.0,0.0,0.0,0.0,2.6506426,2.493182,2.191032,3.8753467,1.7608635,2.0456378900062933,1.5622562881811044,2.0848902461216374,4.052512302127638,2.615039560379379,2.6506426,2.493182,2.191032,3.8753467,1.7608635,2.0456378900062933,1.5622562881811044,2.0848902461216374,4.052512302127638,2.615039560379379
2012-12-24 20:00:00,0.0,0.0,0.0,0.0,0.0,0.0,0.0,0.0,0.0,0.0,0.0,0.0,0.0,0.0,0.0,0.9495389,1.1002496,1.2123703,1.0503304,0.60457134,1.6925693,1.9176844,2.235725,2.5576718,1.6005958,1.915386,1.6358408,2.4494092,2.581903,2.469877,274.1491,274.3819,275.7248,277.14743,273.30115,274.1491,274.3819,275.7248,277.14743,273.30115,274.1491,274.3819,275.7248,277.14743,273.30115,0.0,0.0,0.0,0.0,0.0,0.0,0.0,0.0,0.0,0.0,1.6952741,1.9206834,2.238711,2.56039,1.6034491,1.306732935977651,1.1881015505494346,2.1533713200222397,2.7256316373485356,2.4696918625402104,1.6952741,1.9206834,2.238711,2.56039,1.6034491,1.306732935977651,1.1881015505494346,2.1533713200222397,2.7256316373485356,2.4696918625402104
2012-12-24 21:00:00,0.0,0.0,0.0,0.0,0.0,0.0,0.0,0.0,0.0,0.0,0.0,0.0,0.0,0.0,0.0,1.840688,1.2485759,0.96271,1.21824,0.7190141,2.5869498,2.0628223,1.875874,3.0068197,2.031818,3.8755355,1.8889619,2.1014624,3.0931532,2.8684113,279.69675,275.20847,274.1413,278.706,274.46118,279.69675,275.20847,274.1413,278.706,274.46118,279.69675,275.20847,274.1413,278.706,274.46118,0.0,0.0,0.0,0.0,0.0,0.0,0.0,0.0,0.0,0.0,2.5896544,2.0658214,1.8788602,3.009538,2.0346713,1.9984681575909746,1.282956152127107,1.636520998196136,3.1788524482885068,2.8678582426398394,2.5896544,2.0658214,1.8788602,3.009538,2.0346713,1.9984681575909746,1.282956152127107,1.636520998196136,3.1788524482885068,2.8678582426398394
2012-12-24 22:00:00,0.0,0.0,0.0,0.0,0.0,0.0,0.0,0.0,0.0,0.0,0.0,0.0,0.0,0.0,0.0,0.98941356,1.2206794,0.8994866,1.1361806,0.6816934,1.7325885,2.0355258,1.7847462,2.787316,1.8911932,2.0030932,1.841356,2.013349,2.8432994,2.7384465,274.39734,275.053,273.7403,277.9443,274.0829,274.39734,275.053,273.7403,277.9443,274.0829,274.39734,275.053,273.7403,277.9443,274.0829,0.0,0.0,0.0,0.0,0.0,0.0,0.0,0.0,0.0,0.0,1.7352933,2.0385246,1.7877324,2.790034,1.8940465,1.3376847432918009,1.2651164127718673,1.5056349893155663,2.9573580929743217,2.738013181929669,1.7352933,2.0385246,1.7877324,2.790034,1.8940465,1.3376847432918009,1.2651164127718673,1.5056349893155663,2.9573580929743217,2.738013181929669
2012-12-24 23:00:00,0.0,0.0,0.0,0.0,0.0,0.0,0.0,0.0,0.0,0.0,0.0,0.0,0.0,0.0,0.0,0.93507737,1.2370864,0.6343235,1.243145,0.67413056,1.6780553,2.05158,1.4025501,3.0734386,1.8626959,1.883577,1.8693551,1.6437958,3.1689832,2.7121093,274.05908,275.14444,272.05847,278.93716,274.00623,274.05908,275.14444,272.05847,278.93716,274.00623,274.05908,275.14444,272.05847,278.93716,274.00623,0.0,0.0,0.0,0.0,0.0,0.0,0.0,0.0,0.0,0.0,1.6807601,2.054579,1.4055364,3.0761569,1.8655494,1.2955074833618723,1.275608729047544,0.956690700928336,3.2460754837268233,2.711700597829641,1.6807601,2.054579,1.4055364,3.0761569,1.8655494,1.2955074833618723,1.275608729047544,0.956690700928336,3.2460754837268233,2.711700597829641
