,CH-Dav_REF_GPP_WRF,IT-Lav_REF_GPP_WRF,IT-Ren_REF_GPP_WRF,AT-Neu_REF_GPP_WRF,IT-MBo_REF_GPP_WRF,CH-Dav_ALPS_GPP_WRF,IT-Lav_ALPS_GPP_WRF,IT-Ren_ALPS_GPP_WRF,AT-Neu_ALPS_GPP_WRF,IT-MBo_ALPS_GPP_WRF,CH-Dav_SITE_GPP_WRF,IT-Lav_SITE_GPP_WRF,IT-Ren_SITE_GPP_WRF,AT-Neu_SITE_GPP_WRF,IT-MBo_SITE_GPP_WRF,CH-Dav_REF_RECO_WRF,IT-Lav_REF_RECO_WRF,IT-Ren_REF_RECO_WRF,AT-Neu_REF_RECO_WRF,IT-MBo_REF_RECO_WRF,CH-Dav_ALPS_RECO_WRF,IT-Lav_ALPS_RECO_WRF,IT-Ren_ALPS_RECO_WRF,AT-Neu_ALPS_RECO_WRF,IT-MBo_ALPS_RECO_WRF,CH-Dav_SITE_RECO_WRF,IT-Lav_SITE_RECO_WRF,IT-Ren_SITE_RECO_WRF,AT-Neu_SITE_RECO_WRF,IT-MBo_SITE_RECO_WRF,CH-Dav_REF_T2_WRF,IT-Lav_REF_T2_WRF,IT-Ren_REF_T2_WRF,AT-Neu_REF_T2_WRF,IT-MBo_REF_T2_WRF,CH-Dav_ALPS_T2_WRF,IT-Lav_ALPS_T2_WRF,IT-Ren_ALPS_T2_WRF,AT-Neu_ALPS_T2_WRF,IT-MBo_ALPS_T2_WRF,CH-Dav_SITE_T2_WRF,IT-Lav_SITE_T2_WRF,IT-Ren_SITE_T2_WRF,AT-Neu_SITE_T2_WRF,IT-MBo_SITE_T2_WRF,CH-Dav_ALPS_GPP_recalc,IT-Lav_ALPS_GPP_recalc,IT-Ren_ALPS_GPP_recalc,AT-Neu_ALPS_GPP_recalc,IT-MBo_ALPS_GPP_recalc,CH-Dav_SITE_GPP_recalc,IT-Lav_SITE_GPP_recalc,IT-Ren_SITE_GPP_recalc,AT-Neu_SITE_GPP_recalc,IT-MBo_SITE_GPP_recalc,CH-Dav_ALPS_RECO_recalc,IT-Lav_ALPS_RECO_recalc,IT-Ren_ALPS_RECO_recalc,AT-Neu_ALPS_RECO_recalc,IT-MBo_ALPS_RECO_recalc,CH-Dav_SITE_RECO_recalc,IT-Lav_SITE_RECO_recalc,IT-Ren_SITE_RECO_recalc,AT-Neu_SITE_RECO_recalc,IT-MBo_SITE_RECO_recalc,CH-Dav_ALPS_NEE_recalc,IT-Lav_ALPS_NEE_recalc,IT-Ren_ALPS_NEE_recalc,AT-Neu_ALPS_NEE_recalc,IT-MBo_ALPS_NEE_recalc,CH-Dav_SITE_NEE_recalc,IT-Lav_SITE_NEE_recalc,IT-Ren_SITE_NEE_recalc,AT-Neu_SITE_NEE_recalc,IT-MBo_SITE_NEE_recalc
2012-01-20 00:00:00,0.0,0.0,0.0,0.0,0.0,0.0,0.0,0.0,0.0,0.0,0.0,0.0,0.0,0.0,0.0,0.7279735,0.9409598,0.74411285,0.95101345,0.6990832,1.4702007,1.7618183,1.5607965,2.2920055,1.9567182,1.4280362,1.3640103,1.7968076,2.2795038,2.799004,272.7698,273.49423,272.75482,276.22556,274.25916,272.7698,273.49423,272.75482,276.22556,274.25916,272.7698,273.49423,272.75482,276.22556,274.25916,0.0,0.0,0.0,0.0,0.0,0.0,0.0,0.0,0.0,0.0,1.4729053,1.7648172,1.5637826,2.2947233,1.9595716,1.134747586189399,1.0862357282828752,1.1839781400940013,2.4575559337814497,2.7985153657520265,1.4729053,1.7648172,1.5637826,2.2947233,1.9595716,1.134747586189399,1.0862357282828752,1.1839781400940013,2.4575559337814497,2.7985153657520265
2012-01-20 01:00:00,0.0,0.0,0.0,0.0,0.0,0.0,0.0,0.0,0.0,0.0,0.0,0.0,0.0,0.0,0.0,0.71471804,0.8020146,0.42099014,0.8060326,0.7225335,1.4568968,1.6258595,1.0950596,1.9041908,2.0450795,1.3988796,1.1268982,1.3464772,1.8380674,2.8806677,272.6873,272.71994,270.70538,274.87982,274.49686,272.6873,272.71994,270.70538,274.87982,274.49686,272.6873,272.71994,270.70538,274.87982,274.49686,0.0,0.0,0.0,0.0,0.0,0.0,0.0,0.0,0.0,0.0,1.4596016,1.6288583,1.0980458,1.9069088,2.0479329,1.124458222164631,0.997380238113826,0.5150450493494391,2.066224687085283,2.880103231020784,1.4596016,1.6288583,1.0980458,1.9069088,2.0479329,1.124458222164631,0.997380238113826,0.5150450493494391,2.066224687085283,2.880103231020784
2012-01-20 02:00:00,0.0,0.0,0.0,0.0,0.0,0.0,0.0,0.0,0.0,0.0,0.0,0.0,0.0,0.0,0.0,0.77788794,1.033433,0.7089503,0.768437,0.63213724,1.5202959,1.852304,1.5101142,1.8036246,1.7044647,1.5378267,1.5218173,1.7478018,1.7235963,2.565873,273.08054,274.00955,272.5318,274.53085,273.58057,273.08054,274.00955,272.5318,274.53085,273.58057,273.08054,274.00955,272.5318,274.53085,273.58057,0.0,0.0,0.0,0.0,0.0,0.0,0.0,0.0,0.0,0.0,1.5230007,1.8553028,1.5131005,1.8063428,1.7073182,1.1734925212856218,1.1453723279594705,1.1111840036480953,1.964746745139784,2.565598717643657,1.5230007,1.8553028,1.5131005,1.8063428,1.7073182,1.1734925212856218,1.1453723279594705,1.1111840036480953,1.964746745139784,2.565598717643657
2012-01-20 03:00:00,0.0,0.0,0.0,0.0,0.0,0.0,0.0,0.0,0.0,0.0,0.0,0.0,0.0,0.0,0.0,0.7879816,0.83997095,0.22392938,0.75216913,0.64848536,1.5304261,1.663,0.8110237,1.7601091,1.7660646,1.5600287,1.1916713,1.0718371,1.6740638,2.622803,273.14337,272.93146,269.4555,274.37985,273.74628,273.14337,272.93146,269.4555,274.37985,273.74628,273.14337,272.93146,269.4555,274.37985,273.74628,0.0,0.0,0.0,0.0,0.0,0.0,0.0,0.0,0.0,0.0,1.5331309,1.6659989,0.8140099,1.7628272,1.768918,1.1813275066876174,1.0216533502989782,0.10708710568790052,1.9208365696481944,2.6224766362993703,1.5331309,1.6659989,0.8140099,1.7628272,1.768918,1.1813275066876174,1.0216533502989782,0.10708710568790052,1.9208365696481944,2.6224766362993703
2012-01-20 04:00:00,0.0,0.0,0.0,0.0,0.0,0.0,0.0,0.0,0.0,0.0,0.0,0.0,0.0,0.0,0.0,0.87939316,0.7857992,0.225012,0.75413847,0.55015594,1.6221691,1.6099926,0.81258416,1.765377,1.3955574,1.761095,1.0992264,1.0733459,1.6800604,2.280382,273.71243,272.62958,269.46237,274.39813,272.74957,273.71243,272.62958,269.46237,274.39813,272.74957,273.71243,272.62958,269.46237,274.39813,272.74957,0.0,0.0,0.0,0.0,0.0,0.0,0.0,0.0,0.0,0.0,1.624874,1.6129915,0.8155703,1.7680951,1.3984109,1.2522837829338627,0.9870104956264163,0.10932830447010201,1.9261522921864853,2.280371143979737,1.624874,1.6129915,0.8155703,1.7680951,1.3984109,1.2522837829338627,0.9870104956264163,0.10932830447010201,1.9261522921864853,2.280371143979737
2012-01-20 05:00:00,0.0,0.0,0.0,0.0,0.0,0.0,0.0,0.0,0.0,0.0,0.0,0.0,0.0,0.0,0.0,0.83701843,0.14356895,0.11590104,0.78029597,0.55137527,1.5796409,0.9815661,0.65531576,1.8353468,1.400152,1.6678886,0.0032506709,0.9212799,1.7597046,2.284628,273.44864,269.05066,268.77032,274.64093,272.76193,273.44864,269.05066,268.77032,274.64093,272.76193,273.44864,269.05066,268.77032,274.64093,272.76193,0.0,0.0,0.0,0.0,0.0,0.0,0.0,0.0,0.0,0.0,1.5823456,0.9848997,0.71433675,1.8380648,1.4030054,1.2193913041505442,0.5766390096902766,0.007159586590687657,1.996756446634967,2.2846134196805785,1.5823456,0.9848997,0.71433675,1.8380648,1.4030054,1.2193913041505442,0.5766390096902766,0.007159586590687657,1.996756446634967,2.2846134196805785
2012-01-20 06:00:00,0.0,0.0,0.0,0.0,0.0,0.0,0.0,0.0,0.0,0.0,0.0,0.0,0.0,0.0,0.0,0.5783188,0.4421983,0.350203,0.730049,0.5939044,1.320003,1.2737768,0.9930298,1.7009392,1.5604025,1.0988593,0.5128662,1.2478224,1.6067128,2.432731,271.83817,270.7148,270.2564,274.17453,273.19302,271.83817,270.7148,270.2564,274.17453,273.19302,271.83817,270.7148,270.2564,274.17453,273.19302,0.0,0.0,0.0,0.0,0.0,0.0,0.0,0.0,0.0,0.0,1.3227079,1.2767757,0.9960159,1.7036573,1.563256,1.0185812751878778,0.7672777185620672,0.36850053164388796,1.8611300901196142,2.4325798062239685,1.3227079,1.2767757,0.9960159,1.7036573,1.563256,1.0185812751878778,0.7672777185620672,0.36850053164388796,1.8611300901196142,2.4325798062239685
2012-01-20 07:00:00,0.0,0.0,0.0,-0.0029566542,0.0,0.0,0.0,0.0,-0.0044720904,0.0,0.0,0.0,0.0,-0.0028689983,0.0,0.6157717,0.6964311,0.27705824,0.7208005,0.5630146,1.3575919,1.5225453,0.8876017,1.6762,1.4440094,1.1812398,0.9467184,1.1458819,1.5785532,2.325161,272.07132,272.13156,269.79248,274.08868,272.8799,272.07132,272.13156,269.79248,274.08868,272.8799,272.07132,272.13156,269.79248,274.08868,272.8799,0.0,0.0,0.0,0.009118039,0.0,0.0,0.0,0.0,0.009118038783771206,0.0,1.3602966,1.5255442,0.8905878,1.6789181,1.4468627,1.0476532948436568,0.9298595913197509,0.21707518103487558,1.8361666051443026,2.3251088218026754,1.3602966,1.5255442,0.8905878,1.6698,1.4468627,1.0476532948436568,0.9298595913197509,0.21707518103487558,1.8270485663605314,2.3251088218026754
2012-01-20 08:00:00,0.0,0.0,0.0,-0.19540815,-0.003976041,0.0,0.0,0.0,-0.2831238,-0.004907131,0.0,0.0,0.0,-0.19614875,-0.0037709083,0.5208992,0.7919381,0.5893645,0.7905473,0.6130434,1.2623752,1.6159996,1.3377482,1.8627683,1.6325188,0.9725604,1.1097027,1.5811375,1.7909175,2.4993804,271.4807,272.6638,271.77332,274.73608,273.38702,271.4807,272.6638,271.77332,274.73608,273.38702,271.4807,272.6638,271.77332,274.73608,273.38702,0.0,0.0,0.0,0.54465073,0.009034668,0.0,0.0,0.0,0.544650742219684,0.009034668292486902,1.26508,1.6189985,1.3407344,1.8654864,1.6353722,0.9740105204459746,0.9909363589592046,0.8636162057243753,2.0244266016840324,2.4991678225949396,1.26508,1.6189985,1.3407344,1.3208356,1.6263375,0.9740105204459746,0.9909363589592046,0.8636162057243753,1.4797758594643484,2.4901331543024527
2012-01-20 09:00:00,0.0,-0.15959865,0.0,-0.23705934,-0.018271621,0.0,-0.20958672,0.0,-0.3301476,-0.021814197,0.0,-0.1750049,0.0,-0.24608809,-0.017932583,0.4226343,0.9237204,0.49893206,0.72515357,0.6641651,1.1637541,1.7449495,1.207402,1.6878442,1.8251461,0.7564194,1.3345909,1.4551032,1.5918071,2.6774058,270.869,273.39816,271.19974,274.1291,273.9052,270.869,273.39816,271.19974,274.1291,273.9052,270.869,273.39816,271.19974,274.1291,273.9052,0.0,0.41865948,0.0,0.6439065,0.03833019,0.0,0.27003144107991334,0.0,0.6439064673779837,0.03833019164859085,1.1664588,1.7479483,1.2103883,1.6905621,1.8279996,0.897734521231303,1.075211091555295,0.6764014007844734,1.8479162155628281,2.6770291593857345,1.1664588,1.3292888,1.2103883,1.0466557,1.7896694,0.897734521231303,0.8051796504753816,0.6764014007844734,1.2040097481848444,2.6386989677371435
2012-01-20 10:00:00,0.0,-1.0611097,0.0,-0.039961807,-0.028615702,0.0,-1.3643554,0.0,-0.057163466,-0.033829737,0.0,-1.188557,0.0,-0.040540893,-0.028391207,0.18140619,1.1423516,0.5916212,0.6456749,0.69708407,0.92165124,1.9588816,1.3410007,1.4752439,1.9491856,0.22581987,1.7076886,1.5842824,1.3498114,2.7920423,269.36728,274.61652,271.78763,273.39136,274.2389,269.36728,274.61652,271.78763,273.39136,274.2389,269.36728,274.61652,271.78763,273.39136,274.2389,0.0,2.5219808,0.0,0.11780181,0.058135472,0.0,1.7598669989504483,0.0,0.11780180800993571,0.0581354729239215,0.9243559,1.9618804,1.343987,1.477962,1.9520389,0.7104863611237672,1.2150257586693956,0.8682878600748308,1.6333882078155182,2.7915601285536114,0.9243559,-0.5601003,1.343987,1.3601602,1.8939035,0.7104863611237672,-0.5448412402810527,0.8682878600748308,1.5155863998055825,2.73342465562969
2012-01-20 11:00:00,0.0,-0.071748324,0.0,-0.028802041,-0.027430272,0.0,-0.09177587,0.0,-0.040374674,-0.03210458,0.0,-0.08079797,0.0,-0.029728655,-0.027528359,0.18066594,0.8957966,0.55300874,0.6333195,0.6838129,0.9209082,1.7176257,1.2853463,1.442194,1.8991795,0.22419162,1.2869387,1.5304691,1.3121918,2.7458274,269.36267,273.24255,271.54272,273.27667,274.10437,269.36267,273.24255,271.54272,273.27667,274.10437,269.36267,273.24255,271.54272,273.27667,274.10437,0.0,0.18290469,0.0,0.082931854,0.055213135,0.0,0.12422710992334382,0.0,0.0829318521484905,0.05521313493230598,0.92361397,1.7206247,1.2883323,1.444912,1.902033,0.7099126877575019,1.0573538416588744,0.7883517701763094,1.6000384827756247,2.7453874093207595,0.92361397,1.53772,1.2883323,1.3619801,1.8468198,0.7099126877575019,0.9331267317355305,0.7883517701763094,1.5171066306271341,2.6901742743884536
2012-01-20 12:00:00,0.0,-0.40839294,0.0,-0.054964874,0.0,0.0,-0.521495,0.0,-0.07508305,0.0,0.0,-0.4607263,0.0,-0.05805628,0.0,0.17282727,0.97372466,0.58269584,0.6389515,0.46572092,0.9130413,1.7938788,1.3281361,1.4572589,1.0774046,0.20695,1.4199241,1.5718435,1.3293399,1.9863461,269.31387,273.67682,271.73102,273.32895,271.8937,269.31387,273.67682,271.73102,273.32895,271.8937,269.31387,273.67682,271.73102,273.32895,271.8937,0.0,1.0128136,0.0,0.1518802,0.0,0.0,0.6991491606451935,0.0,0.1518802116895605,0.0,0.91604614,1.7968779,1.3311223,1.4599771,1.080258,0.704127391922994,1.107188841860103,0.8498104212260138,1.6152402068292004,1.986606645140053,0.91604614,0.7840643,1.3311223,1.3080969,1.080258,0.704127391922994,0.4080396812149095,0.8498104212260138,1.4633599951396399,1.986606645140053
2012-01-20 13:00:00,0.0,0.0,0.0,0.0,0.0,0.0,0.0,0.0,0.0,0.0,0.0,0.0,0.0,0.0,0.0,0.06300789,0.75646245,0.50060165,0.5801201,0.50746125,0.8028236,1.5812864,1.2098086,1.299889,1.234683,0.0,1.0491629,1.4574301,1.1502106,2.131702,268.63022,272.4661,271.21033,272.78287,272.3168,268.63022,272.4661,271.21033,272.78287,272.3168,268.63022,272.4661,271.21033,272.78287,272.3168,0.0,0.0,0.0,0.0,0.0,0.0,0.0,0.0,0.0,0.0,0.81002146,1.5842854,1.2127948,1.3026069,1.2375364,0.6230753611008256,0.9682497018050543,0.679857827350802,1.4564429796168912,2.131828645921418,0.81002146,1.5842854,1.2127948,1.3026069,1.2375364,0.6230753611008256,0.9682497018050543,0.679857827350802,1.4564429796168912,2.131828645921418
2012-01-20 14:00:00,0.0,-0.3610997,0.0,0.0,0.0,0.0,-0.47506508,0.0,0.0,0.0,0.0,-0.39524713,0.0,0.0,0.0,0.019873325,0.982191,0.35500008,0.48405477,0.5018102,0.7595325,1.8021634,0.9999441,1.04292,1.2133896,0.0,1.4343722,1.254508,0.8577117,2.112023,268.3617,273.724,270.28683,271.89117,272.25952,268.3617,273.724,270.28683,271.89117,272.25952,268.3617,273.724,270.28683,271.89117,272.25952,0.0,0.9320846,0.0,0.0,0.0,0.0,0.6044717661975394,0.0,0.0,0.0,0.76837736,1.8051623,1.0029303,1.0456381,1.216243,0.591239952690672,1.1126031011932793,0.3784315324699098,1.1971439865512565,2.1121675311301153,0.76837736,0.87307763,1.0029303,1.0456381,1.216243,0.591239952690672,0.5081313349957399,0.3784315324699098,1.1971439865512565,2.1121675311301153
2012-01-20 15:00:00,0.0,0.0,0.0,0.0,0.0,0.0,0.0,0.0,0.0,0.0,0.0,0.0,0.0,0.0,0.0,0.0,0.862276,0.15990242,0.47344843,0.4532566,0.6427222,1.6848257,0.7187378,1.0145488,1.0304389,0.0,1.2297353,0.9826039,0.8254175,1.9429406,267.63715,273.05576,269.0494,271.79272,271.76736,267.63715,273.05576,269.0494,271.79272,271.76736,267.63715,273.05576,269.0494,271.79272,271.76736,0.0,0.0,0.0,0.0,0.0,0.0,0.0,0.0,0.0,0.0,0.6560107,1.6878246,0.7513646,1.0172668,1.0332923,0.5053397064724807,1.03591743714505,0.007388165861199782,1.1685154040662389,1.9432411601981279,0.6560107,1.6878246,0.7513646,1.0172668,1.0332923,0.5053397064724807,1.03591743714505,0.007388165861199782,1.1685154040662389,1.9432411601981279
2012-01-20 16:00:00,0.0,0.0,0.0,0.0,0.0,0.0,0.0,0.0,0.0,0.0,0.0,0.0,0.0,0.0,0.0,0.0,0.096675195,0.0,0.37481207,0.037006453,0.53410363,0.9356802,0.46919033,0.7507027,0.0,0.0,0.0,0.74131155,0.52509034,0.4933955,266.9634,268.78934,267.9513,270.87717,267.5481,266.9634,268.78934,267.9513,270.87717,267.5481,266.9634,268.78934,267.9513,270.87717,267.5481,0.0,0.0,0.0,0.0,0.0,0.0,0.0,0.0,0.0,0.0,0.5515241,0.9392941,0.6056973,0.75342065,0.108185716,0.42546354878740733,0.5469306931942207,0.006515699656716294,0.9022766864180611,0.49503298347934444,0.5515241,0.9392941,0.6056973,0.75342065,0.108185716,0.42546354878740733,0.5469306931942207,0.006515699656716294,0.9022766864180611,0.49503298347934444
2012-01-20 17:00:00,0.0,0.0,0.0,0.0,0.0,0.0,0.0,0.0,0.0,0.0,0.0,0.0,0.0,0.0,0.0,0.0,0.6982492,0.0,0.25628468,0.3561315,0.5794462,1.5243244,0.0,0.43364927,0.66446954,0.0,0.94982105,0.26483554,0.16419908,1.604713,267.24466,272.1417,265.78287,269.77698,270.78287,267.24466,272.1417,265.78287,269.77698,270.78287,267.24466,272.1417,265.78287,269.77698,270.78287,0.0,0.0,0.0,0.0,0.0,0.0,0.0,0.0,0.0,0.0,0.5951418,1.5273232,0.3180785,0.43636727,0.6673229,0.4588076928842337,0.9310222912541716,0.004820773430012892,0.5823482837003369,1.605325569805251,0.5951418,1.5273232,0.3180785,0.43636727,0.6673229,0.4588076928842337,0.9310222912541716,0.004820773430012892,0.5823482837003369,1.605325569805251
2012-01-20 18:00:00,0.0,0.0,0.0,0.0,0.0,0.0,0.0,0.0,0.0,0.0,0.0,0.0,0.0,0.0,0.0,0.0,0.5832902,0.0,0.15692168,0.21241881,0.63874197,1.4118364,0.3864054,0.16785946,0.12295727,0.0,0.75364184,0.66126513,0.0,1.1042496,267.61246,271.50107,267.587,268.85468,269.32614,267.61246,271.50107,267.587,268.85468,269.32614,267.61246,271.50107,267.587,268.85468,269.32614,0.0,0.0,0.0,0.0,0.0,0.0,0.0,0.0,0.0,0.0,0.6521818,1.4148352,0.5573783,0.2899671,0.13881367,0.5024126868789115,0.8575060351597098,0.006230957775523436,0.31414833953970134,1.1053236233758161,0.6521818,1.4148352,0.5573783,0.2899671,0.13881367,0.5024126868789115,0.8575060351597098,0.006230957775523436,0.31414833953970134,1.1053236233758161
2012-01-20 19:00:00,0.0,0.0,0.0,0.0,0.0,0.0,0.0,0.0,0.0,0.0,0.0,0.0,0.0,0.0,0.0,0.0,0.62385887,0.0,0.2035916,0.16447943,0.6367641,1.451533,0.34140334,0.2926985,0.0,0.0,0.8228728,0.61775166,0.0037595872,0.9373061,267.6002,271.72714,267.38898,269.28787,268.8402,267.6002,271.72714,267.38898,269.28787,268.8402,267.6002,271.72714,267.38898,269.28787,268.8402,0.0,0.0,0.0,0.0,0.0,0.0,0.0,0.0,0.0,0.0,0.6502792,1.4545318,0.5311119,0.31302574,0.1304432,0.5009582222601047,0.8834496529735328,0.006076170972552803,0.44011942707064633,0.9385341024264738,0.6502792,1.4545318,0.5311119,0.31302574,0.1304432,0.5009582222601047,0.8834496529735328,0.006076170972552803,0.44011942707064633,0.9385341024264738
2012-01-20 20:00:00,0.0,0.0,0.0,0.0,0.0,0.0,0.0,0.0,0.0,0.0,0.0,0.0,0.0,0.0,0.0,0.0,0.48612937,0.0,0.33653915,0.19827452,0.6160214,1.3167636,0.3442952,0.6483249,0.06966144,0.0,0.5878352,0.6205479,0.4085572,1.0549937,267.47153,270.95963,267.4017,270.5219,269.18277,267.47153,270.95963,267.4017,270.5219,269.18277,267.47153,270.95963,267.4017,270.5219,269.18277,0.0,0.0,0.0,0.0,0.0,0.0,0.0,0.0,0.0,0.0,0.6303256,1.3197626,0.53279984,0.65104294,0.136344,0.48570443411858777,0.7953716308329214,0.006086117974685451,0.7989706328817645,1.0561132252460659,0.6303256,1.3197626,0.53279984,0.65104294,0.136344,0.48570443411858777,0.7953716308329214,0.006086117974685451,0.7989706328817645,1.0561132252460659
2012-01-20 21:00:00,0.0,0.0,0.0,0.0,0.0,0.0,0.0,0.0,0.0,0.0,0.0,0.0,0.0,0.0,0.0,0.0,0.46161187,0.0,0.23674874,0.18969402,0.6268257,1.2927731,0.37340897,0.38139185,0.037329987,0.0,0.54599583,0.64869857,0.10471623,1.0251131,267.53854,270.823,267.52982,269.59564,269.0958,267.53854,270.823,267.52982,269.59564,269.0958,267.53854,270.823,267.52982,269.59564,269.0958,0.0,0.0,0.0,0.0,0.0,0.0,0.0,0.0,0.0,0.0,0.64071894,1.2957721,0.54979265,0.38410988,0.13484581,0.49364971845415967,0.7796926922594217,0.006186255900231871,0.5296170260667422,1.026260174017929,0.64071894,1.2957721,0.54979265,0.38410988,0.13484581,0.49364971845415967,0.7796926922594217,0.006186255900231871,0.5296170260667422,1.026260174017929
2012-01-20 22:00:00,0.0,0.0,0.0,0.0,0.0,0.0,0.0,0.0,0.0,0.0,0.0,0.0,0.0,0.0,0.0,0.0,0.4100468,0.0,0.22827947,0.23785317,0.6225306,1.2423165,0.38541374,0.35873702,0.2187946,0.0,0.4579992,0.6603062,0.07892902,1.192822,267.5119,270.53564,267.58264,269.51703,269.58395,267.5119,270.53564,267.58264,269.51703,269.58395,267.5119,270.53564,267.58264,269.51703,269.58395,0.0,0.0,0.0,0.0,0.0,0.0,0.0,0.0,0.0,0.0,0.63658714,1.2453153,0.5567995,0.36145505,0.22164792,0.4904911423043626,0.7467168411072946,0.006227546693257324,0.5067567568536591,1.193814352068904,0.63658714,1.2453153,0.5567995,0.36145505,0.22164792,0.4904911423043626,0.7467168411072946,0.006227546693257324,0.5067567568536591,1.193814352068904
2012-01-20 23:00:00,0.0,0.0,0.0,0.0,0.0,0.0,0.0,0.0,0.0,0.0,0.0,0.0,0.0,0.0,0.0,0.14228646,0.42298186,0.0,0.35253415,0.23860887,0.88238966,1.2549735,0.35536373,0.6911105,0.22164205,0.13977318,0.4800731,0.6312503,0.45725864,1.1954536,269.12375,270.60773,267.4504,270.67038,269.5916,269.12375,270.60773,267.4504,270.67038,269.5916,269.12375,270.60773,267.4504,270.67038,269.5916,0.0,0.0,0.0,0.0,0.0,0.0,0.0,0.0,0.0,0.0,0.8865607,1.2579724,0.5392602,0.6938286,0.22449535,0.6815868084026785,0.754988820761216,0.006124188515221917,0.8421442391401687,1.1964435155279436,0.8865607,1.2579724,0.5392602,0.6938286,0.22449535,0.6815868084026785,0.754988820761216,0.006124188515221917,0.8421442391401687,1.1964435155279436
2012-02-19 00:00:00,0.0,0.0,0.0,0.0,0.0,0.0,0.0,0.0,0.0,0.0,0.0,0.0,0.0,0.0,0.0,0.0,0.48215356,0.0,0.34669504,0.22578327,0.18009058,1.3128734,0.15973014,0.67549133,0.17331496,0.0,0.58105046,0.44208825,0.4394799,1.15079,264.76755,270.93747,266.58954,270.61618,269.4616,264.76755,270.93747,266.58954,270.61618,269.4616,264.76755,270.93747,266.58954,270.61618,269.4616,0.0,0.0,0.0,0.0,0.0,0.0,0.0,0.0,0.0,0.0,0.21097857,1.3158722,0.42507488,0.67820936,0.17616832,0.1651288543057401,0.7928291002534351,0.005451298867356513,0.8263834324156207,1.1518210600079914,0.21097857,1.3158722,0.42507488,0.67820936,0.17616832,0.1651288543057401,0.7928291002534351,0.005451298867356513,0.8263834324156207,1.1518210600079914
2012-02-19 01:00:00,0.0,0.0,0.0,0.0,0.0,0.0,0.0,0.0,0.0,0.0,0.0,0.0,0.0,0.0,0.0,0.0,0.47219765,0.0,0.32550538,0.06539431,0.35494217,1.3031315,0.0903995,0.6188103,0.0,0.0,0.5640605,0.37505105,0.3749617,0.5922532,265.8521,270.882,266.28445,270.4195,267.83585,265.8521,270.882,266.28445,270.4195,267.83585,265.8521,270.882,266.28445,270.4195,267.83585,0.0,0.0,0.0,0.0,0.0,0.0,0.0,0.0,0.0,0.0,0.37917838,1.3061303,0.3846087,0.6215283,0.11314239,0.2937114863648886,0.7864622674800104,0.005212833207116504,0.7691883877423598,0.5937994466478017,0.37917838,1.3061303,0.3846087,0.6215283,0.11314239,0.2937114863648886,0.7864622674800104,0.005212833207116504,0.7691883877423598,0.5937994466478017
2012-02-19 02:00:00,0.0,0.0,0.0,0.0,0.0,0.0,0.0,0.0,0.0,0.0,0.0,0.0,0.0,0.0,0.0,0.0,0.48072973,0.0,0.4134499,0.11400506,0.31070653,1.3114802,0.2918171,0.8540565,0.0,0.0,0.5786206,0.5698058,0.6427346,0.7615347,265.57773,270.92953,267.17078,271.2358,268.32858,265.57773,270.92953,267.17078,271.2358,268.32858,265.57773,270.92953,267.17078,271.2358,268.32858,0.0,0.0,0.0,0.0,0.0,0.0,0.0,0.0,0.0,0.0,0.33662555,1.314479,0.5021699,0.8567745,0.121630095,0.26118140828605124,0.7919185521120211,0.005905616859247204,1.006567790374642,0.7629248379213102,0.33662555,1.314479,0.5021699,0.8567745,0.121630095,0.26118140828605124,0.7919185521120211,0.005905616859247204,1.006567790374642,0.7629248379213102
2012-02-19 03:00:00,0.0,0.0,0.0,0.0,0.0,0.0,0.0,0.0,0.0,0.0,0.0,0.0,0.0,0.0,0.0,0.0,0.45036355,0.0,0.25003463,0.20236607,0.25970587,1.2817665,0.0,0.4169307,0.08507849,0.0,0.5268003,0.0,0.14516896,1.069242,265.26138,270.7603,264.54715,269.71896,269.22424,265.26138,270.7603,264.54715,269.71896,269.22424,265.26138,270.7603,264.54715,269.71896,269.22424,0.0,0.0,0.0,0.0,0.0,0.0,0.0,0.0,0.0,0.0,0.2875651,1.2847655,0.15417363,0.41964877,0.1370584,0.22367648231950368,0.7724993619422522,0.0038548885130939682,0.5654781859619551,1.0703484170422197,0.2875651,1.2847655,0.15417363,0.41964877,0.1370584,0.22367648231950368,0.7724993619422522,0.0038548885130939682,0.5654781859619551,1.0703484170422197
2012-02-19 04:00:00,0.0,0.0,0.0,0.0,0.0,0.0,0.0,0.0,0.0,0.0,0.0,0.0,0.0,0.0,0.0,0.0,0.41131184,0.0,0.43692458,0.0,0.43158078,1.2435542,0.0,0.91684973,0.0,0.0,0.460158,0.0,0.71421,0.0,266.32748,270.5427,263.73837,271.4537,265.61053,266.32748,270.5427,263.73837,271.4537,265.61053,266.32748,270.5427,263.73837,271.4537,265.61053,0.0,0.0,0.0,0.0,0.0,0.0,0.0,0.0,0.0,0.0,0.45290157,1.2465532,0.046897955,0.9195678,0.074810006,0.3500701813080596,0.7475258281098583,0.0032227171689226423,1.069930493084818,0.07481000845545877,0.45290157,1.2465532,0.046897955,0.9195678,0.074810006,0.3500701813080596,0.7475258281098583,0.0032227171689226423,1.069930493084818,0.07481000845545877
2012-02-19 05:00:00,0.0,0.0,0.0,0.0,0.0,0.0,0.0,0.0,0.0,0.0,0.0,0.0,0.0,0.0,0.0,0.07576837,0.45096043,0.0,0.32770488,0.1444583,0.8156303,1.2823505,0.0060611363,0.6246939,0.0,0.0,0.527819,0.2935025,0.3816588,0.86758465,268.70966,270.76364,265.91333,270.4399,268.63727,268.70966,270.76364,265.91333,270.4399,268.63727,268.70966,270.76364,265.91333,270.4399,268.63727,0.0,0.0,0.0,0.0,0.0,0.0,0.0,0.0,0.0,0.0,0.822341,1.2853495,0.335383,0.6274119,0.1269474,0.6324932004111596,0.7728810917399987,0.004922748092164142,0.7751253132483972,0.8688769828941542,0.822341,1.2853495,0.335383,0.6274119,0.1269474,0.6324932004111596,0.7728810917399987,0.004922748092164142,0.7751253132483972,0.8688769828941542
2012-02-19 06:00:00,0.0,0.0,0.0,0.0,0.0,0.0,0.0,0.0,0.0,0.0,0.0,0.0,0.0,0.0,0.0,0.069758244,0.2559157,0.0,0.33265957,0.03410413,0.8095984,1.0914983,0.32249123,0.6379473,0.0,0.0,0.19497213,0.59946513,0.39674473,0.48328847,268.67224,269.67673,267.30576,270.4859,267.51868,268.67224,269.67673,267.30576,270.4859,267.51868,268.67224,269.67673,267.30576,270.4859,267.51868,0.0,0.0,0.0,0.0,0.0,0.0,0.0,0.0,0.0,0.0,0.8165386,1.094497,0.5200735,0.64066535,0.10767896,0.6280574451309178,0.6481500047992426,0.006011121872275269,0.7884989257111752,0.48493531983586197,0.8165386,1.094497,0.5200735,0.64066535,0.10767896,0.6280574451309178,0.6481500047992426,0.006011121872275269,0.7884989257111752,0.48493531983586197
2012-02-19 07:00:00,0.0,0.0,0.0,0.0,0.0,0.0,0.0,0.0,0.0,0.0,0.0,0.0,0.0,0.0,0.0,0.28351435,0.36780244,0.0,0.55383444,0.16333234,1.0241296,1.2009801,0.20832473,1.2295761,0.0,0.4504146,0.38590857,0.48907527,1.0701761,0.9333115,270.00293,270.30023,266.80338,272.53888,268.82858,270.00293,270.30023,266.80338,272.53888,268.82858,270.00293,270.30023,266.80338,272.53888,268.82858,0.0,0.0,0.0,0.0,0.0,0.0,0.0,0.0,0.0,0.0,1.0268344,1.2039789,0.45343804,1.2322942,0.13024291,0.7897456670675135,0.7197015781731921,0.005618441898396001,1.3854927263720933,0.9345432208412386,1.0268344,1.2039789,0.45343804,1.2322942,0.13024291,0.7897456670675135,0.7197015781731921,0.005618441898396001,1.3854927263720933,0.9345432208412386
2012-02-19 08:00:00,0.0,0.0,0.0,0.0,0.0,0.0,0.0,0.0,0.0,0.0,0.0,0.0,0.0,0.0,0.0,0.35464057,0.42757103,0.07563341,0.53601795,0.22872473,1.0955138,1.259464,0.59727556,1.1819184,0.18439844,0.6068621,0.48790455,0.8651597,1.0159287,1.1610332,270.4457,270.6333,268.51492,272.3735,269.49142,270.4457,270.6333,268.51492,272.3735,269.49142,270.4457,270.6333,268.51492,272.3735,269.49142,0.0,0.0,0.0,0.0,0.0,0.0,0.0,0.0,0.0,0.0,1.0982186,1.2624629,0.6804567,1.1846365,0.18725178,0.8449558677462696,0.7579235874631578,0.006956254050931832,1.3374027423403785,1.1620548954640932,1.0982186,1.2624629,0.6804567,1.1846365,0.18725178,0.8449558677462696,0.7579235874631578,0.006956254050931832,1.3374027423403785,1.1620548954640932
2012-02-19 09:00:00,0.0,0.0,0.0,0.0,0.0,0.0,0.0,0.0,0.0,0.0,0.0,0.0,0.0,0.0,0.0,0.23738946,0.427927,0.14487605,0.5973612,0.27193126,0.9778375,1.2598125,0.69707936,1.3460076,0.34720153,0.34895936,0.48851204,0.96166193,1.2027062,1.3114952,269.7158,270.63528,268.9541,272.9429,269.92938,269.7158,270.63528,268.9541,272.9429,269.92938,269.7158,270.63528,268.9541,272.9429,269.92938,0.0,0.0,0.0,0.0,0.0,0.0,0.0,0.0,0.0,0.0,0.98054224,1.2628112,0.73871964,1.3487257,0.35005486,0.7539421810804421,0.7581512244985112,0.0073101064777323825,1.5029799562292387,1.312378101841284,0.98054224,1.2628112,0.73871964,1.3487257,0.35005486,0.7539421810804421,0.7581512244985112,0.0073101064777323825,1.5029799562292387,1.312378101841284
2012-02-19 10:00:00,0.0,0.0,0.0,-0.095247,0.0,0.0,0.0,0.0,-0.12179123,0.0,0.0,0.0,0.0,-0.107299596,0.0,0.21277054,0.44908753,0.18761201,0.63904357,0.26614472,0.9531293,1.2805179,0.75867724,1.4575053,0.3253976,0.29480818,0.5246228,1.0212222,1.3296201,1.2913442,269.56253,270.7532,269.22516,273.3298,269.87073,269.56253,270.7532,269.22516,273.3298,269.87073,269.56253,270.7532,269.22516,273.3298,269.87073,0.0,0.0,0.0,0.2393304,0.0,0.0,0.0,0.0,0.23933040301151093,0.0,0.95583403,1.2835169,0.77468264,1.4602233,0.32825097,0.7348322749663946,0.7716833707232159,0.04492160274959701,1.615488688016299,1.2922456230832209,0.95583403,1.2835169,0.77468264,1.2208929,0.32825097,0.7348322749663946,0.7716833707232159,0.04492160274959701,1.3761582850047882,1.2922456230832209
2012-02-19 11:00:00,0.0,0.0,0.0,-0.37872145,0.0,0.0,0.0,0.0,-0.47679037,0.0,0.0,0.0,0.0,-0.43372524,0.0,0.32330564,0.530055,0.24731338,0.6904938,0.27410498,1.0640652,1.3597451,0.8447285,1.5951318,0.35539213,0.53793854,0.66279495,1.1044269,1.4862757,1.319065,270.25064,271.2044,269.60382,273.80737,269.95142,270.25064,271.2044,269.60382,273.80737,269.95142,270.25064,271.2044,269.60382,273.80737,269.95142,0.0,0.0,0.0,0.90562904,0.0,0.0,0.0,0.0,0.9056290659354811,0.0,1.06677,1.3627441,0.8477147,1.5978497,0.3582455,0.8206327853326912,0.8234620409955394,0.15549699938345382,1.7543630486201567,1.3199408748190784,1.06677,1.3627441,0.8477147,0.6922206,0.3582455,0.8206327853326912,0.8234620409955394,0.15549699938345382,0.8487339826846756,1.3199408748190784
2012-02-19 12:00:00,0.0,0.0,0.0,-0.33174956,0.0,0.0,0.0,0.0,-0.42254707,0.0,0.0,0.0,0.0,-0.3752616,0.0,0.37212682,0.5933776,0.29600602,0.6862165,0.2830016,1.1130635,1.4217069,0.91491216,1.5836899,0.3889147,0.64532435,0.770856,1.1722889,1.4732519,1.3500463,270.55457,271.55728,269.91266,273.76767,270.0416,270.55457,271.55728,269.91266,273.76767,270.0416,270.55457,271.55728,269.91266,273.76767,270.0416,0.0,0.0,0.0,0.8083324,0.0,0.0,0.0,0.0,0.8083323875086075,0.0,1.1157682,1.4247057,0.9178984,1.586408,0.3917681,0.8585291523159246,0.8639569185308035,0.2563011401651407,1.7428175477481764,1.350893775302989,1.1157682,1.4247057,0.9178984,0.7780756,0.3917681,0.8585291523159246,0.8639569185308035,0.2563011401651407,0.934485160239569,1.350893775302989
2012-02-19 13:00:00,0.0,0.0,0.0,-0.21041393,0.0,0.0,0.0,0.0,-0.27454743,0.0,0.0,0.0,0.0,-0.23220287,0.0,0.29573068,0.62301,0.2925802,0.66912997,0.3244228,1.0363903,1.4507023,0.90997434,1.5379844,0.54499066,0.4772853,0.8214241,1.1675143,1.4212269,1.4942912,270.07898,271.7224,269.89093,273.60907,270.46146,270.07898,271.7224,269.89093,273.60907,270.46146,270.07898,271.7224,269.89093,273.60907,270.46146,0.0,0.0,0.0,0.535498,0.0,0.0,0.0,0.0,0.5354979956437377,0.0,1.039095,1.4537013,0.9129606,1.5407026,0.547844,0.7992283205992151,0.8829068261969207,0.24920899112990735,1.6966976645570302,1.495005452073764,1.039095,1.4537013,0.9129606,1.0052046,0.547844,0.7992283205992151,0.8829068261969207,0.24920899112990735,1.1611996689132926,1.495005452073764
2012-02-19 14:00:00,0.0,0.0,0.0,0.0,0.0,0.0,0.0,0.0,0.0,0.0,0.0,0.0,0.0,0.0,0.0,0.3192074,0.65279025,0.26930204,0.5966872,0.30931512,1.0599523,1.4798424,0.8764221,1.3442047,0.48806453,0.5289241,0.87224466,1.1350721,1.200654,1.4416803,270.22513,271.88837,269.7433,272.93665,270.30832,270.22513,271.88837,269.7433,272.93665,270.30832,270.22513,271.88837,269.7433,272.93665,270.30832,0.0,0.0,0.0,0.0,0.0,0.0,0.0,0.0,0.0,0.0,1.0626569,1.4828414,0.87940836,1.3469228,0.49091792,0.8174516062185249,0.9019512907854156,0.20101823687083606,1.5011607189665517,1.442443132402609,1.0626569,1.4828414,0.87940836,1.3469228,0.49091792,0.8174516062185249,0.9019512907854156,0.20101823687083606,1.5011607189665517,1.442443132402609
2012-02-19 15:00:00,0.0,0.0,0.0,0.0,0.0,0.0,0.0,0.0,0.0,0.0,0.0,0.0,0.0,0.0,0.0,0.22302106,0.58677316,0.16716786,0.5009572,0.27399057,0.96341693,1.4152442,0.7292098,1.0881331,0.35496104,0.31735492,0.7595855,0.99272954,0.9091761,1.3186666,269.62634,271.52048,269.0955,272.04807,269.95026,269.62634,271.52048,269.0955,272.04807,269.95026,269.62634,271.52048,269.0955,272.04807,269.95026,0.0,0.0,0.0,0.0,0.0,0.0,0.0,0.0,0.0,0.0,0.96612173,1.4182433,0.75747854,1.0908511,0.3578144,0.7427890279899855,0.8597333759979376,0.014861158270306464,1.2427669073682055,1.3195428341360367,0.96612173,1.4182433,0.75747854,1.0908511,0.3578144,0.7427890279899855,0.8597333759979376,0.014861158270306464,1.2427669073682055,1.3195428341360367
2012-02-19 16:00:00,0.0,0.0,0.0,0.0,0.0,0.0,0.0,0.0,0.0,0.0,0.0,0.0,0.0,0.0,0.0,0.06297848,0.39547977,0.13643664,0.45286041,0.20113169,0.80279404,1.2280625,0.684915,0.95947707,0.08042723,0.0,0.4331404,0.94990003,0.7627313,1.0649434,268.63004,270.45447,268.90057,271.60162,269.21173,268.63004,270.45447,268.90057,271.60162,269.21173,268.63004,270.45447,268.90057,271.60162,269.21173,0.0,0.0,0.0,0.0,0.0,0.0,0.0,0.0,0.0,0.0,0.8099931,1.2310613,0.73161775,0.96219516,0.13684288,0.6230536526736792,0.7374012331989835,0.007266265248593152,1.11294436143723,1.0660537675672945,0.8099931,1.2310613,0.73161775,0.96219516,0.13684288,0.6230536526736792,0.7374012331989835,0.007266265248593152,1.11294436143723,1.0660537675672945
2012-02-19 17:00:00,0.0,0.0,0.0,0.0,0.0,0.0,0.0,0.0,0.0,0.0,0.0,0.0,0.0,0.0,0.0,0.0,0.4406704,0.10323713,0.43535304,0.07071725,0.65380204,1.2722818,0.6370626,0.91264594,0.0,0.0,0.51025885,0.9036305,0.70942503,0.6107896,267.70587,270.7063,268.69,271.43912,267.8898,267.70587,270.7063,268.69,271.43912,267.8898,267.70587,270.7063,268.69,271.43912,267.8898,0.0,0.0,0.0,0.0,0.0,0.0,0.0,0.0,0.0,0.0,0.66666895,1.2752807,0.70367986,0.915364,0.11407181,0.513487602794752,0.7663006303641654,0.007093799751979303,1.0656885642479184,0.6123188131640634,0.66666895,1.2752807,0.70367986,0.915364,0.11407181,0.513487602794752,0.7663006303641654,0.007093799751979303,1.0656885642479184,0.6123188131640634
2012-02-19 18:00:00,0.0,0.0,0.0,0.0,0.0,0.0,0.0,0.0,0.0,0.0,0.0,0.0,0.0,0.0,0.0,0.0,0.36142802,0.10137024,0.4334823,0.18858308,0.49796137,1.1947426,0.63437164,0.9076418,0.0331439,0.0,0.3750305,0.90102863,0.703729,1.0212444,266.73923,270.2647,268.67816,271.42175,269.08453,266.73923,270.2647,268.67816,271.42175,269.08453,266.73923,270.2647,268.67816,271.42175,269.08453,0.0,0.0,0.0,0.0,0.0,0.0,0.0,0.0,0.0,0.0,0.51675683,1.1977415,0.70210886,0.91035986,0.13465182,0.39888519781786663,0.7156251241862469,0.007084101692169712,1.0606390715529477,1.0223949894904965,0.51675683,1.1977415,0.70210886,0.91035986,0.13465182,0.39888519781786663,0.7156251241862469,0.007084101692169712,1.0606390715529477,1.0223949894904965
2012-02-19 19:00:00,0.0,0.0,0.0,0.0,0.0,0.0,0.0,0.0,0.0,0.0,0.0,0.0,0.0,0.0,0.0,0.0,0.3513516,0.11853776,0.45923543,0.17784391,0.39688015,1.1848828,0.6591162,0.97652984,0.0,0.0,0.357835,0.92495465,0.78214186,0.9838464,266.11224,270.20856,268.78705,271.6608,268.97568,266.11224,270.20856,268.78705,271.6608,268.97568,266.11224,270.20856,268.78705,271.6608,268.97568,0.0,0.0,0.0,0.0,0.0,0.0,0.0,0.0,0.0,0.0,0.41952094,1.1878816,0.7165556,0.9792478,0.1327767,0.32455192519750015,0.7091812450316257,0.007173283850418728,1.130151683643817,0.985031539058649,0.41952094,1.1878816,0.7165556,0.9792478,0.1327767,0.32455192519750015,0.7091812450316257,0.007173283850418728,1.130151683643817,0.985031539058649
2012-02-19 20:00:00,0.0,0.0,0.0,0.0,0.0,0.0,0.0,0.0,0.0,0.0,0.0,0.0,0.0,0.0,0.0,0.0,0.37498194,0.06257489,0.4317069,0.18008089,0.26924574,1.2080052,0.5784536,0.9028927,0.0011074245,0.0,0.39816043,0.8469603,0.69832325,0.9916364,265.32056,270.34024,268.4321,271.40527,268.99835,265.32056,270.34024,268.4321,271.40527,268.99835,265.32056,270.34024,268.4321,271.40527,268.99835,0.0,0.0,0.0,0.0,0.0,0.0,0.0,0.0,0.0,0.0,0.29674205,1.2110041,0.6694709,0.9056108,0.1331673,0.23069192235897257,0.7242928420708598,0.006891515049042127,1.0558469343731864,0.9928142818875987,0.29674205,1.2110041,0.6694709,0.9056108,0.1331673,0.23069192235897257,0.7242928420708598,0.006891515049042127,1.0558469343731864,0.9928142818875987
2012-02-19 21:00:00,0.0,0.0,0.0,0.0,0.0,0.0,0.0,0.0,0.0,0.0,0.0,0.0,0.0,0.0,0.0,0.0,0.37761605,0.030967996,0.33167654,0.17798543,0.2824264,1.2105827,0.5328966,0.63531774,0.0,0.0,0.40265557,0.8029104,0.39375162,0.9843392,265.4023,270.35492,268.23163,270.47678,268.9771,265.4023,270.35492,268.23163,270.47678,268.9771,265.4023,270.35492,268.23163,270.47678,268.9771,0.0,0.0,0.0,0.0,0.0,0.0,0.0,0.0,0.0,0.0,0.3094213,1.2135816,0.6428807,0.6380358,0.13280141,0.24038473507982738,0.7259773561324755,0.006734819948300242,0.7858455016060852,0.9855238525350432,0.3094213,1.2135816,0.6428807,0.6380358,0.13280141,0.24038473507982738,0.7259773561324755,0.006734819948300242,0.7858455016060852,0.9855238525350432
2012-02-19 22:00:00,0.0,0.0,0.0,0.0,0.0,0.0,0.0,0.0,0.0,0.0,0.0,0.0,0.0,0.0,0.0,0.0,0.33046487,0.0,0.3467411,0.15402928,0.1938371,1.164445,0.45921063,0.6756145,0.0,0.0,0.32219148,0.7316619,0.43962002,0.90091467,264.8528,270.09216,267.90738,270.6166,268.73428,264.8528,270.09216,267.90738,270.6166,268.73428,264.8528,270.09216,267.90738,270.6166,268.73428,0.0,0.0,0.0,0.0,0.0,0.0,0.0,0.0,0.0,0.0,0.22420208,1.1674439,0.59987247,0.6783325,0.12861855,0.17523774521356703,0.6958242042187313,0.006481374150555908,0.82650767300917,0.9021762284570481,0.22420208,1.1674439,0.59987247,0.6783325,0.12861855,0.17523774521356703,0.6958242042187313,0.006481374150555908,0.82650767300917,0.9021762284570481
2012-02-19 23:00:00,0.0,0.0,0.0,0.0,0.0,0.0,0.0,0.0,0.0,0.0,0.0,0.0,0.0,0.0,0.0,0.0,0.23988654,0.0,0.28427672,0.18077034,0.22981696,1.0758134,0.44395334,0.5085262,0.0037052336,0.0,0.1676181,0.7169093,0.24942908,0.9940373,265.076,269.5874,267.84024,270.0368,269.00534,265.076,269.5874,267.84024,270.0368,269.00534,265.076,269.5874,267.84024,270.0368,269.00534,0.0,0.0,0.0,0.0,0.0,0.0,0.0,0.0,0.0,0.0,0.2588132,1.0788124,0.59096724,0.5112443,0.13328768,0.20169669983380273,0.6378993339918642,0.0064288959618464935,0.6579043132345718,0.9952130007406664,0.2588132,1.0788124,0.59096724,0.5112443,0.13328768,0.20169669983380273,0.6378993339918642,0.0064288959618464935,0.6579043132345718,0.9952130007406664
2012-03-19 00:00:00,0.0,0.0,0.0,0.0,0.0,0.0,0.0,0.0,0.0,0.0,0.0,0.0,0.0,0.0,0.0,0.40636384,1.0904797,0.7988055,0.89290535,0.47433454,1.1474247,1.9081247,1.6396282,2.1365697,1.1098609,0.7206313,1.6191688,1.8730314,2.1025765,2.0163422,270.7677,274.32745,273.1017,275.6862,271.98102,270.7677,274.32745,273.1017,275.6862,271.98102,270.7677,274.32745,273.1017,275.6862,271.98102,0.0,0.0,0.0,0.0,0.0,0.0,0.0,0.0,0.0,0.0,1.1501293,1.9111235,1.6426144,2.139288,1.1127143,0.8851049357290085,1.181853789456041,1.297203502570823,2.300711058753487,2.016574918671176,1.1501293,1.9111235,1.6426144,2.139288,1.1127143,0.8851049357290085,1.181853789456041,1.297203502570823,2.300711058753487,2.016574918671176
2012-03-19 01:00:00,0.0,0.0,0.0,0.0,0.0,0.0,0.0,0.0,0.0,0.0,0.0,0.0,0.0,0.0,0.0,0.36885703,1.0753434,0.5287442,0.7530371,0.5283224,1.1097817,1.8933134,1.2503723,1.7624309,1.3132882,0.6381322,1.5933379,1.496652,1.6767069,2.2043488,270.5342,274.2431,271.38882,274.3879,272.52826,270.5342,274.2431,271.38882,274.3879,272.52826,270.5342,274.2431,271.38882,274.3879,272.52826,0.0,0.0,0.0,0.0,0.0,0.0,0.0,0.0,0.0,0.0,1.1124865,1.8963124,1.2533585,1.765149,1.3161415,0.8559910584533061,1.1721739622911642,0.7381190348045656,1.923179392269411,2.2044082220476504,1.1124865,1.8963124,1.2533585,1.765149,1.3161415,0.8559910584533061,1.1721739622911642,0.7381190348045656,1.923179392269411,2.2044082220476504
2012-03-19 02:00:00,0.0,0.0,0.0,0.0,0.0,0.0,0.0,0.0,0.0,0.0,0.0,0.0,0.0,0.0,0.0,0.32403117,1.0708089,0.44620252,0.6824915,0.49944377,1.0647933,1.8888764,1.1313998,1.5737257,1.2044728,0.53953433,1.5855998,1.3816152,1.46191,2.1037822,270.25516,274.21783,270.8653,273.7331,272.23553,270.25516,274.21783,270.8653,273.7331,272.23553,270.25516,274.21783,270.8653,273.7331,272.23553,0.0,0.0,0.0,0.0,0.0,0.0,0.0,0.0,0.0,0.0,1.0674981,1.8918754,1.134386,1.5764437,1.2073263,0.8211959605825676,1.1692742166715846,0.5672400787660439,1.7327629339987887,2.10393437384404,1.0674981,1.8918754,1.134386,1.5764437,1.2073263,0.8211959605825676,1.1692742166715846,0.5672400787660439,1.7327629339987887,2.10393437384404
2012-03-19 03:00:00,0.0,0.0,0.0,0.0,0.0,0.0,0.0,0.0,0.0,0.0,0.0,0.0,0.0,0.0,0.0,0.16612598,1.0140632,0.3976976,0.70119226,0.26382047,0.90631557,1.8333505,1.0614866,1.6237494,0.31663978,0.19220993,1.4887625,1.3140147,1.5188501,1.2832502,269.27216,273.9016,270.55765,273.90668,269.84717,269.27216,273.9016,270.55765,273.90668,269.84717,269.27216,273.9016,270.55765,273.90668,269.84717,0.0,0.0,0.0,0.0,0.0,0.0,0.0,0.0,0.0,0.0,0.9095764,1.8363494,1.0644728,1.6264672,0.31949311,0.6991814886048124,1.1329853711280053,0.46682441243993855,1.7832401122922732,1.2841591123645817,0.9095764,1.8363494,1.0644728,1.6264672,0.31949311,0.6991814886048124,1.1329853711280053,0.46682441243993855,1.7832401122922732,1.2841591123645817
2012-03-19 04:00:00,0.0,0.0,0.0,0.0,0.0,0.0,0.0,0.0,0.0,0.0,0.0,0.0,0.0,0.0,0.0,0.18467593,1.0668496,0.6686874,0.6597663,0.57080334,0.9249328,1.8850021,1.4520811,1.5129375,1.4733572,0.23301196,1.5788432,1.6916882,1.3927169,2.352284,269.38763,274.19577,272.27643,273.52216,272.95886,269.38763,274.19577,272.27643,273.52216,272.95886,269.38763,274.19577,272.27643,273.52216,272.95886,0.0,0.0,0.0,0.0,0.0,0.0,0.0,0.0,0.0,0.0,0.9276376,1.8880011,1.4550672,1.5156556,1.4762106,0.7130244549863856,1.1667421924168067,1.0278313307171512,1.671423578097845,2.3522070125139702,0.9276376,1.8880011,1.4550672,1.5156556,1.4762106,0.7130244549863856,1.1667421924168067,1.0278313307171512,1.671423578097845,2.3522070125139702
2012-03-19 05:00:00,0.0,0.0,0.0,0.0,0.0,0.0,0.0,0.0,0.0,0.0,0.0,0.0,0.0,0.0,0.0,0.17121445,0.9628049,0.2724777,0.578519,0.57593656,0.91142243,1.7831937,0.8809993,1.2956059,1.4926993,0.20340239,1.4012892,1.1394979,1.1453354,2.3701599,269.30383,273.61597,269.76343,272.768,273.0109,269.30383,273.61597,269.76343,272.768,273.0109,269.30383,273.61597,269.76343,272.768,273.0109,0.0,0.0,0.0,0.0,0.0,0.0,0.0,0.0,0.0,0.0,0.9144891,1.7861928,0.8839855,1.298324,1.4955528,0.7029370465011348,1.100205638037106,0.2075924199652939,1.4521211818269952,2.3700664694767686,0.9144891,1.7861928,0.8839855,1.298324,1.4955528,0.7029370465011348,1.100205638037106,0.2075924199652939,1.4521211818269952,2.3700664694767686
2012-03-19 06:00:00,0.0,-0.07642756,0.0,0.0,0.0,0.0,-0.112092085,0.0,0.0,0.0,0.0,-0.07596412,0.0,0.0,0.0,0.18197972,0.95500106,0.46357217,0.5949644,0.5547202,0.9222268,1.7755578,1.1564357,1.3395963,1.4127557,0.22708146,1.3879721,1.4058229,1.1954083,2.296276,269.37085,273.57248,270.97546,272.92065,272.79584,269.37085,273.57248,270.97546,272.92065,272.79584,269.37085,273.57248,270.97546,272.92065,272.79584,0.0,0.23175693,0.0,0.0,0.0,0.0,0.11900201059414754,0.0,0.0,0.0,0.9249316,1.7785567,1.1594219,1.3423145,1.415609,0.7109315739902234,1.0952151338005107,0.6031988681160331,1.4965105710365612,2.296250872282143,0.9249316,1.5467998,1.1594219,1.3423145,1.415609,0.7109315739902234,0.9762131232063632,0.6031988681160331,1.4965105710365612,2.296250872282143
2012-03-19 07:00:00,0.0,-0.46343297,0.0,0.0,-0.0065552075,0.0,-0.6264667,0.0,0.0,-0.007945006,0.0,-0.49424937,0.0,0.0,-0.006260401,0.25844935,1.0042497,0.7637583,0.59692395,0.61232084,0.99897367,1.8237479,1.5891126,1.3448379,1.6297961,0.39528215,1.4720155,1.8241869,1.2013748,2.4968643,269.8469,273.84692,272.87943,272.93884,273.3797,269.8469,273.84692,272.87943,272.93884,273.3797,269.8469,273.84692,272.87943,272.93884,273.3797,0.0,1.2254227,0.0,0.0,0.014589792,0.0,0.7528087296935431,0.0,0.0,0.014589792468050629,1.0016785,1.8267468,1.5920988,1.347556,1.6326495,0.7702894842795556,1.126709593168722,1.224648427328352,1.5017996705905199,2.496653881438886,1.0016785,0.60132396,1.5920988,1.347556,1.6180598,0.7702894842795556,0.37390086347517903,1.224648427328352,1.5017996705905199,2.4820640889708354
2012-03-19 08:00:00,0.0,-0.9797603,0.0,0.0,0.0,0.0,-1.2568773,0.0,0.0,0.0,0.0,-1.1000324,0.0,0.0,0.0,0.36895505,1.0566581,0.73418194,0.5960954,0.5646404,1.1098802,1.8750299,1.5464823,1.3426217,1.4501354,0.63834786,1.5614513,1.7829669,1.198852,2.3308225,270.53482,274.13898,272.69183,272.93115,272.8964,270.53482,274.13898,272.69183,272.93115,272.8964,270.53482,274.13898,272.69183,272.93115,272.8964,0.0,2.363244,0.0,0.0,0.0,0.0,1.6361963932053145,0.0,0.0,0.0,1.112585,1.8780288,1.5494684,1.3453398,1.4529887,0.8560671632168031,1.160224768989225,1.1634188765986058,1.4995633399066315,2.330765189403796,1.112585,-0.4852153,1.5494684,1.3453398,1.4529887,0.8560671632168031,-0.4759716242160894,1.1634188765986058,1.4995633399066315,2.330765189403796
2012-03-19 09:00:00,0.0,-0.8035725,0.0,0.0,0.0,0.0,-1.0116615,0.0,0.0,0.0,0.0,-0.9202742,0.0,0.0,0.0,0.40008408,1.007771,0.75341356,0.6081352,0.58538115,1.1411221,1.8271934,1.5742021,1.3748274,1.5282867,0.7068186,1.4780245,1.8097697,1.2355107,2.4030495,270.7286,273.86655,272.8138,273.0429,273.10663,270.7286,273.86655,272.8138,273.0429,273.10663,270.7286,273.86655,272.8138,273.0429,273.10663,0.0,1.9163193,0.0,0.0,0.0,0.0,1.3711560074355877,0.0,0.0,0.0,1.1438268,1.8301923,1.5771883,1.3775455,1.5311401,0.8802304256270382,1.1289614487646034,1.2032325278539817,1.532061129447901,2.4029257753373527,1.1438268,-0.086126946,1.5771883,1.3775455,1.5311401,0.8802304256270382,-0.24219455867098438,1.2032325278539817,1.532061129447901,2.4029257753373527
2012-03-19 10:00:00,0.0,-1.2826278,0.0,0.0,0.0,0.0,-1.6033123,0.0,0.0,0.0,0.0,-1.4802723,0.0,0.0,0.0,0.39289743,1.078065,0.7502379,0.6189717,0.56457716,1.1339093,1.8959767,1.5696248,1.4038143,1.449897,0.691011,1.5979825,1.8053437,1.2685056,2.3306022,270.68387,274.25827,272.79367,273.1435,272.89575,270.68387,274.25827,272.79367,273.1435,272.89575,270.68387,274.25827,272.79367,273.1435,272.89575,0.0,2.9624772,0.0,0.0,0.0,0.0,2.1758093563723744,0.0,0.0,0.0,1.1366142,1.8989756,1.572611,1.4065324,1.4527504,0.8746519464627225,1.1739145100845592,1.1966583447595238,1.5613109149006652,2.3305452195526417,1.1366142,-1.0635016,1.572611,1.4065324,1.4527504,0.8746519464627225,-1.0018948462878152,1.1966583447595238,1.5613109149006652,2.3305452195526417
2012-03-19 11:00:00,0.0,-1.2838804,0.0,-0.13042782,0.0,0.0,-1.5894102,0.0,-0.16578625,0.0,0.0,-1.4976188,0.0,-0.14785168,0.0,0.46145004,1.0674574,0.7282156,0.6434886,0.57597864,1.2027105,1.8855969,1.5378826,1.4693956,1.4928582,0.84179753,1.5798804,1.7746516,1.3431544,2.3703067,271.11063,274.19916,272.654,273.37106,273.01132,271.11063,274.19916,272.654,273.37106,273.01132,271.11063,274.19916,272.654,273.37106,273.01132,0.0,2.9348326,0.0,0.32575983,0.0,0.0,2.1976783984717434,0.0,0.3257598213618301,0.0,1.2054152,1.8885959,1.5408689,1.4721136,1.4957116,0.9278643970996876,1.1671309264310257,1.1510673810878063,1.6274867796219237,2.370213116044205,1.2054152,-1.0462365,1.5408689,1.1463538,1.4957116,0.9278643970996876,-1.0305474720407177,1.1510673810878063,1.3017269582600934,2.370213116044205
2012-03-19 12:00:00,0.0,-0.9357883,0.0,-0.114922665,-0.0024782552,0.0,-1.1872503,0.0,-0.1471047,-0.002863826,0.0,-1.0629005,0.0,-0.12932375,-0.0024938518,0.43648794,1.0367353,0.738238,0.64160144,0.5949521,1.177658,1.8555353,1.5523286,1.4643474,1.5643504,0.7868915,1.5274525,1.7886196,1.3374084,2.4363797,270.95523,274.02795,272.71756,273.35355,273.20364,270.95523,274.02795,272.71756,273.35355,273.20364,270.95523,274.02795,272.71756,273.35355,273.20364,0.0,2.2357526,0.0,0.2902028,0.0051523447,0.0,1.5803678921815811,0.0,0.29020280128884324,0.005152344523209383,1.1803627,1.8585341,1.5553148,1.4670656,1.5672039,0.9084881243134014,1.1474840992259032,1.1718159013692544,1.6223929152863996,2.4362250209002463,1.1803627,-0.3772184,1.5553148,1.1768627,1.5620515,0.9084881243134014,-0.4328837929556779,1.1718159013692544,1.3321901139975565,2.431072676377037
2012-03-19 13:00:00,0.0,-0.1817179,0.0,-0.16686495,0.0,0.0,-0.23943745,0.0,-0.21308842,0.0,0.0,-0.19860174,0.0,-0.18823752,0.0,0.4651806,0.9182058,0.76413846,0.6511031,0.5692107,1.2064546,1.7395532,1.5896605,1.4897637,1.4673561,0.85000324,1.3251802,1.8247168,1.366339,2.3467376,271.13385,273.36743,272.88184,273.44174,272.94272,271.13385,273.36743,272.88184,273.44174,272.94272,271.13385,273.36743,272.88184,273.44174,272.94272,0.0,0.47591186,0.0,0.41780895,0.0,0.0,0.30449650838419867,0.0,0.417808956375211,0.0,1.2091594,1.7425522,1.5926467,1.4924818,1.4702095,0.930760183350741,1.0716844685614344,1.2254353371229916,1.6480397235262325,2.346665867215836,1.2091594,1.2666403,1.5926467,1.0746729,1.4702095,0.930760183350741,0.7671879601772358,1.2254353371229916,1.2302307671510215,2.346665867215836
2012-03-19 14:00:00,0.0,-0.6954497,0.0,-0.1273763,0.0,0.0,-0.8816261,0.0,-0.16452141,0.0,0.0,-0.79058206,0.0,-0.14201471,0.0,0.47092596,0.99501115,0.69430876,0.64549744,0.5781224,1.2122209,1.8147079,1.4890107,1.4747691,1.5009354,0.8626407,1.4562497,1.7273964,1.3492709,2.3777716,271.16962,273.79544,272.43893,273.3897,273.03305,271.16962,273.79544,272.43893,273.3897,273.03305,271.16962,273.79544,272.43893,273.3897,273.03305,0.0,1.6815903,0.0,0.32512864,0.0,0.0,1.183021544182198,0.0,0.3251286595595188,0.0,1.2149256,1.8177068,1.4919969,1.4774871,1.5037888,0.9352199224916538,1.1208015365742405,1.0808730352292542,1.632908994097542,2.3776711414738303,1.2149256,0.13611645,1.4919969,1.1523584,1.5037888,0.9352199224916538,-0.06222000760795754,1.0808730352292542,1.3077803345380232,2.3776711414738303
2012-03-19 15:00:00,0.0,-0.84977114,0.0,-0.13915846,-0.0064375913,0.0,-1.0878251,0.0,-0.18462038,-0.007483388,0.0,-0.95617396,0.0,-0.15107697,-0.006433122,0.44583157,1.0304483,0.6950161,0.65414095,0.60413784,1.1870356,1.8493834,1.4900302,1.49789,1.5989622,0.80744356,1.516724,1.7283821,1.3755887,2.4683673,271.0134,273.99292,272.44342,273.46994,273.29675,271.0134,273.99292,272.44342,273.46994,273.29675,271.0134,273.99292,272.44342,273.46994,273.29675,0.0,2.0603213,0.0,0.36744246,0.0134477755,0.0,1.4272059020028092,0.0,0.3674424440169796,0.013447775619652382,1.1897402,1.8523824,1.4930164,1.5006081,1.6018155,0.9157409082746468,1.1434636789707373,1.0823372851002924,1.6562396027004906,2.4681834978465784,1.1897402,-0.20793885,1.4930164,1.1331656,1.5883677,0.9157409082746468,-0.28374222303207186,1.0823372851002924,1.288797158683511,2.454735722226926
2012-03-19 16:00:00,0.0,-0.5233907,0.0,-0.11207896,0.0,0.0,-0.71621865,0.0,-0.15478699,0.0,0.0,-0.5519429,0.0,-0.11721675,0.0,0.37027863,1.0392597,0.6876303,0.6604239,0.5878378,1.1112086,1.8580055,1.4793847,1.5146965,1.5375437,0.6412592,1.5317608,1.7180889,1.394719,2.411605,270.54306,274.04202,272.39658,273.52826,273.13153,270.54306,274.04202,272.39658,273.52826,273.13153,270.54306,274.04202,272.39658,273.52826,273.13153,0.0,1.3935342,0.0,0.31275183,0.0,0.0,0.838764028213324,0.0,0.3127518219199476,0.0,1.1139133,1.8610044,1.4823709,1.5174145,1.540397,0.8570945775240099,1.1490985711227948,1.0670473289639397,1.673198443719979,2.4114731752679353,1.1139133,0.46747026,1.4823709,1.2046627,1.540397,0.8570945775240099,0.3103345429094708,1.0670473289639397,1.3604466218000313,2.4114731752679353
2012-03-19 17:00:00,0.0,-0.07181451,0.0,-0.016570136,0.0,0.0,-0.105966076,0.0,-0.02444207,0.0,0.0,-0.07103566,0.0,-0.016394699,0.0,0.20289747,0.96750355,0.11137819,0.6414436,0.32220694,0.9432204,1.7877916,0.6487967,1.4639254,0.5366412,0.27309155,1.4093077,0.91497654,1.3369279,1.4865745,269.50107,273.64215,268.74164,273.35208,270.439,269.50107,273.64215,268.74164,273.35208,270.439,269.50107,273.64215,268.74164,273.35208,270.439,0.0,0.21890514,0.0,0.051553816,0.0,0.0,0.1112071698527613,0.0,0.051553814001954266,0.0,0.9459252,1.7907904,0.7105307,1.4666433,0.5394945,0.7271685252822666,1.1032104469037718,0.00713609129114896,1.6219669475370875,1.4872960325285327,0.9459252,1.5718853,0.7105307,1.4150896,0.5394945,0.7271685252822666,0.9920032770510105,0.00713609129114896,1.5704131335351332,1.4872960325285327
2012-03-19 18:00:00,0.0,0.0,0.0,0.0,0.0,0.0,0.0,0.0,0.0,0.0,0.0,0.0,0.0,0.0,0.0,0.020437041,0.96536785,0.4475161,0.5917293,0.24568702,0.76009834,1.7857018,1.1332932,1.3309425,0.24831256,0.0,1.405663,1.3834461,1.185558,1.2201024,268.3652,273.63025,270.87363,272.89062,269.66336,268.3652,273.63025,270.87363,272.89062,269.66336,268.3652,273.63025,270.87363,272.89062,269.66336,0.0,0.0,0.0,0.0,0.0,0.0,0.0,0.0,0.0,0.0,0.7689216,1.7887006,1.1362792,1.3336606,0.25116596,0.5916560308776442,1.101844624691651,0.569959399955115,1.4877782321756632,1.221069664102452,0.7689216,1.7887006,1.1362792,1.3336606,0.25116596,0.5916560308776442,1.101844624691651,0.569959399955115,1.4877782321756632,1.221069664102452
2012-03-19 19:00:00,0.0,0.0,0.0,0.0,0.0,0.0,0.0,0.0,0.0,0.0,0.0,0.0,0.0,0.0,0.0,0.109137714,0.16541402,0.5707777,0.65377927,0.34630156,0.8491207,1.0029415,1.3109578,1.4969226,0.6274302,0.06685999,0.04052967,1.5552335,1.3744875,1.5704815,268.9174,269.1724,271.65543,273.46658,270.68323,268.9174,269.1724,271.65543,273.46658,270.68323,268.9174,269.1724,271.65543,273.46658,270.68323,0.0,0.0,0.0,0.0,0.0,0.0,0.0,0.0,0.0,0.0,0.85455734,1.0061448,1.3139439,1.4996407,0.63028353,0.6571214110087179,0.5904783737569315,0.8251373128548439,1.6552634266083173,1.5711254953281046,0.85455734,1.0061448,1.3139439,1.4996407,0.63028353,0.6571214110087179,0.5904783737569315,0.8251373128548439,1.6552634266083173,1.5711254953281046
2012-03-19 20:00:00,0.0,0.0,0.0,0.0,0.0,0.0,0.0,0.0,0.0,0.0,0.0,0.0,0.0,0.0,0.0,0.086146325,0.6177637,0.58002067,0.66043377,0.28537405,0.826046,1.4455688,1.3242801,1.5147228,0.39785412,0.016288608,0.8124713,1.5681151,1.3947489,1.3583081,268.77426,271.69318,271.71405,273.52835,270.06564,268.77426,271.69318,271.71405,273.52835,270.06564,268.77426,271.69318,271.71405,273.52835,270.06564,0.0,0.0,0.0,0.0,0.0,0.0,0.0,0.0,0.0,0.0,0.8323604,1.4485676,1.3272663,1.5174409,0.40070748,0.6401526571226377,0.8795518065066342,0.8442721700131068,1.673225066704311,1.3591478820986984,0.8323604,1.4485676,1.3272663,1.5174409,0.40070748,0.6401526571226377,0.8795518065066342,0.8442721700131068,1.673225066704311,1.3591478820986984
2012-03-19 21:00:00,0.0,0.0,0.0,0.0,0.0,0.0,0.0,0.0,0.0,0.0,0.0,0.0,0.0,0.0,0.0,0.0,0.19320634,0.31350553,0.65476894,0.31481868,0.23275906,1.0301365,0.9401354,1.4995698,0.50880206,0.0,0.08795769,1.1966778,1.3775008,1.4608458,265.09424,269.32727,270.02365,273.47577,270.3641,265.09424,269.32727,270.02365,273.47577,270.3641,265.09424,269.32727,270.02365,273.47577,270.3641,0.0,0.0,0.0,0.0,0.0,0.0,0.0,0.0,0.0,0.0,0.26164344,1.0331736,0.94312155,1.5022879,0.51165545,0.2038603064060576,0.6080854864764788,0.2925288733689939,1.6579345993696284,1.4615909842078842,0.26164344,1.0331736,0.94312155,1.5022879,0.51165545,0.2038603064060576,0.6080854864764788,0.2925288733689939,1.6579345993696284,1.4615909842078842
2012-03-19 22:00:00,0.0,0.0,0.0,0.0,0.0,0.0,0.0,0.0,0.0,0.0,0.0,0.0,0.0,0.0,0.0,0.0,0.20466284,0.45460832,0.6028321,0.25003144,0.13987458,1.0413468,1.1435156,1.3606418,0.2646826,0.0,0.10750833,1.3933301,1.2193637,1.2352315,264.5181,269.3911,270.9186,272.99368,269.7074,264.5181,269.3911,270.9186,272.99368,269.7074,264.5181,269.3911,270.9186,272.99368,269.7074,0.0,0.0,0.0,0.0,0.0,0.0,0.0,0.0,0.0,0.0,0.17229247,1.0443457,1.1465017,1.3633598,0.2675359,0.13555474039000023,0.6153737738165793,0.5846417421994042,1.517746838205392,1.2361847353032247,0.17229247,1.0443457,1.1465017,1.3633598,0.2675359,0.13555474039000023,0.6153737738165793,0.5846417421994042,1.517746838205392,1.2361847353032247
2012-03-19 23:00:00,0.0,0.0,0.0,0.0,0.0,0.0,0.0,0.0,0.0,0.0,0.0,0.0,0.0,0.0,0.0,0.0,0.030751226,0.26118985,0.34688905,0.24060194,0.18381505,0.87117314,0.8647295,0.67601025,0.229152,0.0,0.0,1.1237663,0.4400705,1.2023942,264.79065,268.42197,269.69183,270.61798,269.61182,264.79065,268.42197,269.69183,270.61798,269.61182,264.79065,268.42197,269.69183,270.61798,269.61182,0.0,0.0,0.0,0.0,0.0,0.0,0.0,0.0,0.0,0.0,0.21456131,0.875181,0.8677157,0.6787283,0.23200533,0.167867734197374,0.5051662748852731,0.1842241873295393,0.8269070177741502,1.2033778032167248,0.21456131,0.875181,0.8677157,0.6787283,0.23200533,0.167867734197374,0.5051662748852731,0.1842241873295393,0.8269070177741502,1.2033778032167248
2012-04-07 00:00:00,0.0,0.0,0.0,0.0,0.0,0.0,0.0,0.0,0.0,0.0,0.0,0.0,0.0,0.0,0.0,0.73560625,1.1548978,0.9584134,0.52429706,0.50434816,1.4778609,1.9711581,1.869681,1.1505657,1.222953,1.4448252,1.7290988,2.0954742,0.9802412,2.1208613,272.81732,274.68643,274.11404,272.2647,272.28525,272.81732,274.68643,274.11404,272.2647,272.28525,272.81732,274.68643,274.11404,272.2647,272.28525,0.0,0.0,0.0,0.0,0.0,0.0,0.0,0.0,0.0,0.0,1.4805658,1.974157,1.8726671,1.1532837,1.2258064,1.140672342027625,1.2230490886385461,1.627625929251665,1.3057657626258439,2.120997749440754,1.4805658,1.974157,1.8726671,1.1532837,1.2258064,1.140672342027625,1.2230490886385461,1.627625929251665,1.3057657626258439,2.120997749440754
2012-04-07 01:00:00,0.0,0.0,0.0,0.0,0.0,0.0,0.0,0.0,0.0,0.0,0.0,0.0,0.0,0.0,0.0,0.5886037,1.158326,0.92616177,0.48559344,0.5021082,1.3303252,1.9745126,1.8231947,1.0470359,1.2145127,1.1214815,1.7349492,2.0505257,0.86239666,2.113061,271.9022,274.70554,273.9095,271.90546,272.26254,271.9022,274.70554,273.9095,271.90546,272.26254,271.9022,274.70554,273.9095,271.90546,272.26254,0.0,0.0,0.0,0.0,0.0,0.0,0.0,0.0,0.0,0.0,1.33303,1.9775115,1.8261808,1.049754,1.2173661,1.0265646648786924,1.2252414083944119,1.560858127309012,1.2012971721070496,2.1132045318569874,1.33303,1.9775115,1.8261808,1.049754,1.2173661,1.0265646648786924,1.2252414083944119,1.560858127309012,1.2012971721070496,2.1132045318569874
2012-04-07 02:00:00,0.0,0.0,0.0,0.0,0.0,0.0,0.0,0.0,0.0,0.0,0.0,0.0,0.0,0.0,0.0,0.42138425,1.1612011,0.9740171,0.7320545,0.81051815,1.1624995,1.9773258,1.8921716,1.7063038,2.3766074,0.7536698,1.7398555,2.1172209,1.6128193,3.1870644,270.8612,274.72156,274.213,274.19315,275.3887,270.8612,274.72156,274.213,274.19315,275.3887,270.8612,274.72156,274.213,274.19315,275.3887,0.0,0.0,0.0,0.0,0.0,0.0,0.0,0.0,0.0,0.0,1.1652042,1.9803247,1.8951578,1.7090219,2.3794608,0.8967641854967188,1.2270800152184207,1.6599290743657962,1.866543430267122,3.1862174657895825,1.1652042,1.9803247,1.8951578,1.7090219,2.3794608,0.8967641854967188,1.2270800152184207,1.6599290743657962,1.866543430267122,3.1862174657895825
2012-04-07 03:00:00,0.0,0.0,0.0,0.0,0.0,0.0,0.0,0.0,0.0,0.0,0.0,0.0,0.0,0.0,0.0,0.7953887,1.1352926,0.89107126,0.70907956,0.72489387,1.5378603,1.9519743,1.7726165,1.6448474,2.0539734,1.5763212,1.6956422,2.0016205,1.5428655,2.8888876,273.18948,274.57718,273.68692,273.9799,274.52078,273.18948,274.57718,273.68692,273.9799,274.52078,273.18948,274.57718,273.68692,273.9799,274.52078,0.0,0.0,0.0,0.0,0.0,0.0,0.0,0.0,0.0,0.0,1.540565,1.9549731,1.7756028,1.6475655,2.0568268,1.1870772215698013,1.2105115411529246,1.4882134041152528,1.804529625429768,2.8883154387972256,1.540565,1.9549731,1.7756028,1.6475655,2.0568268,1.1870772215698013,1.2105115411529246,1.4882134041152528,1.804529625429768,2.8883154387972256
2012-04-07 04:00:00,0.0,0.0,0.0,0.0,0.0,0.0,0.0,0.0,0.0,0.0,0.0,0.0,0.0,0.0,0.0,0.12456987,1.118546,0.8935973,0.64372206,0.7317643,0.8646088,1.9355875,1.7762575,1.47002,2.0798614,0.10080412,1.667064,2.005141,1.3438653,2.9128127,269.01346,274.48386,273.70294,273.37323,274.59042,269.01346,274.48386,273.70294,273.37323,274.59042,269.01346,274.48386,273.70294,273.37323,274.59042,0.0,0.0,0.0,0.0,0.0,0.0,0.0,0.0,0.0,0.0,0.86945623,1.9385865,1.7792437,1.472738,2.0827148,0.6685110991181807,1.199802094166603,1.4934428679403897,1.6281168569177809,2.9122188292893694,0.86945623,1.9385865,1.7792437,1.472738,2.0827148,0.6685110991181807,1.199802094166603,1.4934428679403897,1.6281168569177809,2.9122188292893694
2012-04-07 05:00:00,0.0,-0.098108515,-0.03687882,-0.036906175,-0.0038996004,0.0,-0.14714295,-0.055064682,-0.05524272,-0.0050432617,0.0,-0.095817514,-0.033342846,-0.03609921,-0.0034806556,0.47343594,1.2033304,0.9064151,0.7222471,0.68310237,1.2147398,2.0185497,1.7947329,1.6800697,1.8965023,0.8681615,1.8117499,2.0230052,1.5829577,2.7433531,271.18524,274.95633,273.78424,274.1021,274.09717,271.18524,274.95633,273.78424,274.1021,274.09717,271.18524,274.95633,273.78424,274.1021,274.09717,0.0,0.2880075,0.114611685,0.112276815,0.009502639,0.0,0.1464962714168307,0.06606746352652691,0.11227681764241557,0.009502639047787505,1.2174447,2.0215485,1.797719,1.6827878,1.8993556,0.9371682044371719,1.254021733879563,1.5199786615216562,1.840071309512997,2.7429153671839734,1.2174447,1.7335411,1.6831073,1.570511,1.889853,0.9371682044371719,1.1075254624627322,1.4539111979951294,1.7277944918705814,2.733412728136186
2012-04-07 06:00:00,0.0,-0.6636396,-0.16881353,-0.41655952,-0.042200193,0.0,-0.9382638,-0.23785836,-0.5894177,-0.05183321,0.0,-0.67996186,-0.16037172,-0.42650768,-0.03939788,0.66018087,1.1757133,0.8869045,0.8161031,0.7364399,1.402162,1.9915261,1.7666107,1.9311285,2.0974793,1.278921,1.7646208,1.9958134,1.8687297,2.9290953,272.34778,274.80243,273.6605,274.9733,274.63782,272.34778,274.80243,273.6605,274.9733,274.63782,272.34778,274.80243,273.6605,274.9733,274.63782,0.0,1.7964876,0.4840056,1.109933,0.091749586,0.0,1.0301102555783024,0.31438858981743767,1.1099329689625972,0.09174958969174331,1.4048668,1.9945251,1.7695969,1.9338466,2.1003325,1.082124947469534,1.23636060204437,1.479587279024646,2.093406754088262,2.92848612352,1.4048668,0.19803752,1.2855914,0.82391363,2.008583,1.082124947469534,0.20625034646606766,1.1651986892072084,0.9834737851256647,2.8367365338282564
2012-04-07 07:00:00,0.0,-1.2342383,-0.3767028,-0.5909303,-0.05505789,0.0,-1.6530105,-0.50655395,-0.78977436,-0.06661457,0.0,-1.3278633,-0.37397552,-0.637024,-0.052159235,0.7722651,1.179262,0.91256917,0.7648829,0.7419827,1.5146527,1.9949985,1.8036029,1.7941177,2.118364,1.5254588,1.7706767,2.0315819,1.7127749,2.9483972,273.04553,274.8222,273.82327,274.49786,274.694,273.04553,274.8222,273.82327,274.49786,274.694,273.04553,274.8222,273.82327,274.49786,274.694,0.0,3.0820267,0.9989316,1.4854307,0.11643204,0.0,1.9822035053503317,0.7153716503146316,1.4854306748732014,0.11643204206470381,1.5173575,1.9979975,1.806589,1.7968359,2.1212175,1.16912791309908,1.2386299681814321,1.532718631488037,1.955153596452151,2.9477701471378945,1.5173575,-1.0840293,0.8076575,0.31140518,2.0047855,1.16912791309908,-0.7435735371688996,0.8173469811734054,0.46972292157894957,2.8313381050731907
2012-04-07 08:00:00,-0.24013758,-1.3604878,-0.4883299,-0.87942815,-0.04400195,-0.31129047,-1.7682745,-0.64348155,-1.1427573,-0.05254524,-0.29908186,-1.5072353,-0.4947933,-0.97451645,-0.042244863,0.8696819,1.1394874,0.92276967,0.79479504,0.6913427,1.6124226,1.9560789,1.8183055,1.874131,1.9275519,1.7397344,1.7028009,2.045798,1.8038511,2.772049,273.65198,274.60056,273.88797,274.7755,274.1807,273.65198,274.60056,273.88797,274.7755,274.1807,273.65198,274.60056,273.88797,274.7755,274.1807,0.60937005,3.2926202,1.2528278,2.0910475,0.09329537,0.3495546384590506,2.244229980561006,0.9361934361152623,2.091047568805601,0.09329537503068704,1.6151274,1.9590778,1.8212916,1.8768489,1.9304053,1.2447456061095044,1.2131941560618593,1.5538357044581137,2.0358922336030165,2.771584771117802,1.0057575,-1.3335425,0.5684638,-0.21419863,1.8371098,0.8951909676504537,-1.0310358244991467,0.6176422683428514,-0.05515533520258442,2.678289396087115
2012-04-07 09:00:00,-0.24013117,-1.3907608,-0.62494653,-0.6341011,-0.05202459,-0.30414686,-1.7883438,-0.78756326,-0.8174132,-0.059932668,-0.30570254,-1.5576864,-0.66438824,-0.70839024,-0.051976673,0.8582548,1.1259828,0.9162403,0.7375517,0.67321825,1.6009542,1.9428645,1.8088944,1.7210084,1.8592587,1.7145997,1.6797549,2.0366983,1.629557,2.7089326,273.58084,274.5253,273.84656,274.24417,273.99698,273.58084,274.5253,273.84656,274.24417,273.99698,273.58084,274.5253,273.84656,274.24417,273.99698,0.5919619,3.3282769,1.5077354,1.5344647,0.104972094,0.355436130193217,2.316587081836751,1.237293627125412,1.534464764608884,0.10497209567977225,1.603659,1.9458635,1.8118806,1.7237265,1.8621122,1.2358755959239518,1.204557957151372,1.5403187855805696,1.8813813068681604,2.708526747120123,1.011697,-1.3824134,0.30414522,0.18926175,1.75714,0.8804394657307348,-1.1120291246853788,0.30302515845515754,0.3469165422592764,2.603554651440351
2012-04-07 10:00:00,-0.026151415,-1.7265806,-0.6300617,-0.7214162,-0.059375614,-0.032842234,-2.202951,-0.786378,-0.902188,-0.06856349,-0.033569954,-1.9494919,-0.67724025,-0.83217734,-0.0591559,0.79613894,1.1724494,0.9109621,0.7305916,0.68735343,1.5386132,1.9883325,1.8012866,1.7023904,1.9125205,1.5779709,1.759051,2.0293422,1.6083647,2.758157,273.19415,274.78424,273.81308,274.17957,274.14026,273.19415,274.78424,273.81308,274.17957,274.14026,273.19415,274.78424,273.81308,274.17957,274.14026,0.06513629,4.029453,1.5023115,1.6782126,0.11943783,0.039352255949754666,2.8712097683308007,1.2581546668513928,1.6782126180864334,0.11943783058840256,1.5413178,1.9913313,1.8042727,1.7051084,1.9153739,1.187659423010552,1.2342733455355903,1.5293916964069023,1.8625943542578747,2.7577057209854225,1.4761815,-2.0381215,0.3019612,0.026895778,1.7959361,1.1483071670607972,-1.6369364227952103,0.27123702955550955,0.18438173617144127,2.63826789039702
2012-04-07 11:00:00,-0.061270628,-1.7674829,-0.9516969,-0.83931345,-0.06060874,-0.07625718,-2.2572463,-1.1856085,-1.046662,-0.06932764,-0.07935717,-1.9937289,-1.0251514,-0.971175,-0.061068892,0.8048501,1.1815895,0.9640188,0.7471553,0.6816151,1.5473558,1.997276,1.8777604,1.7466974,1.8908981,1.597132,1.7746485,2.1032863,1.6587979,2.7381737,273.24838,274.83517,274.1496,274.3333,274.0821,273.24838,274.83517,274.1496,274.3333,274.0821,273.24838,274.83517,274.1496,274.3333,274.0821,0.15021646,4.1191077,2.2209108,1.9282188,0.12041647,0.092610492620882,2.9330620943250776,1.8695577260260607,1.9282188991841929,0.12041647012624593,1.5500606,2.000275,1.8807466,1.7494155,1.8937515,1.194421331247243,1.2401183641818203,1.6392303585017305,1.9073032192794244,2.73774083830443,1.3998442,-2.1188326,-0.34016427,-0.17880341,1.7733351,1.101810838626361,-1.6929437301432573,-0.23032736752433025,-0.020915679904768503,2.617324368178184
2012-04-07 12:00:00,0.0,-1.6229393,-1.0404696,-0.9012541,-0.053838782,0.0,-2.0733716,-1.2862759,-1.1332177,-0.061536103,0.0,-1.8300184,-1.1308652,-1.0335344,-0.054298468,0.7144925,1.156464,0.9717028,0.76382416,0.67060196,1.4566706,1.9726906,1.8888359,1.7912858,1.8494005,1.3983836,1.7317716,2.1139956,1.7095515,2.6998217,272.68588,274.69516,274.19833,274.48804,273.97046,272.68588,274.69516,274.19833,274.48804,273.97046,272.68588,274.69516,274.19833,274.48804,273.97046,0.0,3.812763,2.3954546,2.0770524,0.1074083,0.0,2.7030845355499347,2.050024196345676,2.0770523731183124,0.10740830100082083,1.4593754,1.9756895,1.891822,1.794004,1.8522538,1.1242831812085883,1.2240506915941016,1.6551378894136235,1.9522960628005157,2.6994241851842458,1.4593754,-1.8370733,-0.50363255,-0.28304836,1.7448455,1.1242831812085883,-1.479033843955833,-0.3948863069320523,-0.12475631031779666,2.592015884183425
2012-04-07 13:00:00,0.0,-1.5527458,-0.84229225,-1.5653516,-0.051351596,0.0,-1.9875168,-1.0442797,-2.1500604,-0.05915734,0.0,-1.747365,-0.9123889,-1.8966751,-0.051304333,0.6992712,1.1474227,0.9416981,0.8485928,0.6721133,1.4413941,1.9638436,1.8455883,2.0180366,1.8550953,1.3649032,1.7163423,2.0721784,1.9676542,2.7050848,272.59113,274.64478,274.00803,275.27487,273.98578,272.59113,274.64478,274.00803,275.27487,273.98578,272.59113,274.64478,274.00803,275.27487,273.98578,0.0,3.6678514,1.9678333,3.58665,0.10367002,0.0,2.586230050964768,1.6726735938477932,3.3908434456537573,0.10367002511927087,1.4440988,1.9668424,1.8485744,2.0207546,1.8579488,1.1124679166757097,1.2182687108961234,1.593021820054473,2.181102864477892,2.704682512102324,1.4440988,-1.7010089,-0.1192588,-1.5658953,1.7542787,1.1124679166757097,-1.3679613400686446,-0.07965177379332022,-1.2097405811758652,2.6010124869830533
2012-04-07 14:00:00,0.0,-2.4786766,-0.5372346,-1.1202751,-0.064566456,0.0,-3.1475463,-0.677113,-1.4180431,-0.07425784,0.0,-2.814215,-0.5710598,-1.2755573,-0.06463358,0.7023938,1.294177,0.9006606,0.8081763,0.6924235,1.4445281,2.1074436,1.7864383,1.9099247,1.9316243,1.3717717,1.966781,2.014985,1.8445942,2.775813,272.61057,275.4626,273.74774,274.89972,274.19165,272.61057,275.4626,273.74774,274.89972,274.19165,272.61057,275.4626,273.74774,274.89972,274.19165,0.0,5.5415955,1.3036429,2.5489552,0.12872683,0.0,4.061572104292075,1.0691379914526526,2.548955258486616,0.12872682838110558,1.4472328,2.1104426,1.7894245,1.9126428,1.9344778,1.1148918533930827,1.3121182074100044,1.5080654448838204,2.0720107490134394,2.775345208097065,1.4472328,-3.4311526,0.4857817,-0.63631237,1.805751,1.1148918533930827,-2.7494538968820708,0.4389274534311678,-0.47694450947317657,2.6466183797159597
2012-04-07 15:00:00,0.0,-1.4813294,-0.32267842,-0.716157,-0.04885009,0.0,-1.9226964,-0.408873,-0.91073895,-0.05778421,0.0,-1.6433855,-0.3409449,-0.81142026,-0.04737218,0.7159583,1.160752,0.8645548,0.7417173,0.69112885,1.4581417,1.9768864,1.7343969,1.7321512,1.9267464,1.4016078,1.7390889,1.9646653,1.6422404,2.7713044,272.695,274.71906,273.51874,274.28284,274.17853,272.695,274.71906,273.51874,274.28284,274.17853,272.695,274.71906,273.51874,274.28284,274.17853,0.0,3.5551445,0.799378,1.6962029,0.10198825,0.0,2.437812966781475,0.6476667012000836,1.6962029163284615,0.10198824824522279,1.4608464,1.9798853,1.7373832,1.7348692,1.9295998,1.1254209474228658,1.2267928423430519,1.4333189752765296,1.8926250805843783,2.770841063525803,1.4608464,-1.5752591,0.9380052,0.038666334,1.8276116,1.1254209474228658,-1.211020124438423,0.785652274076446,0.19642216425591674,2.66885281528058
2012-04-07 16:00:00,0.0,-1.3345767,-0.16924787,-0.37951046,-0.041250497,0.0,-1.8002512,-0.22721633,-0.49553204,-0.049304888,0.0,-1.4261447,-0.1682944,-0.41851616,-0.039565466,0.72140956,1.2274756,0.8529688,0.6960732,0.6858933,1.4636128,2.042176,1.7176973,1.6100562,1.9070185,1.4135981,1.8529538,1.9485179,1.5032637,2.7530723,272.72894,275.09088,273.44525,273.85916,274.12546,272.72894,275.09088,273.44525,273.85916,274.12546,272.72894,275.09088,273.44525,273.85916,274.12546,0.0,3.3196366,0.45753756,0.95577705,0.087826476,0.0,2.117278663709615,0.32831339301179424,0.9557770439501141,0.08782647365196392,1.4663174,2.0451748,1.7206833,1.6127741,1.9098719,1.1296523722732879,1.2694625290930006,1.409333167865235,1.7694227834239618,2.752625464899231,1.4663174,-1.2744617,1.2631458,0.6569971,1.8220454,1.1296523722732879,-0.8478161346166144,1.0810197748534407,0.8136457394738477,2.664798991247267
2012-04-07 17:00:00,0.0,-0.3494806,-0.23870848,-0.23606119,0.0,0.0,-0.5048812,-0.3370369,-0.3354437,0.0,0.0,-0.35164657,-0.22635005,-0.24082398,0.0,0.6312284,1.107188,0.92448735,0.7364372,0.5036678,1.3731046,1.9244738,1.8207812,1.7180271,1.2203891,1.2152379,1.6476815,2.048192,1.6261635,2.118492,272.16754,274.42056,273.89886,274.23383,272.27835,272.16754,274.42056,273.89886,274.23383,272.27835,272.16754,274.42056,273.89886,274.23383,272.27835,0.0,0.9976157,0.67728144,0.65894884,0.0,0.0,0.5412500846833976,0.43843712454996636,0.6589488181970515,0.0,1.3758093,1.9274727,1.8237674,1.7207452,1.2232425,1.0596512108089278,1.192538721684709,1.557391739859207,1.878372909638644,2.118630454852137,1.3758093,0.929857,1.1464859,1.0617963,1.2232425,1.0596512108089278,0.6512886370013113,1.1189546153092407,1.2194240914415924,2.118630454852137
2012-04-07 18:00:00,0.0,0.0,0.0,0.0,0.0,0.0,0.0,0.0,0.0,0.0,0.0,0.0,0.0,0.0,0.0,0.0,1.1933525,0.77604705,0.7080374,0.5155871,0.59243494,2.0087862,1.6068249,1.6420596,1.2653015,0.0,1.7947224,1.8413134,1.5396922,2.1599996,267.32523,274.90073,272.95737,273.9702,272.39917,267.32523,274.90073,272.95737,273.9702,272.39917,267.32523,274.90073,272.95737,273.9702,272.39917,0.0,0.0,0.0,0.0,0.0,0.0,0.0,0.0,0.0,0.0,0.60763645,2.0117853,1.6098112,1.6447775,1.2681549,0.4683594008286371,1.2476408926731934,1.2500885237272084,1.801716463418686,2.160100009172205,0.60763645,2.0117853,1.6098112,1.6447775,1.2681549,0.4683594008286371,1.2476408926731934,1.2500885237272084,1.801716463418686,2.160100009172205
2012-04-07 19:00:00,0.0,0.0,0.0,0.0,0.0,0.0,0.0,0.0,0.0,0.0,0.0,0.0,0.0,0.0,0.0,0.31521207,1.0530328,0.5554674,0.6727004,0.5495658,1.0559424,1.8714824,1.2888899,1.5475354,1.393334,0.5201362,1.5552645,1.5338955,1.4320984,2.278327,270.20026,274.11877,271.55832,273.6422,272.7436,270.20026,274.11877,271.55832,273.6422,272.7436,270.20026,274.11877,271.55832,273.6422,272.7436,0.0,0.0,0.0,0.0,0.0,0.0,0.0,0.0,0.0,0.0,1.058647,1.8744813,1.2918762,1.5502534,1.3961874,0.8143503371060301,1.157906373336856,0.7934417816327759,1.7063351848852166,2.278318092035627,1.058647,1.8744813,1.2918762,1.5502534,1.3961874,0.8143503371060301,1.157906373336856,0.7934417816327759,1.7063351848852166,2.278318092035627
2012-04-07 20:00:00,0.0,0.0,0.0,0.0,0.0,0.0,0.0,0.0,0.0,0.0,0.0,0.0,0.0,0.0,0.0,0.45595953,1.2160903,0.5277194,0.6760145,0.50949043,1.1972001,2.0310354,1.248895,1.5564003,1.242329,0.82972085,1.8335247,1.4952236,1.4421891,2.1387687,271.07645,275.02744,271.38232,273.67297,272.33737,271.07645,275.02744,271.38232,273.67297,272.33737,271.07645,275.02744,271.38232,273.67297,272.33737,0.0,0.0,0.0,0.0,0.0,0.0,0.0,0.0,0.0,0.0,1.1999049,2.0340343,1.2518812,1.5591184,1.2451825,0.9236025303438666,1.2621816460699256,0.7359973666240814,1.7152805076207707,2.1388886306680024,1.1999049,2.0340343,1.2518812,1.5591184,1.2451825,0.9236025303438666,1.2621816460699256,0.7359973666240814,1.7152805076207707,2.1388886306680024
2012-04-07 21:00:00,0.0,0.0,0.0,0.0,0.0,0.0,0.0,0.0,0.0,0.0,0.0,0.0,0.0,0.0,0.0,0.51041824,1.1919397,0.53960866,0.5595584,0.28743336,1.2518563,2.0074039,1.2660319,1.2448876,0.40561372,0.9495068,1.7923114,1.5117936,1.0876045,1.3654796,271.41547,274.89285,271.45773,272.592,270.08652,271.41547,274.89285,271.45773,272.592,270.08652,271.41547,274.89285,271.45773,272.592,270.08652,0.0,0.0,0.0,0.0,0.0,0.0,0.0,0.0,0.0,0.0,1.2545611,2.0104027,1.269018,1.2476056,0.40846702,0.9658749212281663,1.246737348748252,0.7606107096943926,1.4009429316127677,1.3663126143934514,1.2545611,2.0104027,1.269018,1.2476056,0.40846702,0.9658749212281663,1.246737348748252,0.7606107096943926,1.4009429316127677,1.3663126143934514
2012-04-07 22:00:00,0.0,0.0,0.0,0.0,0.0,0.0,0.0,0.0,0.0,0.0,0.0,0.0,0.0,0.0,0.0,0.37317586,0.48185235,0.50348854,0.62226605,0.47307307,1.1141163,1.3125786,1.2139697,1.4126265,1.1051075,0.64763176,0.5805364,1.4614537,1.2785362,2.011949,270.5611,270.9358,271.22864,273.17407,271.96823,270.5611,270.9358,271.22864,273.17407,271.96823,270.5611,270.9358,271.22864,273.17407,271.96823,0.0,0.0,0.0,0.0,0.0,0.0,0.0,0.0,0.0,0.0,1.116821,1.3155775,1.2169559,1.4153446,1.1079609,0.8593434732853404,0.7926364843004436,0.6858343574366729,1.5702029916675557,2.0121859964028985,1.116821,1.3155775,1.2169559,1.4153446,1.1079609,0.8593434732853404,0.7926364843004436,0.6858343574366729,1.5702029916675557,2.0121859964028985
2012-04-07 23:00:00,0.0,0.0,0.0,0.0,0.0,0.0,0.0,0.0,0.0,0.0,0.0,0.0,0.0,0.0,0.0,0.34327236,0.95882905,0.4512787,0.6573564,0.43944654,1.0841043,1.7793034,1.1387163,1.5064911,0.9784023,0.5818567,1.3945044,1.3886898,1.3853791,1.8948486,270.37494,273.5938,270.8975,273.4998,271.62738,270.37494,273.5938,270.8975,273.4998,271.62738,270.37494,273.5938,270.8975,273.4998,271.62738,0.0,0.0,0.0,0.0,0.0,0.0,0.0,0.0,0.0,0.0,1.0868092,1.7823024,1.1417025,1.5092092,0.9812557,0.8361315204188153,1.0976631074576195,0.5777488108337,1.6649186955927249,1.8951934598530527,1.0868092,1.7823024,1.1417025,1.5092092,0.9812557,0.8361315204188153,1.0976631074576195,0.5777488108337,1.6649186955927249,1.8951934598530527
2012-05-16 00:00:00,0.0,0.0,0.0,0.0,0.0,0.0,0.0,0.0,0.0,0.0,0.0,0.0,0.0,0.0,0.0,0.27688166,1.4162663,0.68433934,0.68175167,0.62783504,1.0174729,2.226909,1.4746411,1.571747,1.6882535,0.4358255,2.1751282,1.7135022,1.4596575,2.5508907,269.96164,276.14294,272.3757,273.72623,273.53696,269.96164,276.14294,272.3757,273.72623,273.53696,269.96164,276.14294,272.3757,273.72623,273.53696,0.0,0.0,0.0,0.0,0.0,0.0,0.0,0.0,0.0,0.0,1.0201777,2.2299078,1.4776273,1.5744649,1.691107,0.7845971798169546,1.390194208428008,1.060234084666047,1.730766210173888,2.550630293010321,1.0201777,2.2299078,1.4776273,1.5744649,1.691107,0.7845971798169546,1.390194208428008,1.060234084666047,1.730766210173888,2.550630293010321
2012-05-16 01:00:00,0.0,0.0,0.0,0.0,0.0,0.0,0.0,0.0,0.0,0.0,0.0,0.0,0.0,0.0,0.0,0.111020185,1.0293313,0.67197365,0.7917341,0.59058964,0.85101,1.8482903,1.4568177,1.8659431,1.5479125,0.071000494,1.5148175,1.6962683,1.7945313,2.4211876,268.9291,273.9867,272.29727,274.7471,273.15942,268.9291,273.9867,272.29727,274.7471,273.15942,268.9291,273.9867,272.29727,274.7471,273.15942,0.0,0.0,0.0,0.0,0.0,0.0,0.0,0.0,0.0,0.0,0.85637474,1.8512893,1.4598039,1.8686612,1.5507659,0.6585107503460857,1.142749248890551,1.0346346141315674,2.0276302341319843,2.4210471011705725,0.85637474,1.8512893,1.4598039,1.8686612,1.5507659,0.6585107503460857,1.142749248890551,1.0346346141315674,2.0276302341319843,2.4210471011705725
2012-05-16 02:00:00,0.0,0.0,0.0,0.0,0.0,0.0,0.0,0.0,0.0,0.0,0.0,0.0,0.0,0.0,0.0,0.0,0.91439414,0.6209812,0.6413746,0.54941535,0.67601573,1.7358235,1.3833189,1.4637406,1.3927668,0.0,1.3186756,1.625201,1.3367176,2.2778027,267.84366,273.3462,271.97385,273.35144,272.74207,267.84366,273.3462,271.97385,273.35144,272.74207,267.84366,273.3462,271.97385,273.35144,272.74207,0.0,0.0,0.0,0.0,0.0,0.0,0.0,0.0,0.0,0.0,0.6880377,1.7388226,1.3863052,1.4664587,1.3956202,0.5298231942223964,1.069247001229034,0.9290691710481366,1.6217805866467634,2.2777943542947825,0.6880377,1.7388226,1.3863052,1.4664587,1.3956202,0.5298231942223964,1.069247001229034,0.9290691710481366,1.6217805866467634,2.2777943542947825
2012-05-16 03:00:00,0.0,0.0,0.0,0.0,0.0,0.0,0.0,0.0,0.0,0.0,0.0,0.0,0.0,0.0,0.0,0.0,0.89581853,0.5078526,0.61236656,0.48272532,0.2928273,1.7176473,1.2202599,1.3861461,1.1414777,0.0,1.2869761,1.4675356,1.2483944,2.0455623,265.46683,273.24268,271.25632,273.08218,272.06607,265.46683,273.24268,271.25632,273.08218,272.06607,265.46683,273.24268,271.25632,273.08218,272.06607,0.0,0.0,0.0,0.0,0.0,0.0,0.0,0.0,0.0,0.0,0.31942648,1.7206461,1.223246,1.3888642,1.144331,0.24803333757773224,1.057367850091819,0.6948688787498141,1.5434823897263317,2.0457680603458486,0.31942648,1.7206461,1.223246,1.3888642,1.144331,0.24803333757773224,1.057367850091819,0.6948688787498141,1.5434823897263317,2.0457680603458486
2012-05-16 04:00:00,0.0,-0.014368979,0.0,0.0,0.0,0.0,-0.02159795,0.0,0.0,0.0,0.0,-0.014009791,0.0,0.0,0.0,0.0,0.9185726,0.35144922,0.5455821,0.45760405,0.3409694,1.7399124,0.99482596,1.2075018,1.0468202,0.0,1.3258064,1.2495592,1.0450495,1.95808,265.76544,273.36948,270.2643,272.46228,271.81143,265.76544,273.36948,270.2643,272.46228,271.81143,265.76544,273.36948,270.2643,272.46228,271.81143,0.0,0.046296284,0.0,0.0,0.0,0.0,0.022449188690158037,0.0,0.0,0.0,0.36573714,1.7429112,0.99781215,1.2102199,1.0496736,0.28343616418227285,1.0719191098132603,0.3710804004642888,1.3632181628143143,1.958366706153717,0.36573714,1.6966149,0.99781215,1.2102199,1.0496736,0.28343616418227285,1.0494699211231022,0.3710804004642888,1.3632181628143143,1.958366706153717
2012-05-16 05:00:00,0.0,-0.53427094,0.0,-0.6097111,0.0,0.0,-0.7519057,0.0,-0.8200515,0.0,0.0,-0.54957384,0.0,-0.6533392,0.0,0.0,1.0246161,0.3125288,0.744604,0.49378362,0.252808,1.8436766,0.93872756,1.7398728,1.1831455,0.0,1.5067712,1.1953166,1.6510297,2.0840716,265.2186,273.96042,270.01746,274.30963,272.17816,265.2186,273.96042,270.01746,274.30963,272.17816,265.2186,273.96042,270.01746,274.30963,272.17816,0.0,1.5065575,0.0,1.5630516,0.0,0.0,0.8528227993224682,0.0,1.5630515783063224,0.0,0.28092968,1.8466755,0.9417137,1.7425909,1.1859989,0.2186039465096348,1.1397339336991767,0.2905068140232744,1.9004167406655452,2.084241834788286,0.28092968,0.34011796,0.9417137,0.17953931,1.1859989,0.2186039465096348,0.28691113437670857,0.2905068140232744,0.33736516235922287,2.084241834788286
2012-05-16 06:00:00,0.0,-0.5040265,0.0,-0.71494853,0.0,0.0,-0.6709901,0.0,-0.9244834,0.0,0.0,-0.5453853,0.0,-0.79619545,0.0,0.0,0.9542564,0.33070672,0.7270112,0.46666625,0.681595,1.7748289,0.96492845,1.692813,1.0809667,0.0,1.3867011,1.2206507,1.5974631,1.9896382,267.87827,273.56833,270.13275,274.14633,271.9033,267.87827,273.56833,270.13275,274.14633,271.9033,267.87827,273.56833,270.13275,274.14633,271.9033,0.0,1.3395097,0.0,1.7474205,0.0,0.0,0.8433724222849608,0.0,1.7474205658147348,0.0,0.6934047,1.777828,0.9679147,1.6955311,1.0838201,0.5339260869530607,1.0947388470803865,0.3281390317973073,1.852930210945356,1.9898957181525565,0.6934047,0.43831825,0.9679147,-0.051889464,1.0838201,0.5339260869530607,0.2513664247954257,0.3281390317973073,0.10550964513062122,1.9898957181525565
2012-05-16 07:00:00,0.0,-2.4038317,0.0,-0.82998717,0.0,0.0,-3.067112,0.0,-1.0483841,0.0,0.0,-2.7141316,0.0,-0.9471572,0.0,0.035589796,1.1501389,0.36289585,0.7268796,0.44054544,0.77530605,1.9665014,1.0113246,1.692461,0.982543,0.0,1.7209777,1.2655121,1.5970626,1.8986753,268.45953,274.6599,270.3369,274.1451,271.63852,268.45953,274.6599,270.3369,274.1451,271.63852,268.45953,274.6599,270.3369,274.1451,271.63852,0.0,5.655528,0.0,1.9621958,0.0,0.0,4.0167383603335125,0.0,1.9621957553923992,0.0,0.7835508,1.9695003,1.0143108,1.6951793,0.9853964,0.6028394889292165,1.2200057565812823,0.3947773422547664,1.8525752378209295,1.8990167453612177,0.7835508,-3.6860275,1.0143108,-0.26701644,0.9853964,0.6028394889292165,-2.79673260375223,0.3947773422547664,-0.10962051757146973,1.8990167453612177
2012-05-16 08:00:00,0.0,-2.9041002,0.0,-0.6865974,0.0,0.0,-3.604153,0.0,-0.85828876,0.0,0.0,-3.3782265,0.0,-0.7923705,0.0,0.23212937,1.1572309,0.612306,0.70261914,0.58534795,0.9725583,1.9734408,1.3708149,1.6275659,1.5281619,0.33738932,1.7330799,1.6131105,1.5231946,2.4029343,269.68304,274.69943,271.91882,273.91992,273.1063,269.68304,274.69943,271.91882,273.91992,273.1063,269.68304,274.69943,271.91882,273.91992,273.1063,0.0,6.5559607,0.0,1.6198372,0.0,0.0,4.94819611188851,0.0,1.6198371874753568,0.0,0.97526306,1.9764397,1.3738011,1.6302841,1.5310153,0.7498591605188386,1.2245409867471706,0.9111096981400949,1.7870915706923038,2.402810553034367,0.97526306,-4.579521,1.3738011,0.010446931,1.5310153,0.7498591605188386,-3.72365512514134,0.9111096981400949,0.16725438321694708,2.402810553034367
2012-05-16 09:00:00,0.0,-4.275578,0.0,-1.2612159,-0.12897396,0.0,-5.3054733,0.0,-1.5616088,-0.13655892,0.0,-4.977842,0.0,-1.4709119,-0.1275713,0.33450717,1.2954476,0.69103694,0.76630324,0.6477237,1.0753074,2.108687,1.4842947,1.7979171,1.7631946,0.5625771,1.9689492,1.7228365,1.7170994,2.6201503,270.32037,275.46967,272.41818,274.51105,273.73856,270.32037,275.46967,272.41818,274.51105,273.73856,270.32037,275.46967,272.41818,274.51105,273.73856,0.0,9.260698,0.0,2.8410144,0.21596122,0.0,7.136950627397749,0.0,2.8410144579528627,0.21596122265913195,1.0780121,2.111686,1.487281,1.8006351,1.766048,0.829327754562201,1.3129306965208045,1.0740996344652673,1.9589873061959602,2.6198265233306977,1.0780121,-7.149012,1.487281,-1.0403794,1.5500867,0.829327754562201,-5.824019930876945,1.0740996344652673,-0.8820271517569025,2.4038653006715656
2012-05-16 10:00:00,0.0,-5.7836394,0.0,-0.8233094,-0.2564004,0.0,-7.0933847,0.0,-1.010537,-0.27080148,0.0,-6.8293233,0.0,-0.9696656,-0.2544958,0.39908406,1.4155161,0.79657775,0.7097733,0.70402074,1.1401184,2.2261748,1.6364172,1.646703,1.975323,0.7046189,2.173848,1.8699268,1.5449777,2.8161988,270.72238,276.13876,273.0876,273.98633,274.3092,270.72238,276.13876,273.0876,273.98633,274.3092,270.72238,276.13876,273.0876,273.98633,274.3092,0.0,11.90347,0.0,1.8860402,0.41761163,0.0,9.575573175174057,0.0,1.8860402007318606,0.4176116411453795,1.1428232,2.2291737,1.6394035,1.6494211,1.9781764,0.8794541570393708,1.3897144195996478,1.292591613521226,1.8064021086611193,2.8156939636517264,1.1428232,-9.674296,1.6394035,-0.23661909,1.5605648,0.8794541570393708,-8.18585875557441,1.292591613521226,-0.07963809207074135,2.398082322506347
2012-05-16 11:00:00,0.0,-6.653433,-0.08790615,-0.80392927,-0.41636673,0.0,-8.149715,-0.1075851,-0.992021,-0.43947953,0.0,-7.871335,-0.096625835,-0.94116944,-0.4136343,0.3901326,1.4988548,0.8146691,0.7102007,0.7779153,1.1311345,2.307722,1.6624933,1.6478465,2.2537594,0.6849295,2.3160667,1.89514,1.5462791,3.0735283,270.66666,276.60318,273.20233,273.9903,275.05823,270.66666,276.60318,273.20233,273.9903,275.05823,270.66666,276.60318,273.20233,273.9903,275.05823,0.0,13.355042,0.21011078,1.8550309,0.65795404,0.0,10.895358517674879,0.1829027109399159,1.8550308436868017,0.6579540320244596,1.1338392,2.3107212,1.6654795,1.6505644,2.2566125,0.8725057921321127,1.4430095027382488,1.3300445353926829,1.8075557713155062,3.072786345877479,1.1338392,-11.044321,1.4553688,-0.20446643,1.5986586,0.8725057921321127,-9.45234901493663,1.147141824452767,-0.04747507237129556,2.414832313853019
2012-05-16 12:00:00,0.0,-7.621304,-0.8909231,-0.9123145,-0.74101794,0.0,-9.3458185,-1.0900664,-1.1193556,-1.8111639,0.0,-9.008247,-0.97962147,-1.0749574,-1.1445473,0.46566105,1.6037809,0.8909509,0.71954453,0.81666905,1.2069368,2.4103932,1.7724432,1.6728406,2.3997838,0.85106,2.4951248,2.001453,1.5747291,3.208484,271.13684,277.1879,273.68616,274.07703,275.45105,271.13684,277.1879,273.68616,274.07703,275.45105,271.13684,277.1879,273.68616,274.07703,275.45105,0.0,14.892531,2.0700533,2.0782244,2.2334905,0.0,12.283371170733705,1.8063866983380428,2.0782243654237345,1.62451132972403,1.2096416,2.413392,1.7754294,1.6755586,2.4026375,0.9311330966918755,1.510109896543979,1.4879643820283417,1.8327766118060271,3.2076173898804887,1.2096416,-12.479139,-0.2946239,-0.40266576,0.16914696,0.9311330966918755,-10.773261274189727,-0.3184223163097011,-0.24544775361770732,1.5831060601564588
2012-05-16 13:00:00,0.0,-7.754563,-1.3279667,-1.0949304,-0.9835042,0.0,-9.591826,-1.6301856,-1.3491781,-2.9030612,0.0,-9.077719,-1.4544004,-1.2839056,-1.7171891,0.45019946,1.6572738,0.9355682,0.7429831,0.84288013,1.1914191,2.4627364,1.8367529,1.735537,2.4985483,0.81705105,2.5864112,2.0636353,1.6460946,3.2997615,271.0406,277.486,273.96915,274.2946,275.71674,271.0406,277.486,273.96915,274.2946,275.71674,271.0406,277.486,273.96915,274.2946,275.71674,0.0,15.122181,3.0505872,2.4790583,3.4799967,0.0,12.320495653246427,2.6460382832284712,2.4790582935165593,2.3718667282616765,1.194124,2.4657352,1.8397391,1.7382551,2.5014014,0.9191313754884293,1.544318489795251,1.5803316545054742,1.8960416969069855,3.2988106053163344,1.194124,-12.6564455,-1.2108482,-0.7408031,-0.97859514,0.9191313754884293,-10.776177163451177,-1.065706628722997,-0.5830165966095737,0.9269438770546579
2012-05-16 14:00:00,0.0,-8.050747,-2.015405,-0.79362047,-1.1572964,0.0,-9.969785,-2.4894366,-0.98106664,-3.6868708,0.0,-9.413033,-2.1911478,-0.92722964,-2.12917,0.44912094,1.6969005,1.0116096,0.7099114,0.863663,1.1903366,2.5015113,1.9463559,1.6470724,2.5768583,0.81467885,2.6540346,2.1696126,1.5453981,3.3721354,271.03387,277.70682,274.45145,273.9876,275.9274,271.03387,277.70682,274.45145,273.9876,275.9274,271.03387,277.70682,274.45145,273.9876,275.9274,0.0,15.563458,4.546989,1.836157,4.3752046,0.0,12.708048167239227,3.898915837061592,1.8361569800054052,2.904412320483465,1.1930416,2.5045102,1.9493421,1.6497905,2.5797117,0.9182942230899646,1.5696597449924468,1.73775345696731,1.8067748304417672,3.371117837817327,1.1930416,-13.058948,-2.597647,-0.18636648,-1.7954928,0.9182942230899646,-11.13838842224678,-2.1611623800942823,-0.029382149563637938,0.4667055173338621
2012-05-16 15:00:00,0.0,-7.738439,-1.9941477,-0.546873,-1.1505625,0.0,-9.683459,-2.4866345,-0.7019336,-3.7086647,0.0,-8.94426,-2.144226,-0.6136597,-2.1354218,0.47321537,1.7145671,1.0208141,0.69725347,0.86982894,1.2145183,2.518798,1.9596229,1.6132133,2.6000915,0.86767626,2.6841831,2.1824408,1.5068574,3.3936076,271.18387,277.80527,274.50983,273.87012,275.9899,271.18387,277.80527,274.50983,273.87012,275.9899,271.18387,277.80527,274.50983,273.87012,275.9899,0.0,15.111717,4.5449667,1.3432357,4.4159436,0.0,12.088376738065612,3.820254569331851,1.3432356793434543,2.917311526570451,1.2172233,2.521797,1.962609,1.6159314,2.6029449,0.9369969687193039,1.5809575461624512,1.7568086270577616,1.772608667215692,3.3925701356823184,1.2172233,-12.589921,-2.582358,0.2726957,-1.8129985,0.9369969687193039,-10.50741919190316,-2.063445942274089,0.42937298787223765,0.47525860911186735
2012-05-16 16:00:00,0.0,-6.904364,-0.5986798,-1.0288117,-0.95846295,0.0,-8.802088,-0.7605893,-1.3173048,-2.9724874,0.0,-7.8220153,-0.6303033,-1.1573751,-1.7325865,0.5137664,1.7122998,0.8767185,0.7656818,0.8596287,1.2552167,2.5165799,1.7519289,1.7962549,2.5616567,0.95687145,2.6803138,1.9816175,1.7152076,3.3580866,271.4363,277.79263,273.5959,274.50528,275.8865,271.4363,277.79263,273.5959,274.50528,275.8865,271.4363,277.79263,273.5959,274.50528,275.8865,0.0,13.851591,1.4744807,2.4308605,3.595816,0.0,10.641040993377072,1.1875213510317801,2.4308605422468723,2.4051589851224913,1.2579215,2.5195785,1.7549152,1.798973,2.56451,0.9684738989015821,1.5795076733526612,1.4585000887049986,1.9573100581830438,3.357081666362695,1.2579215,-11.332012,0.28043452,-0.6318876,-1.0313056,0.9684738989015821,-9.06153332002441,0.27097873767321845,-0.4735504840638285,0.9519226812402035
2012-05-16 17:00:00,0.0,-4.6138783,0.0,-0.1407211,-0.41598752,0.0,-6.088667,0.0,-0.19650327,-0.87657523,0.0,-5.044915,0.0,-0.14573845,-0.5749756,0.37274447,1.5729275,0.7351297,0.66183436,0.80687225,1.1136832,2.3802025,1.5478485,1.5184693,2.3628693,0.6466829,2.4424722,1.7842878,1.3990135,3.174368,270.5584,277.01596,272.69785,273.54135,275.35175,270.5584,277.01596,272.69785,273.54135,275.35175,270.5584,277.01596,272.69785,273.54135,275.35175,0.0,10.0904045,0.0,0.39805952,1.1538283,0.0,7.078263339233196,0.0,0.39805951429964376,0.8884418506689131,1.1163881,2.3832016,1.5508347,1.5211874,2.365723,0.8590086123259545,1.4903790187411876,1.165381170643467,1.6770055304794558,3.173532537706328,1.1163881,-7.7072024,1.5508347,1.1231278,1.2118945,0.8590086123259545,-5.587884320492009,1.165381170643467,1.278946016179812,2.285090687037415
2012-05-16 18:00:00,0.0,-1.6874515,0.0,-0.008027894,0.0,0.0,-2.3948333,0.0,-0.011664293,0.0,0.0,-1.7253473,0.0,-0.008039813,0.0,0.33560038,1.4236757,0.541004,0.6244425,0.5046703,1.0764046,2.234159,1.268043,1.4184486,1.2241668,0.56498176,2.1877723,1.5137384,1.2851632,2.121983,270.32718,276.18423,271.46658,273.19427,272.2885,270.32718,276.18423,271.46658,273.19427,272.2885,270.32718,276.18423,271.46658,273.19427,272.2885,0.0,4.2785034,0.0,0.024587326,0.0,0.0,2.5234325336708214,0.0,0.024587326554537055,0.0,1.0791093,2.2371578,1.2710292,1.4211667,1.2270201,0.8301763226751905,1.3949325608715966,0.7634993659025635,1.5760777968768185,2.122118548206161,1.0791093,-2.0413454,1.2710292,1.3965793,1.2270201,0.8301763226751905,-1.1284999727992249,0.7634993659025635,1.5514904703222814,2.122118548206161
2012-05-16 19:00:00,0.0,0.0,0.0,0.0,0.0,0.0,0.0,0.0,0.0,0.0,0.0,0.0,0.0,0.0,0.0,0.12392773,1.2047268,0.5272912,0.56212944,0.5148555,0.8639643,2.019916,1.2482779,1.2517649,1.2625449,0.099391595,1.8141329,1.494627,1.0954328,2.157452,269.00946,274.9641,271.3796,272.61588,272.39175,269.00946,274.9641,271.3796,272.61588,272.39175,269.00946,274.9641,271.3796,272.61588,272.39175,0.0,0.0,0.0,0.0,0.0,0.0,0.0,0.0,0.0,0.0,0.8688362,2.0229151,1.251264,1.254483,1.2653981,0.6680371317921517,1.2549147714797955,0.7351108479946773,1.4078826561953108,2.1575546437517,0.8688362,2.0229151,1.251264,1.254483,1.2653981,0.6680371317921517,1.2549147714797955,0.7351108479946773,1.4078826561953108,2.1575546437517
2012-05-16 20:00:00,0.0,0.0,0.0,0.0,0.0,0.0,0.0,0.0,0.0,0.0,0.0,0.0,0.0,0.0,0.0,0.08288147,0.6393295,0.5355381,0.55525804,0.41224188,0.82276917,1.466671,1.2601647,1.2333843,0.87589455,0.009107316,0.84927356,1.5061207,1.0745107,1.8001114,268.75394,271.81335,271.43192,272.5521,271.35162,268.75394,271.81335,271.43192,272.5521,271.35162,268.75394,271.81335,271.43192,272.5521,271.35162,0.0,0.0,0.0,0.0,0.0,0.0,0.0,0.0,0.0,0.0,0.8292083,1.4696699,1.2631509,1.2361023,0.87874794,0.6377430217093905,0.8933431087408181,0.7521838022733148,1.389335310444013,1.8005435753276329,0.8292083,1.4696699,1.2631509,1.2361023,0.87874794,0.6377430217093905,0.8933431087408181,0.7521838022733148,1.389335310444013,1.8005435753276329
2012-05-16 21:00:00,0.0,0.0,0.0,0.0,0.0,0.0,0.0,0.0,0.0,0.0,0.0,0.0,0.0,0.0,0.0,0.0,1.1056383,0.42949694,0.566614,0.44008183,0.4647022,1.9229573,1.1073209,1.2637608,0.980796,0.0,1.6450367,1.3583329,1.1090872,1.8970609,266.53293,274.41193,270.75934,272.6575,271.63382,266.53293,274.41193,270.75934,272.6575,271.63382,266.53293,274.41193,270.75934,272.6575,271.63382,0.0,0.0,0.0,0.0,0.0,0.0,0.0,0.0,0.0,0.0,0.48476294,1.9259562,1.1103071,1.2664788,0.9836494,0.3744270365662883,1.1915476250538624,0.532655891335805,1.4199872397382634,1.8974036331194164,0.48476294,1.9259562,1.1103071,1.2664788,0.9836494,0.3744270365662883,1.1915476250538624,0.532655891335805,1.4199872397382634,1.8974036331194164
2012-05-16 22:00:00,0.0,0.0,0.0,0.0,0.0,0.0,0.0,0.0,0.0,0.0,0.0,0.0,0.0,0.0,0.0,0.0,1.0269928,0.395874,0.5639542,0.41279283,0.24044907,1.8460022,1.0588582,1.2566459,0.8779706,0.0,1.5108271,1.3114733,1.1009886,1.8020301,265.14194,273.97366,270.54608,272.6328,271.3572,265.14194,273.97366,270.54608,272.6328,271.3572,265.14194,273.97366,270.54608,272.6328,271.3572,0.0,0.0,0.0,0.0,0.0,0.0,0.0,0.0,0.0,0.0,0.26904085,1.849001,1.0618443,1.259364,0.88082397,0.20951535167768728,1.1412538486736905,0.4630492376023635,1.412807908296732,1.802460455459124,0.26904085,1.849001,1.0618443,1.259364,0.88082397,0.20951535167768728,1.1412538486736905,0.4630492376023635,1.412807908296732,1.802460455459124
2012-05-16 23:00:00,0.0,0.0,0.0,0.0,0.0,0.0,0.0,0.0,0.0,0.0,0.0,0.0,0.0,0.0,0.0,0.0,1.0440954,0.37332237,0.30465105,0.35719424,0.26710555,1.862737,1.0263531,0.5630263,0.6684741,0.0,1.5400128,1.2800435,0.31146467,1.608414,265.30728,274.06897,270.40305,270.22592,270.79364,265.30728,274.06897,270.40305,270.22592,270.79364,265.30728,274.06897,270.40305,270.22592,270.79364,0.0,0.0,0.0,0.0,0.0,0.0,0.0,0.0,0.0,0.0,0.29468328,1.8657361,1.0293393,0.56574434,0.6713275,0.22911806139086066,1.1521909326953659,0.4163625767482363,0.712898524536387,1.6090231582556132,0.29468328,1.8657361,1.0293393,0.56574434,0.6713275,0.22911806139086066,1.1521909326953659,0.4163625767482363,0.712898524536387,1.6090231582556132
2012-06-10 00:00:00,0.0,0.0,0.0,0.0,0.0,0.0,0.0,0.0,0.0,0.0,0.0,0.0,0.0,0.0,0.0,1.8381535,2.8067758,2.102738,1.6217415,1.5463059,2.5844061,3.5875316,3.5190673,4.0861607,5.14907,3.869961,4.5480533,3.690299,4.321731,5.7493634,279.68097,283.89175,281.37204,282.45135,282.84692,279.68097,283.89175,281.37204,282.45135,282.84692,279.68097,283.89175,281.37204,282.45135,282.84692,0.0,0.0,0.0,0.0,0.0,0.0,0.0,0.0,0.0,0.0,2.587111,3.5905304,3.5220532,4.088879,5.151923,1.9965008494545817,2.27942501700809,3.9966228464560727,4.267980988654679,5.746153270244186,2.587111,3.5905304,3.5220532,4.088879,5.151923,1.9965008494545817,2.27942501700809,3.9966228464560727,4.267980988654679,5.746153270244186
2012-06-10 01:00:00,0.0,0.0,0.0,0.0,0.0,0.0,0.0,0.0,0.0,0.0,0.0,0.0,0.0,0.0,0.0,1.7984945,2.7648656,2.1955237,1.5848264,1.523554,2.5446033,3.5465214,3.6528044,3.9874153,5.06334,3.782728,4.476533,3.819612,4.2093325,5.670132,279.43408,283.6582,281.96054,282.1087,282.6163,279.43408,283.6582,281.96054,282.1087,282.6163,279.43408,283.6582,281.96054,282.1087,282.6163,0.0,0.0,0.0,0.0,0.0,0.0,0.0,0.0,0.0,0.0,2.5473082,3.549521,3.6557906,3.9901335,5.0661936,1.9657164726201246,2.252623382676396,4.18870852341596,4.168340032628088,5.666995548092947,2.5473082,3.549521,3.6557906,3.9901335,5.0661936,1.9657164726201246,2.252623382676396,4.18870852341596,4.168340032628088,5.666995548092947
2012-06-10 02:00:00,0.0,0.0,0.0,0.0,0.0,0.0,0.0,0.0,0.0,0.0,0.0,0.0,0.0,0.0,0.0,1.7126126,2.7413554,2.1554146,1.5427494,1.3543408,2.45841,3.5235176,3.5949929,3.8748622,4.425741,3.5938246,4.4364133,3.763713,4.081217,5.080866,278.89944,283.5272,281.70615,281.71814,280.9011,278.89944,283.5272,281.70615,281.71814,280.9011,278.89944,283.5272,281.70615,281.71814,280.9011,0.0,0.0,0.0,0.0,0.0,0.0,0.0,0.0,0.0,0.0,2.461115,3.5265164,3.5979793,3.8775804,4.4285946,1.8990525050350995,2.237588832018359,4.105674598756262,4.054766381467748,5.078272428364453,2.461115,3.5265164,3.5979793,3.8775804,4.4285946,1.8990525050350995,2.237588832018359,4.105674598756262,4.054766381467748,5.078272428364453
2012-06-10 03:00:00,0.0,0.0,0.0,0.0,0.0,0.0,0.0,0.0,0.0,0.0,0.0,0.0,0.0,0.0,0.0,1.573988,2.6822987,1.7685201,1.5824888,1.4276843,2.3192825,3.4657302,3.0373378,3.9811625,4.7021017,3.2889087,4.335632,3.224505,4.2022147,5.3362775,278.03647,283.1981,279.25223,282.087,281.64453,278.03647,283.1981,279.25223,282.087,281.64453,278.03647,283.1981,279.25223,282.087,281.64453,0.0,0.0,0.0,0.0,0.0,0.0,0.0,0.0,0.0,0.0,2.3219874,3.468729,3.040324,3.9838805,4.704955,1.7914479799269687,2.1998220967990996,3.304719958414814,4.162030385341403,5.333447930458714,2.3219874,3.468729,3.040324,3.9838805,4.704955,1.7914479799269687,2.1998220967990996,3.304719958414814,4.162030385341403,5.333447930458714
2012-06-10 04:00:00,-0.24857613,-2.2952566,-1.6722957,-0.7769904,-1.7641726,-0.37390277,-3.394938,-3.0233192,-2.0896025,-6.79729,-0.27610084,-2.2725782,-1.8267872,-1.0748763,-3.8733084,1.2535448,2.7484312,2.1339362,1.5184891,1.4144614,1.9976777,3.5304406,3.564035,3.8099668,4.652277,2.5840702,4.4484873,3.733779,4.0073485,5.29023,276.04163,283.56662,281.56992,281.49295,281.5105,276.04163,283.56662,281.56992,281.49295,281.5105,276.04163,283.56662,281.56992,281.49295,281.5105,0.6859855,4.4946237,4.0798984,2.530064,7.947467,0.3150546608903398,2.7880384959228537,2.8503471738805515,1.6456046278682663,4.644956077497679,2.0003824,3.5334396,3.567021,3.8126853,4.6551304,1.5427109761521902,2.2421135558595386,4.061209214917382,3.9892827143391223,5.2874428073029325,1.3143969,-0.9611838,-0.5128777,1.2826213,-3.2923365,1.2276563152618505,-0.545924940063315,1.210862041036831,2.343678086470856,0.6424867298052535
2012-06-10 05:00:00,-1.108384,-8.934041,-1.267008,-2.5743604,-6.208974,-1.5948468,-12.332572,-2.28256,-6.9510646,-25.411682,-1.271733,-9.379832,-1.374403,-3.6854432,-13.967049,1.2270287,2.7960036,1.9168353,1.597435,1.5124776,1.9710654,3.576991,3.251114,4.0211425,5.021604,2.5257459,4.5296707,3.4312093,4.2477226,5.631561,275.87656,283.83173,280.19293,282.22574,282.50403,275.87656,283.83173,280.19293,282.22574,282.50403,275.87656,283.83173,280.19293,282.22574,282.50403,2.8847055,15.622628,3.235575,8.136562,28.092192,1.4410265238817266,11.24722245076146,2.2272746325097463,5.225122497354215,16.184351685496317,1.9737701,3.57999,3.2541,4.0238605,5.024458,1.5221284428644797,2.27253637010747,3.611764191576424,4.202373080932504,5.628458925121609,-0.91093546,-12.042638,0.018524995,-4.1127014,-23.067734,0.0811019189827531,-8.97468608065399,1.3844895590666777,-1.0227494164217115,-10.555892760374707
2012-06-10 06:00:00,-2.552588,-5.8151264,-2.5507088,-5.1072617,-8.569183,-3.5006158,-8.298106,-4.54074,-13.786268,-36.102455,-3.0540285,-5.930141,-2.8079474,-7.7163715,-19.497007,1.3114595,2.8555696,1.9591671,1.513495,1.5722039,2.0558023,3.6352768,3.3121293,3.796608,5.2466536,2.711458,4.6313214,3.4902062,3.9921427,5.83955,276.40216,284.16367,280.46143,281.4466,283.10944,276.40216,284.16367,280.46143,281.4466,283.10944,276.40216,284.16367,280.46143,281.4466,283.10944,6.010768,10.556366,6.2960944,15.90464,38.805187,3.376340777497775,7.11888319971732,4.4887016960712725,10.040999423248923,22.193476959946413,2.0585072,3.6382756,3.3151155,3.7993262,5.2495074,1.5876660599497523,2.3106288013926966,3.6994000444022426,3.9758026099390165,5.836257111179076,-3.9522605,-6.918091,-2.980979,-12.105314,-33.55568,-1.7886747175480227,-4.808254398324624,-0.7893016516690299,-6.065196813309907,-16.357219848767336
2012-06-10 07:00:00,-4.009581,-15.577206,-13.608281,-6.612918,-9.700369,-5.3560824,-20.35017,-22.485071,-17.923815,-41.51113,-4.923873,-17.238237,-16.726696,-10.265902,-22.203026,1.4377552,3.0270555,2.2939625,1.5696697,1.57501,2.1825562,3.8030765,3.7946904,3.9468722,5.257227,2.9892552,4.9239635,3.9568048,4.163183,5.8493214,277.1884,285.1193,282.5849,281.96802,283.13788,277.1884,285.1193,282.5849,281.96802,283.13788,277.1884,285.1193,282.5849,281.96802,283.13788,8.727836,24.023209,26.975594,20.191298,44.053097,5.301470572302716,19.779473134995495,23.980277092679916,12.633202799936935,25.151484147971935,2.1852608,3.8060756,3.7976768,3.9495904,5.2600803,1.68570041104816,2.420293818701289,4.392498238460676,4.127429380037905,5.846019582668418,-6.542575,-20.217133,-23.177917,-16.241707,-38.79302,-3.615770161254556,-17.359179316294206,-19.58777885421924,-8.505773419899029,-19.305464565303517
2012-06-10 08:00:00,-4.915262,-15.605162,-13.610733,-5.681791,-10.799904,-6.5054135,-20.369577,-22.456703,-15.392279,-46.664936,-6.0969043,-17.283833,-16.75744,-8.6377735,-24.81469,1.5343486,3.0112891,2.2691736,1.5971029,1.6375451,2.2794995,3.7876492,3.7589607,4.020254,5.492861,3.201719,4.8970585,3.922257,4.2467117,6.067094,277.7897,285.03143,282.42767,282.22266,283.77176,277.7897,285.03143,282.42767,282.22266,283.77176,277.7897,285.03143,282.42767,282.22266,283.77176,10.253652,24.110313,27.040213,17.444763,48.885754,6.451449175164093,19.86440847715576,24.10284687055375,10.984128654915086,27.764191754538338,2.2822044,3.790648,3.761947,4.0229726,5.495714,1.760678824045211,2.410211249089248,4.341179766789999,4.201476773793327,6.063590714970043,-7.971447,-20.319664,-23.278265,-13.42179,-43.390038,-4.690770351118882,-17.454197228066512,-19.761667103763752,-6.782651881121759,-21.700601039568294
2012-06-10 09:00:00,-7.466032,-22.70376,-13.658023,-8.923958,-11.149027,-9.563072,-28.048769,-22.599934,-24.293385,-48.430748,-9.577093,-26.67006,-16.76191,-14.49172,-25.668808,1.7156373,3.1490238,2.3270612,1.5981616,1.6316773,2.4614458,3.9224236,3.8423977,4.023086,5.470751,3.6004777,5.1321054,4.0029335,4.249935,6.04666,278.91827,285.79898,282.79483,282.23248,283.71228,278.91827,285.79898,282.79483,282.23248,283.71228,278.91827,285.79898,282.79483,282.23248,283.71228,14.107013,31.600615,26.97226,26.634823,50.543182,9.755016891999754,29.602331476032308,23.918657924535925,16.444306695338824,28.70250629961703,2.4641504,3.9254227,3.8453836,4.0258045,5.473604,1.901400336988976,2.4982927733380964,4.461019155895184,4.204334307444961,6.043175417831924,-11.642862,-27.675192,-23.126875,-22.609018,-45.06958,-7.8536165550107775,-27.10403870269421,-19.45763876864074,-12.239972387893863,-22.659330881785106
2012-06-10 10:00:00,-9.407337,-17.864511,-13.095458,-11.759125,-5.8941073,-11.92774,-22.974987,-21.844646,-32.20855,-24.023743,-12.208244,-20.089659,-15.893978,-20.038319,-13.23728,1.9232755,3.1431096,2.4186773,1.6767952,1.5067573,2.6698368,3.9166362,3.9744494,4.233426,5.0000496,4.0571933,5.1220126,4.130617,4.489358,5.61164,280.21088,285.76602,283.37592,282.96237,282.44604,280.21088,285.76602,283.37592,282.96237,282.44604,280.21088,285.76602,283.37592,282.96237,282.44604,16.573786,26.350527,25.809814,34.083702,26.657911,12.0171328915615,22.6212071590536,22.469707653200892,20.773511543840392,15.371276771488683,2.6725416,3.9196353,3.9774358,4.236144,5.0029035,2.062575005122507,2.494510496442992,4.650684338170293,4.41658161286783,5.608556890969517,-13.901244,-22.430891,-21.832378,-29.847557,-21.655008,-9.954557886438993,-20.12669666261061,-17.8190233150306,-16.356929930972562,-9.762719880519166
2012-06-10 11:00:00,-11.569372,-5.9439163,-17.02757,-13.358348,-10.875364,-14.445714,-8.485758,-27.821072,-36.691025,-47.2435,-15.26689,-6.0591264,-21.39319,-23.148457,-25.036934,2.1117117,2.954324,2.523044,1.7830756,1.5917523,2.8589563,3.7319086,4.12488,4.5177193,5.320313,4.471673,4.799848,4.2760715,4.8129597,5.907625,281.38394,284.714,284.03787,283.94888,283.3076,281.38394,284.714,284.03787,283.94888,283.3076,281.38394,284.714,284.03787,283.94888,283.3076,19.018751,10.589667,31.635565,37.90055,49.46588,14.542513647283645,7.187193090142138,29.2070579974975,23.0312333806028,28.168151055013528,2.8616612,3.7349076,4.1278663,4.5204377,5.3231664,2.208844555325189,2.373782319216221,4.866745861657998,4.703453143373313,5.904269694205143,-16.157091,-6.8547597,-27.5077,-33.38011,-44.14271,-12.333669091958456,-4.813410770925917,-24.340312135839504,-18.327780237229486,-22.263881360808384
2012-06-10 12:00:00,-12.425866,-21.273516,-18.195374,-13.306906,-11.685791,-15.489631,-26.613398,-29.720116,-36.507122,-50.94928,-16.429989,-24.642216,-22.859467,-22.770668,-26.943546,2.2284088,3.167764,2.72406,1.8734629,1.6713343,2.9760768,3.9407606,4.4146166,4.7595005,5.6201787,4.7283573,5.164086,4.5562234,5.088171,6.184761,282.1104,285.9034,285.31284,284.78787,284.11426,282.1104,285.9034,285.31284,284.78787,284.11426,282.1104,285.9034,285.31284,284.78787,284.11426,19.81347,30.03188,32.658318,37.409096,52.839973,15.385374896103611,27.412021505111863,30.21817768751731,22.848251652963786,29.916974154580995,2.9787815,3.9437597,4.4176025,4.7622185,5.623032,2.2994282500772596,2.510276987722397,5.28289165153718,4.947426171791822,6.181148888280001,-16.83469,-26.088121,-28.240713,-32.64688,-47.21694,-13.085946646026352,-24.901744517389467,-24.93528603598013,-17.900825481171964,-23.735825266300992
2012-06-10 13:00:00,-13.301074,-15.197645,-17.893324,-10.85333,-9.293341,-16.623816,-20.057148,-29.296444,-29.665619,-39.50741,-17.542192,-16.648153,-22.382349,-17.808746,-21.218437,2.4088643,3.2385895,2.7510042,1.8451321,1.5854751,3.1571865,4.0100636,4.453453,4.6837173,5.2966595,5.1252832,5.28495,4.5937753,5.0019093,5.885766,283.2338,286.2981,285.48373,284.5249,283.24396,283.2338,286.2981,285.48373,284.5249,283.24396,283.2338,286.2981,285.48373,284.5249,283.24396,20.414211,22.855005,32.123833,31.116764,42.1134,16.038315180584444,18.685028423610078,29.529919034521456,19.2076139716104,24.041609919702378,3.1598911,4.013063,4.4564395,4.6864357,5.2995133,2.4395028725313015,2.555569753541265,5.3386725990053066,4.870956086462188,5.882429830411927,-17.25432,-18.841944,-27.667393,-26.430328,-36.813885,-13.598812308053143,-16.129458670068814,-24.19124643551615,-14.336657885148211,-18.15918008929045
2012-06-10 14:00:00,-13.837731,-23.38722,-7.2722144,-14.006063,-11.01264,-17.383312,-28.987679,-12.614702,-38.406956,-47.44296,-18.152472,-27.371,-8.357775,-24.023243,-25.275826,2.5898392,3.3735259,2.348713,1.9670689,1.7073209,3.3388176,4.1421,3.8736057,5.0098906,5.7557774,5.5233507,5.5152206,4.033109,5.3731813,6.3100805,284.3604,287.05005,282.93216,285.65674,284.47903,284.3604,287.05005,282.93216,285.65674,284.47903,284.3604,287.05005,282.93216,285.65674,284.47903,20.550053,31.379904,15.661166,38.780594,49.530537,16.22755691612016,29.62569439633007,12.286279798671737,23.727767569256894,28.00920067215198,3.3415225,4.145099,3.876592,5.012609,5.758631,2.5799808502318764,2.6418617004814107,4.505843131539216,5.200087167430676,6.30635363260629,-17.20853,-27.234804,-11.7845745,-33.767986,-43.771904,-13.647576065888284,-26.98383269584866,-7.780436667132522,-18.527680401826217,-21.70284703954569
2012-06-10 15:00:00,-13.316542,-17.295845,-12.348214,-13.605542,-9.849039,-16.878258,-22.445219,-20.821259,-37.235703,-41.801414,-17.307322,-19.269747,-14.761919,-23.03555,-22.476645,2.6269195,3.2704396,2.5939326,2.0279849,1.7048553,3.3760328,4.0412292,4.2270555,5.1728363,5.7464867,5.604912,5.339302,4.374867,5.5586576,6.3014936,284.59125,286.4756,284.4875,286.22217,284.45404,284.59125,286.4756,284.4875,286.22217,284.45404,284.59125,286.4756,284.4875,286.22217,284.45404,19.868622,25.23945,24.074373,37.486374,44.175156,15.447526360567966,21.435728788870513,20.448478474741343,23.052909444477798,25.020583577134406,3.3787372,4.0442286,4.2300415,5.1755548,5.7493405,2.6087636717863676,2.5759380150430458,5.013499557916555,5.36451071866515,6.297774808411256,-16.489885,-21.195223,-19.844332,-32.310818,-38.425816,-12.8387626887816,-18.859790773827466,-15.434978916824788,-17.688398725812647,-18.72280876872315
2012-06-10 16:00:00,-9.998694,-18.303253,-14.318223,-12.462683,-9.835604,-13.133446,-23.56878,-23.819248,-34.038616,-41.738,-12.541352,-20.555899,-17.466547,-20.668507,-22.444672,2.46174,3.2904065,2.5605016,2.0416389,1.7045662,3.2102535,4.060767,4.17887,5.20936,5.745398,5.241586,5.3733764,4.3282757,5.6002316,6.3004875,283.56296,286.58685,284.27545,286.3489,284.4511,283.56296,286.58685,284.27545,286.3489,284.4511,283.56296,286.58685,284.27545,286.3489,284.4511,16.285332,26.317793,27.36076,34.519062,44.114616,11.59031192342013,22.756991064438402,24.06982608417801,21.353026133469598,24.98713260361639,3.2129583,4.063766,4.181856,5.2120786,5.7482514,2.480546171485128,2.5887067016722574,4.94429133952217,5.4013658033087575,6.296769231948835,-13.072373,-22.254028,-23.178904,-29.306984,-38.366367,-9.109765751935,-20.168284362766144,-19.12553474465584,-15.951660330160841,-18.69036337166756
2012-06-10 17:00:00,-5.4941206,-12.560528,-11.831453,-9.223711,-4.883276,-7.667154,-16.930925,-20.00017,-25.158981,-19.522203,-6.523476,-13.480899,-14.093335,-14.786377,-10.890599,2.303849,3.1693082,2.5627246,1.776145,1.6410978,3.0517905,3.9422722,4.182074,4.499181,5.5062475,4.8942933,5.1667213,4.3313737,4.7918577,6.0794654,282.58005,285.91202,284.28955,283.88455,283.80777,282.58005,285.91202,284.28955,283.88455,283.80777,282.58005,285.91202,284.28955,283.88455,283.80777,10.140727,19.729918,23.304684,26.967424,21.753452,6.2789771428151075,15.348833265323783,19.65623620538215,16.734623608487222,12.448968688552833,3.054495,3.945271,4.1850605,4.501899,5.5091004,2.357987060349875,2.5112645822450075,4.948893267688292,4.684746059716023,6.075950925653973,-7.0862317,-15.784647,-19.119623,-22.465527,-16.244352,-3.9209900824652326,-12.837568683078775,-14.70734293769386,-12.0498775487712,-6.3730177628988605
2012-06-10 18:00:00,-1.4893227,-4.808448,-6.47016,-6.058966,-2.252276,-2.2168133,-6.946453,-11.32061,-16.453611,-8.719716,-1.6788229,-4.8531494,-7.3665686,-9.133358,-4.9603195,2.1135502,2.9886389,2.4389963,1.8626263,1.6137967,2.8608012,3.765486,4.0037365,4.730513,5.403376,4.4757166,4.858406,4.1589355,5.055176,5.984393,281.3954,284.9052,283.5048,284.6873,283.53104,281.3954,284.9052,283.5048,284.6873,283.53104,281.3954,284.9052,283.5048,284.6873,283.53104,3.1716423,8.662526,13.922625,17.936228,9.98922,1.6886844450658651,5.749224944863336,10.724614581902129,11.355166533407125,5.747765684377882,2.863506,3.7684848,4.006723,4.7332315,5.40623,2.210271519640754,2.3957265294242953,4.692749149091347,4.9181763863390575,5.980965848974414,-0.3081362,-4.8940415,-9.915901,-13.202997,-4.5829897,0.521587074574889,-3.3534984154390406,-6.031865432810782,-6.436990147068068,0.23320016459653203
2012-06-10 19:00:00,-0.1038747,0.0,-0.0531779,-0.22693588,-0.009832902,-0.15873379,0.0,-0.09777169,-0.613349,-0.036994424,-0.11480096,0.0,-0.057268888,-0.31144816,-0.021398531,1.9306827,2.886949,2.2019467,1.7700627,1.477099,2.677271,3.6659815,3.662063,4.4829106,4.888297,4.0734863,4.6848707,3.8285644,4.773338,5.5083575,280.257,284.33853,282.00128,283.8281,282.14542,280.257,284.33853,282.00128,283.8281,282.14542,280.257,284.33853,282.00128,283.8281,282.14542,0.24124454,0.0,0.13206063,0.7140937,0.043854628,0.11927930124154089,0.0,0.08901111313813138,0.46592569946882423,0.025575434915241193,2.6799757,3.6689806,3.665049,4.485629,4.89115,2.0683247200046906,2.3306958815861636,4.202006302857021,4.668328552711285,5.505370081268332,2.4387312,3.6689806,3.5329885,3.7715352,4.8472953,1.9490454187631496,2.3306958815861636,4.11299518971889,4.202402853242461,5.47979464635309
2012-06-10 20:00:00,0.0,0.0,0.0,0.0,0.0,0.0,0.0,0.0,0.0,0.0,0.0,0.0,0.0,0.0,0.0,1.7924501,2.7538197,2.235435,1.6245065,1.4845806,2.538537,3.535714,3.7103314,4.093557,4.9164877,3.769433,4.4576836,3.8752363,4.3301497,5.534412,279.39645,283.59665,282.21368,282.47702,282.22125,279.39645,283.59665,282.21368,282.47702,282.22125,279.39645,283.59665,282.21368,282.47702,282.22125,0.0,0.0,0.0,0.0,0.0,0.0,0.0,0.0,0.0,0.0,2.541242,3.5387125,3.7133176,4.0962753,4.9193406,1.961024613950547,2.245559630363966,4.271334051853123,4.275444298595752,5.531399846988304,2.541242,3.5387125,3.7133176,4.0962753,4.9193406,1.961024613950547,2.245559630363966,4.271334051853123,4.275444298595752,5.531399846988304
2012-06-10 21:00:00,0.0,0.0,0.0,0.0,0.0,0.0,0.0,0.0,0.0,0.0,0.0,0.0,0.0,0.0,0.0,1.759576,2.5913317,2.0625427,1.7330588,1.3464677,2.5055432,3.3767183,3.4611309,4.383928,4.3960757,3.6971233,4.180395,3.6342793,4.660669,5.0534487,279.1918,282.69116,281.1171,283.48462,280.8213,279.1918,282.69116,281.1171,283.48462,280.8213,279.1918,282.69116,281.1171,283.48462,280.8213,0.0,0.0,0.0,0.0,0.0,0.0,0.0,0.0,0.0,0.0,2.5082483,3.379717,3.464117,4.386646,4.398929,1.9355066867500683,2.141648576887462,3.913409625893799,4.568447989825707,5.050880944518284,2.5082483,3.379717,3.464117,4.386646,4.398929,1.9355066867500683,2.141648576887462,3.913409625893799,4.568447989825707,5.050880944518284
2012-06-10 22:00:00,0.0,0.0,0.0,0.0,0.0,0.0,0.0,0.0,0.0,0.0,0.0,0.0,0.0,0.0,0.0,1.6537567,2.489757,1.9290566,1.7191483,1.3441914,2.3993406,3.2773266,3.2687287,4.346718,4.3874993,3.4643664,4.007056,3.4482417,4.6183143,5.045523,278.53305,282.12512,280.27045,283.3555,280.79822,278.53305,282.12512,280.27045,283.3555,280.79822,278.53305,282.12512,280.27045,283.3555,280.79822,0.0,0.0,0.0,0.0,0.0,0.0,0.0,0.0,0.0,0.0,2.4020455,3.2803254,3.2717152,4.349436,4.3903527,1.8533668155079681,2.0766914733222905,3.6370648356066106,4.530900707589466,5.042962029876716,2.4020455,3.2803254,3.2717152,4.349436,4.3903527,1.8533668155079681,2.0766914733222905,3.6370648356066106,4.530900707589466,5.042962029876716
2012-06-10 23:00:00,0.0,0.0,0.0,0.0,0.0,0.0,0.0,0.0,0.0,0.0,0.0,0.0,0.0,0.0,0.0,1.5719388,2.5542405,1.9761758,1.5451231,1.3513842,2.317226,3.340424,3.3366451,3.881212,4.4146013,3.2844017,4.117099,3.5139112,4.0884447,5.07057,278.0237,282.48447,280.5693,281.74017,280.87112,278.0237,282.48447,280.5693,281.74017,280.87112,278.0237,282.48447,280.5693,281.74017,280.87112,0.0,0.0,0.0,0.0,0.0,0.0,0.0,0.0,0.0,0.0,2.3199308,3.3434231,3.339631,3.8839302,4.4174547,1.7898573903698856,2.1179287978036303,3.734611767491498,4.061173646363652,5.067986219134267,2.3199308,3.3434231,3.339631,3.8839302,4.4174547,1.7898573903698856,2.1179287978036303,3.734611767491498,4.061173646363652,5.067986219134267
2012-07-15 00:00:00,0.0,0.0,0.0,0.0,0.0,0.0,0.0,0.0,0.0,0.0,0.0,0.0,0.0,0.0,0.0,1.8918326,3.2493613,2.3420777,1.7239056,1.7425522,2.63828,4.020604,3.864042,4.3594437,5.8885293,3.9880326,5.303332,4.023862,4.632799,6.43277,280.01514,286.35812,282.89008,283.39966,284.83615,280.01514,286.35812,282.89008,283.39966,284.83615,280.01514,286.35812,282.89008,283.39966,284.83615,0.0,0.0,0.0,0.0,0.0,0.0,0.0,0.0,0.0,0.0,2.6409848,4.023603,3.8670282,4.3621616,5.891383,2.0381682074690817,2.5624584004418844,4.492107073225188,4.543741860365604,6.4289292134735385,2.6409848,4.023603,3.8670282,4.3621616,5.891383,2.0381682074690817,2.5624584004418844,4.492107073225188,4.543741860365604,6.4289292134735385
2012-07-15 01:00:00,0.0,0.0,0.0,0.0,0.0,0.0,0.0,0.0,0.0,0.0,0.0,0.0,0.0,0.0,0.0,1.7421534,3.002653,2.2832909,1.7603867,1.7413328,2.4880576,3.7791984,3.7793083,4.457028,5.8839355,3.6588016,4.8823204,3.9419315,4.7438765,6.4285235,279.08334,284.9833,282.5172,283.73828,284.8238,279.08334,284.9833,282.5172,283.73828,284.8238,279.08334,284.9833,282.5172,283.73828,284.8238,0.0,0.0,0.0,0.0,0.0,0.0,0.0,0.0,0.0,0.0,2.4907627,3.7821975,3.7822948,4.4597464,5.886789,1.9219828702766866,2.40468842440075,4.370404998909907,4.642211405081587,6.424686937772697,2.4907627,3.7821975,3.7822948,4.4597464,5.886789,1.9219828702766866,2.40468842440075,4.370404998909907,4.642211405081587,6.424686937772697
2012-07-15 02:00:00,0.0,0.0,0.0,0.0,0.0,0.0,0.0,0.0,0.0,0.0,0.0,0.0,0.0,0.0,0.0,1.6950185,2.8637516,2.1853232,1.7064443,1.6848613,2.4407523,3.6432827,3.638102,4.3127356,5.671149,3.555125,4.6452837,3.805396,4.579633,6.231867,278.78992,284.20926,281.89584,283.23758,284.25137,278.78992,284.20926,281.89584,283.23758,284.25137,278.78992,284.20926,281.89584,283.23758,284.25137,0.0,0.0,0.0,0.0,0.0,0.0,0.0,0.0,0.0,0.0,2.4434571,3.6462815,3.6410882,4.3154535,5.6740026,1.8853955052255982,2.31586095109759,4.167591450445882,4.496610303769842,6.228211961672289,2.4434571,3.6462815,3.6410882,4.3154535,5.6740026,1.8853955052255982,2.31586095109759,4.167591450445882,4.496610303769842,6.228211961672289
2012-07-15 03:00:00,0.0,0.0,0.0,0.0,0.0,0.0,0.0,0.0,0.0,0.0,0.0,0.0,0.0,0.0,0.0,1.6673406,2.8149626,2.1430683,1.5745192,1.4418045,2.412974,3.5955424,3.5771976,3.9598444,4.755306,3.4942453,4.562025,3.7465065,4.177949,5.3854485,278.6176,283.93738,281.62784,282.01303,281.78766,278.6176,283.93738,281.62784,282.01303,281.78766,278.6176,283.93738,281.62784,282.01303,281.78766,0.0,0.0,0.0,0.0,0.0,0.0,0.0,0.0,0.0,0.0,2.4156787,3.5985415,3.5801837,3.9625626,4.75816,1.8639111304904503,2.28466066882122,4.0801149717556875,4.140519014001142,5.382574530549929,2.4156787,3.5985415,3.5801837,3.9625626,4.75816,1.8639111304904503,2.28466066882122,4.0801149717556875,4.140519014001142,5.382574530549929
2012-07-15 04:00:00,-0.106199116,-0.78756523,-0.6973527,-0.71977943,-0.78913057,-0.16224384,-1.183921,-1.266424,-1.949116,-2.9812756,-0.11737121,-0.7698176,-0.7512039,-0.9984031,-1.713924,1.6681643,2.6707437,2.0451586,1.5160495,1.4452758,2.4138005,3.4544237,3.4360738,3.8034415,4.7683864,3.496057,4.315913,3.6100512,3.9999208,5.397537,278.62274,283.1337,281.00684,281.4703,281.82285,278.62274,283.1337,281.00684,281.4703,281.82285,278.62274,283.1337,281.00684,281.4703,281.82285,0.26464584,1.596733,1.7509788,2.4537303,3.3996518,0.12687499329333926,0.9511679819308142,1.1865840230405813,1.578398638398539,1.9925114743527033,2.4165053,3.4574223,3.4390604,3.8061597,4.77124,1.8645504105038233,2.192432648420703,3.87742095389338,3.9826979628810064,5.394651922853804,2.1518595,1.8606894,1.6880816,1.3524294,1.3715882,1.737675417210484,1.2412646664898888,2.690836930852799,2.4042993244824675,3.4021404485011004
2012-07-15 05:00:00,-2.508873,-10.318396,-5.671857,-3.2141833,-5.5756516,-3.619954,-14.033271,-9.830816,-8.741357,-22.43694,-2.8938024,-10.980069,-6.4127245,-4.667126,-12.426547,1.5937781,2.8293216,2.0321434,1.5728326,1.6501689,2.3391447,3.6095924,3.4173145,3.9553328,5.5404277,3.3324387,4.586529,3.5919123,4.1728134,6.1110554,278.15967,284.0174,280.9243,281.99738,283.89972,278.15967,284.0174,280.9243,281.99738,283.89972,278.15967,284.0174,280.9243,281.99738,283.89972,5.8486767,17.430874,13.057284,10.618819,23.903578,3.1174120213416874,12.978613256376775,9.920190204911187,6.718413210743281,13.698358463396735,2.3418493,3.6125917,3.4203007,3.958051,5.543281,1.8068097264387986,2.293843196616555,3.8504767640895796,4.1359664836803685,6.107511361917263,-3.5068274,-13.818282,-9.636984,-6.660768,-18.360296,-1.3106022949028888,-10.68477005976022,-6.069713440821607,-2.582446727062912,-7.590847101479472
2012-07-15 06:00:00,-5.3237867,-15.609944,-6.7609515,-6.238202,-8.033528,-7.2748504,-20.249657,-11.64657,-17.035486,-33.410862,-6.430888,-17.394827,-7.7205834,-9.580222,-18.134893,1.6581441,2.9287443,2.0871296,1.5847342,1.6647768,2.403744,3.7068784,3.4965694,3.9871693,5.595471,3.474017,4.756195,3.6685452,4.209052,6.161926,278.56036,284.57144,281.27304,282.10785,284.0478,278.56036,284.57144,281.27304,282.10785,284.0478,278.56036,284.57144,281.27304,282.10785,284.0478,11.233189,24.144636,15.183275,20.053253,34.619396,6.757371008249774,20.03066644132947,11.77945029381565,12.457628780074025,19.75047759479108,2.4064488,3.7098775,3.4995556,3.9898872,5.5983243,1.8567725036744505,2.3574239716448973,3.9643097404584653,4.16809155144099,6.1583348722888145,-8.82674,-20.434757,-11.68372,-16.063366,-29.021074,-4.900598504575324,-17.67324246968457,-7.8151405533571845,-8.289537228633034,-13.592142722502263
2012-07-15 07:00:00,-8.289722,-18.342299,-12.499386,-8.228075,-9.343697,-10.770127,-23.211164,-20.836494,-22.575857,-39.557873,-10.4992285,-20.97828,-15.009153,-13.0022335,-21.23817,1.7072643,2.9337878,2.2730324,1.6896174,1.6726317,2.4530423,3.7118134,3.7645226,4.267725,5.6250677,3.5820603,4.764802,3.9276347,4.528399,6.189279,278.86615,284.59955,282.45215,283.0814,284.1274,278.86615,284.59955,282.45215,283.0814,284.1274,278.86615,284.59955,282.45215,283.0814,284.1274,16.026112,27.357626,25.311241,25.756065,40.37581,10.775406449879904,23.948762005655663,21.66407282305722,15.870474912569925,22.98084019227379,2.4557471,3.7148128,3.767509,4.270443,5.6279216,1.894900990186349,2.3606494133304436,4.349168395338113,4.451191492499438,6.185663507606081,-13.570364,-23.642813,-21.543734,-21.485622,-34.747887,-8.880505459693556,-21.58811259232522,-17.314904427719107,-11.419283420070487,-16.79517668466771
2012-07-15 08:00:00,-10.649381,-20.687464,-6.6010504,-11.889278,-10.220421,-13.497488,-25.811651,-11.391266,-32.82005,-43.704777,-13.83924,-24.028059,-7.5244665,-19.880447,-23.321075,1.816873,3.0731277,2.0949965,1.7838713,1.7028563,2.5630486,3.8481584,3.5079083,4.519848,5.7389545,3.823153,5.0025873,3.6795092,4.8153825,6.294533,279.5485,285.37604,281.32294,283.95627,284.43378,279.5485,285.37604,281.32294,283.95627,284.43378,279.5485,285.37604,281.32294,283.95627,284.43378,19.28374,29.44226,14.847693,35.930576,44.135292,13.852382541633228,26.8419040433483,11.475316806688127,21.81835031225775,25.04617597041215,2.5657532,3.8511574,3.5108945,4.522566,5.741808,1.9799823105376007,2.4497570552925003,3.9805957849424622,4.705600730776094,6.290819571212841,-16.717985,-25.591105,-11.336799,-31.40801,-38.393482,-11.872400231095627,-24.3921469880558,-7.494721021745665,-17.112749581481655,-18.755356399199307
2012-07-15 09:00:00,-11.96273,-22.875364,-11.933576,-14.405134,-3.2489295,-15.052928,-28.299395,-20.057854,-39.875576,-12.682359,-15.672386,-26.822876,-14.18685,-24.815493,-7.1551223,1.914226,3.308659,2.3667512,1.9120679,1.6251892,2.6607547,4.078627,3.8996058,4.8627663,5.446304,4.037288,5.4045243,4.058249,5.2057147,6.024066,280.15454,286.68857,283.04657,285.1462,283.6465,280.15454,286.68857,283.04657,285.1462,283.6465,280.15454,286.68857,283.04657,285.1462,283.6465,20.896969,30.787207,24.0966,42.27189,13.87457,15.423735411233446,29.05331602283822,20.264690101612704,25.54499211884919,7.991978713065097,2.6634593,4.0816264,3.9025917,4.865484,5.449157,2.055550535451752,2.6003792284235363,4.5431864836924305,5.051628532467296,6.020602321201525,-18.233511,-26.705582,-20.194008,-37.406406,-8.425413,-13.368184875781694,-26.452936794414683,-15.721503617920273,-20.493363586381896,-1.971376391863572
2012-07-15 10:00:00,-13.1059,-22.455772,-10.477738,-14.664852,-5.418053,-16.434513,-27.671011,-17.793781,-40.552063,-21.779873,-17.240807,-26.449331,-12.28267,-25.175835,-12.069909,2.0203247,3.12863,2.3811185,1.986217,1.6248308,2.7672377,3.902468,3.9203138,5.0611105,5.4449534,4.2706604,5.0973034,4.0782723,5.4314833,6.022818,280.81503,285.68533,283.1377,285.83447,283.64288,280.81503,285.68533,283.1377,285.83447,283.64288,280.81503,285.68533,283.1377,285.83447,283.64288,22.172674,31.074999,21.51971,42.60279,23.273241,16.687080929880846,29.22156978769906,17.627564275060998,25.823706182542352,13.361693137499362,2.7699425,3.905467,3.9233,5.0638285,5.447807,2.137907305269818,2.4852509222664603,4.572929681753115,5.2517712543472115,6.019355825378316,-19.402733,-27.169533,-17.59641,-37.538963,-17.825434,-14.549173624611027,-26.7363188654326,-13.054634593307883,-20.57193492819514,-7.342337312121046
2012-07-15 11:00:00,-13.960904,-22.61164,-17.281807,-13.88092,-10.887456,-17.429852,-27.855734,-28.151768,-38.414814,-47.077198,-18.455744,-26.640858,-21.581936,-23.803469,-24.94993,2.0841663,3.15174,2.416921,1.8720295,1.6828952,2.831311,3.9250815,3.971918,4.755666,5.663741,4.4110847,5.1367407,4.1281695,5.083806,6.2250204,281.21246,285.81412,283.36478,284.77457,284.23145,281.21246,285.81412,283.36478,284.77457,284.23145,281.21246,285.81412,283.36478,284.77457,284.23145,23.101416,31.143505,32.543568,41.042213,47.19306,17.67069743601912,29.34956145142635,29.818244811357168,24.804953220270086,26.787081622276354,2.8340156,3.9280806,3.9749045,4.7583838,5.6665945,2.187462922020762,2.5000298190232546,4.647048615701388,4.94355696473557,6.221371946776859,-20.2674,-27.215425,-28.56866,-36.28383,-41.526466,-15.483234513998356,-26.849531632403096,-25.17119619565578,-19.861396255534515,-20.565709675499495
2012-07-15 12:00:00,-14.440724,-22.613361,-19.363039,-16.33385,-11.317593,-18.044678,-27.96542,-31.474531,-45.11856,-48.91514,-19.075752,-26.52644,-24.287615,-28.417515,-25.930182,2.1519587,3.2439504,2.6671057,2.1382995,1.7614202,2.8993495,4.01531,4.3325253,5.467921,5.959625,4.5601997,5.294099,4.476848,5.894542,6.4984756,281.6345,286.32797,284.9516,287.24612,285.0274,281.6345,286.32797,284.9516,287.24612,285.0274,281.6345,286.32797,284.9516,287.24612,285.0274,23.531776,30.78245,34.743828,46.15897,48.72998,18.09568098668619,28.94704051847914,32.14021325958401,28.026159918486,27.522819451414822,2.9020543,4.018309,4.335511,5.470639,5.9624786,2.240085560740627,2.5589983175045115,5.164984673826426,5.662271049762423,6.494574501910989,-20.629723,-26.764141,-30.408316,-40.68833,-42.7675,-15.855595425945562,-26.38804220097463,-26.975228585757584,-22.363888868723578,-21.028244949503833
2012-07-15 13:00:00,-15.292999,-23.410404,-16.814165,-16.394773,-3.4361198,-19.156954,-28.93421,-27.776615,-45.143353,-13.437637,-20.153698,-27.478888,-20.52426,-28.307234,-7.573119,2.2918384,3.4034483,2.7560036,2.2500935,1.6518068,3.0397363,4.1713796,4.460659,5.766963,5.5465994,4.867876,5.566284,4.600743,6.234932,6.116759,282.50528,287.2168,285.51544,288.2838,283.91632,282.50528,287.2168,285.51544,288.2838,283.91632,282.50528,287.2168,285.51544,288.2838,283.91632,24.189978,30.931707,30.663908,45.65812,14.645879,18.76565944103589,29.428587796897066,27.163543503845325,27.889359287060383,8.419190306421617,3.0424411,4.1743784,4.463645,5.7696815,5.549453,2.3486642268215165,2.6609972198840466,5.34902195693734,5.964024828509498,6.1132096285376525,-21.147537,-26.757328,-26.200262,-39.88844,-9.096426,-16.416995214214374,-26.76759057701302,-21.814521546907987,-21.925334458550886,-2.305980677883965
2012-07-15 14:00:00,-8.326921,-21.121635,-19.75795,-14.09114,-10.176495,-11.314436,-26.481356,-32.223976,-38.72551,-43.224102,-10.132617,-24.401129,-24.577368,-23.557981,-23.1585,2.191353,3.2836049,2.903193,2.1989293,1.7888958,2.9388866,4.0541115,4.672812,5.630102,6.0631537,4.6468506,5.361769,4.805878,6.0791473,6.5941563,281.87973,286.54895,286.449,287.8089,285.3059,281.87973,286.54895,286.449,287.8089,285.3059,281.87973,286.54895,286.449,287.8089,285.3059,15.174039,29.100275,34.36299,39.979736,43.571693,9.841907914172978,26.632358544381642,31.47053310513396,24.577844673764353,24.610035147591695,2.9415913,4.057111,4.6757984,5.63282,6.066007,2.2706644547136428,2.5843570832428884,5.653735343365461,5.8259225344512675,6.590167114369928,-12.232448,-25.043165,-29.687195,-34.346916,-37.505688,-7.571243459459335,-24.048001461138753,-25.8167977617685,-18.751922139313088,-18.01986803322177
2012-07-15 15:00:00,-7.845793,-18.931253,-15.844156,-15.2108345,-5.7119384,-10.696891,-24.147022,-26.313326,-41.826195,-22.955902,-9.517244,-21.469112,-19.183613,-25.808441,-12.724194,2.1374629,3.254761,2.752207,2.2365017,1.7245874,2.884801,4.025888,4.4551873,5.7306066,5.8208385,4.528315,5.3125467,4.5954523,6.193548,6.370209,281.54425,286.3882,285.49136,288.15765,284.65405,281.54425,286.3882,285.49136,288.15765,284.65405,281.54425,286.3882,285.49136,288.15765,284.65405,14.557328,26.86862,29.205114,42.69398,24.326845,9.32422971781231,23.648033582533007,25.513043835168993,26.181511014704494,13.875058785502292,2.8875058,4.028887,4.4581733,5.7333245,5.8236914,2.228833471457624,2.5659114791627853,5.34116281987442,5.927338356099993,6.366426351481154,-11.669823,-22.839733,-24.74694,-36.960655,-18.503155,-7.095396246354686,-21.08212210337022,-20.171881015294574,-20.254172658604503,-7.508632434021138
2012-07-15 16:00:00,-9.05198,-9.131398,-16.713398,-7.733856,-7.7131596,-12.086449,-12.679263,-27.667717,-21.105005,-31.765625,-11.190222,-9.534656,-20.318155,-11.787756,-17.345346,2.0825877,3.1923308,2.8344939,2.1644273,1.7602491,2.8297265,3.9648,4.573792,5.5378118,5.9552116,4.4076123,5.206009,4.7101336,5.974097,6.4943967,281.20264,286.0403,286.01328,287.48865,285.01553,281.20264,286.0403,286.01328,287.48865,285.01553,281.20264,286.0403,286.01328,287.48865,285.01553,16.508902,14.82833,30.219404,22.83627,32.90824,10.975506147100877,10.847031181031076,26.618950785327353,14.394392839095287,18.6785573878552,2.8324313,3.9677985,4.5767784,5.5405297,5.9580655,2.186237635328463,2.5259874452700224,5.511513849088689,5.732795335257909,6.490499822287219,-13.67647,-10.860531,-25.642626,-17.29574,-26.950176,-8.789268511772413,-8.321043735761053,-21.107436936238663,-8.661597503837378,-12.18805756556798
2012-07-15 17:00:00,-7.501413,-15.441746,-5.3291106,-8.709483,-7.916224,-10.178905,-20.252161,-9.388491,-23.888487,-32.689774,-9.135103,-17.017588,-5.9736295,-13.621763,-17.820562,1.9946222,3.1887438,2.3874748,1.9416087,1.7596681,2.7414424,3.96129,3.9294753,4.941786,5.953023,4.2141256,5.1998873,4.0871305,5.2956605,6.4923735,280.65503,286.02032,283.178,285.4204,285.00964,280.65503,286.02032,283.178,285.4204,285.00964,280.65503,286.02032,283.178,285.4204,285.00964,14.32024,23.087877,11.72666,26.354527,33.794006,9.119752979239873,19.058104923963533,8.758436213926673,16.371776367383116,19.176609512493748,2.744147,3.9642887,3.9324615,4.944504,5.955876,2.117956441519131,2.523693564375307,4.586088008825507,5.1313643705416565,6.488478194607559,-11.576093,-19.123589,-7.7941985,-21.410023,-27.83813,-7.001796537720742,-16.534411359588226,-4.172348205101167,-11.240411996841459,-12.688131317886189
2012-07-15 18:00:00,-4.596506,-5.381833,-6.772816,-1.355715,-4.639208,-6.4303384,-7.7393827,-11.853822,-3.6881871,-18.418398,-5.4445395,-5.451642,-7.656204,-1.9031241,-10.285482,1.7565806,3.157627,2.5794783,1.6588768,1.6759918,2.5025375,3.930842,4.206222,4.1854954,5.637728,3.6905355,5.146787,4.354723,4.4348,6.2009797,279.17316,285.84692,284.3958,282.79605,284.16147,279.17316,285.84692,284.3958,282.79605,284.16147,279.17316,285.84692,284.3958,282.79605,284.16147,9.772807,9.268121,14.201668,4.4988136,19.792313,5.67795161573517,6.282715829779632,10.841528685277718,2.880512403109079,11.339747818574814,2.5052423,3.933841,4.2092085,4.188214,5.640582,1.9331816862252413,2.5037945853771775,4.983577063953295,4.3682165246646845,6.197353333981731,-7.2675653,-5.3342795,-9.992459,-0.31059986,-14.1517315,-3.7447699295099284,-3.7789212444024547,-5.857951621324423,1.4877041215556055,-5.142394484593083
2012-07-15 19:00:00,-0.08079113,0.0,0.0,0.0,0.0,-0.12353952,0.0,0.0,0.0,0.0,-0.08925624,0.0,0.0,0.0,0.0,1.7163334,2.7768915,2.1387813,1.6216493,1.5135465,2.4621444,3.5582898,3.5710182,4.0859146,5.0256314,3.6020086,4.4970555,3.7405312,4.32145,5.635282,278.9226,283.72522,281.60065,282.4505,282.51486,278.9226,283.72522,281.60065,282.4505,282.51486,278.9226,283.72522,281.60065,282.4505,282.51486,0.198931,0.0,0.0,0.0,0.0,0.0958304844056403,0.0,0.0,0.0,0.0,2.4648492,3.5612884,3.5740044,4.0886326,5.028485,1.9019406808098032,2.260314012363107,4.07123982457817,4.2677325074675805,5.632177463081604,2.265918,3.5612884,3.5740044,4.0886326,5.028485,1.8061101964041628,2.260314012363107,4.07123982457817,4.2677325074675805,5.632177463081604
2012-07-15 20:00:00,0.0,0.0,0.0,0.0,0.0,0.0,0.0,0.0,0.0,0.0,0.0,0.0,0.0,0.0,0.0,1.4174505,2.9906595,2.1157677,1.4698169,1.3492948,2.1621776,3.7674627,3.537847,3.679772,4.4067283,2.9445925,4.861854,3.7084575,3.859152,5.063294,277.06198,284.91647,281.45468,281.04117,280.84995,277.06198,284.91647,281.45468,281.04117,280.84995,277.06198,284.91647,281.45468,281.04117,280.84995,0.0,0.0,0.0,0.0,0.0,0.0,0.0,0.0,0.0,0.0,2.1648822,3.770462,3.5408337,3.6824903,4.4095817,1.6699391145279718,2.397018807363456,4.023596918910303,3.8579071609887796,5.060716739291345,2.1648822,3.770462,3.5408337,3.6824903,4.4095817,1.6699391145279718,2.397018807363456,4.023596918910303,3.8579071609887796,5.060716739291345
2012-07-15 21:00:00,0.0,0.0,0.0,0.0,0.0,0.0,0.0,0.0,0.0,0.0,0.0,0.0,0.0,0.0,0.0,1.4468342,2.8265123,2.1098447,1.5093293,1.5591464,2.1916678,3.6068442,3.5293105,3.7854655,5.1974535,3.009225,4.5817347,3.7002034,3.9794593,5.7940793,277.2449,284.00174,281.4171,281.40793,282.97708,277.2449,284.00174,281.4171,281.40793,282.97708,277.2449,284.00174,281.4171,281.40793,282.97708,0.0,0.0,0.0,0.0,0.0,0.0,0.0,0.0,0.0,0.0,2.1943727,3.6098428,3.5322964,3.7881835,5.200307,1.692747712147964,2.292046615091381,4.011335071350792,3.964558836222799,5.790828099538223,2.1943727,3.6098428,3.5322964,3.7881835,5.200307,1.692747712147964,2.292046615091381,4.011335071350792,3.964558836222799,5.790828099538223
2012-07-15 22:00:00,0.0,0.0,0.0,0.0,0.0,0.0,0.0,0.0,0.0,0.0,0.0,0.0,0.0,0.0,0.0,1.3974248,2.5031083,2.1300626,1.4480091,1.4212444,2.1420794,3.2903907,3.5584517,3.6214375,4.6778364,2.9005454,4.0298405,3.728381,3.792752,5.3138504,276.93732,282.19952,281.54535,280.83875,281.57925,276.93732,282.19952,281.54535,280.83875,281.57925,276.93732,282.19952,281.54535,280.83875,281.57925,0.0,0.0,0.0,0.0,0.0,0.0,0.0,0.0,0.0,0.0,2.144784,3.2933898,3.561438,3.6241558,4.6806893,1.6543947165837496,2.0852296132021637,4.0531907037188395,3.7990437426307135,5.3110424299053856,2.144784,3.2933898,3.561438,3.6241558,4.6806893,1.6543947165837496,2.0852296132021637,4.0531907037188395,3.7990437426307135,5.3110424299053856
2012-07-15 23:00:00,0.0,0.0,0.0,0.0,0.0,0.0,0.0,0.0,0.0,0.0,0.0,0.0,0.0,0.0,0.0,1.4176317,2.7025394,1.9489235,1.53813,1.2551532,2.1623597,3.4855354,3.297364,3.862506,4.052001,2.9449916,4.3701725,3.4759297,4.067152,4.7354565,277.0631,283.31088,280.39645,281.67526,279.8957,277.0631,283.31088,280.39645,281.67526,279.8957,277.0631,283.31088,280.39645,281.67526,279.8957,0.0,0.0,0.0,0.0,0.0,0.0,0.0,0.0,0.0,0.0,2.1650643,3.4885345,3.3003504,3.8652241,4.0548544,1.670079908340441,2.212765888840122,3.6781933234808784,4.042297950472259,4.733181630922006,2.1650643,3.4885345,3.3003504,3.8652241,4.0548544,1.670079908340441,2.212765888840122,3.6781933234808784,4.042297950472259,4.733181630922006
2012-08-30 00:00:00,0.0,0.0,0.0,0.0,0.0,0.0,0.0,0.0,0.0,0.0,0.0,0.0,0.0,0.0,0.0,2.5679164,3.4510486,2.3345573,2.2296305,1.6944172,3.3168154,4.2179565,3.8532026,5.7122254,5.7071557,5.47513,5.6475153,4.013381,6.172626,6.2651443,284.22394,287.48206,282.84238,288.09387,284.34824,284.22394,287.48206,282.84238,288.09387,284.34824,284.22394,287.48206,282.84238,288.09387,284.34824,0.0,0.0,0.0,0.0,0.0,0.0,0.0,0.0,0.0,0.0,3.3195202,4.220956,3.8561888,5.714944,5.7100096,2.5629638251139917,2.69143754467316,4.476538212351495,5.908791010348694,6.261458833461098,3.3195202,4.220956,3.8561888,5.714944,5.7100096,2.5629638251139917,2.69143754467316,4.476538212351495,5.908791010348694,6.261458833461098
2012-08-30 01:00:00,0.0,0.0,0.0,0.0,0.0,0.0,0.0,0.0,0.0,0.0,0.0,0.0,0.0,0.0,0.0,2.2597241,3.0606196,2.3133626,1.9722571,1.6925565,3.0075054,3.8359194,3.8226533,5.0237684,5.7001452,4.797238,4.981242,3.9838426,5.3889785,6.2586646,282.30536,285.30634,282.70795,285.7049,284.32938,282.30536,285.30634,282.70795,285.7049,284.32938,282.30536,285.30634,282.70795,285.7049,284.32938,0.0,0.0,0.0,0.0,0.0,0.0,0.0,0.0,0.0,0.0,3.0102103,3.8389184,3.8256395,5.026487,5.7029986,2.3237361115381385,2.441758240081003,4.432660520637728,5.214090857189311,6.25498543498426,3.0102103,3.8389184,3.8256395,5.026487,5.7029986,2.3237361115381385,2.441758240081003,4.432660520637728,5.214090857189311,6.25498543498426
2012-08-30 02:00:00,0.0,0.0,0.0,0.0,0.0,0.0,0.0,0.0,0.0,0.0,0.0,0.0,0.0,0.0,0.0,2.2490127,3.000802,2.652325,1.9347897,1.7049515,2.9967551,3.7773874,4.31122,4.923546,5.74685,4.7736773,4.879162,4.456248,5.274898,6.30183,282.23868,284.973,284.85785,285.35712,284.45502,282.23868,284.973,284.85785,285.35712,284.45502,282.23868,284.973,284.85785,285.35712,284.45502,0.0,0.0,0.0,0.0,0.0,0.0,0.0,0.0,0.0,0.0,2.9994602,3.7803862,4.3142066,4.926264,5.7497034,2.3154216661261127,2.4035047118169115,5.134384839786767,5.112959014040129,6.298110000565397,2.9994602,3.7803862,4.3142066,4.926264,5.7497034,2.3154216661261127,2.4035047118169115,5.134384839786767,5.112959014040129,6.298110000565397
2012-08-30 03:00:00,0.0,0.0,0.0,0.0,0.0,0.0,0.0,0.0,0.0,0.0,0.0,0.0,0.0,0.0,0.0,2.155562,2.957829,2.5089896,2.1549783,1.6099068,2.9029658,3.735338,4.1046224,5.5125356,5.3887196,4.568125,4.8058286,4.256484,5.945326,5.970847,281.65692,284.73352,283.94873,287.40094,283.4916,281.65692,284.73352,283.94873,287.40094,283.4916,281.65692,284.73352,283.94873,287.40094,283.4916,0.0,0.0,0.0,0.0,0.0,0.0,0.0,0.0,0.0,0.0,2.9056704,3.7383373,4.107609,5.515254,5.391573,2.2428824107991345,2.376023668487394,4.837650121023284,5.707290516267847,5.967432465750991,2.9056704,3.7383373,4.107609,5.515254,5.391573,2.2428824107991345,2.376023668487394,4.837650121023284,5.707290516267847,5.967432465750991
2012-08-30 04:00:00,0.0,0.0,0.0,0.0,0.0,0.0,0.0,0.0,0.0,0.0,0.0,0.0,0.0,0.0,0.0,2.2685974,3.312043,2.582635,2.1551754,1.590753,3.0164106,4.081939,4.210772,5.513064,5.3165464,4.8167543,5.4103003,4.3591223,5.9459267,5.904145,282.3606,286.70743,284.41583,287.40277,283.29745,282.3606,286.70743,284.41583,287.40277,283.29745,282.3606,286.70743,284.41583,287.40277,283.29745,0.0,0.0,0.0,0.0,0.0,0.0,0.0,0.0,0.0,0.0,3.0191154,4.084938,4.213758,5.515782,5.3194003,2.3306235926345993,2.602543531313512,4.990111403513847,5.707822975954487,5.900792075605937,3.0191154,4.084938,4.213758,5.515782,5.3194003,2.3306235926345993,2.602543531313512,4.990111403513847,5.707822975954487,5.900792075605937
2012-08-30 05:00:00,-0.85796666,-2.503116,-1.95038,-1.8516793,-0.78290135,-1.2934786,-3.6943648,-3.4957657,-4.9047227,-2.7850168,-0.9592807,-2.4813335,-2.1239219,-2.5722196,-1.6096063,2.1488607,3.2605329,2.297956,1.8702805,1.8023417,2.8962398,4.0315356,3.8004467,4.750987,6.1138177,4.553385,5.3223968,3.9623704,5.0784802,6.6409802,281.6152,286.42038,282.61023,284.75833,285.4422,281.6152,286.42038,282.61023,284.75833,285.4422,281.6152,286.42038,282.61023,284.75833,285.4422,1.8129423,4.3683105,4.505967,5.789124,3.0608077,0.9476316404250374,2.8214536272801922,3.1645922719830732,3.784219267055607,1.7959738624727302,2.8989449,4.034535,3.803433,4.753705,6.116671,2.2376806502141275,2.5696027012437472,4.400765771746132,4.938835822180694,6.63694736938216,1.0860025,-0.3337755,-0.7025342,-1.0354189,3.0558636,1.2900490097890902,-0.251850926036445,1.2361734997630585,1.154616555125087,4.84097350690943
2012-08-30 06:00:00,-6.2781425,-11.888295,-9.6139,-7.926778,-3.7105718,-8.60739,-15.990483,-16.32717,-21.04261,-13.9500265,-7.5832276,-12.776467,-11.144389,-12.10973,-7.8088584,2.2947454,3.421668,2.775837,1.9606054,1.9165344,3.042654,4.189208,4.4892454,4.9926004,6.5440984,4.87427,5.597377,4.6283836,5.3535004,7.038644,282.52338,287.31833,285.64124,285.59674,286.5997,282.52338,287.31833,285.64124,285.59674,286.5997,282.52338,287.31833,285.64124,285.59674,286.5997,11.0990925,17.548336,18.376999,23.314672,14.446522,7.1497925765937715,13.926965258691663,14.910882103337116,14.806256884054289,8.348318023456775,3.0453587,4.192207,4.492232,4.995319,6.546952,2.3509207330591972,2.672648733985908,5.390080718627273,5.182640238365101,7.034244344831987,-8.053734,-13.356129,-13.884767,-18.319353,-7.8995705,-4.798871843534574,-11.254316524705754,-9.520801384709843,-9.623616645689188,-1.314073678624788
2012-08-30 07:00:00,-10.760214,-16.930534,-13.619887,-12.108928,-5.1170096,-14.123474,-21.822618,-22.56145,-31.95799,-19.75601,-13.533283,-18.979666,-16.313547,-19.340553,-10.8903675,2.823675,3.5979948,2.9080572,2.3754725,1.9639258,3.5735009,4.3617444,4.679823,6.1023445,6.7226696,6.0376906,5.8982806,4.8126574,6.616686,7.203679,285.8161,288.30093,286.47986,289.4476,287.08008,285.8161,288.30093,286.47986,289.4476,287.08008,285.8161,288.30093,286.47986,289.4476,287.08008,15.893573,22.783693,24.330809,32.708294,19.898027,11.721551766903353,20.019120088373462,21.019765596471782,20.765395156338368,11.425920536033395,3.576206,4.3647437,4.68281,6.1050625,6.7255235,2.7614907111717537,2.7854096149753076,5.663805796560153,6.302447331009856,7.199127460404655,-12.317367,-18.418951,-19.647999,-26.603231,-13.172504,-8.9600610557316,-17.233710473398155,-15.355959799911629,-14.462947825328513,-4.22679307562874
2012-08-30 08:00:00,-12.513021,-19.789005,-16.043465,-13.999316,-5.868883,-16.18481,-24.969631,-26.22725,-36.867615,-22.957006,-15.96345,-22.688377,-19.554768,-22.909584,-12.558561,3.0571527,3.771375,3.0602746,2.497465,2.0145478,3.8078258,4.5313983,4.8992233,6.428667,6.9134145,6.5512424,6.194157,5.0248,6.9881277,7.379964,287.26956,289.26712,287.4453,290.57996,287.5932,287.26956,289.26712,287.4453,290.57996,287.5932,287.26956,289.26712,287.4453,290.57996,287.5932,17.264652,25.082834,27.327888,36.753586,22.751049,13.352206350260378,23.3085966600239,24.386979960149837,23.284521801307335,13.006119967364121,3.8105304,4.534397,4.90221,6.4313855,6.916268,2.9427227897248676,2.8962863617336283,5.978928306221166,6.631729275556226,7.375249987895846,-13.454122,-20.548437,-22.425678,-30.322203,-15.834781,-10.40948356053551,-20.41231029829027,-18.408051653928673,-16.65279252575111,-5.630869979468275
2012-08-30 09:00:00,-14.529848,-21.56449,-17.667908,-15.054138,-6.3513346,-18.452847,-26.901705,-28.643997,-39.504765,-24.99884,-18.879133,-25.032866,-21.735992,-24.936466,-13.622146,3.2813506,3.9847164,3.2419772,2.6338615,2.0950356,4.032836,4.7401533,5.1611233,6.7935195,7.216695,7.0443816,6.5582266,5.278035,7.403426,7.660255,288.66525,290.456,288.59778,291.846,288.40906,288.66525,290.456,288.59778,291.846,288.40906,288.66525,290.456,288.59778,291.846,288.40906,18.706297,25.966013,28.876242,38.524677,24.459229,15.255907862162278,25.026033708786972,26.244474083000718,24.454414400716313,13.91379441974634,4.035541,4.743153,5.164109,6.7962375,7.219548,3.116751552413008,3.0327179922915533,6.355091109825872,6.999889651555436,7.6552820831705874,-14.670756,-21.22286,-23.712133,-31.728441,-17.23968,-12.13915630974927,-21.99331571649542,-19.889382973174847,-17.45452474916088,-6.258512336575753
2012-08-30 10:00:00,-15.389023,-20.849218,-18.600777,-15.545031,-6.5988293,-19.426172,-26.188627,-30.005255,-40.625782,-26.055645,-20.116713,-24.0203,-22.987526,-25.883228,-14.169333,3.4695659,4.065941,3.3885407,2.7667696,2.137878,4.2217345,4.8196335,5.3723745,7.14904,7.378125,7.4583764,6.696838,5.482299,7.808104,7.809448,289.83694,290.90863,289.52737,293.07968,288.84332,289.83694,290.90863,289.52737,293.07968,288.84332,289.83694,290.90863,289.52737,293.07968,288.84332,18.972939,25.019733,29.52635,38.910988,25.32341,15.85430545623418,23.861159946007025,27.09629855537729,24.792837805562154,14.369099842838315,4.224439,4.822632,5.3753605,7.151758,7.3809786,3.2628498668978225,3.0846612616509783,6.658509581402054,7.358634365429225,7.804337844214935,-14.7485,-20.197102,-24.15099,-31.75923,-17.94243,-12.591455589336357,-20.776498684356046,-20.437788973975238,-17.43420344013293,-6.56476199862338
2012-08-30 11:00:00,-15.25402,-22.771305,-19.029516,-15.67806,-6.7420654,-19.300875,-28.173615,-30.61796,-40.874454,-26.627104,-19.89025,-26.677773,-23.551731,-26.14353,-14.472614,3.5179117,4.120442,3.4914932,2.8397944,2.205143,4.2702556,4.8729625,5.5207653,7.3443766,7.631581,7.564717,6.7898445,5.625781,8.030449,8.043692,290.1379,291.21234,290.18036,293.7575,289.52515,290.1379,291.21234,290.18036,293.7575,289.52515,290.1379,291.21234,290.18036,293.7575,289.52515,18.705694,26.518625,29.660423,38.794872,25.717825,15.59971857542297,26.208395921016322,27.328939324002697,24.77939328614819,14.54578962154876,4.27296,4.875961,5.5237517,7.3470945,7.6344347,3.3003771257780965,3.1195142428177123,6.871642605147682,7.5557420670952915,8.038364816333894,-14.432734,-21.642664,-24.136671,-31.447777,-18.083391,-12.299341449644874,-23.08888167819861,-20.457296718855016,-17.223651219052897,-6.507424805214866
2012-08-30 12:00:00,-15.740953,-11.464322,-19.076843,-15.54596,-6.762085,-19.810448,-15.591857,-30.675934,-40.450233,-26.656702,-20.640434,-12.192537,-23.582582,-25.867037,-14.497989,3.5289955,3.9342737,3.5682948,2.893602,2.2690692,4.2813797,4.690796,5.6314645,7.488309,7.8724566,7.589097,6.472146,5.7328186,8.194283,8.266307,290.2069,290.1749,290.66748,294.25696,290.17313,290.2069,290.1749,290.66748,294.25696,290.17313,290.2069,290.1749,290.66748,294.25696,290.17313,19.118006,15.755935,29.409897,38.189957,25.6422,16.133738669079996,12.588732770381021,27.083678989728313,24.45682011309209,14.464048961362824,4.2840843,4.6937947,5.634451,7.491027,7.8753095,3.30898076929141,3.000460073327848,7.030638227198798,7.700979320954499,8.260775285360923,-14.833921,-11.0621395,-23.775446,-30.69893,-17.766891,-12.824757899788587,-9.588272697053174,-20.053040762529513,-16.75584079213759,-6.203273676001901
2012-08-30 13:00:00,-13.842869,-9.017773,-18.523617,-15.166946,-5.9186807,-17.68618,-12.535994,-29.866127,-39.408226,-22.958155,-17.877737,-9.401466,-22.75848,-25.088163,-12.600979,3.19615,3.8799214,3.6317441,2.926391,2.2578785,3.947327,4.637612,5.7229185,7.5760174,7.8302894,6.856977,6.379393,5.821247,8.294117,8.227336,288.13486,289.872,291.06992,294.5613,290.0597,288.13486,289.872,291.06992,294.5613,290.0597,288.13486,289.872,291.06992,294.5613,290.0597,18.267483,12.914069,28.465857,37.15619,22.423704,14.631282773907726,9.822219619856844,25.992161307288963,23.85949889380926,12.681813670172573,3.9500318,4.6406107,5.7259045,7.578735,7.8331428,3.050616512934286,2.965701649083492,7.161992397602761,7.789482995202201,8.221840621706543,-14.317451,-8.2734585,-22.739952,-29.577456,-14.590561,-11.580666260973441,-6.856517970773352,-18.8301689096862,-16.07001589860706,-4.459973048466031
2012-08-30 14:00:00,-8.168086,-20.493217,-17.799154,-14.47373,-6.2649283,-11.155121,-25.818676,-28.826336,-37.593925,-24.46853,-9.900063,-23.533386,-21.752518,-23.68259,-13.378569,2.9899042,4.0715103,3.5674047,2.922883,2.2544012,3.740333,4.825083,5.6301813,7.5666323,7.8171864,6.403323,6.7063427,5.731578,8.283436,8.215227,286.85092,290.93967,290.66183,294.52875,290.02444,286.85092,290.93967,290.66183,294.52875,290.02444,286.85092,290.93967,290.66183,294.52875,290.02444,12.361243,24.674955,27.801134,35.61636,23.762068,8.504758071555163,23.38734481226994,25.14379011733484,22.92952026946906,13.428639377186101,3.743038,4.8280816,5.6331677,7.569351,7.8200397,2.8905225324424095,3.0882229057272013,7.028795463755653,7.780014087108116,8.209742279893035,-8.618205,-19.846872,-22.167965,-28.04701,-15.942028,-5.614235539112753,-20.29912190654274,-18.11499465357919,-15.149506182360943,-5.218897097293066
2012-08-30 15:00:00,-7.7160378,-19.178568,-13.911787,-13.2450905,-5.0111227,-10.553497,-24.452682,-23.057568,-34.398243,-19.11268,-9.340707,-21.74348,-16.475246,-21.26446,-10.592117,2.8080466,4.1959705,3.4494357,2.9045763,2.2384806,3.5578163,4.946868,5.4601455,7.517665,7.757197,6.003315,6.9187365,5.5671663,8.227697,8.159785,285.7188,291.63324,289.9136,294.35883,289.86307,285.7188,291.63324,289.9136,294.35883,289.86307,285.7188,291.63324,289.9136,294.35883,289.86307,12.143238,23.02834,23.014118,32.913273,18.979868,8.216987285267711,21.409279776307045,19.70416737189407,21.277041221008588,10.768300904430903,3.5605211,4.9498672,5.463132,7.520383,7.760051,2.7493596118703634,3.167815319611482,6.784574522680021,7.730601828187912,8.15435177642132,-8.582717,-18.078474,-17.550985,-25.392889,-11.219818,-5.467627673397348,-18.241464456695564,-12.919592849214048,-13.546439392820677,-2.6139491280095832
2012-08-30 16:00:00,-5.567519,-4.727558,-12.907827,-10.071497,-2.3279347,-7.8114157,-6.8446255,-21.52978,-26.1879,-8.46411,-6.5924354,-4.7597857,-15.196286,-15.427971,-4.8227262,2.6000261,3.9083815,3.3188508,2.8222146,2.1585314,3.3490412,4.66546,5.2719254,7.2973514,7.455948,5.545758,6.4279604,5.385173,7.9769216,7.8813715,284.42383,290.0306,289.08536,293.59433,289.05267,284.42383,290.0306,289.08536,293.59433,289.05267,284.42383,290.0306,289.08536,293.59433,289.05267,9.509857,7.160231,21.989723,25.812157,8.829255,6.005841623568803,5.007681231315757,18.579820651550648,16.845916476820776,5.063605596669289,3.3517463,4.6684594,5.274912,7.30007,7.4588013,2.5878881351591945,2.9839021055870605,6.514236145129134,7.508291034687545,7.8761946622588015,-6.158111,-2.4917717,-16.714811,-18.512087,-1.370454,-3.4179534884096086,-2.023779125728696,-12.065584506421514,-9.33762544213323,2.8125890655895125
2012-08-30 17:00:00,-0.67283267,-0.6812916,-3.4932585,-5.233073,-0.7622397,-1.019782,-1.026125,-6.2074804,-13.712128,-2.7067907,-0.7494898,-0.6646972,-3.827441,-7.5256977,-1.5654376,2.3751957,3.6176438,3.130903,2.517386,1.8994819,3.1233957,4.3809714,5.0010247,6.481953,6.4798436,5.0512266,5.9318123,5.1232333,7.0487814,6.97926,283.0242,288.41043,287.89328,290.76486,286.42685,283.0242,288.41043,287.89328,290.76486,286.42685,283.0242,288.41043,287.89328,290.76486,286.42685,1.3589917,1.1508691,6.8699565,14.458668,2.952413,0.7185827763125934,0.7286729223095139,4.999084972177346,9.511138748231607,1.7229540335915012,3.1261008,4.3839703,5.004011,6.4846716,6.4826975,2.4133684967464992,2.7979751793268197,6.125144114771993,6.685498829578767,6.974915333549121,1.7671089,3.2331011,-1.8659455,-7.9739957,3.5302842,1.6947857204339059,2.0693022570173056,1.1260591425946478,-2.82563991865284,5.251961299957619
2012-08-30 18:00:00,0.0,0.0,0.0,0.0,0.0,0.0,0.0,0.0,0.0,0.0,0.0,0.0,0.0,0.0,0.0,2.2535377,3.2759373,2.9221647,2.2603843,1.813433,3.0012963,4.0466094,4.7001576,5.7944903,6.1556106,4.78363,5.348686,4.832319,6.2662644,6.6796045,282.26685,286.50623,286.56934,288.37933,285.55463,282.26685,286.50623,286.56934,288.37933,285.55463,282.26685,286.50623,286.56934,288.37933,285.55463,0.0,0.0,0.0,0.0,0.0,0.0,0.0,0.0,0.0,0.0,3.0040014,4.0496087,4.7031436,5.7972083,6.158464,2.31893390096149,2.579454131712198,5.693011106913108,5.991801475495892,6.6755363661275835,3.0040014,4.0496087,4.7031436,5.7972083,6.158464,2.31893390096149,2.579454131712198,5.693011106913108,5.991801475495892,6.6755363661275835
2012-08-30 19:00:00,0.0,0.0,0.0,0.0,0.0,0.0,0.0,0.0,0.0,0.0,0.0,0.0,0.0,0.0,0.0,2.1007013,3.2166076,2.7566385,2.011148,1.7127613,2.847906,3.9885542,4.4615746,5.127799,5.7762775,4.447455,5.2474375,4.6016283,5.507393,6.329026,281.3154,286.1756,285.51947,286.0659,284.53418,281.3154,286.1756,285.51947,286.0659,284.53418,281.3154,286.1756,285.51947,286.0659,284.53418,0.0,0.0,0.0,0.0,0.0,0.0,0.0,0.0,0.0,0.0,2.8506107,3.9915533,4.4645605,5.130518,5.779131,2.2002979903844975,2.5415122910811294,5.350336793556231,5.3190652844104145,6.32528151456041,2.8506107,3.9915533,4.4645605,5.130518,5.779131,2.2002979903844975,2.5415122910811294,5.350336793556231,5.3190652844104145,6.32528151456041
2012-08-30 20:00:00,0.0,0.0,0.0,0.0,0.0,0.0,0.0,0.0,0.0,0.0,0.0,0.0,0.0,0.0,0.0,2.0344968,3.1618824,2.6551876,1.8883467,1.7584847,2.7814615,3.935006,4.3153467,4.7993135,5.948564,4.301833,5.154049,4.4602375,5.1334887,6.488253,280.90326,285.87064,284.876,284.92603,284.99765,280.90326,285.87064,284.876,284.92603,284.99765,280.90326,285.87064,284.876,284.92603,284.99765,0.0,0.0,0.0,0.0,0.0,0.0,0.0,0.0,0.0,0.0,2.7841663,3.9380047,4.318333,4.8020315,5.951418,2.148908248833281,2.506515723476711,5.140311565455256,4.98760025514882,6.484361615964521,2.7841663,3.9380047,4.318333,4.8020315,5.951418,2.148908248833281,2.506515723476711,5.140311565455256,4.98760025514882,6.484361615964521
2012-08-30 21:00:00,0.0,0.0,0.0,0.0,0.0,0.0,0.0,0.0,0.0,0.0,0.0,0.0,0.0,0.0,0.0,1.946659,3.0438294,2.6208239,1.8665257,1.6776836,2.693305,3.81949,4.265816,4.740944,5.6441035,4.1086273,4.952589,4.4123454,5.067048,6.2068725,280.35645,285.21277,284.65805,284.72348,284.17862,280.35645,285.21277,284.65805,284.72348,284.17862,280.35645,285.21277,284.65805,284.72348,284.17862,0.0,0.0,0.0,0.0,0.0,0.0,0.0,0.0,0.0,0.0,2.6960099,3.822489,4.268802,4.743662,5.6469574,2.080725991216495,2.431020776228792,5.069170935666441,4.928701339478311,6.203240146188823,2.6960099,3.822489,4.268802,4.743662,5.6469574,2.080725991216495,2.431020776228792,5.069170935666441,4.928701339478311,6.203240146188823
2012-08-30 22:00:00,0.0,0.0,0.0,0.0,0.0,0.0,0.0,0.0,0.0,0.0,0.0,0.0,0.0,0.0,0.0,1.8767732,3.0646882,2.5686524,1.8134611,1.6686275,2.6231658,3.839901,4.190618,4.598999,5.60998,3.9549077,4.988186,4.339635,4.9054775,6.1753354,279.9214,285.329,284.32715,284.23093,284.08682,279.9214,285.329,284.32715,284.23093,284.08682,279.9214,285.329,284.32715,284.23093,284.08682,0.0,0.0,0.0,0.0,0.0,0.0,0.0,0.0,0.0,0.0,2.6258705,3.8428998,4.1936045,4.6017175,5.6128335,2.0264785157959726,2.444360306500505,4.961165076131279,4.7854696837721145,6.171732083699617,2.6258705,3.8428998,4.1936045,4.6017175,5.6128335,2.0264785157959726,2.444360306500505,4.961165076131279,4.7854696837721145,6.171732083699617
2012-08-30 23:00:00,0.0,0.0,0.0,0.0,0.0,0.0,0.0,0.0,0.0,0.0,0.0,0.0,0.0,0.0,0.0,1.8285255,3.161713,2.5257816,1.7978804,1.6486605,2.574743,3.9348392,4.128826,4.5573215,5.5347443,3.8487833,5.153759,4.2798867,4.8580375,6.1058025,279.62103,285.8697,284.05524,284.0863,283.88443,279.62103,285.8697,284.05524,284.0863,283.88443,279.62103,285.8697,284.05524,284.0863,283.88443,0.0,0.0,0.0,0.0,0.0,0.0,0.0,0.0,0.0,0.0,2.5774481,3.9378386,4.131812,4.56004,5.5375977,1.9890273616791958,2.506407158121388,4.872413604356099,4.743414242855655,6.102263509754002,2.5774481,3.9378386,4.131812,4.56004,5.5375977,1.9890273616791958,2.506407158121388,4.872413604356099,4.743414242855655,6.102263509754002
2012-09-19 00:00:00,0.0,0.0,0.0,0.0,0.0,0.0,0.0,0.0,0.0,0.0,0.0,0.0,0.0,0.0,0.0,2.2682881,2.89995,2.2188258,2.048596,1.408741,3.016101,3.678703,3.6863914,5.2279696,4.6307225,4.8160753,4.7070565,3.852088,5.6214137,5.2703085,282.35867,284.41098,282.10834,286.41348,281.4525,282.35867,284.41098,282.10834,286.41348,281.4525,282.35867,284.41098,282.10834,286.41348,281.4525,0.0,0.0,0.0,0.0,0.0,0.0,0.0,0.0,0.0,0.0,3.0188055,3.681702,3.6893775,5.230688,4.633576,2.330383862629585,2.339009886538919,4.236949082092412,5.420143881590933,5.2675407731508415,3.0188055,3.681702,3.6893775,5.230688,4.633576,2.330383862629585,2.339009886538919,4.236949082092412,5.420143881590933,5.2675407731508415
2012-09-19 01:00:00,0.0,0.0,0.0,0.0,0.0,0.0,0.0,0.0,0.0,0.0,0.0,0.0,0.0,0.0,0.0,2.0463064,2.59229,2.2012637,2.0100796,1.3905112,2.7933137,3.377656,3.6610785,5.124941,4.5620327,4.327809,4.18203,3.8276124,5.50414,5.206826,280.97678,282.6965,281.99695,286.05597,281.26773,280.97678,282.6965,281.99695,286.05597,281.26773,280.97678,282.6965,281.99695,286.05597,281.26773,0.0,0.0,0.0,0.0,0.0,0.0,0.0,0.0,0.0,0.0,2.7960186,3.3806548,3.6640644,5.1276593,4.564886,2.1580750675964713,2.1422614458287983,4.200591857403366,5.316181127774446,5.204116132734572,2.7960186,3.3806548,3.6640644,5.1276593,4.564886,2.1580750675964713,2.1422614458287983,4.200591857403366,5.316181127774446,5.204116132734572
2012-09-19 02:00:00,0.0,0.0,0.0,0.0,0.0,0.0,0.0,0.0,0.0,0.0,0.0,0.0,0.0,0.0,0.0,2.1435122,2.680322,2.2084184,2.003412,1.4900209,2.8908722,3.4637957,3.6713905,5.107106,4.936987,4.5416207,4.3322587,3.8375835,5.4838386,5.553357,281.5819,283.18707,282.04233,285.99408,282.2764,281.5819,283.18707,282.04233,285.99408,282.2764,281.5819,283.18707,282.04233,285.99408,282.2764,0.0,0.0,0.0,0.0,0.0,0.0,0.0,0.0,0.0,0.0,2.893577,3.4667945,3.674377,5.109824,4.9398403,2.233529135365377,2.198557835725829,4.215403691132849,5.2981839903660095,5.550327728942425,2.893577,3.4667945,3.674377,5.109824,4.9398403,2.233529135365377,2.198557835725829,4.215403691132849,5.2981839903660095,5.550327728942425
2012-09-19 03:00:00,0.0,0.0,0.0,0.0,0.0,0.0,0.0,0.0,0.0,0.0,0.0,0.0,0.0,0.0,0.0,2.0651407,2.5644157,2.0252535,1.8602362,1.3664618,2.8122165,3.3503807,3.4073834,4.7241197,4.4714136,4.3692365,4.1344624,3.5823097,5.0478983,5.123076,281.09402,282.54117,280.88058,284.6651,281.02396,281.09402,282.54117,280.88058,284.6651,281.02396,281.09402,282.54117,280.88058,284.6651,281.02396,0.0,0.0,0.0,0.0,0.0,0.0,0.0,0.0,0.0,0.0,2.8149211,3.3533795,3.4103696,4.7268376,4.474267,2.172694792664207,2.124435714906504,3.836212778951301,4.911724749802602,5.1204437912572525,2.8149211,3.3533795,3.4103696,4.7268376,4.474267,2.172694792664207,2.124435714906504,3.836212778951301,4.911724749802602,5.1204437912572525
2012-09-19 04:00:00,0.0,0.0,0.0,0.0,0.0,0.0,0.0,0.0,0.0,0.0,0.0,0.0,0.0,0.0,0.0,1.9546448,2.7176318,2.0738883,1.7080421,1.3232913,2.70132,3.500304,3.477484,4.31701,4.308747,4.1261926,4.395929,3.6500912,4.584498,4.97274,280.40616,283.395,281.18906,283.2524,280.58636,280.40616,283.395,281.18906,283.2524,280.58636,280.40616,283.395,281.18906,283.2524,280.58636,0.0,0.0,0.0,0.0,0.0,0.0,0.0,0.0,0.0,0.0,2.7040246,3.5033028,3.4804702,4.319728,4.3116,2.0869247242033095,2.222417699139109,3.9368973891312713,4.500923227231627,4.9702462819378646,2.7040246,3.5033028,3.4804702,4.319728,4.3116,2.0869247242033095,2.222417699139109,3.9368973891312713,4.500923227231627,4.9702462819378646
2012-09-19 05:00:00,0.0,0.0,0.0,0.0,0.0,0.0,0.0,0.0,0.0,0.0,0.0,0.0,0.0,0.0,0.0,1.8332808,2.567926,2.0748458,1.7024693,1.4395283,2.5795155,3.3538153,3.478864,4.302103,4.7467303,3.859243,4.140453,3.6514251,4.56753,5.377523,279.65063,282.56073,281.19513,283.20068,281.7646,279.65063,282.56073,281.19513,283.20068,281.7646,279.65063,282.56073,281.19513,283.20068,281.7646,0.0,0.0,0.0,0.0,0.0,0.0,0.0,0.0,0.0,0.0,2.5822203,3.3568144,3.4818501,4.304821,4.7495837,1.9927184427087907,2.1266805662859127,3.938879604943085,4.485881241084043,5.37465561590836,2.5822203,3.3568144,3.4818501,4.304821,4.7495837,1.9927184427087907,2.1266805662859127,3.938879604943085,4.485881241084043,5.37465561590836
2012-09-19 06:00:00,-1.2616898,-3.164155,-3.1968997,-2.7113295,-0.7628186,-1.8583312,-4.573254,-5.5319953,-7.2524347,-2.818195,-1.432719,-3.1911373,-3.4970317,-3.8525734,-1.6064305,1.8167601,2.6083796,2.1317804,1.6381145,1.479375,2.562935,3.3933992,3.5609276,4.129958,4.8968725,3.822905,4.2094874,3.7307744,4.371584,5.5162835,279.5478,282.78616,281.55624,282.60333,282.1685,279.5478,282.78616,281.55624,282.60333,282.1685,279.5478,282.78616,281.55624,282.60333,282.1685,2.8036144,6.0808463,7.280176,8.5368395,3.1551492,1.473651701036852,3.912123322882588,5.268932590141588,5.516849096180156,1.8881173584189712,2.56564,3.3963983,3.5639138,4.132676,4.8997264,1.9798947900595794,2.1525506398267753,4.056746739119933,4.312175142645811,5.513288995909901,-0.23797427,-2.6844478,-3.716262,-4.4041634,1.7445773,0.5062430890227274,-1.7595726830558127,-1.2121858510216557,-1.2046739535343454,3.62517163749093
2012-09-19 07:00:00,-2.7646158,-8.282845,-4.116475,-6.349682,-1.7818247,-3.904264,-11.173429,-7.055398,-17.045954,-6.796898,-3.247075,-8.879631,-4.5526037,-9.588261,-3.8064106,1.8518059,2.719538,2.153625,1.6934049,1.4778004,2.5981083,3.502169,3.5924132,4.2778563,4.8909397,3.899991,4.399181,3.7612185,4.5399313,5.510801,279.76596,283.4056,281.6948,283.11655,282.15253,279.76596,283.4056,281.6948,283.11655,282.15253,279.76596,283.4056,281.6948,283.11655,282.15253,5.7107863,14.043694,9.163199,19.240387,7.388269,3.2856565417509893,10.544303154740174,6.798762137145465,12.191257985268035,4.397505465632237,2.6008132,3.5051677,3.5953994,4.2805743,4.893793,2.0070984377715115,2.2236364328053093,4.101969150103022,4.461414718482929,5.507810699140667,-3.1099732,-10.538526,-5.5678,-14.959811,-2.4944756,-1.2785581039794778,-8.320666721934865,-2.6967929870424427,-7.729843266785106,1.1103052335084298
2012-09-19 08:00:00,-5.0695906,-9.313786,-4.1680837,-5.3441305,-2.9800081,-6.827524,-12.453004,-7.154646,-14.337513,-11.78198,-6.2088795,-10.069838,-4.6087055,-7.920766,-6.471396,2.02056,2.8374813,2.2070618,1.7180994,1.5325559,2.767474,3.6175773,3.669435,4.343912,5.0972595,4.2711782,4.600453,3.8356922,4.615121,5.7014813,280.8165,284.06287,282.03372,283.34576,282.70755,280.8165,284.06287,282.03372,283.34576,282.70755,280.8165,284.06287,282.03372,283.34576,282.70755,9.344983,15.221811,9.195488,16.273579,12.330884,6.045418333364936,11.75376726003425,6.821348405185303,10.374395835088075,7.266050134216318,2.7701788,3.6205761,3.6724212,4.3466306,5.1001134,2.1380899567022107,2.2990613378885034,4.21259472199249,4.528069796922163,5.69831506499545,-6.574805,-11.601235,-5.523067,-11.926949,-7.2307706,-3.9073283766627256,-9.454705922145747,-2.6087536831928126,-5.846326038165912,-1.567735069220868
2012-09-19 09:00:00,-4.4430213,-3.3909974,-5.0846686,-5.708225,-1.9465435,-6.0283327,-4.8950257,-8.660528,-15.318125,-7.456089,-5.403288,-3.4234788,-5.677864,-8.515547,-4.167013,1.9199958,2.7235575,2.2602868,1.712083,1.5118,2.6665454,3.506102,3.7461514,4.3278184,5.019052,4.0499797,4.4060407,3.9098713,4.5968013,5.6292014,280.19046,283.428,282.3713,283.28992,282.49716,280.19046,283.428,282.3713,283.28992,282.49716,280.19046,283.428,282.3713,283.28992,282.49716,8.495159,6.351549,10.931888,17.345083,8.049205,5.350165431144877,4.135258603803331,8.289562600541903,11.03401266743394,4.7744688734915375,2.66925,3.509101,3.7491379,4.3305364,5.0219054,2.0600293007835386,2.226206980250685,4.322782015008993,4.5118297764796385,5.626102105287808,-5.825909,-2.8424482,-7.1827497,-13.014545,-3.0272996,-3.290136130361338,-1.9090516235526462,-3.9667805855329092,-6.522182890954301,0.8516332317962707
2012-09-19 10:00:00,-4.599132,-4.3214808,-4.96131,-5.4448586,-1.3973829,-6.186954,-6.1596603,-8.431167,-14.603985,-5.2674937,-5.6354322,-4.4096255,-5.542539,-8.096613,-2.9688466,1.868758,2.749017,2.171182,1.6868031,1.4586886,2.6151218,3.5310142,3.6177197,4.2601967,4.818926,3.937278,4.4494877,3.785688,4.51983,5.444246,279.8715,283.5699,281.80615,283.05527,281.9588,279.8715,283.5699,281.80615,283.05527,281.9588,279.8715,283.5699,281.80615,283.05527,281.9588,8.8006,7.900713,10.827378,16.634207,5.7989345,5.606691351676338,5.293264780335972,8.213126153112608,10.590697200181971,3.46392494489873,2.6178265,3.534013,3.6207058,4.262915,4.8217793,2.020256951380109,2.2424882814408127,4.138316413908592,4.443595067636706,5.44131695556305,-6.1827736,-4.3667,-7.2066727,-12.371292,-0.97715545,-3.586434400296229,-3.050776498895159,-4.0748097392040155,-6.147102132545265,1.9773920106643197
2012-09-19 11:00:00,-4.5797215,-5.927044,-6.8544197,-6.866681,-2.0243378,-6.1557503,-8.263752,-11.464508,-18.447622,-7.7779155,-5.6155186,-6.165011,-7.820183,-10.444845,-4.33899,1.8545953,2.7540772,2.2544694,1.7199175,1.4939468,2.600908,3.5359654,3.7377667,4.348776,4.95178,3.9061263,4.4581227,3.9017637,4.620657,5.5670285,279.78333,283.59808,282.3344,283.36264,282.3162,279.78333,283.59808,282.3344,283.36264,282.3162,279.78333,283.59808,282.3344,283.36264,282.3162,8.785562,10.47494,14.2648,20.654325,8.386382,5.596967630220612,7.354635747840032,11.310916665193277,13.06040580715181,4.97912182911661,2.6036124,3.5389645,3.7407532,4.351494,4.954633,2.009263618292996,2.245724229451068,4.310739306885964,4.532977300367364,5.56398680922365,-6.1819487,-6.935976,-10.524047,-16.302832,-3.4317493,-3.587704011927616,-5.108911518388964,-7.0001773583073135,-8.527428506784446,0.5848649801070396
2012-09-19 12:00:00,-5.398283,-9.511631,-9.370782,-5.2467775,-2.705054,-7.0577183,-12.635733,-15.2991905,-14.070314,-10.610953,-6.7916126,-10.348121,-11.036064,-7.775529,-5.8530064,1.8013917,2.7413282,2.2573228,1.6864316,1.5165782,2.547511,3.5234907,3.7418792,4.259203,5.0370555,3.7891011,4.4363666,3.9057403,4.5186987,5.64584,279.45212,283.52704,282.3525,283.05182,282.5456,279.45212,283.52704,282.3525,283.05182,282.5456,279.45212,283.52704,282.3525,283.05182,282.5456,10.087915,15.701577,18.635427,16.056019,11.202079,6.760764663605713,12.200662098694135,15.710492209371207,10.233714135438753,6.617121526254063,2.550216,3.5264895,3.7448657,4.261921,5.039909,1.967965368381455,2.2375713214771773,4.3166461107875005,4.4425922685602,5.642725541182213,-7.5376997,-12.175088,-14.890561,-11.794098,-6.16217,-4.792799295224258,-9.963090777216959,-11.393846098583706,-5.7911218668785525,-0.9743959850718493
2012-09-19 13:00:00,-5.1278906,-9.794194,-8.038469,-5.52658,-3.1116257,-6.7088614,-12.990871,-13.250515,-14.804735,-12.384559,-6.4448776,-10.671744,-9.330252,-8.262765,-6.776151,1.7478008,2.7906098,2.1991801,1.6141303,1.4950366,2.4937258,3.571713,3.6580749,4.0658016,4.9558864,3.6712236,4.520466,3.8247085,4.2985563,5.570824,279.1185,283.80167,281.98373,282.3807,282.32724,279.1185,283.80167,281.98373,282.3807,282.32724,279.1185,283.80167,281.98373,282.3807,282.32724,9.732485,15.971491,16.475887,17.023884,12.925317,6.468054989925563,12.49953794321593,13.510203030178943,10.818287597740895,7.631398961978315,2.4964306,3.5747118,3.6610613,4.0685196,4.9587398,1.9263665046541025,2.269086793494806,4.196278794858062,4.24743691907848,5.567778670467364,-7.2360544,-12.396779,-12.814826,-12.955364,-7.9665766,-4.541688485271461,-10.230451149721125,-9.31392423532088,-6.570850678662414,-2.0636202915109507
2012-09-19 14:00:00,-4.0217643,-11.335216,-9.8799925,-5.225528,-1.4767153,-5.374367,-14.740831,-16.030178,-13.997654,-5.583875,-4.9514866,-12.596317,-11.731001,-7.7659388,-3.1408749,1.6581049,2.7869186,2.2318218,1.6235956,1.4305626,2.4037046,3.5681012,3.705123,4.0911207,4.7129464,3.4739306,4.5141673,3.8702002,4.327377,5.3463,278.56012,283.7811,282.19077,282.46857,281.6737,278.56012,283.7811,282.19077,282.46857,281.6737,278.56012,283.7811,282.19077,282.46857,281.6737,8.070444,17.979013,19.526266,16.120466,6.1446204,5.070802279132491,14.672483248902692,16.70652055404731,10.26369962494375,3.677248391126969,2.4064095,3.5711,3.7081094,4.093839,4.7158003,1.8567420617690515,2.266726372543603,4.2638534283623075,4.272986109709096,5.343461796063662,-5.6640344,-14.407913,-15.818157,-12.026628,-1.4288201,-3.214060217363439,-12.405756876359089,-12.442667125685002,-5.9907135152346545,1.6662134049366926
2012-09-19 15:00:00,-2.6650152,-7.628834,-4.1289,-5.4994583,-1.3783123,-3.6644464,-10.398669,-7.0667953,-14.735981,-5.191521,-3.1939898,-8.099405,-4.5691433,-8.212197,-2.9275649,1.521044,2.7645533,2.1242988,1.6268243,1.4687984,2.266147,3.5462167,3.5501432,4.099757,4.85702,3.1724546,4.4760003,3.7203472,4.337208,5.4794526,277.70688,283.65646,281.5088,282.49854,282.06128,277.70688,283.65646,281.5088,282.49854,282.06128,277.70688,283.65646,281.5088,282.49854,282.06128,5.802451,13.0131035,9.227687,16.918772,5.7143207,3.3675952630532904,9.591613504406642,6.855482061151614,10.755528996631432,3.4109621386661306,2.2688515,3.5492156,3.5531297,4.1024756,4.859874,1.7503514076386948,2.2524237625069325,4.0412575653140514,4.281700699913774,5.476491182238166,-3.5335996,-9.463888,-5.6745567,-12.816297,-0.85444695,-1.6172438554145956,-7.339189741899709,-2.8142244958375624,-6.473828296717658,2.0655290435720355
2012-09-19 16:00:00,-1.7853478,-5.746116,-2.3070002,-2.8941596,-1.1525307,-2.5012662,-8.014486,-3.994731,-7.7195115,-4.3097906,-2.1018038,-5.9748125,-2.4959574,-4.1339803,-2.4402618,1.3899981,2.6802893,1.9097912,1.5383799,1.4771712,2.1346257,3.4637635,3.2409608,3.8631742,4.888569,2.884209,4.332202,3.4213922,4.0679126,5.5086102,276.89108,283.1869,280.14825,281.67758,282.14615,276.89108,283.1869,280.14825,281.67758,282.14615,276.89108,283.1869,280.14825,281.67758,282.14615,4.1598587,10.315294,5.5529804,9.2211485,4.7721405,2.271581621233419,7.194600127837181,3.92442481469207,5.951677946572532,2.850152230104218,2.1373303,3.4667625,3.243947,3.8658924,4.8914223,1.6486297807488668,2.198536823076412,3.5971814581669004,4.0429723994086695,5.505621475383937,-2.0225284,-6.848532,-2.3090336,-5.355256,0.119281605,-0.622951840484552,-4.996063304760769,-0.32724335652516956,-1.908705547163862,2.6554692452797193
2012-09-19 17:00:00,-0.26037765,-0.41416794,-0.12027181,-0.18998908,-0.03441297,-0.39113224,-0.6242203,-0.21209002,-0.5028938,-0.12407738,-0.28990918,-0.4039567,-0.1249225,-0.25723898,-0.071606025,1.3122684,2.576529,1.6618774,1.4137375,1.3881297,2.0566142,3.3622339,2.8836272,3.529763,4.5530596,2.713237,4.155134,3.075879,3.6884017,5.1985326,276.4072,282.60867,278.57584,280.52063,281.2436,276.4072,282.60867,278.57584,280.52063,281.2436,276.4072,282.60867,278.57584,280.52063,281.2436,0.69137836,0.85411495,0.32237038,0.6344641,0.14328611,0.32248842465475624,0.5019675284592838,0.20829636329288442,0.4186166312913724,0.08682103891134982,2.059319,3.3652327,2.8866134,3.5324812,4.5559125,1.5882939242486007,2.132182378324994,3.083946937042748,3.7065377464051013,5.195830601674412,1.3679407,2.5111177,2.564243,2.8980172,4.4126263,1.2658054995938444,1.6302148498657099,2.8756505737498634,3.287921115113729,5.109009562763061
2012-09-19 18:00:00,0.0,0.0,0.0,0.0,0.0,0.0,0.0,0.0,0.0,0.0,0.0,0.0,0.0,0.0,0.0,1.2322545,2.4490788,1.6401727,1.3497574,1.2432007,1.9763101,3.2375226,2.8523428,3.3586204,4.0069637,2.5372405,3.9376383,3.0456295,3.493596,4.6938334,275.9091,281.89844,278.43817,279.92676,279.77454,275.9091,281.89844,278.43817,279.92676,279.77454,275.9091,281.89844,278.43817,279.92676,279.77454,0.0,0.0,0.0,0.0,0.0,0.0,0.0,0.0,0.0,0.0,1.9790149,3.2405217,2.855329,3.3613386,4.009817,1.5261848267588594,2.0506778133437438,3.039013391680476,3.533843321371484,4.691596854298952,1.9790149,3.2405217,2.855329,3.3613386,4.009817,1.5261848267588594,2.0506778133437438,3.039013391680476,3.533843321371484,4.691596854298952
2012-09-19 19:00:00,0.0,0.0,0.0,0.0,0.0,0.0,0.0,0.0,0.0,0.0,0.0,0.0,0.0,0.0,0.0,1.1452255,2.2463672,1.7086358,1.3273546,1.2348189,1.8889655,3.0391676,2.9510229,3.2986944,3.975381,2.3458135,3.5917082,3.1410456,3.425384,4.6646447,275.3673,280.7688,278.8724,279.7188,279.68958,275.3673,280.7688,278.8724,279.7188,279.68958,275.3673,280.7688,278.8724,279.7188,279.68958,0.0,0.0,0.0,0.0,0.0,0.0,0.0,0.0,0.0,0.0,1.8916702,3.042167,2.9540093,3.3014123,3.9782345,1.4586304334409215,1.9210437748722973,3.1807468026669015,3.473373649625386,4.66243513688873,1.8916702,3.042167,2.9540093,3.3014123,3.9782345,1.4586304334409215,1.9210437748722973,3.1807468026669015,3.473373649625386,4.66243513688873
2012-09-19 20:00:00,0.0,0.0,0.0,0.0,0.0,0.0,0.0,0.0,0.0,0.0,0.0,0.0,0.0,0.0,0.0,1.1327397,2.1234622,1.5311244,1.3105737,1.1447871,1.8764344,2.9189048,2.6951647,3.2538066,3.6361387,2.3183496,3.381969,2.893651,3.37429,4.351118,275.28958,280.0839,277.74652,279.56305,278.77698,275.28958,280.0839,277.74652,279.56305,278.77698,275.28958,280.0839,277.74652,279.56305,278.77698,0.0,0.0,0.0,0.0,0.0,0.0,0.0,0.0,0.0,0.0,1.8791391,2.9219036,2.6981509,3.2565248,3.6389923,1.4489384918096035,1.842445959727099,2.8132599285701847,3.4280790789485316,4.349198068844447,1.8791391,2.9219036,2.6981509,3.2565248,3.6389923,1.4489384918096035,1.842445959727099,2.8132599285701847,3.4280790789485316,4.349198068844447
2012-09-19 21:00:00,0.0,0.0,0.0,0.0,0.0,0.0,0.0,0.0,0.0,0.0,0.0,0.0,0.0,0.0,0.0,1.1207243,2.2147524,1.0774697,1.256286,1.1113772,1.8643754,3.008233,2.041284,3.1085906,3.5102503,2.2919211,3.537757,2.2614007,3.2089956,4.2347727,275.21478,280.59262,274.86917,279.05914,278.43832,275.21478,280.59262,274.86917,279.05914,278.43832,275.21478,280.59262,274.86917,279.05914,278.43832,0.0,0.0,0.0,0.0,0.0,0.0,0.0,0.0,0.0,0.0,1.8670802,3.0112317,2.0442705,3.1113088,3.513104,1.4396118530430704,1.9008261040246732,1.8740980299929757,3.281546173185167,4.232959714641416,1.8670802,3.0112317,2.0442705,3.1113088,3.513104,1.4396118530430704,1.9008261040246732,1.8740980299929757,3.281546173185167,4.232959714641416
2012-09-19 22:00:00,0.0,0.0,0.0,0.0,0.0,0.0,0.0,0.0,0.0,0.0,0.0,0.0,0.0,0.0,0.0,1.0084342,2.1141798,1.3432533,1.2651631,0.9512232,1.7516781,2.909822,2.424375,3.1323361,2.9067867,2.0449305,3.3661282,2.6318188,3.2360241,3.677054,274.51575,280.03217,276.55493,279.14154,276.81494,274.51575,280.03217,276.55493,279.14154,276.81494,274.51575,280.03217,276.55493,279.14154,276.81494,0.0,0.0,0.0,0.0,0.0,0.0,0.0,0.0,0.0,0.0,1.7543828,2.9128206,2.427361,3.135054,2.90964,1.3524490674101808,1.8365098862667277,2.4243272723486675,3.305506859083973,3.675755132156944,1.7543828,2.9128206,2.427361,3.135054,2.90964,1.3524490674101808,1.8365098862667277,2.4243272723486675,3.305506859083973,3.675755132156944
2012-09-19 23:00:00,0.0,0.0,0.0,0.0,0.0,0.0,0.0,0.0,0.0,0.0,0.0,0.0,0.0,0.0,0.0,1.0804427,1.9784052,1.0429807,1.2299346,1.078931,1.8239477,2.7769656,1.9915731,3.0381021,3.3879921,2.203319,3.134427,2.213334,3.1287606,4.1217823,274.96402,279.27554,274.65042,278.81454,278.10944,274.96402,279.27554,274.65042,278.81454,278.10944,274.96402,279.27554,274.65042,278.81454,278.10944,0.0,0.0,0.0,0.0,0.0,0.0,0.0,0.0,0.0,0.0,1.8266526,2.7799644,1.9945593,3.0408204,3.3908455,1.4083442109604083,1.749682116766442,1.8026984172337726,3.2104184333781562,4.120073281979791,1.8266526,2.7799644,1.9945593,3.0408204,3.3908455,1.4083442109604083,1.749682116766442,1.8026984172337726,3.2104184333781562,4.120073281979791
2012-10-15 00:00:00,0.0,0.0,0.0,0.0,0.0,0.0,0.0,0.0,0.0,0.0,0.0,0.0,0.0,0.0,0.0,1.3860371,1.7818601,1.2724038,1.4274573,0.9634948,2.1306503,2.5846446,2.3222547,3.5664628,2.9530263,2.8754966,2.7990193,2.533077,3.730176,3.7197888,276.86642,278.18027,276.10556,280.64798,276.93933,276.86642,278.18027,276.10556,280.64798,276.93933,276.86642,278.18027,276.10556,280.64798,276.93933,0.0,0.0,0.0,0.0,0.0,0.0,0.0,0.0,0.0,0.0,2.133355,2.5876436,2.325241,3.569181,2.9558797,1.645555148303596,1.6239914521689651,2.277653263157922,3.7435703176109216,3.7184502327905884,2.133355,2.5876436,2.325241,3.569181,2.9558797,1.645555148303596,1.6239914521689651,2.277653263157922,3.7435703176109216,3.7184502327905884
2012-10-15 01:00:00,0.0,0.0,0.0,0.0,0.0,0.0,0.0,0.0,0.0,0.0,0.0,0.0,0.0,0.0,0.0,1.1500738,1.8394655,1.2045804,1.3881619,0.9868307,1.8938314,2.6410117,2.2244968,3.4613502,3.0409565,2.3564775,2.8973238,2.4385529,3.61053,3.8010533,275.3975,278.50128,275.67538,280.28323,277.17587,275.3975,278.50128,275.67538,280.28323,277.17587,275.3975,278.50128,275.67538,280.28323,277.17587,0.0,0.0,0.0,0.0,0.0,0.0,0.0,0.0,0.0,0.0,1.8965361,2.644011,2.227483,3.4640682,3.04381,1.4623938139958386,1.660830128705629,2.137244649673865,3.6375043480322073,3.799640057376304,1.8965361,2.644011,2.227483,3.4640682,3.04381,1.4623938139958386,1.660830128705629,2.137244649673865,3.6375043480322073,3.799640057376304
2012-10-15 02:00:00,0.0,0.0,0.0,0.0,0.0,0.0,0.0,0.0,0.0,0.0,0.0,0.0,0.0,0.0,0.0,1.0614614,1.8632382,0.9915936,1.322058,1.0087124,1.8048978,2.6642737,1.9175057,3.284526,3.1234071,2.161568,2.9378924,2.141717,3.409257,3.877254,274.84586,278.63376,274.3245,279.66965,277.39767,274.84586,278.63376,274.3245,279.66965,277.39767,274.84586,278.63376,274.3245,279.66965,277.39767,0.0,0.0,0.0,0.0,0.0,0.0,0.0,0.0,0.0,0.0,1.8076024,2.6672728,1.9204919,3.2872443,3.1262608,1.393610328747427,1.6760327805590045,1.6963161817052728,3.459077107039099,3.8757705753854617,1.8076024,2.6672728,1.9204919,3.2872443,3.1262608,1.393610328747427,1.6760327805590045,1.6963161817052728,3.459077107039099,3.8757705753854617
2012-10-15 03:00:00,0.0,0.0,0.0,0.0,0.0,0.0,0.0,0.0,0.0,0.0,0.0,0.0,0.0,0.0,0.0,0.9153657,1.8561628,1.1435416,1.587621,0.9876706,1.658272,2.6573508,2.1365175,3.9948905,3.0441217,1.8402194,2.9258184,2.353484,4.217841,3.8039782,273.93637,278.59433,275.28824,282.13464,277.1844,273.93637,278.59433,275.28824,282.13464,277.1844,273.93637,278.59433,275.28824,282.13464,277.1844,0.0,0.0,0.0,0.0,0.0,0.0,0.0,0.0,0.0,0.0,1.6609769,2.6603494,2.139504,3.997609,3.046975,1.2802066206608398,1.6715080567178247,2.0108808818916044,4.175883211522157,3.802562513970216,1.6609769,2.6603494,2.139504,3.997609,3.046975,1.2802066206608398,1.6715080567178247,2.0108808818916044,4.175883211522157,3.802562513970216
2012-10-15 04:00:00,0.0,0.0,0.0,0.0,0.0,0.0,0.0,0.0,0.0,0.0,0.0,0.0,0.0,0.0,0.0,0.9189296,1.8624442,1.1785117,1.215909,0.8241807,1.6618489,2.6634967,2.1869223,3.0005846,2.428088,1.8480585,2.9365375,2.4022212,3.0860558,3.2346425,273.95856,278.62933,275.51004,278.68436,275.5272,273.95856,278.62933,275.51004,278.68436,275.5272,273.95856,278.62933,275.51004,278.68436,275.5272,0.0,0.0,0.0,0.0,0.0,0.0,0.0,0.0,0.0,0.0,1.6645536,2.6664958,2.1899085,3.0033026,2.4309416,1.2829730288139487,1.6755249748647543,2.0832765829984523,3.172560549658042,3.23375190314863,1.6645536,2.6664958,2.1899085,3.0033026,2.4309416,1.2829730288139487,1.6755249748647543,2.0832765829984523,3.172560549658042,3.23375190314863
2012-10-15 05:00:00,0.0,0.0,0.0,0.0,0.0,0.0,0.0,0.0,0.0,0.0,0.0,0.0,0.0,0.0,0.0,0.9679566,1.7428578,1.1696151,1.4881002,0.8811492,1.7110538,2.546481,2.1740992,3.7286787,2.6427462,1.955897,2.7324615,2.3898222,3.914821,3.4330287,274.26376,277.96292,275.4536,281.21088,276.10464,274.26376,277.96292,275.4536,281.21088,276.10464,274.26376,277.96292,275.4536,281.21088,276.10464,0.0,0.0,0.0,0.0,0.0,0.0,0.0,0.0,0.0,0.0,1.7137585,2.5494797,2.1770854,3.731397,2.6455998,1.3210292158005257,1.5990494373106976,2.0648589094504937,3.90725729961221,3.4319552137938256,1.7137585,2.5494797,2.1770854,3.731397,2.6455998,1.3210292158005257,1.5990494373106976,2.0648589094504937,3.90725729961221,3.4319552137938256
2012-10-15 06:00:00,-0.016029464,-0.17780669,-0.053807918,-0.35477304,-0.019676533,-0.024163498,-0.26791817,-0.080957234,-0.85350066,-0.059435107,-0.017675817,-0.17337297,-0.048346568,-0.45555818,-0.03492242,0.92760646,1.6909368,1.0918177,1.3195691,0.8950947,1.6705573,2.4956756,2.061965,3.2778687,2.6952934,1.8671441,2.6438572,2.2813973,3.401679,3.4815927,274.01257,277.67358,274.96017,279.64655,276.246,274.01257,277.67358,274.96017,279.64655,276.246,274.01257,277.67358,274.96017,279.64655,276.246,0.04860153,0.44667584,0.15586478,1.1089215,0.076264635,0.020714387000214454,0.24058348081444209,0.08878994985982523,0.7888335748388063,0.0525034171634123,1.6732621,2.4986746,2.064951,3.280587,2.6981468,1.289708300383416,1.5658459491232168,1.9038013845197532,3.452359240659322,3.480474278105661,1.6246605,2.0519986,1.9090862,2.1716654,2.6218822,1.2689939133832016,1.3252624683087748,1.815011434659928,2.663525665820516,3.4279708609422483
2012-10-15 07:00:00,-0.062305357,-0.51103175,-0.13639414,-1.4985826,-0.098200396,-0.091276176,-0.7609894,-0.20078868,-3.567397,-0.31077048,-0.0701351,-0.50287896,-0.12474238,-1.9969709,-0.18126735,0.8607599,1.6989266,0.93914795,1.2837291,0.9288658,1.6034683,2.503494,1.8419126,3.181999,2.8225431,1.7201097,2.6574924,2.0686243,3.2925537,3.5991964,273.59644,277.7181,273.99185,279.31387,276.58832,273.59644,277.7181,273.99185,279.31387,276.58832,273.59644,277.7181,273.99185,279.31387,276.58832,0.1851618,1.2581129,0.4028855,4.56443,0.38900134,0.0826468752394383,0.6952480129853501,0.2392785941636555,3.216353096349034,0.2615039691074748,1.606173,2.5064929,1.8448988,3.1847172,2.8253968,1.2378200726312951,1.570955525039843,1.5877425518119537,3.3556201899249207,3.5979696028867174,1.4210113,1.24838,1.4420133,-1.3797129,2.4363954,1.1551731973918569,0.8757075120544929,1.3484639576482982,0.13926709357588685,3.3364656337792424
2012-10-15 08:00:00,-0.03819798,-1.4783894,-0.37992036,-1.9320512,-0.2780224,-0.054102454,-2.121184,-0.53654647,-4.5701475,-0.9098515,-0.04411744,-1.4991602,-0.36013108,-2.6144276,-0.5260894,0.8102769,1.6398592,0.9490598,1.258627,0.95026875,1.5528022,2.4456956,1.856199,3.1148522,2.9031906,1.6090686,2.5566926,2.0824382,3.2161229,3.6737304,273.28217,277.38895,274.05472,279.08087,276.80527,273.28217,277.38895,274.05472,279.08087,276.80527,273.28217,277.38895,274.05472,279.08087,276.80527,0.109881476,3.493826,1.0504506,5.8269687,1.1078233,0.052041605236050024,2.072488077004453,0.6799403780420902,4.09616762976688,0.7336848696004324,1.5555071,2.4486947,1.8591852,3.1175706,2.9060438,1.1986337299067908,1.5331817856041123,1.6082619717734437,3.2878646947999632,3.67243463487999,1.4456255,-1.0451311,0.8087347,-2.7093983,1.7982206,1.146592124670741,-0.5393062914003406,0.9283215937313535,-0.8083029349669166,2.9387497652795576
2012-10-15 09:00:00,0.0,-1.7120129,-0.48079067,-1.8618563,-0.1778181,0.0,-2.4314504,-0.6667584,-4.3834634,-0.5327743,0.0,-1.7510363,-0.46337733,-2.5127618,-0.31273735,0.7575927,1.6169351,0.94767404,1.2329495,0.8799599,1.4999272,2.4232645,1.8542017,3.046167,2.6382651,1.4931859,2.5175724,2.0805068,3.1379406,3.4288876,272.9542,277.2612,274.04593,278.84253,276.0926,272.9542,277.2612,274.04593,278.84253,276.0926,272.9542,277.2612,274.04593,278.84253,276.0926,0.0,4.0088334,1.2945476,5.631922,0.6700739,0.0,2.4226922705387666,0.8701113846155045,3.974065060037084,0.46385362132981284,1.5026319,2.4262636,1.8571879,3.0488849,2.6411188,1.1577388352417834,1.5185219605273488,1.6053932373322257,3.218556192255639,3.4278176856411537,1.5026319,-1.5825698,0.5626403,-2.5830367,1.9710448,1.1577388352417834,-0.9041703100114178,0.7352818527167212,-0.7555088677814452,2.963964064311341
2012-10-15 10:00:00,0.0,-2.1646085,-0.59859675,-1.4452125,-0.3601312,0.0,-2.986474,-0.82593375,-3.1910787,-1.189328,0.0,-2.2702043,-0.5796522,-1.8958085,-0.6854186,0.68282413,1.5077264,0.9728142,1.0508432,0.95247865,1.4248874,2.3164032,1.8904378,2.559044,2.9115171,1.3287268,2.3312058,2.1155443,2.5834646,3.681426,272.48874,276.65262,274.20538,277.1522,276.82767,272.48874,276.65262,274.20538,277.1522,276.82767,272.48874,276.65262,274.20538,277.1522,276.82767,0.0,5.000779,1.5855768,4.3740406,1.4334989,0.0,3.1678869062265074,1.0776015613728447,3.235721787952716,0.9464342647245423,1.4275922,2.319402,1.893424,2.5617619,2.9143705,1.0997013425991207,1.4486829180809047,1.6574388534966835,2.7270160325337995,3.680123104915587,1.4275922,-2.6813774,0.3078473,-1.8122786,1.4808717,1.0997013425991207,-1.7192039881456027,0.5798372921238388,-0.5087057554189163,2.7336888401910446
2012-10-15 11:00:00,0.0,-2.5279658,-0.5238448,-0.8545031,-0.4033203,0.0,-3.4969766,-0.72475547,-1.3491611,-1.3247415,0.0,-2.6461477,-0.5059807,-0.9620562,-0.7631842,0.7048547,1.6491361,0.9562771,0.85851204,0.9381266,1.4469979,2.4547734,1.8666017,2.0445697,2.8574388,1.3771846,2.5725236,2.0924966,1.997856,3.6314468,272.6259,277.44064,274.1005,275.36694,276.6822,272.6259,277.44064,274.1005,275.36694,276.6822,272.6259,277.44064,274.1005,275.36694,276.6822,0.0,5.6440907,1.4012902,2.2430263,1.5907375,0.0,3.619843678839228,0.9466576891899855,2.0652807647375035,1.0549104349612939,1.4497026,2.4577723,1.8695879,2.047288,2.860292,1.1168020829568526,1.5391143569562473,1.6232032969881205,2.20787671238778,3.630189948703472,1.4497026,-3.1863184,0.46829775,-0.1957384,1.2695545,1.1168020829568526,-2.0807293218829805,0.676545607798135,0.1425959476502765,2.575279513742178
2012-10-15 12:00:00,0.0,-2.4067538,-0.5684844,-0.41473016,-0.4312058,0.0,-3.334042,-0.78503996,-0.57103664,-1.4335079,0.0,-2.5158863,-0.5500627,-0.4349194,-0.82390356,0.6528619,1.6215352,0.9657798,0.74705005,0.95231,1.3948165,2.427766,1.8802986,1.7464161,2.910882,1.2628223,2.5254228,2.1057405,1.6584775,3.6808388,272.30222,277.28683,274.16077,274.33234,276.82596,272.30222,277.28683,274.16077,274.33234,276.82596,272.30222,277.28683,274.16077,274.33234,276.82596,0.0,5.424224,1.5114093,1.0801053,1.7132279,0.0,3.4566759690743734,1.0252566200266988,1.0801052784246465,1.1290313006780308,1.3975213,2.430765,1.8832848,1.7491341,2.9137354,1.0764437268744975,1.5214637314457629,1.642876041854112,1.9070192407798832,3.6795365186458415,1.3975213,-2.9934592,0.37187552,0.66902876,1.2005074,1.0764437268744975,-1.9352122376286105,0.6176194218274131,0.8269139623552366,2.5505052179678107
2012-10-15 13:00:00,0.0,-1.9267641,-0.4179492,-0.27301165,-0.40159884,0.0,-2.7099168,-0.5827237,-0.37935895,-1.3332855,0.0,-1.9872063,-0.40082338,-0.28397587,-0.7670309,0.61102146,1.5965358,0.93744475,0.7121011,0.95475477,1.3528243,2.4033039,1.8394575,1.6529295,2.9200933,1.1707913,2.482761,2.0662506,1.5520651,3.689352,272.04175,277.14752,273.98105,274.00793,276.85074,272.04175,277.14752,273.98105,274.00793,276.85074,272.04175,277.14752,273.98105,274.00793,276.85074,0.0,4.4708824,1.1384381,0.73379445,1.5987141,0.0,2.7508990879847075,0.7565545802813131,0.7337944564572796,1.0534612325903236,1.3555291,2.4063027,1.8424437,1.6556476,2.922947,1.0439660190522364,1.5054766073474768,1.5842163990612903,1.8126851329634728,3.688042019557156,1.3555291,-2.0645795,0.70400566,0.92185324,1.3242328,1.0439660190522364,-1.2454224806372307,0.8276618187799772,1.0788906765061932,2.6345807869668327
2012-10-15 14:00:00,0.0,-1.2795011,-0.1198811,-0.2063814,-0.45720077,0.0,-1.8344454,-0.16961075,-0.29200464,-1.5362964,0.0,-1.2978694,-0.113452405,-0.21132141,-0.8812106,0.58065224,1.5195113,0.85197765,0.7088922,0.96751404,1.322345,2.3279347,1.7162685,1.6443461,2.9681711,1.103992,2.3513172,1.9471365,1.542295,3.7337852,271.8527,276.7183,273.43896,273.97815,276.98007,271.8527,276.7183,273.43896,273.97815,276.98007,271.8527,276.7183,273.43896,273.97815,276.98007,0.0,3.1197171,0.34421277,0.5707438,1.8283554,0.0,1.825509469111425,0.2214624206921486,0.5707437952637079,1.1978427807419751,1.3250498,2.3309338,1.7192547,1.6470642,2.9710245,1.0203925685591015,1.4562194550052225,1.4072812258690863,1.8040237887274597,3.732434030471137,1.3250498,-0.7887834,1.375042,1.0763204,1.142669,1.0203925685591015,-0.36929001410620255,1.1858188051769378,1.2332799934637517,2.534591249729162
2012-10-15 15:00:00,0.0,-0.50900334,0.0,-0.092613645,-0.13403803,0.0,-0.7525248,0.0,-0.13432054,-0.39612007,0.0,-0.5034157,0.0,-0.09288872,-0.23310879,0.48784348,1.452065,0.79069805,0.68308324,0.8752722,1.2291998,2.2619383,1.6279424,1.5753086,2.620602,0.8998521,2.2362192,1.8617321,1.4637117,3.4125633,271.27493,276.34244,273.0503,273.7386,276.04507,271.27493,276.34244,273.0503,273.7386,276.04507,271.27493,276.34244,273.0503,273.7386,276.04507,0.0,1.3245721,0.0,0.26943642,0.50325495,0.0,0.7202101224641994,0.0,0.269436423841666,0.3505852493640004,1.2319045,2.264937,1.6309286,1.5780268,2.6234555,0.9483517994330272,1.4130874899680945,1.2804194139130025,1.7343603130587089,3.411508492391256,1.2319045,0.94036496,1.6309286,1.3085903,2.1202006,0.9483517994330272,0.6928773675038952,1.2804194139130025,1.4649238892170429,3.060923243027256
2012-10-15 16:00:00,0.0,-0.088002585,0.0,-0.015992789,-0.0050856494,0.0,-0.13272423,0.0,-0.023992652,-0.0066613765,0.0,-0.08567316,0.0,-0.01561598,-0.0045245993,0.46812683,1.3898157,0.7461337,0.6710664,0.75294757,1.2094115,2.201027,1.5637093,1.5431645,2.1596804,0.8564837,2.1299896,1.7996238,1.4271232,2.9865813,271.1522,275.99554,272.76764,273.62704,274.80515,271.1522,275.99554,272.76764,273.62704,274.80515,271.1522,275.99554,272.76764,273.62704,274.80515,0.0,0.24029818,0.0,0.04929871,0.011778537,0.0,0.12423526138345704,0.0,0.04929871061717251,0.011778537329839363,1.2121164,2.2040255,1.5666953,1.5458826,2.1625338,0.93304713149382,1.3732790256471272,1.1881617111541107,1.701924643814214,2.985919204181008,1.2121164,1.9637275,1.5666953,1.4965838,2.1507552,0.93304713149382,1.2490437642636703,1.1881617111541107,1.6526259331970414,2.9741406668511687
2012-10-15 17:00:00,0.0,0.0,0.0,0.0,0.0,0.0,0.0,0.0,0.0,0.0,0.0,0.0,0.0,0.0,0.0,0.39400536,1.3283495,0.60838455,0.6499129,0.7340706,1.1350213,2.1408815,1.3651628,1.4865801,2.0885513,0.69344795,2.0250967,1.6076453,1.3627151,2.9208438,270.69077,275.653,271.89395,273.4307,274.6138,270.69077,275.653,271.89395,273.4307,274.6138,270.69077,275.653,271.89395,273.4307,274.6138,0.0,0.0,0.0,0.0,0.0,0.0,0.0,0.0,0.0,0.0,1.1377261,2.1438804,1.368149,1.4892982,2.0914044,0.8755119302902363,1.3339713628039376,0.9029915781067872,1.6448272167501705,2.9202424914791068,1.1377261,2.1438804,1.368149,1.4892982,2.0914044,0.8755119302902363,1.3339713628039376,0.9029915781067872,1.6448272167501705,2.9202424914791068
2012-10-15 18:00:00,0.0,0.0,0.0,0.0,0.0,0.0,0.0,0.0,0.0,0.0,0.0,0.0,0.0,0.0,0.0,0.38407838,1.2427874,0.6556916,0.6550616,0.7051768,1.1250583,2.0571585,1.4333493,1.5003524,1.9796792,0.6716128,1.8790838,1.6735762,1.3783917,2.8202248,270.62897,275.1762,272.194,273.4785,274.32092,270.62897,275.1762,272.194,273.4785,274.32092,270.62897,275.1762,272.194,273.4785,274.32092,0.0,0.0,0.0,0.0,0.0,0.0,0.0,0.0,0.0,0.0,1.1277632,2.0601575,1.4363353,1.5030706,1.9825326,0.867806322986185,1.2792544237214358,1.0009269844472561,1.658724414571478,2.8197162695014124,1.1277632,2.0601575,1.4363353,1.5030706,1.9825326,0.867806322986185,1.2792544237214358,1.0009269844472561,1.658724414571478,2.8197162695014124
2012-10-15 19:00:00,0.0,0.0,0.0,0.0,0.0,0.0,0.0,0.0,0.0,0.0,0.0,0.0,0.0,0.0,0.0,0.38194594,1.139723,0.59706795,0.65819806,0.63295627,1.1229181,1.9563093,1.3488514,1.5087426,1.7075504,0.6669223,1.7032026,1.5918735,1.3879418,2.5687244,270.6157,274.60187,271.82217,273.5076,273.58887,270.6157,274.60187,271.82217,273.5076,273.58887,270.6157,274.60187,271.82217,273.5076,273.58887,0.0,0.0,0.0,0.0,0.0,0.0,0.0,0.0,0.0,0.0,1.1256229,1.9593083,1.3518375,1.5114605,1.7104038,0.8661510443801295,1.2133447467160163,0.8795635801701738,1.6671905235890563,2.568447850953851,1.1256229,1.9593083,1.3518375,1.5114605,1.7104038,0.8661510443801295,1.2133447467160163,0.8795635801701738,1.6671905235890563,2.568447850953851
2012-10-15 20:00:00,0.0,0.0,0.0,0.0,0.0,0.0,0.0,0.0,0.0,0.0,0.0,0.0,0.0,0.0,0.0,0.30186337,1.1022485,0.64231545,0.6447675,0.61231786,1.0425452,1.9196404,1.4140694,1.4728167,1.629785,0.4907746,1.639252,1.654934,1.3470486,2.4968538,270.11716,274.39304,272.10916,273.38293,273.37967,270.11716,274.39304,272.10916,273.38293,273.37967,270.11716,274.39304,272.10916,273.38293,273.37967,0.0,0.0,0.0,0.0,0.0,0.0,0.0,0.0,0.0,0.0,1.0452499,1.9226393,1.4170557,1.4755347,1.6326382,0.8039886735559402,1.18937982005565,0.9732357283827215,1.6309388932569737,2.496643406684069,1.0452499,1.9226393,1.4170557,1.4755347,1.6326382,0.8039886735559402,1.18937982005565,0.9732357283827215,1.6309388932569737,2.496643406684069
2012-10-15 21:00:00,0.0,0.0,0.0,0.0,0.0,0.0,0.0,0.0,0.0,0.0,0.0,0.0,0.0,0.0,0.0,0.0,1.1669676,0.58257556,0.64338005,0.5708575,0.6901952,1.9829684,1.3279626,1.4691054,1.4735615,0.0,1.7496964,1.5716758,1.3428242,2.3524728,267.9316,274.7537,271.73026,273.37006,272.9594,267.9316,274.7537,271.73026,273.37006,272.9594,267.9316,274.7537,271.73026,273.37006,272.9594,0.0,0.0,0.0,0.0,0.0,0.0,0.0,0.0,0.0,0.0,0.7016777,1.9859674,1.3309488,1.4718235,1.4764148,0.5402504753950368,1.230767735191147,0.8495613991391024,1.6271939267942714,2.352395558100674,0.7016777,1.9859674,1.3309488,1.4718235,1.4764148,0.5402504753950368,1.230767735191147,0.8495613991391024,1.6271939267942714,2.352395558100674
2012-10-15 22:00:00,0.0,0.0,0.0,0.0,0.0,0.0,0.0,0.0,0.0,0.0,0.0,0.0,0.0,0.0,0.0,0.23797278,1.1832707,0.60131645,0.6291375,0.5708876,0.9784229,1.998921,1.354975,1.431007,1.4736749,0.35024244,1.7775174,1.5977947,1.2994583,2.3525777,269.71942,274.84454,271.84912,273.23785,272.95972,269.71942,274.84454,271.84912,273.23785,272.95972,269.71942,274.84454,271.84912,273.23785,272.95972,0.0,0.0,0.0,0.0,0.0,0.0,0.0,0.0,0.0,0.0,0.98112774,2.00192,1.3579613,1.4337252,1.4765283,0.7543950044232481,1.241193511410336,0.8883590402798802,1.5887503374188539,2.352500305648843,0.98112774,2.00192,1.3579613,1.4337252,1.4765283,0.7543950044232481,1.241193511410336,0.8883590402798802,1.5887503374188539,2.352500305648843
2012-10-15 23:00:00,0.0,0.0,0.0,0.0,0.0,0.0,0.0,0.0,0.0,0.0,0.0,0.0,0.0,0.0,0.0,0.25509623,1.1509275,0.6681966,0.6783784,0.57665914,0.9956085,1.9672731,1.4513737,1.5627236,1.4954221,0.38790673,1.7223235,1.6910045,1.4493867,2.3726761,269.82602,274.6643,272.27332,273.69492,273.01822,269.82602,274.6643,272.27332,273.69492,273.01822,269.82602,274.6643,272.27332,273.69492,273.01822,0.0,0.0,0.0,0.0,0.0,0.0,0.0,0.0,0.0,0.0,0.99831325,1.970272,1.4543598,1.5654417,1.4982754,0.7676867013679648,1.220510060167296,1.026815320602553,1.7216611495323417,2.372580410632822,0.99831325,1.970272,1.4543598,1.5654417,1.4982754,0.7676867013679648,1.220510060167296,1.026815320602553,1.7216611495323417,2.372580410632822
2012-11-11 00:00:00,0.0,0.0,0.0,0.0,0.0,0.0,0.0,0.0,0.0,0.0,0.0,0.0,0.0,0.0,0.0,1.2315829,1.4922831,1.2643974,1.309696,0.7935107,1.9756361,2.3012917,2.3107147,3.2514586,2.312523,2.5357633,2.3048518,2.5219183,3.3716173,3.127838,275.9049,276.56656,276.05478,279.5549,275.2163,275.9049,276.56656,276.05478,279.5549,275.2163,275.9049,276.56656,276.05478,279.5549,275.2163,0.0,0.0,0.0,0.0,0.0,0.0,0.0,0.0,0.0,0.0,1.9783409,2.3042908,2.313701,3.2541766,2.3153765,1.5256635091289061,1.4388069728548003,2.2610783530531076,3.4257096333429837,3.1270455758289697,1.9783409,2.3042908,2.313701,3.2541766,2.3153765,1.5256635091289061,1.4388069728548003,2.2610783530531076,3.4257096333429837,3.1270455758289697
2012-11-11 01:00:00,0.0,0.0,0.0,0.0,0.0,0.0,0.0,0.0,0.0,0.0,0.0,0.0,0.0,0.0,0.0,1.2058903,1.4955689,1.2594894,1.4430282,0.79050606,1.9498502,2.3045068,2.3036408,3.6081138,2.3012013,2.4792507,2.3104591,2.5150788,3.777586,3.1173744,275.74496,276.58487,276.02365,280.7925,275.18585,275.74496,276.58487,276.02365,280.7925,275.18585,275.74496,276.58487,276.02365,280.7925,275.18585,0.0,0.0,0.0,0.0,0.0,0.0,0.0,0.0,0.0,0.0,1.9525552,2.3075058,2.306627,3.610832,2.3040547,1.5057202558545686,1.4409082377965245,2.250918251907127,3.7855991355430496,3.1165917705217128,1.9525552,2.3075058,2.306627,3.610832,2.3040547,1.5057202558545686,1.4409082377965245,2.250918251907127,3.7855991355430496,3.1165917705217128
2012-11-11 02:00:00,0.0,0.0,0.0,0.0,0.0,0.0,0.0,0.0,0.0,0.0,0.0,0.0,0.0,0.0,0.0,0.9953698,1.5870234,1.1208937,0.8929547,0.78729063,1.7385662,2.393996,2.1038737,2.1367018,2.2890854,2.0161943,2.466528,2.32192,2.102727,3.106177,274.43442,277.0945,275.1446,275.68665,275.15326,274.43442,277.0945,275.1446,275.68665,275.15326,274.43442,277.0945,275.1446,275.68665,275.15326,0.0,0.0,0.0,0.0,0.0,0.0,0.0,0.0,0.0,0.0,1.7412711,2.3969948,2.1068602,2.1394198,2.291939,1.3423081076742316,1.499393445341185,1.9639950033679483,2.3008441736751477,3.105404732377275,1.7412711,2.3969948,2.1068602,2.1394198,2.291939,1.3423081076742316,1.499393445341185,1.9639950033679483,2.3008441736751477,3.105404732377275
2012-11-11 03:00:00,0.0,0.0,0.0,0.0,0.0,0.0,0.0,0.0,0.0,0.0,0.0,0.0,0.0,0.0,0.0,0.942117,1.5846688,1.2649796,1.270644,0.8809715,1.6851205,2.3916917,2.3115537,3.1469965,2.6420772,1.8990608,2.4625094,2.52273,3.2527115,3.4324105,274.1029,277.0814,276.05847,279.1924,276.10284,274.1029,277.0814,276.05847,279.1924,276.10284,274.1029,277.0814,276.05847,279.1924,276.10284,0.0,0.0,0.0,0.0,0.0,0.0,0.0,0.0,0.0,0.0,1.6878252,2.3946905,2.3145401,3.1497147,2.6449304,1.300971805380943,1.497887538799616,2.262283619953758,3.320300364044458,3.4313372032596288,1.6878252,2.3946905,2.3145401,3.1497147,2.6449304,1.300971805380943,1.497887538799616,2.262283619953758,3.320300364044458,3.4313372032596288
2012-11-11 04:00:00,0.0,0.0,0.0,0.0,0.0,0.0,0.0,0.0,0.0,0.0,0.0,0.0,0.0,0.0,0.0,0.9090221,1.559954,1.0441114,1.2670897,0.8877938,1.6519055,2.3675082,1.993203,3.1374898,2.6677833,1.8262664,2.4203334,2.21491,3.2418902,3.4561682,273.89688,276.94366,274.6576,279.15942,276.172,273.89688,276.94366,274.6576,279.15942,276.172,273.89688,276.94366,274.6576,279.15942,276.172,0.0,0.0,0.0,0.0,0.0,0.0,0.0,0.0,0.0,0.0,1.6546104,2.3705072,1.996189,3.1402078,2.670637,1.275282642462597,1.4820825243296127,1.8050392248507388,3.3107072153568247,3.4550729976747023,1.6546104,2.3705072,1.996189,3.1402078,2.670637,1.275282642462597,1.4820825243296127,1.8050392248507388,3.3107072153568247,3.4550729976747023
2012-11-11 05:00:00,0.0,0.0,0.0,0.0,0.0,0.0,0.0,0.0,0.0,0.0,0.0,0.0,0.0,0.0,0.0,0.80321765,1.5033288,1.0034397,1.4101307,0.9019983,1.5457175,2.3121002,1.9345801,3.5201154,2.721306,1.5935413,2.3237016,2.1582265,3.6774201,3.5056336,273.23822,276.6281,274.39963,280.48715,276.31598,273.23822,276.6281,274.39963,280.48715,276.31598,273.23822,276.6281,274.39963,280.48715,276.31598,0.0,0.0,0.0,0.0,0.0,0.0,0.0,0.0,0.0,0.0,1.5484222,2.315099,1.9375663,3.5228336,2.7241595,1.193154186935021,1.44587072516723,1.7208398768242963,3.6968026084676966,3.50449289090079,1.5484222,2.315099,1.9375663,3.5228336,2.7241595,1.193154186935021,1.44587072516723,1.7208398768242963,3.6968026084676966,3.50449289090079
2012-11-11 06:00:00,0.0,0.0,0.0,0.0,0.0,0.0,0.0,0.0,0.0,0.0,0.0,0.0,0.0,0.0,0.0,0.8234148,1.5087942,1.1405632,0.9418044,0.91237915,1.5659878,2.3174481,2.1322248,2.2673717,2.7604213,1.6379666,2.3330283,2.3493326,2.251464,3.5417838,273.36395,276.65857,275.26935,276.14008,276.4212,273.36395,276.65857,275.26935,276.14008,276.4212,273.36395,276.65857,275.26935,276.14008,276.4212,0.0,0.0,0.0,0.0,0.0,0.0,0.0,0.0,0.0,0.0,1.5686926,2.320447,2.135211,2.2700896,2.763275,1.2088317682153626,1.449365829186965,2.004715095019681,2.4326989407434656,3.540609845509427,1.5686926,2.320447,2.135211,2.2700896,2.763275,1.2088317682153626,1.449365829186965,2.004715095019681,2.4326989407434656,3.540609845509427
2012-11-11 07:00:00,-0.040811356,-0.22869433,-0.06336061,-0.21812671,-0.021359619,-0.05999897,-0.34192765,-0.09485096,-0.41525438,-0.05470307,-0.04582084,-0.22412324,-0.057155136,-0.24508391,-0.032741413,0.8645444,1.4535272,1.021122,1.0013096,0.8690341,1.6072665,2.2633688,1.9600667,2.4265447,2.5970967,1.7284341,2.2387145,2.18287,2.4326453,3.3908398,273.62,276.3506,274.51178,276.6924,275.98184,273.62,276.3506,274.51178,276.6924,275.98184,273.62,276.3506,274.51178,276.6924,275.98184,0.12197265,0.6085659,0.18554845,0.64707947,0.07236628,0.054091102971954706,0.3230010124261524,0.10662999695433836,0.5510498917240851,0.0542008918166506,1.6099713,2.2663677,1.9630529,2.4292629,2.59995,1.2407577165022716,1.414022552867162,1.7574461236002545,2.5933154052184624,3.3898048004106593,1.4879987,1.6578019,1.7775044,1.7821833,2.5275838,1.186666613530317,1.0910215404410095,1.6508161266459163,2.0422655134943772,3.335603908594009
2012-11-11 08:00:00,-0.16688626,-0.35817784,-0.10961601,-0.84122777,-0.012447944,-0.23487313,-0.5321364,-0.16168761,-1.6063985,-0.016395064,-0.19371837,-0.35279623,-0.10007936,-0.9961108,-0.011170321,0.91194385,1.4902076,0.95412153,1.048384,0.76330733,1.654838,2.299261,1.8634946,2.5524654,2.1987164,1.8326929,2.30131,2.0894923,2.5759768,3.0226583,273.91507,276.555,274.08682,277.12936,274.91016,273.91507,276.555,274.08682,277.12936,274.91016,273.91507,276.555,274.08682,277.12936,274.91016,0.45933267,0.93436784,0.32126778,2.3710334,0.028796364,0.2244598680313089,0.5050016799776242,0.19006561269004296,1.96546312232722,0.028796362904510566,1.6575427,2.3022597,1.866481,2.5551836,2.2015698,1.2775505644148015,1.4374796738332778,1.6187408211906704,2.7203780351070197,3.0219628355059274,1.19821,1.3678919,1.5452132,0.18415028,2.1727734,1.0530906963834927,0.9324779938556536,1.4286752085006276,0.7549149127797996,2.9931664726014167
2012-11-11 09:00:00,-0.21873863,-1.7394325,-0.5102189,-1.110964,-0.07785009,-0.296517,-2.4591277,-0.72773063,-2.1593587,-0.19252005,-0.26184762,-1.7854624,-0.47936645,-1.3440485,-0.116639055,0.893237,1.7354211,1.1008201,1.1048975,0.85489887,1.6360633,2.5392036,2.0749402,2.7036357,2.543835,1.7915456,2.7197702,2.2939434,2.7480485,3.3416152,273.7986,277.92148,275.01727,277.65393,275.83856,273.7986,277.92148,275.01727,277.65393,275.83856,273.7986,277.92148,275.01727,277.65393,275.83856,0.57344663,3.9441705,1.3511356,3.0812085,0.2529263,0.3014579131519772,2.438141364607235,0.8595394310621955,2.506607531674057,0.19199176601051074,1.6387681,2.5422027,2.0779266,2.7063537,2.5466883,1.2630297755396114,1.5942935743259283,1.9224381975041935,2.8729188610013074,3.34062582654536,1.0653214,-1.4019678,0.726791,-0.3748549,2.293762,0.9615718623876341,-0.8438477902813066,1.062898766441998,0.3663113293272504,3.148634060534849
2012-11-11 10:00:00,-0.2276942,-1.0746846,-0.3322899,-1.4970978,-0.14732492,-0.31009743,-1.5284007,-0.4779303,-2.8927424,-0.40652567,-0.2714969,-1.0968233,-0.3099249,-1.8536327,-0.24192512,0.90270317,1.4375199,1.0284643,1.1155958,0.9007789,1.6455637,2.2477055,1.9706496,2.732253,2.7167118,1.8123673,2.2113976,2.1931028,2.7806227,3.5013876,273.85754,276.26138,274.55835,277.75323,276.30362,273.85754,276.26138,274.55835,277.75323,276.30362,273.85754,276.26138,274.55835,277.75323,276.30362,0.59899735,2.663059,0.913327,4.053521,0.50751555,0.31243789513783543,1.5663985624752832,0.5701863104228949,3.272722756469955,0.3652250955886243,1.6482686,2.2507045,1.9736359,2.7349713,2.7195652,1.2703776904552277,1.403785890492728,1.772646431785319,2.901795924673424,3.500250615199949,1.0492711,-0.41235438,1.0603089,-1.3185501,2.2120495,0.9579397953173923,-0.16261267198255513,1.202460121362424,-0.3709268317965311,3.135025519611325
2012-11-11 11:00:00,-0.6101621,-1.5713308,-0.7013353,-1.3324288,-0.24852635,-0.7947583,-2.1955583,-1.0147388,-2.5191317,-0.7559595,-0.7565855,-1.6288007,-0.6732263,-1.6314176,-0.4417167,1.0020171,1.5182134,1.1695766,1.0592797,0.9982865,1.7452377,2.326665,2.1740437,2.5816107,3.0841217,2.0308158,2.3491023,2.3897686,2.6091518,3.8409467,274.4758,276.71106,275.45337,277.2305,277.292,274.4758,276.71106,275.45337,277.2305,277.292,274.4758,276.71106,275.45337,277.2305,277.292,1.4538771,3.708837,1.8148137,3.6251588,0.9011085,0.8449977799570629,2.288487809514278,1.1841099932735328,2.9738685382308128,0.6158674222584275,1.7479426,2.3296638,2.1770298,2.584329,3.0869753,1.347468010639315,1.4553894553532414,2.064779222382682,2.7497875584657763,3.8394964994545715,0.29406548,-1.3791732,0.3622162,-1.0408299,2.1858668,0.5024702306822522,-0.8330983541610368,0.8806692291091494,-0.2240809797650365,3.223629077196144
2012-11-11 12:00:00,-0.7975023,-1.9079212,-0.3960723,-1.7012603,-0.23771709,-1.0329905,-2.6643121,-0.56096596,-3.2504249,-0.7233242,-0.9939802,-1.9793265,-0.3744454,-2.133058,-0.42263356,1.0591719,1.664612,1.0065622,1.1012776,1.0013965,1.8025999,2.4699163,1.939081,2.6939526,3.0958405,2.1565325,2.598934,2.1625783,2.737027,3.851777,274.8316,277.5269,274.41943,277.62033,277.32352,274.8316,277.5269,274.41943,277.62033,277.32352,274.8316,277.5269,274.41943,277.62033,277.32352,1.8491275,4.326532,1.0718969,4.5423923,0.86342806,1.0974204300762045,2.721981491401462,0.6905052091497599,3.6683059323496954,0.5898343331211376,1.8053048,2.4729156,1.9420671,2.6966708,3.098694,1.3918332825197768,1.5490113148317688,1.7273044902005128,2.863148225751461,3.8503169211804185,-0.043822743,-1.8536161,0.8701702,-1.8457212,2.235266,0.2944128524435723,-1.1729701765696934,1.036799281050753,-0.8051577065982345,3.260482588059281
2012-11-11 13:00:00,-0.7011595,-1.6878185,-0.7470068,-1.7029196,-0.19919658,-0.92588407,-2.392475,-1.0823514,-3.2303,-0.6028831,-0.85871905,-1.7285743,-0.7204308,-2.1362138,-0.35264176,1.0628438,1.7450483,1.1796472,1.0861112,0.99892765,1.806285,2.5486245,2.188559,2.6533833,3.086538,2.1646087,2.7361996,2.4038038,2.6908479,3.8431797,274.85446,277.97513,275.51724,277.47955,277.2985,274.85446,277.97513,275.51724,277.47955,277.2985,274.85446,277.97513,275.51724,277.47955,277.2985,1.66939,3.8327742,1.9234911,4.536909,0.72492296,0.9529116866479616,2.3587635173904618,1.263323024223783,3.676499620654353,0.4964574046549733,1.8089899,2.551623,2.1915452,2.6561015,3.0893917,1.394683405912732,1.6004502806051806,2.0856273514988946,2.8222109501769452,3.8417276222305685,0.13959992,-1.2811512,0.26805404,-1.8808078,2.3644686,0.44177171926477043,-0.7583132367852812,0.8223043272751116,-0.8542886704774078,3.345270217575595
2012-11-11 14:00:00,-0.3816794,-1.9949244,-0.33111992,-1.7668947,-0.300269,-0.5264386,-2.8056104,-0.48148122,-3.4062994,-0.9370304,-0.4503296,-2.0571628,-0.30595344,-2.222359,-0.5448532,1.0106058,1.7988093,1.0941367,1.1266527,1.050251,1.7538576,2.6012297,2.0653076,2.7618294,3.279926,2.0497074,2.8279436,2.2846293,2.8142889,4.0219073,274.52927,278.27472,274.97488,277.85587,277.81873,274.52927,278.27472,274.97488,277.85587,277.81873,274.52927,278.27472,274.97488,277.85587,277.81873,0.985464,4.4164214,0.9047503,4.7106323,1.0993166,0.510284968282479,2.780354733379481,0.552980902703664,3.7813515249757215,0.7394167084376717,1.7565625,2.6042285,2.0682938,2.7645473,3.2827792,1.3541347879216352,1.6348304771600266,1.9086025303554026,2.9316402901096033,4.020290767594096,0.77109843,-1.8121928,1.1635435,-1.9460849,2.1834624,0.8438498196391562,-1.1455242562194545,1.3556216276517388,-0.8497112348661182,3.2808740591564245
2012-11-11 15:00:00,-0.122515626,-0.618431,-0.22566995,-1.0803058,-0.061221473,-0.17851458,-0.91910636,-0.33827165,-2.1712244,-0.18714549,-0.13846712,-0.6093627,-0.2080494,-1.3092963,-0.10948342,0.96509856,2.017424,1.1538911,1.2184998,1.0582806,1.7081853,2.8151457,2.151435,3.0075147,3.3101811,1.9496106,3.201013,2.3679078,3.093944,4.0498695,274.24597,279.49298,275.35388,278.7084,277.90012,274.24597,279.49298,275.35388,278.7084,277.90012,274.24597,279.49298,275.35388,278.7084,277.90012,0.34870878,1.4100672,0.62376904,2.985377,0.2272767,0.16027466905590299,0.809347245370349,0.371913911263285,2.3841323764519298,0.15398888354419957,1.7108902,2.8181446,2.1544213,3.0102327,3.3130345,1.3188107619445937,1.7746346379494184,2.032306742249451,3.1795535202092498,4.048226938690741,1.3621814,1.4080774,1.5306523,0.024855535,3.0857577,1.1585360928886907,0.9652873925790695,1.660392830986166,0.79542114375732,3.894238055146541
2012-11-11 16:00:00,0.0,0.0,0.0,0.0,0.0,0.0,0.0,0.0,0.0,0.0,0.0,0.0,0.0,0.0,0.0,0.7701081,1.7382247,1.2106961,0.95478773,1.0294472,1.5124879,2.5419474,2.2333117,2.3021016,3.2015362,1.5207143,2.724555,2.4470758,2.2909956,3.9494603,273.0321,277.9371,275.71417,276.2606,277.60785,273.0321,277.9371,275.71417,276.2606,277.60785,273.0321,277.9371,275.71417,276.2606,277.60785,0.0,0.0,0.0,0.0,0.0,0.0,0.0,0.0,0.0,0.0,1.5151926,2.5449462,2.2362976,2.3048196,3.2043896,1.1674536083021503,1.596086653742866,2.1499049325724346,2.4677436624524973,3.947910211809384,1.5151926,2.5449462,2.2362976,2.3048196,3.2043896,1.1674536083021503,1.596086653742866,2.1499049325724346,2.4677436624524973,3.947910211809384
2012-11-11 17:00:00,0.0,0.0,0.0,0.0,0.0,0.0,0.0,0.0,0.0,0.0,0.0,0.0,0.0,0.0,0.0,0.94040126,1.894163,1.2349316,0.86491,1.0177867,1.6833985,2.6945336,2.268244,2.061684,3.1575992,1.8952869,2.9906662,2.4808526,2.0173366,3.908854,274.09222,278.8061,275.8679,275.42633,277.48965,274.09222,278.8061,275.8679,275.42633,277.48965,274.09222,278.8061,275.8679,275.42633,277.48965,0.0,0.0,0.0,0.0,0.0,0.0,0.0,0.0,0.0,0.0,1.6861032,2.697533,2.27123,2.064402,3.1604528,1.2996399720197487,1.6958091857688666,2.20007790264332,2.2251461548911413,3.9073414864035687,1.6861032,2.697533,2.27123,2.064402,3.1604528,1.2996399720197487,1.6958091857688666,2.20007790264332,2.2251461548911413,3.9073414864035687
2012-11-11 18:00:00,0.0,0.0,0.0,0.0,0.0,0.0,0.0,0.0,0.0,0.0,0.0,0.0,0.0,0.0,0.0,0.92391014,1.8780518,1.1937835,0.7735462,1.0588799,1.6668477,2.6787686,2.2089343,1.8172915,3.3124387,1.8590137,2.9631717,2.423505,1.7391529,4.051956,273.98956,278.7163,275.6069,274.57828,277.9062,273.98956,278.7163,275.6069,274.57828,277.9062,273.98956,278.7163,275.6069,274.57828,277.9062,0.0,0.0,0.0,0.0,0.0,0.0,0.0,0.0,0.0,0.0,1.6695524,2.6817677,2.2119207,1.8200096,3.3152921,1.2868391507995864,1.685505983337945,2.1148924271527085,1.9785374510237634,4.050311414899302,1.6695524,2.6817677,2.2119207,1.8200096,3.3152921,1.2868391507995864,1.685505983337945,2.1148924271527085,1.9785374510237634,4.050311414899302
2012-11-11 19:00:00,0.0,0.0,0.0,0.0,0.0,0.0,0.0,0.0,0.0,0.0,0.0,0.0,0.0,0.0,0.0,0.93343025,1.8322477,1.2428225,0.7711165,1.0804845,1.6764022,2.6339498,2.2796175,1.8107922,3.3938458,1.8799539,2.8850067,2.4918501,1.731755,4.127192,274.04883,278.46106,275.91794,274.55573,278.12518,274.04883,278.46106,275.91794,274.55573,278.12518,274.04883,278.46106,275.91794,274.55573,278.12518,0.0,0.0,0.0,0.0,0.0,0.0,0.0,0.0,0.0,0.0,1.6791071,2.6369483,2.2826037,1.8135104,3.3966992,1.2942289233351258,1.656214350050308,2.2164137515447,1.9719793225499793,4.125478255465307,1.6791071,2.6369483,2.2826037,1.8135104,3.3966992,1.2942289233351258,1.656214350050308,2.2164137515447,1.9719793225499793,4.125478255465307
2012-11-11 20:00:00,0.0,0.0,0.0,0.0,0.0,0.0,0.0,0.0,0.0,0.0,0.0,0.0,0.0,0.0,0.0,0.95368123,1.8637968,1.3002483,0.77287877,1.0188978,1.6967268,2.6648204,2.3623886,1.8155062,3.1617854,1.9244975,2.9388459,2.571883,1.7371206,3.9127228,274.1749,278.63687,276.28217,274.57208,277.50092,274.1749,278.63687,276.28217,274.57208,277.50092,274.1749,278.63687,276.28217,274.57208,277.50092,0.0,0.0,0.0,0.0,0.0,0.0,0.0,0.0,0.0,0.0,1.6994315,2.6678193,2.3653748,1.8182243,3.1646388,1.309948362235391,1.6763899955990977,2.335296895836146,1.976735962417298,3.9112066709310014,1.6994315,2.6678193,2.3653748,1.8182243,3.1646388,1.309948362235391,1.6763899955990977,2.335296895836146,1.976735962417298,3.9112066709310014
2012-11-11 21:00:00,0.0,0.0,0.0,0.0,0.0,0.0,0.0,0.0,0.0,0.0,0.0,0.0,0.0,0.0,0.0,0.9551667,1.6077294,1.3327308,0.9887241,1.0366879,1.6982175,2.414257,2.4092076,2.3928792,3.2288194,1.9277647,2.5018632,2.6171534,2.3943248,3.9746757,274.18414,277.2099,276.4882,276.5756,277.68124,274.18414,277.2099,276.4882,276.5756,277.68124,274.18414,277.2099,276.4882,276.5756,277.68124,0.0,0.0,0.0,0.0,0.0,0.0,0.0,0.0,0.0,0.0,1.7009223,2.4172556,2.4121938,2.3955972,3.2316728,1.3111013494023676,1.5126349165822845,2.4025428201856687,2.559344477210822,3.973101997144005,1.7009223,2.4172556,2.4121938,2.3955972,3.2316728,1.3111013494023676,1.5126349165822845,2.4025428201856687,2.559344477210822,3.973101997144005
2012-11-11 22:00:00,0.0,0.0,0.0,0.0,0.0,0.0,0.0,0.0,0.0,0.0,0.0,0.0,0.0,0.0,0.0,0.9588973,2.1077507,1.4747957,1.0739037,1.0875356,1.7019615,2.9035308,2.6139748,2.620729,3.4204142,1.9359704,3.3551564,2.815147,2.653679,4.1517467,274.20737,279.99634,277.38925,277.36624,278.19666,274.20737,279.99634,277.38925,277.36624,278.19666,274.20737,279.99634,277.38925,277.36624,278.19666,0.0,0.0,0.0,0.0,0.0,0.0,0.0,0.0,0.0,0.0,1.7046664,2.9065297,2.616961,2.6234472,3.4232678,1.3139971356534208,1.8323984111974203,2.696647865711369,2.7892605699020314,4.150010131246463,1.7046664,2.9065297,2.616961,2.6234472,3.4232678,1.3139971356534208,1.8323984111974203,2.696647865711369,2.7892605699020314,4.150010131246463
2012-11-11 23:00:00,0.0,0.0,0.0,0.0,0.0,0.0,0.0,0.0,0.0,0.0,0.0,0.0,0.0,0.0,0.0,0.9500831,2.04158,1.4102875,1.0354137,1.0667377,1.6931155,2.8387823,2.5209954,2.5177708,3.3420475,1.916583,3.242236,2.725243,2.536485,4.0793204,274.1525,279.6276,276.9801,277.00897,277.98584,274.1525,279.6276,276.9801,277.00897,277.98584,274.1525,279.6276,276.9801,277.00897,277.98584,0.0,0.0,0.0,0.0,0.0,0.0,0.0,0.0,0.0,0.0,1.6958202,2.8417814,2.5239816,2.520489,3.3449008,1.307155317415058,1.7900824373793287,2.563102300942587,2.6853688107104308,4.077650524971386,1.6958202,2.8417814,2.5239816,2.520489,3.3449008,1.307155317415058,1.7900824373793287,2.563102300942587,2.6853688107104308,4.077650524971386
2012-12-07 00:00:00,0.0,0.0,0.0,0.0,0.0,0.0,0.0,0.0,0.0,0.0,0.0,0.0,0.0,0.0,0.0,0.0,0.0,0.0,0.0,0.0,0.0,0.31320176,0.0,0.0,0.0,0.0,0.0,0.0,0.0,0.0,255.94423,265.2443,257.62888,261.1861,264.44687,255.94423,265.2443,257.62888,261.1861,264.44687,255.94423,265.2443,257.62888,261.1861,264.44687,0.0,0.0,0.0,0.0,0.0,0.0,0.0,0.0,0.0,0.0,0.0,0.3206173,0.0,0.0,0.054765135,0.0,0.14391342384378014,0.0,0.0,0.05476513339863587,0.0,0.3206173,0.0,0.0,0.054765135,0.0,0.14391342384378014,0.0,0.0,0.05476513339863587
2012-12-07 01:00:00,0.0,0.0,0.0,0.0,0.0,0.0,0.0,0.0,0.0,0.0,0.0,0.0,0.0,0.0,0.0,0.0,0.0,0.0,0.0,0.0,0.0,0.32149687,0.0,0.0,0.0,0.0,0.0,0.0,0.0,0.0,259.37744,265.29153,257.28455,260.31036,264.14908,259.37744,265.29153,257.28455,260.31036,264.14908,259.37744,265.29153,257.28455,260.31036,264.14908,0.0,0.0,0.0,0.0,0.0,0.0,0.0,0.0,0.0,0.0,0.0,0.32886177,0.0,0.0,0.049635503,0.0,0.14928402689596917,0.0,0.0,0.0496355042044244,0.0,0.32886177,0.0,0.0,0.049635503,0.0,0.14928402689596917,0.0,0.0,0.0496355042044244
2012-12-07 02:00:00,0.0,0.0,0.0,0.0,0.0,0.0,0.0,0.0,0.0,0.0,0.0,0.0,0.0,0.0,0.0,0.0,0.0,0.0,0.0,0.0,0.0,0.37525457,0.0,0.0,0.0,0.0,0.0,0.0,0.0,0.0,257.9351,265.5977,256.79083,260.2688,263.97626,257.9351,265.5977,256.79083,260.2688,263.97626,257.9351,265.5977,256.79083,260.2688,263.97626,0.0,0.0,0.0,0.0,0.0,0.0,0.0,0.0,0.0,0.0,0.0,0.3822911,0.0,0.0,0.046658553,0.0,0.18408886528069776,0.0,0.0,0.04665855297191573,0.0,0.3822911,0.0,0.0,0.046658553,0.0,0.18408886528069776,0.0,0.0,0.04665855297191573
2012-12-07 03:00:00,0.0,0.0,0.0,0.0,0.0,0.0,0.0,0.0,0.0,0.0,0.0,0.0,0.0,0.0,0.0,0.0,0.0,0.0,0.0,0.0,0.0,0.4300572,0.0,0.0,0.0,0.0,0.0,0.0,0.0,0.0,259.60477,265.9098,259.66873,259.83224,264.61377,259.60477,265.9098,259.66873,259.83224,264.61377,259.60477,265.9098,259.66873,259.83224,264.61377,0.0,0.0,0.0,0.0,0.0,0.0,0.0,0.0,0.0,0.0,0.0,0.436759,4.1727908e-05,0.0,0.0576401,0.0,0.21957023311967508,4.17279065793108e-05,0.0,0.05764010184126167,0.0,0.436759,4.1727908e-05,0.0,0.0576401,0.0,0.21957023311967508,4.17279065793108e-05,0.0,0.05764010184126167
2012-12-07 04:00:00,0.0,0.0,0.0,0.0,0.0,0.0,0.0,0.0,0.0,0.0,0.0,0.0,0.0,0.0,0.0,0.0,0.0,0.0,0.0,0.0,0.0,0.3981251,0.0,0.0,0.0,0.0,0.0,0.0,0.0,0.0,261.0889,265.72794,257.63962,259.54263,264.25522,261.0889,265.72794,257.63962,259.54263,264.25522,261.0889,265.72794,257.63962,259.54263,264.25522,0.0,0.0,0.0,0.0,0.0,0.0,0.0,0.0,0.0,0.0,0.0,0.40502203,0.0,0.0,0.051463835,0.0,0.19889618687420083,0.0,0.0,0.051463834839540964,0.0,0.40502203,0.0,0.0,0.051463835,0.0,0.19889618687420083,0.0,0.0,0.051463834839540964
2012-12-07 05:00:00,0.0,0.0,0.0,0.0,0.0,0.0,0.0,0.0,0.0,0.0,0.0,0.0,0.0,0.0,0.0,0.0,0.0,0.0,0.0,0.0,0.0,0.37366304,0.0,0.0,0.0,0.0,0.0,0.0,0.0,0.0,261.6463,265.58862,261.08267,258.302,264.22736,261.6463,265.58862,261.08267,258.302,264.22736,261.6463,265.58862,261.08267,258.302,264.22736,0.0,0.0,0.0,0.0,0.0,0.0,0.0,0.0,0.0,0.0,0.0,0.38070932,0.0011469185,0.0,0.050983883,0.0,0.18305845888114997,0.0011469185607995906,0.0,0.05098388490571077,0.0,0.38070932,0.0011469185,0.0,0.050983883,0.0,0.18305845888114997,0.0011469185607995906,0.0,0.05098388490571077
2012-12-07 06:00:00,0.0,0.0,0.0,0.0,0.0,0.0,0.0,0.0,0.0,0.0,0.0,0.0,0.0,0.0,0.0,0.0,0.0,0.0,0.0,0.0,0.0,0.356703,0.0,0.0,0.0,0.0,0.0,0.0,0.0,0.0,261.30685,265.49203,257.2071,257.71066,263.96246,261.30685,265.49203,257.2071,257.71066,263.96246,261.30685,265.49203,257.2071,257.71066,263.96246,0.0,0.0,0.0,0.0,0.0,0.0,0.0,0.0,0.0,0.0,0.0,0.36385286,0.0,0.0,0.046420943,0.0,0.17207786543142248,0.0,0.0,0.04642094358517832,0.0,0.36385286,0.0,0.0,0.046420943,0.0,0.17207786543142248,0.0,0.0,0.04642094358517832
2012-12-07 07:00:00,0.0,0.0,0.0,0.0,0.0,0.0,0.0,0.0,0.0,0.0,0.0,0.0,0.0,0.0,0.0,0.0,0.0,0.0,0.0,0.0,0.0,0.31004018,0.0,0.0,0.0,0.0,0.0,0.0,0.0,0.0,261.57272,265.2263,257.94922,256.14413,263.4978,261.57272,265.2263,257.94922,256.14413,263.4978,261.57272,265.2263,257.94922,256.14413,263.4978,0.0,0.0,0.0,0.0,0.0,0.0,0.0,0.0,0.0,0.0,0.0,0.31747502,0.0,0.0,0.03841687,0.0,0.14186648857195097,0.0,0.0,0.03841687163282498,0.0,0.31747502,0.0,0.0,0.03841687,0.0,0.14186648857195097,0.0,0.0,0.03841687163282498
2012-12-07 08:00:00,0.0,0.0,0.0,0.0,0.0,0.0,0.0,0.0,0.0,0.0,0.0,0.0,0.0,0.0,0.0,0.0,0.0,0.0,0.0,0.0,0.0,0.35285017,0.0,0.0,0.0,0.0,0.0,0.0,0.0,0.0,259.80933,265.4701,262.10385,259.30508,264.20682,259.80933,265.4701,262.10385,259.30508,264.20682,259.80933,265.4701,262.10385,259.30508,264.20682,0.0,0.0,0.0,0.0,0.0,0.0,0.0,0.0,0.0,0.0,0.0,0.36002356,0.0019451118,0.0,0.0506301,0.0,0.16958337990524425,0.0019451118110697938,0.0,0.05063009924802433,0.0,0.36002356,0.0019451118,0.0,0.0506301,0.0,0.16958337990524425,0.0019451118110697938,0.0,0.05063009924802433
2012-12-07 09:00:00,0.0,0.0,0.0,0.0,0.0,0.0,0.0,0.0,0.0,0.0,0.0,0.0,0.0,0.0,0.0,0.0,0.0,0.0,0.0,0.0,0.0,0.51297647,0.0,0.0,0.0,0.0,0.0,0.0,0.0,0.0,261.43686,266.38202,262.84625,260.47995,264.94568,261.43686,266.38202,262.84625,260.47995,264.94568,261.43686,266.38202,262.84625,260.47995,264.94568,0.0,0.0,0.0,0.0,0.0,0.0,0.0,0.0,0.0,0.0,0.0,0.51917183,0.0025254013,0.0,0.06335744,0.0,0.27325544735066504,0.002525401309585221,0.0,0.06335744628850946,0.0,0.51917183,0.0025254013,0.0,0.06335744,0.0,0.27325544735066504,0.002525401309585221,0.0,0.06335744628850946
2012-12-07 10:00:00,0.0,0.0,0.0,0.0,0.0,0.0,0.0,0.0,0.0,0.0,0.0,0.0,0.0,0.0,0.0,0.0,0.0,0.0,0.0,0.0,0.019777626,0.6152778,0.0,0.0,0.0,0.0,0.0,0.0,0.0,0.0,263.77316,266.96463,263.19556,259.8503,264.7554,263.77316,266.96463,263.19556,259.8503,264.7554,263.77316,266.96463,263.19556,259.8503,264.7554,0.0,0.0,0.0,0.0,0.0,0.0,0.0,0.0,0.0,0.0,0.056764264,0.6208484,0.002798431,0.0,0.0600798,0.04723762261617941,0.33948941561251267,0.002798431013207022,0.0,0.06007980353119151,0.056764264,0.6208484,0.002798431,0.0,0.0600798,0.04723762261617941,0.33948941561251267,0.002798431013207022,0.0,0.06007980353119151
2012-12-07 11:00:00,0.0,0.0,0.0,0.0,0.0,0.0,0.0,0.0,0.0,0.0,0.0,0.0,0.0,0.0,0.0,0.0,0.0,0.0,0.0,0.0,0.19448154,0.6191467,0.0,0.0,0.0,0.0,0.0,0.0,0.0,0.0,264.8568,266.98666,263.6005,262.77332,265.53732,264.8568,266.98666,263.6005,262.77332,265.53732,264.8568,266.98666,263.6005,262.77332,265.53732,0.0,0.0,0.0,0.0,0.0,0.0,0.0,0.0,0.0,0.0,0.22482207,0.62469375,0.028609846,0.0,0.07354889,0.17571171253959605,0.3419943092841409,0.0031149460522912164,0.0,0.07354889137850515,0.22482207,0.62469375,0.028609846,0.0,0.07354889,0.17571171253959605,0.3419943092841409,0.0031149460522912164,0.0,0.07354889137850515
2012-12-07 12:00:00,0.0,0.0,0.0,0.0,0.0,0.0,0.0,0.0,0.0,0.0,0.0,0.0,0.0,0.0,0.0,0.0,0.0,0.0,0.0,0.0,0.37794313,0.64834046,0.0,0.0,0.0,0.0,0.0,0.0,0.0,0.0,265.99478,267.15292,263.80112,263.58295,265.25912,265.99478,267.15292,263.80112,263.58295,265.25912,265.99478,267.15292,263.80112,263.58295,265.25912,0.0,0.0,0.0,0.0,0.0,0.0,0.0,0.0,0.0,0.0,0.40130433,0.6537092,0.055220302,0.009357879,0.06875675,0.310625969183103,0.3608955014213021,0.0032717604216438052,0.009357878992642676,0.06875675162297822,0.40130433,0.6537092,0.055220302,0.009357879,0.06875675,0.310625969183103,0.3608955014213021,0.0032717604216438052,0.009357878992642676,0.06875675162297822
2012-12-07 13:00:00,0.0,0.0,0.0,0.0,0.0,0.0,0.0,0.0,0.0,0.0,0.0,0.0,0.0,0.0,0.0,0.0,0.0,0.0,0.0,0.0,0.27778685,0.6297299,0.0,0.0,0.0,0.0,0.0,0.0,0.0,0.0,265.37354,267.04694,263.69727,265.82025,265.5712,265.37354,267.04694,263.69727,265.82025,265.5712,265.37354,267.04694,263.69727,265.82025,265.5712,0.0,0.0,0.0,0.0,0.0,0.0,0.0,0.0,0.0,0.0,0.30495825,0.63521236,0.041445524,0.12844752,0.0741324,0.23697289394665605,0.3488463383720435,0.003190586205199196,0.12844752449867097,0.07413240115567002,0.30495825,0.63521236,0.041445524,0.12844752,0.0741324,0.23697289394665605,0.3488463383720435,0.003190586205199196,0.12844752449867097,0.07413240115567002
2012-12-07 14:00:00,0.0,0.0,0.0,0.0,0.0,0.0,0.0,0.0,0.0,0.0,0.0,0.0,0.0,0.0,0.0,0.0,0.0,0.0,0.0,0.0,0.31182334,0.5247708,0.0,0.0,0.0,0.0,0.0,0.0,0.0,0.0,265.58466,266.4492,263.78568,265.7322,264.97763,265.58466,266.4492,263.78568,265.7322,264.97763,265.58466,266.4492,263.78568,265.7322,264.97763,0.0,0.0,0.0,0.0,0.0,0.0,0.0,0.0,0.0,0.0,0.33769992,0.5308941,0.053172097,0.123761065,0.06390784,0.26200271044642226,0.2808915567291327,0.003259690438240639,0.1237610662478404,0.0639078379431866,0.33769992,0.5308941,0.053172097,0.123761065,0.06390784,0.26200271044642226,0.2808915567291327,0.003259690438240639,0.1237610662478404,0.0639078379431866
2012-12-07 15:00:00,0.0,0.0,0.0,0.0,0.0,0.0,0.0,0.0,0.0,0.0,0.0,0.0,0.0,0.0,0.0,0.0,0.0,0.0,0.0,0.0,0.22002123,0.3204627,0.0,0.0,0.0,0.0,0.0,0.0,0.0,0.0,265.01523,265.28564,262.15518,264.73563,264.004,265.01523,265.28564,262.15518,264.73563,264.004,265.01523,265.28564,262.15518,264.73563,264.004,0.0,0.0,0.0,0.0,0.0,0.0,0.0,0.0,0.0,0.0,0.24939017,0.32783386,0.0019852337,0.07071393,0.0471364,0.1944931200923984,0.14861443620535386,0.0019852337717103552,0.07071393257743368,0.047136400167810184,0.24939017,0.32783386,0.0019852337,0.07071393,0.0471364,0.1944931200923984,0.14861443620535386,0.0019852337717103552,0.07071393257743368,0.047136400167810184
2012-12-07 16:00:00,0.0,0.0,0.0,0.0,0.0,0.0,0.0,0.0,0.0,0.0,0.0,0.0,0.0,0.0,0.0,0.0,0.0,0.0,0.0,0.0,0.0,0.2777867,0.0,0.0,0.0,0.0,0.0,0.0,0.0,0.0,263.22968,265.0426,261.87936,265.03424,264.069,263.22968,265.0426,261.87936,265.03424,264.069,263.22968,265.0426,261.87936,265.03424,264.069,0.0,0.0,0.0,0.0,0.0,0.0,0.0,0.0,0.0,0.0,0.0,0.28541848,0.0017696439,0.0866089,0.048256107,0.0,0.12098427941747716,0.001769643831003223,0.08660890449576202,0.04825610811858601,0.0,0.28541848,0.0017696439,0.0866089,0.048256107,0.0,0.12098427941747716,0.001769643831003223,0.08660890449576202,0.04825610811858601
2012-12-07 17:00:00,0.0,0.0,0.0,0.0,0.0,0.0,0.0,0.0,0.0,0.0,0.0,0.0,0.0,0.0,0.0,0.0,0.0,0.0,0.0,0.0,0.0,0.24391486,0.0,0.0,0.0,0.0,0.0,0.0,0.0,0.0,261.49234,264.8497,261.662,263.68222,263.6007,261.49234,264.8497,261.662,263.68222,263.6007,261.49234,264.8497,261.662,263.68222,263.6007,0.0,0.0,0.0,0.0,0.0,0.0,0.0,0.0,0.0,0.0,0.0,0.2517535,0.0015997337,0.014642125,0.04018948,0.0,0.09905431695437215,0.001599733768195421,0.014642124639073153,0.040189479712644714,0.0,0.2517535,0.0015997337,0.014642125,0.04018948,0.0,0.09905431695437215,0.001599733768195421,0.014642124639073153,0.040189479712644714
2012-12-07 18:00:00,0.0,0.0,0.0,0.0,0.0,0.0,0.0,0.0,0.0,0.0,0.0,0.0,0.0,0.0,0.0,0.0,0.0,0.0,0.0,0.0,0.0,0.21280807,0.0,0.0,0.0,0.0,0.0,0.0,0.0,0.0,263.04645,264.67255,261.45712,264.3015,263.6649,263.04645,264.67255,261.45712,264.3015,263.6649,263.04645,264.67255,261.45712,264.3015,263.6649,0.0,0.0,0.0,0.0,0.0,0.0,0.0,0.0,0.0,0.0,0.0,0.22083671,0.0014396037,0.047606524,0.041294996,0.0,0.07891455550866343,0.0014396037314652835,0.047606525777411125,0.04129499418235437,0.0,0.22083671,0.0014396037,0.047606524,0.041294996,0.0,0.07891455550866343,0.0014396037314652835,0.047606525777411125,0.04129499418235437
2012-12-07 19:00:00,0.0,0.0,0.0,0.0,0.0,0.0,0.0,0.0,0.0,0.0,0.0,0.0,0.0,0.0,0.0,0.0,0.0,0.0,0.0,0.0,0.0,0.1996955,0.0,0.0,0.0,0.0,0.0,0.0,0.0,0.0,263.37704,264.59787,260.99072,264.94833,263.46524,263.37704,264.59787,260.99072,264.94833,263.46524,263.37704,264.59787,260.99072,264.94833,263.46524,0.0,0.0,0.0,0.0,0.0,0.0,0.0,0.0,0.0,0.0,0.0,0.20780426,0.0010750473,0.08203615,0.037855968,0.0002750585561962564,0.07042497820329748,0.001075047295989834,0.08203615580387706,0.0378559662884692,0.0,0.20780426,0.0010750473,0.08203615,0.037855968,0.0002750585561962564,0.07042497820329748,0.001075047295989834,0.08203615580387706,0.0378559662884692
2012-12-07 20:00:00,0.0,0.0,0.0,0.0,0.0,0.0,0.0,0.0,0.0,0.0,0.0,0.0,0.0,0.0,0.0,0.0,0.0,0.0,0.0,0.0,0.05467024,0.15832697,0.0,0.0,0.0,0.0,0.0,0.0,0.0,0.0,263.9896,264.36227,261.6886,265.1924,263.45554,263.9896,264.36227,261.6886,265.1924,263.45554,263.9896,264.36227,261.6886,265.1924,263.45554,0.0,0.0,0.0,0.0,0.0,0.0,0.0,0.0,0.0,0.0,0.090329446,0.16668838,0.0016205342,0.09502829,0.0376888,0.0728969835031904,0.043641350578685685,0.001620534213902062,0.09502828512455049,0.03768879862257873,0.090329446,0.16668838,0.0016205342,0.09502829,0.0376888,0.0728969835031904,0.043641350578685685,0.001620534213902062,0.09502828512455049,0.03768879862257873
2012-12-07 21:00:00,0.0,0.0,0.0,0.0,0.0,0.0,0.0,0.0,0.0,0.0,0.0,0.0,0.0,0.0,0.0,0.0,0.0,0.0,0.0,0.0,0.031492144,0.07746017,0.0,0.0,0.0,0.0,0.0,0.0,0.0,0.0,263.84583,263.90173,262.6501,265.1762,263.12814,263.84583,263.90173,262.6501,265.1762,263.12814,263.84583,263.90173,262.6501,265.1762,263.12814,0.0,0.0,0.0,0.0,0.0,0.0,0.0,0.0,0.0,0.0,0.068033114,0.08631535,0.0023720695,0.09416572,0.0341434,0.05585225012209789,0.0,0.002372069583665166,0.09416571689883439,0.03414340075938443,0.068033114,0.08631535,0.0023720695,0.09416572,0.0341434,0.05585225012209789,0.0,0.002372069583665166,0.09416571689883439,0.03414340075938443
2012-12-07 22:00:00,0.0,0.0,0.0,0.0,0.0,0.0,0.0,0.0,0.0,0.0,0.0,0.0,0.0,0.0,0.0,0.0,0.0,0.0,0.0,0.0,0.0,0.0055367444,0.0,0.0,0.0,0.0,0.0,0.0,0.0,0.0,262.72168,263.49213,262.60483,265.83093,262.0045,262.72168,263.49213,262.60483,265.83093,262.0045,262.72168,263.49213,262.60483,265.83093,262.0045,0.0,0.0,0.0,0.0,0.0,0.0,0.0,0.0,0.0,0.0,0.0,0.0148312375,0.0023366946,0.12901607,0.023221767,0.0,0.0,0.0023366945137305913,0.12901607229339912,0.023221767243325385,0.0,0.0148312375,0.0023366946,0.12901607,0.023221767,0.0,0.0,0.0023366945137305913,0.12901607229339912,0.023221767243325385
2012-12-07 23:00:00,0.0,0.0,0.0,0.0,0.0,0.0,0.0,0.0,0.0,0.0,0.0,0.0,0.0,0.0,0.0,0.0,0.0,0.0,0.0,0.0,0.039280448,0.056234654,0.0,0.0,0.0,0.0,0.0,0.0,0.0,0.0,263.89413,263.78085,262.6227,265.97403,262.0151,263.89413,263.78085,262.6227,265.97403,262.0151,263.89413,263.78085,262.6227,265.97403,262.0151,0.0,0.0,0.0,0.0,0.0,0.0,0.0,0.0,0.0,0.0,0.07552517,0.06521949,0.0023506728,0.136633,0.023324993,0.06157965681754887,0.0,0.002350672794905009,0.13663298832048568,0.023324991807790043,0.07552517,0.06521949,0.0023506728,0.136633,0.023324993,0.06157965681754887,0.0,0.002350672794905009,0.13663298832048568,0.023324991807790043
