,CH-Cha_REF_GPP_WRF,CH-Cha_ALPS_GPP_WRF,CH-Fru_REF_GPP_WRF,CH-Fru_ALPS_GPP_WRF,CH-Oe1_REF_GPP_WRF,CH-Oe1_ALPS_GPP_WRF,DE-Lkb_REF_GPP_WRF,DE-Lkb_ALPS_GPP_WRF,IT-Isp_REF_GPP_WRF,IT-Isp_ALPS_GPP_WRF,IT-La2_REF_GPP_WRF,IT-La2_ALPS_GPP_WRF,IT-PT1_REF_GPP_WRF,IT-PT1_ALPS_GPP_WRF,CH-Oe2_REF_GPP_WRF,CH-Oe2_ALPS_GPP_WRF,CH-Oe2_SITE_GPP_WRF,IT-Tor_REF_GPP_WRF,IT-Tor_ALPS_GPP_WRF,IT-Tor_SITE_GPP_WRF,CH-Lae_REF_GPP_WRF,CH-Lae_ALPS_GPP_WRF,CH-Lae_SITE_GPP_WRF,CH-Dav_REF_GPP_WRF,IT-Lav_REF_GPP_WRF,IT-Ren_REF_GPP_WRF,AT-Neu_REF_GPP_WRF,IT-MBo_REF_GPP_WRF,CH-Dav_ALPS_GPP_WRF,IT-Lav_ALPS_GPP_WRF,IT-Ren_ALPS_GPP_WRF,AT-Neu_ALPS_GPP_WRF,IT-MBo_ALPS_GPP_WRF,CH-Dav_SITE_GPP_WRF,IT-Lav_SITE_GPP_WRF,IT-Ren_SITE_GPP_WRF,AT-Neu_SITE_GPP_WRF,IT-MBo_SITE_GPP_WRF,CH-Cha_REF_RECO_WRF,CH-Cha_ALPS_RECO_WRF,CH-Fru_REF_RECO_WRF,CH-Fru_ALPS_RECO_WRF,CH-Oe1_REF_RECO_WRF,CH-Oe1_ALPS_RECO_WRF,DE-Lkb_REF_RECO_WRF,DE-Lkb_ALPS_RECO_WRF,IT-Isp_REF_RECO_WRF,IT-Isp_ALPS_RECO_WRF,IT-La2_REF_RECO_WRF,IT-La2_ALPS_RECO_WRF,IT-PT1_REF_RECO_WRF,IT-PT1_ALPS_RECO_WRF,CH-Oe2_REF_RECO_WRF,CH-Oe2_ALPS_RECO_WRF,CH-Oe2_SITE_RECO_WRF,IT-Tor_REF_RECO_WRF,IT-Tor_ALPS_RECO_WRF,IT-Tor_SITE_RECO_WRF,CH-Lae_REF_RECO_WRF,CH-Lae_ALPS_RECO_WRF,CH-Lae_SITE_RECO_WRF,CH-Dav_REF_RECO_WRF,IT-Lav_REF_RECO_WRF,IT-Ren_REF_RECO_WRF,AT-Neu_REF_RECO_WRF,IT-MBo_REF_RECO_WRF,CH-Dav_ALPS_RECO_WRF,IT-Lav_ALPS_RECO_WRF,IT-Ren_ALPS_RECO_WRF,AT-Neu_ALPS_RECO_WRF,IT-MBo_ALPS_RECO_WRF,CH-Dav_SITE_RECO_WRF,IT-Lav_SITE_RECO_WRF,IT-Ren_SITE_RECO_WRF,AT-Neu_SITE_RECO_WRF,IT-MBo_SITE_RECO_WRF,CH-Cha_REF_T2_WRF,CH-Cha_ALPS_T2_WRF,CH-Fru_REF_T2_WRF,CH-Fru_ALPS_T2_WRF,CH-Oe1_REF_T2_WRF,CH-Oe1_ALPS_T2_WRF,DE-Lkb_REF_T2_WRF,DE-Lkb_ALPS_T2_WRF,IT-Isp_REF_T2_WRF,IT-Isp_ALPS_T2_WRF,IT-La2_REF_T2_WRF,IT-La2_ALPS_T2_WRF,IT-PT1_REF_T2_WRF,IT-PT1_ALPS_T2_WRF,CH-Oe2_REF_T2_WRF,CH-Oe2_ALPS_T2_WRF,CH-Oe2_SITE_T2_WRF,IT-Tor_REF_T2_WRF,IT-Tor_ALPS_T2_WRF,IT-Tor_SITE_T2_WRF,CH-Lae_REF_T2_WRF,CH-Lae_ALPS_T2_WRF,CH-Lae_SITE_T2_WRF,CH-Dav_REF_T2_WRF,IT-Lav_REF_T2_WRF,IT-Ren_REF_T2_WRF,AT-Neu_REF_T2_WRF,IT-MBo_REF_T2_WRF,CH-Dav_ALPS_T2_WRF,IT-Lav_ALPS_T2_WRF,IT-Ren_ALPS_T2_WRF,AT-Neu_ALPS_T2_WRF,IT-MBo_ALPS_T2_WRF,CH-Dav_SITE_T2_WRF,IT-Lav_SITE_T2_WRF,IT-Ren_SITE_T2_WRF,AT-Neu_SITE_T2_WRF,IT-MBo_SITE_T2_WRF,CH-Cha_ALPS_GPP_recalc,CH-Fru_ALPS_GPP_recalc,CH-Oe1_ALPS_GPP_recalc,DE-Lkb_ALPS_GPP_recalc,IT-Isp_ALPS_GPP_recalc,IT-La2_ALPS_GPP_recalc,IT-PT1_ALPS_GPP_recalc,CH-Oe2_ALPS_GPP_recalc,IT-Tor_ALPS_GPP_recalc,CH-Lae_ALPS_GPP_recalc,CH-Dav_ALPS_GPP_recalc,IT-Lav_ALPS_GPP_recalc,IT-Ren_ALPS_GPP_recalc,AT-Neu_ALPS_GPP_recalc,IT-MBo_ALPS_GPP_recalc,CH-Dav_SITE_GPP_recalc,IT-Lav_SITE_GPP_recalc,IT-Ren_SITE_GPP_recalc,AT-Neu_SITE_GPP_recalc,IT-MBo_SITE_GPP_recalc,CH-Cha_ALPS_RECO_recalc,CH-Fru_ALPS_RECO_recalc,CH-Oe1_ALPS_RECO_recalc,DE-Lkb_ALPS_RECO_recalc,IT-Isp_ALPS_RECO_recalc,IT-La2_ALPS_RECO_recalc,IT-PT1_ALPS_RECO_recalc,CH-Oe2_ALPS_RECO_recalc,IT-Tor_ALPS_RECO_recalc,CH-Lae_ALPS_RECO_recalc,CH-Dav_ALPS_RECO_recalc,IT-Lav_ALPS_RECO_recalc,IT-Ren_ALPS_RECO_recalc,AT-Neu_ALPS_RECO_recalc,IT-MBo_ALPS_RECO_recalc,CH-Dav_SITE_RECO_recalc,IT-Lav_SITE_RECO_recalc,IT-Ren_SITE_RECO_recalc,AT-Neu_SITE_RECO_recalc,IT-MBo_SITE_RECO_recalc,CH-Cha_ALPS_NEE_recalc,CH-Fru_ALPS_NEE_recalc,CH-Oe1_ALPS_NEE_recalc,DE-Lkb_ALPS_NEE_recalc,IT-Isp_ALPS_NEE_recalc,IT-La2_ALPS_NEE_recalc,IT-PT1_ALPS_NEE_recalc,CH-Oe2_ALPS_NEE_recalc,IT-Tor_ALPS_NEE_recalc,CH-Lae_ALPS_NEE_recalc,CH-Dav_ALPS_NEE_recalc,IT-Lav_ALPS_NEE_recalc,IT-Ren_ALPS_NEE_recalc,AT-Neu_ALPS_NEE_recalc,IT-MBo_ALPS_NEE_recalc,CH-Dav_SITE_NEE_recalc,IT-Lav_SITE_NEE_recalc,IT-Ren_SITE_NEE_recalc,AT-Neu_SITE_NEE_recalc,IT-MBo_SITE_NEE_recalc
2012-01-20 00:00:00,0.0,0.0,0.0,0.0,0.0,0.0,0.0,0.0,0.0,0.0,0.0,0.0,0.0,0.0,0.0,0.0,0.0,0.0,0.0,0.0,0.0,0.0,0.0,0.0,0.0,0.0,0.0,0.0,0.0,0.0,0.0,0.0,0.0,0.0,0.0,0.0,0.0,0.0,0.6955532,1.8240471,0.85992956,1.9482276,0.73474485,2.0466077,0.786227,1.8767663,0.13669069,0.7135974,0.7276125,1.7277633,0.0,0.71644866,0.82426834,2.2473593,1.9296911,0.0,0.0,0.0006324807,0.78821456,2.0725195,1.752174,0.5722753,0.8195139,1.1492703,0.35719293,0.0,1.3928318,1.7532417,2.1099496,0.7297171,0.8451011,1.3810966,1.580784,2.2557642,0.62159324,1.023654,276.22137,276.22137,274.59784,274.59784,275.76227,275.76227,273.48175,273.48175,272.90677,272.90677,273.243,273.243,272.2608,272.2608,277.1925,277.1925,277.1925,266.93695,266.93695,266.93695,277.3792,277.3792,277.3792,273.1249,274.32385,275.9685,271.438,269.11093,273.1249,274.32385,275.9685,271.438,269.11093,273.1249,274.32385,275.9685,271.438,269.11093,0.0,0.0,0.0,0.0,0.0,0.0,0.0,0.0,0.0,0.0,0.0,0.0,0.0,0.0,0.0,0.0,0.0,0.0,0.0,0.0,1.824987,1.9508861,2.0475965,1.8789991,0.71318907,1.7301567,0.7151558,2.2461424,0.038835123,2.0719879,1.394786,1.7551268,2.1125083,0.7320306,0.86769277,1.2048717085125364,1.3207146202271358,2.056474818844901,0.8842155397676535,1.0297879762709312,1.824987,1.9508861,2.0475965,1.8789991,0.71318907,1.7301567,0.7151558,2.2461424,0.038835123,2.0719879,1.394786,1.7551268,2.1125083,0.7320306,0.86769277,1.2048717085125364,1.3207146202271358,2.056474818844901,0.8842155397676535,1.0297879762709312
2012-01-20 01:00:00,0.0,0.0,0.0,0.0,0.0,0.0,0.0,0.0,0.0,0.0,0.0,0.0,0.0,0.0,0.0,0.0,0.0,0.0,0.0,0.0,0.0,0.0,0.0,0.0,0.0,0.0,0.0,0.0,0.0,0.0,0.0,0.0,0.0,0.0,0.0,0.0,0.0,0.0,0.70281935,1.8361889,0.8576255,1.9433184,0.72291803,2.0222948,0.81119055,1.9038773,0.116747744,0.68926066,1.1329758,2.2536356,0.0,0.7441033,0.82930833,2.2534542,1.9358704,0.0016152915,0.0,0.057954215,0.77512836,2.0582564,1.7382601,0.5332859,0.8624343,1.1482462,0.33208215,0.80519944,1.3344777,1.7990911,2.1086097,0.64972544,1.9642677,1.3002799,1.6482728,2.2544596,0.5352542,2.1162262,276.28876,276.28876,274.58008,274.58008,275.6726,275.6726,273.62415,273.62415,272.67673,272.67673,275.78366,275.78366,272.41364,272.41364,277.22202,277.22202,277.22202,267.65616,267.65616,267.65616,277.28687,277.28687,277.28687,272.8352,274.60184,275.9617,271.13852,274.32977,272.8352,274.60184,275.9617,271.13852,274.32977,272.8352,274.60184,275.9617,271.13852,274.32977,0.0,0.0,0.0,0.0,0.0,0.0,0.0,0.0,0.0,0.0,0.0,0.0,0.0,0.0,0.0,0.0,0.0,0.0,0.0,0.0,1.837129,1.9459769,2.0232837,1.90611,0.6888523,2.2560287,0.7428105,2.2522373,0.043509394,2.0577247,1.3367326,1.8009763,2.1111684,0.6520389,1.9659336,1.1525419773149785,1.3564874276867596,2.054516842172139,0.8034315637986871,2.1172836875914696,1.837129,1.9459769,2.0232837,1.90611,0.6888523,2.2560287,0.7428105,2.2522373,0.043509394,2.0577247,1.3367326,1.8009763,2.1111684,0.6520389,1.9659336,1.1525419773149785,1.3564874276867596,2.054516842172139,0.8034315637986871,2.1172836875914696
2012-01-20 02:00:00,0.0,0.0,0.0,0.0,0.0,0.0,0.0,0.0,0.0,0.0,0.0,0.0,0.0,0.0,0.0,0.0,0.0,0.0,0.0,0.0,0.0,0.0,0.0,0.0,0.0,0.0,0.0,0.0,0.0,0.0,0.0,0.0,0.0,0.0,0.0,0.0,0.0,0.0,0.69862354,1.8291777,0.8588369,1.9458995,0.70375276,1.982896,0.6067751,1.6818767,0.13627797,0.71309376,0.9305376,1.9910153,0.0,0.73171175,0.816388,2.2378292,1.9200288,0.0,0.0,0.035044488,0.7637895,2.0458977,1.7262043,0.5309736,0.89288706,1.1071928,0.3183382,0.6991217,1.3310167,1.831622,2.054903,0.60594314,1.8251661,1.2954869,1.696157,2.2021642,0.48799783,1.9804301,276.24985,276.24985,274.58942,274.58942,275.5273,275.5273,272.45813,272.45813,272.902,272.902,274.51486,274.51486,272.34515,272.34515,277.14636,277.14636,277.14636,267.3687,267.3687,267.3687,277.20685,277.20685,277.20685,272.81802,274.79907,275.68893,270.9746,273.68112,272.81802,274.79907,275.68893,270.9746,273.68112,272.81802,274.79907,275.68893,270.9746,273.68112,0.0,0.0,0.0,0.0,0.0,0.0,0.0,0.0,0.0,0.0,0.0,0.0,0.0,0.0,0.0,0.0,0.0,0.0,0.0,0.0,1.8301177,1.9485581,1.9838848,1.6842389,0.7126854,1.9934086,0.73041886,2.236612,0.04164123,2.045366,1.3332897,1.8335072,2.0574617,0.6082566,1.826832,1.1494384653941712,1.381868880602727,1.9760397323015504,0.7592156527695094,1.9815247902797182,1.8301177,1.9485581,1.9838848,1.6842389,0.7126854,1.9934086,0.73041886,2.236612,0.04164123,2.045366,1.3332897,1.8335072,2.0574617,0.6082566,1.826832,1.1494384653941712,1.381868880602727,1.9760397323015504,0.7592156527695094,1.9815247902797182
2012-01-20 03:00:00,0.0,0.0,0.0,0.0,0.0,0.0,0.0,0.0,0.0,0.0,0.0,0.0,0.0,0.0,0.0,0.0,0.0,0.0,0.0,0.0,0.0,0.0,0.0,0.0,0.0,0.0,0.0,0.0,0.0,0.0,0.0,0.0,0.0,0.0,0.0,0.0,0.0,0.0,0.7176346,1.8609456,0.84260905,1.9113237,0.681198,1.9365292,0.50934505,1.5760647,0.11498839,0.68711364,1.0936284,2.2025907,0.0,0.70154446,0.8098887,2.2299693,1.9120603,0.00025618263,0.0,0.054493073,0.76062375,2.0424473,1.7228386,0.45863017,0.8752222,0.93839556,0.29983708,0.71103466,1.2227422,1.8127518,1.83408,0.5470071,1.8407876,1.1455336,1.6683806,1.9871442,0.42438516,1.9956805,276.42615,276.42615,274.46432,274.46432,275.35632,275.35632,271.90237,271.90237,272.65643,272.65643,275.53705,275.53705,272.17844,272.17844,277.1083,277.1083,277.1083,267.61273,267.61273,267.61273,277.1845,277.1845,277.1845,272.2805,274.68466,274.5674,270.75397,273.75397,272.2805,274.68466,274.5674,270.75397,273.75397,272.2805,274.68466,274.5674,270.75397,273.75397,0.0,0.0,0.0,0.0,0.0,0.0,0.0,0.0,0.0,0.0,0.0,0.0,0.0,0.0,0.0,0.0,0.0,0.0,0.0,0.0,1.8618857,1.9139822,1.9375181,1.5785313,0.68670535,2.204984,0.70025164,2.2287521,0.043227155,2.0419157,1.2255733,1.814637,1.8366388,0.5493205,1.8424536,1.0523420906639718,1.3671458314023617,1.6533686886962544,0.699695817219155,1.996770920031925,1.8618857,1.9139822,1.9375181,1.5785313,0.68670535,2.204984,0.70025164,2.2287521,0.043227155,2.0419157,1.2255733,1.814637,1.8366388,0.5493205,1.8424536,1.0523420906639718,1.3671458314023617,1.6533686886962544,0.699695817219155,1.996770920031925
2012-01-20 04:00:00,0.0,0.0,0.0,0.0,0.0,0.0,0.0,0.0,0.0,0.0,0.0,0.0,0.0,0.0,0.0,0.0,0.0,0.0,0.0,0.0,0.0,0.0,0.0,0.0,0.0,0.0,0.0,0.0,0.0,0.0,0.0,0.0,0.0,0.0,0.0,0.0,0.0,0.0,0.6593708,1.7635851,0.7795466,1.7769594,0.6631196,1.8993647,0.5977871,1.6721152,0.096823305,0.6649465,0.9988367,2.0796187,0.0,0.65116084,0.8229654,2.2457836,1.9280936,0.0,0.0,0.0,0.74508137,2.0255072,1.7063134,0.35833344,0.88805753,0.9026196,0.27228257,0.6846637,1.0726305,1.8264629,1.7872776,0.45923054,1.8062068,0.9376389,1.6885626,1.9415717,0.32964364,1.9619213,275.88583,275.88583,273.9782,273.9782,275.21927,275.21927,272.40686,272.40686,272.4469,272.4469,274.94293,274.94293,271.9,271.9,277.18488,277.18488,277.18488,266.22467,266.22467,266.22467,277.07483,277.07483,277.07483,271.53525,274.7678,274.3297,270.42535,273.5927,271.53525,274.7678,274.3297,270.42535,273.5927,271.53525,274.7678,274.3297,270.42535,273.5927,0.0,0.0,0.0,0.0,0.0,0.0,0.0,0.0,0.0,0.0,0.0,0.0,0.0,0.0,0.0,0.0,0.0,0.0,0.0,0.0,1.764525,1.7796179,1.9003537,1.6744872,0.66453815,2.082012,0.649868,2.2445664,0.034205876,2.0249755,1.0762355,1.8283479,1.7898363,0.46154404,1.8078729,0.9177279501557694,1.3778435070550146,1.5849799877808355,0.6110499542584058,1.9630212134501657,1.764525,1.7796179,1.9003537,1.6744872,0.66453815,2.082012,0.649868,2.2445664,0.034205876,2.0249755,1.0762355,1.8283479,1.7898363,0.46154404,1.8078729,0.9177279501557694,1.3778435070550146,1.5849799877808355,0.6110499542584058,1.9630212134501657
2012-01-20 05:00:00,0.0,0.0,0.0,0.0,0.0,0.0,0.0,0.0,0.0,0.0,0.0,0.0,0.0,0.0,0.0,0.0,0.0,0.0,0.0,0.0,0.0,0.0,0.0,0.0,0.0,0.0,0.0,0.0,0.0,0.0,0.0,0.0,0.0,0.0,0.0,0.0,0.0,0.0,0.591603,1.6503432,0.7582434,1.7315695,0.65904987,1.8909984,0.42716804,1.4868182,0.11304119,0.6847375,0.9292618,1.9893603,0.0,0.6022958,0.82268393,2.245443,1.9277482,0.0,0.0,0.0,0.8155241,2.1022854,1.7812103,0.234059,0.78944755,0.8628845,0.26823947,0.39460343,0.8866322,1.7211235,1.7352955,0.446351,1.4258456,0.6800436,1.5335072,1.8909557,0.3157421,1.5905986,275.2574,275.2574,273.814,273.814,275.18842,275.18842,271.43362,271.43362,272.63397,272.63397,274.50687,274.50687,271.62994,271.62994,277.18323,277.18323,277.18323,265.94128,265.94128,265.94128,277.57193,277.57193,277.57193,270.61185,274.12912,274.0657,270.37714,271.81903,270.61185,274.12912,274.0657,270.37714,271.81903,270.61185,274.12912,274.0657,270.37714,271.81903,0.0,0.0,0.0,0.0,0.0,0.0,0.0,0.0,0.0,0.0,0.0,0.0,0.0,0.0,0.0,0.0,0.0,0.0,0.0,0.0,1.6512831,1.734228,1.8919873,1.4893726,0.6843291,1.9917536,0.60100293,2.2442262,0.032364093,2.1017535,0.8911961,1.7230086,1.7378542,0.4486645,1.428292,0.7509320998897097,1.2956551971949857,1.5090227851079263,0.5980428532667654,1.5925803687524196,1.6512831,1.734228,1.8919873,1.4893726,0.6843291,1.9917536,0.60100293,2.2442262,0.032364093,2.1017535,0.8911961,1.7230086,1.7378542,0.4486645,1.428292,0.7509320998897097,1.2956551971949857,1.5090227851079263,0.5980428532667654,1.5925803687524196
2012-01-20 06:00:00,0.0,0.0,0.0,0.0,0.0,0.0,0.0,0.0,0.0,0.0,0.0,0.0,0.0,0.0,0.0,0.0,0.0,0.0,0.0,0.0,0.0,0.0,0.0,0.0,0.0,0.0,0.0,0.0,0.0,0.0,0.0,0.0,0.0,0.0,0.0,0.0,0.0,0.0,0.5943179,1.65488,0.6928374,1.5922116,0.6504917,1.873405,0.3557607,1.4092679,0.13301855,0.7091163,0.889637,1.9379556,0.0,0.54592067,0.85690534,2.286829,1.969707,0.0,0.0,0.017619597,0.9461518,2.244661,1.9200975,0.20194516,0.7790672,0.79808474,0.23981489,0.27518067,0.8385682,1.7100351,1.6505234,0.35580295,1.2692444,0.6134781,1.5171853,1.8084112,0.21800908,1.4377186,275.28256,275.28256,273.3098,273.3098,275.12354,275.12354,271.0263,271.0263,272.8644,272.8644,274.2585,274.2585,271.3184,271.3184,277.3836,277.3836,277.3836,267.1501,267.1501,267.1501,278.49374,278.49374,278.49374,270.37323,274.0619,273.63516,270.03815,271.08878,270.37323,274.0619,273.63516,270.03815,271.08878,270.37323,274.0619,273.63516,270.03815,271.08878,0.0,0.0,0.0,0.0,0.0,0.0,0.0,0.0,0.0,0.0,0.0,0.0,0.0,0.0,0.0,0.0,0.0,0.0,0.0,0.0,1.6558199,1.5948701,1.8743939,1.4118985,0.70870787,1.9403489,0.54462785,2.2856119,0.040220328,2.2441294,0.84337986,1.71192,1.6530823,0.35811648,1.2721189,0.7078302176360801,1.2870035894626823,1.3851522250212998,0.5065979938900935,1.440170395359943,1.6558199,1.5948701,1.8743939,1.4118985,0.70870787,1.9403489,0.54462785,2.2856119,0.040220328,2.2441294,0.84337986,1.71192,1.6530823,0.35811648,1.2721189,0.7078302176360801,1.2870035894626823,1.3851522250212998,0.5065979938900935,1.440170395359943
2012-01-20 07:00:00,0.0,0.0,0.0,0.0,0.0,0.0,0.0,0.0,0.0,0.0,-0.004729925,-0.006749309,0.0,0.0,0.0,0.0,0.0,0.0,0.0,0.0,0.0,0.0,0.0,0.0,0.0,-0.0027343608,0.0,0.0,0.0,0.0,-0.0040548556,0.0,0.0,0.0,0.0,-0.002453871,0.0,0.0,0.5798515,1.6307061,0.6187176,1.4342878,0.6430446,1.8580956,0.29860598,1.3471961,0.1591735,0.7410337,0.73423934,1.7363604,0.0,0.6782799,0.9221636,2.3657494,2.0497198,0.0,0.0,0.036391996,0.88667613,2.1798363,1.8568614,0.29293513,0.63713634,0.7665667,0.20647205,0.21069066,0.9747506,1.5584185,1.6092913,0.2495876,1.1846775,0.8020817,1.2940116,1.7682626,0.10336553,1.3551612,275.1484,275.1484,272.73846,272.73846,275.06708,275.06708,270.7003,270.7003,273.1661,273.1661,273.28455,273.28455,272.04987,272.04987,277.76572,277.76572,277.76572,267.38562,267.38562,267.38562,278.07404,278.07404,278.07404,271.04932,273.14264,273.42575,269.6405,270.69443,271.04932,273.14264,273.42575,269.6405,270.69443,271.04932,273.14264,273.42575,269.6405,270.69443,0.0,0.0,0.0,0.0,0.0,0.010415422,0.0,0.0,0.0,0.0,0.0,0.0,0.006416162,0.0,0.0,0.0,0.0,0.004892221854845727,0.0,0.0,1.631646,1.4369634,1.8590846,1.349888,0.74062526,1.7387536,0.67698705,2.3645325,0.041751113,2.1793046,0.97886014,1.5603083,1.6118499,0.25190106,1.1877834,0.8299531360971247,1.1687134920844593,1.3249027365527408,0.3993305724210591,1.357866844180304,1.631646,1.4369634,1.8590846,1.349888,0.74062526,1.7283381,0.67698705,2.3645325,0.041751113,2.1793046,0.97886014,1.5603083,1.6054338,0.25190106,1.1877834,0.8299531360971247,1.1687134920844593,1.320010514697895,0.3993305724210591,1.357866844180304
2012-01-20 08:00:00,-0.03417801,-0.03927312,0.0,0.0,-0.050628867,-0.0781816,0.0,0.0,-0.034617946,-0.038650885,-0.90734226,-1.1908996,-0.001648651,-0.0021077828,-0.104666434,-0.100088954,-0.07955163,0.0,0.0,0.0,-0.085990116,-0.07824114,-0.060419027,0.0,-0.18352331,0.0,0.0,-0.6462289,0.0,-0.2444143,0.0,0.0,-0.8472058,0.0,-0.19190703,0.0,0.0,-0.63509554,0.5661781,1.6078578,0.65379393,1.5090235,0.6839836,1.9422559,0.34668165,1.3994077,0.26607653,0.87148947,1.0426489,2.1364558,0.10039112,0.9310375,0.97716486,2.4322653,2.1171565,0.0,0.0,0.0,0.8526678,2.1427696,1.8207026,0.30535102,0.74420875,0.6925899,0.17827776,1.1014132,0.9933332,1.6727978,1.5125138,0.15977322,2.3526978,0.8278174,1.4623736,1.6740282,0.006424384,2.4954264,275.0216,275.0216,273.00885,273.00885,275.37744,275.37744,270.97452,270.97452,274.39923,274.39923,275.21753,275.21753,273.44672,273.44672,278.08777,278.08777,278.08777,266.46146,266.46146,266.46146,277.83405,277.83405,277.83405,271.14157,273.83612,272.93423,269.30426,276.14108,271.14157,273.83612,272.93423,269.30426,276.14108,271.14157,273.83612,272.93423,269.30426,276.14108,0.049822062,0.0,0.10811599,0.0,0.035512347,1.6734233,0.0017964707,0.10869663,0.0,0.0850489,0.0,0.35533437,0.0,0.0,1.1278973,0.0,0.2841446951300775,0.0,0.0,1.1184530651526374,1.6087976,1.511688,1.9432447,1.4020481,0.8710811,2.138849,0.9297446,2.4310484,0.035744794,2.1422377,0.997347,1.6746829,1.5151203,0.17601606,2.354364,0.8466172862509451,1.2579502104324598,1.1835373573841825,0.3086266238603669,2.4963802687321137,1.5589755,1.511688,1.8351287,1.4020481,0.8355688,0.46542567,0.9279481,2.322352,0.035744794,2.0571887,0.997347,1.3193485,1.5151203,0.17601606,1.2264668,0.8466172862509451,0.9738055153023824,1.1835373573841825,0.3086266238603669,1.3779272035794763
2012-01-20 09:00:00,-0.05979772,-0.0680583,0.0,0.0,-0.22257663,-0.3523735,0.0,0.0,-0.13509935,-0.14646877,-0.9646202,-1.2188195,-0.019633971,-0.02391026,-0.28976375,-0.28116828,-0.2367154,0.0,0.0,0.0,-0.19529977,-0.17755927,-0.14088435,0.0,-0.56024253,0.0,0.0,-0.78339803,0.0,-0.7377379,0.0,0.0,-0.9807113,0.0,-0.59157825,0.0,0.0,-0.7898884,0.5410166,1.5658119,0.5625398,1.3145924,0.70830554,1.9922554,0.32231745,1.3729476,0.4396475,1.0833014,0.95324224,2.0204697,0.3025284,1.2092905,1.0043502,2.4651423,2.1504884,0.0,0.0,0.0,0.8072123,2.0932257,1.772373,0.29153457,0.9341866,0.691391,0.059932433,1.0157876,0.9726544,1.8757399,1.5109456,0.0,2.2404156,0.79917866,1.7610968,1.6725011,0.0,2.3858123,274.78827,274.78827,272.30542,272.30542,275.56183,275.56183,270.83554,270.83554,276.40137,276.40137,274.65717,274.65717,274.98447,274.98447,278.24695,278.24695,278.24695,266.2793,266.2793,266.2793,277.51328,277.51328,277.51328,271.0389,275.06656,272.92627,267.89288,275.6175,271.0389,275.06656,272.92627,267.89288,275.6175,271.0389,275.06656,272.92627,267.89288,275.6175,0.08602449,0.0,0.46255955,0.0,0.13538262,1.7042359,0.020580571,0.30174646,0.0,0.19231796,0.0,1.035327,0.0,0.0,1.3019432,0.0,0.8458645185537969,0.0,0.0,1.2955678006051072,1.5667518,1.3172861,1.9932442,1.3756139,1.0828931,2.022863,1.2079977,2.4639251,0.034560904,2.0926943,0.9767748,1.8776251,1.5135537,0.13473658,2.2420816,0.8280733890900283,1.4162907334278012,1.1812475045419708,0.13473657719161644,2.3867959167595085,1.4807273,1.3172861,1.5306846,1.3756139,0.9475105,0.3186271,1.1874171,2.1621788,0.034560904,1.9003762,0.9767748,0.84229803,1.5135537,0.13473658,0.9401384,0.8280733890900283,0.5704262148740044,1.1812475045419708,0.13473657719161644,1.0912281161544013
2012-01-20 10:00:00,-0.087696984,-0.09897378,0.0,0.0,-0.20805593,-0.2996074,0.0,0.0,-0.24471214,-0.2635615,-1.6009297,-2.0169232,-0.056391653,-0.06611436,-0.39765418,-0.39258438,-0.34220818,0.0,0.0,0.0,-0.3545815,-0.3220731,-0.26746365,0.0,-0.9980071,-0.0025164622,0.0,-0.95699877,0.0,-1.2862998,-0.003202587,0.0,-1.1845685,0.0,-1.0821904,-0.0026035598,0.0,-0.98323655,0.54389936,1.5706289,0.52006006,1.2240825,0.67213666,1.9179015,0.33683756,1.3887166,0.60601693,1.2863253,1.10157,2.2128932,0.567727,1.574351,1.023358,2.4881291,2.1737938,0.0,0.0,0.0,0.76162714,2.043541,1.7239052,0.3089407,1.0594187,0.7261518,0.036234204,1.0424728,0.9987058,2.0095181,1.5564198,0.0,2.2754085,0.83525807,1.958013,1.7167805,0.0,2.4199736,274.815,274.815,271.97797,271.97797,275.28763,275.28763,270.91837,270.91837,278.32043,278.32043,275.58682,275.58682,277.00195,277.00195,278.35825,278.35825,278.35825,265.93494,265.93494,265.93494,277.1916,277.1916,277.1916,271.16824,275.87766,273.15723,267.61026,275.78067,271.16824,275.87766,273.15723,267.61026,275.78067,271.16824,275.87766,273.15723,267.61026,275.78067,0.124295644,0.0,0.41044268,0.0,0.24580485,2.746281,0.057652358,0.41796905,0.0,0.346707,0.0,1.7443568,0.0047276225,0.0,1.5508229,0.0,1.5079904903016714,0.005008618733562691,0.0,1.54094264859588,1.571569,1.2267902,1.9188904,1.3913676,1.2859169,2.2152865,1.5730582,2.4869123,0.03232284,2.0430093,1.0026919,2.011403,1.5589786,0.1264705,2.2770746,0.8514351715418613,1.5206676877215632,1.2476460695409586,0.12647050531463805,2.420948013862587,1.4472734,1.2267902,1.5084476,1.3913676,1.0401121,-0.5309945,1.5154058,2.0689433,0.03232284,1.6963023,1.0026919,0.26704633,1.554251,0.1264705,0.7262517,0.8514351715418613,0.012677197419891817,1.2426374508073958,0.12647050531463805,0.8800053652667073
2012-01-20 11:00:00,-0.13439123,-0.14924327,0.0,0.0,-0.22705455,-0.32295233,0.0,0.0,-0.39074022,-0.4317731,-1.6628596,-2.0537076,-0.24914944,-0.30645657,-0.41021106,-0.40301514,-0.3512018,0.0,0.0,0.0,-0.56308085,-0.51110613,-0.45418665,0.0,-1.1049795,0.0,0.0,-1.2280425,0.0,-1.3834511,0.0,0.0,-1.5306756,0.0,-1.2297064,0.0,0.0,-1.2781535,0.5359882,1.5574093,0.48697096,1.1535811,0.66985416,1.9132096,0.3485649,1.4014529,0.7443504,1.4551362,1.062953,2.162796,0.89330333,2.0225246,1.0190581,2.4829292,2.168522,0.0,0.0,0.0,0.72860044,2.007544,1.6887904,0.2509805,1.01565,0.33256695,0.0,1.1437445,0.9119582,1.9627627,1.0415268,0.0,2.408208,0.71511835,1.889191,1.2154181,0.0,2.5496173,274.74164,274.74164,271.7229,271.7229,275.27032,275.27032,270.98526,270.98526,279.9161,279.9161,275.3448,275.3448,279.47876,279.47876,278.33307,278.33307,278.33307,265.39706,265.39706,265.39706,276.95853,276.95853,276.95853,270.73758,275.59418,270.54218,266.89413,276.39993,270.73758,275.59418,270.54218,266.89413,276.39993,270.73758,275.59418,270.54218,266.89413,276.39993,0.18549961,0.0,0.4426038,0.0,0.40935823,2.7902448,0.29226795,0.42925477,0.0,0.54528266,0.0,1.8666378,0.0,0.0,1.9611846,0.0,1.7121531050970078,0.0,0.0,1.9404126703012123,1.5583493,1.1562995,1.9141983,1.4040914,1.4547279,2.1651893,2.021232,2.4817123,0.028827103,2.0070124,0.9163915,1.9646478,1.044665,0.10552551,2.4098737,0.7736434127027234,1.4841879853950244,0.495853313970084,0.10552550556675185,2.5505560846341733,1.3728497,1.1562995,1.4715945,1.4040914,1.0453697,-0.6250555,1.7289639,2.0524576,0.028827103,1.4617296,0.9163915,0.09800995,1.044665,0.10552551,0.4486891,0.7736434127027234,-0.2279651197019834,0.495853313970084,0.10552550556675185,0.6101434143329609
2012-01-20 12:00:00,-0.07448791,-0.082944036,0.0,0.0,-0.24363409,-0.35859776,0.0,0.0,-0.5106722,-0.57199836,-0.7360852,-0.91874003,-0.4594629,-0.5705491,-0.44899985,-0.4395685,-0.38541976,0.0,0.0,0.0,-0.5196786,-0.47171873,-0.41342625,0.0,-0.38862956,0.0,0.0,-1.2016411,0.0,-0.4968301,0.0,0.0,-1.4971559,0.0,-0.4215428,0.0,0.0,-1.2492762,0.46420562,1.4374586,0.42626023,1.0242271,0.6813953,1.9369347,0.34957606,1.402551,0.8842527,1.6258618,0.8772695,1.9219114,1.1266142,2.3436902,1.0169265,2.4803514,2.1659083,0.0,0.0,0.0,0.730486,2.009599,1.6907953,0.0,0.7920107,0.18325368,0.0,1.1341522,0.48001522,1.7238618,0.846193,0.0,2.3956292,0.11690599,1.5375377,1.0252174,0.0,2.5373375,274.07596,274.07596,271.2549,271.2549,275.35782,275.35782,270.99103,270.99103,281.52988,281.52988,274.181,274.181,281.25366,281.25366,278.3206,278.3206,278.3206,265.1872,265.1872,265.1872,276.97183,276.97183,276.97183,268.59317,274.14572,269.5501,265.34384,276.34128,268.59317,274.14572,269.5501,265.34384,276.34128,268.59317,274.14572,269.5501,265.34384,276.34128,0.10428421,0.0,0.48259684,0.0,0.5475121,1.2919844,0.55276406,0.4677601,0.0,0.5041983,0.0,0.70310444,0.0,0.0,1.9219254,0.0,0.6130815543944224,0.0,0.0,1.9022361165981465,1.4383986,1.0269653,1.9379237,1.4051883,1.6254535,1.9243046,2.3423972,2.4791343,0.027463121,2.0090673,0.5532859,1.7257469,0.8495517,0.060183052,2.3972955,0.45290476603986696,1.297791590570552,0.21064819445047492,0.06018305320194228,2.5382799801583706,1.3341143,1.0269653,1.4553268,1.4051883,1.0779413,0.6323201,1.789633,2.0113742,0.027463121,1.5048691,0.5532859,1.0226424,0.8495517,0.060183052,0.47536996,0.45290476603986696,0.6847100361761296,0.21064819445047492,0.06018305320194228,0.6360438635602241
2012-01-20 13:00:00,-0.1171941,-0.12982866,0.0,0.0,-0.25161478,-0.3625499,0.0,0.0,-0.5277277,-0.5992727,-0.21903796,-0.27727038,-0.5406371,-0.68429315,-0.51301813,-0.5016237,-0.4454978,0.0,0.0,0.0,-0.69501114,-0.6315334,-0.5762672,0.0,-0.36194572,0.0,0.0,-0.9461125,0.0,-0.47620744,0.0,0.0,-1.1868076,0.0,-0.38247812,0.0,0.0,-0.9652595,0.5048407,1.5053608,0.4220479,1.0152522,0.6752645,1.9243314,0.35041595,1.4034632,0.9533255,1.7101527,0.7665848,1.7783219,1.2785151,2.5527897,1.0178021,2.4814103,2.1669817,0.0,0.0,0.0,0.7712061,2.0539813,1.7340899,0.0,0.8243247,0.042166658,0.0,1.0725768,0.38825786,1.7583811,0.661621,0.0,2.3148847,0.0,1.5883487,0.8454956,0.0,2.4585116,274.4528,274.4528,271.22244,271.22244,275.31134,275.31134,270.99582,270.99582,282.32663,282.32663,273.48727,273.48727,282.40924,282.40924,278.3257,278.3257,278.3257,264.39944,264.39944,264.39944,277.2592,277.2592,277.2592,268.13763,274.355,268.6127,265.1068,275.96475,268.13763,274.355,268.6127,265.1068,275.96475,268.13763,274.355,268.6127,265.1068,275.96475,0.16176143,0.0,0.4912287,0.0,0.57588905,0.3993204,0.6658251,0.53253573,0.0,0.6708072,0.0,0.67957276,0.0,0.0,1.5521655,0.0,0.5570342451151793,0.0,0.0,1.5402688480967484,1.5063008,1.0179915,1.9253203,1.4060997,1.7097443,1.780715,2.551497,2.4801934,0.02234338,2.0534496,0.5090738,1.760266,0.7140933,0.053250477,2.3165505,0.4176926551908213,1.3247242850000283,0.08540227197430421,0.053250477857110054,2.459475309491121,1.3445394,1.0179915,1.4340916,1.4060997,1.1338552,1.3813946,1.8856719,1.9476576,0.02234338,1.3826425,0.5090738,1.0806932,0.7140933,0.053250477,0.7643849,0.4176926551908213,0.767690039884849,0.08540227197430421,0.053250477857110054,0.9192064613943727
2012-01-20 14:00:00,-0.07979049,-0.089876294,0.0,0.0,-0.30961663,-0.43161255,0.0,0.0,-0.4026692,-0.47226188,0.0,0.0,-0.50711685,-0.66829,-0.42762795,-0.41584152,-0.36164233,0.0,0.0,0.0,-0.6712983,-0.61013615,-0.550452,0.0,-0.053826556,0.0,0.0,-0.13746719,0.0,-0.07336719,0.0,0.0,-0.17370838,0.0,-0.05521611,0.0,0.0,-0.13384216,0.5158188,1.5237056,0.4555447,1.0866225,0.669657,1.9128041,0.31741142,1.3676195,0.95942116,1.7175912,0.6825342,1.6692841,1.3852942,2.6997771,1.0100937,2.4720879,2.1575305,0.0,0.0,0.0,0.7852176,2.069253,1.7489874,0.0,0.67972684,0.0,0.0,0.70110315,0.40548807,1.6039155,0.57369447,0.0,1.8277643,0.013690792,1.3609815,0.7598797,0.0,1.9829665,274.5546,274.5546,271.48065,271.48065,275.26883,275.26883,270.80756,270.80756,282.39694,282.39694,272.96048,272.96048,283.22156,283.22156,278.28058,278.28058,278.28058,264.49173,264.49173,264.49173,277.35806,277.35806,277.35806,268.22318,273.4185,268.16614,265.0803,273.69324,268.22318,273.4185,268.16614,265.0803,273.69324,268.22318,273.4185,268.16614,265.0803,273.69324,0.11313667,0.0,0.5844311,0.0,0.4544013,0.0,0.6515233,0.4434627,0.0,0.64888495,0.0,0.109021164,0.0,0.0,0.24611573,0.0,0.08307890804994068,0.0,0.0,0.24611573040017407,1.5246457,1.0893509,1.9137927,1.3702911,1.7171829,1.6716774,2.6984842,2.4708712,0.02294316,2.0687213,0.517376,1.6058006,0.65592176,0.052474838,1.8294302,0.42430480409615223,1.204206564578365,0.08116351993748652,0.052474836299924645,1.9840604892791425,1.4115089,1.0893509,1.3293617,1.3702911,1.2627816,1.6716774,2.0469608,2.0274084,0.02294316,1.4198364,0.517376,1.4967794,0.65592176,0.052474838,1.5833144,0.42430480409615223,1.1211276565284243,0.08116351993748652,0.052474836299924645,1.7379447588789685
2012-01-20 15:00:00,-0.032365423,-0.03672678,0.0,0.0,-0.19580187,-0.2624325,0.0,0.0,-0.24861112,-0.2960713,0.0,0.0,-0.26071778,-0.36736685,-0.42402023,-0.40116343,-0.34572732,0.0,0.0,0.0,-0.4011538,-0.3638147,-0.31006712,0.0,0.0,0.0,0.0,-0.023442805,0.0,0.0,0.0,0.0,-0.030694827,0.0,0.0,0.0,0.0,-0.02213933,0.44516832,1.4056466,0.425896,1.0234512,0.6312259,1.8337994,0.26954976,1.3156403,0.84994113,1.5839907,0.4814107,1.4083693,1.2261726,2.4807377,0.9316856,2.377265,2.061395,0.0,0.0,0.0,0.69815123,1.9743562,1.6564159,0.0,0.46465844,0.0,0.0,0.6370324,0.40696952,1.3741703,0.4331308,0.0,1.743747,0.01574257,1.0228053,0.6230098,0.0,1.9009458,273.8994,273.8994,271.2521,271.2521,274.97748,274.97748,270.53455,270.53455,281.1341,281.1341,271.69992,271.69992,282.01105,282.01105,277.82147,277.82147,277.82147,264.65305,264.65305,264.65305,276.74365,276.74365,276.74365,268.23053,272.02554,267.45224,264.86972,273.30145,268.23053,272.02554,267.45224,264.86972,273.30145,268.23053,272.02554,267.45224,264.86972,273.30145,0.04692684,0.0,0.3718162,0.0,0.28338397,0.0,0.356437,0.43013364,0.0,0.39065734,0.0,0.0,0.0,0.0,0.04474591,0.0,0.0,0.0,0.0,0.04474590928696443,1.4065866,1.0261893,1.8347882,1.3183631,1.5835824,1.4107625,2.4794445,2.376048,0.023991583,1.9738246,0.51808983,1.3767935,0.5629259,0.046316117,1.7454131,0.4248733120826613,1.0256917905142688,0.07438725215936337,0.04631611737635799,1.9020622430458674,1.3596598,1.0261893,1.462972,1.3183631,1.3001984,1.4107625,2.1230075,1.9459144,0.023991583,1.5831672,0.51808983,1.3767935,0.5629259,0.046316117,1.7006671,0.4248733120826613,1.0256917905142688,0.07438725215936337,0.04631611737635799,1.857316333758903
2012-01-20 16:00:00,-0.0009529366,-0.001104671,0.0,0.0,-0.012427337,-0.017667629,0.0,0.0,-0.02028234,-0.02516892,0.0,0.0,-0.0067617455,-0.0097901635,-0.028258443,-0.02707932,-0.021223659,0.0,0.0,0.0,-0.014953526,-0.013479611,-0.010335721,0.0,0.0,0.0,0.0,0.0,0.0,0.0,0.0,0.0,0.0,0.0,0.0,0.0,0.0,0.0,0.415936,1.3567985,0.313006,0.78292143,0.5850254,1.7388234,0.28611353,1.3336291,0.75436956,1.4673629,0.08180282,0.8899635,0.7863999,1.8753662,0.6786999,2.0713153,1.7512102,0.0,0.0,0.0,0.5364127,1.7980715,1.4844502,0.0,0.04990103,0.0,0.0,0.25793275,0.27357793,0.93110913,0.36790535,0.0,1.246627,0.0,0.37063593,0.5594984,0.0,1.4156387,273.62833,273.62833,270.3819,270.3819,274.62723,274.62723,270.62903,270.62903,280.03168,280.03168,269.19534,269.19534,278.6655,278.6655,276.34015,276.34015,276.34015,264.20398,264.20398,264.20398,275.6023,275.6023,275.6023,267.5683,269.33926,267.12097,264.05933,270.9833,267.5683,269.33926,267.12097,264.05933,270.9833,267.5683,269.33926,267.12097,264.05933,270.9833,0.0014399467,0.0,0.026088158,0.0,0.023986164,0.0,0.009050516,0.029670332,0.0,0.014767114,0.0,0.0,0.0,0.0,0.0,0.0,0.0,0.0,0.0,0.0,1.3577386,0.7856961,1.7398123,1.3363341,1.4669545,0.9040228,1.8740734,2.0700982,0.021073015,1.7975398,0.45381683,0.9361178,0.51977324,0.022613974,1.2495633,0.37368400375384164,0.6823899981428835,0.07124287620367034,0.02261397520022575,1.4181582398981853,1.3562986,0.7856961,1.7137241,1.3363341,1.4429682,0.9040228,1.8650229,2.040428,0.021073015,1.7827728,0.45381683,0.9361178,0.51977324,0.022613974,1.2495633,0.37368400375384164,0.6823899981428835,0.07124287620367034,0.02261397520022575,1.4181582398981853
2012-01-20 17:00:00,0.0,0.0,0.0,0.0,0.0,0.0,0.0,0.0,0.0,0.0,0.0,0.0,0.0,0.0,0.0,0.0,0.0,0.0,0.0,0.0,0.0,0.0,0.0,0.0,0.0,0.0,0.0,0.0,0.0,0.0,0.0,0.0,0.0,0.0,0.0,0.0,0.0,0.0,0.3837518,1.3030179,0.3069765,0.7700746,0.54907393,1.6649164,0.18179262,1.2203337,0.64060354,1.328532,0.081306174,0.8893192,0.60239476,1.622073,0.6269144,2.008688,1.6877162,0.0,0.0,0.0,0.49176157,1.7494047,1.436976,0.0,0.0,0.0,0.0,0.12423155,0.23898835,0.46981686,0.3311016,0.0,1.0713022,0.0,0.0,0.5236618,0.0,1.2444799,273.32986,273.32986,270.33542,270.33542,274.35468,274.35468,270.03397,270.03397,278.7194,278.7194,269.19223,269.19223,277.2657,277.2657,276.03693,276.03693,276.03693,264.0035,264.0035,264.0035,275.2872,275.2872,275.2872,267.39658,266.54245,266.93405,264.14667,270.16574,267.39658,266.54245,266.93405,264.14667,270.16574,267.39658,266.54245,266.93405,264.14667,270.16574,0.0,0.0,0.0,0.0,0.0,0.0,0.0,0.0,0.0,0.0,0.0,0.0,0.0,0.0,0.0,0.0,0.0,0.0,0.0,0.0,1.3039578,0.7728512,1.6659054,1.2231501,1.3281237,0.90359527,1.6207802,2.007471,0.019770121,1.748873,0.4371503,0.55144596,0.4954241,0.025168505,1.0747179,0.3604101679028615,0.39909879968491685,0.06946864287998358,0.025168504701565998,1.2475258195218866,1.3039578,0.7728512,1.6659054,1.2231501,1.3281237,0.90359527,1.6207802,2.007471,0.019770121,1.748873,0.4371503,0.55144596,0.4954241,0.025168505,1.0747179,0.3604101679028615,0.39909879968491685,0.06946864287998358,0.025168504701565998,1.2475258195218866
2012-01-20 18:00:00,0.0,0.0,0.0,0.0,0.0,0.0,0.0,0.0,0.0,0.0,0.0,0.0,0.0,0.0,0.0,0.0,0.0,0.0,0.0,0.0,0.0,0.0,0.0,0.0,0.0,0.0,0.0,0.0,0.0,0.0,0.0,0.0,0.0,0.0,0.0,0.0,0.0,0.0,0.4101606,1.3471477,0.3913738,0.9498962,0.5122529,1.5892222,0.0,0.9949512,0.6125385,1.2942836,0.13099544,0.95378035,0.37714303,1.3120016,0.59789443,1.9735928,1.652135,0.0,0.0,0.0,0.56119674,1.8250847,1.5108016,0.0,0.0,0.0,0.0,0.493699,0.19707751,0.8608931,0.3979193,0.0,1.5557916,0.0,0.2672805,0.58872366,0.0,1.7174566,273.57477,273.57477,270.986,270.986,274.07553,274.07553,268.8502,268.8502,278.39566,278.39566,269.50366,269.50366,275.5521,275.5521,275.867,275.867,275.867,263.9168,263.9168,263.9168,275.7772,275.7772,275.7772,267.1885,268.91354,267.2734,264.67816,272.425,267.1885,268.91354,267.2734,264.67816,272.425,267.1885,268.91354,267.2734,264.67816,272.425,0.0,0.0,0.0,0.0,0.0,0.0,0.0,0.0,0.0,0.0,0.0,0.0,0.0,0.0,0.0,0.0,0.0,0.0,0.0,0.0,1.3480877,0.95264554,1.5902109,1.0130082,1.2938753,0.95617366,1.3107088,1.9723759,0.01920664,1.8245529,0.41695616,0.8761936,0.53963023,0.040713467,1.5578827,0.3443268174795485,0.6378975119543803,0.07268978158355856,0.040713468291832214,1.7190483545303885,1.3480877,0.95264554,1.5902109,1.0130082,1.2938753,0.95617366,1.3107088,1.9723759,0.01920664,1.8245529,0.41695616,0.8761936,0.53963023,0.040713467,1.5578827,0.3443268174795485,0.6378975119543803,0.07268978158355856,0.040713468291832214,1.7190483545303885
2012-01-20 19:00:00,0.0,0.0,0.0,0.0,0.0,0.0,0.0,0.0,0.0,0.0,0.0,0.0,0.0,0.0,0.0,0.0,0.0,0.0,0.0,0.0,0.0,0.0,0.0,0.0,0.0,0.0,0.0,0.0,0.0,0.0,0.0,0.0,0.0,0.0,0.0,0.0,0.0,0.0,0.45572853,1.423293,0.39463595,0.95684695,0.4641284,1.4902905,0.0,1.0056887,0.33835852,0.9596966,0.20038514,1.0437988,0.21364482,1.0869373,0.58458847,1.957501,1.6358206,0.0,0.0,0.0,0.5496026,1.8124477,1.4984744,0.0,0.0,0.0,0.0,0.3345502,0.24143487,0.8510176,0.5272945,0.0,1.3470968,0.0,0.25274402,0.7146991,0.0,1.513721,273.99734,273.99734,271.01114,271.01114,273.7107,273.7107,268.9066,268.9066,275.233,275.233,269.93857,269.93857,274.3083,274.3083,275.7891,275.7891,275.7891,263.78433,263.78433,263.78433,275.69537,275.69537,275.69537,267.40872,268.85367,267.93048,264.85663,271.4518,267.40872,268.85367,267.93048,264.85663,271.4518,267.40872,268.85367,267.93048,264.85663,271.4518,0.0,0.0,0.0,0.0,0.0,0.0,0.0,0.0,0.0,0.0,0.0,0.0,0.0,0.0,0.0,0.0,0.0,0.0,0.0,0.0,1.4242331,0.9595951,1.4912795,1.0220844,0.95928824,1.0461919,1.0856445,1.9562842,0.018345647,1.811916,0.43832913,0.8677655,0.62522393,0.045933206,1.3497585,0.3613490317146067,0.6316398590581905,0.07892668243128095,0.045933205721544954,1.5159390878868726,1.4242331,0.9595951,1.4912795,1.0220844,0.95928824,1.0461919,1.0856445,1.9562842,0.018345647,1.811916,0.43832913,0.8677655,0.62522393,0.045933206,1.3497585,0.3613490317146067,0.6316398590581905,0.07892668243128095,0.045933205721544954,1.5159390878868726
2012-01-20 20:00:00,0.0,0.0,0.0,0.0,0.0,0.0,0.0,0.0,0.0,0.0,0.0,0.0,0.0,0.0,0.0,0.0,0.0,0.0,0.0,0.0,0.0,0.0,0.0,0.0,0.0,0.0,0.0,0.0,0.0,0.0,0.0,0.0,0.0,0.0,0.0,0.0,0.0,0.0,0.43209717,1.3838042,0.404185,0.97719264,0.4392671,1.4391822,0.0,0.8344121,0.5344837,1.1990318,0.25626308,1.1162884,0.1638416,1.0183804,0.55733013,1.9245362,1.6023993,0.0,0.0,0.0,0.5567468,1.8202344,1.5060703,0.0,0.1385548,0.0,0.0,0.5019636,0.2723485,1.025813,0.43312484,0.0,1.5666293,0.0,0.5100361,0.623004,0.0,1.7280368,273.7782,273.7782,271.08475,271.08475,273.52222,273.52222,268.007,268.007,277.4953,277.4953,270.2888,270.2888,273.9294,273.9294,275.6295,275.6295,275.6295,263.66217,263.66217,263.66217,275.7458,275.7458,275.7458,267.5622,269.91345,267.4522,264.7656,272.47552,267.5622,269.91345,267.4522,264.7656,272.47552,267.5622,269.91345,267.4522,264.7656,272.47552,0.0,0.0,0.0,0.0,0.0,0.0,0.0,0.0,0.0,0.0,0.0,0.0,0.0,0.0,0.0,0.0,0.0,0.0,0.0,0.0,1.3847444,0.97993773,1.440171,0.8789596,1.1986235,1.1186816,1.0170877,1.9233192,0.017551692,1.8197027,0.45322445,1.0298222,0.56292194,0.043270677,1.5686905,0.3732122128936681,0.7552809465319906,0.07438696248861665,0.04327067549705228,1.7295958456891471,1.3847444,0.97993773,1.440171,0.8789596,1.1986235,1.1186816,1.0170877,1.9233192,0.017551692,1.8197027,0.45322445,1.0298222,0.56292194,0.043270677,1.5686905,0.3732122128936681,0.7552809465319906,0.07438696248861665,0.04327067549705228,1.7295958456891471
2012-01-20 21:00:00,0.0,0.0,0.0,0.0,0.0,0.0,0.0,0.0,0.0,0.0,0.0,0.0,0.0,0.0,0.0,0.0,0.0,0.0,0.0,0.0,0.0,0.0,0.0,0.0,0.0,0.0,0.0,0.0,0.0,0.0,0.0,0.0,0.0,0.0,0.0,0.0,0.0,0.0,0.4153272,1.3557812,0.4054123,0.9798075,0.42630106,1.4125272,0.0,0.8502974,0.51085,1.1701913,0.16991423,1.0042694,0.10320722,0.9349139,0.5031159,1.858972,1.5359277,0.0,0.0,0.0,0.52823925,1.7891631,1.4757602,0.0,0.11208351,0.04485365,0.0,0.5143306,0.2888596,0.99753517,0.66513616,0.0,1.5828462,0.0,0.46841243,0.84891844,0.0,1.7438684,273.62268,273.62268,271.0942,271.0942,273.42392,273.42392,268.09042,268.09042,277.2227,277.2227,269.7476,269.7476,273.46814,273.46814,275.31204,275.31204,275.31204,263.70065,263.70065,263.70065,275.54462,275.54462,275.54462,267.64417,269.742,268.63055,265.42575,272.55115,267.64417,269.742,268.63055,265.42575,272.55115,267.64417,269.742,268.63055,265.42575,272.55115,0.0,0.0,0.0,0.0,0.0,0.0,0.0,0.0,0.0,0.0,0.0,0.0,0.0,0.0,0.0,0.0,0.0,0.0,0.0,0.0,1.3567213,0.98255223,1.4135162,0.89217985,1.169783,1.0066625,0.9336211,1.857755,0.017801799,1.7886313,0.4611801,1.0016571,0.7164189,0.06257871,1.5848632,0.3795483641457976,0.7333305048048678,0.08557172936113797,0.06257870560641371,1.7453788668796089,1.3567213,0.98255223,1.4135162,0.89217985,1.169783,1.0066625,0.9336211,1.857755,0.017801799,1.7886313,0.4611801,1.0016571,0.7164189,0.06257871,1.5848632,0.3795483641457976,0.7333305048048678,0.08557172936113797,0.06257870560641371,1.7453788668796089
2012-01-20 22:00:00,0.0,0.0,0.0,0.0,0.0,0.0,0.0,0.0,0.0,0.0,0.0,0.0,0.0,0.0,0.0,0.0,0.0,0.0,0.0,0.0,0.0,0.0,0.0,0.0,0.0,0.0,0.0,0.0,0.0,0.0,0.0,0.0,0.0,0.0,0.0,0.0,0.0,0.0,0.4128986,1.3517231,0.42527837,1.0221353,0.4245017,1.4088283,0.0,0.95808476,0.29331887,0.90473384,0.2334026,1.0866318,0.0954088,0.9241791,0.4607275,1.8077093,1.4839554,0.0,0.0,0.0,0.4862953,1.7434467,1.4311641,0.0,0.22395268,0.06815,0.0,0.32121497,0.3394193,1.1170385,0.69561285,0.0,1.3296101,0.0,0.6443168,0.8785942,0.0,1.4966499,273.60016,273.60016,271.24734,271.24734,273.41028,273.41028,268.65656,268.65656,274.71347,274.71347,270.1455,270.1455,273.4088,273.4088,275.06384,275.06384,275.06384,263.86203,263.86203,263.86203,275.24863,275.24863,275.24863,267.89517,270.46655,268.78534,265.90588,271.37027,267.89517,270.46655,268.78534,265.90588,271.37027,267.89517,270.46655,268.78534,265.90588,271.37027,0.0,0.0,0.0,0.0,0.0,0.0,0.0,0.0,0.0,0.0,0.0,0.0,0.0,0.0,0.0,0.0,0.0,0.0,0.0,0.0,1.3526629,1.0248736,1.4098171,0.98188305,0.9043254,1.089025,0.92288613,1.8064923,0.018850619,1.7429152,0.4855416,1.1206849,0.7367319,0.07662148,1.3323196,0.3989507632704309,0.8260943687218042,0.08719080075210585,0.07662147732010562,1.4989204306548658,1.3526629,1.0248736,1.4098171,0.98188305,0.9043254,1.089025,0.92288613,1.8064923,0.018850619,1.7429152,0.4855416,1.1206849,0.7367319,0.07662148,1.3323196,0.3989507632704309,0.8260943687218042,0.08719080075210585,0.07662147732010562,1.4989204306548658
2012-01-20 23:00:00,0.0,0.0,0.0,0.0,0.0,0.0,0.0,0.0,0.0,0.0,0.0,0.0,0.0,0.0,0.0,0.0,0.0,0.0,0.0,0.0,0.0,0.0,0.0,0.0,0.0,0.0,0.0,0.0,0.0,0.0,0.0,0.0,0.0,0.0,0.0,0.0,0.0,0.0,0.41189486,1.3500458,0.43766996,1.0485375,0.42760128,1.4152002,0.0,0.859501,0.38465744,1.0161961,0.360983,1.2521402,0.08742985,0.91319555,0.45041835,1.7952418,1.4713153,0.0,0.0,0.0,0.4554309,1.7098067,1.3983482,0.0,0.1332634,0.08178699,0.0,0.54821754,0.35624385,1.0201603,0.71345294,0.0,1.6272827,0.0,0.5017158,0.8959655,0.0,1.787249,273.59085,273.59085,271.34286,271.34286,273.43378,273.43378,268.13876,268.13876,275.76706,275.76706,270.94513,270.94513,273.3481,273.3481,275.00348,275.00348,275.00348,263.7895,263.7895,263.7895,275.03082,275.03082,275.03082,267.9787,269.87918,268.87595,265.99698,272.75836,267.9787,269.87918,268.87595,265.99698,272.75836,267.9787,269.87918,268.87595,265.99698,272.75836,0.0,0.0,0.0,0.0,0.0,0.0,0.0,0.0,0.0,0.0,0.0,0.0,0.0,0.0,0.0,0.0,0.0,0.0,0.0,0.0,1.3509858,1.0512718,1.4161891,0.8998393,1.0157877,1.2545334,0.9119027,1.7940248,0.018379167,1.709275,0.49364832,1.0241922,0.7486539,0.07928579,1.6291783,0.4054072211919046,0.7508932024843654,0.08816997177523715,0.07928579268051815,1.7886261283336986,1.3509858,1.0512718,1.4161891,0.8998393,1.0157877,1.2545334,0.9119027,1.7940248,0.018379167,1.709275,0.49364832,1.0241922,0.7486539,0.07928579,1.6291783,0.4054072211919046,0.7508932024843654,0.08816997177523715,0.07928579268051815,1.7886261283336986
2012-02-19 00:00:00,0.0,0.0,0.0,0.0,0.0,0.0,0.0,0.0,0.0,0.0,0.0,0.0,0.0,0.0,0.0,0.0,0.0,0.0,0.0,0.0,0.0,0.0,0.0,0.0,0.0,0.0,0.0,0.0,0.0,0.0,0.0,0.0,0.0,0.0,0.0,0.0,0.0,0.0,0.4344337,1.3877087,0.7533185,1.7210763,0.10917432,0.7605971,0.56564385,1.6372068,0.47342455,1.1245203,0.44719064,1.363976,0.54670656,1.5454152,0.0,0.70438004,0.3653537,0.0,0.0,0.0,0.0059403833,1.2198906,0.9204361,0.0,0.39781123,0.0,0.031684414,0.48054352,0.35767615,1.3027616,0.5110889,0.0,1.5385405,0.0,0.9176939,0.6989193,0.0,1.7006155,273.79987,273.79987,273.77603,273.77603,271.01974,271.01974,272.2235,272.2235,276.791,276.791,271.48544,271.48544,276.84204,276.84204,269.72183,269.72183,269.72183,262.4236,262.4236,262.4236,271.85886,271.85886,271.85886,267.9858,271.5926,267.84818,267.556,272.34454,267.9858,271.5926,267.84818,267.556,272.34454,267.9858,271.5926,267.84818,267.556,272.34454,0.0,0.0,0.0,0.0,0.0,0.0,0.0,0.0,0.0,0.0,0.0,0.0,0.0,0.0,0.0,0.0,0.0,0.0,0.0,0.0,1.3886487,1.7237346,0.76158595,1.6396132,1.1241119,1.3663692,1.5441223,0.703163,0.011771525,1.219359,0.49433842,1.3056686,0.6145024,0.12488352,1.5406787,0.4059568575440067,0.9702608690506359,0.07814544042736532,0.12488351948186975,1.702258990584441,1.3886487,1.7237346,0.76158595,1.6396132,1.1241119,1.3663692,1.5441223,0.703163,0.011771525,1.219359,0.49433842,1.3056686,0.6145024,0.12488352,1.5406787,0.4059568575440067,0.9702608690506359,0.07814544042736532,0.12488351948186975,1.702258990584441
2012-02-19 01:00:00,0.0,0.0,0.0,0.0,0.0,0.0,0.0,0.0,0.0,0.0,0.0,0.0,0.0,0.0,0.0,0.0,0.0,0.0,0.0,0.0,0.0,0.0,0.0,0.0,0.0,0.0,0.0,0.0,0.0,0.0,0.0,0.0,0.0,0.0,0.0,0.0,0.0,0.0,0.3577116,1.259504,0.19166361,0.5243824,0.35150373,1.2587636,0.53556037,1.6045351,0.4638473,1.1128329,0.4041087,1.3080866,0.5272225,1.5185943,0.0,1.0303358,0.69582134,0.0,0.0,0.0,0.12394036,1.3485031,1.0458974,0.0,0.31017047,0.0,0.082758084,0.51789397,0.4600004,1.2091401,0.48720998,0.0,1.5875189,0.089186706,0.77988654,0.6756679,0.0,1.74843,273.08838,273.08838,269.44653,269.44653,272.85687,272.85687,272.0519,272.0519,276.6805,276.6805,271.21542,271.21542,276.69382,276.69382,271.30002,271.30002,271.30002,263.5987,263.5987,263.5987,272.69156,272.69156,272.69156,268.4938,271.02496,267.7269,268.1651,272.57294,268.4938,271.02496,267.7269,268.1651,272.57294,268.4938,271.02496,267.7269,268.1651,272.57294,0.0,0.0,0.0,0.0,0.0,0.0,0.0,0.0,0.0,0.0,0.0,0.0,0.0,0.0,0.0,0.0,0.0,0.0,0.0,0.0,1.2604567,0.52719635,1.2597524,1.6069739,1.1124246,1.3104798,1.5173016,1.0291188,0.017139146,1.3479714,0.543642,1.2124197,0.5987042,0.14269829,1.5895232,0.44522401083624313,0.897587637273405,0.07699428887988269,0.14269828339425622,1.7499265170531317,1.2604567,0.52719635,1.2597524,1.6069739,1.1124246,1.3104798,1.5173016,1.0291188,0.017139146,1.3479714,0.543642,1.2124197,0.5987042,0.14269829,1.5895232,0.44522401083624313,0.897587637273405,0.07699428887988269,0.14269828339425622,1.7499265170531317
2012-02-19 02:00:00,0.0,0.0,0.0,0.0,0.0,0.0,0.0,0.0,0.0,0.0,0.0,0.0,0.0,0.0,0.0,0.0,0.0,0.0,0.0,0.0,0.0,0.0,0.0,0.0,0.0,0.0,0.0,0.0,0.0,0.0,0.0,0.0,0.0,0.0,0.0,0.0,0.0,0.0,0.50105953,1.4990425,0.6518462,1.5048734,0.48836178,1.540108,0.4773463,1.5413132,0.45568284,1.1028696,0.22200888,1.0718509,0.49560767,1.4750748,0.011935525,1.2649603,0.9336935,0.0,0.0,0.0,0.22067647,1.4539392,1.14875,0.0,0.3498538,0.0,0.07970528,0.49362913,0.26941636,1.2515314,0.5374794,0.0,1.5557001,0.0,0.84228504,0.72461635,0.0,1.7173672,274.41772,274.41772,272.99384,272.99384,273.8944,273.8944,271.71985,271.71985,276.58633,276.58633,270.0741,270.0741,276.4533,276.4533,272.436,272.436,272.436,266.36606,266.36606,266.36606,273.3742,273.3742,273.3742,267.54764,271.28198,267.9822,268.1287,272.42456,267.54764,271.28198,267.9822,268.1287,272.42456,267.54764,271.28198,267.9822,268.1287,272.42456,0.0,0.0,0.0,0.0,0.0,0.0,0.0,0.0,0.0,0.0,0.0,0.0,0.0,0.0,0.0,0.0,0.0,0.0,0.0,0.0,1.4999824,1.5075386,1.5410969,1.543814,1.1024613,1.0742441,1.4737818,1.2637433,0.035124782,1.4534075,0.45181164,1.2546425,0.6319622,0.14163345,1.5577912,0.3720869916921545,0.9304937640490951,0.07941767434697874,0.14163344981805115,1.7189591849191426,1.4999824,1.5075386,1.5410969,1.543814,1.1024613,1.0742441,1.4737818,1.2637433,0.035124782,1.4534075,0.45181164,1.2546425,0.6319622,0.14163345,1.5577912,0.3720869916921545,0.9304937640490951,0.07941767434697874,0.14163344981805115,1.7189591849191426
2012-02-19 03:00:00,0.0,0.0,0.0,0.0,0.0,0.0,0.0,0.0,0.0,0.0,0.0,0.0,0.0,0.0,0.0,0.0,0.0,0.0,0.0,0.0,0.0,0.0,0.0,0.0,0.0,0.0,0.0,0.0,0.0,0.0,0.0,0.0,0.0,0.0,0.0,0.0,0.0,0.0,0.6104659,1.6818638,0.7314491,1.6744801,0.5009695,1.5660264,0.46415842,1.5269909,0.45538652,1.1025081,0.0,0.59247553,0.4692117,1.4387393,0.06463832,1.3286967,0.99831223,0.0,0.0,0.0,0.22878937,1.4627819,1.1573758,0.0,0.31775656,0.0,0.16418575,0.38952288,0.31963798,1.2172436,0.38142514,0.11488232,1.4191834,0.0,0.79181504,0.5726629,0.0,1.5840946,275.4323,275.4323,273.60745,273.60745,273.99,273.99,271.64462,271.64462,276.58292,276.58292,267.7581,267.7581,276.2525,276.2525,272.7446,272.7446,272.7446,265.2269,265.2269,265.2269,273.43146,273.43146,273.43146,267.79697,271.0741,267.18964,269.1362,271.78796,267.79697,271.0741,267.18964,269.1362,271.78796,267.79697,271.0741,267.18964,269.1362,271.78796,0.0,0.0,0.0,0.0,0.0,0.0,0.0,0.0,0.0,0.0,0.0,0.0,0.0,0.0,0.0,0.0,0.0,0.0,0.0,0.0,1.6828038,1.6771386,1.5670152,1.5295056,1.1020997,0.70660734,1.4374465,1.3274797,0.027721161,1.4622501,0.47601026,1.2204913,0.5287178,0.17110069,1.421648,0.39135964833024006,0.9038781697014339,0.07189463538380017,0.2632911142648202,1.586096464163279,1.6828038,1.6771386,1.5670152,1.5295056,1.1020997,0.70660734,1.4374465,1.3274797,0.027721161,1.4622501,0.47601026,1.2204913,0.5287178,0.17110069,1.421648,0.39135964833024006,0.9038781697014339,0.07189463538380017,0.2632911142648202,1.586096464163279
2012-02-19 04:00:00,0.0,0.0,0.0,0.0,0.0,0.0,0.0,0.0,0.0,0.0,0.0,0.0,0.0,0.0,0.0,0.0,0.0,0.0,0.0,0.0,0.0,0.0,0.0,0.0,0.0,0.0,0.0,0.0,0.0,0.0,0.0,0.0,0.0,0.0,0.0,0.0,0.0,0.0,0.6176958,1.6939452,0.79516876,1.8102447,0.46527165,1.4926407,0.44005102,1.5008096,0.4504841,1.0965254,0.24778108,1.1052848,0.45685622,1.4217312,0.15881746,1.4425929,1.1137848,0.0,0.0,0.017738774,0.24703467,1.482668,1.1767747,0.053717863,0.24303105,0.0,0.190164,0.2923687,0.6167201,1.1374187,0.24691844,0.19763742,1.2917835,0.30623323,0.6743158,0.44169083,0.047293127,1.459722,275.49936,275.49936,274.09863,274.09863,273.71936,273.71936,271.5071,271.5071,276.52637,276.52637,270.23563,270.23563,276.1585,276.1585,273.29605,273.29605,273.29605,267.15158,267.15158,267.15158,273.5602,273.5602,273.5602,269.27185,270.59012,266.5065,269.446,271.19388,269.27185,270.59012,266.5065,269.446,271.19388,269.27185,270.59012,266.5065,269.446,271.19388,0.0,0.0,0.0,0.0,0.0,0.0,0.0,0.0,0.0,0.0,0.0,0.0,0.0,0.0,0.0,0.0,0.0,0.0,0.0,0.0,1.6948851,1.8129032,1.4936296,1.50335,1.0961173,1.107678,1.4204384,1.4413757,0.040230043,1.4821364,0.6303759,1.140984,0.43972915,0.19995087,1.2945963,0.5165861495187398,0.8419144717038477,0.06541035571837518,0.3468658543073097,1.4621061197263476,1.6948851,1.8129032,1.4936296,1.50335,1.0961173,1.107678,1.4204384,1.4413757,0.040230043,1.4821364,0.6303759,1.140984,0.43972915,0.19995087,1.2945963,0.5165861495187398,0.8419144717038477,0.06541035571837518,0.3468658543073097,1.4621061197263476
2012-02-19 05:00:00,0.0,0.0,0.0,0.0,0.0,0.0,0.0,0.0,0.0,0.0,0.0,0.0,0.0,0.0,0.0,0.0,0.0,0.0,0.0,0.0,0.0,0.0,0.0,0.0,0.0,0.0,0.0,0.0,0.0,0.0,0.0,0.0,0.0,0.0,0.0,0.0,0.0,0.0,0.4685759,1.4447613,0.7492289,1.7123624,0.43338594,1.4270918,0.4546888,1.5167065,0.44945756,1.0952729,0.0,0.35251936,0.4511037,1.4138126,0.084631175,1.3528754,1.0228255,0.0,0.0,0.029849127,0.2385715,1.4734437,1.1677765,0.088513695,0.0,0.0,0.22462763,0.21141933,0.6687982,0.76895773,0.14437845,0.30742323,1.185633,0.3783579,0.13195518,0.34184545,0.16579041,1.356094,274.1165,274.1165,273.7445,273.7445,273.47763,273.47763,271.5906,271.5906,276.51453,276.51453,266.5988,266.5988,276.11475,276.11475,272.86166,272.86166,272.86166,267.30353,267.30353,267.30353,273.5005,273.5005,273.5005,269.5304,268.35614,265.98572,269.85703,270.69888,269.5304,268.35614,265.98572,269.85703,270.69888,269.5304,268.35614,265.98572,269.85703,270.69888,0.0,0.0,0.0,0.0,0.0,0.0,0.0,0.0,0.0,0.0,0.0,0.0,0.0,0.0,0.0,0.0,0.0,0.0,0.0,0.0,1.4457014,1.715021,1.4280808,1.5192314,1.0948645,0.54737043,1.4125197,1.3516582,0.041217577,1.4729121,0.6744851,0.79906726,0.37188944,0.3097367,1.1887362,0.555587247424961,0.5809762992865364,0.06046712442552383,0.4577390417474443,1.3587967558404364,1.4457014,1.715021,1.4280808,1.5192314,1.0948645,0.54737043,1.4125197,1.3516582,0.041217577,1.4729121,0.6744851,0.79906726,0.37188944,0.3097367,1.1887362,0.555587247424961,0.5809762992865364,0.06046712442552383,0.4577390417474443,1.3587967558404364
2012-02-19 06:00:00,0.0,0.0,0.0,0.0,0.0,0.0,0.0,0.0,0.0,0.0,0.0,0.0,0.0,0.0,0.0,0.0,0.0,0.0,0.0,0.0,0.0,0.0,0.0,0.0,0.0,0.0,0.0,0.0,0.0,0.0,0.0,0.0,0.0,0.0,0.0,0.0,0.0,0.0,0.41099647,1.3485444,0.6554647,1.5125833,0.41999716,1.3995682,0.42020226,1.4792532,0.44199687,1.0861684,0.14643538,0.97381043,0.42335987,1.3756218,0.15657112,1.4398761,1.1110306,0.0,0.0,0.0,0.24497618,1.4804245,1.1745862,0.16406895,0.0,0.0,0.2379571,0.23285942,0.7818799,0.82616246,0.0,0.349885,1.2137479,0.5349685,0.21615838,0.09230512,0.21162151,1.3835407,273.58252,273.58252,273.02173,273.02173,273.37613,273.37613,271.3939,271.3939,276.42847,276.42847,269.60043,269.60043,275.9037,275.9037,273.2829,273.2829,273.2829,266.62558,266.62558,266.62558,273.5457,273.5457,273.5457,270.0918,268.70297,264.68414,270.016,270.83,270.0918,268.70297,264.68414,270.016,270.83,270.0918,268.70297,264.68414,270.016,270.83,0.0,0.0,0.0,0.0,0.0,0.0,0.0,0.0,0.0,0.0,0.0,0.0,0.0,0.0,0.0,0.0,0.0,0.0,0.0,0.0,1.3494844,1.5152471,1.400557,1.481815,1.08576,0.9762037,1.3743289,1.4386592,0.036811464,1.4798927,0.7869837,0.8465536,0.20233986,0.3521984,1.2167741,0.6569943616259802,0.6158904757751205,0.0481126670777295,0.5006213133078589,1.3861590879769263,1.3494844,1.5152471,1.400557,1.481815,1.08576,0.9762037,1.3743289,1.4386592,0.036811464,1.4798927,0.7869837,0.8465536,0.20233986,0.3521984,1.2167741,0.6569943616259802,0.6158904757751205,0.0481126670777295,0.5006213133078589,1.3861590879769263
2012-02-19 07:00:00,-0.008178049,-0.009454869,0.0,0.0,-0.00814529,-0.011497058,0.0,0.0,-0.015945278,-0.018657558,0.0,0.0,-0.0052489927,-0.0069695567,-0.011412368,-0.010951677,-0.008682344,0.0,0.0,0.0,-0.00950478,-0.008527601,-0.0066300314,0.0,0.0,0.0,0.0,0.0,0.0,0.0,0.0,0.0,0.0,0.0,0.0,0.0,0.0,0.0,0.39926472,1.3289404,0.6154989,1.4274299,0.43821245,1.4370141,0.40222597,1.4597305,0.4522223,1.0986468,0.3153692,1.192966,0.42404988,1.3765714,0.24609081,1.5481373,1.2207901,0.0,0.0,0.0,0.27098408,1.5087713,1.2022387,0.2976953,0.13923801,0.0,0.25577235,0.23660743,0.98187506,1.0265427,0.14616902,0.40663642,1.2186626,0.8119486,0.5111104,0.34358898,0.27287617,1.3883388,273.47372,273.47372,272.71365,272.71365,273.51422,273.51422,271.29135,271.29135,276.54642,276.54642,270.65924,270.65924,275.90894,275.90894,273.80707,273.80707,273.80707,266.08844,266.08844,266.08844,273.72922,273.72922,273.72922,271.0847,269.91788,265.9948,270.22845,270.8529,271.0847,269.91788,265.9948,270.22845,270.8529,271.0847,269.91788,265.9948,270.22845,270.8529,0.012479086,0.0,0.017532485,0.0,0.017516693,0.0,0.0061217435,0.012315901,0.0,0.009462067,0.0,0.0,0.0,0.0,0.0,0.0,0.0,0.0,0.0,0.0,1.3298804,1.4301066,1.4380028,1.4623115,1.0982383,1.1953592,1.3752787,1.5469203,0.033320487,1.5082396,0.9859479,1.0305492,0.37307408,0.40894988,1.2216755,0.8363420709394264,0.755847485166813,0.06055344630804768,0.5579348810950742,1.3909424006944553,1.3174013,1.4301066,1.4204704,1.4623115,1.0807216,1.1953592,1.369157,1.5346043,0.033320487,1.4987776,0.9859479,1.0305492,0.37307408,0.40894988,1.2216755,0.8363420709394264,0.755847485166813,0.06055344630804768,0.5579348810950742,1.3909424006944553
2012-02-19 08:00:00,-0.023549128,-0.026651677,-0.015332044,-0.021140192,-0.039925274,-0.054487906,0.0,0.0,-0.044247176,-0.05095194,0.0,0.0,-0.015137836,-0.019526599,-0.07487489,-0.07135518,-0.059388865,0.0,0.0,0.0,-0.04656004,-0.04174619,-0.033999242,0.0,0.0,0.0,0.0,0.0,0.0,0.0,0.0,0.0,0.0,0.0,0.0,0.0,0.0,0.0,0.3986066,1.3278406,0.68214023,1.5694196,0.46338773,1.4887679,0.41009068,1.4682717,0.4900419,1.1447988,0.37271267,1.267357,0.45927918,1.4250667,0.3708013,1.6989565,1.3736973,0.0,0.0,0.0,0.2978872,1.538094,1.2308427,0.30567554,0.2741294,0.0,0.19519484,0.3017013,0.9938188,1.1706393,0.25549304,0.21366343,1.3040216,0.8284899,0.7232152,0.4500401,0.06459082,1.4716694,273.46762,273.46762,273.22736,273.22736,273.70508,273.70508,271.3362,271.3362,276.98267,276.98267,271.01865,271.01865,276.17694,276.17694,274.5373,274.5373,274.5373,266.7108,266.7108,266.7108,273.91907,273.91907,273.91907,271.14398,270.79153,266.55005,269.506,271.25095,271.14398,270.79153,266.55005,269.506,271.25095,271.14398,270.79153,266.55005,269.506,271.25095,0.034620725,0.03172625,0.08115427,0.0,0.04788985,0.0,0.017180474,0.07928271,0.0,0.045976106,0.0,0.0,0.0,0.0,0.0,0.0,0.0,0.0,0.0,0.0,1.3287805,1.5720781,1.4897568,1.4708443,1.1443905,1.2697501,1.4237738,1.6977395,0.037365228,1.5375624,0.9978301,1.1740724,0.445402,0.21597694,1.306801,0.8470527701616802,0.8677017474957682,0.06582371587395085,0.3630506394652623,1.4740166320855739,1.2941599,1.5403519,1.4086025,1.4708443,1.0965006,1.2697501,1.4065933,1.6184568,0.037365228,1.4915862,0.9978301,1.1740724,0.445402,0.21597694,1.306801,0.8470527701616802,0.8677017474957682,0.06582371587395085,0.3630506394652623,1.4740166320855739
2012-02-19 09:00:00,-0.049335375,-0.055028364,0.0,0.0,-0.064040236,-0.08490747,0.0,0.0,-0.085798144,-0.09685453,0.0,0.0,-0.024271918,-0.030748663,-0.14714545,-0.13960896,-0.12026385,0.0,0.0,0.0,-0.14902319,-0.1335389,-0.11511198,0.0,0.0,0.0,0.0,0.0,0.0,0.0,0.0,0.0,0.0,0.0,0.0,0.0,0.0,0.0,0.41361275,1.3529164,0.65831506,1.5186565,0.46302545,1.488023,0.46644822,1.5294776,0.52518684,1.1876868,0.4499709,1.3675829,0.5198413,1.5084336,0.45774108,1.8040977,1.4802938,0.0,0.0,0.0,0.38179666,1.62955,1.3200579,0.36160263,0.3467628,0.0,0.2248733,0.37069792,1.0775236,1.2482294,0.3542534,0.30820578,1.394498,0.9444155,0.8374249,0.5462052,0.1666351,1.5599958,273.60678,273.60678,273.0437,273.0437,273.70233,273.70233,271.65768,271.65768,277.38806,277.38806,271.50287,271.50287,276.63766,276.63766,275.04636,275.04636,275.04636,266.75745,266.75745,266.75745,274.5112,274.5112,274.5112,271.55954,271.26196,267.05164,269.85995,271.67285,271.55954,271.26196,267.05164,269.85995,271.67285,271.55954,271.26196,267.05164,269.85995,271.67285,0.07057639,0.0,0.12453527,0.0,0.09108457,0.0,0.027142506,0.15389895,0.0,0.14570192,0.0,0.0,0.0,0.0,0.0,0.0,0.0,0.0,0.0,0.0,1.3538562,1.5213195,1.489012,1.5319899,1.1872784,1.369976,1.5071409,1.8028806,0.03766849,1.6290183,1.0811033,1.2513536,0.5107412,0.31051925,1.39703,0.9221158639905167,0.9279306651218983,0.07058474426711257,0.45852934661782246,1.5620716231905507,1.2832798,1.5213195,1.3644767,1.5319899,1.0961939,1.369976,1.4799984,1.6489817,0.03766849,1.4833163,1.0811033,1.2513536,0.5107412,0.31051925,1.39703,0.9221158639905167,0.9279306651218983,0.07058474426711257,0.45852934661782246,1.5620716231905507
2012-02-19 10:00:00,0.0,0.0,0.0,0.0,-0.06952834,-0.089980796,0.0,0.0,-0.13771313,-0.15269639,0.0,0.0,-0.036121048,-0.044904567,-0.16700155,-0.15807974,-0.1388227,0.0,0.0,0.0,-0.2823156,-0.2529229,-0.22475988,0.0,0.0,0.0,0.0,0.0,0.0,0.0,0.0,0.0,0.0,0.0,0.0,0.0,0.0,0.0,0.35661578,1.2576728,0.6429148,1.4858437,0.4496649,1.4605573,0.4824289,1.546833,0.58406854,1.2595413,0.44719064,1.363976,0.58940136,1.6041869,0.44772902,1.7919894,1.4680179,0.0,0.0,0.0,0.49180046,1.7494471,1.4370174,0.39873958,0.41571158,0.17466454,0.24637087,0.36586195,1.1331055,1.3218831,0.8349565,0.37668738,1.3881564,1.0213928,0.94584066,1.0142761,0.24055067,1.5538049,273.07822,273.07822,272.925,272.925,273.60104,273.60104,271.74884,271.74884,278.06726,278.06726,271.48544,271.48544,277.16684,277.16684,274.98773,274.98773,274.98773,266.59464,266.59464,266.59464,275.28748,275.28748,275.28748,271.83548,271.70853,269.49304,270.11633,271.64328,271.83548,271.70853,269.49304,270.11633,271.64328,271.83548,271.70853,269.49304,270.11633,271.64328,0.0,0.0,0.13067947,0.0,0.14384446,0.0,0.03978187,0.17376864,0.0,0.27437577,0.0,0.0,0.0,0.0,0.0,0.0,0.0,0.0,0.0,0.0,1.2586277,1.4885116,1.4615462,1.5493283,1.259133,1.3663692,1.6028941,1.7907724,0.036610346,1.7489154,1.1363987,1.3247145,0.83832794,0.37900087,1.3907058,0.9719594781786889,0.9851041812829854,0.194241969105893,0.5276892551183106,1.5558998122407697,1.2586277,1.4885116,1.3308667,1.5493283,1.1152885,1.3663692,1.5631123,1.6170038,0.036610346,1.4745396,1.1363987,1.3247145,0.83832794,0.37900087,1.3907058,0.9719594781786889,0.9851041812829854,0.194241969105893,0.5276892551183106,1.5558998122407697
2012-02-19 11:00:00,-0.0072970283,-0.007973233,0.0,0.0,-0.05739805,-0.0737689,0.0,0.0,-0.16336888,-0.18304534,0.0,0.0,-0.049823493,-0.061039943,-0.21785374,-0.20598963,-0.18259549,0.0,0.0,0.0,-0.29373324,-0.26311177,-0.23949157,0.0,0.0,0.0,0.0,0.0,0.0,0.0,0.0,0.0,0.0,0.0,0.0,0.0,0.0,0.0,0.3693019,1.2788715,0.50258917,1.1868579,0.43588167,1.4322226,0.5834167,1.6565086,0.6198564,1.303214,0.50737774,1.442056,0.68606734,1.7372528,0.52123255,1.8808813,1.5581403,0.0,0.0,0.0,0.4631113,1.7181778,1.4065142,0.4208114,0.46097377,0.3558128,0.21513146,0.4236245,1.1661398,1.3702343,1.0719373,0.27717263,1.4639015,1.0671432,1.0170115,1.2450294,0.13313946,1.6277502,273.19586,273.19586,271.8433,271.8433,273.49655,273.49655,272.3249,272.3249,278.48007,278.48007,271.86267,271.86267,277.90222,277.90222,275.41812,275.41812,275.41812,266.44717,266.44717,266.44717,275.08502,275.08502,275.08502,271.99948,272.00168,270.69662,269.74377,271.9965,271.99948,272.00168,270.69662,269.74377,271.9965,271.99948,272.00168,270.69662,269.74377,271.9965,0.010143665,0.0,0.10703928,0.0,0.17330836,0.0,0.054357264,0.22570847,0.0,0.2846714,0.0,0.0,0.0,0.0,0.0,0.0,0.0,0.0,0.0,0.0,1.2798115,1.1895713,1.4332114,1.658896,1.3028055,1.4444492,1.7359601,1.8796643,0.03565197,1.7176461,1.1692628,1.3728731,1.075041,0.2794861,1.4662437,1.0015834090177993,1.022636389049226,0.5402554029909017,0.4271888191018889,1.6296176037090517,1.2696679,1.1895713,1.3261722,1.658896,1.1294972,1.4444492,1.6816028,1.6539558,0.03565197,1.4329747,1.1692628,1.3728731,1.075041,0.2794861,1.4662437,1.0015834090177993,1.022636389049226,0.5402554029909017,0.4271888191018889,1.6296176037090517
2012-02-19 12:00:00,-0.008341028,-0.00908673,0.0,0.0,-0.07746313,-0.09937438,0.0,0.0,-0.18051098,-0.20464668,0.0,0.0,-0.073490515,-0.094432205,-0.28083625,-0.26518893,-0.23782139,0.0,0.0,0.0,-0.3707579,-0.33206725,-0.30898422,0.0,0.0,0.0,0.0,0.0,0.0,0.0,0.0,0.0,0.0,0.0,0.0,0.0,0.0,0.0,0.3697593,1.2796359,0.30347678,0.76261795,0.4509611,1.463222,0.60741174,1.6825677,0.6509244,1.3411267,0.5251305,1.4650863,0.7576733,1.8358226,0.6024653,1.9791205,1.6577394,0.0,0.0,0.0,0.50250375,1.7611129,1.4483975,0.42517737,0.53137386,0.370249,0.18592384,0.51615226,1.1726742,1.4454385,1.0908228,0.18413022,1.5852349,1.0761929,1.1277093,1.2634187,0.03271411,1.7462003,273.2001,273.2001,270.30844,270.30844,273.61087,273.61087,272.46176,272.46176,278.83844,278.83844,271.97394,271.97394,278.44696,278.44696,275.89377,275.89377,275.89377,265.73236,265.73236,265.73236,275.363,275.363,275.363,272.03192,272.45764,270.79254,269.39545,272.5623,272.03192,272.45764,270.79254,269.39545,272.5623,272.03192,272.45764,270.79254,269.39545,272.5623,0.011535849,0.0,0.14365847,0.0,0.19461389,0.0,0.08743009,0.28951168,0.0,0.35807306,0.0,0.0,0.0,0.0,0.0,0.0,0.0,0.0,0.0,0.0,1.2805759,0.76539564,1.4642109,1.6849297,1.3407183,1.4674796,1.8345296,1.9779036,0.03100626,1.7605814,1.1757634,1.447778,1.0939054,0.18644367,1.5872455,1.0074431482217396,1.0810133114139362,0.5678301443053513,0.3332248629508868,1.747703646029939,1.2690401,0.76539564,1.3205523,1.6849297,1.1461045,1.4674796,1.7470995,1.6883919,0.03100626,1.4025083,1.1757634,1.447778,1.0939054,0.18644367,1.5872455,1.0074431482217396,1.0810133114139362,0.5678301443053513,0.3332248629508868,1.747703646029939
2012-02-19 13:00:00,-0.020437853,-0.022369273,0.0,0.0,-0.088290095,-0.113665685,0.0,0.0,-0.16524962,-0.18935402,0.0,0.0,-0.10080559,-0.13334426,-0.33716458,-0.31703225,-0.29563767,0.0,0.0,0.0,-0.4159755,-0.37251827,-0.35662827,0.0,0.0,0.0,0.0,0.0,0.0,0.0,0.0,0.0,0.0,0.0,0.0,0.0,0.0,0.0,0.3786083,1.2944229,0.37424332,0.9133972,0.46202308,1.4859626,0.60591376,1.680941,0.660454,1.3527559,0.48127928,1.4081988,0.8077693,1.9047825,0.5868921,1.9602871,1.638645,0.0,0.0,0.0,0.50126696,1.7597649,1.4470824,0.34468943,0.47681507,0.29550505,0.18057312,0.52272004,1.05221,1.3871566,0.9930419,0.16708523,1.5938473,0.9093577,1.0419205,1.1682073,0.014316628,1.754608,273.28217,273.28217,270.85394,270.85394,273.69473,273.69473,272.45322,272.45322,278.94836,278.94836,271.6991,271.6991,278.82806,278.82806,275.80258,275.80258,275.80258,265.4026,265.4026,265.4026,275.35428,275.35428,275.35428,271.43387,272.10428,270.29593,269.33163,272.60245,271.43387,272.10428,270.29593,269.33163,272.60245,271.43387,272.10428,270.29593,269.33163,272.60245,0.02845515,0.0,0.16426933,0.0,0.180355,0.0,0.12613939,0.3442715,0.0,0.40031448,0.0,0.0,0.0,0.0,0.0,0.0,0.0,0.0,0.0,0.0,1.2953628,0.91615194,1.4869515,1.6833044,1.3523475,1.4105921,1.9034896,1.9590701,0.028863002,1.7592332,1.0559201,1.3897281,0.9962348,0.17681669,1.5958344,0.8994155760866357,1.0357722710511106,0.4250608902773398,0.3160110349929627,1.7560855894870204,1.2669077,0.91615194,1.3226821,1.6833044,1.1719925,1.4105921,1.7773502,1.6147985,0.028863002,1.3589188,1.0559201,1.3897281,0.9962348,0.17681669,1.5958344,0.8994155760866357,1.0357722710511106,0.4250608902773398,0.3160110349929627,1.7560855894870204
2012-02-19 14:00:00,-0.030087182,-0.03340591,0.0,0.0,-0.03461346,-0.044021677,0.0,0.0,-0.14717393,-0.17042786,0.0,0.0,-0.13342758,-0.17892158,-0.33347207,-0.3125186,-0.3011938,0.0,0.0,0.0,-0.41846532,-0.3747543,-0.35727453,0.0,0.0,0.0,0.0,0.0,0.0,0.0,0.0,0.0,0.0,0.0,0.0,0.0,0.0,0.0,0.39150828,1.3159791,0.3428408,0.8464892,0.4150861,1.3894722,0.5659006,1.6374857,0.66853374,1.362616,0.48191229,1.40902,0.86233026,1.9798886,0.51741743,1.8762676,1.5534625,0.0,0.0,0.0,0.50875705,1.7679287,1.455046,0.022967575,0.4479832,0.30546296,0.13779296,0.53076506,0.570697,1.356357,1.006069,0.03080672,1.6043968,0.24249418,0.99658483,1.1808919,0.0,1.7649068,273.4018,273.4018,270.61188,270.61188,273.3389,273.3389,272.22498,272.22498,279.04156,279.04156,271.70306,271.70306,279.24313,279.24313,275.39578,275.39578,275.39578,265.2011,265.2011,265.2011,275.40714,275.40714,275.40714,269.04337,271.91754,270.3621,268.82144,272.65164,269.04337,271.91754,270.3621,268.82144,272.65164,269.04337,271.91754,270.3621,268.82144,272.65164,0.042843133,0.0,0.063793786,0.0,0.1625461,0.0,0.17136145,0.338378,0.0,0.40287277,0.0,0.0,0.0,0.0,0.0,0.0,0.0,0.0,0.0,0.0,1.3169191,0.8492541,1.3904611,1.6398917,1.3622075,1.4114132,1.9785957,1.8750505,0.027553564,1.767397,0.60393083,1.3590511,1.0092471,0.16189474,1.6063551,0.4946551965146172,1.0118643406616012,0.44408158361801026,0.1783827347535677,1.7663528332961502,1.274076,0.8492541,1.3266673,1.6398917,1.1996614,1.4114132,1.8072343,1.5366725,0.027553564,1.3645242,0.60393083,1.3590511,1.0092471,0.16189474,1.6063551,0.4946551965146172,1.0118643406616012,0.44408158361801026,0.1783827347535677,1.7663528332961502
2012-02-19 15:00:00,-0.02964504,-0.033134922,0.0,0.0,0.0,0.0,0.0,0.0,-0.109919265,-0.12903076,0.0,0.0,-0.10962189,-0.1530155,-0.24654627,-0.23187527,-0.2157779,0.0,0.0,0.0,-0.3128023,-0.28017396,-0.25813022,0.0,0.0,0.0,0.0,0.0,0.0,0.0,0.0,0.0,0.0,0.0,0.0,0.0,0.0,0.0,0.3952368,1.3222096,0.24716836,0.64264405,0.3881718,1.3341433,0.30655614,1.3558303,0.6684703,1.3625386,0.4763956,1.4018632,0.893861,2.023292,0.46207216,1.8093356,1.4856042,0.0,0.0,0.0,0.46393734,1.7190782,1.4073925,0.0,0.44495815,0.3018068,0.02225224,0.5397284,0.37567472,1.3531257,1.0012859,0.0,1.6161506,0.0,0.99182826,1.1762347,0.0,1.7763814,273.43637,273.43637,269.8744,269.8744,273.13486,273.13486,270.74564,270.74564,279.04083,279.04083,271.6685,271.6685,279.483,279.483,275.07172,275.07172,275.07172,264.70035,264.70035,264.70035,275.09085,275.09085,275.09085,268.07516,271.89795,270.3378,267.4435,272.70645,268.07516,271.89795,270.3378,267.4435,272.70645,268.07516,271.89795,270.3378,267.4435,272.70645,0.042674936,0.0,0.0,0.0,0.12314341,0.0,0.14708206,0.25260752,0.0,0.30266523,0.0,0.0,0.0,0.0,0.0,0.0,0.0,0.0,0.0,0.0,1.3231496,0.6454399,1.3351322,1.3585136,1.36213,1.4042565,2.0219994,1.8081185,0.024299009,1.7185464,0.5030108,1.3558326,1.0044695,0.12159351,1.6180767,0.41286387573694605,1.009355942016387,0.43709797111839144,0.12159351398154122,1.7777920205673647,1.2804747,0.6454399,1.3351322,1.3585136,1.2389866,1.4042565,1.8749173,1.5555109,0.024299009,1.4158812,0.5030108,1.3558326,1.0044695,0.12159351,1.6180767,0.41286387573694605,1.009355942016387,0.43709797111839144,0.12159351398154122,1.7777920205673647
2012-02-19 16:00:00,0.0,0.0,0.0,0.0,0.0,0.0,0.0,0.0,-0.041074596,-0.04908538,0.0,0.0,-0.042992536,-0.06301115,-0.031432852,-0.029801872,-0.025820516,0.0,0.0,0.0,-0.052762922,-0.047304176,-0.038773604,0.0,0.0,0.0,0.0,0.0,0.0,0.0,0.0,0.0,0.0,0.0,0.0,0.0,0.0,0.0,0.36281896,1.2680383,0.14678478,0.4287611,0.2912384,1.1348736,0.044370815,1.0710897,0.64882636,1.3385665,0.45236167,1.3706844,0.8770125,2.0000994,0.19716144,1.4889641,1.1607982,0.0,0.0,0.0,0.3015155,1.5420486,1.2347007,0.0,0.40707475,0.19202654,0.0,0.5531385,0.06176809,1.3126571,0.85766983,0.0,1.6337353,0.0,0.9322599,1.0363926,0.0,1.7935483,273.13574,273.13574,269.1006,269.1006,272.4,272.4,269.2501,269.2501,278.81424,278.81424,271.51785,271.51785,279.35483,279.35483,273.52057,273.52057,273.52057,264.01984,264.01984,264.01984,273.94467,273.94467,273.94467,266.51675,271.6526,269.6084,265.62338,272.78845,266.51675,271.6526,269.6084,265.62338,272.78845,266.51675,271.6526,269.6084,265.62338,272.78845,0.0,0.0,0.0,0.0,0.046794914,0.0,0.0603053,0.03303602,0.0,0.05204544,0.0,0.0,0.0,0.0,0.0,0.0,0.0,0.0,0.0,0.0,1.2689813,0.48237658,1.1358625,1.0773655,1.338158,1.3730775,1.9988066,1.4877473,0.019876234,1.5415169,0.35175908,1.3155249,0.8610155,0.06835897,1.6356134,0.2924015154088583,0.9779423515062291,0.2274053550965452,0.06835897571496699,1.7949062166685632,1.2689813,0.48237658,1.1358625,1.0773655,1.2913631,1.3730775,1.9385012,1.4547112,0.019876234,1.4894716,0.35175908,1.3155249,0.8610155,0.06835897,1.6356134,0.2924015154088583,0.9779423515062291,0.2274053550965452,0.06835897571496699,1.7949062166685632
2012-02-19 17:00:00,0.0,0.0,0.0,0.0,0.0,0.0,0.0,0.0,0.0,0.0,0.0,0.0,0.0,0.0,0.0,0.0,0.0,0.0,0.0,0.0,0.0,0.0,0.0,0.0,0.0,0.0,0.0,0.0,0.0,0.0,0.0,0.0,0.0,0.0,0.0,0.0,0.0,0.0,0.29446214,1.1538123,0.0,0.0,0.0,0.23424497,0.0,0.78035855,0.6162133,1.2987682,0.4432564,1.3588723,0.7786416,1.8646866,0.0,0.69713783,0.3580113,0.0,0.0,0.0,0.01564903,1.2304723,0.9307586,0.0,0.30894536,0.14043196,0.0,0.513657,0.0,1.207831,0.79017305,0.0,1.5819626,0.0,0.7779603,0.9706695,0.0,1.7430058,272.50183,272.50183,266.8728,266.8728,269.07867,269.07867,267.72308,267.72308,278.43805,278.43805,271.4608,271.4608,278.60648,278.60648,269.68677,269.68677,269.68677,263.09888,263.09888,263.09888,271.92737,271.92737,271.92737,265.327,271.01703,269.2656,265.06522,272.54703,265.327,271.01703,269.2656,265.06522,272.54703,265.327,271.01703,269.2656,265.06522,272.54703,0.0,0.0,0.0,0.0,0.0,0.0,0.0,0.0,0.0,0.0,0.0,0.0,0.0,0.0,0.0,0.0,0.0,0.0,0.0,0.0,1.1548867,0.30423194,0.2792508,0.8339751,1.2983598,1.3612654,1.8633937,0.6959209,0.014602049,1.2299408,0.23628692,1.2111162,0.7999238,0.05203391,1.5839821,0.20043532303524708,0.8965717748937232,0.13518277314617683,0.052033907727715684,1.7445190170568838,1.1548867,0.30423194,0.2792508,0.8339751,1.2983598,1.3612654,1.8633937,0.6959209,0.014602049,1.2299408,0.23628692,1.2111162,0.7999238,0.05203391,1.5839821,0.20043532303524708,0.8965717748937232,0.13518277314617683,0.052033907727715684,1.7445190170568838
2012-02-19 18:00:00,0.0,0.0,0.0,0.0,0.0,0.0,0.0,0.0,0.0,0.0,0.0,0.0,0.0,0.0,0.0,0.0,0.0,0.0,0.0,0.0,0.0,0.0,0.0,0.0,0.0,0.0,0.0,0.0,0.0,0.0,0.0,0.0,0.0,0.0,0.0,0.0,0.0,0.0,0.22056362,1.0303255,0.0,0.0,0.0,0.12769186,0.0,0.67462814,0.59909594,1.2778794,0.38569376,1.2841971,0.7313616,1.799603,0.0,0.74691296,0.40847543,0.0,0.0,0.0,0.0,0.97189957,0.67852116,0.0,0.28589964,0.09653088,0.0,0.49238145,0.0,1.1832129,0.7327411,0.0,1.5540637,0.0,0.7417228,0.9147469,0.0,1.7157699,271.81653,271.81653,267.20468,267.20468,268.68573,268.68573,267.16776,267.16776,278.2406,278.2406,271.1,271.1,278.2468,278.2468,269.92776,269.92776,269.92776,260.829,260.829,260.829,270.25323,270.25323,270.25323,264.58966,270.86777,268.9739,265.13235,272.41693,264.58966,270.86777,268.9739,265.13235,272.41693,264.58966,270.86777,268.9739,265.13235,272.41693,0.0,0.0,0.0,0.0,0.0,0.0,0.0,0.0,0.0,0.0,0.0,0.0,0.0,0.0,0.0,0.0,0.0,0.0,0.0,0.0,1.0315422,0.33054274,0.23355147,0.74598366,1.2774711,1.2865902,1.7983102,0.745696,0.0050873603,0.9713679,0.16472477,1.1865958,0.76154363,0.053997558,1.5561596,0.14344062817199305,0.8774618406667104,0.08922862417815108,0.05399755723957752,1.717366870432615,1.0315422,0.33054274,0.23355147,0.74598366,1.2774711,1.2865902,1.7983102,0.745696,0.0050873603,0.9713679,0.16472477,1.1865958,0.76154363,0.053997558,1.5561596,0.14344062817199305,0.8774618406667104,0.08922862417815108,0.05399755723957752,1.717366870432615
2012-02-19 19:00:00,0.0,0.0,0.0,0.0,0.0,0.0,0.0,0.0,0.0,0.0,0.0,0.0,0.0,0.0,0.0,0.0,0.0,0.0,0.0,0.0,0.0,0.0,0.0,0.0,0.0,0.0,0.0,0.0,0.0,0.0,0.0,0.0,0.0,0.0,0.0,0.0,0.0,0.0,0.07680109,0.7900942,0.0,0.03384179,0.0,0.02171804,0.0,0.6484469,0.5821796,1.257236,0.33181217,1.2142973,0.6924778,1.7460774,0.0,0.5046428,0.16285178,0.0,0.0,0.0,0.0,0.99153125,0.69767183,0.0,0.27910984,0.0,0.0,0.37604797,0.0,1.1759596,0.56951827,0.0,1.4015136,0.0,0.73104644,0.7558133,0.0,1.5668447,270.48334,270.48334,267.6718,267.6718,268.29492,268.29492,267.03024,267.03024,278.04547,278.04547,270.7623,270.7623,277.951,277.951,268.75476,268.75476,268.75476,259.36047,259.36047,259.36047,270.38034,270.38034,270.38034,264.2482,270.8238,268.14493,265.0788,271.70557,264.2482,270.8238,268.14493,265.0788,271.70557,264.2482,270.8238,268.14493,265.0788,271.70557,0.0,0.0,0.0,0.0,0.0,0.0,0.0,0.0,0.0,0.0,0.0,0.0,0.0,0.0,0.0,0.0,0.0,0.0,0.0,0.0,0.79158735,0.36757627,0.21781631,0.72419494,1.2568277,1.2166904,1.7447845,0.507001,0.0,0.9909996,0.1315842,1.1793715,0.65315884,0.0524311,1.4040265,0.11704628849958923,0.8718316187854744,0.08096219876851309,0.052431100469887734,1.568899467708781,0.79158735,0.36757627,0.21781631,0.72419494,1.2568277,1.2166904,1.7447845,0.507001,0.0,0.9909996,0.1315842,1.1793715,0.65315884,0.0524311,1.4040265,0.11704628849958923,0.8718316187854744,0.08096219876851309,0.052431100469887734,1.568899467708781
2012-02-19 20:00:00,0.0,0.0,0.0,0.0,0.0,0.0,0.0,0.0,0.0,0.0,0.0,0.0,0.0,0.0,0.0,0.0,0.0,0.0,0.0,0.0,0.0,0.0,0.0,0.0,0.0,0.0,0.0,0.0,0.0,0.0,0.0,0.0,0.0,0.0,0.0,0.0,0.0,0.0,0.0,0.57729214,0.0,0.0,0.0,0.0,0.0,0.57600373,0.4137068,1.0516455,0.30428225,1.178583,0.6674418,1.7116139,0.0,0.6626917,0.32308838,0.0,0.0,0.0,0.0,1.0068312,0.7125971,0.0,0.2696625,0.0,0.0,0.25252283,0.0,1.1658677,0.5206429,0.0,1.2395331,0.0,0.7161915,0.7082222,0.0,1.4087131,269.30237,269.30237,266.61377,266.61377,267.22687,267.22687,266.64975,266.64975,276.10214,276.10214,270.58975,270.58975,277.76053,277.76053,269.52,269.52,269.52,258.4845,258.4845,258.4845,270.4794,270.4794,270.4794,264.42215,270.7626,267.8967,263.9059,270.95023,264.42215,270.7626,267.8967,263.9059,270.95023,264.42215,270.7626,267.8967,263.9059,270.95023,0.0,0.0,0.0,0.0,0.0,0.0,0.0,0.0,0.0,0.0,0.0,0.0,0.0,0.0,0.0,0.0,0.0,0.0,0.0,0.0,0.58528,0.28369617,0.1779115,0.66390604,1.0512372,1.1809762,1.7103211,0.6614747,0.0,1.0062996,0.14846696,1.1693196,0.6208232,0.018127035,1.2424886,0.13049232801453264,0.8639977569729288,0.07860601691465707,0.018127036065621473,1.4112539642846018,0.58528,0.28369617,0.1779115,0.66390604,1.0512372,1.1809762,1.7103211,0.6614747,0.0,1.0062996,0.14846696,1.1693196,0.6208232,0.018127035,1.2424886,0.13049232801453264,0.8639977569729288,0.07860601691465707,0.018127036065621473,1.4112539642846018
2012-02-19 21:00:00,0.0,0.0,0.0,0.0,0.0,0.0,0.0,0.0,0.0,0.0,0.0,0.0,0.0,0.0,0.0,0.0,0.0,0.0,0.0,0.0,0.0,0.0,0.0,0.0,0.0,0.0,0.0,0.0,0.0,0.0,0.0,0.0,0.0,0.0,0.0,0.0,0.0,0.0,0.02106456,0.69695693,0.0,0.0,0.0,0.0,0.0,0.5656439,0.40298137,1.038557,0.34421384,1.2303857,0.62189084,1.6489104,0.0,0.55721015,0.21614677,0.0,0.0,0.0,0.0,0.96356606,0.6703919,0.0,0.2289284,0.0,0.0,0.17919926,0.0,1.1223536,0.511846,0.0,1.1433823,0.0,0.6521407,0.6996565,0.0,1.3148472,269.96646,269.96646,264.1057,264.1057,266.42578,266.42578,266.59534,266.59534,275.97842,275.97842,270.84003,270.84003,277.414,277.414,269.00928,269.00928,269.00928,258.02054,258.02054,258.02054,270.19928,270.19928,270.19928,263.78296,270.49878,267.85202,262.8145,270.50186,263.78296,270.49878,267.85202,262.8145,270.50186,263.78296,270.49878,267.85202,262.8145,270.50186,0.0,0.0,0.0,0.0,0.0,0.0,0.0,0.0,0.0,0.0,0.0,0.0,0.0,0.0,0.0,0.0,0.0,0.0,0.0,0.0,0.6985572,0.0848614,0.1479812,0.65528435,1.0381486,1.2327789,1.6476176,0.5581026,0.0,0.9630344,0.08643022,1.125979,0.6150032,0.0029859953,1.146601,0.08108403018286786,0.8302203328485115,0.07818193894145259,0.0029859952007663068,1.3176768265403471,0.6985572,0.0848614,0.1479812,0.65528435,1.0381486,1.2327789,1.6476176,0.5581026,0.0,0.9630344,0.08643022,1.125979,0.6150032,0.0029859953,1.146601,0.08108403018286786,0.8302203328485115,0.07818193894145259,0.0029859952007663068,1.3176768265403471
2012-02-19 22:00:00,0.0,0.0,0.0,0.0,0.0,0.0,0.0,0.0,0.0,0.0,0.0,0.0,0.0,0.0,0.0,0.0,0.0,0.0,0.0,0.0,0.0,0.0,0.0,0.0,0.0,0.0,0.0,0.0,0.0,0.0,0.0,0.0,0.0,0.0,0.0,0.0,0.0,0.0,0.0,0.3989525,0.0,0.0,0.0,0.0,0.0,0.58383614,0.3736701,1.0027881,0.21519211,1.0630076,0.5767129,1.5867207,0.0,0.68037796,0.3410195,0.0,0.0,0.0,0.0,1.0246435,0.7299729,0.0,0.066449076,0.0,0.0,0.13830036,0.0,0.94878644,0.43643567,0.0,1.0897509,0.0,0.3966563,0.6262278,0.0,1.2624903,268.31265,268.31265,265.72107,265.72107,267.35156,267.35156,266.6909,266.6909,275.64032,275.64032,270.03137,270.03137,277.0703,277.0703,269.60562,269.60562,269.60562,257.3612,257.3612,257.3612,270.59473,270.59473,270.59473,263.55234,269.44644,267.46902,262.8782,270.25177,263.55234,269.44644,267.46902,262.8782,270.25177,263.55234,269.44644,267.46902,262.8782,270.25177,0.0,0.0,0.0,0.0,0.0,0.0,0.0,0.0,0.0,0.0,0.0,0.0,0.0,0.0,0.0,0.0,0.0,0.0,0.0,0.0,0.5118768,0.21292432,0.18257038,0.6704243,1.0023797,1.0654008,1.5854276,0.6791611,0.0,1.0241119,0.06404724,0.95310247,0.56511235,0.0030454416,1.0931162,0.06325741253121396,0.6954896311617239,0.07454657107006177,0.003045441472622409,1.2654807576719722,0.5118768,0.21292432,0.18257038,0.6704243,1.0023797,1.0654008,1.5854276,0.6791611,0.0,1.0241119,0.06404724,0.95310247,0.56511235,0.0030454416,1.0931162,0.06325741253121396,0.6954896311617239,0.07454657107006177,0.003045441472622409,1.2654807576719722
2012-02-19 23:00:00,0.0,0.0,0.0,0.0,0.0,0.0,0.0,0.0,0.0,0.0,0.0,0.0,0.0,0.0,0.0,0.0,0.0,0.0,0.0,0.0,0.0,0.0,0.0,0.0,0.0,0.0,0.0,0.0,0.0,0.0,0.0,0.0,0.0,0.0,0.0,0.0,0.0,0.0,0.0,0.3569948,0.0,0.0,0.0,0.0,0.0,0.5824648,0.35183287,0.97613955,0.15729351,0.9878966,0.51120853,1.49655,0.0,0.64841527,0.30861434,0.0,0.0,0.0,0.0,1.0879222,0.7917011,0.0,0.13935107,0.0,0.0,0.12698145,0.0,1.0266634,0.28841516,0.0,1.0749083,0.0,0.5112882,0.48209715,0.0,1.2480004,268.0798,268.0798,265.5629,265.5629,268.1725,268.1725,266.6837,266.6837,275.38843,275.38843,269.6685,269.6685,276.572,276.572,269.45087,269.45087,269.45087,256.13605,256.13605,256.13605,271.00443,271.00443,271.00443,263.41907,269.9186,266.71725,262.7715,270.18256,263.41907,269.9186,266.71725,262.7715,270.18256,263.41907,269.9186,266.71725,262.7715,270.18256,0.0,0.0,0.0,0.0,0.0,0.0,0.0,0.0,0.0,0.0,0.0,0.0,0.0,0.0,0.0,0.0,0.0,0.0,0.0,0.0,0.4962934,0.20038465,0.21324182,0.6692831,0.9757312,0.9902898,1.4952574,0.6471983,0.0,1.0873905,0.051112678,1.0306696,0.46718305,0.002945861,1.078314,0.05295585909932653,0.7559412570787838,0.06741082189525367,0.0029458611341418458,1.2510352806501939,0.4962934,0.20038465,0.21324182,0.6692831,0.9757312,0.9902898,1.4952574,0.6471983,0.0,1.0873905,0.051112678,1.0306696,0.46718305,0.002945861,1.078314,0.05295585909932653,0.7559412570787838,0.06741082189525367,0.0029458611341418458,1.2510352806501939
2012-03-19 00:00:00,0.0,0.0,0.0,0.0,0.0,0.0,0.0,0.0,0.0,0.0,0.0,0.0,0.0,0.0,0.0,0.0,0.0,0.0,0.0,0.0,0.0,0.0,0.0,0.0,0.0,0.0,0.0,0.0,0.0,0.0,0.0,0.0,0.0,0.0,0.0,0.0,0.0,0.0,0.5128867,1.518806,0.53116095,1.2477348,0.633001,1.8374488,0.80287105,1.8948425,0.9482248,1.703928,1.0467876,2.1418247,0.9901298,2.1558115,0.6916723,2.0870037,1.7671156,0.0,0.0,0.0,0.64079463,1.911841,1.5954326,0.12918276,0.76693887,0.533236,0.14381924,0.8603868,0.72966653,1.697079,1.3040448,0.050003737,2.0366356,0.46265656,1.4981145,1.4710376,0.0,2.1868746,274.5274,274.5274,272.06354,272.06354,274.99094,274.99094,273.5767,273.5767,282.2678,282.2678,275.24347,275.24347,280.21536,280.21536,276.4161,276.4161,276.4161,263.82965,263.82965,263.82965,276.3389,276.3389,276.3389,269.83258,273.98334,271.87546,268.8933,274.66724,269.83258,273.98334,271.87546,268.8933,274.66724,269.83258,273.98334,271.87546,268.8933,274.66724,0.0,0.0,0.0,0.0,0.0,0.0,0.0,0.0,0.0,0.0,0.0,0.0,0.0,0.0,0.0,0.0,0.0,0.0,0.0,0.0,1.519746,1.2504388,1.8384377,1.897075,1.7035197,2.144218,2.1545188,2.0857866,0.018640181,1.9113095,0.73503965,1.698964,1.3068867,0.16399674,2.0383017,0.6101715725401216,1.2768949928657924,0.8791536236382332,0.1977699011050317,2.1879128048096934,1.519746,1.2504388,1.8384377,1.897075,1.7035197,2.144218,2.1545188,2.0857866,0.018640181,1.9113095,0.73503965,1.698964,1.3068867,0.16399674,2.0383017,0.6101715725401216,1.2768949928657924,0.8791536236382332,0.1977699011050317,2.1879128048096934
2012-03-19 01:00:00,0.0,0.0,0.0,0.0,0.0,0.0,0.0,0.0,0.0,0.0,0.0,0.0,0.0,0.0,0.0,0.0,0.0,0.0,0.0,0.0,0.0,0.0,0.0,0.0,0.0,0.0,0.0,0.0,0.0,0.0,0.0,0.0,0.0,0.0,0.0,0.0,0.0,0.0,0.4859053,1.4737194,0.433034,1.0386599,0.59178424,1.7527177,0.7868583,1.8774519,0.75561833,1.4688866,0.94776934,2.0133698,0.99358374,2.1605659,0.69380915,2.0895877,1.7697355,0.0,0.0,0.0,0.6168019,1.8856907,1.5699228,0.06533702,0.7489067,0.5919774,0.14912133,0.8174765,0.6341103,1.6778162,1.3808914,0.06689382,1.980367,0.33031732,1.4697602,1.5458646,0.0,2.1319427,274.2772,274.2772,271.30713,271.30713,274.67847,274.67847,273.48535,273.48535,280.04608,280.04608,274.62286,274.62286,280.24164,280.24164,276.42862,276.42862,276.42862,263.1388,263.1388,263.1388,276.1696,276.1696,276.1696,269.3582,273.86655,272.26575,268.95654,274.40485,269.3582,273.86655,272.26575,268.95654,274.40485,269.3582,273.86655,272.26575,268.95654,274.40485,0.0,0.0,0.0,0.0,0.0,0.0,0.0,0.0,0.0,0.0,0.0,0.0,0.0,0.0,0.0,0.0,0.0,0.0,0.0,0.0,1.4746593,1.0413957,1.7537066,1.8796847,1.4684783,2.015763,2.1592731,2.0883708,0.014769371,1.885159,0.64036834,1.6797012,1.3836464,0.16584614,1.9820328,0.5248728686383688,1.26186562255643,0.9913564129066067,0.21482731455736015,2.132996079376316,1.4746593,1.0413957,1.7537066,1.8796847,1.4684783,2.015763,2.1592731,2.0883708,0.014769371,1.885159,0.64036834,1.6797012,1.3836464,0.16584614,1.9820328,0.5248728686383688,1.26186562255643,0.9913564129066067,0.21482731455736015,2.132996079376316
2012-03-19 02:00:00,0.0,0.0,0.0,0.0,0.0,0.0,0.0,0.0,0.0,0.0,0.0,0.0,0.0,0.0,0.0,0.0,0.0,0.0,0.0,0.0,0.0,0.0,0.0,0.0,0.0,0.0,0.0,0.0,0.0,0.0,0.0,0.0,0.0,0.0,0.0,0.0,0.0,0.0,0.4724755,1.4512776,0.41627568,1.0029538,0.5794462,1.7273538,0.8421994,1.9375539,0.7514752,1.4638308,0.8976905,1.9484034,0.95469993,2.1070404,0.69295967,2.0885603,1.7686939,0.0,0.0,0.0,0.603305,1.8709798,1.5555724,0.04735998,0.751583,0.7399955,0.14112979,0.8608509,0.6072045,1.6806751,1.5745305,0.04143639,2.0372443,0.29305464,1.4739687,1.7344153,0.0,2.1874688,274.15265,274.15265,271.17795,271.17795,274.58493,274.58493,273.80103,273.80103,279.9983,279.9983,274.309,274.309,279.94583,279.94583,276.42365,276.42365,276.42365,263.0872,263.0872,263.0872,276.07434,276.07434,276.07434,269.2246,273.88388,273.2492,268.86124,274.67007,269.2246,273.88388,273.2492,268.86124,274.67007,269.2246,273.88388,273.2492,268.86124,274.67007,0.0,0.0,0.0,0.0,0.0,0.0,0.0,0.0,0.0,0.0,0.0,0.0,0.0,0.0,0.0,0.0,0.0,0.0,0.0,0.0,1.4522177,1.0056949,1.7283427,1.9397867,1.4634224,1.9507966,2.1057475,2.0873435,0.014553055,1.8704482,0.6249082,1.6825602,1.5770891,0.16305865,2.0389104,0.5120517411775641,1.2640962685809187,1.2741094851988188,0.18911770924287094,2.1885068098649745,1.4522177,1.0056949,1.7283427,1.9397867,1.4634224,1.9507966,2.1057475,2.0873435,0.014553055,1.8704482,0.6249082,1.6825602,1.5770891,0.16305865,2.0389104,0.5120517411775641,1.2640962685809187,1.2741094851988188,0.18911770924287094,2.1885068098649745
2012-03-19 03:00:00,0.0,0.0,0.0,0.0,0.0,0.0,0.0,0.0,0.0,0.0,0.0,0.0,0.0,0.0,0.0,0.0,0.0,0.0,0.0,0.0,0.0,0.0,0.0,0.0,0.0,0.0,0.0,0.0,0.0,0.0,0.0,0.0,0.0,0.0,0.0,0.0,0.0,0.0,0.53770274,1.5602744,0.40699193,0.98317313,0.5131627,1.5910923,0.8696292,1.9673433,0.74977666,1.4617581,0.89694065,1.9474306,1.0296715,2.210243,0.66200614,2.0511265,1.7307419,0.0,0.0,0.0,0.5364473,1.7981093,1.4844873,0.018260747,0.75565404,0.6282908,0.12379562,0.88514066,0.5636524,1.6850239,1.4283967,0.0,2.0690958,0.23273793,1.4803699,1.5921216,0.0,2.2185636,274.75754,274.75754,271.10638,271.10638,274.08243,274.08243,273.9575,273.9575,279.9787,279.9787,274.3043,274.3043,280.51617,280.51617,276.2424,276.2424,276.2424,263.59457,263.59457,263.59457,275.60254,275.60254,275.60254,269.0084,273.91025,272.50702,268.6545,274.8186,269.0084,273.91025,272.50702,268.6545,274.8186,269.0084,273.91025,272.50702,268.6545,274.8186,0.0,0.0,0.0,0.0,0.0,0.0,0.0,0.0,0.0,0.0,0.0,0.0,0.0,0.0,0.0,0.0,0.0,0.0,0.0,0.0,1.5612143,0.9859173,1.5920812,1.9695762,1.4613497,1.9498237,2.20895,2.0499096,0.01711237,1.7975776,0.59988296,1.686909,1.4310982,0.1570124,2.070762,0.491298328324057,1.2674893639421123,1.0607187752457856,0.15701239576776904,2.2195930744246684,1.5612143,0.9859173,1.5920812,1.9695762,1.4613497,1.9498237,2.20895,2.0499096,0.01711237,1.7975776,0.59988296,1.686909,1.4310982,0.1570124,2.070762,0.491298328324057,1.2674893639421123,1.0607187752457856,0.15701239576776904,2.2195930744246684
2012-03-19 04:00:00,0.0,0.0,0.0,0.0,0.0,0.0,0.0,0.0,0.0,0.0,0.0,0.0,0.0,0.0,0.0,0.0,0.0,0.0,0.0,0.0,0.0,0.0,0.0,0.0,0.0,0.0,0.0,0.0,0.0,0.0,0.0,0.0,0.0,0.0,0.0,0.0,0.0,0.0,0.4782213,1.4608791,0.4489332,1.0725356,0.596164,1.7617214,0.8858292,1.9849372,0.725479,1.4321071,0.90115243,1.9528944,1.0703083,2.2661817,0.6097307,1.9879072,1.6666474,0.0,0.0,0.0,0.54342276,1.8057122,1.4919038,0.005931075,0.7541791,0.62373435,0.10711396,0.822108,0.54519886,1.6834483,1.422436,0.0,1.9864401,0.207181,1.4780508,1.5863175,0.0,2.1378717,274.20593,274.20593,271.4297,271.4297,274.71167,274.71167,274.0499,274.0499,279.69843,279.69843,274.3307,274.3307,280.82532,280.82532,275.9363,275.9363,275.9363,263.71707,263.71707,263.71707,275.65176,275.65176,275.65176,268.91678,273.9007,272.47675,268.45557,274.43317,268.91678,273.9007,272.47675,268.45557,274.43317,268.91678,273.9007,272.47675,268.45557,274.43317,0.0,0.0,0.0,0.0,0.0,0.0,0.0,0.0,0.0,0.0,0.0,0.0,0.0,0.0,0.0,0.0,0.0,0.0,0.0,0.0,1.461819,1.0752664,1.7627101,1.9871699,1.4316987,1.9552877,2.264889,1.98669,0.017908506,1.8051804,0.58927953,1.6853336,1.4251442,0.15119374,1.988106,0.4825048568510537,1.2662601523124206,1.0520155797688735,0.1511937452369385,2.13892335562686,1.461819,1.0752664,1.7627101,1.9871699,1.4316987,1.9552877,2.264889,1.98669,0.017908506,1.8051804,0.58927953,1.6853336,1.4251442,0.15119374,1.988106,0.4825048568510537,1.2662601523124206,1.0520155797688735,0.1511937452369385,2.13892335562686
2012-03-19 05:00:00,0.0,0.0,0.0,0.0,0.0,0.0,0.0,0.0,0.0,0.0,0.0,0.0,0.0,0.0,0.0,0.0,0.0,0.0,0.0,0.0,0.0,0.0,0.0,0.0,0.0,0.0,0.0,0.0,0.0,0.0,0.0,0.0,0.0,0.0,0.0,0.0,0.0,0.0,0.4374283,1.3927128,0.39635813,0.9605161,0.55345774,1.6739283,0.8370901,1.9320052,0.6940696,1.3937777,0.8418321,1.875939,1.0954688,2.3008163,0.6151876,1.9945062,1.673338,0.0,0.0,0.0,0.57155406,1.8363734,1.5218139,0.0065758936,0.74840236,0.76621306,0.11495965,0.9121405,0.54616404,1.6772774,1.6088285,0.0,2.1045012,0.20851764,1.4689676,1.767812,0.0,2.2531276,273.82764,273.82764,271.0244,271.0244,274.3879,274.3879,273.77188,273.77188,279.33612,279.33612,273.9589,273.9589,281.01672,281.01672,275.96826,275.96826,275.96826,263.5254,263.5254,263.5254,275.85028,275.85028,275.85028,268.92157,273.86328,273.4234,268.54913,274.9837,268.92157,273.86328,273.4234,268.54913,274.9837,268.92157,273.86328,273.4234,268.54913,274.9837,0.0,0.0,0.0,0.0,0.0,0.0,0.0,0.0,0.0,0.0,0.0,0.0,0.0,0.0,0.0,0.0,0.0,0.0,0.0,0.0,1.3936528,0.96326387,1.6749172,1.9342378,1.3933694,1.8783321,2.2995236,1.9932894,0.016662735,1.8358418,0.58983403,1.6791626,1.6113873,0.15393037,2.1061673,0.48296474193475175,1.2614454128299861,1.3242266638899487,0.1539303586021059,2.254147562049066,1.3936528,0.96326387,1.6749172,1.9342378,1.3933694,1.8783321,2.2995236,1.9932894,0.016662735,1.8358418,0.58983403,1.6791626,1.6113873,0.15393037,2.1061673,0.48296474193475175,1.2614454128299861,1.3242266638899487,0.1539303586021059,2.254147562049066
2012-03-19 06:00:00,-0.011685802,-0.013586276,0.0,0.0,-0.01436516,-0.020352878,-0.08854355,-0.12165695,-0.028196944,-0.03474992,-0.05561095,-0.07875671,-0.11096051,-0.16716458,-0.02848171,-0.027320273,-0.02143053,0.0,0.0,0.0,-0.0313393,-0.02819266,-0.021667793,0.0,-0.035782035,0.0,0.0,-0.07362211,0.0,-0.05103556,0.0,0.0,-0.10069519,0.0,-0.035079096,0.0,0.0,-0.06806146,0.40925896,1.345641,0.4375908,1.0483689,0.51457566,1.593997,0.8154812,1.9085371,0.6729892,1.3680527,0.80831313,1.8324553,0.9616639,2.1166265,0.6240374,2.005209,1.6841887,0.0,0.0,0.0,0.5916589,1.8582864,1.54319,0.019911837,0.7271048,0.6076813,0.1310118,0.77323884,0.5661235,1.6545265,1.4014353,0.009204954,1.9223571,0.23616028,1.4354788,1.5658687,0.0,2.0753117,273.5664,273.5664,271.34225,271.34225,274.09314,274.09314,273.64862,273.64862,279.09296,279.09296,273.7488,273.7488,279.9988,279.9988,276.02008,276.02008,276.02008,262.77484,262.77484,262.77484,275.99216,275.99216,275.99216,269.02066,273.72534,272.3701,268.74057,274.13434,269.02066,273.72534,272.3701,268.74057,274.13434,269.02066,273.72534,272.3701,268.74057,274.13434,0.018138172,0.0,0.031008633,0.18324225,0.03356088,0.11976548,0.16415961,0.030688643,0.0,0.031478003,0.0,0.07754106,0.0,0.0,0.14767551,0.0,0.05296443838599898,0.0,0.0,0.147675507671029,1.346581,1.0511031,1.5949858,1.9107699,1.3676444,1.8348485,2.115334,2.0039918,0.013243777,1.8577547,0.6013029,1.6564115,1.4041672,0.15952943,1.9240232,0.4924758684746724,1.2436944972829995,1.0213526078013262,0.15952943741479192,2.0763803717418132,1.3284428,1.0511031,1.5639772,1.7275277,1.3340834,1.715083,1.9511743,1.9733033,0.013243777,1.8262768,0.6013029,1.5788705,1.4041672,0.15952943,1.7763476,0.4924758684746724,1.1907300588970005,1.0213526078013262,0.15952943741479192,1.9287048640707842
2012-03-19 07:00:00,-0.048117325,-0.054757405,0.0,0.0,-0.071016505,-0.09779061,-0.27382523,-0.35954136,-0.1359599,-0.1655908,-0.3599623,-0.47821605,-0.4672917,-0.64805716,-0.16281077,-0.15516028,-0.1272726,0.0,0.0,0.0,-0.14990477,-0.13497704,-0.10699028,0.0,-0.19576976,0.0,0.0,-0.2660793,0.0,-0.26279256,0.0,0.0,-0.3471215,0.0,-0.20127608,0.0,0.0,-0.2550721,0.41955262,1.362842,0.46305493,1.102624,0.5242448,1.6138744,0.8515888,1.9477509,0.71457887,1.4188056,0.8478309,1.8837211,1.1167178,2.3300672,0.65873295,2.0471683,1.7267289,0.0,0.0,0.0,0.63085246,1.9010048,1.5848616,0.07949849,0.73966193,0.6108873,0.1324883,0.8062924,0.65530545,1.6679406,1.4056294,0.013908401,1.9657006,0.35967118,1.4552238,1.5699526,0.0,2.1176252,273.66187,273.66187,271.53854,271.53854,274.16644,274.16644,273.85458,273.85458,279.5727,279.5727,273.9965,273.9965,281.17838,281.17838,276.22324,276.22324,276.22324,263.4073,263.4073,263.4073,276.26874,276.26874,276.26874,269.4634,273.80667,272.3914,268.75818,274.33646,269.4634,273.80667,272.3914,268.75818,274.33646,269.4634,273.80667,272.3914,268.75818,274.33646,0.071825884,0.0,0.14631727,0.5257562,0.16050774,0.69806147,0.64245814,0.17274909,0.0,0.14987692,0.0,0.3857795,0.0,0.0,0.49359998,0.0,0.2997086724356224,0.0,0.0,0.4935999862798446,1.363782,1.1053501,1.6148632,1.9499838,1.4183971,1.8861142,2.3287742,2.0459514,0.01589516,1.9004731,0.6610618,1.6698256,1.4083565,0.16004445,1.9673668,0.5434874096520085,1.2541604685070524,1.0274764288122986,0.16131708895883956,2.1186824736893892,1.2919561,1.1053501,1.4685459,1.4242276,1.2578894,1.1880528,1.686316,1.8732022,0.01589516,1.7505963,0.6610618,1.284046,1.4083565,0.16004445,1.4737668,0.5434874096520085,0.95445179607143,1.0274764288122986,0.16131708895883956,1.6250824874095446
2012-03-19 08:00:00,-0.08168415,-0.09149659,0.0,0.0,-0.13626307,-0.18184103,-0.45941615,-0.5830909,-0.26267934,-0.3180765,-0.75886685,-0.95639414,-1.0080649,-1.2966163,-0.20725563,-0.19723417,-0.16350985,0.0,0.0,0.0,-0.29510528,-0.26565656,-0.21968453,0.0,-0.27495387,0.0,0.0,-0.6384666,0.0,-0.35207063,0.0,0.0,-0.776283,0.0,-0.2948606,0.0,0.0,-0.6530687,0.42557478,1.3729053,0.496714,1.17434,0.5265192,1.6185498,0.87400556,1.9720962,0.78502476,1.504772,0.8827521,1.9290239,1.3513083,2.6529937,0.7012674,2.0986073,1.7788801,0.0,0.0,0.0,0.6261386,1.8958672,1.5798498,0.09823943,0.7243296,0.6278176,0.15873522,0.83975005,0.6833545,1.6515619,1.4277779,0.097519405,2.0095744,0.39851734,1.4311149,1.5915191,0.0,2.1604567,273.7177,273.7177,271.798,271.798,274.1837,274.1837,273.98245,273.98245,280.38528,280.38528,274.21536,274.21536,282.963,282.963,276.4723,276.4723,276.4723,264.83963,264.83963,264.83963,276.23547,276.23547,276.23547,269.60266,273.70737,272.50388,269.0712,274.54105,269.60266,273.70737,272.50388,269.0712,274.54105,269.60266,273.70737,272.50388,269.0712,274.54105,0.11854494,0.0,0.26735133,0.83548856,0.31004497,1.3527721,1.2945114,0.21899015,0.0,0.2931363,0.0,0.5062444,0.0,0.0,1.0604111,0.0,0.4354065873170326,0.0,0.0,1.0604110574829426,1.3738452,1.1770554,1.6195387,1.9743291,1.5043637,1.9314171,2.651701,2.0973904,0.025204232,1.8953354,0.68896633,1.6534469,1.43048,0.16919951,2.0112405,0.5686407398378777,1.2413813801907039,1.059815116844453,0.245756224953305,2.161501934878661,1.2553003,1.1770554,1.3521874,1.1388406,1.1943187,0.57864505,1.3571895,1.8784003,0.025204232,1.6021992,0.68896633,1.1472025,1.43048,0.16919951,0.95082945,0.5686407398378777,0.8059747928736714,1.059815116844453,0.245756224953305,1.1010908773957184
2012-03-19 09:00:00,-0.08479568,-0.09357221,0.0,0.0,-0.18276551,-0.23755431,-0.59956634,-0.7399616,-0.47333387,-0.56480116,-0.7239444,-0.89124507,-1.4838601,-1.8119797,-0.316727,-0.30014664,-0.25715685,0.0,0.0,0.0,-0.40377098,-0.3634291,-0.31095123,0.0,-0.39223266,0.0,0.0,-0.627905,0.0,-0.49114266,0.0,0.0,-0.75344354,0.0,-0.42987508,0.0,0.0,-0.65118456,0.41179287,1.3498752,0.5154835,1.2143313,0.5200181,1.6051852,0.88014203,1.9787607,0.88395905,1.6255034,0.8485612,1.8846685,1.5306802,2.8999088,0.72547674,2.127885,1.808563,0.0,0.0,0.0,0.6218313,1.8911726,1.5752702,0.16935076,0.741443,0.63382995,0.18326768,0.81478155,0.789785,1.6698432,1.4356433,0.17566885,1.9768329,0.54591656,1.4580245,1.5991778,0.023581345,2.1284928,273.5899,273.5899,271.9427,271.9427,274.1344,274.1344,274.01746,274.01746,281.5265,281.5265,274.00107,274.00107,284.32758,284.32758,276.61404,276.61404,276.61404,265.0027,265.0027,265.0027,276.20508,276.20508,276.20508,270.13104,273.8182,272.54382,269.36377,274.38837,270.13104,273.8182,272.54382,269.36377,274.38837,270.13104,273.8182,272.54382,269.36377,274.38837,0.12021101,0.0,0.34491646,1.0451432,0.55398035,1.2534755,1.8151476,0.33127955,0.0,0.39910743,0.0,0.69700927,0.0,0.0,1.0264057,0.0,0.6291664340041027,0.0,0.0,1.0264056659394132,1.3508153,1.2170405,1.6061741,1.9809935,1.6250951,1.8870617,2.898616,2.126668,0.02626396,1.8906409,0.79484814,1.6717283,1.4383366,0.1779823,1.9784988,0.6640833781981976,1.2556449477275746,1.0712994745856603,0.32467969153992304,2.129547017765008,1.2306043,1.2170405,1.2612576,0.93585026,1.0711147,0.63358617,1.0834686,1.7953886,0.02626396,1.4915334,0.79484814,0.974719,1.4383366,0.1779823,0.9520931,0.6640833781981976,0.626478513723472,1.0712994745856603,0.32467969153992304,1.103141351825595
2012-03-19 10:00:00,-0.09458066,-0.10319264,0.0,0.0,-0.21911515,-0.28344736,-0.95274466,-1.1585734,-0.65573156,-0.7715179,-0.52144533,-0.65256673,-1.7895802,-2.1317973,-0.3786932,-0.35810813,-0.31228298,0.0,0.0,0.0,-0.4501777,-0.40546083,-0.3494336,0.0,-0.37683678,0.0,0.0,-0.54128623,0.0,-0.47992963,0.0,0.0,-0.66369873,0.0,-0.4062039,0.0,0.0,-0.5489633,0.40864024,1.3446072,0.5081712,1.1987516,0.53853124,1.6432436,0.9481148,2.0525808,0.96353513,1.7226117,0.82232636,1.8506345,1.6626638,3.0815916,0.74217045,2.1480737,1.8290311,0.0,0.0,0.0,0.6461441,1.9176718,1.6011201,0.23612079,0.7515028,0.68132746,0.18472882,0.8174765,0.88971806,1.6805896,1.4977801,0.18032342,1.980367,0.6843173,1.4738426,1.6596818,0.028605279,2.1319427,273.56067,273.56067,271.88632,271.88632,274.27475,274.27475,274.40518,274.40518,282.4444,282.4444,273.83664,273.83664,285.33163,285.33163,276.7118,276.7118,276.7118,265.1755,265.1755,265.1755,276.37665,276.37665,276.37665,270.62717,273.88336,272.8594,269.3812,274.40485,270.62717,273.88336,272.8594,269.3812,274.40485,270.62717,273.88336,272.8594,269.3812,274.40485,0.13160475,0.0,0.40917394,1.6100066,0.75991744,0.92856854,2.1397583,0.3940175,0.0,0.4446313,0.0,0.68536836,0.0,0.0,0.91312295,0.0,0.5961733233390584,0.0,0.0,0.9131229396160888,1.3455472,1.2014631,1.6442323,2.0548136,1.7222033,1.8530277,3.0802987,2.1468568,0.027387157,1.9171401,0.894266,1.6824746,1.5004034,0.18263687,1.9820328,0.7536993520819748,1.2640295062879323,1.1620250234029446,0.32938035905019314,2.132996079376316,1.2139424,1.2014631,1.2350583,0.44480714,0.9622858,0.9244592,0.94054043,1.7528392,0.027387157,1.4725088,0.894266,0.9971062,1.5004034,0.18263687,1.0689099,0.7536993520819748,0.6678561829488739,1.1620250234029446,0.32938035905019314,1.2198731397602272
2012-03-19 11:00:00,-0.10732044,-0.11684911,0.0,0.0,-0.2872404,-0.3662632,-1.3202076,-1.5960673,-0.806535,-0.9361498,-0.2131919,-0.2712223,-1.9765445,-2.3273587,-0.41913393,-0.395492,-0.351435,0.0,0.0,0.0,-0.5549634,-0.500604,-0.43573523,0.0,-0.18489009,0.0,0.0,-0.09428465,0.0,-0.22861284,0.0,0.0,-0.115128726,0.0,-0.20524731,0.0,0.0,-0.09602123,0.41319144,1.3522124,0.5102854,1.203256,0.55942345,1.6861924,1.0248078,2.1358716,1.0195252,1.7909372,0.7633712,1.7741529,1.7585756,3.2136192,0.7180445,2.118897,1.7994505,0.0,0.0,0.0,0.71775013,1.9957179,1.6772541,0.18325758,0.6823374,0.70430225,0.17523521,0.6459458,0.8105991,1.606704,1.5278362,0.15008093,1.7554353,0.57474256,1.365086,1.688948,0.0,1.9123564,273.60287,273.60287,271.90262,271.90262,274.43314,274.43314,274.84265,274.84265,283.09024,283.09024,273.46713,273.46713,286.06128,286.06128,276.57053,276.57053,276.57053,265.2507,265.2507,265.2507,276.88196,276.88196,276.88196,270.23438,273.4354,273.01205,269.26797,273.35596,270.23438,273.4354,273.01205,269.26797,273.35596,270.23438,273.4354,273.01205,269.26797,273.35596,0.14871313,0.0,0.52294815,2.1890604,0.92447567,0.39255792,2.3390698,0.43412548,0.0,0.54756826,0.0,0.32564768,0.0,0.0,0.16197106,0.0,0.3024496476055833,0.0,0.0,0.1619710687220635,1.3531524,1.2059668,1.6871812,2.1381047,1.790529,1.776546,3.2123268,2.1176798,0.027875867,1.9951861,0.81555486,1.608589,1.5304254,0.1749548,1.7571013,0.6827485493595724,1.2063822298909823,1.2059094828540668,0.2988383687470375,1.913469694967711,1.2044393,1.2059668,1.1642331,-0.05095576,0.8660533,1.383988,0.87325674,1.6835544,0.027875867,1.4476179,0.81555486,1.2829415,1.5304254,0.1749548,1.5951303,0.6827485493595724,0.903932582285399,1.2059094828540668,0.2988383687470375,1.7514986262456476
2012-03-19 12:00:00,-0.09711802,-0.10534066,0.0,0.0,-0.2807198,-0.35652024,-1.5494578,-1.8723477,-0.9672766,-1.1077822,-0.37317237,-0.47171956,-2.0935438,-2.4657836,-0.41148952,-0.38796872,-0.34721884,0.0,0.0,0.0,-0.7797185,-0.7046944,-0.626667,0.0,-0.17553544,-0.016066154,0.0,-0.10732962,0.0,-0.21941195,-0.020410983,0.0,-0.13159882,0.0,-0.19272302,-0.01669019,0.0,-0.10885482,0.40624124,1.3405982,0.5057959,1.1936905,0.54930747,1.6653965,1.0780624,2.1937077,1.0843623,1.8700593,0.79722613,1.8180723,1.8673364,3.3633347,0.67755836,2.0699348,1.7498107,0.0,0.0,0.0,0.85111094,2.1410728,1.8190475,0.20065552,0.683421,0.7287836,0.19363903,0.6519097,0.8366381,1.6078618,1.559863,0.2087073,1.7632558,0.610805,1.36679,1.7201332,0.059241414,1.919991,273.53842,273.53842,271.868,271.868,274.35645,274.35645,275.14642,275.14642,283.83813,283.83813,273.67932,273.67932,286.88867,286.88867,276.33347,276.33347,276.33347,265.39874,265.39874,265.39874,277.82306,277.82306,277.82306,270.36365,273.4424,273.1747,269.48746,273.39243,270.36365,273.4424,273.1747,269.48746,273.39243,270.36365,273.4424,273.1747,269.48746,273.39243,0.13386053,0.0,0.5089679,2.5490859,1.097107,0.6770686,2.4816508,0.4257805,0.0,0.76699257,0.0,0.3140251,0.030117283,0.0,0.18535258,0.0,0.28480668102975226,0.032108293366548184,0.0,0.18535258170026433,1.3415383,1.1964028,1.6663853,2.1959405,1.869651,1.8204656,3.362042,2.068718,0.028838012,2.1405408,0.84145963,1.6097468,1.5624217,0.21102075,1.7649219,0.7060993069022727,1.207285484443152,1.2526771037718656,0.3580453752862005,1.9211023405705123,1.2076778,1.1964028,1.1574174,-0.35314527,0.7725439,1.1433969,0.88039106,1.6429374,0.028838012,1.3735483,0.84145963,1.2957217,1.5323044,0.21102075,1.5795693,0.7060993069022727,0.9224788034133997,1.2205688104053174,0.3580453752862005,1.735749758870248
2012-03-19 13:00:00,-0.112997964,-0.12191444,0.0,0.0,-0.27622804,-0.35218048,-1.7902923,-2.1802578,-1.2461559,-1.3755583,-0.43128347,-0.5288915,-2.1156554,-2.5133278,-0.4517456,-0.4256557,-0.38312668,0.0,0.0,0.0,-0.84773254,-0.7761032,-0.692314,0.0,-0.21807876,0.0,0.0,-0.36157638,0.0,-0.26521468,0.0,0.0,-0.43534067,0.0,-0.24636137,0.0,0.0,-0.3736338,0.40987435,1.3466692,0.49164256,1.1635346,0.5525399,1.6720417,1.1412361,2.262316,1.1271187,1.9222357,0.79085255,1.8098037,1.9524171,3.4804528,0.71307755,2.1128902,1.7933605,0.0,0.0,0.0,0.9213202,2.217596,1.8936961,0.20882055,0.6849665,0.69430304,0.16079517,0.7301241,0.84885854,1.6095126,1.5147549,0.10408144,1.8658198,0.6277294,1.3692201,1.6762104,0.0,2.0201178,273.5721,273.5721,271.7589,271.7589,274.38095,274.38095,275.50677,275.50677,284.33133,284.33133,273.63937,273.63937,287.53592,287.53592,276.54144,276.54144,276.54144,264.7709,264.7709,264.7709,278.3185,278.3185,278.3185,270.42432,273.45242,272.94562,269.09576,273.8707,270.42432,273.45242,272.94562,269.09576,273.8707,270.42432,273.45242,272.94562,269.09576,273.8707,0.15429133,0.0,0.5034394,2.9378684,1.3640563,0.74919385,2.5322254,0.46639538,0.0,0.8422761,0.0,0.37485757,0.0,0.0,0.60111696,0.0,0.361091543523031,0.0,0.0,0.6011169503063492,1.3476093,1.1662514,1.6730304,2.2645488,1.9218274,1.8121971,3.47916,2.111673,0.02475757,2.2170644,0.853617,1.6113977,1.517359,0.16991803,1.867486,0.7170580665800085,1.20857360397842,1.1868098290705618,0.25238326058512184,2.0212017731120215,1.193318,1.1662514,1.1695911,-0.6733196,0.55777115,1.0630032,0.94693464,1.6452777,0.02475757,1.3747884,0.853617,1.2365402,1.517359,0.16991803,1.266369,0.7170580665800085,0.847482060455389,1.1868098290705618,0.25238326058512184,1.4200848228056724
2012-03-19 14:00:00,-0.13042995,-0.1426942,0.0,0.0,-0.32204396,-0.4131235,-1.7434509,-2.1542878,-1.2726585,-1.4237573,-0.18539879,-0.23369193,-1.9815259,-2.4093652,-0.3735328,-0.35311055,-0.30880088,0.0,0.0,0.0,-0.7222158,-0.6558592,-0.5708986,0.0,-0.1340275,0.0,0.0,-0.30180308,0.0,-0.16971196,0.0,0.0,-0.37304294,0.0,-0.1452795,0.0,0.0,-0.3036673,0.42821074,1.3773099,0.46745327,1.1119956,0.59250474,1.754199,1.1686978,2.292141,1.2208463,2.0366137,0.7535016,1.761349,1.991658,3.5344703,0.7183989,2.1193256,1.799885,0.0,0.0,0.0,0.9054188,2.2002647,1.876789,0.1953285,0.67624485,0.62148374,0.1951027,0.73290896,0.82866526,1.6001958,1.4194915,0.21337003,1.8694715,0.59976315,1.3555062,1.5834506,0.064274095,2.0236828,273.74216,273.74216,271.57245,271.57245,274.68393,274.68393,275.66342,275.66342,285.41248,285.41248,273.40527,273.40527,287.83444,287.83444,276.5726,276.5726,276.5726,264.81073,264.81073,264.81073,278.2063,278.2063,278.2063,270.32407,273.39594,272.4618,269.5049,273.88773,270.32407,273.39594,272.4618,269.5049,273.88773,270.32407,273.39594,272.4618,269.5049,273.88773,0.18179992,0.0,0.58810025,2.9070723,1.4180218,0.33726004,2.4288712,0.38854393,0.0,0.7150269,0.0,0.2446294,0.0,0.0,0.5214203,0.0,0.21571552009776682,0.0,0.0,0.5214202883993848,1.37825,1.1147202,1.7551879,2.2943733,2.0362053,1.7637422,3.5331771,2.1181085,0.025016403,2.199733,0.833528,1.602081,1.4222032,0.21568348,1.8711377,0.6989496533298265,1.2013043684303069,1.047716622325641,0.3627542751388704,2.024765803443706,1.1964501,1.1147202,1.1670877,-0.61269903,0.6181834,1.4264822,1.104306,1.7295647,0.025016403,1.484706,0.833528,1.3574514,1.4222032,0.21568348,1.3497175,0.6989496533298265,0.98558884833254,1.047716622325641,0.3627542751388704,1.5033455150443213
2012-03-19 15:00:00,-0.14071628,-0.15538268,0.0,0.0,-0.2244412,-0.29333398,-1.2085487,-1.5443242,-1.1015093,-1.2598977,-0.61684585,-0.76616657,-1.6821947,-2.1324513,-0.2689627,-0.25476304,-0.2191149,0.0,0.0,0.0,-0.6318069,-0.571089,-0.4893032,0.0,-0.19924584,0.0,0.0,-0.43340614,0.0,-0.25452372,0.0,0.0,-0.526058,0.0,-0.21415308,0.0,0.0,-0.44409883,0.44457924,1.4046624,0.47800785,1.1344838,0.56136775,1.6901894,1.1346287,2.2551398,1.197972,2.0086997,0.8356386,1.8679041,1.9896762,3.531742,0.6097463,1.9879258,1.6666665,0.0,0.0,0.0,0.87846816,2.17089,1.8481343,0.16660716,0.69913983,0.59415,0.17081082,0.7628781,0.7856787,1.6246531,1.3837332,0.13598683,1.9087709,0.54022974,1.3915064,1.5486317,0.0,2.0620484,273.89395,273.89395,271.6538,271.6538,274.44788,274.44788,275.4691,275.4691,285.14862,285.14862,273.92007,273.92007,287.81937,287.81937,275.9364,275.9364,275.9364,264.52997,264.52997,264.52997,278.0161,278.0161,278.0161,270.11066,273.54422,272.28018,269.2152,274.07098,270.11066,273.54422,272.28018,269.2152,274.07098,270.11066,273.54422,272.28018,269.2152,274.07098,0.19875519,0.0,0.423906,2.132997,1.254177,1.0841473,2.1500936,0.2817196,0.0,0.62451345,0.0,0.36704624,0.0,0.0,0.7257903,0.0,0.3174306495046249,0.0,0.0,0.7257902932994795,1.4056022,1.137205,1.6911782,2.257373,2.0082912,1.8702974,3.5304494,1.986709,0.02319168,2.1703584,0.7907631,1.6265383,1.3864853,0.17341155,1.9104369,0.6604010585479322,1.220386602643317,0.9955062228467066,0.284604648737831,2.0631206459916744,1.2068471,1.137205,1.2672722,0.12437603,0.75411415,0.78615016,1.3803557,1.7049893,0.02319168,1.545845,0.7907631,1.259492,1.3864853,0.17341155,1.1846466,0.6604010585479322,0.9029559531386921,0.9955062228467066,0.284604648737831,1.337330352692195
2012-03-19 16:00:00,-0.06642399,-0.07468407,0.0,0.0,-0.109314844,-0.14772338,-0.62228006,-0.8286749,-0.8170158,-0.9703996,-0.42108625,-0.5392447,-1.176105,-1.6012474,-0.15550065,-0.14813209,-0.12187892,0.0,0.0,0.0,-0.4070949,-0.36787271,-0.3019391,0.0,0.0,0.0,0.0,-0.44006196,0.0,0.0,0.0,0.0,-0.551166,0.0,0.0,0.0,0.0,-0.43723804,0.4185785,1.3612143,0.47240198,1.1225395,0.5251948,1.6158273,1.0787045,2.1944053,1.1725738,1.9777054,0.8195413,1.8470213,1.9675766,3.5013208,0.6056706,1.982997,1.6616694,0.0,0.0,0.0,0.8593363,2.1500375,1.8277926,0.139426,0.6341914,0.626233,0.19256938,0.8126905,0.74499744,1.5552726,1.4257047,0.20529997,1.9740906,0.4838887,1.289381,1.5895004,0.05556369,2.1258159,273.65283,273.65283,271.6106,271.6106,274.17365,274.17365,275.1501,275.1501,284.85565,284.85565,273.81918,273.81918,287.65125,287.65125,275.91254,275.91254,275.91254,264.43704,264.43704,264.43704,277.8811,277.8811,277.8811,269.9087,273.12357,272.49335,269.4747,274.37558,269.9087,273.12357,272.49335,269.4747,274.37558,269.9087,273.12357,272.49335,269.4747,274.37558,0.09712334,0.0,0.21871272,1.1833278,0.9658508,0.77616185,1.6147313,0.16502991,0.0,0.40490568,0.0,0.0,0.0,0.0,0.7667571,0.0,0.0,0.0,0.0,0.7667570427779006,1.3621542,1.1252626,1.6168162,2.1966379,1.9772972,1.8494146,3.5000281,1.9817799,0.022587735,2.1495059,0.7502914,1.557175,1.4284093,0.2076134,1.9757566,0.6239196342283876,1.1662715152102245,1.0567882998691158,0.3546042561630957,2.1268708014406785,1.265031,1.1252626,1.3981034,1.0133101,1.0114464,1.0732528,1.8852967,1.81675,0.022587735,1.7446003,0.7502914,1.557175,1.4284093,0.2076134,1.2089996,0.6239196342283876,1.1662715152102245,1.0567882998691158,0.3546042561630957,1.360113758662778
2012-03-19 17:00:00,-0.01130077,-0.013084648,0.0,0.0,-0.020230154,-0.028301245,-0.060463812,-0.08543626,-0.05164118,-0.06667457,0.0,0.0,-0.28003713,-0.43511173,-0.05728981,-0.05485516,-0.043539777,0.0,0.0,0.0,-0.10680034,-0.09648049,-0.074824974,0.0,0.0,0.0,0.0,0.0,0.0,0.0,0.0,0.0,0.0,0.0,0.0,0.0,0.0,0.0,0.39424622,1.3205544,0.43756306,1.0483098,0.45712814,1.4758997,0.94075835,2.0445914,0.93802047,1.6914757,0.53804827,1.4818444,1.8190496,3.2968652,0.5830666,1.9556606,1.6339546,0.0,0.0,0.0,0.8229927,2.1104255,1.789151,0.112635,0.054414988,0.603056,0.20582974,0.25431448,0.70489997,0.93593127,1.3953844,0.24754152,1.2418821,0.42835647,0.37773374,1.5599769,0.1011571,1.4110066,273.4272,273.4272,271.34204,271.34204,273.65762,273.65762,274.36322,274.36322,282.1501,282.1501,272.0549,272.0549,286.52133,286.52133,275.78018,275.78018,275.78018,264.04553,264.04553,264.04553,277.62463,277.62463,277.62463,269.70963,269.3685,272.33936,269.63284,270.96118,269.70963,269.3685,272.33936,269.63284,270.96118,269.70963,269.3685,272.33936,269.63284,270.96118,0.017452998,0.0,0.04325881,0.12850717,0.06575992,0.0,0.43829957,0.061538555,0.0,0.107181765,0.0,0.0,0.0,0.0,0.0,0.0,0.0,0.0,0.0,0.0,1.3214943,1.0510441,1.4768887,2.0468245,1.6910672,1.4842377,3.2955723,1.9544437,0.020043235,2.1098938,0.71040076,0.9403361,1.3981231,0.249855,1.2448316,0.5879618930926381,0.6855485215824749,1.0125178115863562,0.39726425447871627,1.4135405278872555,1.3040414,1.0510441,1.4336299,1.9183173,1.6253072,1.4842377,2.8572729,1.8929051,0.020043235,2.002712,0.71040076,0.9403361,1.3981231,0.249855,1.2448316,0.5879618930926381,0.6855485215824749,1.0125178115863562,0.39726425447871627,1.4135405278872555
2012-03-19 18:00:00,0.0,0.0,0.0,0.0,0.0,0.0,0.0,0.0,0.0,0.0,0.0,0.0,0.0,0.0,0.0,0.0,0.0,0.0,0.0,0.0,0.0,0.0,0.0,0.0,0.0,0.0,0.0,0.0,0.0,0.0,0.0,0.0,0.0,0.0,0.0,0.0,0.0,0.0,0.3862002,1.3071091,0.39399463,0.9554804,0.4224044,1.4045168,0.54431844,1.6140468,0.90660053,1.6531334,0.35777915,1.2479838,1.5649307,2.9470565,0.5455565,1.9102976,1.5879636,0.0,0.0,0.0,0.7985761,2.083813,1.7631907,0.04419336,0.42260978,0.46224007,0.15820298,0.0,0.60246503,1.3292522,1.211167,0.095823854,0.8911738,0.2864909,0.9566874,1.3806005,0.0,1.0686319,273.35257,273.35257,271.0062,271.0062,273.39438,273.39438,272.10187,272.10187,281.78766,281.78766,270.92505,270.92505,284.58813,284.58813,275.56055,275.56055,275.56055,262.00314,262.00314,262.00314,277.45233,277.45233,277.45233,269.20108,271.7532,271.40375,269.06485,269.32578,269.20108,271.7532,271.40375,269.06485,269.32578,269.20108,271.7532,271.40375,269.06485,269.32578,0.0,0.0,0.0,0.0,0.0,0.0,0.0,0.0,0.0,0.0,0.0,0.0,0.0,0.0,0.0,0.0,0.0,0.0,0.0,0.0,1.3080492,0.95822877,1.4055057,1.6164759,1.652725,1.250377,2.9457638,1.9090806,0.010009021,2.0832813,0.62218493,1.3320541,1.2141136,0.16901386,0.89790994,0.5097933246200407,0.9908242679131932,0.7435434497605848,0.24404389773415233,1.0726713993170582,1.3080492,0.95822877,1.4055057,1.6164759,1.652725,1.250377,2.9457638,1.9090806,0.010009021,2.0832813,0.62218493,1.3320541,1.2141136,0.16901386,0.89790994,0.5097933246200407,0.9908242679131932,0.7435434497605848,0.24404389773415233,1.0726713993170582
2012-03-19 19:00:00,0.0,0.0,0.0,0.0,0.0,0.0,0.0,0.0,0.0,0.0,0.0,0.0,0.0,0.0,0.0,0.0,0.0,0.0,0.0,0.0,0.0,0.0,0.0,0.0,0.0,0.0,0.0,0.0,0.0,0.0,0.0,0.0,0.0,0.0,0.0,0.0,0.0,0.0,0.38052684,1.2976285,0.40878928,0.9870027,0.4499427,1.4611282,0.56729704,1.6390023,0.86975724,1.6081727,0.389107,1.288625,1.4583763,2.8003788,0.5846927,1.957627,1.6359485,0.0,0.0,0.0,0.77745074,2.0607877,1.7407293,0.0,0.11314371,0.46786207,0.09298356,0.0,0.4158644,0.9986676,1.2185217,0.0,0.8910494,0.028061267,0.47007954,1.3877618,0.0,1.0685104,273.29996,273.29996,271.12024,271.12024,273.60315,273.60315,272.23294,272.23294,281.36267,281.36267,271.1214,271.1214,283.77753,283.77753,275.7897,275.7897,275.7897,261.3765,261.3765,261.3765,277.30325,277.30325,277.30325,268.2747,269.74887,271.4411,268.28705,269.3252,268.2747,269.74887,271.4411,268.28705,269.3252,268.2747,269.74887,271.4411,268.28705,269.3252,0.0,0.0,0.0,0.0,0.0,0.0,0.0,0.0,0.0,0.0,0.0,0.0,0.0,0.0,0.0,0.0,0.0,0.0,0.0,0.0,1.2985688,0.98974633,1.4621172,1.6414068,1.6077642,1.2910182,2.7990859,1.9564102,0.007382276,2.060256,0.52237564,1.0027851,1.2214601,0.14626499,0.8978284,0.4282867189560162,0.7342096164795924,0.7542820699861293,0.14626498496216525,1.072555662805996,1.2985688,0.98974633,1.4621172,1.6414068,1.6077642,1.2910182,2.7990859,1.9564102,0.007382276,2.060256,0.52237564,1.0027851,1.2214601,0.14626499,0.8978284,0.4282867189560162,0.7342096164795924,0.7542820699861293,0.14626498496216525,1.072555662805996
2012-03-19 20:00:00,0.0,0.0,0.0,0.0,0.0,0.0,0.0,0.0,0.0,0.0,0.0,0.0,0.0,0.0,0.0,0.0,0.0,0.0,0.0,0.0,0.0,0.0,0.0,0.0,0.0,0.0,0.0,0.0,0.0,0.0,0.0,0.0,0.0,0.0,0.0,0.0,0.0,0.0,0.3755972,1.2893912,0.38421202,0.93463695,0.42731148,1.4146045,0.54764086,1.6176549,0.82554024,1.554214,0.7713419,1.784493,1.455063,2.7958174,0.50599295,1.8624512,1.5394549,0.0,0.0,0.0,0.74952704,2.0303526,1.7110401,0.0,0.0,0.44764775,0.10496191,0.6760098,0.21425855,0.74519503,1.192077,0.0,1.7948589,0.0,0.09697725,1.3620121,0.0,1.9508431,273.25424,273.25424,270.9308,270.9308,273.43158,273.43158,272.12082,272.12082,280.85263,280.85263,273.5171,273.5171,283.75232,283.75232,275.3289,275.3289,275.3289,262.16132,262.16132,262.16132,277.1062,277.1062,277.1062,267.2738,268.21207,271.3068,268.4299,273.5398,267.2738,268.21207,271.3068,268.4299,273.5398,267.2738,268.21207,271.3068,268.4299,273.5398,0.0,0.0,0.0,0.0,0.0,0.0,0.0,0.0,0.0,0.0,0.0,0.0,0.0,0.0,0.0,0.0,0.0,0.0,0.0,0.0,1.2903312,0.9373886,1.4155933,1.6200806,1.5538056,1.7868863,2.7945247,1.8612342,0.010672038,2.029821,0.42523462,0.779397,1.1950452,0.15044309,1.7965249,0.35092009475047253,0.5665285586188841,0.71567041343987,0.15044309558263128,1.9519458933871885,1.2903312,0.9373886,1.4155933,1.6200806,1.5538056,1.7868863,2.7945247,1.8612342,0.010672038,2.029821,0.42523462,0.779397,1.1950452,0.15044309,1.7965249,0.35092009475047253,0.5665285586188841,0.71567041343987,0.15044309558263128,1.9519458933871885
2012-03-19 21:00:00,0.0,0.0,0.0,0.0,0.0,0.0,0.0,0.0,0.0,0.0,0.0,0.0,0.0,0.0,0.0,0.0,0.0,0.0,0.0,0.0,0.0,0.0,0.0,0.0,0.0,0.0,0.0,0.0,0.0,0.0,0.0,0.0,0.0,0.0,0.0,0.0,0.0,0.0,0.37374118,1.2862899,0.1536734,0.44343832,0.41922832,1.3979876,0.5325697,1.6012872,0.8176748,1.5446154,0.43444815,1.3474455,1.4320728,2.7641702,0.4405887,1.7833542,1.4592633,0.0,0.0,0.0,0.631899,1.9021455,1.5859743,0.0,0.44508067,0.44199815,0.09476969,0.8737219,0.0,1.3532566,1.1846861,0.0,2.0541224,0.0,0.99202085,1.3548154,0.0,2.2039459,273.23703,273.23703,269.1537,269.1537,273.3703,273.3703,272.03485,272.03485,280.7619,280.7619,271.40558,271.40558,283.57742,283.57742,274.94592,274.94592,274.94592,259.23987,259.23987,259.23987,276.27612,276.27612,276.27612,266.17468,271.89874,271.26926,268.30835,274.74878,266.17468,271.89874,271.26926,268.30835,274.74878,266.17468,271.89874,271.26926,268.30835,274.74878,0.0,0.0,0.0,0.0,0.0,0.0,0.0,0.0,0.0,0.0,0.0,0.0,0.0,0.0,0.0,0.0,0.0,0.0,0.0,0.0,1.2872298,0.48677555,1.3989764,1.603729,1.5442071,1.3498387,2.7628775,1.7821373,0.0,1.9016138,0.3185593,1.3559629,1.1876628,0.146888,2.0557883,0.2659599966504371,1.0094575282543552,0.7048791529191022,0.14688799739820144,2.2049792726345347,1.2872298,0.48677555,1.3989764,1.603729,1.5442071,1.3498387,2.7628775,1.7821373,0.0,1.9016138,0.3185593,1.3559629,1.1876628,0.146888,2.0557883,0.2659599966504371,1.0094575282543552,0.7048791529191022,0.14688799739820144,2.2049792726345347
2012-03-19 22:00:00,0.0,0.0,0.0,0.0,0.0,0.0,0.0,0.0,0.0,0.0,0.0,0.0,0.0,0.0,0.0,0.0,0.0,0.0,0.0,0.0,0.0,0.0,0.0,0.0,0.0,0.0,0.0,0.0,0.0,0.0,0.0,0.0,0.0,0.0,0.0,0.0,0.0,0.0,0.39747778,1.3259544,0.13468617,0.4029831,0.41771877,1.3948843,0.49280798,1.5581051,0.79791176,1.5204983,0.76143825,1.7716451,1.3722327,2.681797,0.4091088,1.7452838,1.420666,0.0,0.0,0.0,0.6392853,1.9101962,1.5938278,0.0,0.37785643,0.31911835,0.077637665,0.71908474,0.0,1.2814448,1.023933,0.0,1.8513436,0.0,0.8863169,1.1982867,0.0,2.0059857,273.45715,273.45715,269.00732,269.00732,273.35886,273.35886,271.80804,271.80804,280.53394,280.53394,273.45502,273.45502,283.1222,283.1222,274.7616,274.7616,274.7616,257.69626,257.69626,257.69626,276.32825,276.32825,276.32825,265.59875,271.46335,270.45282,268.10403,273.8032,265.59875,271.46335,270.45282,268.10403,273.8032,265.59875,271.46335,270.45282,268.10403,273.8032,0.0,0.0,0.0,0.0,0.0,0.0,0.0,0.0,0.0,0.0,0.0,0.0,0.0,0.0,0.0,0.0,0.0,0.0,0.0,0.0,1.3268944,0.4746506,1.3958732,1.5605892,1.5200899,1.7740383,2.6805043,1.744067,0.0,1.9096645,0.26266253,1.284437,1.027091,0.14091225,1.8530097,0.22144181108447009,0.9537140337508201,0.4701648499011343,0.1409122549064219,2.0070733948079233,1.3268944,0.4746506,1.3958732,1.5605892,1.5200899,1.7740383,2.6805043,1.744067,0.0,1.9096645,0.26266253,1.284437,1.027091,0.14091225,1.8530097,0.22144181108447009,0.9537140337508201,0.4701648499011343,0.1409122549064219,2.0070733948079233
2012-03-19 23:00:00,0.0,0.0,0.0,0.0,0.0,0.0,0.0,0.0,0.0,0.0,0.0,0.0,0.0,0.0,0.0,0.0,0.0,0.0,0.0,0.0,0.0,0.0,0.0,0.0,0.0,0.0,0.0,0.0,0.0,0.0,0.0,0.0,0.0,0.0,0.0,0.0,0.0,0.0,0.3645269,1.2708925,0.061203748,0.2464173,0.4220059,1.4036975,0.47682205,1.540744,0.7243228,1.4306961,0.7585411,1.7678866,1.3447735,2.6439984,0.38813087,1.7199142,1.3949449,0.0,0.0,0.0,0.5586236,1.8222798,1.5080658,0.0,0.52341074,0.33628738,0.026620302,0.025175877,0.0,1.436932,1.0463939,0.0,0.94140863,0.0,1.115188,1.2201574,0.0,1.117673,273.15158,273.15158,268.4409,268.4409,273.39136,273.39136,271.71686,271.71686,279.6851,279.6851,273.43686,273.43686,282.9133,282.9133,274.63876,274.63876,274.63876,260.69315,260.69315,260.69315,275.75903,275.75903,275.75903,265.81802,272.40607,270.5669,267.4956,269.56003,265.81802,272.40607,270.5669,267.4956,269.56003,265.81802,272.40607,270.5669,267.4956,269.56003,0.0,0.0,0.0,0.0,0.0,0.0,0.0,0.0,0.0,0.0,0.0,0.0,0.0,0.0,0.0,0.0,0.0,0.0,0.0,0.0,1.2718325,0.42854723,1.4046865,1.5432451,1.4302878,1.7702799,2.6427054,1.7186972,0.004517853,1.8217484,0.2839437,1.4393054,1.0495266,0.12311713,0.9451795,0.23839089773620137,1.0744102059460052,0.5029597538252237,0.12311712748915403,1.121108787807487,1.2718325,0.42854723,1.4046865,1.5432451,1.4302878,1.7702799,2.6427054,1.7186972,0.004517853,1.8217484,0.2839437,1.4393054,1.0495266,0.12311713,0.9451795,0.23839089773620137,1.0744102059460052,0.5029597538252237,0.12311712748915403,1.121108787807487
2012-04-07 00:00:00,0.0,0.0,0.0,0.0,0.0,0.0,0.0,0.0,0.0,0.0,0.0,0.0,0.0,0.0,0.0,0.0,0.0,0.0,0.0,0.0,0.0,0.0,0.0,0.0,0.0,0.0,0.0,0.0,0.0,0.0,0.0,0.0,0.0,0.0,0.0,0.0,0.0,0.0,0.74204916,1.9017433,1.0542556,2.3622699,1.22419,3.0527797,0.940325,2.0441213,1.1328995,1.9292902,1.1697911,2.3013954,1.3240862,2.6155207,1.0947664,2.5744877,2.2613473,0.04351263,0.008911695,0.1646514,1.0777093,2.3880503,2.0599735,0.405463,0.9204139,0.7800568,0.41173652,1.1309134,1.1431682,1.8610272,1.626939,0.9034686,2.3913822,1.0353291,1.7394402,1.7854466,0.80913186,2.5331914,276.65256,276.65256,276.0958,276.0958,279.4728,279.4728,274.36075,274.36075,284.398,284.398,276.0144,276.0144,282.75592,282.75592,278.77637,278.77637,278.77637,268.99487,268.99487,268.99487,279.42212,279.42212,279.42212,271.88544,274.97736,273.51538,272.08847,276.32147,271.88544,274.97736,273.51538,272.08847,276.32147,271.88544,274.97736,273.51538,272.08847,276.32147,0.0,0.0,0.0,0.0,0.0,0.0,0.0,0.0,0.0,0.0,0.0,0.0,0.0,0.0,0.0,0.0,0.0,0.0,0.0,0.0,1.9026831,2.364928,3.0537686,2.0463538,1.9288819,2.303789,2.614228,2.5732703,0.05220996,2.3875186,1.1464095,1.8629124,1.6294978,0.90578204,2.393048,0.9809833663036653,1.4048115462278365,1.350690079547809,1.0596879180188024,2.5341347190736694,1.9026831,2.364928,3.0537686,2.0463538,1.9288819,2.303789,2.614228,2.5732703,0.05220996,2.3875186,1.1464095,1.8629124,1.6294978,0.90578204,2.393048,0.9809833663036653,1.4048115462278365,1.350690079547809,1.0596879180188024,2.5341347190736694
2012-04-07 01:00:00,0.0,0.0,0.0,0.0,0.0,0.0,0.0,0.0,0.0,0.0,0.0,0.0,0.0,0.0,0.0,0.0,0.0,0.0,0.0,0.0,0.0,0.0,0.0,0.0,0.0,0.0,0.0,0.0,0.0,0.0,0.0,0.0,0.0,0.0,0.0,0.0,0.0,0.0,0.74030834,1.898834,1.065408,2.3860316,1.1870912,2.976514,0.78722215,1.8778471,1.1087712,1.899846,1.0158931,2.1017458,1.4454751,2.7826197,1.1043093,2.5860283,2.273048,0.05241798,0.0401522,0.18733005,0.80824596,2.0943522,1.7734718,0.3884347,0.88908935,0.8060032,0.41760668,1.1180422,1.1176825,1.8275651,1.6608828,0.92216825,2.374504,1.0000329,1.6901852,1.8184984,0.8293155,2.5167143,276.6364,276.6364,276.18176,276.18176,279.19156,279.19156,273.48743,273.48743,284.1197,284.1197,275.04984,275.04984,283.67938,283.67938,278.83224,278.83224,278.83224,269.27942,269.27942,269.27942,277.52057,277.52057,277.52057,271.7589,274.77448,273.68777,272.15848,276.24277,271.7589,274.77448,273.68777,272.15848,276.24277,271.7589,274.77448,273.68777,272.15848,276.24277,0.0,0.0,0.0,0.0,0.0,0.0,0.0,0.0,0.0,0.0,0.0,0.0,0.0,0.0,0.0,0.0,0.0,0.0,0.0,0.0,1.8997741,2.38869,2.9775033,1.8800799,1.8994375,2.104139,2.7813268,2.5848112,0.054059274,2.0938208,1.1210551,1.8294502,1.6634414,0.9244818,2.37617,0.9581287296719289,1.3787035624764283,1.4002892285362805,1.0785729114838802,2.5176622563041087,1.8997741,2.38869,2.9775033,1.8800799,1.8994375,2.104139,2.7813268,2.5848112,0.054059274,2.0938208,1.1210551,1.8294502,1.6634414,0.9244818,2.37617,0.9581287296719289,1.3787035624764283,1.4002892285362805,1.0785729114838802,2.5176622563041087
2012-04-07 02:00:00,0.0,0.0,0.0,0.0,0.0,0.0,0.0,0.0,0.0,0.0,0.0,0.0,0.0,0.0,0.0,0.0,0.0,0.0,0.0,0.0,0.0,0.0,0.0,0.0,0.0,0.0,0.0,0.0,0.0,0.0,0.0,0.0,0.0,0.0,0.0,0.0,0.0,0.0,0.73158103,1.8842506,1.1639189,2.5959249,1.174894,2.95144,0.77792376,1.8677487,1.0549505,1.8341676,0.97142345,2.044056,1.4672258,2.8125603,1.1117206,2.5949912,2.2821348,0.020055393,0.0,0.104914404,0.7981913,2.0833938,1.7627814,0.5841202,0.79640216,0.81944275,0.44091344,1.0412551,1.4105599,1.7285529,1.6784644,0.9964131,2.2738118,1.4056491,1.544443,1.8356181,0.90945154,2.4184148,276.55548,276.55548,276.94113,276.94113,279.0991,279.0991,273.4344,273.4344,283.49887,283.49887,274.77112,274.77112,283.84485,283.84485,278.87564,278.87564,278.87564,268.24536,268.24536,268.24536,277.44962,277.44962,277.44962,273.21292,274.17416,273.77707,272.43643,275.77322,273.21292,274.17416,273.77707,272.43643,275.77322,273.21292,274.17416,273.77707,272.43643,275.77322,0.0,0.0,0.0,0.0,0.0,0.0,0.0,0.0,0.0,0.0,0.0,0.0,0.0,0.0,0.0,0.0,0.0,0.0,0.0,0.0,1.8851906,2.5985832,2.952429,1.8699815,1.8337592,2.0464492,2.8112676,2.593774,0.047338735,2.082862,1.4124882,1.730438,1.6810231,0.9987266,2.2754776,1.2208349673310104,1.3014517351036916,1.425979989722378,1.1535530860610073,2.4193895489863664,1.8851906,2.5985832,2.952429,1.8699815,1.8337592,2.0464492,2.8112676,2.593774,0.047338735,2.082862,1.4124882,1.730438,1.6810231,0.9987266,2.2754776,1.2208349673310104,1.3014517351036916,1.425979989722378,1.1535530860610073,2.4193895489863664
2012-04-07 03:00:00,0.0,0.0,0.0,0.0,0.0,0.0,0.0,0.0,0.0,0.0,0.0,0.0,0.0,0.0,0.0,0.0,0.0,0.0,0.0,0.0,0.0,0.0,0.0,0.0,0.0,0.0,0.0,0.0,0.0,0.0,0.0,0.0,0.0,0.0,0.0,0.0,0.0,0.0,0.8003689,1.9991971,0.96039635,2.162288,1.0981202,2.7936132,0.9095675,2.0107174,1.0523524,1.830997,0.98169243,2.0573778,1.4538351,2.794128,1.1007025,2.5816665,2.2686257,0.032564335,0.0,0.13677007,0.71842915,1.9964579,1.6779759,0.630219,0.82372624,0.7739433,0.21258533,0.9766503,1.4795549,1.7577417,1.6189414,0.26906177,2.1890943,1.5012022,1.5874078,1.7776592,0.124384984,2.3357105,277.1934,277.1934,275.37228,275.37228,278.51706,278.51706,274.1853,274.1853,283.4689,283.4689,274.83548,274.83548,283.74298,283.74298,278.81113,278.81113,278.81113,268.64505,268.64505,268.64505,276.88675,276.88675,276.88675,273.55545,274.35114,273.47476,269.7134,275.37817,273.55545,274.35114,273.47476,269.7134,275.37817,273.55545,274.35114,273.47476,269.7134,275.37817,0.0,0.0,0.0,0.0,0.0,0.0,0.0,0.0,0.0,0.0,0.0,0.0,0.0,0.0,0.0,0.0,0.0,0.0,0.0,0.0,2.0001373,2.1649463,2.794602,2.0129502,1.8305888,2.059771,2.7928348,2.5804496,0.04993639,1.9959261,1.481483,1.7596267,1.6215,0.27137524,2.1907604,1.283062453604165,1.3242255313994824,1.3390036806624035,0.4189976384141154,2.3367078775819623,2.0001373,2.1649463,2.794602,2.0129502,1.8305888,2.059771,2.7928348,2.5804496,0.04993639,1.9959261,1.481483,1.7596267,1.6215,0.27137524,2.1907604,1.283062453604165,1.3242255313994824,1.3390036806624035,0.4189976384141154,2.3367078775819623
2012-04-07 04:00:00,0.0,0.0,0.0,0.0,0.0,0.0,0.0,0.0,0.0,0.0,0.0,0.0,0.0,0.0,0.0,0.0,0.0,0.0,0.0,0.0,0.0,0.0,0.0,0.0,0.0,0.0,0.0,0.0,0.0,0.0,0.0,0.0,0.0,0.0,0.0,0.0,0.0,0.0,0.7610635,1.9335167,0.99280834,2.2313466,1.1476014,2.8953333,0.84348875,1.9389542,1.0123739,1.7822106,1.0114183,2.0959408,1.468979,2.8149736,1.0777911,2.5539584,2.240534,0.0,0.0,0.04601653,0.69786584,1.9740452,1.6561123,0.4946171,0.80450666,0.7633653,0.20483689,0.89210266,1.2766029,1.7372103,1.6051031,0.24437875,2.0782251,1.2201271,1.5571866,1.7641845,0.097743385,2.227476,276.8289,276.8289,275.62213,275.62213,278.89218,278.89218,273.80838,273.80838,283.00775,283.00775,275.0218,275.0218,283.8582,283.8582,278.67697,278.67697,278.67697,267.50638,267.50638,267.50638,276.74164,276.74164,276.74164,272.54788,274.22665,273.40448,269.621,274.86118,272.54788,274.22665,273.40448,269.621,274.86118,272.54788,274.22665,273.40448,269.621,274.86118,0.0,0.0,0.0,0.0,0.0,0.0,0.0,0.0,0.0,0.0,0.0,0.0,0.0,0.0,0.0,0.0,0.0,0.0,0.0,0.0,1.9344566,2.2340052,2.8963223,1.941187,1.7818022,2.098334,2.8136806,2.5527413,0.042535942,1.9735135,1.2791563,1.7390954,1.6076618,0.24669218,2.0798914,1.1006422175735895,1.3082065082764385,1.3187829619298048,0.3940701056276046,2.22850315025388,1.9344566,2.2340052,2.8963223,1.941187,1.7818022,2.098334,2.8136806,2.5527413,0.042535942,1.9735135,1.2791563,1.7390954,1.6076618,0.24669218,2.0798914,1.1006422175735895,1.3082065082764385,1.3187829619298048,0.3940701056276046,2.22850315025388
2012-04-07 05:00:00,-0.0017536515,-0.0027075561,-0.00360282,-0.005472688,0.0,0.0,-0.038361825,-0.053709865,0.0,0.0,-0.08771609,-0.124974675,-0.0032971064,-0.0053972644,0.0,0.0,0.0,0.0,0.0,0.0,0.0,0.0,0.0,0.0,-0.049877804,-0.026800275,0.0,-0.027691953,0.0,-0.071355216,-0.039373573,0.0,-0.038356233,0.0,-0.048752606,-0.024266707,0.0,-0.025379367,0.7841618,1.9721146,0.9717942,2.1865728,1.164762,2.9306111,0.79341745,1.8845754,1.0169007,1.7877346,0.9926528,2.0715966,1.4768374,2.8257914,1.1087289,2.5913732,2.2784667,0.01711464,0.0,0.0974254,0.6846846,1.9596784,1.6420977,0.3522096,0.8000162,0.7811223,0.020586353,0.75577635,1.0634652,1.7324136,1.6283331,0.0,1.8994582,0.92494565,1.5501258,1.786804,0.0,2.0529568,277.0431,277.0431,275.46014,275.46014,279.02228,279.02228,273.52277,273.52277,283.05997,283.05997,274.90417,274.90417,283.91797,283.91797,278.85812,278.85812,278.85812,268.1514,268.1514,268.1514,276.64862,276.64862,276.64862,271.48975,274.19757,273.52246,267.42365,274.02756,271.48975,274.19757,273.52246,267.42365,274.02756,271.48975,274.19757,273.52246,267.42365,274.02756,0.0032613666,0.008041918,0.0,0.082139954,0.0,0.18643107,0.0053933957,0.0,0.0,0.0,0.0,0.107953854,0.061901715,0.0,0.057120375,0.0,0.07306311208704167,0.04813929548932961,0.0,0.057120375431187635,1.9730544,2.1892312,2.9316,1.8868082,1.7873262,2.0739899,2.8244987,2.5901563,0.04672805,1.9591467,1.0671175,1.7342986,1.6308918,0.12101245,1.9011242,0.9095088803974676,1.3044638926754921,1.3527270777006368,0.1210124522396221,2.0540317299307653,1.9697931,2.1811893,2.9316,1.8046682,1.7873262,1.8875587,2.8191051,2.5901563,0.04672805,1.9591467,1.0671175,1.6263448,1.5689901,0.12101245,1.8440038,0.9095088803974676,1.2314007805884504,1.3045877822113072,0.1210124522396221,1.9969113544995778
2012-04-07 06:00:00,-0.6706315,-1.0337183,-0.17169552,-0.23836607,-0.6040288,-1.3383718,-0.39079854,-0.49878252,-0.6052661,-0.7573708,-0.60400754,-0.81847966,-0.5628494,-0.8597689,-0.41602102,-0.4662815,-0.43436092,0.0,0.0,0.0,-0.53000134,-0.48879847,-0.39295733,-0.09381113,-0.50950336,-0.06518822,0.0,-0.23712602,-0.12862943,-0.68101734,-0.08873798,0.0,-0.30856916,-0.10652064,-0.5249737,-0.06310516,0.0,-0.2275506,0.8050518,2.0070224,0.78283656,1.783969,1.1518844,2.9041386,0.84108126,1.9363396,1.0788726,1.86336,1.0218042,2.109414,1.5546249,2.9328706,1.2220931,2.7284708,2.417462,0.010383101,0.0,0.080282606,0.8842934,2.1772392,1.8543278,0.6334718,0.87405854,0.74751437,0.39395705,0.76049757,1.4844234,1.8115085,1.5843669,0.8468312,1.9056493,1.5079448,1.6665505,1.743993,0.74800026,2.0590007,277.23682,277.23682,274.00357,274.00357,278.92465,278.92465,273.79465,273.79465,283.7748,283.7748,275.08688,275.08688,284.50974,284.50974,279.5219,279.5219,279.5219,267.9363,267.9363,267.9363,278.05722,278.05722,278.05722,273.57962,274.67712,273.29916,271.87643,274.05643,273.57962,274.67712,273.29916,271.87643,274.05643,273.57962,274.67712,273.29916,271.87643,274.05643,1.2005081,0.35447222,1.5595912,0.72086996,0.7526711,1.1820272,0.8596262,0.49892733,0.0,0.5392188,0.19445431,0.98215514,0.13493562,0.0,0.44339937,0.12808428233706246,0.7669580373973801,0.12383243884971236,0.0,0.44339937547134833,2.0079625,1.7866275,2.9051273,1.9385724,1.8629518,2.1118073,2.9315777,2.7272537,0.045330152,2.1767075,1.4863515,1.8133937,1.5869255,0.8491447,1.9073153,1.2874534166412588,1.3661758145572054,1.2884826144064885,1.0024896030251838,2.0600739749016856,0.8074542,1.4321553,1.345536,1.2177024,1.1102806,0.92978024,2.0719514,2.2283263,0.045330152,1.6374888,1.2918972,0.8312385,1.4519899,0.8491447,1.4639158,1.1593691343041963,0.5992177771598253,1.1646501755567762,1.0024896030251838,1.6166745994303373
2012-04-07 07:00:00,-0.61557657,-0.92171407,-0.53736484,-0.7250171,-1.5439638,-3.3754077,-1.1829063,-1.4639877,-1.2481483,-1.4947714,-1.2471807,-1.6514707,-1.1361685,-1.6399715,-1.0266062,-1.1813563,-1.1476185,0.0,0.0,0.0,-1.149822,-1.1350378,-1.0005558,-0.21363883,-0.9332207,0.0,0.0,-0.9374936,-0.27693948,-1.1913421,0.0,0.0,-1.1872678,-0.2555492,-1.0018121,0.0,0.0,-0.93572044,0.7533564,1.9206378,0.9176117,2.0711286,1.2150803,3.0340528,0.9985872,2.1073954,1.1896621,1.9985586,1.0840168,2.1901217,1.7111953,3.148398,1.3567009,2.8912594,2.5825043,0.046467718,0.019278295,0.1721769,1.073268,2.3832097,2.0552514,0.647469,0.90712184,0.71069133,0.46462446,0.9988141,1.5053726,1.8468282,1.5361944,1.0719459,2.218158,1.5369579,1.7185396,1.6970866,0.9909778,2.3640833,276.75742,276.75742,275.04248,275.04248,279.40375,279.40375,274.69308,274.69308,285.05276,285.05276,275.4768,275.4768,285.70084,285.70084,280.3101,280.3101,280.3101,269.0893,269.0893,269.0893,279.39078,279.39078,279.39078,273.68362,274.89127,273.0545,272.7192,275.5137,273.68362,274.89127,273.0545,272.7192,275.5137,273.68362,274.89127,273.0545,272.7192,275.5137,1.0784141,1.0363631,3.8194058,2.039664,1.4912636,2.2974021,1.6431429,1.247106,0.0,1.3501742,0.40625748,1.6714613,0.0,0.0,1.6120635,0.30056012930702447,1.4398198277919698,0.0,0.0,1.6068416821751603,1.9215778,2.073787,3.0350416,2.1096282,1.9981503,2.1925151,3.1471052,2.8900425,0.05282362,2.3826778,1.5073007,1.8487132,1.5387743,1.0742594,2.219824,1.3063478636493586,1.3937329327857904,1.2181132579633256,1.2298339707372983,2.3650732157594017,0.8431637,1.037424,-0.7843641,0.069964156,0.5068867,-0.10488714,1.5039622,1.6429366,0.05282362,1.0325036,1.1010432,0.17725177,1.5387743,1.0742594,0.6077605,1.0057877343423343,-0.04608689500617946,1.2181132579633256,1.2298339707372983,0.7582315335842413
2012-04-07 08:00:00,-0.7805061,-1.1705538,-0.43270674,-0.5649018,-1.7921432,-3.9136858,-2.115558,-2.5821447,-1.9345132,-2.2036834,-2.2367637,-2.9454706,-2.1386719,-2.8156927,-0.79791903,-0.9381871,-0.91342205,0.0,0.0,0.0,-1.5054102,-1.5226914,-1.3792927,-0.15672208,-1.7431434,-0.31124246,0.0,-0.9427655,-0.19813998,-2.1552505,-0.38875479,0.0,-1.1427859,-0.1922267,-1.9462308,-0.32937267,0.0,-0.96509576,0.7604382,1.9324718,0.8135305,1.8493671,1.1803888,2.962736,1.1520807,2.2740936,1.2772121,2.1053977,1.2064701,2.3489785,1.8673886,3.3634064,1.4239972,2.9726443,2.6650157,0.06250001,0.07552059,0.2130053,1.1935514,2.5143106,2.1831405,0.61890376,1.0244614,0.77838475,0.46905908,0.9034217,1.4626198,1.9721751,1.6247518,1.0860727,2.0930681,1.477748,1.9030458,1.7833167,1.0062256,2.2419662,276.8231,276.8231,274.24017,274.24017,279.14075,279.14075,275.56863,275.56863,286.06265,286.06265,276.2443,276.2443,286.88907,286.88907,280.70413,280.70413,280.70413,269.60156,269.60156,269.60156,280.2396,280.2396,280.2396,273.47137,275.65125,273.50427,272.7721,274.9304,273.47137,275.65125,273.50427,272.7721,274.9304,273.47137,275.65125,273.50427,272.7721,274.9304,1.3565724,0.8110769,4.4099717,3.4755569,2.204093,3.9210606,2.8250496,0.9900894,0.0,1.8634337,0.2889005,2.9134588,0.56548136,0.0,1.5534459,0.22527947959393713,2.7192620578612527,0.6190825744871106,0.0,1.5534459802931213,1.9334118,1.8520256,2.9637249,2.2763264,2.1049893,2.351372,3.3621137,2.9714274,0.08053132,2.513779,1.4645478,1.9740602,1.6273105,1.088386,2.0947342,1.2677883334435682,1.491531837623534,1.3474940996873377,1.244100620116104,2.2429892090213723,0.5768394,1.0409487,-1.4462471,-1.1992304,-0.09910373,-1.5696886,0.5370641,1.981338,0.08053132,0.65034527,1.1756473,-0.9393985,1.0618292,1.088386,0.54128814,1.0425088538496312,-1.2277302202377187,0.7284115252002271,1.244100620116104,0.689543228728251
2012-04-07 09:00:00,-1.4439616,-2.2212033,-0.85504234,-1.0801138,-2.5694726,-5.5619116,-1.7737442,-2.1655207,-2.3472106,-2.608756,-3.256863,-4.279854,-3.0424752,-3.7586157,-1.1910489,-1.3952621,-1.3721514,0.0,0.0,0.0,-2.2529302,-2.301328,-2.157819,-0.2330507,-2.1209157,-0.46397898,0.0,-0.90804017,-0.29319236,-2.5839238,-0.57100344,0.0,-1.0856065,-0.28730506,-2.4128363,-0.49947774,0.0,-0.9429911,0.8212031,2.0340118,0.8942261,2.0213017,1.1633008,2.927607,1.0957016,2.2128646,1.3740432,2.2235625,1.3401468,2.5223956,2.0914125,3.6717882,1.4566915,3.0121834,2.705102,0.076848455,0.1258559,0.24954557,1.3091339,2.6402884,2.3060315,0.63802254,1.0627264,0.7981306,0.41054147,0.864479,1.4912343,2.0130515,1.6505836,0.8996617,2.0420022,1.5173774,1.9632139,1.8084698,0.8050229,2.1921136,277.3866,277.3866,274.8622,274.8622,279.0112,279.0112,275.24704,275.24704,287.1796,287.1796,277.08212,277.08212,288.59332,288.59332,280.89557,280.89557,280.89557,270.06003,270.06003,270.06003,281.05524,281.05524,281.05524,273.61343,275.89908,273.63547,272.07422,274.69226,273.61343,275.89908,273.63547,272.07422,274.69226,273.61343,275.89908,273.63547,272.07422,274.69226,2.486866,1.5051198,6.152501,2.9529245,2.6185496,5.509554,3.780521,1.4664843,0.0,2.8705199,0.42500624,3.4445128,0.8226136,0.0,1.4740174,0.33475621760683083,3.334340342047484,0.9263476898108559,0.0,1.4740173662385223,2.0349517,2.0239604,2.928596,2.2150972,2.223154,2.5247886,3.6704953,3.0109665,0.13032572,2.6397567,1.4931624,2.0149367,1.6531423,0.9019752,2.043668,1.293596329576991,1.5234245777025335,1.3852400266658182,1.0558434141181086,2.193150268737976,-0.4519142,0.5188405,-3.223905,-0.7378273,-0.39539546,-2.984765,-0.110025585,1.5444821,0.13032572,-0.23076326,1.0681562,-1.4295763,0.83052874,0.9019752,0.5696507,0.9588401119701602,-1.8109157643449507,0.45889233685496233,1.0558434141181086,0.7191329024994537
2012-04-07 10:00:00,-1.9902503,-3.1559443,-0.85113055,-1.0629649,-2.639183,-5.6929812,-2.184975,-2.6565368,-2.579208,-2.8418896,-2.3937433,-3.103735,-3.5443306,-4.2643905,-2.8001494,-3.155907,-3.1765761,0.0,0.0,0.0,-3.005431,-3.062638,-2.9450374,0.0,-1.4540746,-0.3404539,0.0,-0.6678476,0.0,-1.7821021,-0.4165757,0.0,-0.80766,0.0,-1.6261237,-0.3690074,0.0,-0.6852919,0.9151789,2.191048,0.87662446,1.983799,1.1915433,2.985667,1.1544079,2.276621,1.4770597,2.3492758,1.1886297,2.3258348,2.30246,3.9623058,1.5251133,3.0949297,2.7889936,0.07712736,0.12683424,0.2502558,1.3867857,2.7249238,2.3885932,0.47875118,0.94962275,0.7767818,0.3798139,0.8120317,1.2528567,1.8922294,1.6226549,0.8017773,1.9732267,1.1872404,1.7853686,1.781275,0.6993714,2.1249723,278.2581,278.2581,274.72653,274.72653,279.2253,279.2253,275.5819,275.5819,288.3679,288.3679,276.13248,276.13248,290.19885,290.19885,281.2962,281.2962,281.2962,270.06894,270.06894,270.06894,281.6032,281.6032,281.6032,272.43,275.16653,273.49362,271.70776,274.37155,272.43,275.16653,273.49362,271.70776,274.37155,272.43,275.16653,273.49362,271.70776,274.37155,3.4607346,1.478892,6.287999,3.5673606,2.864382,4.11812,4.299943,3.28131,0.0,3.8616507,0.0,2.4377792,0.6008998,0.0,1.1105564,0.0,2.2945361140396585,0.6877687609025429,0.0,1.110556365939539,2.191988,1.9864575,2.9866557,2.278854,2.3488672,2.3282278,3.961013,3.0937128,0.13129357,2.7243922,1.2555325,1.8941145,1.6252135,0.80409074,1.9748929,1.079347605584106,1.4291562200056616,1.3444298222936437,0.9569894465816416,2.126027697491248,-1.2687466,0.5075655,-3.3013432,-1.2885067,-0.5155148,-1.7898924,-0.33893025,-0.18759723,0.13129357,-1.1372585,1.2555325,-0.5436646,1.0243137,0.80409074,0.8643365,1.079347605584106,-0.865379894033997,0.6566610613911008,0.9569894465816416,1.015471331551709
2012-04-07 11:00:00,-2.488824,-3.9949641,-0.7124471,-0.8762776,-5.1777973,-10.580697,-2.2253544,-2.7122688,-2.6687996,-2.9394755,-2.8351972,-3.6248176,-3.105229,-3.8908186,-2.071341,-2.4330397,-2.4391427,0.0,0.0,0.0,-4.8226624,-4.83938,-4.821531,0.0,-1.3450232,0.0,0.0,-0.9707318,0.0,-1.6441668,0.0,0.0,-1.1574532,0.0,-1.5077901,0.0,0.0,-1.0109842,0.98933095,2.3149583,0.8265753,1.877161,1.2915964,3.19135,1.1670072,2.2903044,1.5535166,2.4425774,1.2083545,2.3514233,2.3734517,4.06003,1.6201785,3.2098975,2.9055526,0.077319324,0.12750772,0.2507447,1.6156502,2.9743714,2.6319284,0.48666558,0.9205034,0.7189543,0.34944963,0.87751985,1.2647022,1.8611231,1.5470042,0.70505035,2.0591028,1.2036453,1.7395811,1.7076124,0.59496915,2.208808,278.94574,278.94574,274.34073,274.34073,279.98383,279.98383,275.65378,275.65378,289.24982,289.24982,276.2561,276.2561,290.73892,290.73892,281.85284,281.85284,281.85284,270.07507,270.07507,270.07507,283.21826,283.21826,283.21826,272.4888,274.97794,273.1094,271.34564,274.772,272.4888,274.97794,273.1094,271.34564,274.772,272.4888,274.97794,273.1094,271.34564,274.772,4.317759,1.2229137,11.204057,3.6367936,2.9723172,4.7464237,3.9288368,2.5356338,0.0,6.2468653,0.0,2.256971,0.0,0.0,1.5668147,0.0,2.136290884856487,0.0,0.0,1.5668146982904692,2.315898,1.8798196,3.192339,2.2925372,2.442169,2.3538165,4.0587378,3.2086804,0.1319598,2.9738398,1.2673169,1.863008,1.5495719,0.7073638,2.0607686,1.0899701055332995,1.4048861629082332,1.2338965731477654,0.8593044716659423,2.209839894646026,-2.0018609,0.6569059,-8.011718,-1.3442564,-0.5301482,-2.3926075,0.12990068,0.6730467,0.1319598,-3.2730258,1.2673169,-0.3939628,1.5495719,0.7073638,0.4939539,1.0899701055332995,-0.7314047219482538,1.2338965731477654,0.8593044716659423,0.6430251963555567
2012-04-07 12:00:00,-2.2950714,-3.6907191,-0.8045014,-0.9892187,-4.1231823,-8.614525,-2.6599677,-3.282874,-2.725126,-3.000674,-3.1276088,-4.194542,-2.647974,-3.449943,-3.6853871,-4.1133,-4.1705685,0.0,0.0,0.0,-4.6209807,-4.7143435,-4.652251,0.0,-1.1571984,-0.9330372,0.0,-0.6860681,0.0,-1.4589909,-1.1410688,0.0,-0.8545078,0.0,-1.2571838,-1.0119077,0.0,-0.6839808,0.9918911,2.3192363,0.84695196,1.9205772,1.334327,3.2791927,1.2810494,2.4141574,1.6087552,2.5099862,1.4027684,2.6036334,2.3865294,4.078032,1.641589,3.2357903,2.9318037,0.09695236,0.19638157,0.3007428,1.7162524,3.0840213,2.738892,0.53297794,0.9413769,0.8686076,0.34270683,0.87672627,1.3340166,1.8834211,1.7427827,0.6835708,2.058062,1.2996414,1.772403,1.8982459,0.57178533,2.2077918,278.96948,278.96948,274.4978,274.4978,280.30777,280.30777,276.3043,276.3043,289.887,289.887,277.4746,277.4746,290.8384,290.8384,281.9782,281.9782,281.9782,270.7024,270.7024,270.7024,283.9282,283.9282,283.9282,272.83292,275.11313,274.10373,271.26523,274.76715,272.83292,275.11313,274.10373,271.26523,274.76715,272.83292,275.11313,274.10373,271.26523,274.76715,4.0140867,1.3750223,9.279153,4.335004,3.0413477,5.3946333,3.4862418,4.2567253,0.0,6.1146507,0.0,2.024458,1.6200216,0.0,1.1812816,0.0,1.7906985611248518,1.8262737038198549,0.0,1.181281622512879,2.3201764,1.9232355,3.2801816,2.41639,2.5095778,2.606027,4.07674,3.2345734,0.20009357,3.0834897,1.336274,1.885306,1.7453412,0.68588436,2.0597281,1.1521285432225086,1.422283631021762,1.519962870014925,0.837612249442542,2.20882433761603,-1.6939102,0.5482133,-5.9989715,-1.9186139,-0.53177,-2.7886064,0.59049785,-1.0221521,0.20009357,-3.031161,1.336274,-0.13915195,0.12531962,0.68588436,0.87844646,1.1521285432225086,-0.3684149301030899,-0.30631083380492985,0.837612249442542,1.027542715103151
2012-04-07 13:00:00,-3.0079648,-4.8630633,-0.8314769,-1.0290326,-6.880915,-13.553556,-2.1469834,-2.6420796,-2.7698298,-3.0496507,-1.6314777,-2.1883407,-2.6951642,-3.5024214,-4.874379,-5.405942,-5.507817,0.0,0.0,0.0,-4.518595,-4.6363654,-4.5593443,-0.18581115,-0.99932414,-1.6858103,0.0,-0.75379974,-0.22629358,-1.3007679,-2.0749526,0.0,-0.92065096,-0.23718546,-1.0569283,-1.8145012,0.0,-0.76582104,1.065408,2.442085,0.8604007,1.9492314,1.4276133,3.4709651,1.178221,2.3024828,1.6611738,2.5739532,1.167965,2.2990267,2.4209685,4.12544,1.8540366,3.4927151,3.192285,0.102682956,0.21648486,0.31533656,1.7511603,3.122069,2.7760072,0.6160288,0.97845936,1.0000904,0.37718073,0.85727257,1.4583166,1.923034,1.9147903,0.7933893,2.032552,1.4717888,1.8307117,2.0657334,0.6903178,2.182888,279.65125,279.65125,274.60147,274.60147,281.01498,281.01498,275.71774,275.71774,290.49164,290.49164,276.00296,276.00296,291.1004,291.1004,283.22217,283.22217,283.22217,270.8855,270.8855,270.8855,284.17453,284.17453,284.17453,273.45,275.3533,274.97733,271.67636,274.6482,273.45,275.3533,274.97733,271.67636,274.6482,273.45,275.3533,274.97733,271.67636,274.6482,5.19218,1.4305853,14.153353,3.5508971,3.0979884,2.976356,3.540797,5.568293,0.0,6.0214787,0.32475987,1.8182874,2.8894036,0.0,1.263978,0.2739697679052157,1.5088767231506741,3.1427482573894125,0.0,1.2639780281794468,2.443025,1.95189,3.471954,2.3047156,2.573545,2.30142,4.124147,3.491498,0.21998084,3.121537,1.4602448,1.924919,1.9173489,0.79570276,2.0342178,1.2639074317693693,1.4531906454807844,1.771303857613434,0.9485183662522758,2.1839272225032937,-2.7491553,0.52130467,-10.681398,-1.2461816,-0.5244433,-0.67493594,0.5833499,-2.076795,0.21998084,-2.8999414,1.1354849,0.1066316,-0.97205466,0.79570276,0.7702399,0.9899376638641535,-0.055686077669889755,-1.3714443997759787,0.9485183662522758,0.9199491943238469
2012-04-07 14:00:00,-2.9747927,-4.8343253,-1.1292654,-1.3975779,-7.7430673,-15.076998,-1.3923168,-1.7195268,-2.5657258,-2.8746228,-1.7737684,-2.3334646,-3.5898528,-4.346249,-1.7128831,-2.0805848,-2.0942702,0.0,0.0,0.0,-4.1003695,-4.2420444,-4.137467,0.0,-1.710184,-1.5926033,0.0,-0.9954654,0.0,-2.1185942,-1.9797902,0.0,-1.2027806,0.0,-1.9052359,-1.6945463,0.0,-1.0224116,1.1080207,2.513292,0.9315314,2.100787,1.5761168,3.7762504,1.0436242,2.1563067,1.671288,2.586296,1.1421394,2.2655234,2.484676,4.213136,1.8131702,3.4432929,3.1421785,0.09612047,0.19346325,0.29862428,1.7402581,3.1101863,2.7644155,0.5685705,1.0223364,1.0004072,0.39758307,0.91282415,1.3872871,1.9699051,1.9152046,0.85838205,2.1053977,1.3734174,1.8997043,2.0661368,0.7604677,2.2540028,280.04642,280.04642,275.14978,275.14978,282.1408,282.1408,274.94998,274.94998,290.6083,290.6083,275.8411,275.8411,291.58505,291.58505,282.98288,282.98288,282.98288,270.6758,270.6758,270.6758,284.0976,284.0976,284.0976,273.09738,275.63748,274.97943,271.91968,274.98788,273.09738,275.63748,274.97943,271.91968,274.98788,273.09738,275.63748,274.97943,271.91968,274.98788,5.174466,1.9171166,15.695603,2.378744,2.9231913,3.1662147,4.393149,2.1666117,0.0,5.500376,0.0,2.867623,2.768255,0.0,1.6304135,0.0,2.664483634060214,2.9474355358256696,0.0,1.6304135812235083,2.5142322,2.1034453,3.777239,2.1585395,2.5858877,2.2679167,4.2118435,3.442076,0.1972066,3.1096544,1.38927,1.9717902,1.9177635,0.8606955,2.1070638,1.199899474493765,1.4897606732625404,1.7719096889606114,1.0141548322056613,2.255022601754157,-2.6602337,0.18632863,-11.918365,-0.22020444,-0.33730355,-0.898298,-0.18130554,1.2754642,0.1972066,-2.3907218,1.38927,-0.89583284,-0.8504916,0.8606955,0.4766502,1.199899474493765,-1.1747229607976735,-1.1755258468650582,1.0141548322056613,0.6246090205306487
2012-04-07 15:00:00,-1.110077,-1.780674,-0.95919514,-1.2344016,-1.9001856,-4.1117716,-0.3064442,-0.40038925,-1.1523714,-1.4299345,-2.4279974,-3.0946324,-3.1104305,-3.9046462,-5.204523,-5.7254133,-5.836689,0.0,0.0,0.0,-2.6914115,-2.837155,-2.6822069,0.0,-1.6274725,-0.87623173,0.0,-1.1457653,0.0,-2.010472,-1.1003991,0.0,-1.3776414,0.0,-1.8147664,-0.9216189,0.0,-1.1850507,0.9364178,2.2265387,0.94088256,2.1207108,1.361531,3.3351173,0.8413595,1.9366418,1.5615647,2.4523985,1.1563134,2.2839108,2.4216545,4.126384,1.8763177,3.5196605,3.2196033,0.06590971,0.08748206,0.22168857,1.6680508,3.0314848,2.6876426,0.4857908,0.9990361,0.8830942,0.36008966,0.9446299,1.2633927,1.945015,1.7617342,0.7389447,2.1471052,1.201832,1.8630668,1.9166996,0.63155305,2.2947192,278.45505,278.45505,275.22186,275.22186,280.514,280.514,273.79623,273.79623,289.34265,289.34265,275.92993,275.92993,291.10562,291.10562,283.35263,283.35263,283.35263,269.7105,269.7105,269.7105,283.58804,283.58804,283.58804,272.4823,275.48657,274.19998,271.47253,275.18237,272.4823,275.48657,274.19998,271.47253,275.18237,272.4823,275.48657,274.19998,271.47253,275.18237,2.017357,1.7065345,4.5902977,0.5855793,1.4536716,4.1100154,3.9454272,5.89227,0.0,3.6528807,0.0,2.7305894,1.5759616,0.0,1.8531348,0.0,2.545581635532196,1.674256522894138,0.0,1.852488957327203,2.2274787,2.1233692,3.3361063,1.9388745,2.4519901,2.2863045,4.125091,3.5184436,0.092364244,3.0309532,1.2660143,1.9468999,1.764293,0.7412582,2.1487713,1.088795952710685,1.4703407003908926,1.5476555086960433,0.8935345513641959,2.2957279159187207,0.21012175,0.41683468,-1.2541914,1.3532952,0.9983187,-1.8237112,0.17966393,-2.3738263,0.092364244,-0.62192756,1.2660143,-0.7836895,0.1883313,0.7412582,0.29563653,1.088795952710685,-1.0752409351413035,-0.12660101419809466,0.8935345513641959,0.44323895859151774
2012-04-07 16:00:00,-0.81751233,-1.2992365,-0.16828164,-0.22812742,-3.6213937,-7.6464763,0.0,0.0,-1.5622326,-1.8307331,-1.6433336,-2.1924398,-2.345387,-3.1286252,-1.4052368,-1.7145162,-1.7204928,0.0,0.0,0.0,-3.307315,-3.4161537,-3.290679,0.0,-1.3109647,-0.38061094,0.0,-0.62298524,0.0,-1.6595396,-0.49159026,0.0,-0.7754466,0.0,-1.4245158,-0.38828883,0.0,-0.621457,0.89051765,2.149838,0.750571,1.7152221,1.2831552,3.1739967,0.7228769,1.8079664,1.238284,2.0578928,1.156221,2.283791,2.332001,4.0029707,1.7834206,3.4073153,3.1057029,0.071338505,0.10652658,0.2355137,1.551305,2.9042392,2.5635152,0.47767508,0.98674285,0.8071515,0.310623,0.8500061,1.2512462,1.9318826,1.6623849,0.58136606,2.0230231,1.18501,1.8437366,1.819961,0.46147054,2.1735857,278.0294,278.0294,273.75485,273.75485,279.91983,279.91983,273.1204,273.1204,285.61362,285.61362,275.92935,275.92935,290.42358,290.42358,282.8087,282.8087,282.8087,269.88397,269.88397,269.88397,282.7642,282.7642,282.7642,272.422,275.40695,273.6954,270.8826,274.60376,272.422,275.40695,273.6954,270.8826,274.60376,272.422,275.40695,273.6954,270.8826,274.60376,1.4916308,0.33742326,8.294524,0.0,1.829302,2.983983,3.1603613,1.7886893,0.0,4.3730216,0.0,2.2852054,0.72202605,0.0,1.0756023,0.0,2.016320076652638,0.7322771309516328,0.0,1.0756022411966777,2.150778,1.7178806,3.1749856,1.8102046,2.0574846,2.2861843,4.0016775,3.4060981,0.11120412,2.9037075,1.2539303,1.9337678,1.6649436,0.5836795,2.0246892,1.0779033424877444,1.460094652014325,1.4024842696492417,0.7343951404341957,2.1746275304550267,0.6591474,1.3804574,-5.1195383,1.8102046,0.22818251,-0.69779867,0.8413165,1.6174089,0.11120412,-1.4693141,1.2539303,-0.35143757,0.9429175,0.5836795,0.949087,1.0779033424877444,-0.5562254246383129,0.6702071386976088,0.7343951404341957,1.099025289258349
2012-04-07 17:00:00,-0.550821,-0.8711004,-0.12697244,-0.18079859,-0.60591996,-1.342254,0.0,0.0,-0.9463339,-1.1724033,-0.8853833,-1.2246273,-0.8542105,-1.2948078,-0.99587166,-1.1872025,-1.1701044,0.0,0.0,0.0,-1.8803551,-1.9625226,-1.8123196,0.0,-0.7227144,-0.22229597,0.0,-0.156481,0.0,-0.99536335,-0.30538416,0.0,-0.20881546,0.0,-0.73400575,-0.21335725,0.0,-0.1472408,0.8653822,2.1078362,0.806626,1.8346561,1.1566265,2.9138865,0.52625126,1.5944256,1.2789899,2.107567,1.1241627,2.2422023,2.120617,3.711989,1.5254523,3.09534,2.7894092,0.06084387,0.069710754,0.20878771,1.442006,2.7851105,2.447305,0.42962542,1.1247771,0.8113818,0.26653266,0.76554817,1.1793315,2.0793366,1.6679189,0.4409139,1.9122722,1.0854127,2.0607834,1.8253496,0.30987358,2.0654664,277.7963,277.7963,274.18695,274.18695,278.9606,278.9606,271.9988,271.9988,286.08316,286.08316,275.72842,275.72842,288.8155,288.8155,281.2982,281.2982,281.2982,269.54865,269.54865,269.54865,281.9929,281.9929,281.9929,272.06497,276.30096,273.7235,270.35678,274.0873,272.06497,276.30096,273.7235,270.35678,274.0873,272.06497,276.30096,273.7235,270.35678,274.0873,1.0128436,0.2710926,1.5631342,0.0,1.1759964,1.7191031,1.3071784,1.2473967,0.0,2.4830601,0.0,1.3932259,0.46135178,0.0,0.30397978,0.0,1.0384769562199379,0.4105791074466096,0.0,0.3039797920485444,2.1087763,1.8373146,2.9148755,1.5968739,2.107159,2.2445955,3.7106962,3.0941226,0.0747839,2.7845788,1.1823864,2.0812216,1.6704777,0.44322738,1.9139382,1.0134131365170052,1.575141791604804,1.4105708011093907,0.5925518808861172,2.066537771847322,1.0959328,1.5662221,1.3517414,1.5968739,0.9311625,0.52549255,2.403518,1.8467258,0.0747839,0.30151862,1.1823864,0.68799573,1.2091259,0.44322738,1.6099584,1.0134131365170052,0.5366648353848662,0.9999916936627811,0.5925518808861172,1.7625579797987774
2012-04-07 18:00:00,0.0,0.0,0.0,0.0,-0.012094842,-0.026614994,0.0,0.0,0.0,0.0,0.0,0.0,0.0,0.0,-0.0186631,-0.022102797,-0.021008728,0.0,0.0,0.0,-0.006903291,-0.0070598093,-0.005918369,0.0,0.0,0.0,0.0,0.0,0.0,0.0,0.0,0.0,0.0,0.0,0.0,0.0,0.0,0.0,0.6981267,1.8283474,0.7319163,1.6754755,0.9917592,2.5749624,0.36241615,1.4164959,1.1928977,2.0025072,1.0726182,2.1753345,1.682934,3.1094947,1.3772986,2.9161692,2.6077585,0.040912855,0.0,0.15803073,1.2106333,2.532929,2.2013025,0.20038442,1.0248854,0.6506914,0.195919,0.8741212,0.83623236,1.9726281,1.4577016,0.21597035,2.054646,0.6102431,1.9037125,1.6206564,0.067080796,2.204457,276.24524,276.24524,273.61105,273.61105,277.71072,277.71072,271.06427,271.06427,285.0901,285.0901,275.40536,275.40536,285.48584,285.48584,280.4307,280.4307,280.4307,268.9118,268.9118,268.9118,280.36014,280.36014,280.36014,270.36163,275.654,272.65585,269.51465,274.75122,270.36163,275.654,272.65585,269.51465,274.75122,270.36163,275.654,272.65585,269.51465,274.75122,0.0,0.0,0.03244782,0.0,0.0,0.0,0.0,0.023543362,0.0,0.008687689,0.0,0.0,0.0,0.0,0.0,0.0,0.0,0.0,0.0,0.0,1.8292873,1.678134,2.5759513,1.4191195,2.0020988,2.1777277,3.108202,2.9149523,0.05167008,2.5323973,0.841056,1.9745133,1.4603701,0.21828383,2.0563118,0.7057354849008993,1.4918852850569917,1.1035065618797568,0.3653803923643978,2.205490244725099,1.8292873,1.678134,2.5435035,1.4191195,2.0020988,2.1777277,3.108202,2.891409,0.05167008,2.5237095,0.841056,1.9745133,1.4603701,0.21828383,2.0563118,0.7057354849008993,1.4918852850569917,1.1035065618797568,0.3653803923643978,2.205490244725099
2012-04-07 19:00:00,0.0,0.0,0.0,0.0,0.0,0.0,0.0,0.0,0.0,0.0,0.0,0.0,0.0,0.0,0.0,0.0,0.0,0.0,0.0,0.0,0.0,0.0,0.0,0.0,0.0,0.0,0.0,0.0,0.0,0.0,0.0,0.0,0.0,0.0,0.0,0.0,0.0,0.0,0.69721836,1.8268296,0.65843,1.5189013,0.94769233,2.4843724,0.16240397,1.199277,1.1115915,1.9032874,1.0895432,2.1972914,1.6476085,3.060867,1.2600619,2.7743886,2.4640155,0.027501347,0.0,0.123876534,1.0666472,2.375993,2.0482118,0.25493568,0.86119986,0.6533599,0.08813439,0.57317615,0.91787785,1.7977724,1.4611926,0.0,1.6600112,0.72331667,1.6463315,1.6240556,0.0,1.8191997,276.23682,276.23682,273.0446,273.0446,277.37665,277.37665,269.92337,269.92337,284.15222,284.15222,275.51144,275.51144,285.2171,285.2171,279.74423,279.74423,279.74423,268.48328,268.48328,268.48328,279.34406,279.34406,279.34406,270.76697,274.59384,272.67358,268.22922,272.91098,270.76697,274.59384,272.67358,268.22922,272.91098,270.76697,274.59384,272.67358,268.22922,272.91098,0.0,0.0,0.0,0.0,0.0,0.0,0.0,0.0,0.0,0.0,0.0,0.0,0.0,0.0,0.0,0.0,0.0,0.0,0.0,0.0,1.8277696,1.5215641,2.4853613,1.2021143,1.9028791,2.1996844,3.0595744,2.7731714,0.04888499,2.3754616,0.9222806,1.7996575,1.4638572,0.14457357,1.6618174,0.7789519064500369,1.3554585029360273,1.1086038971338754,0.14457356867808427,1.820478787322197,1.8277696,1.5215641,2.4853613,1.2021143,1.9028791,2.1996844,3.0595744,2.7731714,0.04888499,2.3754616,0.9222806,1.7996575,1.4638572,0.14457357,1.6618174,0.7789519064500369,1.3554585029360273,1.1086038971338754,0.14457356867808427,1.820478787322197
2012-04-07 20:00:00,0.0,0.0,0.0,0.0,0.0,0.0,0.0,0.0,0.0,0.0,0.0,0.0,0.0,0.0,0.0,0.0,0.0,0.0,0.0,0.0,0.0,0.0,0.0,0.0,0.0,0.0,0.0,0.0,0.0,0.0,0.0,0.0,0.0,0.0,0.0,0.0,0.0,0.0,0.7257201,1.8744568,0.6793214,1.5634137,0.9138341,2.4147687,0.1527899,1.188836,1.0337667,1.8083167,0.99406,2.073422,1.5207958,2.8863025,1.192255,2.692386,2.3808777,0.0,0.0,0.04480039,1.0680267,2.3774967,2.0496786,0.28872937,0.9073525,0.31915963,0.081660315,0.84867847,0.968456,1.8470746,1.0239872,0.0,2.0212824,0.79336405,1.7189026,1.1983393,0.0,2.1718862,276.50113,276.50113,273.20563,273.20563,277.11996,277.11996,269.86853,269.86853,283.25452,283.25452,274.913,274.913,284.25238,284.25238,279.3472,279.3472,279.3472,267.49112,267.49112,267.49112,279.3538,279.3538,279.3538,271.01807,274.89276,270.4531,268.152,274.59564,271.01807,274.89276,270.4531,268.152,274.59564,271.01807,274.89276,270.4531,268.152,274.59564,0.0,0.0,0.0,0.0,0.0,0.0,0.0,0.0,0.0,0.0,0.0,0.0,0.0,0.0,0.0,0.0,0.0,0.0,0.0,0.0,1.8753968,1.5660722,2.4157574,1.1916834,1.8079083,2.0758152,2.8850098,2.6911688,0.04243677,2.376965,0.972598,1.8489598,1.0271451,0.14231537,2.0229485,0.824308382621269,1.3939253652773396,0.47024381034396917,0.14231537173944317,2.1729285482539016,1.8753968,1.5660722,2.4157574,1.1916834,1.8079083,2.0758152,2.8850098,2.6911688,0.04243677,2.376965,0.972598,1.8489598,1.0271451,0.14231537,2.0229485,0.824308382621269,1.3939253652773396,0.47024381034396917,0.14231537173944317,2.1729285482539016
2012-04-07 21:00:00,0.0,0.0,0.0,0.0,0.0,0.0,0.0,0.0,0.0,0.0,0.0,0.0,0.0,0.0,0.0,0.0,0.0,0.0,0.0,0.0,0.0,0.0,0.0,0.0,0.0,0.0,0.0,0.0,0.0,0.0,0.0,0.0,0.0,0.0,0.0,0.0,0.0,0.0,0.6732086,1.7867086,0.71414447,1.6376098,0.86484814,2.3140664,0.19744688,1.2373346,0.9623552,1.7211716,0.81659055,1.8431935,1.5471637,2.9225993,1.0544366,2.5257146,2.2118993,0.0,0.0,0.023831649,0.9928614,2.2955713,1.9697604,0.22384042,0.41393045,0.276563,0.06366336,0.80851823,0.8713383,1.3199807,0.9682616,0.0,1.9686193,0.65886253,0.9430401,1.1440783,0.0,2.1204746,276.01416,276.01416,273.47406,273.47406,276.7486,276.7486,270.12326,270.12326,282.4308,282.4308,273.8007,273.8007,284.45297,284.45297,278.54022,278.54022,278.54022,267.22803,267.22803,267.22803,278.82336,278.82336,278.82336,270.53592,271.697,270.17007,267.93738,274.35007,270.53592,271.697,270.17007,267.93738,274.35007,270.53592,271.697,270.17007,267.93738,274.35007,0.0,0.0,0.0,0.0,0.0,0.0,0.0,0.0,0.0,0.0,0.0,0.0,0.0,0.0,0.0,0.0,0.0,0.0,0.0,0.0,1.7876486,1.6402683,2.3150551,1.2401345,1.7207633,1.8455868,2.9213064,2.5244975,0.040726885,2.29504,0.875981,1.3228195,0.97148246,0.13603795,1.9702855,0.7372171129288413,0.9836272736694479,0.38887946069388757,0.1360379412772049,2.121531143094284,1.7876486,1.6402683,2.3150551,1.2401345,1.7207633,1.8455868,2.9213064,2.5244975,0.040726885,2.29504,0.875981,1.3228195,0.97148246,0.13603795,1.9702855,0.7372171129288413,0.9836272736694479,0.38887946069388757,0.1360379412772049,2.121531143094284
2012-04-07 22:00:00,0.0,0.0,0.0,0.0,0.0,0.0,0.0,0.0,0.0,0.0,0.0,0.0,0.0,0.0,0.0,0.0,0.0,0.0,0.0,0.0,0.0,0.0,0.0,0.0,0.0,0.0,0.0,0.0,0.0,0.0,0.0,0.0,0.0,0.0,0.0,0.0,0.0,0.0,0.65209806,1.7514322,0.69222367,1.5909042,0.8354018,2.2535324,0.18115596,1.2196422,0.92474455,1.6752748,0.6746755,1.659089,1.326148,2.618359,1.061238,2.5339398,2.2202384,0.0,0.0,0.0,0.83389926,2.1223128,1.8007474,0.18046881,0.73830014,0.16555636,0.0,0.55612785,0.8064251,1.6664859,0.8230412,0.0,1.6376557,0.56896216,1.4530827,1.002674,0.0,1.7973754,275.8184,275.8184,273.30508,273.30508,276.52536,276.52536,270.03033,270.03033,281.99695,281.99695,272.91122,272.91122,282.7716,282.7716,278.58005,278.58005,278.58005,266.69427,266.69427,266.69427,277.7016,277.7016,277.7016,270.21365,273.79785,269.43253,266.94388,272.80673,270.21365,273.79785,269.43253,266.94388,272.80673,270.21365,273.79785,269.43253,266.94388,272.80673,0.0,0.0,0.0,0.0,0.0,0.0,0.0,0.0,0.0,0.0,0.0,0.0,0.0,0.0,0.0,0.0,0.0,0.0,0.0,0.0,1.7523721,1.5935626,2.2545211,1.2224594,1.6748663,1.6614822,2.6170664,2.532723,0.037257925,2.121781,0.8114025,1.668371,0.82642597,0.10698039,1.6395228,0.6790055927090782,1.2530255095262823,0.17684435153460645,0.10698039134144947,1.7987214021782836,1.7523721,1.5935626,2.2545211,1.2224594,1.6748663,1.6614822,2.6170664,2.532723,0.037257925,2.121781,0.8114025,1.668371,0.82642597,0.10698039,1.6395228,0.6790055927090782,1.2530255095262823,0.17684435153460645,0.10698039134144947,1.7987214021782836
2012-04-07 23:00:00,0.0,0.0,0.0,0.0,0.0,0.0,0.0,0.0,0.0,0.0,0.0,0.0,0.0,0.0,0.0,0.0,0.0,0.0,0.0,0.0,0.0,0.0,0.0,0.0,0.0,0.0,0.0,0.0,0.0,0.0,0.0,0.0,0.0,0.0,0.0,0.0,0.0,0.0,0.61141694,1.683453,0.6573254,1.5165478,0.7322853,2.0415516,0.109374136,1.1416851,0.87905395,1.6195178,0.77989703,1.7955914,1.2982919,2.5800138,0.97037375,2.4240527,2.1088302,0.0,0.0,0.0,0.7085734,1.9857157,1.6674969,0.12838596,0.15654472,0.1867123,0.0,0.0,0.7284741,1.0450304,0.85071766,0.0,0.83767974,0.4610049,0.53832376,1.029623,0.0,1.016409,275.44113,275.44113,273.03607,273.03607,275.74362,275.74362,269.62088,269.62088,281.4699,281.4699,273.5707,273.5707,282.5597,282.5597,278.048,278.048,278.048,265.58163,265.58163,265.58163,276.8172,276.8172,276.8172,269.82666,270.02997,269.5731,266.76608,269.07632,269.82666,270.02997,269.5731,266.76608,269.07632,269.82666,270.02997,269.5731,266.76608,269.07632,0.0,0.0,0.0,0.0,0.0,0.0,0.0,0.0,0.0,0.0,0.0,0.0,0.0,0.0,0.0,0.0,0.0,0.0,0.0,0.0,1.6843929,1.519211,2.0425403,1.144579,1.6191094,1.7979846,2.5787208,2.4228356,0.030026661,1.9851841,0.7338533,1.0489634,0.8540712,0.10178029,0.8628254,0.6091021563542659,0.7701984948613169,0.21725455150099368,0.10178029040685535,1.022880333979126,1.6843929,1.519211,2.0425403,1.144579,1.6191094,1.7979846,2.5787208,2.4228356,0.030026661,1.9851841,0.7338533,1.0489634,0.8540712,0.10178029,0.8628254,0.6091021563542659,0.7701984948613169,0.21725455150099368,0.10178029040685535,1.022880333979126
2012-05-16 00:00:00,0.0,0.0,0.0,0.0,0.0,0.0,0.0,0.0,0.0,0.0,0.0,0.0,0.0,0.0,0.0,0.0,0.0,0.0,0.0,0.0,0.0,0.0,0.0,0.0,0.0,0.0,0.0,0.0,0.0,0.0,0.0,0.0,0.0,0.0,0.0,0.0,0.0,0.0,0.49912125,1.4958035,0.4324243,1.0373609,0.5474074,1.6614904,1.186289,2.311245,0.8823215,1.623505,1.0168961,2.1030471,1.6308684,3.0378234,0.81429803,2.2353015,1.9174664,0.0,0.0,0.0,0.76610744,2.0484242,1.728669,0.0,0.98242205,0.72757566,0.18255116,1.2213151,0.41082987,1.927267,1.5582826,0.17338641,2.5099275,0.02108886,1.8369428,1.7185944,0.0211178,2.6489198,274.39975,274.39975,271.30243,271.30243,274.34204,274.34204,275.76376,275.76376,281.5076,281.5076,275.05612,275.05612,285.08975,285.08975,277.13412,277.13412,277.13412,262.67725,262.67725,262.67725,277.2232,277.2232,277.2232,268.2497,275.37897,273.1667,269.35522,276.87427,268.2497,275.37897,273.1667,269.35522,276.87427,268.2497,275.37897,273.1667,269.35522,276.87427,0.0,0.0,0.0,0.0,0.0,0.0,0.0,0.0,0.0,0.0,0.0,0.0,0.0,0.0,0.0,0.0,0.0,0.0,0.0,0.0,1.4967434,1.0400969,1.6624794,2.3134775,1.6230966,2.1054404,3.0365307,2.2340846,0.012834683,2.0478923,0.51994985,1.9291521,1.5608413,0.17750666,2.5115936,0.4263547353836059,1.4564934153867615,1.2503679205210305,0.3223746356679868,2.6498315746796473,1.4967434,1.0400969,1.6624794,2.3134775,1.6230966,2.1054404,3.0365307,2.2340846,0.012834683,2.0478923,0.51994985,1.9291521,1.5608413,0.17750666,2.5115936,0.4263547353836059,1.4564934153867615,1.2503679205210305,0.3223746356679868,2.6498315746796473
2012-05-16 01:00:00,0.0,0.0,0.0,0.0,0.0,0.0,0.0,0.0,0.0,0.0,0.0,0.0,0.0,0.0,0.0,0.0,0.0,0.0,0.0,0.0,0.0,0.0,0.0,0.0,0.0,0.0,0.0,0.0,0.0,0.0,0.0,0.0,0.0,0.0,0.0,0.0,0.0,0.0,0.4931813,1.4858776,0.40377724,0.9763238,0.5445453,1.6556067,1.1242818,2.2439034,0.8725087,1.6115303,0.90846103,1.9623756,1.3592432,2.6639163,0.66083866,2.0497148,1.7293106,0.0,0.0,0.0,0.65639764,1.9288474,1.612022,0.0,1.035619,0.7056067,0.08420643,1.0614326,0.1582526,1.9840943,1.5295426,0.0,2.3002708,0.0,1.9205903,1.6906095,0.0,2.444245,274.34467,274.34467,271.0816,271.0816,274.32034,274.32034,275.41006,275.41006,281.3944,281.3944,274.3765,274.3765,283.02338,283.02338,276.23557,276.23557,276.23557,261.5669,261.5669,261.5669,276.449,276.449,276.449,266.99576,275.7235,273.02072,268.18237,275.8966,266.99576,275.7235,273.02072,268.18237,275.8966,266.99576,275.7235,273.02072,268.18237,275.8966,0.0,0.0,0.0,0.0,0.0,0.0,0.0,0.0,0.0,0.0,0.0,0.0,0.0,0.0,0.0,0.0,0.0,0.0,0.0,0.0,1.4868177,0.979069,1.6565956,2.246136,1.6111219,1.9647689,2.6626236,2.0484977,0.008180379,1.9283158,0.39824888,1.9859793,1.53213,0.14320348,2.3019366,0.32942766211527086,1.5008314323171765,1.2084011234946344,0.14320347685958068,2.44521280101325,1.4868177,0.979069,1.6565956,2.246136,1.6111219,1.9647689,2.6626236,2.0484977,0.008180379,1.9283158,0.39824888,1.9859793,1.53213,0.14320348,2.3019366,0.32942766211527086,1.5008314323171765,1.2084011234946344,0.14320347685958068,2.44521280101325
2012-05-16 02:00:00,0.0,0.0,0.0,0.0,0.0,0.0,0.0,0.0,0.0,0.0,0.0,0.0,0.0,0.0,0.0,0.0,0.0,0.0,0.0,0.0,0.0,0.0,0.0,0.0,0.0,0.0,0.0,0.0,0.0,0.0,0.0,0.0,0.0,0.0,0.0,0.0,0.0,0.0,0.5418097,1.5671371,0.32924175,0.8175142,0.5248929,1.6152065,1.0539871,2.1675615,0.84205985,1.5743729,0.78732723,1.8052306,1.2675958,2.5377586,0.5215244,1.8812344,1.5584979,0.0,0.0,0.0,0.64870423,1.920462,1.6038423,0.0,0.75316143,0.61334926,0.067112796,0.79072636,0.0,1.6823612,1.40885,0.0,1.9452885,0.0,1.4764507,1.5730886,0.0,2.0976982,274.79562,274.79562,270.50705,270.50705,274.17136,274.17136,275.0091,275.0091,281.04318,281.04318,273.61728,273.61728,282.32617,282.32617,275.41983,275.41983,275.41983,260.43497,260.43497,260.43497,276.3947,276.3947,276.3947,265.21124,273.8941,272.40775,267.97852,274.24127,265.21124,273.8941,272.40775,267.97852,274.24127,265.21124,273.8941,272.40775,267.97852,274.24127,0.0,0.0,0.0,0.0,0.0,0.0,0.0,0.0,0.0,0.0,0.0,0.0,0.0,0.0,0.0,0.0,0.0,0.0,0.0,0.0,1.5680771,0.8202836,1.6161954,2.169794,1.5739646,1.8076239,2.536466,1.8800173,0.003435635,1.9199305,0.22505249,1.6842463,1.4115736,0.13724113,1.9469547,0.19148780937205762,1.2654118784721224,1.0321789618522428,0.13724112288720022,2.098760949308521,1.5680771,0.8202836,1.6161954,2.169794,1.5739646,1.8076239,2.536466,1.8800173,0.003435635,1.9199305,0.22505249,1.6842463,1.4115736,0.13724113,1.9469547,0.19148780937205762,1.2654118784721224,1.0321789618522428,0.13724112288720022,2.098760949308521
2012-05-16 03:00:00,0.0,0.0,0.0,0.0,0.0,0.0,0.0,0.0,0.0,0.0,0.0,0.0,0.0,0.0,0.0,0.0,0.0,0.0,0.0,0.0,0.0,0.0,0.0,0.0,0.0,0.0,0.0,0.0,0.0,0.0,0.0,0.0,0.0,0.0,0.0,0.0,0.0,0.0,0.5457126,1.573659,0.32577765,0.8101334,0.4928381,1.5493102,1.0215176,2.1322985,0.80557364,1.529848,0.70536554,1.6989027,1.1999371,2.444623,0.6115653,1.9901257,1.6688967,0.0,0.0,0.0,0.6239245,1.8934537,1.5774957,0.0,0.66570926,0.5351329,0.0,0.77647287,0.0,1.5889411,1.3065264,0.0,1.926598,0.0,1.3389397,1.473454,0.0,2.0794516,274.83182,274.83182,270.48035,270.48035,273.92834,273.92834,274.82388,274.82388,280.6223,280.6223,273.10358,273.10358,281.81146,281.81146,275.94705,275.94705,275.94705,259.65762,259.65762,259.65762,276.21985,276.21985,276.21985,265.4626,273.3277,271.88806,265.511,274.1541,265.4626,273.3277,271.88806,265.511,274.1541,265.4626,273.3277,271.88806,265.511,274.1541,0.0,0.0,0.0,0.0,0.0,0.0,0.0,0.0,0.0,0.0,0.0,0.0,0.0,0.0,0.0,0.0,0.0,0.0,0.0,0.0,1.574599,0.8129039,1.550299,2.1345313,1.5294397,1.701296,2.44333,1.9889088,0.00017721312,1.8929222,0.2494466,1.5908262,1.3093655,0.06507165,1.9282639,0.2109161569940004,1.1925231633057356,0.8827770306261009,0.0650716479185183,2.080519245675382,1.574599,0.8129039,1.550299,2.1345313,1.5294397,1.701296,2.44333,1.9889088,0.00017721312,1.8929222,0.2494466,1.5908262,1.3093655,0.06507165,1.9282639,0.2109161569940004,1.1925231633057356,0.8827770306261009,0.0650716479185183,2.080519245675382
2012-05-16 04:00:00,-0.012981004,-0.014365278,0.0,0.0,-0.0010605193,-0.0014684736,-0.15693544,-0.21374415,-0.036013477,-0.045712624,0.0,0.0,-0.011531787,-0.017688839,-0.0048721475,-0.0046218727,-0.003612044,0.0,0.0,0.0,-0.017346075,-0.015820378,-0.012000378,0.0,0.0,0.0,0.0,-0.07532206,0.0,0.0,0.0,0.0,-0.098026514,0.0,0.0,0.0,0.0,-0.07041375,0.45060146,1.4147254,0.28965208,0.7331622,0.43939587,1.4394469,0.9948849,2.1033747,0.7918637,1.5131177,0.6321292,1.6038942,0.88392437,2.009614,0.43876454,1.7811482,1.4570266,0.0,0.0,0.0,0.59693485,1.8640369,1.5487996,0.0,0.46641594,0.55577445,0.0,0.70776576,0.0,1.3760478,1.3335297,0.0,1.8365009,0.0,1.0255688,1.4997476,0.0,1.9914956,273.9498,273.9498,270.20187,270.20187,273.5232,273.5232,274.67197,274.67197,280.46417,280.46417,272.64456,272.64456,279.4074,279.4074,274.93524,274.93524,274.93524,259.86374,259.86374,259.86374,276.0294,276.0294,276.0294,265.77188,272.03693,272.0252,265.06927,273.73398,265.77188,272.03693,272.0252,265.06927,273.73398,265.77188,272.03693,272.0252,265.06927,273.73398,0.018071096,0.0,0.0022046294,0.31481302,0.043889817,0.0,0.016727703,0.0050685294,0.0,0.017373879,0.0,0.0,0.0,0.0,0.13995443,0.0,0.0,0.0,0.0,0.13995443251770245,1.4156655,0.7359444,1.4404358,2.1056075,1.5127094,1.6062876,2.008321,1.7799312,0.0010411964,1.8635052,0.27946532,1.3786635,1.3363385,0.05215262,1.838167,0.2348241588332901,1.0271491623128122,0.9222046117483208,0.052152619266387305,1.9925873360404314,1.3975945,0.7359444,1.4382312,1.7907945,1.4688196,1.6062876,1.9915935,1.7748628,0.0010411964,1.8461313,0.27946532,1.3786635,1.3363385,0.05215262,1.6982125,0.2348241588332901,1.0271491623128122,0.9222046117483208,0.052152619266387305,1.852632903522729
2012-05-16 05:00:00,-0.26168397,-0.2841116,0.0,0.0,-0.051139086,-0.06902432,-0.7101585,-0.92484903,-2.1402118,-2.5474112,0.0,0.0,-1.1536828,-1.6422064,-0.44421527,-0.41824803,-0.34591752,0.0,0.0,0.0,-0.7398055,-0.6775191,-0.5401258,0.0,0.0,0.0,0.0,-1.2086356,0.0,0.0,0.0,0.0,-1.4626715,0.0,0.0,0.0,0.0,-1.1840427,0.49513274,1.4891386,0.3285489,0.8160381,0.45758703,1.4768431,0.9777702,2.0847874,0.8441129,1.5768783,0.51798755,1.45582,1.1486216,2.373984,0.51255465,1.8703866,1.5475004,0.0,0.0,0.0,0.6416163,1.9127367,1.5963062,0.0,0.46332973,0.23330957,0.0,0.8619488,0.14970821,1.3727509,0.91167676,0.0,2.038684,0.0,1.020716,1.0889803,0.0,2.1888742,274.36276,274.36276,270.5017,270.5017,273.6611,273.6611,274.57434,274.57434,281.06686,281.06686,271.92917,271.92917,281.42108,281.42108,275.3673,275.3673,275.3673,261.10184,261.10184,261.10184,276.3447,276.3447,276.3447,266.95334,272.01694,269.8827,264.9815,274.6768,266.95334,272.01694,269.8827,264.9815,274.6768,266.95334,272.01694,269.8827,264.9815,274.6768,0.35011336,0.0,0.10169462,1.3290789,2.4495099,0.0,1.5853662,0.4539457,0.0,0.7371921,0.0,0.0,0.0,0.0,1.9640319,0.0,0.0,0.0,0.0,1.9640319525564116,1.4900786,0.81880766,1.477832,2.0870204,1.5764699,1.4582131,2.3726914,1.8691697,0.00623098,1.9122051,0.39413184,1.3753797,0.9149616,0.049585592,2.04035,0.3261487156370654,1.0245899705486141,0.306260517340985,0.04958559381360794,2.1899119831140252,1.1399653,0.81880766,1.3761374,0.7579414,-0.87303996,1.4582131,0.7873251,1.4152241,0.00623098,1.175013,0.39413184,1.3753797,0.9149616,0.049585592,0.0763181,0.3261487156370654,1.0245899705486141,0.306260517340985,0.04958559381360794,0.22588003055761363
2012-05-16 06:00:00,-0.3300938,-0.35176387,0.0,0.0,-0.2353062,-0.30680382,-1.5209417,-1.8998046,-4.1187205,-4.7266927,0.0,0.0,-2.803268,-3.7024097,-1.3295451,-1.2438291,-1.0896972,0.0,0.0,0.0,-1.2102534,-1.11081,-0.912659,0.0,0.0,0.0,0.0,-2.316168,0.0,0.0,0.0,0.0,-2.730596,0.0,0.0,0.0,0.0,-2.3460603,0.44860393,1.4113877,0.39035633,0.94772846,0.52351224,1.6123681,1.0324799,2.144204,0.9744485,1.7359294,0.67484105,1.6593037,1.4725692,2.819916,0.74788266,2.1549816,1.8360349,0.0,0.0,0.0,0.667235,1.9406596,1.6235447,0.0,0.62342954,0.38681638,0.0,0.9507336,0.30081564,1.5437763,1.1124966,0.0,2.1551092,0.0,1.2724588,1.2845229,0.0,2.302533,273.93127,273.93127,270.97815,270.97815,274.1609,274.1609,274.8864,274.8864,282.57028,282.57028,272.91226,272.91226,283.8855,283.8855,276.74524,276.74524,276.74524,262.27493,262.27493,262.27493,276.52548,276.52548,276.52548,267.70352,273.05386,270.90262,266.2013,275.2197,267.70352,273.05386,270.90262,266.2013,275.2197,267.70352,273.05386,270.90262,266.2013,275.2197,0.4294911,0.0,0.43793923,2.648706,4.57533,0.0,3.6165664,1.3341291,0.0,1.2022346,0.0,0.0,0.0,0.0,3.5503147,0.0,0.0,0.0,0.0,3.5415972448277024,1.4123276,0.950478,1.6133571,2.1464367,1.7355211,1.661697,2.818623,2.153765,0.011148291,1.9401278,0.46694097,1.5457245,1.1155547,0.08526154,2.1567752,0.3841365302609845,1.1573475549210201,0.5994757351170663,0.08526153517229768,2.303539401753219,0.9828365,0.950478,1.1754178,-0.50226927,-2.8398087,1.661697,-0.79794335,0.8196358,0.011148291,0.73789316,0.46694097,1.5457245,1.1155547,0.08526154,-1.3935397,0.3841365302609845,1.1573475549210201,0.5994757351170663,0.08526153517229768,-1.2380578430744835
2012-05-16 07:00:00,-0.72533935,-0.7658993,0.0,0.0,-1.161667,-2.0618415,-1.8847625,-2.3454015,-6.059288,-6.788509,-1.9369301,-2.3022087,-4.2107058,-5.2721825,-1.8123955,-1.6933298,-1.5028932,0.0,0.0,0.0,-1.8259811,-1.6855692,-1.4170978,0.0,-2.2660334,0.0,0.0,-4.4678607,0.0,-2.6785145,0.0,0.0,-5.6893497,0.0,-2.4929526,0.0,0.0,-4.8085155,0.51556873,1.5232878,0.43694943,1.0470023,0.7050731,1.9856102,1.0868579,2.2032597,1.159491,1.9617404,0.91296506,1.9682186,1.715905,3.1548805,0.9140487,2.3559356,2.0397701,0.0,0.0,0.0,0.7577653,2.0393317,1.7197994,0.0,0.88995636,0.5179454,0.0,1.1801616,0.38950568,1.8284912,1.2840413,0.0,2.4559624,0.0,1.6915483,1.4515598,0.0,2.596237,274.55228,274.55228,271.3373,271.3373,275.53732,275.53732,275.1966,275.1966,284.70474,284.70474,274.40472,274.40472,285.73666,285.73666,277.7182,277.7182,277.7182,262.887,262.887,262.887,277.16434,277.16434,277.16434,268.14383,274.7801,271.77386,266.776,276.62262,268.14383,274.7801,271.77386,266.776,276.62262,268.14383,274.7801,271.77386,266.776,276.62262,0.9216446,0.0,2.4407403,3.2350662,6.626995,3.175042,5.180213,1.8089583,0.0,1.8141747,0.0,3.586599,0.0,0.0,6.939159,0.0,3.4306973117746735,0.0,0.0,6.720359281750097,1.5242277,1.0497369,1.9865991,2.2054927,1.961332,1.9706118,3.153588,2.3547187,0.013713889,2.0388,0.5096751,1.8303764,1.286906,0.10207038,2.4576283,0.41817152291389736,1.3794261661181642,0.8499470331718626,0.10207037499383495,2.597163126444752,0.6025831,1.0497369,-0.45414114,-1.0295734,-4.665663,-1.2044301,-2.0266247,0.5457603,0.013713889,0.22462547,0.5096751,-1.7562226,1.286906,0.10207038,-4.4815307,0.41817152291389736,-2.0512711456565094,0.8499470331718626,0.10207037499383495,-4.123196155305346
2012-05-16 08:00:00,-1.0672028,-1.1174915,0.0,0.0,-1.7334193,-3.6953936,-2.3504279,-2.962685,-7.4700737,-8.218718,-4.024132,-5.097704,-5.3994045,-6.520017,-3.0298717,-2.9818463,-2.8331006,0.0,0.0,0.0,-3.708301,-3.4453807,-3.1571755,0.0,-4.3605895,0.0,0.0,-6.353462,0.0,-5.205932,0.0,0.0,-8.273731,0.0,-4.8901744,0.0,0.0,-6.996576,0.5544102,1.5881929,0.47965482,1.1379927,0.7726407,2.1245117,1.172261,2.2960103,1.3021634,2.1358461,1.1025339,2.214144,1.957608,3.4875984,1.0489745,2.5191088,2.205202,0.0,0.0,0.0,0.8806218,2.1732373,1.8504239,0.009800021,1.101736,0.6014072,0.021067431,1.3811526,0.55098945,2.0547233,1.3932272,0.0,2.7195253,0.21520056,2.0245533,1.5578763,0.0,2.853537,274.91248,274.91248,271.6665,271.6665,276.04956,276.04956,275.68375,275.68375,286.35046,286.35046,275.59286,275.59286,287.5754,287.5754,278.50824,278.50824,278.50824,263.86615,263.86615,263.86615,278.0313,278.0313,278.0313,268.94553,276.15173,272.3284,267.42938,277.85165,268.94553,276.15173,272.3284,267.42938,277.85165,268.94553,276.15173,272.3284,267.42938,277.85165,1.3306946,0.0,4.086945,4.015264,8.070528,6.6120605,6.438016,3.129287,0.0,3.6542635,0.0,6.6852813,0.0,0.0,9.766236,0.0,6.535865842340655,0.0,0.0,9.330671661155506,1.5891329,1.1407136,2.1255004,2.2982428,2.1354377,2.2165372,3.4863057,2.517892,0.018877394,2.172706,0.5926068,2.0566082,1.3959684,0.12118026,2.7211914,0.48526416735324196,1.5559378143869362,1.009368167255498,0.12118025501609031,2.8543928639858565,0.25843844,1.1407136,-1.9614446,-1.717021,-5.9350905,-4.395523,-2.9517102,-0.6113952,0.018877394,-1.4815578,0.5926068,-4.628673,1.3959684,0.12118026,-7.045045,0.48526416735324196,-4.979928027953719,1.009368167255498,0.12118025501609031,-6.47627879716965
2012-05-16 09:00:00,-1.419686,-1.6495949,0.0,0.0,-2.3455756,-5.4678593,-3.2436988,-4.126016,-8.352183,-9.077197,-5.2050757,-6.9504814,-6.118391,-7.2257466,-4.194086,-4.2179227,-4.151196,0.0,0.0,0.0,-5.4284024,-5.249393,-5.004717,0.0,-5.356037,0.0,0.0,-8.141017,0.0,-6.3997145,0.0,0.0,-10.674851,0.0,-6.0592923,0.0,0.0,-9.072752,0.5984973,1.6618637,0.52892417,1.2429689,0.83844507,2.2597885,1.3205059,2.4570088,1.3931264,2.24685,1.1966296,2.3362129,2.1004868,3.6842792,1.104033,2.585694,2.272709,0.0,0.0,0.0,1.0265065,2.3322425,2.005533,0.14376728,1.1941922,0.697307,0.07668574,1.5644215,0.7514949,2.1534886,1.5186846,0.0,2.9598494,0.49288726,2.1699324,1.680037,0.0,3.0881503,275.32132,275.32132,272.0463,272.0463,276.54843,276.54843,276.52936,276.52936,287.39972,287.39972,276.18262,276.18262,288.66235,288.66235,278.83063,278.83063,278.83063,264.7447,264.7447,264.7447,279.0608,279.0608,279.0608,269.94095,276.75055,272.96558,268.09268,278.97232,269.94095,276.75055,272.96558,268.09268,278.97232,269.94095,276.75055,272.96558,268.09268,278.97232,1.9011506,0.0,5.8456874,5.445923,8.945688,8.697932,7.1538095,4.380698,0.0,5.492822,0.0,8.07924,0.0,0.0,12.288066,0.0,7.991840801554507,0.0,0.0,11.64766061698239,1.6628036,1.2456737,2.2607772,2.4592412,2.2464416,2.338606,3.6829863,2.5844772,0.024587197,2.3317108,0.7567554,2.1553738,1.5212843,0.14058022,2.9615154,0.6297462987049302,1.6329972092681233,1.1925476212498967,0.14058021962532524,3.0889418278570457,-0.23834684,1.2456737,-3.5849102,-2.9866815,-6.699247,-6.3593264,-3.4708233,-1.796221,0.024587197,-3.1611116,0.7567554,-5.9238653,1.5212843,0.14058022,-9.3265505,0.6297462987049302,-6.358843592286384,1.1925476212498967,0.14058021962532524,-8.558718789125345
2012-05-16 10:00:00,-3.0391514,-4.8538733,0.0,0.0,-3.0103283,-7.4519043,-2.7523096,-3.5705314,-8.870219,-9.569733,-6.8314342,-9.569975,-6.6216207,-7.7181263,-8.254275,-8.433139,-8.582016,0.0,0.0,0.0,-3.7422607,-3.6391754,-3.2742915,0.0,-6.6482863,-0.571851,0.0,-9.434142,0.0,-7.9939084,-0.6912149,0.0,-12.386826,0.0,-7.5405197,-0.6222509,0.0,-10.567802,0.7455605,1.9076107,0.59048223,1.3741279,0.9138663,2.414835,1.3455977,2.4842587,1.4496295,2.3158019,1.3464668,2.5305943,2.2349293,3.8693466,1.3078864,2.8322253,2.5226526,0.0,0.0,0.0,1.0209669,2.3262045,1.9996432,0.20585106,1.3452643,0.78223383,0.14981225,1.6994753,0.84441406,2.3148704,1.6297872,0.06909476,3.1369474,0.6215743,2.4074798,1.7882199,0.0,3.2610402,276.68512,276.68512,272.5208,272.5208,277.1202,277.1202,276.6725,276.6725,288.05148,288.05148,277.12173,277.12173,289.68512,289.68512,280.02426,280.02426,280.02426,265.43024,265.43024,265.43024,279.0217,279.0217,279.0217,270.40225,277.729,273.52985,268.96478,279.79816,270.40225,277.729,273.52985,268.96478,279.79816,270.40225,277.729,273.52985,268.96478,279.79816,5.1484113,0.0,7.7927203,4.7462144,9.452035,11.572694,7.660251,8.613146,0.0,3.845333,0.0,9.879888,0.9843137,0.0,14.036895,0.0,9.758715892440636,1.139824655067829,0.0,13.246446965715798,1.9085506,1.3768127,2.4158237,2.4864914,2.3153937,2.5329876,3.868054,2.8310082,0.029042698,2.3256729,0.8491956,2.316755,1.6323459,0.16608714,3.1386137,0.7130725619285987,1.7589108938405742,1.3548518774979836,0.2170500470052987,3.261784524641487,-3.2398608,1.3768127,-5.3768964,-2.2597227,-7.136641,-9.039706,-3.7921975,-5.782138,0.029042698,-1.5196602,0.8491956,-7.5631323,0.6480322,0.16608714,-10.898281,0.7130725619285987,-7.9998049986000614,0.2150272224301546,0.2170500470052987,-9.98466244107431
2012-05-16 11:00:00,-3.80621,-6.608227,0.0,0.0,-5.9553356,-15.095551,-3.298042,-4.209531,-9.144769,-9.8364725,-7.3686996,-10.50795,-6.870137,-7.9624095,-8.360788,-8.756035,-8.881492,0.0,0.0,0.0,-7.4096704,-7.1621475,-7.1267915,0.0,-5.98693,-1.3691612,0.0,-10.0691185,0.0,-7.2074614,-1.6528096,0.0,-13.250921,0.0,-6.7581267,-1.4921758,0.0,-11.286304,0.88489026,2.1404347,0.6561932,1.5141354,1.1166937,2.8317955,1.3441802,2.4827192,1.4894308,2.3643725,1.4213196,2.6276999,2.3205676,3.9872324,1.376574,2.9152932,2.6068702,0.0,0.0,0.0,1.0911845,2.4027374,2.0743012,0.25102156,1.2831146,0.86284316,0.124123156,1.7881703,0.9120196,2.2484794,1.7352417,0.0,3.253255,0.7152035,2.309755,1.890903,0.0,3.3745837,277.9772,277.9772,273.02734,273.02734,278.65787,278.65787,276.6644,276.6644,288.5106,288.5106,277.59088,277.59088,290.3366,290.3366,280.42645,280.42645,280.42645,265.7186,265.7186,265.7186,279.5172,279.5172,279.5172,270.73788,277.32648,274.06543,268.65842,280.3405,270.73788,277.32648,274.06543,268.65842,280.3405,270.73788,277.32648,274.06543,268.65842,280.3405,6.9352813,0.0,15.092894,5.5434437,9.731166,12.581914,7.9152026,8.936515,0.0,7.4230304,0.0,8.999093,2.3205764,0.0,14.899101,0.0,8.82540769902499,2.6568231413767065,0.0,14.026135848632661,2.1413748,1.516799,2.8327844,2.4849517,2.3639638,2.6300933,3.9859397,2.914076,0.03091681,2.402206,0.91645265,2.2503645,1.7378001,0.15712665,3.254921,0.7736985372483859,1.7071112088704967,1.5089437636278598,0.157126644466641,3.375296974560304,-4.7939067,1.516799,-12.260109,-3.058492,-7.3672023,-9.951821,-3.9292629,-6.022439,0.03091681,-5.0208244,0.91645265,-6.7487283,-0.58277625,0.15712665,-11.64418,0.7736985372483859,-7.118296490154492,-1.1478793777488467,0.157126644466641,-10.650838874072356
2012-05-16 12:00:00,-3.5533273,-5.634915,-0.3853548,-0.47025764,-7.7347937,-18.788792,-6.3275013,-7.8227067,-9.017724,-9.7079315,-8.171732,-11.834088,-6.9266214,-8.035256,-10.584816,-11.1443405,-11.342007,0.0,0.0,0.0,-9.532944,-9.50367,-9.375076,0.0,-7.716307,-1.573984,0.0,-11.03211,0.0,-9.321504,-1.9027246,0.0,-14.518457,0.0,-8.749018,-1.7124894,0.0,-12.3910055,0.7371985,1.8936374,0.7228384,1.6561335,1.2102659,3.0241554,1.5666466,2.724324,1.4658792,2.3356316,1.5195929,2.7551887,2.3791323,4.0678496,1.5319151,3.1031554,2.797333,0.0,0.0,0.0,1.3612146,2.6970527,2.3614051,0.2745104,1.4842641,0.8852806,0.17277353,1.902827,0.94717485,2.4633558,1.7645943,0.1422391,3.403606,0.7638911,2.626045,1.9194846,0.0,3.5213623,276.60757,276.60757,273.54108,273.54108,279.36725,279.36725,277.93338,277.93338,288.23892,288.23892,278.20682,278.20682,290.78214,290.78214,281.33603,281.33603,281.33603,265.79865,265.79865,265.79865,281.42276,281.42276,281.42276,270.9124,278.62927,274.2145,269.23862,281.04163,270.9124,278.62927,274.2145,269.23862,281.04163,270.9124,278.62927,274.2145,269.23862,281.04163,5.901777,0.66527325,18.617573,9.767797,9.5946245,13.989162,7.9967084,11.327634,0.0,9.793606,0.0,11.316232,2.662993,0.0,16.14991,0.0,11.125096507969866,3.0279426233126405,0.0,15.158530727109307,1.8945775,1.658792,3.0251443,2.7265565,2.3352234,2.7575817,4.066557,3.1019382,0.031437054,2.6965213,0.95142657,2.465241,1.7671531,0.17409615,3.4052722,0.8052242649128581,1.8747631081405962,1.5518348669751214,0.29091885535845646,3.522035384668052,-4.0071993,0.99351877,-15.592427,-7.0412407,-7.2594013,-11.231581,-3.9301517,-8.225695,0.031437054,-7.0970845,0.95142657,-8.850991,-0.89583975,0.17409615,-12.744638,0.8052242649128581,-9.25033339982927,-1.4761077563375191,0.29091885535845646,-11.636495342441254
2012-05-16 13:00:00,-3.4637082,-5.650216,0.0,0.0,-7.045328,-17.198055,-3.302265,-4.266893,-8.867191,-9.5877285,-8.93424,-12.999544,-6.758651,-7.904184,-12.222994,-12.949828,-13.193396,0.0,0.0,0.0,-11.277674,-11.202665,-11.166415,0.0,-8.274559,-1.3007396,0.0,-11.348946,0.0,-10.013856,-1.5766007,0.0,-14.969579,0.0,-9.379605,-1.4106553,0.0,-12.737779,0.7688725,1.9465659,0.6556072,1.512887,1.2372726,3.0796747,1.4119384,2.5563066,1.4683158,2.3386052,1.5835731,2.8381891,2.3862526,4.0776515,1.6707027,3.2709992,2.9675,0.0,0.0,0.0,1.467923,2.8133585,2.474861,0.3060082,1.5594044,0.8588196,0.121451646,1.9699371,0.9943168,2.5436232,1.7299781,0.0,3.4916086,0.8291795,2.7441962,1.8857778,0.0,3.6072738,276.9013,276.9013,273.02283,273.02283,279.572,279.572,277.0509,277.0509,288.26703,288.26703,278.60782,278.60782,290.8363,290.8363,282.14868,282.14868,282.14868,265.80124,265.80124,265.80124,282.17578,282.17578,282.17578,271.14645,279.11594,274.0387,268.62656,281.452,271.14645,279.11594,274.0387,268.62656,281.452,271.14645,279.11594,274.0387,268.62656,281.452,5.9376864,0.0,17.24207,5.595257,9.4778385,15.210166,7.868226,13.133509,0.0,11.499793,0.0,12.042297,2.218827,0.0,16.578094,0.0,11.812438599832694,2.519755270153261,0.0,15.538000469547828,1.9475058,1.5155507,3.0806634,2.5585396,2.338197,2.8405824,4.076359,3.269782,0.03145391,2.8128266,0.99832547,2.5455086,1.7325364,0.1561948,3.493275,0.8474992789815478,1.9373900661555938,1.5012523395680435,0.15619480351646656,3.6079234059407463,-3.9901807,1.5155507,-14.1614065,-3.0367174,-7.139642,-12.369584,-3.7918675,-9.863726,0.03145391,-8.686967,0.99832547,-9.496789,-0.48629066,0.1561948,-13.084819,0.8474992789815478,-9.8750485336771,-1.0185029305852176,0.15619480351646656,-11.930077063607083
2012-05-16 14:00:00,-2.0964732,-3.4737115,0.0,0.0,-2.8296032,-7.270051,-5.6217566,-7.0407414,-8.670836,-9.463584,-9.091227,-13.299733,-6.4466977,-7.6510525,-7.6671467,-8.529394,-8.616046,0.0,0.0,0.0,-10.631834,-10.596562,-10.514158,0.0,-8.292932,-1.0980302,0.0,-10.502481,0.0,-10.057194,-1.3535804,0.0,-13.904005,0.0,-9.381809,-1.1672779,0.0,-11.747558,0.7967622,1.9931703,0.6707859,1.5452276,1.0923034,2.7816553,1.5565295,2.7133367,1.5076593,2.3866172,1.6221559,2.8882422,2.3927834,4.0866413,1.5492704,3.1241443,2.8186126,0.0,0.0,0.0,1.4394588,2.7823343,2.444597,0.33310723,1.5757877,0.849344,0.2013107,1.9015441,1.0348752,2.5611246,1.7175816,0.2331458,3.4019246,0.88535035,2.7699573,1.8737072,0.08561911,3.5197208,277.15994,277.15994,273.13983,273.13983,278.47296,278.47296,277.87567,277.87567,288.72086,288.72086,278.84964,278.84964,290.886,290.886,281.43765,281.43765,281.43765,266.7336,266.7336,266.7336,281.9749,281.9749,281.9749,271.3478,279.22205,273.97574,269.57895,281.03378,271.3478,279.22205,273.97574,269.57895,281.03378,271.3478,279.22205,273.97574,269.57895,281.03378,3.7633493,0.0,7.6934233,8.869502,9.373179,15.517573,7.618843,8.704437,0.0,10.892596,0.0,12.080645,1.9217049,0.0,15.524347,0.0,11.798517158688888,2.10734233864437,0.0,14.577523877420234,1.9941103,1.5478864,2.782644,2.7155693,2.3862085,2.8906353,4.0853486,3.1229274,0.037513584,2.7818024,1.0386748,2.56301,1.7201403,0.23545927,3.4035904,0.8838704542097672,1.9510449186681766,1.4831388603038875,0.3827259378007182,3.520393886827115,-1.7692391,1.5478864,-4.910779,-6.1539326,-6.9869714,-12.626938,-3.5334945,-5.58151,0.037513584,-8.110793,1.0386748,-9.517635,-0.20156458,0.23545927,-12.120757,0.8838704542097672,-9.84747224002071,-0.6242034783404824,0.3827259378007182,-11.057129990593118
2012-05-16 15:00:00,-1.9390341,-3.3440957,-0.046152055,-0.059287146,-7.2940297,-17.758253,-2.9017808,-3.802721,-7.9635916,-8.83024,-8.354017,-12.253851,-5.899245,-7.182364,-11.460924,-12.1871805,-12.408347,0.0,0.0,0.0,-9.587669,-9.602525,-9.446733,0.0,-6.6052203,-1.6680357,0.0,-9.965178,0.0,-8.063697,-2.052995,0.0,-13.288823,0.0,-7.385702,-1.7764916,0.0,-11.092381,0.8847422,2.1401875,0.6804774,1.565877,1.2353125,3.0756445,1.4360408,2.5824823,1.479142,2.3518167,1.5928925,2.8502789,2.396149,4.0912747,1.6305448,3.222434,2.918263,0.0,0.0,0.0,1.3944013,2.7332244,2.39669,0.21577805,1.4190663,0.9141575,0.21904406,1.9154735,0.8592716,2.3937087,1.8023715,0.2896364,3.4201899,0.6421509,2.523527,1.956269,0.14659224,3.5375519,277.97583,277.97583,273.21454,273.21454,279.55713,279.55713,277.1884,277.1884,288.3919,288.3919,278.66623,278.66623,290.9116,290.9116,281.91354,281.91354,281.91354,266.08636,266.08636,266.08636,281.65695,281.65695,281.65695,270.476,278.207,274.40637,269.79044,281.11896,270.476,278.207,274.40637,269.79044,281.11896,270.476,278.207,274.40637,269.79044,281.11896,3.629479,0.08640426,17.747404,5.0100117,8.739158,14.420338,7.1554885,12.371017,0.0,9.895111,0.0,9.93618,2.8812883,0.0,14.886512,0.0,9.515400696092943,3.135660712966603,0.0,13.980732887972842,2.1411273,1.5685353,3.0766335,2.5847151,2.351408,2.8526723,4.0899816,3.2212172,0.033307,2.7326925,0.8639765,2.3955936,1.8049303,0.2919499,3.4218557,0.7263961646152622,1.8204225288433282,1.6070357608838695,0.43977607063114094,3.53822042563667,-1.4883516,1.4821311,-14.670772,-2.4252965,-6.3877497,-11.567666,-3.0655067,-9.1498,0.033307,-7.162419,0.8639765,-7.5405865,-1.076358,0.2919499,-11.464656,0.7263961646152622,-7.694978167249615,-1.5286249520827337,0.43977607063114094,-10.442512462336172
2012-05-16 16:00:00,-5.4555926,-9.846949,-0.18831657,-0.24249767,-7.1193876,-17.286018,-2.9328275,-3.8371708,-6.5557423,-7.438437,-6.7745457,-9.929773,-4.960984,-6.2885985,-11.060078,-12.201305,-12.417694,0.0,0.0,0.0,-8.158519,-8.263649,-7.9845624,0.0,-6.1251874,-0.71432966,0.0,-8.042855,0.0,-7.5800095,-0.89865714,0.0,-10.827684,0.0,-6.7544723,-0.74211633,0.0,-8.84966,1.0799731,2.466424,0.7070698,1.6225361,1.2826197,3.1728961,1.4302092,2.576149,1.3468511,2.1903796,1.4966156,2.7253804,2.3142176,3.9784908,1.7786257,3.401516,3.099824,0.0,0.0,0.0,1.3758922,2.7130504,2.3770106,0.2866676,1.4412967,0.8165307,0.22989902,1.7725194,0.9653701,2.4174562,1.6746548,0.32421553,3.2327318,0.7890904,2.5584826,1.8319085,0.18391517,3.3545485,279.78632,279.78632,273.41953,273.41953,279.91577,279.91577,277.15512,277.15512,286.86594,286.86594,278.0628,278.0628,290.2883,290.2883,282.7806,282.7806,282.7806,266.1774,266.1774,266.1774,281.52634,281.52634,281.52634,271.00275,278.35098,273.75772,269.9199,280.2448,271.00275,278.35098,273.75772,269.9199,280.2448,271.00275,278.35098,273.75772,269.9199,280.2448,10.190745,0.3519874,17.393902,5.0550385,7.3245134,11.939085,6.2591567,12.384529,0.0,8.549174,0.0,9.375557,1.2943274,0.0,12.380496,0.0,8.715565701941287,1.3663842320193194,0.0,11.67885413233316,2.4673638,1.6251945,3.173885,2.5783818,2.1899712,2.7277737,3.9771981,3.4002993,0.033898648,2.7125187,0.9695281,2.419341,1.6772135,0.326529,3.2343976,0.8215411304290036,1.8389510287439212,1.4204133654599085,0.47469766709097555,3.3552668686101907,-7.7233815,1.2732072,-14.2200165,-2.4766567,-5.1345425,-9.211311,-2.2819586,-8.98423,0.033898648,-5.8366556,0.9695281,-6.9562163,0.3828862,0.326529,-9.146098,0.8215411304290036,-6.876614673197366,0.05402913344058913,0.47469766709097555,-8.32358726372297
2012-05-16 17:00:00,-4.562263,-8.165804,-0.18424247,-0.25168902,-3.5201979,-8.841609,-2.1219876,-2.8144557,-4.959586,-5.833274,-4.275169,-6.222012,-3.4449449,-4.6558394,-7.1612563,-8.005093,-8.072281,0.0,0.0,0.0,-4.339081,-4.5299273,-4.134543,0.0,-3.9558144,0.0,0.0,-5.515443,0.0,-5.0105643,0.0,0.0,-7.5414014,0.0,-4.2341948,0.0,0.0,-5.9314427,1.0208668,2.3676555,0.73246264,1.6766396,1.2229702,3.0502725,1.3682607,2.5088716,1.2971473,2.129725,1.3334712,2.5137355,2.1116107,3.6995916,1.5348284,3.1066785,2.8009052,0.0,0.0,0.0,1.4370327,2.77969,2.4420173,0.2554655,1.2839062,0.67848897,0.12607051,1.6137798,0.9186708,2.249325,1.4940667,0.0,3.0245736,0.7244149,2.3109999,1.656066,0.0,3.151337,279.2382,279.2382,273.61526,273.61526,279.46356,279.46356,276.80176,276.80176,286.2926,286.2926,277.04028,277.04028,288.74698,288.74698,281.3531,281.3531,281.3531,265.67523,265.67523,265.67523,281.9578,281.9578,281.9578,270.7709,277.3316,272.84055,268.68164,279.27414,270.7709,277.3316,272.84055,268.68164,279.27414,270.7709,277.3316,272.84055,268.68164,279.27414,8.526685,0.3734853,9.281899,3.777118,5.738053,7.812871,4.6200495,8.177098,0.0,4.7419825,0.0,6.4245477,0.0,0.0,8.893927,0.0,5.618926866519345,0.0,0.0,8.44171373396563,2.3685954,1.679298,3.0512612,2.511104,2.1293163,2.5161285,3.6982992,3.1054618,0.03063497,2.779158,0.9230695,2.25121,1.4966942,0.15780589,3.0262396,0.7796630130890853,1.707770977412951,1.1566030729949492,0.1578058886841532,3.1521107525530336,-6.158089,1.3058127,-6.2306385,-1.2660139,-3.6087365,-5.2967424,-0.9217506,-5.071636,0.03063497,-1.9628241,0.9230695,-4.1733375,1.4966942,0.15780589,-5.867687,0.7796630130890853,-3.9111558891063942,1.1566030729949492,0.1578058886841532,-5.289602981412596
2012-05-16 18:00:00,-1.6472147,-2.7064872,-0.019771332,-0.028113184,-1.9215382,-4.93087,-0.7829106,-1.0675461,-2.323758,-2.8883414,-1.1798316,-1.6436417,-1.4077029,-2.0925324,-3.2617357,-3.7685187,-3.7154047,0.0,0.0,0.0,-3.172793,-3.2128012,-2.8538215,0.0,-1.079276,0.0,0.0,-1.9143176,0.0,-1.4263561,0.0,0.0,-2.684557,0.0,-1.0913181,0.0,0.0,-1.9567974,0.7850174,1.9735444,0.68462247,1.5747086,1.0182146,2.6293478,1.2479967,2.378261,1.186199,1.9943323,1.095357,2.204833,1.8674688,3.3635168,1.43649,2.987753,2.6803331,0.0,0.0,0.0,1.1858189,2.505883,2.1749191,0.2386344,1.015848,0.55498445,0.13442542,1.3653622,0.89348006,1.9629742,1.3324963,0.02007915,2.698819,0.6895274,1.8895022,1.4987415,0.0,2.8333228,277.05103,277.05103,273.2465,273.2465,277.9113,277.9113,276.11575,276.11575,285.01282,285.01282,275.54788,275.54788,286.88968,286.88968,280.77728,280.77728,280.77728,264.89996,264.89996,264.89996,280.18503,280.18503,280.18503,270.64584,275.59546,272.01996,268.78128,277.7551,270.64584,275.59546,272.01996,268.78128,277.7551,270.64584,275.59546,272.01996,268.78128,277.7551,2.9621758,0.04294116,5.325645,1.4908589,2.8328335,2.280597,2.0692008,3.8874698,0.0,3.391404,0.0,1.9697152,0.0,0.0,3.3709588,0.0,1.5117835996026445,0.0,0.0,3.2401304307194936,1.9744842,1.5773671,2.6303368,2.3804939,1.9939241,2.2072265,3.362224,2.9865358,0.025596349,2.5053513,0.89800864,1.9648591,1.3353062,0.16072012,2.700485,0.7570729742765294,1.484352927530638,0.9206955899519206,0.16754897215546716,2.834183917804045,-0.98769164,1.5344259,-2.6953084,0.88963497,-0.83890945,-0.073370524,1.2930233,-0.9009339,0.025596349,-0.88605255,0.89800864,-0.004856043,1.3353062,0.16072012,-0.67047393,0.7570729742765294,-0.027430672072006557,0.9206955899519206,0.16754897215546716,-0.4059465129154485
2012-05-16 19:00:00,0.0,0.0,0.0,0.0,0.0,0.0,0.0,0.0,0.0,0.0,0.0,0.0,0.0,0.0,0.0,0.0,0.0,0.0,0.0,0.0,0.0,0.0,0.0,0.0,0.0,0.0,0.0,0.0,0.0,0.0,0.0,0.0,0.0,0.0,0.0,0.0,0.0,0.0,0.7415555,1.9009182,0.5937008,1.3809857,0.71269333,2.0012755,0.9270729,2.029729,1.0609853,1.8415319,0.81513965,1.8413112,1.7319751,3.1770022,0.9665325,2.4194074,2.1041205,0.0,0.0,0.0,0.9695087,2.2701187,1.9449315,0.15599018,0.7608134,0.30921093,0.13343254,1.0642524,0.76978856,1.6905354,1.010972,0.01691635,2.3039684,0.5182228,1.4884828,1.1856663,0.0,2.4478548,276.64798,276.64798,272.54562,272.54562,275.5951,275.5951,274.28516,274.28516,283.56848,283.56848,273.7916,273.7916,285.85892,285.85892,278.0255,278.0255,278.0255,263.59955,263.59955,263.59955,278.65857,278.65857,278.65857,270.03177,273.94366,270.387,268.76944,275.91385,270.03177,273.94366,270.387,268.76944,275.91385,270.03177,273.94366,270.387,268.76944,275.91385,0.0,0.0,0.0,0.0,0.0,0.0,0.0,0.0,0.0,0.0,0.0,0.0,0.0,0.0,0.0,0.0,0.0,0.0,0.0,0.0,1.9018583,1.3836695,2.0022643,2.0319617,1.8411236,1.8437045,3.1757097,2.4181902,0.0171447,2.269587,0.7749548,1.6924206,1.0141448,0.1603738,2.3056343,0.646151363494136,1.2717896410491811,0.45124066376837324,0.1643548233043556,2.4488215414028596,1.9018583,1.3836695,2.0022643,2.0319617,1.8411236,1.8437045,3.1757097,2.4181902,0.0171447,2.269587,0.7749548,1.6924206,1.0141448,0.1603738,2.3056343,0.646151363494136,1.2717896410491811,0.45124066376837324,0.1643548233043556,2.4488215414028596
2012-05-16 20:00:00,0.0,0.0,0.0,0.0,0.0,0.0,0.0,0.0,0.0,0.0,0.0,0.0,0.0,0.0,0.0,0.0,0.0,0.0,0.0,0.0,0.0,0.0,0.0,0.0,0.0,0.0,0.0,0.0,0.0,0.0,0.0,0.0,0.0,0.0,0.0,0.0,0.0,0.0,0.56371,1.6037333,0.6476537,1.4959406,0.5600997,1.6875827,0.8869741,1.9861807,0.96000856,1.718308,0.7253191,1.7247883,1.5826457,2.9714422,1.0288723,2.4947977,2.1805546,0.0,0.0,0.0,0.83350575,2.1218839,1.8003287,0.12635705,0.6833079,0.0,0.11612907,0.8871768,0.72543734,1.6077409,0.47195363,0.0,2.071766,0.45679945,1.3666122,0.66081244,0.0,2.2211702,274.99872,274.99872,272.96152,272.96152,274.43826,274.43826,274.05643,274.05643,282.40372,282.40372,273.22864,273.22864,284.7229,284.7229,278.39053,278.39053,278.39053,261.18924,261.18924,261.18924,277.69882,277.69882,277.69882,269.81158,273.44168,267.6494,268.56308,274.83105,269.81158,273.44168,267.6494,268.56308,274.83105,269.81158,273.44168,267.6494,268.56308,274.83105,0.0,0.0,0.0,0.0,0.0,0.0,0.0,0.0,0.0,0.0,0.0,0.0,0.0,0.0,0.0,0.0,0.0,0.0,0.0,0.0,1.6046733,1.498607,1.6885715,1.9884133,1.7178997,1.7271816,2.9701495,2.493581,0.006597348,2.1213522,0.7308323,1.6096259,0.58861077,0.15433826,2.073432,0.6063790037985308,1.20719123179423,0.07625881485394952,0.1543382621597972,2.2221990320865452,1.6046733,1.498607,1.6885715,1.9884133,1.7178997,1.7271816,2.9701495,2.493581,0.006597348,2.1213522,0.7308323,1.6096259,0.58861077,0.15433826,2.073432,0.6063790037985308,1.20719123179423,0.07625881485394952,0.1543382621597972,2.2221990320865452
2012-05-16 21:00:00,0.0,0.0,0.0,0.0,0.0,0.0,0.0,0.0,0.0,0.0,0.0,0.0,0.0,0.0,0.0,0.0,0.0,0.0,0.0,0.0,0.0,0.0,0.0,0.0,0.0,0.0,0.0,0.0,0.0,0.0,0.0,0.0,0.0,0.0,0.0,0.0,0.0,0.0,0.6054672,1.6735108,0.59494394,1.3836343,0.6602454,1.8934562,0.8209811,1.9145104,0.91333383,1.6613498,0.6999851,1.6919229,1.4685737,2.8144157,0.96842444,2.4216952,2.10644,0.0,0.0,0.0,0.84833455,2.1380465,1.8160954,0.0915571,0.6401095,0.04407741,0.0011538565,0.6233927,0.67335314,1.5615945,0.66412073,0.0,1.7258613,0.38466623,1.2986866,0.8479297,0.0,1.8834851,275.38596,275.38596,272.5552,272.5552,275.19748,275.19748,273.68,273.68,281.86533,281.86533,273.06985,273.06985,283.8551,283.8551,278.0366,278.0366,278.0366,260.52213,260.52213,260.52213,277.80347,277.80347,277.80347,269.553,273.1619,268.6254,267.1919,273.21805,269.553,273.1619,268.6254,267.1919,273.21805,269.553,273.1619,268.6254,267.1919,273.21805,0.0,0.0,0.0,0.0,0.0,0.0,0.0,0.0,0.0,0.0,0.0,0.0,0.0,0.0,0.0,0.0,0.0,0.0,0.0,0.0,1.6744506,1.3863177,1.8944451,1.9167429,1.6609416,1.6943161,2.813123,2.4204783,0.0038009793,2.1375148,0.6790166,1.5634797,0.7157471,0.11423429,1.7275271,0.5596719762585638,1.171186719906006,0.08552277500494154,0.11423429115185907,1.884606159001971,1.6744506,1.3863177,1.8944451,1.9167429,1.6609416,1.6943161,2.813123,2.4204783,0.0038009793,2.1375148,0.6790166,1.5634797,0.7157471,0.11423429,1.7275271,0.5596719762585638,1.171186719906006,0.08552277500494154,0.11423429115185907,1.884606159001971
2012-05-16 22:00:00,0.0,0.0,0.0,0.0,0.0,0.0,0.0,0.0,0.0,0.0,0.0,0.0,0.0,0.0,0.0,0.0,0.0,0.0,0.0,0.0,0.0,0.0,0.0,0.0,0.0,0.0,0.0,0.0,0.0,0.0,0.0,0.0,0.0,0.0,0.0,0.0,0.0,0.0,0.6513345,1.7501564,0.5604059,1.3100457,0.5127843,1.5903144,0.8272085,1.9212735,0.89866626,1.6434507,0.64710665,1.6233244,1.3422263,2.6404917,0.7164601,2.1169808,1.7975078,0.0,0.0,0.0,0.85544425,2.1457956,1.8236547,0.0,0.60766363,0.06850825,0.0,0.92842513,0.48058695,1.5269344,0.6960814,0.0,2.1258557,0.11769778,1.2476681,0.8790505,0.0,2.2739744,275.8113,275.8113,272.28897,272.28897,274.07956,274.07956,273.7155,273.7155,281.69614,281.69614,272.73843,272.73843,282.89392,282.89392,276.56125,276.56125,276.56125,261.4891,261.4891,261.4891,277.85364,277.85364,277.85364,268.596,272.95175,268.78772,266.71823,275.08328,268.596,272.95175,268.78772,266.71823,275.08328,268.596,272.95175,268.78772,266.71823,275.08328,0.0,0.0,0.0,0.0,0.0,0.0,0.0,0.0,0.0,0.0,0.0,0.0,0.0,0.0,0.0,0.0,0.0,0.0,0.0,0.0,1.7510964,1.3127402,1.5913033,1.9235061,1.6430426,1.6257175,2.639199,2.115764,0.007854307,2.145264,0.5535614,1.5289497,0.7370451,0.10038074,2.1275215,0.4531241487898477,1.1442741875271163,0.08721652501610189,0.10038074384567382,2.27498883619295,1.7510964,1.3127402,1.5913033,1.9235061,1.6430426,1.6257175,2.639199,2.115764,0.007854307,2.145264,0.5535614,1.5289497,0.7370451,0.10038074,2.1275215,0.4531241487898477,1.1442741875271163,0.08721652501610189,0.10038074384567382,2.27498883619295
2012-05-16 23:00:00,0.0,0.0,0.0,0.0,0.0,0.0,0.0,0.0,0.0,0.0,0.0,0.0,0.0,0.0,0.0,0.0,0.0,0.0,0.0,0.0,0.0,0.0,0.0,0.0,0.0,0.0,0.0,0.0,0.0,0.0,0.0,0.0,0.0,0.0,0.0,0.0,0.0,0.0,0.5723517,1.6181738,0.5783677,1.3483162,0.40480506,1.3683372,0.7853764,1.8758426,0.90319824,1.6489813,0.6436349,1.6188205,0.976318,2.136799,0.5935426,1.9683298,1.6467991,0.0,0.0,0.0,0.86477655,2.1559672,1.8335772,0.0,0.5817577,0.13427262,0.038598657,0.95217586,0.4918115,1.4992609,0.7821153,0.0,2.1570005,0.133243,1.2069337,0.9628235,0.0,2.3043792,275.07886,275.07886,272.42743,272.42743,273.26096,273.26096,273.4769,273.4769,281.7484,281.7484,272.71667,272.71667,280.1103,280.1103,275.84152,275.84152,275.84152,262.29367,262.29367,262.29367,277.9195,277.9195,277.9195,268.65173,272.78397,269.22467,267.63846,275.22852,268.65173,272.78397,269.22467,267.63846,275.22852,268.65173,272.78397,269.22467,267.63846,275.22852,0.0,0.0,0.0,0.0,0.0,0.0,0.0,0.0,0.0,0.0,0.0,0.0,0.0,0.0,0.0,0.0,0.0,0.0,0.0,0.0,1.6191138,1.351005,1.369326,1.8780752,1.648573,1.6212138,2.1355062,1.9671128,0.011226835,2.1554356,0.5589698,1.501386,0.79453903,0.12729524,2.1586664,0.4574315993432313,1.1227926053598467,0.1260815757215806,0.12729523810962004,2.305385288430382,1.6191138,1.351005,1.369326,1.8780752,1.648573,1.6212138,2.1355062,1.9671128,0.011226835,2.1554356,0.5589698,1.501386,0.79453903,0.12729524,2.1586664,0.4574315993432313,1.1227926053598467,0.1260815757215806,0.12729523810962004,2.305385288430382
2012-06-10 00:00:00,0.0,0.0,0.0,0.0,0.0,0.0,0.0,0.0,0.0,0.0,0.0,0.0,0.0,0.0,0.0,0.0,0.0,0.0,0.0,0.0,0.0,0.0,0.0,0.0,0.0,0.0,0.0,0.0,0.0,0.0,0.0,0.0,0.0,0.0,0.0,0.0,0.0,0.0,1.479014,3.1332326,1.5953829,3.5152268,1.6904082,4.0112033,2.3861804,3.6143606,1.4929256,2.368637,2.4837012,4.005913,2.3541682,4.033486,2.1131623,3.8060899,3.5099976,0.20062649,0.5600769,0.56476283,1.7758448,3.1489735,2.8022523,1.2682863,2.3346672,2.0123277,0.9406748,2.6771657,2.434534,3.3717918,3.2390134,2.5884295,4.419011,2.8237853,3.963228,3.355158,2.6277943,4.512638,283.48685,283.48685,280.26706,280.26706,283.00726,283.00726,282.60812,282.60812,288.5509,288.5509,284.24945,284.24945,290.59222,290.59222,284.73944,284.73944,284.73944,274.015,274.015,274.015,284.34872,284.34872,284.34872,278.2965,284.13712,281.70282,278.39655,285.7766,278.2965,284.13712,281.70282,278.39655,285.7766,278.2965,284.13712,281.70282,278.39655,285.7766,0.0,0.0,0.0,0.0,0.0,0.0,0.0,0.0,0.0,0.0,0.0,0.0,0.0,0.0,0.0,0.0,0.0,0.0,0.0,0.0,3.1341727,3.5178852,4.0121922,3.6165934,2.368229,4.008306,4.0321927,3.804873,0.5609012,3.1484418,2.4364624,3.3736763,3.241572,2.590743,4.420677,2.144373138740122,2.5835469552281287,3.706285279675441,2.7613377890789566,4.5130402057126116,3.1341727,3.5178852,4.0121922,3.6165934,2.368229,4.008306,4.0321927,3.804873,0.5609012,3.1484418,2.4364624,3.3736763,3.241572,2.590743,4.420677,2.144373138740122,2.5835469552281287,3.706285279675441,2.7613377890789566,4.5130402057126116
2012-06-10 01:00:00,0.0,0.0,0.0,0.0,0.0,0.0,0.0,0.0,0.0,0.0,0.0,0.0,0.0,0.0,0.0,0.0,0.0,0.0,0.0,0.0,0.0,0.0,0.0,0.0,0.0,0.0,0.0,0.0,0.0,0.0,0.0,0.0,0.0,0.0,0.0,0.0,0.0,0.0,1.4134412,3.0236588,1.5223678,3.3596563,1.5218536,3.6646988,2.2747276,3.4933197,1.4398724,2.3038952,2.479947,4.001043,2.4199939,4.1240973,2.0187383,3.6918976,3.3942246,0.194383,0.53817433,0.548863,1.7728825,3.1457446,2.7991033,1.25631,2.3121724,1.948157,0.94228685,2.547138,2.416609,3.3477619,3.155064,2.5935652,4.2485027,2.7989607,3.9278572,3.273415,2.633337,4.346182,282.87875,282.87875,279.70422,279.70422,281.72943,281.72943,281.97238,281.97238,287.93893,287.93893,284.22592,284.22592,291.093,291.093,284.18655,284.18655,284.18655,273.81552,273.81552,273.81552,284.32782,284.32782,284.32782,278.20752,283.99142,281.27646,278.41577,284.9815,278.20752,283.99142,281.27646,278.41577,284.9815,278.20752,283.99142,281.27646,278.41577,284.9815,0.0,0.0,0.0,0.0,0.0,0.0,0.0,0.0,0.0,0.0,0.0,0.0,0.0,0.0,0.0,0.0,0.0,0.0,0.0,0.0,3.0245988,3.3623147,3.6656878,3.4955528,2.3034868,4.003436,4.122805,3.6906805,0.5389987,3.145213,2.4185374,3.3496468,3.157623,2.5958786,4.250169,2.1282064111944594,2.5647985324800504,3.583617602118717,2.7665241647908134,4.346629370118145,3.0245988,3.3623147,3.6656878,3.4955528,2.3034868,4.003436,4.122805,3.6906805,0.5389987,3.145213,2.4185374,3.3496468,3.157623,2.5958786,4.250169,2.1282064111944594,2.5647985324800504,3.583617602118717,2.7665241647908134,4.346629370118145
2012-06-10 02:00:00,0.0,0.0,0.0,0.0,0.0,0.0,0.0,0.0,0.0,0.0,0.0,0.0,0.0,0.0,0.0,0.0,0.0,0.0,0.0,0.0,0.0,0.0,0.0,0.0,0.0,0.0,0.0,0.0,0.0,0.0,0.0,0.0,0.0,0.0,0.0,0.0,0.0,0.0,1.3278965,2.880711,1.4005425,3.1000881,1.4882247,3.5955667,2.1910422,3.4024355,1.3661855,2.2139738,2.48133,4.0028367,2.3238573,3.9917605,1.9406013,3.597402,3.2984214,0.18276136,0.49740487,0.5192669,1.6712726,3.0349963,2.6910682,1.1143091,2.306603,1.8526064,0.9117409,2.5035987,2.20408,3.3418121,3.0300634,2.4962592,4.1914096,2.5046217,3.9190996,3.151699,2.5283103,4.2904453,282.08545,282.08545,278.76514,278.76514,281.4745,281.4745,281.49503,281.49503,287.08896,287.08896,284.2346,284.2346,290.36163,290.36163,283.72903,283.72903,283.72903,273.44418,273.44418,273.44418,283.61078,283.61078,283.61078,277.1524,283.95535,280.6416,278.05148,284.71527,277.1524,283.95535,280.6416,278.05148,284.71527,277.1524,283.95535,280.6416,278.05148,284.71527,0.0,0.0,0.0,0.0,0.0,0.0,0.0,0.0,0.0,0.0,0.0,0.0,0.0,0.0,0.0,0.0,0.0,0.0,0.0,0.0,2.881651,3.1027467,3.5965557,3.4046676,2.2135653,4.00523,3.9904678,3.5961854,0.49822924,3.0344646,2.2060084,3.3436973,3.032622,2.498573,4.1930757,1.9365231333605268,2.5601565895206395,3.4009638410269902,2.6682546935647307,4.290907863642129,2.881651,3.1027467,3.5965557,3.4046676,2.2135653,4.00523,3.9904678,3.5961854,0.49822924,3.0344646,2.2060084,3.3436973,3.032622,2.498573,4.1930757,1.9365231333605268,2.5601565895206395,3.4009638410269902,2.6682546935647307,4.290907863642129
2012-06-10 03:00:00,0.0,0.0,0.0,0.0,0.0,0.0,0.0,0.0,0.0,0.0,0.0,0.0,0.0,0.0,0.0,0.0,0.0,0.0,0.0,0.0,0.0,0.0,0.0,0.0,0.0,0.0,0.0,0.0,0.0,0.0,0.0,0.0,0.0,0.0,0.0,0.0,0.0,0.0,1.3061936,2.8444448,1.3989074,3.0966043,1.5138066,3.6481562,1.8072388,2.9856136,1.4013966,2.2569423,2.475565,3.9953578,2.252191,3.8931084,1.9206084,3.573224,3.2739081,0.16015606,0.41810408,0.4616995,1.6310542,2.9911609,2.6483068,0.9525856,2.2925289,1.9482124,0.86044717,2.5401063,1.962033,3.3267775,3.1551363,2.3328605,4.239282,2.1694024,3.8969693,3.2734852,2.3519459,4.33718,281.8842,281.8842,278.75253,278.75253,281.66843,281.66843,279.30576,279.30576,287.49512,287.49512,284.19846,284.19846,289.81644,289.81644,283.61197,283.61197,283.61197,272.7219,272.7219,272.7219,283.32697,283.32697,283.32697,275.95074,283.8642,281.27682,277.43976,284.9385,275.95074,283.8642,281.27682,277.43976,284.9385,275.95074,283.8642,281.27682,277.43976,284.9385,0.0,0.0,0.0,0.0,0.0,0.0,0.0,0.0,0.0,0.0,0.0,0.0,0.0,0.0,0.0,0.0,0.0,0.0,0.0,0.0,2.8453848,3.099263,3.6491454,2.9878469,2.256534,3.997751,3.8918154,3.572007,0.41943353,2.9906292,1.963961,3.3286626,3.157695,2.335174,4.2409477,1.7182168700415898,2.548426061923549,3.583722964092139,2.503237390161293,4.337629874173086,2.8453848,3.099263,3.6491454,2.9878469,2.256534,3.997751,3.8918154,3.572007,0.41943353,2.9906292,1.963961,3.3286626,3.157695,2.335174,4.2409477,1.7182168700415898,2.548426061923549,3.583722964092139,2.503237390161293,4.337629874173086
2012-06-10 04:00:00,-0.2101312,-0.3852281,-0.29001892,-0.6386117,-0.4467047,-1.0740653,-3.4723194,-4.896935,-0.6228444,-0.8132936,-0.94099534,-1.5602226,-0.36496305,-0.5922329,-0.7050755,-0.8850943,-0.8871628,0.0,0.0,0.0,-0.57493573,-0.6119806,-0.5356645,-0.11166787,-0.9920421,-0.55619586,-0.067792736,-2.6066346,-0.17479172,-1.4230876,-0.9634289,-0.17094524,-4.0605664,-0.12165564,-0.9997258,-0.5827977,-0.0893271,-2.8466659,1.3128772,2.8556132,1.449024,3.2033856,1.5167695,3.6542468,2.291329,3.5113494,1.3959994,2.2503562,2.4255154,3.930429,2.1908507,3.8086698,1.8974415,3.5452068,3.2455034,0.16105863,0.42127037,0.46399796,1.6310542,2.9911609,2.6483068,0.9108035,2.25023,1.9053215,0.80988026,2.5538752,1.8994987,3.2815924,3.0990264,2.1717768,4.257338,2.0827963,3.8304586,3.2188497,2.17808,4.3548074,281.94617,281.94617,279.13885,279.13885,281.6909,281.6909,282.06708,282.06708,287.43286,287.43286,283.88477,283.88477,289.3498,289.3498,283.47632,283.47632,283.47632,272.75073,272.75073,272.75073,283.32697,283.32697,283.32697,275.6403,283.59024,280.99185,276.8367,285.0227,275.6403,283.59024,280.99185,276.8367,285.0227,275.6403,283.59024,280.99185,276.8367,285.0227,0.42058104,0.7643951,1.1703668,5.9301567,0.80460465,1.8428591,0.59367895,0.9082169,0.0,0.6450391,0.24698307,1.7024244,1.192624,0.20500618,4.571874,0.15424404296898936,1.226622504319655,0.8688491386287346,0.14635190323667424,4.156469208630723,2.8565533,3.2060442,3.655236,3.5135822,2.2499478,3.9328225,3.807377,3.54399,0.4225658,2.9906292,1.9014268,3.2834775,3.1015851,2.1740901,4.259004,1.6618162804249823,2.513171644032997,3.501733788440813,2.34055807199939,4.355252024146415,2.4359722,2.4416492,2.4848692,-2.4165745,1.4453431,2.0899632,3.2136981,2.635773,0.4225658,2.34559,1.6544437,1.5810533,1.9089612,1.969084,-0.31287003,1.507572237455993,1.286549139713342,2.632884649812078,2.194206168762716,0.19878281551569188
2012-06-10 05:00:00,-1.3158298,-2.4170146,-0.8370464,-1.8256245,-3.6382215,-8.537812,-8.838489,-11.882957,-4.319615,-5.2475233,-5.1596684,-8.348193,-2.271228,-3.4888575,-5.8154335,-7.025475,-7.126159,-0.010581411,-0.011339738,-0.010011479,-1.9954551,-2.1211848,-1.8890741,-0.5032312,-7.261162,-1.3994548,-0.49379873,-7.8229313,-0.68208724,-9.837366,-2.3689213,-1.1555034,-11.844992,-0.5576631,-7.656551,-1.473708,-0.66020405,-8.701255,1.332599,2.8885689,1.4011719,3.1014295,1.621351,3.8692403,2.4765377,3.712491,1.4345361,2.297383,2.5039277,4.032152,2.229173,3.8614228,1.9565394,3.6166768,3.317963,0.18053502,0.48959476,0.51359725,1.6450095,3.0063715,2.6631446,0.754863,2.4827468,1.6490576,0.75929785,2.6377044,1.6661063,3.5299766,2.7637777,2.0106437,4.3672643,1.7595637,4.1960707,2.892411,2.0041614,4.4621215,282.12906,282.12906,278.77,278.77,282.48373,282.48373,283.12354,283.12354,287.87738,287.87738,284.37622,284.37622,289.64133,289.64133,283.82236,283.82236,283.82236,273.37305,273.37305,273.37305,283.42545,283.42545,283.42545,274.4816,285.0962,279.28918,276.23346,285.5353,274.4816,285.0962,279.28918,276.23346,285.5353,274.4816,285.0962,279.28918,276.23346,285.5353,2.611478,2.178569,8.9785185,13.687479,5.1776433,9.557513,3.495537,7.145753,0.014915445,2.2255254,1.0010607,11.095605,2.9891398,1.3719299,12.935283,0.6575606815901841,9.012738126830662,2.284900966200374,1.0098544782561665,11.691148855826064,2.8895092,3.1040878,3.870229,3.7147238,2.296975,4.0345454,3.8601298,3.6154602,0.49041912,3.0058396,1.6680346,3.5318615,2.7663367,2.0129573,4.3689303,1.451316173616434,2.7069668717978503,3.011862073179036,2.177829359783089,4.462537001711481,0.27803093,0.9255189,-5.1082897,-9.972755,-2.8806684,-5.522968,0.36459258,-3.5302927,0.47550365,0.78031415,0.6669738,-7.5637436,-0.22280298,0.64102757,-8.566352,0.7937554920262498,-6.305771255032812,0.7269611069786621,1.1679748815269226,-7.228611854114583
2012-06-10 06:00:00,-2.735397,-5.0334234,-2.0123792,-4.322417,-8.561762,-19.134485,-9.619109,-12.858711,-6.8777103,-7.995219,-15.45435,-23.705803,-3.4982076,-5.200271,-11.3760605,-13.114227,-13.383172,-0.08736721,-0.091731735,-0.08771715,-4.2457404,-4.4872665,-4.100723,-1.2246457,-13.975898,-9.298891,-0.46990657,-15.955642,-1.7700737,-17.88784,-14.650564,-1.1205466,-23.169472,-1.4205167,-15.531677,-10.864775,-0.63108563,-18.24245,1.3314472,2.8866444,1.3541079,3.0011516,1.7334282,4.099642,2.517536,3.757016,1.5969847,2.4956224,2.5410984,4.0803733,2.311221,3.974366,2.0970418,3.7865944,3.4902322,0.21512584,0.6109416,0.6016874,1.644201,3.00549,2.6622846,0.8949951,2.5243666,1.9217789,0.76928794,2.7756526,1.8758386,3.574437,3.1205559,2.0424678,4.5481586,2.0500288,4.261514,3.2398136,2.0385103,4.6387167,282.11838,282.11838,278.4072,278.4072,283.3334,283.3334,283.3574,283.3574,289.75122,289.75122,284.6092,284.6092,290.2655,290.2655,284.64505,284.64505,284.64505,274.4783,274.4783,274.4783,283.41974,283.41974,283.41974,275.52283,285.36575,281.1012,276.3526,286.37885,275.52283,285.36575,281.1012,276.3526,286.37885,275.52283,285.36575,281.1012,276.3526,286.37885,5.370402,5.0894547,19.376043,14.70054,7.931304,25.668802,5.2133675,13.251802,0.116430104,4.6772523,2.4163444,19.47162,16.652357,1.3268454,24.292707,1.7183482732264366,17.808732852441683,15.407445149277688,0.9666057836164295,21.778514530641793,2.8875844,3.0038102,4.1006308,3.7592485,2.495214,4.0827665,3.9730732,3.7853775,0.6117659,3.0049582,1.8777667,3.5763216,3.1231146,2.0447812,4.5498247,1.640476865362137,2.7416557737948706,3.5331931176717726,2.2099684245118008,4.639084246152512,-2.4828176,-2.0856442,-15.275413,-10.941292,-5.43609,-21.586035,-1.2402941,-9.466425,0.49533582,-1.672294,-0.5385778,-15.895299,-13.5292425,0.71793586,-19.742884,-0.07787140786429947,-15.067077078646811,-11.874252031605916,1.2433626408953713,-17.13943028448928
2012-06-10 07:00:00,-4.851295,-8.95553,-3.9789395,-8.586154,-9.8077135,-21.5966,-7.8782425,-10.710985,-8.593299,-9.6944065,-17.984406,-27.312199,-8.094082,-10.69558,-16.36308,-18.11179,-18.502657,-0.117640704,-0.122201525,-0.12207712,-8.74338,-9.1003,-8.712477,-2.205688,-16.482126,-12.138967,-0.82328403,-18.459257,-3.385542,-20.745413,-18.97055,-2.0405967,-26.455143,-2.7064645,-18.624424,-14.470099,-1.1695939,-21.268782,1.3666427,2.945457,1.4341899,3.1717787,1.8503604,4.3400235,2.5565853,3.7994251,1.7427815,2.6735413,2.6249394,4.1891394,2.4735436,4.1978126,2.275096,4.0019255,3.7085438,0.222121,0.635481,0.6195015,1.7308216,3.0999014,2.7543828,0.98155755,2.6355712,2.1713507,0.79784304,2.8062358,2.0053945,3.6932302,3.4470494,2.1334314,4.588263,2.229455,4.436373,3.5577273,2.1366923,4.6778684,282.44476,282.44476,279.0245,279.0245,284.21988,284.21988,283.58014,283.58014,291.43298,291.43298,285.13467,285.13467,291.50037,291.50037,285.68762,285.68762,285.68762,274.7018,274.7018,274.7018,284.031,284.031,284.031,276.16602,286.086,282.7594,276.69315,286.56586,276.16602,286.086,282.7594,276.69315,286.56586,276.16602,286.086,282.7594,276.69315,286.56586,9.38231,9.781607,21.744555,12.333767,9.669051,29.095366,10.72776,18.230787,0.15319939,9.37401,4.3403482,22.156353,20.789793,2.3365886,27.445766,3.3611789911953203,20.965499476061762,19.520421836132904,1.63998339071978,24.555216926380073,2.9463968,3.1744375,4.3410125,3.801658,2.6731327,4.1915326,4.1965194,4.0007086,0.63630533,3.0993695,2.0073225,3.6951153,3.449608,2.135745,4.5899286,1.757325270627017,2.8343414724285934,4.010272133327211,2.301833133350861,4.678224708289724,-6.4359126,-6.607169,-17.403542,-8.532109,-6.995918,-24.903833,-6.5312405,-14.230079,0.48310593,-6.27464,-2.3330257,-18.461237,-17.340185,-0.20084363,-22.855839,-1.6038537205683032,-18.131158003633168,-15.510149702805693,0.6618497426310808,-19.87699221809035
2012-06-10 08:00:00,-9.568312,-17.715786,-6.754128,-14.662655,-12.546134,-26.750135,-11.328516,-14.985388,-9.657134,-10.675846,-20.162792,-30.401268,-12.546084,-14.95867,-19.838802,-21.483852,-21.939535,-0.43027732,-1.1438191,-0.65917706,-11.935646,-12.287272,-12.028345,-3.7398188,-18.22375,-11.288303,-0.83545566,-20.457447,-6.0768075,-22.706615,-17.915186,-2.0085433,-29.06016,-4.8111305,-20.799177,-13.185234,-1.1791837,-23.654482,1.5290344,3.2168183,1.5567,3.4328065,1.9541167,4.55332,2.6515598,3.9025698,1.8383797,2.7902012,2.754341,4.35701,2.6850038,4.4888983,2.4686036,4.235945,3.9458027,0.2650317,0.7860144,0.7287794,1.9050887,3.289841,2.939669,1.1365945,2.7495704,2.3600225,0.77660906,2.9606237,2.2374344,3.8150084,3.693872,2.0657895,4.790714,2.550815,4.615627,3.7980638,2.0636828,4.875509,283.9507,283.9507,279.96887,279.96887,285.00647,285.00647,284.1219,284.1219,292.5357,292.5357,285.9457,285.9457,293.10904,293.10904,286.82068,286.82068,286.82068,276.0729,276.0729,276.0729,285.26077,285.26077,285.26077,277.318,286.82434,284.01297,276.4399,287.50992,277.318,286.82434,284.01297,276.4399,287.50992,277.318,286.82434,284.01297,276.4399,287.50992,17.941313,16.107746,26.593323,16.810888,10.686383,31.859488,15.025214,21.580011,1.1391004,12.57304,7.3497214,23.880611,19.518301,2.3088222,29.760584,6.040057029667233,23.046772194454352,17.43864204793025,1.647857282642493,26.53157896147866,3.2177582,3.4354649,4.554309,3.9048028,2.789793,4.3594036,4.487606,4.234728,0.78683877,3.2893093,2.2393625,3.8168936,3.6964312,2.068103,4.79238,1.966605665480817,2.929355996929431,4.37093494851564,2.2335211561175496,4.875811228559732,-14.723555,-12.672281,-22.039013,-12.906086,-7.89659,-27.500084,-10.537608,-17.345284,-0.35226163,-9.2837305,-5.110359,-20.063717,-15.82187,-0.24071902,-24.968203,-4.0734513641864165,-20.11741619752492,-13.067707099414612,0.5856638734750566,-21.65576773291893
2012-06-10 09:00:00,-11.595237,-21.415043,-9.593194,-20.888424,-12.613438,-26.881975,-6.7704945,-9.298016,-10.303777,-11.241543,-21.323553,-32.028645,-13.7155075,-15.955158,-20.697792,-22.518677,-23.005291,-0.8053008,-2.4828696,-1.3434885,-14.052309,-14.327072,-14.181656,-5.4097443,-19.32099,-12.201723,-0.7831942,-19.40024,-8.964523,-23.931026,-19.165762,-1.8618076,-27.734522,-7.1856675,-22.17871,-14.457021,-1.0945995,-22.344122,1.6653662,3.444633,1.679139,3.6936817,2.066363,4.784069,2.554162,3.7967935,1.9012907,2.8669727,2.8252885,4.44905,2.8584707,4.7276855,2.6405811,4.4439263,4.1566634,0.30552694,0.9280743,0.8319059,2.0291128,3.4250195,3.0715346,1.2809652,2.835887,2.2817879,0.7697844,3.0229826,2.4535103,3.9072156,3.591525,2.0440493,4.8724866,2.8500657,4.751352,3.6984062,2.0402174,4.9553385,285.215,285.215,280.9127,280.9127,285.85742,285.85742,283.5663,283.5663,293.26138,293.26138,286.39038,286.39038,294.42868,294.42868,287.82767,287.82767,287.82767,277.36682,277.36682,277.36682,286.136,286.136,286.136,278.39072,287.3834,283.49316,276.35852,287.89124,278.39072,287.3834,283.49316,276.35852,287.89124,278.39072,287.3834,283.49316,276.35852,287.89124,21.458538,22.28651,26.756544,10.779877,11.28001,33.27709,16.05416,22.605227,2.4184334,14.607792,10.432056,24.904482,20.856731,2.1525052,28.434628,8.913233434724226,24.30398472983406,19.22075819295736,1.549351778719124,25.34080063190011,3.4455729,3.6963403,4.785058,3.7990258,2.8665645,4.451443,4.7263927,4.4427094,0.92889863,3.4244876,2.4554384,3.9091008,3.5940835,2.0463626,4.8741527,2.1614879151233395,3.001298258412892,4.221382407407368,2.2115654989373565,4.9556186819547134,-18.012964,-18.59017,-21.971487,-6.9808507,-8.413445,-28.825647,-11.327766,-18.162518,-1.4895349,-11.183305,-7.976618,-20.99538,-17.262648,-0.106142394,-23.560474,-6.751745519600886,-21.30268647142117,-14.99937578554999,0.6622137202182325,-20.385181949945395
2012-06-10 10:00:00,-14.171963,-26.021935,-13.185964,-28.740158,-14.087885,-29.506504,-10.95738,-14.525931,-10.685008,-11.565075,-21.95701,-32.91249,-14.332732,-16.426573,-22.532574,-24.281155,-24.794218,-1.0900195,-3.4946942,-1.8650497,-17.095657,-17.155022,-17.189966,-6.55823,-17.559431,-11.036831,-0.43506095,-19.443586,-10.92236,-22.034288,-17.408077,-0.5669498,-27.805613,-8.802513,-19.892105,-12.980692,-0.4759136,-22.37449,1.8030934,3.674779,1.8478069,4.0530553,2.1182756,4.890788,2.620492,3.8688295,1.9782315,2.9608655,2.867811,4.5042124,3.0269752,4.959641,2.7867074,4.6206446,4.335828,0.33843875,1.0435308,0.91572016,2.2303128,3.6443145,3.2854571,1.3892462,2.8188915,2.1720903,0.6375466,3.0980477,2.6155717,3.8890595,3.4480171,1.6227987,4.970921,3.0745106,4.724628,3.5586693,1.5855408,5.0514336,286.49222,286.49222,282.21286,282.21286,286.25098,286.25098,283.94467,283.94467,294.1489,294.1489,286.6569,286.6569,295.71057,295.71057,288.6833,288.6833,288.6833,278.41843,278.41843,278.41843,287.55582,287.55582,287.55582,279.19528,287.27332,282.7643,274.78146,288.35025,279.19528,287.27332,282.7643,274.78146,288.35025,279.19528,287.27332,282.7643,274.78146,288.35025,25.74042,29.75799,29.198576,16.363436,11.64402,34.03018,16.558207,24.351696,3.388117,17.41467,12.446922,23.110266,19.227415,0.8091644,28.41716,10.791462363692178,21.966035447786968,17.62053660636442,0.809164395775006,25.29684306376766,3.675719,4.0557137,4.8917766,3.8710623,2.960457,4.506606,4.9583483,4.619428,1.0443552,3.6437829,2.6175,3.8909452,3.4505756,1.6251122,4.972587,2.3076537604641674,2.9871328707186486,4.0116857398039585,1.7861427407443182,5.051687822131898,-22.064701,-25.702276,-24.3068,-12.492373,-8.683563,-29.523577,-11.599858,-19.732267,-2.343762,-13.770888,-9.829422,-19.21932,-15.77684,0.81594783,-23.444572,-8.48380860322801,-18.978902577068318,-13.608850866560463,0.9769783449693122,-20.245155241635764
2012-06-10 11:00:00,-14.468762,-26.478779,-14.110772,-30.842653,-17.563751,-35.26043,-10.178215,-13.555896,-10.809241,-11.659032,-22.122747,-33.137665,-14.451962,-16.44769,-25.52602,-26.871607,-27.398195,-1.255966,-4.080802,-2.167827,-18.198406,-18.243444,-18.310837,-8.1313925,-16.92221,-12.613255,-0.4712278,-18.14533,-13.527678,-21.29891,-19.604366,-0.6066276,-26.131252,-11.044468,-19.116215,-15.152158,-0.52185035,-20.790623,1.9282234,3.883875,2.0135689,4.4062366,2.2561078,5.1741347,2.555681,3.798443,2.070396,3.0733354,2.8667736,4.5028677,3.1967995,5.1934137,2.9213047,4.783421,4.5008574,0.3593497,1.1168877,0.9689726,2.413562,3.8440442,3.4802933,1.5189176,2.7482038,2.1452804,0.63624406,3.1422403,2.8096473,3.813549,3.4129438,1.6186496,5.0288715,3.343292,4.6134787,3.5245178,1.5810623,5.1080074,287.65262,287.65262,283.49063,283.49063,287.2959,287.2959,283.57498,283.57498,295.212,295.212,286.6504,286.6504,297.0025,297.0025,289.4714,289.4714,289.4714,279.08658,279.08658,279.08658,288.84897,288.84897,288.84897,280.15878,286.8155,282.58618,274.76593,288.62048,280.15878,286.8155,282.58618,274.76593,288.62048,280.15878,286.8155,282.58618,274.76593,288.62048,26.203083,31.743116,34.494923,15.406586,11.790878,34.24174,16.61161,26.917128,3.95308,18.489412,15.067351,22.514488,21.444105,0.86147386,26.77364,13.311470072871249,21.28267195711722,20.451266457774196,0.861473836264694,23.83649391316046,3.8848147,4.4088955,5.1751237,3.800676,3.0729268,4.5052605,5.192121,4.782204,1.1177121,3.8435125,2.8115757,3.815434,3.4155023,1.6209631,5.0305376,2.4826935142610354,2.928217110754957,3.9604359198985404,1.7819524784628338,5.108246045406212,-22.318268,-27.33422,-29.3198,-11.605909,-8.717952,-29.73648,-11.41949,-22.134922,-2.835368,-14.645901,-12.255775,-18.699053,-18.028603,0.75948924,-21.743101,-10.828776558610214,-18.354454846362263,-16.490830537875656,0.9204786421981398,-18.72824786775425
2012-06-10 12:00:00,-15.267355,-27.832151,-13.882121,-30.38602,-18.532711,-36.781967,-11.054163,-14.533646,-10.602607,-11.4713955,-22.353199,-33.47663,-14.097355,-16.079853,-26.124847,-27.517553,-28.056065,-1.2050035,-3.8994346,-2.0505397,-18.619514,-18.680122,-18.75264,-9.210879,-18.328339,-13.587108,-1.0525963,-13.619883,-15.330946,-22.859402,-20.959463,-1.9356784,-20.056564,-12.541673,-20.892687,-16.516806,-1.4495962,-15.414376,2.0171773,4.0325193,2.0763977,4.540104,2.3823426,5.433641,2.423508,3.6548994,2.145998,3.165594,2.9288936,4.583455,3.3320806,5.3796353,3.0435448,4.9312525,4.650735,0.36389786,1.132843,0.98055524,2.5257409,3.9663124,3.5995653,1.6384357,2.8117907,2.1521928,0.7021826,2.9747026,2.9885273,3.8814745,3.421987,1.8287,4.8091755,3.591029,4.713463,3.5333233,1.8077803,4.893532,288.47754,288.47754,283.97495,283.97495,288.2529,288.2529,282.82104,282.82104,296.08408,296.08408,287.03973,287.03973,298.03165,298.03165,290.18716,290.18716,290.18716,279.2319,279.2319,279.2319,289.6406,289.6406,289.6406,281.04684,287.22733,282.6321,275.5523,287.596,281.04684,287.22733,282.6321,275.5523,287.596,281.04684,287.22733,282.6321,275.5523,287.596,27.45233,31.322933,35.905636,16.589115,11.648258,34.44627,16.267532,27.55448,3.8062403,18.917942,16.830475,23.919495,22.761892,2.2839,21.037548,14.953844956399042,23.02205688515424,22.142875901543704,1.8473468207388877,18.82892158872347,4.033459,4.5427623,5.43463,3.657132,3.1651857,4.5858483,5.3783426,4.930036,1.1336675,3.9657805,2.9904556,3.88336,3.4245455,1.8310136,4.810842,2.644028141002732,2.9812145898050844,3.9736500673985673,1.994083477420169,4.893829381903249,-23.41887,-26.78017,-30.471004,-12.931984,-8.483073,-29.860424,-10.889191,-22.624443,-2.6725729,-14.952161,-13.84002,-20.036135,-19.337347,-0.4528864,-16.226707,-12.30981681539631,-20.040842295349155,-18.169225834145138,0.14673665668128133,-13.935092206820222
2012-06-10 13:00:00,-15.238424,-27.741547,-14.173632,-31.017178,-18.616547,-36.90924,-7.386455,-10.030511,-9.796023,-10.794399,-11.079203,-17.411705,-13.328284,-15.4013605,-26.121801,-27.679398,-28.231476,-0.75825447,-2.3607078,-1.2118092,-18.686985,-18.809664,-18.86344,-9.796318,-10.934977,-7.6236196,-1.4440494,-22.766144,-16.35318,-14.380286,-12.449665,-3.5321515,-32.00582,-13.302556,-11.840267,-8.57871,-2.2058053,-26.37792,2.0678031,4.1171165,2.108604,4.608724,2.4642289,5.6019773,2.3659625,3.5924034,2.1563745,3.1782565,2.7105484,4.3001986,3.421987,5.503397,3.1718152,5.086377,4.8080063,0.33520383,1.0321826,0.90748197,2.6376302,4.0882645,3.7185292,1.7487088,2.5775402,2.3172143,0.7896519,3.2483532,3.1535702,3.6312387,3.6378706,2.1073382,5.168019,3.8196025,4.3451247,3.743534,2.1085284,5.243848,288.94702,288.94702,284.2232,284.2232,288.8737,288.8737,282.4928,282.4928,296.20377,296.20377,285.67123,285.67123,298.7156,298.7156,290.93823,290.93823,290.93823,278.31506,278.31506,278.31506,290.43018,290.43018,290.43018,281.8662,285.71014,283.72855,276.59546,289.26935,281.8662,285.71014,283.72855,276.59546,289.26935,281.8662,285.71014,283.72855,276.59546,289.26935,27.380024,31.903738,36.033596,11.753476,10.977761,19.060658,15.601748,27.711655,2.3655615,19.041452,17.793806,15.802956,13.956129,3.887447,32.171764,15.764678042002188,13.654763410298017,11.62504741876752,2.6890300227049,28.52815062910074,4.118057,4.6113825,5.6029663,3.5946362,3.177848,4.302592,5.502104,5.0851603,1.0330069,4.087733,3.1554985,3.6331236,3.6404293,2.1096518,5.169685,2.792882896789256,2.78597415475676,4.289103815824447,2.2754814053291894,5.244049652775889,-23.261967,-27.292355,-30.43063,-8.15884,-7.7999134,-14.758065,-10.099644,-22.626495,-1.3325546,-14.95372,-14.638307,-12.169832,-10.315701,-1.7777954,-27.002079,-12.971795145212933,-10.868789255541257,-7.335943602943074,-0.4135486173757106,-23.28410097632485
2012-06-10 14:00:00,-14.876589,-27.068535,-15.153224,-33.114635,-16.326471,-33.256638,-4.838967,-6.7437973,-9.1503935,-10.228096,-20.762894,-31.316353,-9.229062,-11.852148,-21.904057,-24.270407,-24.835182,-0.37492016,-1.0844207,-0.55542564,-18.026888,-18.28013,-18.271908,-10.60209,-9.657964,-8.558903,-1.8024582,-21.083746,-17.66816,-12.859581,-13.799579,-4.6842527,-29.852737,-14.418394,-10.340079,-9.773321,-2.8538852,-24.414194,2.109103,4.18613,2.1832857,4.7678456,2.4953656,5.665987,2.3912418,3.6198568,2.1674228,3.1917388,2.983535,4.6543403,3.3184493,5.3608713,3.2370992,5.165329,4.888052,0.29370284,0.8865944,0.8017942,2.6863077,4.1413198,3.7702842,1.8461471,2.6521385,2.1856906,0.8442466,2.9787297,3.2994032,3.7109275,3.4658089,2.2812526,4.8144574,4.021572,4.4624233,3.5759935,2.296243,4.8986883,289.33002,289.33002,284.7989,284.7989,289.10974,289.10974,282.637,282.637,296.3312,296.3312,287.3822,287.3822,297.92795,297.92795,291.3205,291.3205,291.3205,276.989,276.989,276.989,290.77368,290.77368,290.77368,282.5902,286.1933,282.85468,277.24655,287.62064,282.5902,286.1933,282.85468,277.24655,287.62064,282.5902,286.1933,282.85468,277.24655,287.62064,26.774403,33.820362,32.70582,8.020059,10.416989,32.332775,12.011674,24.330425,1.1155657,18.515598,19.031784,14.129333,15.5094185,5.05535,30.487255,16.93007621541649,11.895264861076985,13.42223452018333,3.362915452295999,27.162675687566036,4.18707,4.7705045,5.666976,3.6220899,3.1913304,4.6567335,5.3595786,5.164112,0.88741887,4.140788,3.3013318,3.7128127,3.4683676,2.2835662,4.816123,2.924412198673105,2.8481494854956733,4.037683806745871,2.4511184304283335,4.898983812866814,-22.587334,-29.049858,-27.038843,-4.3979683,-7.2256584,-27.676043,-6.652095,-19.166313,-0.22814678,-14.37481,-15.730453,-10.41652,-12.041051,-2.7717838,-25.671131,-14.005664016743387,-9.047115375581312,-9.38455071343746,-0.9117970218676654,-22.263691874699223
2012-06-10 15:00:00,-11.385428,-20.807545,-13.453372,-29.496601,-9.804677,-21.372255,-7.2300153,-9.822741,-8.496749,-9.646153,-18.668203,-28.360165,-7.0819874,-9.652544,-13.742106,-16.375702,-16.833313,-0.36296022,-1.0050066,-0.536348,-15.321063,-15.883731,-15.678928,-10.334449,-16.80113,-5.636168,-1.9175369,-18.804855,-17.347654,-21.063072,-9.307274,-5.121465,-26.96629,-13.939613,-19.063883,-6.243182,-3.048808,-21.623636,2.0995398,4.1701493,2.1850517,4.7716074,2.448932,5.5705314,2.3356867,3.5595229,2.115753,3.1286852,2.8217342,4.444439,3.0910194,5.0478015,3.102356,5.002376,4.7228436,0.27631813,0.8256078,0.7575217,2.6806207,4.135122,3.7642384,1.9322453,2.5950634,2.1140194,0.8852304,3.012522,3.4282646,3.6499581,3.372048,2.4118087,4.8587694,4.2000365,4.3726783,3.4846966,2.4371586,4.941947,289.24133,289.24133,284.8125,284.8125,288.75772,288.75772,282.3201,282.3201,295.7352,295.7352,286.3681,286.3681,296.19778,296.19778,290.53152,290.53152,290.53152,276.43353,276.43353,276.43353,290.73355,290.73355,290.73355,283.22995,285.82364,282.37848,277.73532,287.82727,283.22995,285.82364,282.37848,277.73532,287.82727,283.22995,285.82364,282.37848,277.73532,287.82727,20.972765,30.471777,21.564932,11.548023,9.806554,29.80205,9.763987,16.481943,1.0261301,16.140009,18.661215,22.535389,10.763744,5.5116158,27.714836,16.38342545264029,21.508497405277893,8.792137391257626,3.6110014493693687,24.711590625887023,4.1710896,4.7742662,5.5715203,3.5617557,3.1282768,4.4468317,5.046509,5.001159,0.82643217,4.1345897,3.430193,3.651843,3.3746064,2.4141223,4.8604355,3.040634115524864,2.800579388145973,3.900678120639285,2.5829676263030885,4.942231213181934,-16.801676,-25.697512,-15.993411,-7.9862676,-6.6782775,-25.355217,-4.7174773,-11.480784,-0.1996979,-12.00542,-15.231021,-18.883547,-7.389138,-3.0974936,-22.8544,-13.342791337115425,-18.70791801713192,-4.891459270618341,-1.0280338230662802,-19.76935941270509
2012-06-10 16:00:00,-6.61384,-12.106916,-7.9553566,-17.62433,-4.173489,-9.556191,-7.695674,-10.406292,-4.7017255,-5.767514,-17.612,-26.903543,-5.0063796,-7.203251,-9.005917,-11.143751,-11.469019,-0.38974452,-1.1138121,-0.5808876,-8.86842,-9.542927,-9.090766,-8.178506,-15.553044,-11.7835,-1.927594,-7.7043743,-13.989678,-19.788605,-18.536327,-5.237056,-11.690162,-10.798237,-17.37986,-13.925945,-3.0487146,-8.551713,2.0642493,4.1111774,2.0690658,4.524482,2.2636113,5.18956,2.332835,3.5564258,2.0450027,3.0423474,2.9012663,4.5476146,2.9162488,4.80722,3.0161302,4.898099,4.617122,0.28648514,0.86127436,0.78341335,2.6094687,4.05757,3.6885872,1.9009528,2.7517614,2.2414832,0.9232715,2.9855824,3.3814301,3.8173492,3.5387979,2.5329905,4.8234425,4.135174,4.619072,3.6470647,2.567956,4.9074597,288.91406,288.91406,283.91843,283.91843,287.35278,287.35278,282.30383,282.30383,294.9191,294.9191,286.86658,286.86658,294.86823,294.86823,290.02664,290.02664,290.02664,276.7584,276.7584,276.7584,290.23145,290.23145,290.23145,282.99744,286.83853,283.22537,278.189,287.66254,282.99744,286.83853,283.22537,278.189,287.66254,282.99744,286.83853,283.22537,278.189,287.66254,12.539526,18.97621,9.946988,12.199909,5.877247,28.27086,7.2776093,11.253155,1.138641,9.792241,15.328739,21.025616,20.27945,5.647211,12.549594,12.973287304488338,19.436263806573784,18.654726628614572,3.670047924169018,11.276979821060438,4.112118,4.52714,5.190549,3.5586586,3.0419393,4.550008,4.8059273,4.896882,0.86209875,4.057039,3.3833582,3.8192341,3.5413563,2.535304,4.8251085,2.998393272873834,2.931182142002296,4.144336464342429,2.7053496284181047,4.907753371371121,-8.427408,-14.44907,-4.756439,-8.641251,-2.8353076,-23.720854,-2.4716818,-6.3562727,-0.2765422,-5.735203,-11.94538,-17.20638,-16.738092,-3.111907,-7.724485,-9.974894031614504,-16.505081664571488,-14.510390164272142,-0.9646982957509134,-6.369226449689317
2012-06-10 17:00:00,-4.1190705,-7.5665636,-4.0431113,-9.0232,-4.29772,-9.876417,-4.857378,-6.7458944,-3.2856894,-4.1281805,-2.3343363,-3.8406591,-5.3491497,-7.6286597,-5.6452355,-7.129339,-7.326586,-0.2920316,-0.826773,-0.42109698,-5.178004,-5.644553,-5.2503324,-2.3806343,-2.5169415,-10.017004,-1.1392202,-2.778224,-4.2630377,-3.5604138,-16.032917,-3.060902,-4.3244214,-2.9233103,-2.564059,-11.563708,-1.692177,-3.0363321,1.8861568,3.8135803,1.9237835,4.214935,2.119439,4.8931794,2.2656379,3.4834478,1.8192251,2.7668266,2.6159267,4.1774473,2.928356,4.8238864,2.8167224,4.6569448,4.3726296,0.2880085,0.8666186,0.7872929,2.5758498,4.0209274,3.6528423,1.6408466,2.4247909,2.3127828,0.9072782,2.6125665,2.9921355,3.4680653,3.6320722,2.482043,4.3343,3.5960264,4.1049395,3.7378879,2.5129662,4.4299407,287.2625,287.2625,282.79852,282.79852,286.2598,286.2598,281.92053,281.92053,292.31476,292.31476,285.0782,285.0782,294.96033,294.96033,288.85904,288.85904,288.85904,276.80707,276.80707,276.80707,289.9942,289.9942,289.9942,281.06476,284.72083,283.6991,277.99826,285.3816,281.06476,284.72083,283.6991,277.99826,285.3816,281.06476,284.72083,283.6991,277.99826,285.3816,7.9639874,10.073063,10.28951,8.104811,4.1633463,4.4299173,7.707109,7.223809,0.8600765,5.8316693,5.0328827,4.1458793,17.674946,3.4136145,4.847476,3.7859717400745816,3.079101613982753,15.49199216635088,2.267669466136994,4.401331627441134,3.8145204,4.2175937,4.8941684,3.485681,2.7664182,4.1798406,4.822593,4.6557274,0.8674429,4.0203958,2.9940639,3.4699504,3.634631,2.4843566,4.335966,2.6472825542638105,2.6586623892252987,4.280630957128416,2.653897488419527,4.430364921459339,-4.149467,-5.855469,-5.3953414,-4.6191297,-1.3969281,-0.25007665,-2.8845162,-2.5680816,0.007366392,-1.8112732,-2.038819,-0.6759287,-14.040314,-0.92925787,-0.5115098,-1.138689185810771,-0.42043922475745443,-11.211361209222463,0.38622802228253317,0.029033294018205424
2012-06-10 18:00:00,-2.06494,-3.7995732,-2.176355,-4.8689933,-1.863936,-4.3638153,-2.7854688,-3.9518766,-2.4199712,-3.0840814,-5.9744797,-9.625963,-1.1409048,-1.81718,-2.473768,-3.1757894,-3.2520626,-0.13654318,-0.362939,-0.18383545,-2.231592,-2.4366999,-2.2125528,-0.7511521,-4.1958117,-5.927404,-0.6213058,-5.548723,-1.3613557,-5.839892,-9.806599,-1.6561453,-8.510189,-0.892654,-4.3271875,-6.565088,-0.884199,-6.120924,1.7184769,3.533382,1.8049192,3.9616766,2.023814,4.696599,2.2212646,3.4352574,1.7391834,2.66915,2.540363,4.079419,2.797094,4.643197,2.619749,4.4187336,4.1311216,0.27424267,0.81832707,0.7522363,2.3118613,3.733197,3.372162,1.4992279,2.409529,2.2533474,0.89405096,2.745918,2.7801783,3.4517617,3.5543182,2.4399076,4.509167,3.3024797,4.0809417,3.662177,2.467487,4.600652,285.70752,285.70752,281.88226,281.88226,285.53485,285.53485,281.66742,281.66742,291.39148,291.39148,284.60458,284.60458,293.96176,293.96176,287.7057,287.7057,287.7057,276.36722,276.36722,276.36722,288.1313,288.1313,288.1313,280.01248,284.62198,283.3042,277.8405,286.19702,280.01248,284.62198,283.3042,277.8405,286.19702,280.01248,284.62198,283.3042,277.8405,286.19702,4.059516,5.5589767,4.6296506,4.8404875,3.1008985,10.941663,1.8381381,3.2312434,0.38796496,2.537478,1.6664746,6.7427206,11.1896,1.8928806,9.339622,1.1915604929195958,5.17779754928773,9.049707458244386,1.2785442759690733,8.439953147800827,3.534322,3.9643352,4.697588,3.4374902,2.668742,4.081813,4.6419044,4.417516,0.81915146,3.7326653,2.7821064,3.4536474,3.5568771,2.442221,4.510833,2.4561148819380216,2.6459422088145277,4.167015629121544,2.611344510555104,4.6010295997077515,-0.5251938,-1.5946414,0.0679372,-1.4029971,-0.4321567,-6.8598504,2.8037663,1.1862729,0.43118647,1.1951873,1.1156318,-3.2890732,-7.632723,0.54934037,-4.8287883,1.2645543890184259,-2.5318553404732023,-4.882691829122842,1.3328002345860306,-3.8389235480930752
2012-06-10 19:00:00,-0.3064944,-0.5634111,-0.24413192,-0.54894423,-0.39788446,-0.9414863,-0.1091129,-0.15954004,-0.05803867,-0.07718162,0.0,0.0,-0.1348663,-0.22068183,-0.69710135,-0.9034117,-0.92293686,-0.029245377,-0.0666793,-0.034965973,-0.49544844,-0.5396827,-0.48127666,-0.09802488,0.0,-0.01900707,-0.021425512,0.0,-0.17608291,0.0,-0.033196338,-0.05468951,0.0,-0.11231233,0.0,-0.019829113,-0.028312512,0.0,1.6817085,3.471941,1.7590983,3.8640475,1.9501356,4.5451355,2.1768377,3.3870087,1.7284342,2.6560326,2.4298003,3.935988,2.670687,4.4691906,2.5604115,4.3469734,4.0583677,0.25508338,0.7511151,0.70344466,2.120746,3.5248933,3.1689622,1.2760941,2.3023057,1.9965134,0.8234681,2.572341,2.4462197,3.3372216,3.218325,2.2150617,4.2815523,2.8399692,3.912343,3.335013,2.2247996,4.378446,285.36655,285.36655,281.52905,281.52905,284.9763,284.9763,281.414,281.414,291.2675,291.2675,283.91162,283.91162,293.00012,293.00012,287.35825,287.35825,287.35825,275.75504,275.75504,275.75504,286.78262,286.78262,286.78262,278.35452,283.92752,281.59775,276.99875,285.13562,278.35452,283.92752,281.59775,276.99875,285.13562,278.35452,283.92752,281.59775,276.99875,285.13562,0.60967624,0.6406726,1.0119379,0.20062862,0.07788887,0.0,0.22298706,0.9215338,0.07435571,0.56528145,0.225258,0.0,0.04091383,0.06547082,0.0,0.15396594434747385,0.0,0.02919946816913785,0.046398346336217276,0.0,3.472881,3.8667061,4.5461245,3.3892412,2.6556244,3.938381,4.4678974,4.345756,0.7519395,3.5243618,2.448148,3.339107,3.2208836,2.2173753,4.2832184,2.1549125588581965,2.556574988861602,3.6760551734677396,2.384271810142182,4.378884483335005,2.8632047,3.2260334,3.5341866,3.1886127,2.5777354,3.938381,4.2449107,3.4242222,0.67758375,2.9590802,2.22289,3.339107,3.1799698,2.1519043,4.2832184,2.0009466145107226,2.556574988861602,3.6468557052986017,2.3378734638059644,4.378884483335005
2012-06-10 20:00:00,0.0,0.0,0.0,0.0,0.0,0.0,0.0,0.0,0.0,0.0,0.0,0.0,0.0,0.0,0.0,0.0,0.0,0.0,0.0,0.0,0.0,0.0,0.0,0.0,0.0,0.0,0.0,0.0,0.0,0.0,0.0,0.0,0.0,0.0,0.0,0.0,0.0,0.0,1.6489681,3.417231,1.7049991,3.7487807,1.8710554,4.382567,1.9447303,3.1349335,1.6484109,2.558379,2.450489,3.9628272,2.589794,4.357837,2.4182777,4.1750827,3.884098,0.26668212,0.7918042,0.73298234,2.0951402,3.496985,3.1417372,1.2189758,2.2748263,2.001869,0.8507668,2.486401,2.3607323,3.307867,3.2253308,2.302023,4.1688576,2.7215748,3.869134,3.341835,2.3186615,4.2684293,285.06293,285.06293,281.11203,281.11203,284.37677,284.37677,280.09003,280.09003,290.34442,290.34442,284.0413,284.0413,292.38474,292.38474,286.526,286.526,286.526,276.12564,276.12564,276.12564,286.60193,286.60193,286.60193,277.9301,283.74954,281.63333,277.3243,284.6101,277.9301,283.74954,281.63333,277.3243,284.6101,277.9301,283.74954,281.63333,277.3243,284.6101,0.0,0.0,0.0,0.0,0.0,0.0,0.0,0.0,0.0,0.0,0.0,0.0,0.0,0.0,0.0,0.0,0.0,0.0,0.0,0.0,3.418171,3.751439,4.383556,3.1371663,2.5579705,3.9652205,4.3565445,4.173866,0.7926285,3.4964533,2.3626606,3.309752,3.2278898,2.3043365,4.1705236,2.077810130882362,2.5336715951735433,3.6862928452185906,2.4720944388629533,4.268897740841081,3.418171,3.751439,4.383556,3.1371663,2.5579705,3.9652205,4.3565445,4.173866,0.7926285,3.4964533,2.3626606,3.309752,3.2278898,2.3043365,4.1705236,2.077810130882362,2.5336715951735433,3.6862928452185906,2.4720944388629533,4.268897740841081
2012-06-10 21:00:00,0.0,0.0,0.0,0.0,0.0,0.0,0.0,0.0,0.0,0.0,0.0,0.0,0.0,0.0,0.0,0.0,0.0,0.0,0.0,0.0,0.0,0.0,0.0,0.0,0.0,0.0,0.0,0.0,0.0,0.0,0.0,0.0,0.0,0.0,0.0,0.0,0.0,0.0,1.6290094,3.3838792,1.7262467,3.7940521,1.7900627,4.2160673,1.9236618,3.1120522,1.6480353,2.5579205,2.317494,3.7902946,2.382859,4.07298,2.3242288,4.061344,3.7687852,0.27172983,0.8095118,0.7458369,2.0286589,3.4245243,3.071052,1.2283361,2.2411976,1.8522067,0.9100572,2.2854347,2.3747416,3.2719436,3.0295405,2.4908957,3.905327,2.7409766,3.8162558,3.1511898,2.5225208,4.0111613,284.87784,284.87784,281.27582,281.27582,283.76276,283.76276,279.96985,279.96985,290.3401,290.3401,283.20773,283.20773,290.8105,290.8105,285.9753,285.9753,285.9753,276.28693,276.28693,276.28693,286.13278,286.13278,286.13278,277.99966,283.53174,280.63895,278.0314,283.38123,277.99966,283.53174,280.63895,278.0314,283.38123,277.99966,283.53174,280.63895,278.0314,283.38123,0.0,0.0,0.0,0.0,0.0,0.0,0.0,0.0,0.0,0.0,0.0,0.0,0.0,0.0,0.0,0.0,0.0,0.0,0.0,0.0,3.3848193,3.7967107,4.2170563,3.1142852,2.557512,3.792688,4.0716867,4.0601273,0.8103362,3.4239926,2.3766696,3.2738285,3.0320995,2.4932091,3.9069932,2.090445237904504,2.5056432137003486,3.4001999667196796,2.66283781226568,4.011699939055637,3.3848193,3.7967107,4.2170563,3.1142852,2.557512,3.792688,4.0716867,4.0601273,0.8103362,3.4239926,2.3766696,3.2738285,3.0320995,2.4932091,3.9069932,2.090445237904504,2.5056432137003486,3.4001999667196796,2.66283781226568,4.011699939055637
2012-06-10 22:00:00,0.0,0.0,0.0,0.0,0.0,0.0,0.0,0.0,0.0,0.0,0.0,0.0,0.0,0.0,0.0,0.0,0.0,0.0,0.0,0.0,0.0,0.0,0.0,0.0,0.0,0.0,0.0,0.0,0.0,0.0,0.0,0.0,0.0,0.0,0.0,0.0,0.0,0.0,1.5928333,3.323428,1.7784379,3.905254,1.7572471,4.148607,1.9555589,3.1466937,1.6610733,2.5738308,2.215983,3.6586056,2.1877778,3.80444,2.217609,3.9324028,3.6380591,0.27128476,0.80795044,0.74470353,1.9683268,3.3587663,3.006905,1.057774,2.0961192,1.6569164,0.89978313,2.3444505,2.1194658,3.1169646,2.774059,2.4581668,3.9827144,2.3874366,3.5881324,2.9024222,2.487195,4.0867095,284.54236,284.54236,281.67813,281.67813,283.51398,283.51398,280.1518,280.1518,290.49048,290.49048,282.5715,282.5715,289.32642,289.32642,285.351,285.351,285.351,276.2727,276.2727,276.2727,285.70703,285.70703,285.70703,276.73233,282.5921,279.3414,277.90887,283.7421,276.73233,282.5921,279.3414,277.90887,283.7421,276.73233,282.5921,279.3414,277.90887,283.7421,0.0,0.0,0.0,0.0,0.0,0.0,0.0,0.0,0.0,0.0,0.0,0.0,0.0,0.0,0.0,0.0,0.0,0.0,0.0,0.0,3.3243682,3.907912,4.1495957,3.1489263,2.5734222,3.6609988,3.803147,3.931186,0.8087748,3.3582346,2.121394,3.1188498,2.7766178,2.4604805,3.9843807,1.8602079740100297,2.384724919520767,3.026884934556143,2.6297849575305943,4.087228001192143,3.3243682,3.907912,4.1495957,3.1489263,2.5734222,3.6609988,3.803147,3.931186,0.8087748,3.3582346,2.121394,3.1188498,2.7766178,2.4604805,3.9843807,1.8602079740100297,2.384724919520767,3.026884934556143,2.6297849575305943,4.087228001192143
2012-06-10 23:00:00,0.0,0.0,0.0,0.0,0.0,0.0,0.0,0.0,0.0,0.0,0.0,0.0,0.0,0.0,0.0,0.0,0.0,0.0,0.0,0.0,0.0,0.0,0.0,0.0,0.0,0.0,0.0,0.0,0.0,0.0,0.0,0.0,0.0,0.0,0.0,0.0,0.0,0.0,1.5452646,3.2439399,1.7303367,3.8027658,1.7510923,4.135954,1.9370638,3.1266072,1.6590096,2.5713122,2.3061392,3.7755644,2.0937676,3.6750295,2.1893497,3.8982277,3.603411,0.24788098,0.7258485,0.68510276,1.9081116,3.2931356,2.9428825,1.1050599,2.1198668,1.644795,0.9674616,2.4140308,2.190237,3.1423333,2.7582018,2.6737607,4.073957,2.48545,3.6254742,2.8869817,2.7198963,4.175784,284.10123,284.10123,281.30734,281.30734,283.46732,283.46732,280.0463,280.0463,290.46667,290.46667,283.13657,283.13657,288.61124,288.61124,285.18555,285.18555,285.18555,275.5249,275.5249,275.5249,285.2821,285.2821,285.2821,277.08368,282.7459,279.26086,278.716,284.16757,277.08368,282.7459,279.26086,278.716,284.16757,277.08368,282.7459,279.26086,278.716,284.16757,0.0,0.0,0.0,0.0,0.0,0.0,0.0,0.0,0.0,0.0,0.0,0.0,0.0,0.0,0.0,0.0,0.0,0.0,0.0,0.0,3.2448795,3.8054245,4.136943,3.12884,2.570904,3.7779577,3.6737368,3.8970108,0.72667295,3.292604,2.1921651,3.1442182,2.7607605,2.6760743,4.075623,1.924037718260104,2.4045179757943975,3.0037140805677236,2.8475139493197745,4.176277662275204,3.2448795,3.8054245,4.136943,3.12884,2.570904,3.7779577,3.6737368,3.8970108,0.72667295,3.292604,2.1921651,3.1442182,2.7607605,2.6760743,4.075623,1.924037718260104,2.4045179757943975,3.0037140805677236,2.8475139493197745,4.176277662275204
2012-07-15 00:00:00,0.0,0.0,0.0,0.0,0.0,0.0,0.0,0.0,0.0,0.0,0.0,0.0,0.0,0.0,0.0,0.0,0.0,0.0,0.0,0.0,0.0,0.0,0.0,0.0,0.0,0.0,0.0,0.0,0.0,0.0,0.0,0.0,0.0,0.0,0.0,0.0,0.0,0.0,1.7028816,3.5073223,1.829259,4.0135365,1.744579,4.1225643,2.2970588,3.5175724,1.6661925,2.580078,3.0361214,4.7225595,2.689248,4.494741,1.883656,3.5285354,3.228601,0.21580589,0.61332715,0.6034192,1.8429317,3.2220936,2.8735816,1.4438426,2.8186512,1.8275186,0.9557775,2.9417486,2.697285,3.8888032,2.9972436,2.6365404,4.765963,3.1876776,4.7242503,3.1197417,2.6797225,4.851346,285.5629,285.5629,282.0699,282.0699,283.41794,283.41794,282.09976,282.09976,290.54953,290.54953,287.7118,287.7118,293.14133,293.14133,283.3956,283.3956,283.3956,274.50003,274.50003,274.50003,284.82214,284.82214,284.82214,279.60095,287.27176,280.4749,278.57666,287.3945,279.60095,287.27176,280.4749,278.57666,287.3945,279.60095,287.27176,280.4749,278.57666,287.3945,0.0,0.0,0.0,0.0,0.0,0.0,0.0,0.0,0.0,0.0,0.0,0.0,0.0,0.0,0.0,0.0,0.0,0.0,0.0,0.0,3.508262,4.016195,4.1235533,3.519805,2.5796695,4.724953,4.4934483,3.5273182,0.61415154,3.2215621,2.699213,3.8906884,2.999802,2.638854,4.767629,2.3813520832572044,2.9869325838396894,3.3530065827910143,2.8099250739224133,4.8516550229783135,3.508262,4.016195,4.1235533,3.519805,2.5796695,4.724953,4.4934483,3.5273182,0.61415154,3.2215621,2.699213,3.8906884,2.999802,2.638854,4.767629,2.3813520832572044,2.9869325838396894,3.3530065827910143,2.8099250739224133,4.8516550229783135
2012-07-15 01:00:00,0.0,0.0,0.0,0.0,0.0,0.0,0.0,0.0,0.0,0.0,0.0,0.0,0.0,0.0,0.0,0.0,0.0,0.0,0.0,0.0,0.0,0.0,0.0,0.0,0.0,0.0,0.0,0.0,0.0,0.0,0.0,0.0,0.0,0.0,0.0,0.0,0.0,0.0,1.6681503,3.449285,1.7593595,3.8646042,1.6269747,3.8808007,2.3863783,3.6145756,1.7050781,2.6275313,2.6650221,4.241138,2.5357544,4.2834487,1.8719292,3.5143533,3.214223,0.21076678,0.59564966,0.5905865,1.8728967,3.254754,2.905441,1.4432101,2.5387473,1.8536214,0.9079102,2.3406372,2.6963382,3.5897985,3.0313916,2.4840565,3.9777145,3.1863666,4.2841263,3.1529922,2.515139,4.0818286,285.2408,285.2408,281.53107,281.53107,282.52637,282.52637,282.60925,282.60925,290.99808,290.99808,285.3859,285.3859,291.97363,291.97363,283.32693,283.32693,283.32693,274.33902,274.33902,274.33902,285.0336,285.0336,285.0336,279.59625,285.4589,280.64835,278.0058,283.71878,279.59625,285.4589,280.64835,278.0058,283.71878,279.59625,285.4589,280.64835,278.0058,283.71878,0.0,0.0,0.0,0.0,0.0,0.0,0.0,0.0,0.0,0.0,0.0,0.0,0.0,0.0,0.0,0.0,0.0,0.0,0.0,0.0,3.4502249,3.8672628,3.8817897,3.6168084,2.6271226,4.243531,4.282156,3.5131364,0.596474,3.254222,2.6982665,3.5916836,3.03395,2.48637,3.9793808,2.3804982848888807,2.7536415689827916,3.402904257370848,2.655930876992271,4.082348217727256,3.4502249,3.8672628,3.8817897,3.6168084,2.6271226,4.243531,4.282156,3.5131364,0.596474,3.254222,2.6982665,3.5916836,3.03395,2.48637,3.9793808,2.3804982848888807,2.7536415689827916,3.402904257370848,2.655930876992271,4.082348217727256
2012-07-15 02:00:00,0.0,0.0,0.0,0.0,0.0,0.0,0.0,0.0,0.0,0.0,0.0,0.0,0.0,0.0,0.0,0.0,0.0,0.0,0.0,0.0,0.0,0.0,0.0,0.0,0.0,0.0,0.0,0.0,0.0,0.0,0.0,0.0,0.0,0.0,0.0,0.0,0.0,0.0,1.6291214,3.384066,1.7365837,3.8160763,1.8865051,4.4143276,2.4118876,3.6422794,1.7065995,2.6293874,2.6630502,4.2385798,2.584575,4.3506527,2.081771,3.7681262,3.471509,0.16845204,0.44720697,0.48282638,1.9008765,3.28525,2.9351902,1.3872337,2.44753,1.7767279,0.85739696,2.3518212,2.6125598,3.4923563,2.9307985,2.323144,3.9923806,3.0703392,4.1406956,3.0550427,2.341458,4.096146,284.87888,284.87888,281.3555,281.3555,284.4939,284.4939,282.75476,282.75476,291.01562,291.01562,285.37354,285.37354,292.34503,292.34503,284.55563,284.55563,284.55563,272.98697,272.98697,272.98697,285.23105,285.23105,285.23105,279.18033,284.8681,280.13745,277.40338,283.78717,279.18033,284.8681,280.13745,277.40338,283.78717,279.18033,284.8681,280.13745,277.40338,283.78717,0.0,0.0,0.0,0.0,0.0,0.0,0.0,0.0,0.0,0.0,0.0,0.0,0.0,0.0,0.0,0.0,0.0,0.0,0.0,0.0,3.3850062,3.8187351,4.4153166,3.644512,2.6289792,4.240973,4.34936,3.7669096,0.44822368,3.2847183,2.614488,3.4942417,2.933357,2.3254573,3.994047,2.3049371292922283,2.6776150260460416,3.255915524282514,2.4934244380207637,4.096661823414184,3.3850062,3.8187351,4.4153166,3.644512,2.6289792,4.240973,4.34936,3.7669096,0.44822368,3.2847183,2.614488,3.4942417,2.933357,2.3254573,3.994047,2.3049371292922283,2.6776150260460416,3.255915524282514,2.4934244380207637,4.096661823414184
2012-07-15 03:00:00,0.0,0.0,0.0,0.0,0.0,0.0,0.0,0.0,0.0,0.0,0.0,0.0,0.0,0.0,0.0,0.0,0.0,0.0,0.0,0.0,0.0,0.0,0.0,0.0,0.0,0.0,0.0,0.0,0.0,0.0,0.0,0.0,0.0,0.0,0.0,0.0,0.0,0.0,1.6429296,3.4071403,1.783454,3.915941,1.5921181,3.8091445,2.4546556,3.6887267,1.7034856,2.625588,2.5407286,4.079893,2.4473486,4.161753,1.9579984,3.6184416,3.3197522,0.17134789,0.4573658,0.49020106,1.9042109,3.288884,2.9387352,1.3569517,2.4579012,1.7337916,0.83709687,2.5485952,2.5672374,3.5034356,2.874628,2.258477,4.250414,3.0075705,4.157003,3.0003483,2.27166,4.3480477,285.00693,285.00693,281.7168,281.7168,282.26212,282.26212,282.99872,282.99872,290.9797,290.9797,284.60687,284.60687,291.3011,291.3011,283.8309,283.8309,283.8309,273.0795,273.0795,273.0795,285.25458,285.25458,285.25458,278.95532,284.93527,279.85217,277.1613,284.99042,278.95532,284.93527,279.85217,277.1613,284.99042,278.95532,284.93527,279.85217,277.1613,284.99042,0.0,0.0,0.0,0.0,0.0,0.0,0.0,0.0,0.0,0.0,0.0,0.0,0.0,0.0,0.0,0.0,0.0,0.0,0.0,0.0,3.4080803,3.9185994,3.8101335,3.6909597,2.625179,4.0822864,4.16046,3.617225,0.45827335,3.2883523,2.5691655,3.5053203,2.8771868,2.2607906,4.25208,2.264060146372416,2.6862587793909345,3.1738385469866692,2.4281172657633694,4.348494418248705,3.4080803,3.9185994,3.8101335,3.6909597,2.625179,4.0822864,4.16046,3.617225,0.45827335,3.2883523,2.5691655,3.5053203,2.8771868,2.2607906,4.25208,2.264060146372416,2.6862587793909345,3.1738385469866692,2.4281172657633694,4.348494418248705
2012-07-15 04:00:00,-0.29339364,-0.53315735,-0.33954746,-0.79571044,-0.08796988,-0.20255308,-0.52474433,-0.7725634,-0.09733221,-0.12902372,-0.45820656,-0.75869673,-0.09983474,-0.16375753,-0.1265492,-0.15927616,-0.159152,0.0,0.0,0.0,-0.22125132,-0.23816422,-0.21022555,-0.12192691,-0.42247656,-0.41906452,-0.23131199,-0.9879836,-0.22098857,-0.6151942,-0.72095746,-0.6627917,-1.5568165,-0.1405992,-0.4249463,-0.435517,-0.33400446,-1.0697124,1.588644,3.3164282,1.7817199,3.9122467,1.8299432,4.298051,2.3583229,3.5841064,1.6906252,2.6098936,2.4983864,4.024964,2.284532,3.9376276,1.9062287,3.5558338,3.2562773,0.16146359,0.42269096,0.46502927,1.9212797,3.3074884,2.9568837,1.3104422,2.2040446,1.6662356,0.84124756,2.1212356,2.4976277,3.232255,2.786251,2.271699,3.690009,2.9111657,3.7578359,2.914294,2.2859309,3.8009596,284.5035,284.5035,281.70343,281.70343,284.0651,284.0651,282.44922,282.44922,290.83136,290.83136,284.3415,284.3415,290.06247,290.06247,283.52777,283.52777,283.52777,272.76367,272.76367,272.76367,285.37503,285.37503,285.37503,278.60974,283.2911,279.40332,277.2108,282.37717,278.60974,283.2911,279.40332,277.2108,282.37717,278.60974,283.2911,279.40332,277.2108,282.37717,0.5758672,0.90808624,0.21969129,0.94245726,0.12958278,0.8888473,0.16265532,0.16293603,0.0,0.24992625,0.27847236,0.7369789,0.9262752,0.7505714,1.8060031,0.1924895732711777,0.5245771598173994,0.6823181257989117,0.4877394558757744,1.6587657011868604,3.317368,3.9149048,4.29904,3.586339,2.6094851,4.027357,3.9363346,3.5546167,0.42397115,3.3069565,2.499556,3.2341402,2.7888095,2.2740126,3.6916754,2.2012782455743753,2.4746772913357495,3.044699888228936,2.4414701251358,3.801556279660015,2.7415009,3.0068185,4.0793486,2.6438818,2.4799023,3.1385098,3.7736795,3.3916807,0.42397115,3.0570302,2.2210836,2.4971611,1.8625344,1.5234411,1.8856723,2.0087886723031976,1.9501001315183502,2.362381762430024,1.9537306692600258,2.1427905784731545
2012-07-15 05:00:00,-1.306864,-2.3760638,-2.113594,-4.9219685,-5.228002,-11.5676775,-7.1922474,-9.97563,-3.9398298,-4.8681283,-8.426721,-13.322737,-5.290514,-7.7321715,-2.8228164,-3.5485418,-3.6055548,-0.018637247,-0.01987588,-0.017023921,-3.0113316,-3.2347932,-2.939904,-1.5129074,-4.933133,-3.3017476,-0.7692745,-3.4861245,-2.6789248,-6.8745832,-5.453264,-2.2440808,-5.422065,-1.7908293,-5.133545,-3.5643363,-1.1579918,-3.8197536,1.6354988,3.3947234,1.7080395,3.7552586,1.8394392,4.3175726,2.5582066,3.801186,1.7063482,2.6290803,2.4399085,3.949101,2.3500566,4.027825,2.2400827,3.9595816,3.6656141,0.18652827,0.5106194,0.52885985,1.9938892,3.3866277,3.0340838,1.2732724,2.2386625,1.6424387,0.8619647,2.3188279,2.4419968,3.2692356,2.7551193,2.3376944,3.9491155,2.8341205,3.8122694,2.88398,2.3571634,4.0539093,284.93802,284.93802,281.13547,281.13547,284.1371,284.1371,283.5894,283.5894,291.01273,291.01273,283.97498,283.97498,290.56094,290.56094,285.4826,285.4826,285.4826,273.56454,273.56454,273.56454,285.88742,285.88742,285.88742,278.33356,283.51532,279.2452,277.45786,283.58542,278.33356,283.51532,279.2452,277.45786,283.58542,278.33356,283.51532,279.2452,277.45786,283.58542,2.5446343,5.554542,12.017206,11.440686,4.861831,15.000527,7.6709557,3.5996556,0.025690628,3.3665197,3.3212876,7.977151,6.788735,2.482368,6.114577,2.4046426546356203,6.2280505485716935,5.5203466254188145,1.5801276700170819,5.575829239735678,3.3956635,3.7579174,4.318561,3.8034184,2.6286724,3.9514945,4.0265326,3.9583647,0.5114438,3.386096,2.443925,3.2711205,2.757678,2.340008,3.9507818,2.1511037310722325,2.503530383487012,2.9992098562039287,2.5081191692043574,4.054436367280193,0.851029,-1.7966249,-7.698645,-7.6372676,-2.2331588,-11.049032,-3.6444232,0.35870904,0.48575318,0.019576373,-0.8773626,-4.7060304,-4.031057,-0.14235997,-2.1637952,-0.2535389235633878,-3.7245201650846815,-2.521136769214886,0.9279914991872755,-1.5213928724554853
2012-07-15 06:00:00,-2.8652592,-5.2161803,-2.203481,-5.117337,-6.694832,-14.610176,-3.1264982,-4.485577,-6.705451,-7.8659062,-10.927734,-17.068487,-10.192504,-13.526675,-11.666729,-13.549253,-13.859049,-0.041619763,-0.04364672,-0.040014494,-10.287612,-10.764349,-10.406399,-3.215753,-9.203063,-6.6427903,-1.6641791,-4.1668296,-5.5937486,-12.376296,-10.702855,-4.845023,-6.4422703,-3.958569,-9.885105,-7.480429,-2.658251,-4.5744376,1.6186037,3.3664913,1.6580733,3.648798,1.7980773,4.2325435,2.3803754,3.608056,1.7870355,2.727545,2.5020041,4.029657,2.5428147,4.2931676,2.403132,4.156766,3.8655279,0.1937431,0.5359295,0.54723334,2.1266663,3.531346,3.1752567,1.2968392,2.3597715,1.7953436,0.8422968,2.1948285,2.4772687,3.3986094,2.9551518,2.275041,3.7865133,2.8829699,4.002703,3.0787559,2.2895386,3.8951707,284.78134,284.78134,280.7503,280.7503,283.82352,283.82352,282.575,282.575,291.94345,291.94345,284.36417,284.36417,292.02734,292.02734,286.43732,286.43732,286.43732,273.79507,273.79507,273.79507,286.8244,286.8244,286.8244,278.50867,284.2997,280.26114,277.2233,282.82718,278.50867,284.2997,280.26114,277.2233,282.82718,278.50867,284.2997,280.26114,277.2233,282.82718,5.5231066,5.7856812,15.018727,5.357367,7.859233,18.89652,13.431415,13.600109,0.055330314,11.017317,6.7393622,13.883989,12.71623,5.1874924,7.291348,5.176150978033222,11.693031837904199,11.098599835216707,3.263616582348582,6.664512584735626,3.3674314,3.6514566,4.2335324,3.610289,2.7271366,4.03205,4.291875,4.155549,0.53675383,3.5308146,2.4791968,3.4004943,2.9577107,2.2773547,3.7881792,2.1829160365101656,2.6044710432888247,3.291501530805841,2.4448453855197068,3.895741210253244,-2.1556754,-2.1342247,-10.785195,-1.747078,-5.1320963,-14.86447,-9.13954,-9.44456,0.48142353,-7.486502,-4.260165,-10.483495,-9.75852,-2.9101377,-3.5031686,-2.9932349415230566,-9.088560794615374,-7.807098304410866,-0.8187711968288753,-2.7687713744823825
2012-07-15 07:00:00,-2.9387207,-5.350177,-6.4672403,-14.937625,-7.9266853,-17.022093,-13.6213455,-17.94894,-8.450968,-9.585205,-5.1246815,-8.208598,-13.73532,-17.09808,-11.547959,-13.593172,-13.925774,-0.057300586,-0.060009703,-0.05532769,-6.078889,-6.50508,-6.083473,-6.319132,-8.766196,-7.2667446,-4.127847,-4.881669,-10.778727,-11.676244,-11.66772,-12.983132,-7.497009,-8.249594,-9.483798,-8.237965,-7.517766,-5.372082,1.6192192,3.3675196,1.6975365,3.73288,2.01276,4.673875,2.62153,3.8699565,1.9326338,2.9052217,2.15601,3.5808039,2.736961,4.560421,2.603217,4.3987403,4.1108513,0.20082514,0.5607738,0.56526875,2.1550958,3.5623329,3.205484,1.3888644,2.0121348,1.8293605,0.9658981,2.0957627,2.6150002,3.027249,2.999653,2.66878,3.6566067,3.0737185,3.4560745,3.1220877,2.7145205,3.768351,284.78705,284.78705,281.0545,281.0545,285.45105,285.45105,283.9506,283.9506,293.62292,293.62292,282.19562,282.19562,293.5043,293.5043,287.6089,287.6089,287.6089,274.02136,274.02136,274.02136,287.02502,287.02502,287.02502,279.19244,282.04816,280.48715,278.69736,282.2214,279.19244,282.04816,280.48715,278.69736,282.2214,279.19244,282.04816,280.48715,278.69736,282.2214,5.661867,16.238497,17.36348,19.790348,9.62765,9.613234,16.998901,13.638391,0.07571263,6.7133737,12.391776,13.510159,13.752163,13.058782,8.498837,10.338835230494272,11.595401618923892,12.118997212534829,7.698612784674772,7.782696685201928,3.3684597,3.7355387,4.674864,3.8721895,2.904813,3.5831969,4.5591283,4.397523,0.5615982,3.561801,2.6169283,3.0291343,3.0022118,2.6710935,3.6582727,2.307138154956024,2.3147266189213225,3.356527428736204,2.8424839881135138,3.7689562602820246,-2.2934074,-12.502959,-12.688616,-15.918159,-6.722837,-6.0300364,-12.439774,-9.240868,0.48588553,-3.1515725,-9.774848,-10.481025,-10.749951,-10.387688,-4.840565,-8.031697075538247,-9.28067500000257,-8.762469783798625,-4.856128796561258,-4.013740424919903
2012-07-15 08:00:00,-10.338841,-18.84333,-7.2809453,-16.82094,-10.209208,-21.376766,-16.073809,-20.914389,-9.464699,-10.497721,-15.680183,-23.953777,-16.083769,-19.195688,-16.924917,-18.798912,-19.223078,-0.0565322,-0.058194593,-0.057767697,-10.823624,-11.341391,-10.989912,-6.778847,-15.093157,-9.077548,-4.8876057,-10.163908,-11.652754,-19.32799,-14.452873,-15.615771,-15.254829,-8.846923,-17.019089,-10.469147,-9.124834,-11.429367,1.6707696,3.4536624,1.7248096,3.7909904,1.9358089,4.5156837,2.7960544,4.0594954,2.0753355,3.0793629,2.5700696,4.1179576,2.98897,4.9073253,2.6490088,4.4541183,4.1669965,0.19391118,0.53651917,0.5476614,2.250128,3.6659117,3.3065252,1.4843024,2.376706,1.9406427,1.0125294,2.4447935,2.7578397,3.4166994,3.145234,2.8173265,4.1142964,3.2715423,4.0293307,3.263843,2.874854,4.215165,285.2651,285.2651,281.26474,281.26474,284.86768,284.86768,284.9461,284.9461,295.26898,295.26898,284.79077,284.79077,295.42145,295.42145,287.877,287.877,287.877,273.80045,273.80045,273.80045,287.69565,287.69565,287.69565,279.90158,284.4094,281.22653,279.25348,284.35568,279.90158,284.4094,281.22653,279.25348,284.35568,279.90158,284.4094,281.22653,279.25348,284.35568,18.923582,18.15259,21.520323,22.5368,10.608025,25.821054,19.1224,18.79534,0.07255208,11.591973,13.264721,21.062078,16.656942,15.534744,16.510359,11.050410391322567,19.687672300613368,15.00838791268499,9.049018453523122,14.932868926154052,3.4546022,3.7936487,4.5166726,4.061728,3.0789545,4.1203504,4.906032,4.4529014,0.53734356,3.6653802,2.759768,3.4185846,3.1477926,2.8196402,4.1159625,2.435967458103681,2.6185853774649015,3.5692532530754995,2.992501963664566,4.215648061853169,-15.46898,-14.35894,-17.003649,-18.475073,-7.5290704,-21.700705,-14.216369,-14.342439,0.46479145,-7.9265933,-10.504952,-17.643494,-13.50915,-12.715103,-12.394397,-8.614442933218886,-17.06908692314847,-11.43913465960949,-6.056516489858556,-10.717220864300884
2012-07-15 09:00:00,-7.186396,-13.098764,-12.1894,-28.123707,-9.216442,-19.523716,-17.800602,-22.96021,-9.954902,-10.881699,-21.374905,-31.915054,-17.369947,-20.17985,-20.045052,-21.455116,-21.90018,-0.16879937,-0.17286938,-0.17558706,-7.5546746,-8.049571,-7.6171613,-9.056378,-18.018759,-14.928251,-5.7529936,-11.006267,-15.319622,-22.615047,-23.107815,-18.659292,-16.422768,-12.186632,-20.759987,-18.086805,-10.884539,-12.426052,1.699969,3.5024552,1.8382499,4.032693,1.9786078,4.603667,2.916356,4.190146,2.2067502,3.2397316,2.7049341,4.2929153,3.1809704,5.171623,2.6562896,4.462924,4.175924,0.23203492,0.67025965,0.6447487,2.2128372,3.6252673,3.2668765,1.5286965,2.4522705,2.2379146,1.0969203,2.3852043,2.8242836,3.4974203,3.534129,3.0861583,4.0361567,3.3635628,4.1481485,3.6425183,3.1650176,4.1388817,285.5359,285.5359,282.1392,282.1392,285.19214,285.19214,285.63232,285.63232,296.78485,296.78485,285.63605,285.63605,296.88208,296.88208,287.91965,287.91965,287.91965,275.0186,275.0186,275.0186,287.4325,287.4325,287.4325,280.23145,284.8988,283.20166,280.25992,283.9913,280.23145,284.8988,283.20166,280.25992,283.9913,280.23145,284.8988,283.20166,280.25992,283.9913,13.445703,29.203733,19.767601,24.366325,11.063929,33.319397,20.134604,21.418556,0.2106716,8.279144,17.025097,24.209492,25.13447,18.45483,17.751598,14.832187130580934,23.606085725364387,24.15678089293839,10.639636853980793,16.06504595952286,3.5033953,4.0353513,4.6046557,4.192379,3.2393227,4.2953086,5.1703305,4.461707,0.67108405,3.6247356,2.8262117,3.4993055,3.5366876,3.088472,4.0378222,2.4958941240985606,2.6815657829133572,4.137514276563346,3.2639963836666603,4.139385477336475,-9.9423065,-25.168383,-15.162946,-20.173946,-7.8246055,-29.02409,-14.9642725,-16.956848,0.4604124,-4.654409,-14.198886,-20.710188,-21.597782,-15.366358,-13.713776,-12.336293006482373,-20.92451994245103,-20.01926661637504,-7.375640470314133,-11.925660482186384
2012-07-15 10:00:00,-13.902437,-25.113287,-10.831168,-24.933395,-15.7754,-30.816933,-10.632461,-14.355792,-10.139876,-10.987065,-11.801757,-18.37308,-17.831362,-20.38352,-21.167543,-22.714622,-23.18975,-0.4665834,-1.2383008,-0.72084594,-7.945554,-8.47366,-8.041051,-10.701304,-15.385846,-17.30852,-5.391762,-18.303759,-18.045324,-19.80005,-26.715437,-17.413067,-26.461842,-14.536391,-17.257011,-21.067959,-10.060778,-21.1139,1.8866408,3.8143888,1.7453725,3.8348026,2.237804,5.136507,2.634033,3.8835354,2.2963243,3.34904,2.5653222,4.111799,3.3645701,5.424359,2.8908257,4.746561,4.4634867,0.2550987,0.75116867,0.70348346,2.302226,3.7226954,3.3619175,1.6440501,2.567923,2.5650184,1.0880051,2.7630363,2.9969304,3.6209655,3.9620507,3.0577583,4.5316143,3.6026669,4.330003,4.059195,3.1343641,4.622566,287.267,287.267,281.42325,281.42325,287.15714,287.15714,284.0219,284.0219,297.81808,297.81808,284.76102,284.76102,298.2788,298.2788,289.29294,289.29294,289.29294,275.75552,275.75552,275.75552,288.0633,288.0633,288.0633,281.08856,285.64786,285.375,280.1536,286.3017,281.08856,285.64786,285.375,280.1536,286.3017,281.08856,285.64786,285.375,280.1536,286.3017,24.752428,26.145918,30.34042,16.060535,11.220672,20.172794,20.371346,22.656595,1.1987005,8.704684,19.702082,21.24184,28.131908,17.328955,27.321623,17.42556459705235,19.62374392376753,26.70129586780746,10.03053869510559,24.431121345267933,3.8153286,3.8374612,5.137496,3.8857682,3.3486316,4.114192,5.423066,4.745344,0.75199306,3.7221637,2.9988587,3.6228504,3.9646096,3.0600717,4.5332804,2.6516069875579182,2.7779587524046807,4.762802468165925,3.2353149027458525,4.622937528090687,-20.9371,-22.308456,-25.202925,-12.1747675,-7.8720403,-16.058601,-14.948279,-17.911251,-0.44670752,-4.9825206,-16.703222,-17.61899,-24.1673,-14.268884,-22.788342,-14.773957609494431,-16.84578517136285,-21.938493399641533,-6.795223792359739,-19.808183817177245
2012-07-15 11:00:00,-13.57078,-24.49873,-9.783877,-22.6363,-16.547314,-31.954193,-18.647045,-24.015059,-10.163809,-10.967814,-19.447052,-29.375435,-17.679012,-20.046711,-23.054962,-24.318138,-24.800255,-0.6849946,-2.0676396,-1.134049,-17.473171,-17.492798,-17.567041,-10.482458,-21.228386,-18.103735,-5.168666,-21.158205,-17.762615,-26.46613,-27.894474,-16.636196,-30.265549,-14.154092,-24.579067,-22.06381,-9.603905,-24.464443,1.9412186,3.9055905,1.8408589,4.0382514,2.1807227,5.0191627,3.0796611,4.3675003,2.349912,3.414434,2.9314647,4.5867896,3.528762,5.650378,2.9737523,4.8468485,4.5651627,0.270556,0.805394,0.7428477,2.4864175,3.9234524,3.5577555,1.6801685,2.9766731,2.6915724,1.0678945,3.179052,3.0509877,4.057609,4.127611,2.993695,5.0771437,3.6775324,4.972725,4.2204046,3.0652175,5.1551323,287.77313,287.77313,282.1593,282.1593,286.7244,286.7244,286.56384,286.56384,298.43622,298.43622,287.05585,287.05585,299.5279,299.5279,289.7785,289.7785,289.7785,276.24942,276.24942,276.24942,289.3631,289.3631,289.3631,281.35693,288.29523,286.21585,279.91376,288.84558,281.35693,288.29523,286.21585,279.91376,288.84558,281.35693,288.29523,286.21585,279.91376,288.84558,24.210152,23.924368,31.364183,25.130255,11.232332,30.519024,20.066734,24.235575,1.9647807,17.69713,19.404285,26.943668,29.027664,16.587286,30.444334,17.011646774063003,26.46945793816848,27.43004663069768,9.625217935019892,27.004290484218508,3.9065304,4.04091,5.0201516,4.3697333,3.4140258,4.5891833,5.6490855,4.8456316,0.8062183,3.9229207,3.052916,4.059494,4.13017,2.9960084,5.0788093,2.700362200876354,3.1186388791271415,5.0047223393076035,3.1706169238260413,5.155357672156223,-20.303621,-19.883457,-26.344032,-20.76052,-7.8183064,-25.92984,-14.417648,-19.389944,-1.1585624,-13.774209,-16.35137,-22.884174,-24.897495,-13.591277,-25.365524,-14.311284573186649,-23.350819059041335,-22.425324291390076,-6.4546010111938505,-21.848932812062287
2012-07-15 12:00:00,-10.402779,-18.94519,-11.682162,-26.999273,-8.183596,-17.487467,-19.9138,-25.496572,-9.973858,-10.763332,-16.671616,-25.467224,-17.067226,-19.33253,-22.71475,-24.204334,-24.699417,-0.8861713,-2.8329735,-1.513007,-17.718975,-17.74243,-17.821844,-10.802297,-19.809238,-18.679707,-5.318043,-24.090754,-18.258541,-25.008373,-28.756039,-17.182856,-33.959095,-14.637299,-22.61429,-22.747326,-9.770329,-27.99044,1.715347,3.5281518,1.8767627,4.1147504,2.1537843,4.963784,3.1975985,4.495583,2.4090002,3.4865406,2.849858,4.4809237,3.6718173,5.8473024,3.0977068,4.9967546,4.717143,0.2859121,0.8592641,0.78195405,2.553855,3.9969547,3.6294568,1.6822796,3.131783,2.829504,1.1319188,3.399477,3.0541472,4.223304,4.308055,3.1976476,5.3661904,3.6819086,5.2166214,4.3961067,3.2853537,5.43731,285.6785,285.6785,282.43607,282.43607,286.52017,286.52017,287.23657,287.23657,299.1178,299.1178,286.54437,286.54437,300.61618,300.61618,290.5043,290.5043,290.5043,276.74008,276.74008,276.74008,289.839,289.839,289.839,281.37262,289.29984,287.1323,280.6773,290.19345,281.37262,289.29984,287.1323,280.6773,290.19345,281.37262,289.29984,287.1323,280.6773,290.19345,19.032022,28.141043,17.805937,26.345245,11.060842,26.887415,19.381296,24.12033,2.6759744,17.940977,19.895016,25.284231,29.580547,17.218159,33.55999,17.536845475779018,24.161633520147774,27.73713990374781,9.97902212846668,29.632801745911703,3.5290923,4.1174088,4.964773,4.497816,3.4861321,4.483317,5.8460093,4.9955373,0.86008847,3.996423,3.0560756,4.225189,4.3106136,3.1999614,5.3678565,2.703211891534265,3.2479181687048504,5.2683906777965035,3.376590130668347,5.437458976205536,-15.502931,-24.023634,-12.841165,-21.84743,-7.5747094,-22.404099,-13.535288,-19.124792,-1.815886,-13.944554,-16.83894,-21.059042,-25.269934,-14.018198,-28.192133,-14.833633584244753,-20.913715351442924,-22.468749225951306,-6.602431997798332,-24.195342769706166
2012-07-15 13:00:00,-13.520361,-24.38857,-15.721087,-36.25405,-18.023382,-34.225754,-19.624775,-25.177937,-9.654417,-10.465205,-23.711353,-35.24206,-16.440561,-18.746157,-23.561241,-24.983374,-25.485302,-1.1499023,-3.8351965,-1.9931849,-17.508373,-17.578741,-17.635748,-14.283775,-21.811157,-18.669874,-6.700371,-24.064932,-23.778835,-27.21621,-28.7686,-21.963766,-33.909546,-19.701544,-25.18044,-22.67328,-12.879306,-27.90987,1.9756341,3.9630992,1.9603604,4.2928677,2.4997897,5.6750817,3.2043662,4.502933,2.4491532,3.5355403,3.093426,4.7969003,3.7268558,5.9230657,3.2081208,5.1302843,4.852521,0.3116501,0.94955456,0.8474993,2.5715988,4.016294,3.648322,1.875698,3.2994452,2.8944464,1.1794535,3.5711074,3.3436317,4.402408,4.3930135,3.3490725,5.591253,4.082825,5.4802566,4.4788327,3.448794,5.657025,288.0923,288.0923,283.08047,283.08047,289.14328,289.14328,287.27518,287.27518,299.58096,299.58096,288.07095,288.07095,301.03488,301.03488,291.15082,291.15082,291.15082,277.56247,277.56247,277.56247,289.9642,289.9642,289.9642,282.80978,290.38574,287.56378,281.2442,291.24295,282.80978,290.38574,287.56378,281.2442,291.24295,282.80978,290.38574,287.56378,281.2442,291.24295,24.116898,36.773075,33.46819,26.033224,10.7833395,35.690105,18.806625,24.884935,3.629974,17.77874,25.140665,26.991678,29.470533,21.568445,33.278046,22.87411893016597,26.35097035469544,27.434694016840005,12.334719111799421,29.319527048304497,3.9640396,4.2955265,5.6760707,4.505166,3.535132,4.7992935,5.9217725,5.129067,0.950379,4.0157623,3.34556,4.404293,4.3955717,3.3513856,5.592919,2.9643023237386212,3.387659502312907,5.392533422981137,3.5295141230865195,5.657113103636782,-20.152859,-32.47755,-27.792116,-21.528059,-7.248208,-30.890812,-12.884852,-19.755869,-2.6795948,-13.762977,-21.795105,-22.587385,-25.074963,-18.21706,-27.68513,-19.90981660642735,-22.963310852382534,-22.042160593858867,-8.805204988712902,-23.662413944667716
2012-07-15 14:00:00,-13.834235,-24.952713,-14.960924,-34.560986,-12.927459,-26.158424,-16.084507,-21.123703,-9.274132,-10.146968,-20.801636,-31.250744,-15.445775,-17.889975,-21.588156,-23.090971,-23.56939,-0.9432738,-3.078868,-1.5883596,-15.146821,-15.446604,-15.343993,-13.2808075,-10.666381,-18.068703,-2.4890354,-23.34144,-22.190155,-14.355696,-27.935747,-7.7941146,-33.006042,-18.262539,-11.439322,-21.836695,-4.0938845,-27.01698,1.9559354,3.930182,2.030529,4.4423733,2.3969631,5.463697,3.1829176,4.47964,2.4522989,3.539379,2.9567354,4.6195736,3.766883,5.978164,2.9192877,4.780982,4.498384,0.3026215,0.91788197,0.824507,2.4058728,3.8356636,3.472118,1.8052069,3.0635223,2.876919,1.0806404,3.6021898,3.2381294,4.150385,4.370084,3.0342977,5.6320114,3.9367113,5.109288,4.456506,3.1090422,5.696815,287.9096,287.9096,283.62137,283.62137,288.36374,288.36374,287.15283,287.15283,299.61725,299.61725,287.21423,287.21423,301.3394,301.3394,289.4596,289.4596,289.4596,277.274,277.274,277.274,288.7947,288.7947,288.7947,282.286,288.85773,287.44733,280.06577,291.433,282.286,288.85773,287.44733,280.06577,291.433,282.286,288.85773,287.44733,280.06577,291.433,24.625729,35.242783,26.035448,22.183142,10.464079,32.24845,17.959969,23.027107,2.9477737,15.676223,23.662834,15.096783,28.732704,8.232801,32.41503,21.390340927182006,12.660508185014718,26.555517779216775,4.933582925702014,28.558476717181396,3.931122,4.445032,5.464686,4.4818726,3.5389705,4.621967,5.976872,4.779765,0.9187063,3.835132,3.2400577,4.15227,4.3726425,3.0366116,5.6336775,2.869148158832513,3.1910249134992767,5.359028315432897,3.211622221319308,5.696892280887197,-20.694605,-30.797749,-20.570763,-17.70127,-6.9251084,-27.626484,-11.983097,-18.247343,-2.0290675,-11.841091,-20.422777,-10.944512,-24.360062,-5.19619,-26.781355,-18.521192768349493,-9.469483271515442,-21.196489463783877,-1.721960704382706,-22.861584436294198
2012-07-15 15:00:00,-4.3188715,-7.8341103,-13.216572,-30.602837,-4.098728,-9.08598,-16.913439,-21.993664,-8.773702,-9.743965,-20.531109,-30.906275,-14.036114,-16.697048,-17.303871,-19.436764,-19.896677,-0.6304501,-1.888085,-1.024131,-11.41579,-11.96124,-11.623792,-12.109026,-18.174046,-17.179337,-3.6024952,-13.077093,-20.4306,-23.176105,-26.708069,-11.332896,-19.44233,-16.461477,-20.541191,-20.581657,-6.3011255,-14.729371,1.8946373,3.8277512,2.13967,4.6749153,2.1388338,4.93305,2.9855485,4.2652907,2.4207232,3.5008461,3.0738034,4.7714443,3.7894118,6.009177,2.9231343,4.785633,4.5031004,0.27036116,0.80471045,0.7423515,2.3608499,3.7865913,3.4242477,1.8088416,3.0459993,2.8932157,1.0093564,3.4103668,3.2435699,4.1316657,4.3914027,2.8072183,5.3804703,3.9442456,5.0817337,4.4772644,2.863944,5.451251,287.34116,287.34116,284.46268,284.46268,286.40683,286.40683,286.027,286.027,299.25302,299.25302,287.94797,287.94797,301.51077,301.51077,289.48212,289.48212,289.48212,276.2432,276.2432,276.2432,288.477,288.477,288.477,282.31302,288.74423,287.5556,279.21564,290.26004,282.31302,288.74423,287.5556,279.21564,290.26004,282.31302,288.74423,287.5556,279.21564,290.26004,8.194194,31.53246,9.481938,23.323168,10.0400715,31.708088,16.77396,19.419506,1.8103143,12.208456,21.957184,23.7189,27.558418,11.619171,19.887655,19.483329646407903,22.226407870425128,25.08729998398006,6.885438253050325,17.66983036776123,3.8286915,4.6775737,4.9340386,4.267524,3.500438,4.7738376,6.007884,4.7844167,0.80553484,3.7860599,3.2454977,4.1335506,4.3939614,2.8095322,5.3821363,2.8740547273777497,3.176419680110064,5.390180338908042,2.9822938590888484,5.451395739975672,-4.3655024,-26.854885,-4.5479,-19.055645,-6.5396338,-26.93425,-10.766077,-14.635089,-1.0047795,-8.422396,-18.711687,-19.58535,-23.164457,-8.809639,-14.505518,-16.609274919030153,-19.049988190315062,-19.697119645072018,-3.903144393961477,-12.218434627785557
2012-07-15 16:00:00,-7.25788,-13.1684265,-9.775919,-22.676022,-9.4023695,-19.877981,-10.989633,-14.852778,-7.806099,-8.868419,-18.026722,-27.409836,-12.082884,-14.993326,-8.80924,-10.666893,-10.931669,-0.34749097,-0.9543592,-0.50849605,-11.950574,-12.520451,-12.197038,-10.85821,-17.009079,-15.424906,-1.7883265,-18.509384,-18.472746,-21.867458,-24.227404,-5.486575,-26.830368,-14.60426,-19.06546,-18.21745,-2.8690774,-21.209246,1.918147,3.8670366,1.9459379,4.2621384,1.9529855,4.5509944,2.779325,4.041326,2.4273956,3.508989,2.9949381,4.6691337,3.782255,5.9993258,2.6069694,4.4032784,4.1154523,0.26120558,0.77259207,0.7190355,2.4760695,3.9121726,3.5467525,1.7818329,3.042851,2.8512206,0.9791354,3.3058562,3.2031465,4.128303,4.3364644,2.7109485,5.2434235,3.8882627,5.0767846,4.4237695,2.7600348,5.317461,287.55917,287.55917,282.9693,282.9693,284.9979,284.9979,284.85068,284.85068,299.33,299.33,287.45367,287.45367,301.45633,301.45633,287.63086,287.63086,287.63086,275.95065,275.95065,275.95065,289.29007,289.29007,289.29007,282.11234,288.72385,287.27658,278.85522,289.62097,282.11234,288.72385,287.27658,278.85522,289.62097,282.11234,288.72385,287.27658,278.85522,289.62097,13.51724,23.942104,20.102913,16.4168,9.158231,28.529074,15.072594,10.72643,0.9547642,12.762673,20.048658,22.478308,25.287987,5.8706875,27.0751,17.48617135256613,20.71538937965041,22.503570000906507,3.5787638805238617,24.008945543115363,3.8679767,4.264797,4.5519834,4.043559,3.5085802,4.671527,5.9980326,4.4020615,0.77341646,3.9116414,3.2050745,4.1301885,4.339023,2.7132618,5.2450895,2.837596428221276,3.1737963147150667,5.309903295324825,2.885069895347536,5.317642408119385,-9.649262,-19.677307,-15.55093,-12.3732395,-5.6496506,-23.857548,-9.074561,-6.324369,-0.18134773,-8.851032,-16.843584,-18.34812,-20.948963,-3.1574256,-21.83001,-14.648574924344857,-17.541593064935345,-17.19366670558168,-0.6936939851763255,-18.691303134995977
2012-07-15 17:00:00,-9.738686,-17.70037,-3.705267,-8.636504,-1.9391848,-4.403801,-4.7168636,-6.701729,-6.478672,-7.619987,-14.844733,-22.87614,-9.37376,-12.417694,-3.8892024,-4.89975,-5.0063553,-0.18152069,-0.44515505,-0.2399023,-3.9219043,-4.2432485,-3.9036434,-8.637385,-12.054972,-11.611856,-3.2248182,-13.867571,-14.919591,-16.030378,-18.597376,-10.013472,-20.552322,-11.365431,-13.079472,-13.399085,-5.5957685,-15.686054,1.8307495,3.720993,1.8080707,3.9683912,1.8725126,4.3855624,2.7152898,3.9717824,2.331432,3.3918831,2.9145837,4.564891,3.6987991,5.8844438,2.4919686,4.2642016,3.9744503,0.25255907,0.74225956,0.69701606,2.298797,3.718958,3.358271,1.7420715,2.903884,2.5272675,0.95707744,3.187087,3.1436367,3.979853,3.912665,2.6406813,5.0876803,3.8058453,4.858271,4.011107,2.6841922,5.165418,286.7487,286.7487,281.90656,281.90656,284.38782,284.38782,284.4854,284.4854,298.22305,298.22305,286.95004,286.95004,300.82144,300.82144,286.9575,286.9575,286.9575,275.67438,275.67438,275.67438,288.0391,288.0391,288.0391,281.8169,287.8238,285.12418,278.59216,288.8947,281.8169,287.8238,285.12418,278.59216,288.8947,281.8169,287.8238,285.12418,278.59216,288.8947,17.882063,9.572581,4.692915,7.704209,7.847082,24.239342,12.487732,4.955446,0.46271917,4.3956103,16.494734,16.980291,20.261684,10.303096,21.180029,13.90223569711618,14.61217917330189,17.540808063023277,6.159704630352213,18.866578381422272,3.721933,3.9710495,4.3865514,3.9740152,3.3914745,4.5672836,5.883151,4.2629848,0.74308395,3.7184258,3.1455648,3.9817379,3.9152234,2.6429949,5.089346,2.783923558067105,3.0579715907709804,4.690638296536212,2.814107103861498,5.165640985478825,-14.16013,-5.601532,-0.3063634,-3.7301936,-4.455608,-19.672058,-6.6045804,-0.69246143,0.28036478,-0.67718464,-13.349169,-12.998553,-16.34646,-7.660101,-16.090683,-11.118312139049074,-11.554207582530909,-12.850169766487065,-3.3455975264907147,-13.700937395943447
2012-07-15 18:00:00,-1.7475365,-3.1755872,-0.9619449,-2.2525313,-5.3768845,-11.879424,-6.1656036,-8.620507,-4.040252,-5.0076604,-3.6281352,-5.902639,-5.262407,-7.6994967,-2.8257813,-3.5737143,-3.640873,-0.028886233,-0.03144227,-0.024901606,-2.955631,-3.1962337,-2.9130588,-3.003316,-4.6427383,-6.208572,-2.1478593,-7.167137,-5.355982,-6.530117,-10.289028,-6.6349416,-10.967755,-3.6878834,-4.798957,-6.8659124,-3.5037584,-7.9462323,1.7160974,3.5294063,1.7978408,3.9465942,1.8434887,4.325897,2.5134532,3.7525823,2.1513977,3.1721835,2.753513,4.3559365,3.4804714,5.5839033,2.3736167,4.121072,3.8293395,0.21715926,0.6180749,0.60686576,2.1918676,3.6024117,3.2445805,1.4906027,2.7588718,2.252966,0.99575317,3.0338473,2.7672694,3.8249445,3.5538197,2.7638845,4.886734,3.2846017,4.6302524,3.6616917,2.8171716,4.969247,285.68546,285.68546,281.8277,281.8277,284.1678,284.1678,283.3341,283.3341,296.14636,296.14636,285.94052,285.94052,299.16052,299.16052,286.2645,286.2645,286.2645,274.54327,274.54327,274.54327,287.28452,287.28452,287.28452,279.9484,286.88458,283.30167,279.0534,287.95767,279.9484,286.88458,283.30167,279.0534,287.95767,279.9484,286.88458,283.30167,279.0534,287.95767,3.3859622,2.5546963,12.327276,9.982378,5.128739,6.6582785,7.7415476,3.6219425,0.040834486,3.3211052,6.349564,7.2409854,11.845667,7.039286,11.683299,4.820182837206559,5.553189453032738,9.555149116199487,4.261119686602681,10.479988621937238,3.5303462,3.949253,4.326886,3.754815,3.171775,4.35833,5.5826106,4.119855,0.6188992,3.6018798,2.7691975,3.8268297,3.5563784,2.7661984,4.8883996,2.444472176915425,2.9371082773032695,4.166286875472041,2.9385307268916585,4.969523509969189,0.14438377,1.3945568,-8.000389,-6.227563,-1.9569637,-2.299949,-2.158937,0.49791256,0.57806474,0.28077456,-3.5803666,-3.414156,-8.2892885,-4.273088,-6.7948995,-2.375710660291134,-2.6160811757294686,-5.3888622407274465,-1.3225889597110227,-5.510465111968049
2012-07-15 19:00:00,-0.16395746,-0.29793194,-0.0551524,-0.1289159,-0.09388228,-0.21613735,0.0,0.0,-0.17025186,-0.22627567,0.0,0.0,-0.055731177,-0.09166197,-0.74920684,-0.9617976,-0.9770671,-0.0026627926,-0.0029424934,-0.0022056713,-0.7057562,-0.7635946,-0.6805326,-0.11266909,0.0,0.0,0.0,0.0,-0.20529647,0.0,0.0,0.0,0.0,-0.13072942,0.0,0.0,0.0,0.0,1.55879,3.2665405,1.6937475,3.7248077,1.8328294,4.303984,2.3892887,3.617736,1.9978309,2.9847825,2.6497428,4.2213163,3.1360047,5.109726,2.3629065,4.108119,3.8162076,0.19364567,0.5355877,0.5469852,2.0740364,3.4739828,3.1192987,1.3662994,2.6189573,2.044562,0.9461329,2.6233113,2.5812283,3.6754823,3.2811828,2.6058168,4.34839,3.0269473,4.4102497,3.3962193,2.6465614,4.4436955,284.22665,284.22665,281.0253,281.0253,284.08698,284.08698,282.62585,282.62585,294.37497,294.37497,285.29013,285.29013,296.54,296.54,286.20178,286.20178,286.20178,273.79196,273.79196,273.79196,286.453,286.453,286.453,279.02478,285.9784,281.917,278.46164,285.4473,279.02478,285.9784,281.917,278.46164,285.4473,279.02478,285.9784,281.917,278.46164,285.4473,0.32232836,0.14835149,0.23438738,0.0,0.23160227,0.0,0.09211568,0.9779447,0.0039287033,0.7987811,0.2564399,0.0,0.0,0.0,0.0,0.1783602714424082,0.0,0.0,0.0,0.0,3.2674806,3.7274663,4.304973,3.6199691,2.9843743,4.2237096,5.1084337,4.106902,0.53641206,3.4734514,2.5831563,3.6773674,3.2837415,2.6081305,4.350056,2.276678620958811,2.820494187424462,3.7679044737984877,2.7788973754176713,4.444116457846645,2.9451523,3.5791147,4.0705857,3.6199691,2.7527719,4.2237096,5.016318,3.1289575,0.5324834,2.6746702,2.3267164,3.6773674,3.2837415,2.6081305,4.350056,2.098318349516403,2.820494187424462,3.7679044737984877,2.7788973754176713,4.444116457846645
2012-07-15 20:00:00,0.0,0.0,0.0,0.0,0.0,0.0,0.0,0.0,0.0,0.0,0.0,0.0,0.0,0.0,0.0,0.0,0.0,0.0,0.0,0.0,0.0,0.0,0.0,0.0,0.0,0.0,0.0,0.0,0.0,0.0,0.0,0.0,0.0,0.0,0.0,0.0,0.0,0.0,1.4747491,3.1261063,1.5318851,3.3799343,1.8085679,4.254109,2.22203,3.4360883,1.9491109,2.9253285,2.314816,3.7868207,2.942769,4.8437266,2.3439455,4.085189,3.7929597,0.19701813,0.5474185,0.55557364,1.9633751,3.3533695,3.0016406,1.3316392,2.160342,1.8983676,0.8663813,2.326828,2.5293531,3.18557,3.0899289,2.3517644,3.9596062,2.955103,3.689117,3.2099912,2.3723495,4.0641503,283.4473,283.4473,279.7776,279.7776,283.90305,283.90305,281.67178,281.67178,293.813,293.813,283.19095,283.19095,295.06998,295.06998,286.09076,286.09076,286.09076,273.89972,273.89972,273.89972,285.6721,285.6721,285.6721,278.76724,283.00806,280.94565,277.51053,283.63434,278.76724,283.00806,280.94565,277.51053,283.63434,278.76724,283.00806,280.94565,277.51053,283.63434,0.0,0.0,0.0,0.0,0.0,0.0,0.0,0.0,0.0,0.0,0.0,0.0,0.0,0.0,0.0,0.0,0.0,0.0,0.0,0.0,3.1270459,3.382593,4.255098,3.438321,2.9249206,3.789214,4.842434,4.0839715,0.54824287,3.3528378,2.531281,3.1874552,3.0924878,2.3540776,3.9612725,2.229891579203719,2.4382525697210813,3.4884406194607203,2.522328192186365,4.06467497054487,3.1270459,3.382593,4.255098,3.438321,2.9249206,3.789214,4.842434,4.0839715,0.54824287,3.3528378,2.531281,3.1874552,3.0924878,2.3540776,3.9612725,2.229891579203719,2.4382525697210813,3.4884406194607203,2.522328192186365,4.06467497054487
2012-07-15 21:00:00,0.0,0.0,0.0,0.0,0.0,0.0,0.0,0.0,0.0,0.0,0.0,0.0,0.0,0.0,0.0,0.0,0.0,0.0,0.0,0.0,0.0,0.0,0.0,0.0,0.0,0.0,0.0,0.0,0.0,0.0,0.0,0.0,0.0,0.0,0.0,0.0,0.0,0.0,1.4587064,3.099298,1.5522184,3.4232576,1.6991515,4.029177,2.3668454,3.593362,1.8678577,2.8261738,2.3440843,3.8247898,2.7910647,4.634897,2.074521,3.759359,3.4626198,0.19034486,0.5240082,0.5385792,1.988648,3.380915,3.0285113,1.3155515,2.202744,1.9375656,0.841355,2.5437045,2.5052748,3.2308652,3.141208,2.2720416,4.2440004,2.9217563,3.7557905,3.259923,2.286301,4.341787,283.29852,283.29852,279.93433,279.93433,283.07355,283.07355,282.49783,282.49783,292.87573,292.87573,283.3744,283.3744,293.9159,293.9159,284.51318,284.51318,284.51318,273.6865,273.6865,273.6865,285.85043,285.85043,285.85043,278.6477,283.28268,281.2061,277.21207,284.9605,278.6477,283.28268,281.2061,277.21207,284.9605,278.6477,283.28268,281.2061,277.21207,284.9605,0.0,0.0,0.0,0.0,0.0,0.0,0.0,0.0,0.0,0.0,0.0,0.0,0.0,0.0,0.0,0.0,0.0,0.0,0.0,0.0,3.100238,3.4259162,4.030166,3.595595,2.8257654,3.827183,4.6336045,3.758142,0.5248326,3.3803833,2.5072029,3.232751,3.1437669,2.274355,4.2456665,2.208175162263952,2.4735933858731447,3.5633705428927627,2.4418158835165906,4.342235010139294,3.100238,3.4259162,4.030166,3.595595,2.8257654,3.827183,4.6336045,3.758142,0.5248326,3.3803833,2.5072029,3.232751,3.1437669,2.274355,4.2456665,2.208175162263952,2.4735933858731447,3.5633705428927627,2.4418158835165906,4.342235010139294
2012-07-15 22:00:00,0.0,0.0,0.0,0.0,0.0,0.0,0.0,0.0,0.0,0.0,0.0,0.0,0.0,0.0,0.0,0.0,0.0,0.0,0.0,0.0,0.0,0.0,0.0,0.0,0.0,0.0,0.0,0.0,0.0,0.0,0.0,0.0,0.0,0.0,0.0,0.0,0.0,0.0,1.5122118,3.188707,1.5280846,3.3718364,1.738235,4.1095223,2.3261313,3.5491455,1.8145424,2.7611122,2.4093306,3.909433,2.724405,4.543137,1.762156,3.3815985,3.0796304,0.18532483,0.5063977,0.52579516,1.8567487,3.2371535,2.8882718,1.2482228,2.212898,1.7597151,0.7700633,2.6293051,2.4045057,3.2417128,2.9085417,2.0449376,4.3562503,2.7821982,3.7717574,3.0333707,2.0411763,4.4513693,283.7947,283.7947,279.7483,279.7483,283.36984,283.36984,282.2656,282.2656,292.26074,292.26074,283.78333,283.78333,293.40878,293.40878,282.68417,282.68417,282.68417,273.5261,273.5261,273.5261,284.91965,284.91965,284.91965,278.14743,283.34845,280.0244,276.36185,285.48395,278.14743,283.34845,280.0244,276.36185,285.48395,278.14743,283.34845,280.0244,276.36185,285.48395,0.0,0.0,0.0,0.0,0.0,0.0,0.0,0.0,0.0,0.0,0.0,0.0,0.0,0.0,0.0,0.0,0.0,0.0,0.0,0.0,3.1896472,3.3744953,4.1105113,3.5513783,2.7607038,3.911826,4.541844,3.3803816,0.5072221,3.2366219,2.4064338,3.243598,2.9111004,2.0472512,4.3579164,2.1172899891994623,2.4820564883076046,3.22339379515288,2.2124628242589317,4.451787426356239,3.1896472,3.3744953,4.1105113,3.5513783,2.7607038,3.911826,4.541844,3.3803816,0.5072221,3.2366219,2.4064338,3.243598,2.9111004,2.0472512,4.3579164,2.1172899891994623,2.4820564883076046,3.22339379515288,2.2124628242589317,4.451787426356239
2012-07-15 23:00:00,0.0,0.0,0.0,0.0,0.0,0.0,0.0,0.0,0.0,0.0,0.0,0.0,0.0,0.0,0.0,0.0,0.0,0.0,0.0,0.0,0.0,0.0,0.0,0.0,0.0,0.0,0.0,0.0,0.0,0.0,0.0,0.0,0.0,0.0,0.0,0.0,0.0,0.0,1.4279865,3.0479646,1.5282271,3.3721404,1.7580442,4.150245,2.331005,3.554439,1.7811542,2.720368,2.2644258,3.7214496,2.6410253,4.42836,1.6987219,3.3048844,3.0018544,0.12476485,0.29394954,0.371571,1.7656171,3.137826,2.7913783,1.027073,2.0451038,1.61189,0.752312,2.4169602,2.0735164,3.0624678,2.7151546,1.98839,4.0777984,2.3237994,3.5079153,2.8450656,1.9801416,4.179534,283.01364,283.01364,279.7494,279.7494,283.52002,283.52002,282.2934,282.2934,291.8756,291.8756,282.87512,282.87512,292.77448,292.77448,282.31274,282.31274,282.31274,271.59106,271.59106,271.59106,284.27655,284.27655,284.27655,276.5042,282.2617,279.04224,276.15015,284.1855,276.5042,282.2617,279.04224,276.15015,284.1855,276.5042,282.2617,279.04224,276.15015,284.1855,0.0,0.0,0.0,0.0,0.0,0.0,0.0,0.0,0.0,0.0,0.0,0.0,0.0,0.0,0.0,0.0,0.0,0.0,0.0,0.0,3.0489044,3.3747988,4.151234,3.5566716,2.7199595,3.723843,4.4270673,3.3036673,0.2966131,3.1372943,2.0754445,3.064353,2.7177136,1.9907036,4.0794644,1.8187654882748345,2.342205193275806,2.9408129824347085,2.155355065031711,4.180026919989718,3.0489044,3.3747988,4.151234,3.5566716,2.7199595,3.723843,4.4270673,3.3036673,0.2966131,3.1372943,2.0754445,3.064353,2.7177136,1.9907036,4.0794644,1.8187654882748345,2.342205193275806,2.9408129824347085,2.155355065031711,4.180026919989718
2012-08-30 00:00:00,0.0,0.0,0.0,0.0,0.0,0.0,0.0,0.0,0.0,0.0,0.0,0.0,0.0,0.0,0.0,0.0,0.0,0.0,0.0,0.0,0.0,0.0,0.0,0.0,0.0,0.0,0.0,0.0,0.0,0.0,0.0,0.0,0.0,0.0,0.0,0.0,0.0,0.0,2.186921,4.316166,2.4883916,5.417921,2.3461134,5.3591633,3.1828747,4.4795933,1.9144793,2.8830671,2.899991,4.5459595,2.780984,4.6210203,2.5201182,4.298244,4.0089645,0.364491,1.1349237,0.9820657,2.3971806,3.8261895,3.462876,1.708315,2.717322,2.2720826,1.415021,3.1063075,3.0931137,3.7805595,3.5788283,4.0994844,4.981752,3.7358742,4.5649195,3.6860433,4.258751,5.0620074,290.05167,290.05167,287.1508,287.1508,287.97824,287.97824,287.1526,287.1526,293.4135,293.4135,286.85858,286.85858,293.8392,293.8392,287.1223,287.1223,287.1223,279.25085,279.25085,279.25085,288.73337,288.73337,288.73337,281.56607,286.61548,283.42868,284.05356,288.40076,281.56607,286.61548,283.42868,284.05356,288.40076,281.56607,286.61548,283.42868,284.05356,288.40076,0.0,0.0,0.0,0.0,0.0,0.0,0.0,0.0,0.0,0.0,0.0,0.0,0.0,0.0,0.0,0.0,0.0,0.0,0.0,0.0,4.317106,5.42058,5.360152,4.481826,2.882659,4.5483527,4.6197276,4.297027,1.1357481,3.8256578,3.095042,3.782445,3.581387,4.101798,4.983418,2.7383562282667606,2.9024782832118263,4.202829919920619,4.287358867382367,5.062258557255443,4.317106,5.42058,5.360152,4.481826,2.882659,4.5483527,4.6197276,4.297027,1.1357481,3.8256578,3.095042,3.782445,3.581387,4.101798,4.983418,2.7383562282667606,2.9024782832118263,4.202829919920619,4.287358867382367,5.062258557255443
2012-08-30 01:00:00,0.0,0.0,0.0,0.0,0.0,0.0,0.0,0.0,0.0,0.0,0.0,0.0,0.0,0.0,0.0,0.0,0.0,0.0,0.0,0.0,0.0,0.0,0.0,0.0,0.0,0.0,0.0,0.0,0.0,0.0,0.0,0.0,0.0,0.0,0.0,0.0,0.0,0.0,2.154908,4.262671,2.4082742,5.2472177,2.3491447,5.365394,3.1771128,4.4733357,1.8691673,2.827772,2.9948556,4.6690264,2.593276,4.362631,2.3848693,4.1346803,3.843136,0.35913962,1.1161506,0.96843755,2.3443341,3.7685907,3.4066882,1.6846085,2.7347515,2.210103,1.379247,2.694424,3.057633,3.7991784,3.4977455,3.9855247,4.441642,3.6867356,4.592325,3.6070912,4.135749,4.5347314,289.7548,289.7548,286.5332,286.5332,288.00122,288.00122,287.11972,287.11972,292.89084,292.89084,287.45316,287.45316,292.41122,292.41122,286.33038,286.33038,286.33038,279.07986,279.07986,279.07986,288.36044,288.36044,288.36044,281.38992,286.72836,283.01688,283.62692,285.88214,281.38992,286.72836,283.01688,283.62692,285.88214,281.38992,286.72836,283.01688,283.62692,285.88214,0.0,0.0,0.0,0.0,0.0,0.0,0.0,0.0,0.0,0.0,0.0,0.0,0.0,0.0,0.0,0.0,0.0,0.0,0.0,0.0,4.263611,5.249877,5.366383,4.4755683,2.8273635,4.6714196,4.3613377,4.1334634,1.116975,3.768059,3.059561,3.8010635,3.5003042,3.9878385,4.4433074,2.7063554218903665,2.9170049727269376,4.084350380807425,4.1722707206335485,4.535126974327245,4.263611,5.249877,5.366383,4.4755683,2.8273635,4.6714196,4.3613377,4.1334634,1.116975,3.768059,3.059561,3.8010635,3.5003042,3.9878385,4.4433074,2.7063554218903665,2.9170049727269376,4.084350380807425,4.1722707206335485,4.535126974327245
2012-08-30 02:00:00,0.0,0.0,0.0,0.0,0.0,0.0,0.0,0.0,0.0,0.0,0.0,0.0,0.0,0.0,0.0,0.0,0.0,0.0,0.0,0.0,0.0,0.0,0.0,0.0,0.0,0.0,0.0,0.0,0.0,0.0,0.0,0.0,0.0,0.0,0.0,0.0,0.0,0.0,2.1433768,4.2434025,2.4270315,5.287184,2.3009152,5.2662477,3.1905148,4.4878907,1.8437265,2.7967262,3.0431817,4.7317185,2.4926183,4.22407,2.3474114,4.0893803,3.7972093,0.42515984,1.3477539,1.1365671,2.3106763,3.7319055,3.3709016,1.6998992,2.6503901,2.2445514,1.3376055,2.7831886,3.080518,3.70906,3.5428114,3.852874,4.55804,3.7184305,4.4596753,3.6509726,3.9925725,4.648364,289.64786,289.64786,286.6778,286.6778,287.6356,287.6356,287.19617,287.19617,292.59738,292.59738,287.75604,287.75604,291.64548,291.64548,286.11105,286.11105,286.11105,281.18936,281.18936,281.18936,288.12292,288.12292,288.12292,281.50354,286.18198,283.24576,283.1303,286.42493,281.50354,286.18198,283.24576,283.1303,286.42493,281.50354,286.18198,283.24576,283.1303,286.42493,0.0,0.0,0.0,0.0,0.0,0.0,0.0,0.0,0.0,0.0,0.0,0.0,0.0,0.0,0.0,0.0,0.0,0.0,0.0,0.0,4.2443423,5.2898426,5.267236,4.490123,2.7963178,4.7341123,4.222777,4.0881634,1.3485783,3.7313738,3.0824466,3.7109454,3.5453703,3.8551874,4.5597067,2.7269962746518557,2.8466924966310865,4.150201614196262,4.038305812762053,4.6487288443619095,4.2443423,5.2898426,5.267236,4.490123,2.7963178,4.7341123,4.222777,4.0881634,1.3485783,3.7313738,3.0824466,3.7109454,3.5453703,3.8551874,4.5597067,2.7269962746518557,2.8466924966310865,4.150201614196262,4.038305812762053,4.6487288443619095
2012-08-30 03:00:00,0.0,0.0,0.0,0.0,0.0,0.0,0.0,0.0,0.0,0.0,0.0,0.0,0.0,0.0,0.0,0.0,0.0,0.0,0.0,0.0,0.0,0.0,0.0,0.0,0.0,0.0,0.0,0.0,0.0,0.0,0.0,0.0,0.0,0.0,0.0,0.0,0.0,0.0,2.164632,4.2789207,2.473304,5.3857746,2.2995508,5.263442,3.2376435,4.539073,1.8263394,2.7755082,2.6879942,4.2709394,2.4102216,4.1106453,2.3282056,4.0661535,3.7736611,0.4345246,1.380606,1.1604155,2.269857,3.687415,3.3275013,1.6987863,2.3266425,2.2059827,1.3301513,2.769245,3.0788527,3.363219,3.492356,3.8291283,4.539755,3.7161233,3.9506102,3.6018429,3.966942,4.630513,289.84497,289.84497,287.0345,287.0345,287.62524,287.62524,287.465,287.465,292.39682,292.39682,285.52988,285.52988,291.01865,291.01865,285.9986,285.9986,285.9986,281.4886,281.4886,281.4886,287.83487,287.83487,287.83487,281.49527,284.08514,282.9895,283.0414,286.33966,281.49527,284.08514,282.9895,283.0414,286.33966,281.49527,284.08514,282.9895,283.0414,286.33966,0.0,0.0,0.0,0.0,0.0,0.0,0.0,0.0,0.0,0.0,0.0,0.0,0.0,0.0,0.0,0.0,0.0,0.0,0.0,0.0,4.2798605,5.3884335,5.264431,4.541306,2.7750998,4.273333,4.109353,4.0649366,1.3814304,3.686883,3.0807807,3.3651044,3.4949145,3.8314419,4.5414214,2.7254938112894163,2.5768589443483685,4.076474573294121,4.0143249993515155,4.630883144098958,4.2798605,5.3884335,5.264431,4.541306,2.7750998,4.273333,4.109353,4.0649366,1.3814304,3.686883,3.0807807,3.3651044,3.4949145,3.8314419,4.5414214,2.7254938112894163,2.5768589443483685,4.076474573294121,4.0143249993515155,4.630883144098958
2012-08-30 04:00:00,0.0,0.0,0.0,0.0,0.0,0.0,0.0,0.0,0.0,0.0,0.0,0.0,0.0,0.0,0.0,0.0,0.0,0.0,0.0,0.0,0.0,0.0,0.0,0.0,0.0,0.0,0.0,0.0,0.0,0.0,0.0,0.0,0.0,0.0,0.0,0.0,0.0,0.0,2.1461968,4.248115,2.4269369,5.286981,2.2535799,5.1689377,3.2465835,4.5487823,1.8074994,2.7525175,2.893364,4.537362,2.3268497,3.9958797,2.2610917,3.9849892,3.6913733,0.39884302,1.2554328,1.0695479,2.2470577,3.6625655,3.3032606,1.7201476,2.4397368,2.1648698,1.5695238,2.5705645,3.1108236,3.4840317,3.4385712,4.591662,4.2792225,3.760401,4.1284413,3.5494719,4.789983,4.3761716,289.674,289.674,286.67706,286.67706,287.27673,287.27673,287.516,287.516,292.1795,292.1795,286.81705,286.81705,290.3844,290.3844,285.60562,285.60562,285.60562,280.34848,280.34848,280.34848,287.67398,287.67398,287.67398,281.654,284.81763,282.71634,285.89615,285.12476,281.654,284.81763,282.71634,285.89615,285.12476,281.654,284.81763,282.71634,285.89615,285.12476,0.0,0.0,0.0,0.0,0.0,0.0,0.0,0.0,0.0,0.0,0.0,0.0,0.0,0.0,0.0,0.0,0.0,0.0,0.0,0.0,4.249055,5.2896404,5.169927,4.5510154,2.7521093,4.539756,3.9945874,3.9837723,1.2562573,3.6620336,3.1127517,3.4859166,3.4411297,4.5939755,4.2808886,2.754328910728714,2.67111944765783,3.997883321285659,4.784411236795825,4.3766106575319945,4.249055,5.2896404,5.169927,4.5510154,2.7521093,4.539756,3.9945874,3.9837723,1.2562573,3.6620336,3.1127517,3.4859166,3.4411297,4.5939755,4.2808886,2.754328910728714,2.67111944765783,3.997883321285659,4.784411236795825,4.3766106575319945
2012-08-30 05:00:00,-0.44217017,-0.8036405,-0.693528,-1.5897069,-0.22631048,-0.51815975,-4.45458,-6.336947,-0.21050303,-0.27850336,-2.5257475,-3.9504933,-0.31746888,-0.5179555,-0.13695183,-0.17572902,-0.17792696,-0.0010124992,-0.0030185415,-0.0014058573,-0.27999204,-0.30519447,-0.27216625,-0.7811421,-2.1436865,-1.8412651,-1.0253735,-1.9466885,-1.4385259,-3.0475686,-3.1488059,-3.1004224,-2.9041233,-0.93896544,-2.1788695,-1.9592828,-1.5622272,-2.0633562,2.142564,4.242044,2.3601289,5.1446376,2.2053385,5.0697665,3.3756967,4.6890025,1.8035284,2.7476716,2.6928687,4.2772627,2.2714465,3.9196143,2.2825022,4.0108824,3.7176247,0.38988042,1.2239914,1.0467231,2.233232,3.647496,3.2885609,1.743542,2.6246352,2.1583385,1.2964298,2.52194,3.1458373,3.6815479,3.4300265,3.7217064,4.2154603,3.8088932,4.4191775,3.5411515,3.8509963,4.313925,289.64032,289.64032,286.16208,286.16208,286.911,286.911,288.25247,288.25247,292.1337,292.1337,285.56042,285.56042,289.96292,289.96292,285.731,285.731,285.731,280.0621,280.0621,280.0621,287.57642,287.57642,287.57642,281.82782,286.01517,282.67294,282.63925,284.82742,281.82782,286.01517,282.67294,282.63925,284.82742,281.82782,286.01517,282.67294,282.63925,284.82742,0.8578376,1.7441833,0.5587622,6.9113336,0.28087312,4.4985485,0.5089604,0.1799654,0.0031383026,0.3193578,1.686146,3.4484897,3.7388952,3.3075802,3.2483451,1.2272737378630905,2.534421896248549,2.7865642676289064,2.0466493235458247,3.0254444932468014,4.2429843,5.1472964,5.0707555,4.6912355,2.7472634,4.279656,3.9183216,4.009665,1.2248157,3.6469646,3.1477654,3.6834326,3.4325852,3.72402,4.2171264,2.7859083620661953,2.82522645583909,3.9853979274351357,3.9058391912073147,4.314380644052418,3.3851466,3.403113,4.5119934,-2.220098,2.4663901,-0.21889278,3.4093611,3.8296998,1.2216774,3.3276067,1.4616194,0.23494312,-0.30631,0.41643965,0.968781,1.5586346242031048,0.29080455959054063,1.1988336598062292,1.85918986766149,1.288936150805617
2012-08-30 06:00:00,-6.4954348,-11.806196,-8.490297,-19.085339,-5.411216,-11.874964,-12.091118,-16.2728,-2.8314085,-3.544747,-11.837021,-17.493633,-5.0836587,-7.291615,-2.2934318,-2.9183633,-2.9779859,-0.328339,-1.0017518,-0.4782603,-2.9063137,-3.1639748,-2.8970838,-6.9854474,-9.640295,-8.242308,-4.35013,-10.079399,-12.274633,-12.765181,-13.35507,-13.460497,-14.248436,-9.043527,-10.383847,-9.323627,-7.339961,-11.037883,2.2074983,4.350551,2.6446245,5.750799,2.423825,5.518918,3.70517,5.04682,1.892523,2.8562734,3.1367707,4.853131,2.5894368,4.357346,2.5040445,4.2788057,3.9892566,0.394718,1.2409619,1.0590427,2.3985515,3.8276837,3.464333,2.118661,2.8462439,2.5187423,1.5198089,2.9945107,3.7072682,3.9182792,3.9015117,4.4332924,4.8351507,4.586438,4.7676377,4.000247,4.6190467,4.9188895,290.2425,290.2425,288.3551,288.3551,288.56738,288.56738,290.13184,290.13184,293.16025,293.16025,288.34262,288.34262,292.38202,292.38202,287.0282,287.0282,287.0282,280.21667,280.21667,280.21667,288.74304,288.74304,288.74304,284.61508,287.45047,285.06754,285.30325,287.71713,284.61508,287.45047,285.06754,285.30325,287.71713,284.61508,287.45047,285.06754,285.30325,287.71713,12.097752,19.621035,12.333913,16.700607,3.571633,18.355442,7.17504,2.9735355,1.0162646,3.28376,13.212794,13.575437,14.611379,13.578462,14.861654,10.860838582013008,11.537526555738733,12.213941304900471,8.119086188558537,13.676234135636717,4.3514915,5.7534585,5.519907,5.0490527,2.8558652,4.855524,4.356053,4.277589,1.2417862,3.827152,3.7091966,3.920164,3.9040709,4.435606,4.836817,3.292271780079921,3.0099302301766695,4.674342311313589,4.624473288653046,4.9191799847463615,-7.74626,-13.867577,-6.8140054,-11.651555,-0.71576786,-13.499917,-2.8189867,1.3040532,0.22552174,0.5433919,-9.503597,-9.6552725,-10.707308,-9.142856,-10.0248375,-7.568566801933087,-8.527596325562063,-7.539598993586882,-3.4946128999054906,-8.757054150890355
2012-08-30 07:00:00,-6.3312707,-11.501959,-12.189489,-27.15578,-3.8889627,-8.595672,-16.12361,-21.119358,-5.8467016,-6.831729,-16.634428,-23.95551,-8.854259,-11.577632,-4.7193785,-5.938127,-6.0919952,-0.4405307,-1.3524287,-0.6534898,-5.209208,-5.6528916,-5.2828045,-11.190462,-13.921774,-11.82325,-5.9822526,-14.618954,-19.104794,-17.825329,-18.67707,-18.70731,-20.089247,-14.906503,-15.465206,-13.806263,-10.616781,-16.254202,2.224104,4.378299,2.7860034,6.0520296,2.5735726,5.8267603,3.9906063,5.3568125,2.0869656,3.0935557,3.3191674,5.0897517,2.9454408,4.8474045,2.8034844,4.6409345,4.3563986,0.38255,1.1982759,1.0280554,2.6013255,4.0486946,3.6799293,2.4795198,3.137074,2.6947742,1.5700791,3.2510033,4.2473564,4.2289567,4.1317987,4.5934305,5.171494,5.3344245,5.2249417,4.2244825,4.791892,5.2472405,290.39648,290.39648,289.44492,289.44492,289.70264,289.70264,291.76,291.76,295.40314,295.40314,289.4858,289.4858,295.0903,295.0903,288.78152,288.78152,288.78152,279.82788,279.82788,279.82788,290.17398,290.17398,290.17398,287.2964,289.3341,286.23712,285.90277,289.28555,287.2964,289.3341,286.23712,285.90277,289.28555,287.2964,289.3341,286.23712,285.90277,289.28555,11.797271,27.170313,8.983306,20.894669,6.9152894,24.311882,11.419161,6.023696,1.3572171,5.828288,19.609482,18.151636,19.710682,18.420757,20.309124,16.96033233226555,16.491685486569043,17.354316036556433,10.862934670336825,18.587840900842558,4.3792396,6.054688,5.8277493,5.359045,3.093147,5.092145,4.846112,4.6397176,1.1991003,4.048163,4.249285,4.2308416,4.134358,4.5957446,5.17316,3.77938592578962,3.2523284072356606,5.010842113930541,4.786197655096576,5.247441230027008,-7.418031,-21.115625,-3.1555567,-15.535623,-3.8221421,-19.219738,-6.5730486,-1.3839782,-0.15811679,-1.7801253,-15.360198,-13.9207945,-15.576324,-13.825013,-15.135964,-13.18094640647593,-13.239357079333383,-12.343473922625893,-6.07673701524025,-13.34039967081555
2012-08-30 08:00:00,-8.925501,-16.200235,-14.720854,-32.661854,-6.869746,-14.877439,-18.262848,-23.57418,-6.719509,-7.6542387,-19.192736,-27.276129,-11.020497,-13.603213,-6.4564195,-8.015644,-8.231928,-0.68514705,-2.1409452,-1.0539286,-2.196752,-2.4013422,-2.1891298,-13.334192,-16.233234,-14.343046,-6.9408793,-17.275236,-22.404127,-20.428436,-22.324963,-21.809608,-23.339998,-17.959606,-18.328638,-17.021912,-12.644364,-19.336807,2.2289445,4.3863883,2.7801874,6.0396376,2.4688864,5.6115522,4.194481,5.5782266,2.2423422,3.283165,3.4528637,5.263194,3.2517855,5.269105,2.888897,4.744229,4.4611225,0.3896932,1.2233346,1.0462464,2.5180647,3.9579456,3.591404,2.6621854,3.3393216,2.991568,1.6314782,3.5335724,4.520748,4.4450054,4.520069,4.7890205,5.5420322,5.713053,5.542959,4.6025496,5.0030017,5.6089735,290.44138,290.44138,289.4001,289.4001,288.909,288.909,292.92294,292.92294,297.1954,297.1954,290.32376,290.32376,297.4208,297.4208,289.28165,289.28165,289.28165,280.05612,280.05612,280.05612,289.58643,289.58643,289.58643,288.65366,290.644,288.20908,286.635,291.01343,288.65366,290.644,288.20908,286.635,291.01343,288.65366,290.644,288.20908,286.635,291.01343,16.343733,32.19818,15.323452,22.807579,7.8003025,27.151129,13.447874,8.113904,2.1107137,2.4942954,22.509655,20.277779,22.747463,21.202164,23.061823,19.904395484356336,19.04220354757825,20.355870909624382,12.417874614602326,21.020577412783695,4.3873286,6.0422964,5.612541,5.580459,3.2827563,5.2655873,5.2678123,4.743012,1.224159,3.9574142,4.5226765,4.446891,4.522628,4.791334,5.5436983,4.025961785732472,3.420895342639046,5.578190000315395,4.983724478636715,5.609075339972623,-11.956404,-26.155886,-9.710911,-17.227121,-4.517546,-21.885542,-8.180061,-3.370892,-0.8865546,1.4631187,-17.986979,-15.830888,-18.224834,-16.41083,-17.518124,-15.878433698623864,-15.621308204939204,-14.777680909308987,-7.434150135965611,-15.411502072811071
2012-08-30 09:00:00,-7.9302816,-14.356771,-13.134654,-29.313938,-6.731332,-14.6039505,-19.391697,-24.829807,-7.427048,-8.265215,-20.600784,-29.064875,-11.621735,-13.912261,-5.6585126,-7.0931444,-7.289459,-0.725811,-2.2742236,-1.1244366,-7.973344,-8.546703,-8.152437,-15.144317,-17.48517,-15.848019,-7.5823097,-18.726288,-25.08347,-21.796507,-24.434267,-23.858513,-25.030893,-20.575108,-19.918547,-18.964342,-14.002442,-21.020466,2.3231869,4.54387,2.606543,5.6696615,2.4456835,5.5638533,4.3205876,5.715182,2.3311968,3.3915954,3.543989,5.3814096,3.5611994,5.69503,2.9793184,4.853581,4.5719876,0.3874086,1.2153201,1.0404284,2.5986748,4.0458055,3.6771107,2.778808,3.4708297,3.249247,1.7097349,3.7854886,4.6952944,4.585488,4.857168,5.038313,5.8723745,5.954788,5.7497435,4.93079,5.272075,5.931466,291.31534,291.31534,288.06155,288.06155,288.7331,288.7331,293.64227,293.64227,298.22034,298.22034,290.8949,290.8949,299.77466,299.77466,289.8111,289.8111,289.8111,279.98312,279.98312,279.98312,290.15527,290.15527,290.15527,289.5202,291.49576,289.92114,287.5683,292.55386,289.5202,291.49576,289.92114,287.5683,292.55386,289.5202,291.49576,289.92114,287.5683,292.55386,14.567664,29.301792,15.056613,23.713718,8.451747,28.597107,13.791601,7.184116,2.233428,8.762615,24.823406,21.309324,24.25682,23.020151,24.325289,22.358385923277204,20.36447800886023,21.81317135658416,13.436708284875118,22.107530222274676,4.5448103,5.67232,5.564842,5.717414,3.3911872,5.383803,5.6937375,4.8523636,1.2161446,4.045274,4.6972227,4.5873733,4.859727,5.0406265,5.8740406,4.183387790073725,3.5305033189479813,6.0707660062283395,5.235485973906554,5.93147956766518,-10.022854,-23.62947,-9.491771,-17.996304,-5.0605597,-23.213305,-8.097864,-2.3317523,-1.0172836,-4.7173414,-20.126183,-16.721952,-19.397095,-17.979525,-18.451248,-18.17499813320348,-16.83397468991225,-15.74240535035582,-8.201222310968564,-16.176050654609497
2012-08-30 10:00:00,-2.4006963,-4.369192,-6.4605327,-14.610903,-9.232086,-19.616285,-19.951984,-25.438679,-6.592702,-7.4927716,-21.34594,-29.99885,-10.947654,-13.175214,-8.695988,-10.611076,-10.906395,-0.72203404,-2.2604444,-1.1234599,-5.3704767,-5.8304615,-5.457536,-15.944047,-18.144312,-16.630236,-7.6623917,-19.405563,-26.215937,-22.503428,-25.489405,-24.017673,-25.789236,-21.698547,-20.76522,-19.979305,-14.064045,-21.811325,2.1266825,4.2155056,2.4843535,5.409317,2.3636885,5.3952928,4.3981743,5.799443,2.3714795,3.4407532,3.6007922,5.4551,3.7067823,5.895433,3.0496376,4.938621,4.6582055,0.37455583,1.1702318,1.0076971,2.663634,4.1166067,3.7461772,2.9232776,3.5719564,3.4429893,1.8113118,3.917877,4.911518,4.693516,5.110625,5.361891,6.0459785,6.254244,5.9087567,5.177586,5.621329,6.100945,289.49304,289.49304,287.11966,287.11966,288.11148,288.11148,294.08484,294.08484,298.685,298.685,291.25092,291.25092,300.88217,300.88217,290.22284,290.22284,290.22284,279.57245,279.57245,279.57245,290.61368,290.61368,290.61368,290.59366,292.15073,291.2084,288.7797,293.3634,290.59366,292.15073,291.2084,288.7797,293.3634,290.59366,292.15073,291.2084,288.7797,293.3634,4.6031275,15.303652,19.98611,24.114895,7.6925287,29.319199,13.082766,10.714811,2.2114756,6.00704,25.652592,21.772152,24.857485,23.182997,24.853487,23.247005526005196,20.993292181378344,22.364189181975554,13.55447955848115,22.555604050727958,4.216446,5.411976,5.3962817,5.8016753,3.440345,5.457493,5.89414,4.937404,1.1710562,4.116075,4.913446,4.6954007,5.1131835,5.3642044,6.047644,4.37840309920222,3.6147887502465257,6.441122122971604,5.56226880546552,6.100911525745105,-0.38668185,-9.891676,-14.589828,-18.31322,-4.2521834,-23.861708,-7.188626,-5.7774076,-1.0404195,-1.8909649,-20.739145,-17.076752,-19.7443,-17.818792,-18.805841,-18.868602426802976,-17.37850343113182,-15.923067059003952,-7.99221075301563,-16.454692524982853
2012-08-30 11:00:00,-6.8364677,-12.485726,-3.1183996,-7.1129284,-8.610131,-18.386234,-20.112782,-25.603159,-6.77955,-7.6313453,-21.670174,-30.39777,-9.820078,-12.031759,-9.932779,-11.9992,-12.334463,-0.99145555,-3.1624894,-1.5940135,-9.11733,-9.721556,-9.347508,-13.202076,-18.404552,-16.90561,-8.217026,-19.643866,-22.170803,-22.778074,-25.847935,-25.791416,-26.036234,-17.684435,-21.099903,-20.339771,-15.293186,-22.086353,2.0460181,4.0807133,2.2939866,5.0037107,2.4079406,5.4862638,4.454628,5.860753,2.440354,3.524802,3.657722,5.5289536,3.833326,6.0696273,3.1451352,5.054112,4.775295,0.39649063,1.2471805,1.063557,2.6581676,4.1106486,3.7403655,2.9164927,3.6446881,3.5276358,1.8685907,4.005674,4.901363,4.771211,5.221361,5.5443563,6.1611075,6.2401795,6.023121,5.2854123,5.8182735,6.213338,288.745,288.745,285.65222,285.65222,288.44696,288.44696,294.40686,294.40686,299.47946,299.47946,291.60773,291.60773,301.84485,301.84485,290.782,290.782,290.782,280.27332,280.27332,280.27332,290.5751,290.5751,290.5751,290.54324,292.6218,291.7708,289.4628,293.90027,290.54324,292.6218,291.7708,289.4628,293.90027,290.54324,292.6218,291.7708,289.4628,293.90027,12.773995,7.685155,18.78368,24.159834,7.8616366,29.556969,11.96842,12.10205,3.051211,9.942973,21.987461,21.890806,25.018488,24.71805,24.969202,19.32166702929678,21.17743272482908,22.507190116962725,14.40659044305378,22.642121082838603,4.081653,5.0063696,5.4872527,5.862986,3.5243938,5.531347,6.0683346,5.0528946,1.2480049,4.1101174,4.903291,4.773096,5.2239194,5.54667,6.1627736,4.369244171251111,3.675408912278225,6.602931773654653,5.746541557742025,6.213274288460155,-8.692343,-2.6787856,-13.296428,-18.296848,-4.337243,-24.025623,-5.9000854,-7.049155,-1.8032062,-5.832856,-17.084171,-17.117708,-19.794569,-19.171381,-18.806429,-14.952422858045669,-17.502023812550856,-15.904258343308072,-8.660048885311756,-16.428846794378448
2012-08-30 12:00:00,-7.167133,-13.094966,-7.2334805,-16.368725,-10.426701,-21.848017,-19.94371,-25.410803,-5.627645,-6.53342,-21.626507,-30.332224,-11.199649,-12.983285,-10.558072,-12.672459,-13.022956,-1.1963706,-3.8640761,-1.9744136,-7.7323833,-8.303047,-7.906685,-11.659842,-18.334936,-16.887487,-8.153357,-19.542381,-19.818756,-22.701118,-25.795753,-25.521881,-25.904243,-15.47615,-21.003624,-20.289564,-15.094094,-21.963358,2.0312028,4.055957,2.2299304,4.8672295,2.4603481,5.5940003,4.4736266,5.881386,2.4654875,3.555473,3.7183716,5.6076336,3.9704163,6.2583394,3.144223,5.0530086,4.7741766,0.4050187,1.2770976,1.0852749,2.6266415,4.0762877,3.706846,2.836896,3.7131004,3.6327405,1.9211026,4.050346,4.7822328,4.8442917,5.35886,5.711635,6.219687,6.0751915,6.1306925,5.419298,5.998826,6.270526,288.6076,288.6076,285.15845,285.15845,288.84427,288.84427,294.51523,294.51523,299.76938,299.76938,291.98785,291.98785,302.88776,302.88776,290.77667,290.77667,290.77667,280.5458,280.5458,280.5458,290.35263,290.35263,290.35263,289.9518,293.06488,292.46915,290.08905,294.17343,289.9518,293.06488,292.46915,290.08905,294.17343,289.9518,293.06488,292.46915,290.08905,294.17343,13.367955,17.187288,22.124186,23.959265,6.7601523,29.373571,12.923382,12.775109,3.6829293,8.515531,19.898813,21.704407,24.777573,24.48552,24.79738,17.183825244436708,20.963058791631212,22.177644738486524,14.292846104183798,22.479398196950335,4.056896,4.869888,5.594989,5.8836184,3.555065,5.610027,6.2570467,5.0517917,1.2779219,4.075756,4.7841606,4.8461766,5.3614187,5.7139487,6.2213526,4.261798636328289,3.7324278376823616,6.8038482768062165,5.915477456127755,6.270445678243144,-9.311059,-12.317401,-16.529196,-18.075645,-3.2050877,-23.763546,-6.666335,-7.723318,-2.4050074,-4.439775,-15.114653,-16.85823,-19.416155,-18.77157,-18.576029,-12.922026608108418,-17.23063095394885,-15.373796461680307,-8.377368648056043,-16.208952518707193
2012-08-30 13:00:00,-5.4626455,-9.984401,-7.1899633,-16.272335,-5.6548333,-12.380866,-19.44749,-24.862894,-4.2878294,-5.1586976,-21.168594,-29.75609,-5.3667054,-7.439547,-5.5276775,-6.9437656,-7.1381197,-1.2346323,-3.993272,-2.039525,-7.6956882,-8.245786,-7.8490934,-6.749097,-17.93217,-16.501675,-8.116474,-19.070177,-11.904705,-22.270588,-25.269932,-25.363255,-25.351091,-8.677443,-20.473469,-19.750282,-14.980993,-21.403685,2.0115795,4.023165,2.1716862,4.74313,2.4371574,5.546326,4.457453,5.8638206,2.4737635,3.5655723,3.72568,5.617115,3.9086027,6.1732497,3.0198774,4.902631,4.6217165,0.4128219,1.3044715,1.1051466,2.5079107,3.9468784,3.5806077,2.3514302,3.7605724,3.6358824,1.955011,4.0769167,4.055648,4.8950024,5.36297,5.8196526,6.2545285,5.06892,6.2053375,5.4233,6.1154146,6.30454,288.42563,288.42563,284.70947,284.70947,288.66846,288.66846,294.42297,294.42297,299.86484,299.86484,292.03366,292.03366,302.4175,302.4175,290.04858,290.04858,290.04858,280.79514,280.79514,280.79514,289.51477,289.51477,289.51477,286.34464,293.37234,292.49002,290.49344,294.3359,286.34464,293.37234,292.49002,290.49344,294.3359,286.34464,293.37234,292.49002,290.49344,294.3359,10.311593,17.118969,12.839783,23.5093,5.361916,28.849031,7.4291444,7.0329785,3.8071923,8.462552,12.661406,21.243563,24.312256,24.344915,24.271616,10.30809489108512,20.3830852375568,21.6268872779115,14.223591808999705,22.002987368768405,4.0241055,4.745789,5.547315,5.8660536,3.5651639,5.619508,6.171957,4.901414,1.305296,3.9463468,4.057576,4.8968883,5.3655286,5.8219657,6.256195,3.6064806679135613,3.771994314261098,6.809853909291279,6.024564225267139,6.304450870870186,-6.287487,-12.373179,-7.292468,-17.643248,-1.7967521,-23.229523,-1.2571876,-2.131565,-2.5018964,-4.516206,-8.603829,-16.346676,-18.946728,-18.52295,-18.01542,-6.701614223171558,-16.611090923295702,-14.817033368620221,-8.199027583732565,-15.69853649789822
2012-08-30 14:00:00,-3.773667,-6.8979044,-8.663886,-19.555588,-3.6386232,-8.123347,-18.447578,-23.74588,-5.8118157,-6.695124,-20.192553,-28.52612,-8.911176,-11.327866,-5.4149656,-6.792645,-6.9771104,-1.0571188,-3.3819375,-1.7025572,-7.6089954,-8.14699,-7.7499847,-7.5995646,-17.1004,-15.739076,-7.762372,-18.141848,-13.204982,-21.387806,-24.221352,-24.207441,-24.263828,-9.9804325,-19.394915,-18.695662,-14.173117,-20.307213,1.9844304,3.9777982,2.1856573,4.7728987,2.2950342,5.254157,4.4289,5.832811,2.5047622,3.6034012,3.7093246,5.5958967,3.6985426,5.884091,2.9200592,4.7819147,4.4993296,0.41245794,1.3031951,1.1042202,2.4556313,3.8898973,3.5250223,1.8829308,3.67394,3.6486096,1.9467123,4.0947084,3.354457,4.802459,5.3796206,5.7932167,6.277859,4.097817,6.069116,5.439513,6.08688,6.3273153,288.17386,288.17386,284.81717,284.81717,287.591,287.591,294.2601,294.2601,300.2224,300.2224,291.93115,291.93115,300.8195,300.8195,289.4641,289.4641,289.4641,280.7835,280.7835,280.7835,289.14584,289.14584,289.14584,282.86353,292.81125,292.5746,290.39447,294.4447,282.86353,292.81125,292.5746,290.39447,294.4447,282.86353,292.81125,292.5746,290.39447,294.4447,7.208875,20.338362,8.542361,22.576796,6.939834,27.787918,11.258155,6.8827004,3.2654355,8.364791,14.325911,20.605106,23.368212,23.345911,23.277042,12.036517392475997,19.51642088850531,20.528139572757677,13.675155881752097,21.107741176788725,3.9787383,4.775557,5.255146,5.835044,3.6029925,5.5982904,5.8827977,4.780698,1.3040193,3.8893654,3.356385,4.8043437,5.3821793,5.7955303,6.2795258,2.9740655635218554,3.6997889307993956,6.834183744987341,5.997866738864676,6.32722106465595,-3.2301369,-15.562806,-3.2872145,-16.74175,-3.3368413,-22.189629,-5.3753576,-2.1020026,-1.9614162,-4.475426,-10.969526,-15.800762,-17.986032,-17.55038,-16.997517,-9.062451828954142,-15.816631957705912,-13.693955827770337,-7.677289142887421,-14.780520112132775
2012-08-30 15:00:00,-3.714372,-6.794141,-6.5185523,-14.764446,-2.7175968,-6.1152773,-16.619045,-21.688696,-2.5009248,-3.1475275,-18.41237,-26.249628,-1.2493033,-1.9880311,-4.8222055,-6.0640163,-6.222052,-0.8193114,-2.5838585,-1.2865107,-4.81257,-5.210418,-4.8479996,-2.453799,-15.549754,-7.8795347,-6.996733,-16.497505,-4.4603496,-19.69755,-12.863376,-21.792084,-22.319683,-3.0237415,-17.420877,-8.78125,-12.535527,-18.375652,1.9557148,3.9298139,2.3196685,5.0584297,2.2491398,5.15981,4.1610384,5.541906,2.4788191,3.571742,3.6967769,5.579619,3.4179115,5.497786,2.8152997,4.6552234,4.370885,0.3902462,1.2252747,1.0476547,2.4112265,3.8414989,3.47781,1.8853827,3.6026964,3.0263655,1.8535367,4.0562496,3.3581269,4.7263536,4.565592,5.4964004,6.2274284,4.1028996,5.957093,4.646876,5.766512,6.278083,287.90756,287.90756,285.8502,285.8502,287.24307,287.24307,292.73218,292.73218,299.92316,299.92316,291.8525,291.8525,298.6846,298.6846,288.8507,288.8507,288.8507,280.0738,280.0738,280.0738,288.8325,288.8325,288.8325,282.88174,292.34982,288.44028,289.28326,294.20953,282.88174,292.34982,288.44028,289.28326,294.20953,282.88174,292.34982,288.44028,289.28326,294.20953,7.1049347,15.54232,6.474143,21.158932,3.2935982,25.764189,1.981318,6.150435,2.5210505,5.3831,5.0719695,19.197266,13.575886,21.233185,21.56428,3.84429386979114,17.741911947129484,10.805837990763411,12.490881523862711,19.576493958598732,3.9307537,5.0610886,5.160799,5.544139,3.5713334,5.582012,5.4964933,4.6540065,1.226099,3.8409672,3.3600547,4.7282386,4.5681505,5.498714,6.2290945,2.9773754182354226,3.6404097619785043,5.644708526202571,5.698110687404164,6.2780016780323615,-3.1741812,-10.481232,-1.313344,-15.614792,0.2777353,-20.182177,3.5151756,-1.4964283,-1.2949514,-1.542133,-1.7119145,-14.469027,-9.007735,-15.734471,-15.335186,-0.8669184515557173,-14.10150218515098,-5.16112946456084,-6.792770836458548,-13.298492280566371
2012-08-30 16:00:00,-2.1134982,-3.8773613,-1.4875011,-3.4071913,-5.6362376,-12.439487,-10.037212,-13.695467,-5.4088335,-6.3837824,-11.99035,-17.69854,-4.1784153,-6.1404977,-5.246944,-6.560519,-6.7280083,-0.2844597,-0.8556073,-0.41205642,-3.8198414,-4.1508765,-3.831378,-3.1928358,-9.305174,-6.7433085,-0.99227875,-10.461796,-5.7684736,-12.42092,-11.106053,-3.0023599,-14.734344,-3.97136,-9.933868,-7.4331117,-1.5069247,-11.420133,1.7624421,3.6068494,2.187015,4.7757916,2.1444774,4.9446516,3.495142,4.818723,2.1580203,3.1802645,3.5907083,5.442018,3.2517614,5.269072,2.7501252,4.576404,4.2909746,0.3485609,1.0790399,0.9414975,2.4316125,3.8637185,3.4994848,1.909159,3.493664,3.0768118,1.4088256,3.8984785,3.393712,4.6098804,4.6315856,4.079749,6.02054,4.152183,5.785648,4.711137,4.23745,6.0761113,286.11523,286.11523,284.82764,284.82764,286.44962,286.44962,288.9338,288.9338,296.22275,296.22275,291.1877,291.1877,297.42062,297.42062,288.4691,288.4691,288.4691,278.74185,278.74185,278.74185,288.97635,288.97635,288.97635,283.0584,291.64365,288.77545,283.97968,293.24478,283.0584,291.64365,288.77545,283.97968,293.24478,283.0584,291.64365,288.77545,283.97968,293.24478,4.1098886,3.746425,12.946036,14.402693,6.4930487,17.956799,6.090051,6.652269,0.8650044,4.297665,6.5005884,12.537346,11.758082,3.198825,14.6556835,5.00358815953186,10.444437663471204,9.139318323100804,1.976694090271537,13.366834093587567,3.6077893,4.77845,4.9456406,4.8209567,3.1798563,5.444411,5.2677794,4.575187,1.0798643,3.8631866,3.3956401,4.6117654,4.634145,4.0820627,6.022206,3.009470475081047,3.5495344996428253,5.741141072377183,4.267428366432518,6.076084669294822,-0.5020994,1.0320253,-8.000396,-9.581737,-3.3131924,-12.512387,-0.8222718,-2.077082,0.21485987,-0.43447843,-3.1049483,-7.9255805,-7.123937,0.88323796,-8.633478,-1.9941176844508135,-6.894903163828379,-3.398177250723621,2.290734276160981,-7.290749424292745
2012-08-30 17:00:00,-1.3800646,-2.5289366,-0.7888211,-1.8090627,-2.2763276,-5.1610746,-2.9401515,-4.2329745,-3.007876,-3.7555912,-2.7170432,-4.2385364,-2.9570725,-4.4916167,-1.5778881,-2.0341687,-2.0820308,-0.23579273,-0.6947296,-0.3374098,-2.8449326,-3.0950305,-2.8311024,-1.1239607,-2.29047,-5.5368066,-0.41002825,-1.7785507,-2.0638766,-3.256112,-9.206849,-1.2338221,-2.6517117,-1.3584644,-2.3269672,-6.0413294,-0.6110986,-1.8853838,1.797555,3.665524,1.9853299,4.3460684,2.1021457,4.8576283,3.377553,4.6910195,2.0245702,3.0174139,3.3716516,5.1578393,3.2617943,5.282883,2.7553887,4.58277,4.2974286,0.32074267,0.98145187,0.8706547,2.3608108,3.7865489,3.4242063,1.7669487,3.2722108,3.0525923,1.2836581,3.6055634,3.1808693,4.373315,4.5999017,3.6810212,5.6364355,3.85741,5.4374323,4.6802845,3.8070831,5.7011337,286.44086,286.44086,283.27295,283.27295,286.1287,286.1287,288.26306,288.26306,294.6834,294.6834,289.81476,289.81476,297.49695,297.49695,288.4999,288.4999,288.4999,277.853,277.853,277.853,288.4767,288.4767,288.4767,282.00174,290.20935,288.61453,282.48694,291.45364,282.00174,290.20935,288.61453,282.48694,291.45364,282.00174,290.20935,288.61453,282.48694,291.45364,2.6945899,2.021889,5.496403,4.6535897,3.8116155,4.5615025,4.4594364,2.072172,0.7027674,3.2135954,2.4043226,3.469553,9.84138,1.3322512,2.779909,1.765822513452623,2.55139267405513,7.491586762303983,0.8306463168514215,2.5567691948296045,3.666464,4.348727,4.8586173,4.693252,3.0170052,5.160232,5.28159,4.581553,0.98227626,3.7860174,3.1827977,4.3752,4.6024604,3.6833353,5.638101,2.817504445839423,3.3649603226975127,5.694843265222604,3.864751570290051,5.701209995052464,0.9718742,2.3268385,-0.63778573,0.039662305,-0.79461044,0.5987294,0.82215345,2.509381,0.2795089,0.572422,0.7784751,0.90564686,-5.2389193,2.3510842,2.8581924,1.0516819323868,0.8135676486423828,-1.796743497081379,3.0341052534386295,3.1444408002228594
2012-08-30 18:00:00,-0.0032799034,-0.006007526,0.0,0.0,-0.018002894,-0.04145151,0.0,0.0,0.0,0.0,0.0,0.0,0.0,0.0,-0.1555207,-0.20205452,-0.20621662,-0.006973616,-0.019993065,-0.00944703,-0.042872857,-0.04680714,-0.04169968,0.0,0.0,0.0,0.0,0.0,0.0,0.0,0.0,0.0,0.0,0.0,0.0,0.0,0.0,0.0,1.7589735,3.6010532,1.8307161,4.01664,2.0695713,4.7906647,3.3553715,4.6669292,1.9596301,2.9381657,2.9337387,4.58974,2.9819174,4.897617,2.660131,4.4675694,4.1806335,0.31669018,0.9672355,0.86033446,2.2820997,3.700759,3.3405182,1.7264193,2.9925804,2.876827,1.2094593,3.0982525,3.1202102,4.074602,4.3699636,3.444658,4.971189,3.7734013,4.9977384,4.4563885,3.551964,5.051696,286.08307,286.08307,282.08112,282.08112,285.88174,285.88174,288.13654,288.13654,293.93433,293.93433,287.0701,287.0701,295.3678,295.3678,287.94214,287.94214,287.94214,277.7235,277.7235,277.7235,287.92126,287.92126,287.92126,281.7006,288.39825,287.44672,281.60205,288.3515,281.7006,288.39825,287.44672,281.60205,288.3515,281.7006,288.39825,287.44672,281.60205,288.3515,0.0064735734,0.0,0.04494437,0.0,0.0,0.0,0.0,0.2063721,0.02079469,0.04898701,0.0,0.0,0.0,0.0,0.0,0.0,0.0,0.0,0.0,0.0,3.601993,4.019299,4.7916536,4.6691623,2.9377573,4.5921335,4.896324,4.4663525,0.9680599,3.700227,3.1221383,4.076487,4.3725224,3.4469714,4.972855,2.7627948205237165,3.1318970850755097,5.35885271214386,3.6260465700662503,5.051949695328311,3.5955195,4.019299,4.746709,4.6691623,2.9377573,4.5921335,4.896324,4.25998,0.9472652,3.6512399,3.1221383,4.076487,4.3725224,3.4469714,4.972855,2.7627948205237165,3.1318970850755097,5.35885271214386,3.6260465700662503,5.051949695328311
2012-08-30 19:00:00,0.0,0.0,0.0,0.0,0.0,0.0,0.0,0.0,0.0,0.0,0.0,0.0,0.0,0.0,0.0,0.0,0.0,0.0,0.0,0.0,0.0,0.0,0.0,0.0,0.0,0.0,0.0,0.0,0.0,0.0,0.0,0.0,0.0,0.0,0.0,0.0,0.0,0.0,1.7298301,3.5523536,1.9164474,4.1993046,1.9888728,4.624769,3.2992494,4.6059794,1.9298534,2.9018285,2.902971,4.5498257,2.889596,4.7705317,2.5038204,4.278535,3.9889822,0.29826915,0.90261346,0.813423,2.252299,3.668278,3.3088331,1.6655759,2.776508,2.180289,1.1269852,3.0145435,3.0291474,3.8437843,3.4587426,3.1819315,4.86142,3.647285,4.657984,3.569113,3.2683907,4.9445353,285.8128,285.8128,282.74197,282.74197,285.26996,285.26996,287.8164,287.8164,293.59085,293.59085,286.87726,286.87726,294.66547,294.66547,287.0269,287.0269,287.0269,277.13492,277.13492,277.13492,287.71097,287.71097,287.71097,281.2485,286.9988,282.8188,280.61847,287.83963,281.2485,286.9988,282.8188,280.61847,287.83963,281.2485,286.9988,282.8188,280.61847,287.83963,0.0,0.0,0.0,0.0,0.0,0.0,0.0,0.0,0.0,0.0,0.0,0.0,0.0,0.0,0.0,0.0,0.0,0.0,0.0,0.0,3.5532937,4.2019634,4.625758,4.608212,2.9014199,4.5522184,4.7692385,4.2773175,0.90343785,3.6677463,3.0310755,3.8456697,3.4613013,3.184245,4.8630857,2.6806638528071702,2.951807763341405,4.027358333350501,3.360718174521586,4.944818009390415,3.5532937,4.2019634,4.625758,4.608212,2.9014199,4.5522184,4.7692385,4.2773175,0.90343785,3.6677463,3.0310755,3.8456697,3.4613013,3.184245,4.8630857,2.6806638528071702,2.951807763341405,4.027358333350501,3.360718174521586,4.944818009390415
2012-08-30 20:00:00,0.0,0.0,0.0,0.0,0.0,0.0,0.0,0.0,0.0,0.0,0.0,0.0,0.0,0.0,0.0,0.0,0.0,0.0,0.0,0.0,0.0,0.0,0.0,0.0,0.0,0.0,0.0,0.0,0.0,0.0,0.0,0.0,0.0,0.0,0.0,0.0,0.0,0.0,1.7460899,3.5795243,1.9185655,4.2038174,2.0372148,4.724148,3.1954744,4.4932766,1.8882396,2.8510466,2.839838,4.4679236,2.7891073,4.632203,2.5504932,4.334978,4.046207,0.2976598,0.9004758,0.81187123,2.1984022,3.6095333,3.2515283,1.5922712,2.719782,2.176036,1.1451356,2.9165509,2.919434,3.7831872,3.4531784,3.2397509,4.7329206,3.4953399,4.568787,3.5636954,3.330798,4.819089,285.9636,285.9636,282.7583,282.7583,285.63644,285.63644,287.22446,287.22446,293.11084,293.11084,286.48157,286.48157,293.901,293.901,287.30017,287.30017,287.30017,277.11545,277.11545,277.11545,287.33063,287.33063,287.33063,280.70383,286.6314,282.79053,280.83493,287.24042,280.70383,286.6314,282.79053,280.83493,287.24042,280.70383,286.6314,282.79053,280.83493,287.24042,0.0,0.0,0.0,0.0,0.0,0.0,0.0,0.0,0.0,0.0,0.0,0.0,0.0,0.0,0.0,0.0,0.0,0.0,0.0,0.0,3.5804644,4.206476,4.7251363,4.495509,2.8506382,4.470317,4.63091,4.333761,0.9013002,3.609002,2.9213624,3.7850723,3.455737,3.2420645,4.7345862,2.5817119484055957,2.90452827832588,4.019227901068093,3.419110179163172,4.819406296912587,3.5804644,4.206476,4.7251363,4.495509,2.8506382,4.470317,4.63091,4.333761,0.9013002,3.609002,2.9213624,3.7850723,3.455737,3.2420645,4.7345862,2.5817119484055957,2.90452827832588,4.019227901068093,3.419110179163172,4.819406296912587
2012-08-30 21:00:00,0.0,0.0,0.0,0.0,0.0,0.0,0.0,0.0,0.0,0.0,0.0,0.0,0.0,0.0,0.0,0.0,0.0,0.0,0.0,0.0,0.0,0.0,0.0,0.0,0.0,0.0,0.0,0.0,0.0,0.0,0.0,0.0,0.0,0.0,0.0,0.0,0.0,0.0,1.6916103,3.4884877,1.8085934,3.9695046,2.0280647,4.7053375,3.0736,4.360917,1.8390675,2.791041,2.8284147,4.453105,2.7235067,4.5418997,2.5331063,4.313951,4.024889,0.26990938,0.8031256,0.74120104,2.159485,3.5671172,3.2101507,1.6214527,2.6445568,2.1879964,1.080126,2.935675,2.9631093,3.702829,3.4688253,3.0326595,4.7579985,3.5558267,4.450503,3.5789309,3.1072738,4.843571,285.45837,285.45837,281.91058,281.91058,285.56708,285.56708,286.52927,286.52927,292.54364,292.54364,286.40997,286.40997,293.40195,293.40195,287.19836,287.19836,287.19836,276.22876,276.22876,276.22876,287.056,287.056,287.056,280.92065,286.1442,282.87,280.05963,287.35736,280.92065,286.1442,282.87,280.05963,287.35736,280.92065,286.1442,282.87,280.05963,287.35736,0.0,0.0,0.0,0.0,0.0,0.0,0.0,0.0,0.0,0.0,0.0,0.0,0.0,0.0,0.0,0.0,0.0,0.0,0.0,0.0,3.4894276,3.972163,4.7063265,4.36315,2.7906325,4.455498,4.540607,4.3127346,0.80395,3.5665853,2.9650373,3.704714,3.471384,3.034973,4.7596645,2.6211031003987144,2.841830630824191,4.042091449300696,3.2099675204969538,4.843881860050607,3.4894276,3.972163,4.7063265,4.36315,2.7906325,4.455498,4.540607,4.3127346,0.80395,3.5665853,2.9650373,3.704714,3.471384,3.034973,4.7596645,2.6211031003987144,2.841830630824191,4.042091449300696,3.2099675204969538,4.843881860050607
2012-08-30 22:00:00,0.0,0.0,0.0,0.0,0.0,0.0,0.0,0.0,0.0,0.0,0.0,0.0,0.0,0.0,0.0,0.0,0.0,0.0,0.0,0.0,0.0,0.0,0.0,0.0,0.0,0.0,0.0,0.0,0.0,0.0,0.0,0.0,0.0,0.0,0.0,0.0,0.0,0.0,1.6533515,3.4245558,1.794733,3.9399729,1.9555379,4.5562406,2.9281743,4.202981,1.7901493,2.731345,2.7422848,4.3413696,2.7399619,4.5645514,2.434221,4.1943636,3.903646,0.25989613,0.7679985,0.715701,2.1431904,3.5493565,3.1928258,1.5711689,2.6609213,2.1401637,0.9033681,2.7937093,2.8878505,3.72031,3.40625,2.4695873,4.5718365,3.4515986,4.476234,3.518,2.4995217,4.6618323,285.10358,285.10358,281.80374,281.80374,285.01724,285.01724,285.69974,285.69974,291.97937,291.97937,285.87015,285.87015,293.52713,293.52713,286.61935,286.61935,286.61935,275.9088,275.9088,275.9088,286.941,286.941,286.941,280.54703,286.25018,282.5522,277.95163,286.48926,280.54703,286.25018,282.5522,277.95163,286.48926,280.54703,286.25018,282.5522,277.95163,286.48926,0.0,0.0,0.0,0.0,0.0,0.0,0.0,0.0,0.0,0.0,0.0,0.0,0.0,0.0,0.0,0.0,0.0,0.0,0.0,0.0,3.4254959,3.9426312,4.55723,4.205214,2.7309365,4.3437634,4.5632586,4.1931467,0.76882285,3.5488248,2.8897786,3.722195,3.4088085,2.471901,4.573502,2.5532261301169754,2.855469774561953,3.950654816699185,2.641318469232675,4.662192958948275,3.4254959,3.9426312,4.55723,4.205214,2.7309365,4.3437634,4.5632586,4.1931467,0.76882285,3.5488248,2.8897786,3.722195,3.4088085,2.471901,4.573502,2.5532261301169754,2.855469774561953,3.950654816699185,2.641318469232675,4.662192958948275
2012-08-30 23:00:00,0.0,0.0,0.0,0.0,0.0,0.0,0.0,0.0,0.0,0.0,0.0,0.0,0.0,0.0,0.0,0.0,0.0,0.0,0.0,0.0,0.0,0.0,0.0,0.0,0.0,0.0,0.0,0.0,0.0,0.0,0.0,0.0,0.0,0.0,0.0,0.0,0.0,0.0,1.66224,3.439409,1.7969856,3.9447725,1.9917471,4.6306777,2.8106923,4.0753922,1.8583888,2.8146188,2.7699366,4.377242,2.6813047,4.4838076,2.444264,4.2065096,3.9159603,0.22515726,0.64613235,0.6272337,2.1319249,3.5370777,3.1808484,1.519624,2.6635551,1.9839559,0.7940276,2.4675062,2.8107047,3.723124,3.2018967,2.1212776,4.14408,3.3447568,4.4803753,3.3190167,2.1235738,4.2442408,285.186,285.186,281.8211,281.8211,285.29175,285.29175,285.0296,285.0296,292.7665,292.7665,286.04346,286.04346,293.0809,293.0809,286.67816,286.67816,286.67816,274.79883,274.79883,274.79883,286.8615,286.8615,286.8615,280.16403,286.26724,281.5143,276.64764,284.49457,280.16403,286.26724,281.5143,276.64764,284.49457,280.16403,286.26724,281.5143,276.64764,284.49457,0.0,0.0,0.0,0.0,0.0,0.0,0.0,0.0,0.0,0.0,0.0,0.0,0.0,0.0,0.0,0.0,0.0,0.0,0.0,0.0,3.4403486,3.947431,4.6316667,4.077625,2.8142104,4.3796353,4.4825144,4.2052927,0.64695674,3.5365462,2.8126328,3.7250087,3.2044556,2.123591,4.145746,2.483647107243838,2.8576650758430957,3.6520502038563953,2.2895587108328,4.244715986655134,3.4403486,3.947431,4.6316667,4.077625,2.8142104,4.3796353,4.4825144,4.2052927,0.64695674,3.5365462,2.8126328,3.7250087,3.2044556,2.123591,4.145746,2.483647107243838,2.8576650758430957,3.6520502038563953,2.2895587108328,4.244715986655134
2012-09-19 00:00:00,0.0,0.0,0.0,0.0,0.0,0.0,0.0,0.0,0.0,0.0,0.0,0.0,0.0,0.0,0.0,0.0,0.0,0.0,0.0,0.0,0.0,0.0,0.0,0.0,0.0,0.0,0.0,0.0,0.0,0.0,0.0,0.0,0.0,0.0,0.0,0.0,0.0,0.0,1.7414335,3.5717432,1.9424103,4.2546225,1.8581779,4.356094,3.0022244,4.283402,1.7685344,2.7049677,2.2893896,3.7538352,2.56189,4.3194256,2.5679374,4.3560743,4.0675955,0.3178172,0.97118914,0.8632046,2.203929,3.6155577,3.2574048,1.6184955,2.1495142,2.1975224,1.16812,2.6067522,2.9586833,3.1740034,3.4812875,3.3129687,4.326676,3.5496972,3.6720917,3.5910656,3.4098256,4.4224977,285.9204,285.9204,282.9421,282.9421,284.27914,284.27914,286.12213,286.12213,291.73004,291.73004,283.0316,283.0316,292.17245,292.17245,287.4023,287.4023,287.4023,277.75952,277.75952,277.75952,287.36963,287.36963,287.36963,280.89868,282.93793,282.9333,281.10904,285.34604,280.89868,282.93793,282.9333,281.10904,285.34604,280.89868,282.93793,282.9333,281.10904,285.34604,0.0,0.0,0.0,0.0,0.0,0.0,0.0,0.0,0.0,0.0,0.0,0.0,0.0,0.0,0.0,0.0,0.0,0.0,0.0,0.0,3.5726833,4.2572813,4.357083,4.2856345,2.7045593,3.7562284,4.318133,4.354858,0.97201353,3.6150258,2.9606113,3.1758885,3.4838462,3.3152823,4.328342,2.617111315819539,2.429227878586795,4.060301510373823,3.4930530785979275,4.422923890390498,3.5726833,4.2572813,4.357083,4.2856345,2.7045593,3.7562284,4.318133,4.354858,0.97201353,3.6150258,2.9606113,3.1758885,3.4838462,3.3152823,4.328342,2.617111315819539,2.429227878586795,4.060301510373823,3.4930530785979275,4.422923890390498
2012-09-19 01:00:00,0.0,0.0,0.0,0.0,0.0,0.0,0.0,0.0,0.0,0.0,0.0,0.0,0.0,0.0,0.0,0.0,0.0,0.0,0.0,0.0,0.0,0.0,0.0,0.0,0.0,0.0,0.0,0.0,0.0,0.0,0.0,0.0,0.0,0.0,0.0,0.0,0.0,0.0,1.7138599,3.5256667,1.9080901,4.181498,1.9505503,4.545988,2.7015827,3.9568965,1.7429639,2.673764,2.2521944,3.7055821,2.589072,4.356843,2.4025326,4.156041,3.864793,0.30623758,0.9305671,0.83371556,1.9119302,3.2972977,2.9469428,1.5829356,2.0015707,2.096405,1.174786,2.5414288,2.9054618,3.0159643,3.3490043,3.3342035,4.241016,3.4759889,3.439464,3.4622588,3.4327452,4.338873,285.6647,285.6647,282.67755,282.67755,284.97943,284.97943,284.40723,284.40723,291.4351,291.4351,282.79846,282.79846,292.37924,292.37924,286.4338,286.4338,286.4338,277.38953,277.38953,277.38953,285.30905,285.30905,285.30905,280.63446,281.97974,282.26144,281.18854,284.9466,280.63446,281.97974,282.26144,281.18854,284.9466,280.63446,281.97974,282.26144,281.18854,284.9466,0.0,0.0,0.0,0.0,0.0,0.0,0.0,0.0,0.0,0.0,0.0,0.0,0.0,0.0,0.0,0.0,0.0,0.0,0.0,0.0,3.5266068,4.1841564,4.546977,3.9591293,2.6733556,3.7079756,4.3555503,4.1548243,0.9313915,3.296766,2.90739,3.0178492,3.3515627,3.336517,4.242682,2.5691101062549473,2.3059218506345207,3.86700618996646,3.5144983305493342,4.339322469223078,3.5266068,4.1841564,4.546977,3.9591293,2.6733556,3.7079756,4.3555503,4.1548243,0.9313915,3.296766,2.90739,3.0178492,3.3515627,3.336517,4.242682,2.5691101062549473,2.3059218506345207,3.86700618996646,3.5144983305493342,4.339322469223078
2012-09-19 02:00:00,0.0,0.0,0.0,0.0,0.0,0.0,0.0,0.0,0.0,0.0,0.0,0.0,0.0,0.0,0.0,0.0,0.0,0.0,0.0,0.0,0.0,0.0,0.0,0.0,0.0,0.0,0.0,0.0,0.0,0.0,0.0,0.0,0.0,0.0,0.0,0.0,0.0,0.0,1.6956317,3.4952073,1.9119501,4.189722,1.8966693,4.4352226,2.591644,3.8375,1.6886301,2.607459,2.3335865,3.8111713,2.58145,4.346351,2.3070455,4.0405636,3.7477167,0.2769399,0.827789,0.7591051,1.9343573,3.3217418,2.970788,1.5207574,2.127453,2.0630038,1.1424642,2.4933782,2.8124013,3.150437,3.305308,3.2312405,4.178006,3.3471065,3.6374025,3.4197106,3.3216121,4.277361,285.49567,285.49567,282.7073,282.7073,284.57095,284.57095,283.78012,283.78012,290.80835,290.80835,283.3086,283.3086,292.32126,292.32126,285.8747,285.8747,285.8747,276.4534,276.4534,276.4534,285.46732,285.46732,285.46732,280.17245,282.79504,282.03952,280.80307,284.65277,280.17245,282.79504,282.03952,280.80307,284.65277,280.17245,282.79504,282.03952,280.80307,284.65277,0.0,0.0,0.0,0.0,0.0,0.0,0.0,0.0,0.0,0.0,0.0,0.0,0.0,0.0,0.0,0.0,0.0,0.0,0.0,0.0,3.4961476,4.192381,4.4362116,3.839733,2.607051,3.8135645,4.3450584,4.039346,0.8286134,3.3212101,2.8143294,3.152322,3.3078668,3.2335544,4.1796727,2.4851772913325227,2.4108407576595847,3.8031568340726447,3.4105156136978088,4.277826978123688,3.4961476,4.192381,4.4362116,3.839733,2.607051,3.8135645,4.3450584,4.039346,0.8286134,3.3212101,2.8143294,3.152322,3.3078668,3.2335544,4.1796727,2.4851772913325227,2.4108407576595847,3.8031568340726447,3.4105156136978088,4.277826978123688
2012-09-19 03:00:00,0.0,0.0,0.0,0.0,0.0,0.0,0.0,0.0,0.0,0.0,0.0,0.0,0.0,0.0,0.0,0.0,0.0,0.0,0.0,0.0,0.0,0.0,0.0,0.0,0.0,0.0,0.0,0.0,0.0,0.0,0.0,0.0,0.0,0.0,0.0,0.0,0.0,0.0,1.5049523,3.1765761,1.8848194,4.131916,1.8006015,4.237732,2.5821643,3.8272047,1.6576893,2.569701,2.3397508,3.8191674,2.5712929,4.33237,2.2535136,3.9758246,3.6820817,0.29071337,0.8761072,0.7941811,1.8923184,3.2759218,2.9260907,1.5186998,2.138738,2.1347022,1.0112985,2.5063539,2.8093216,3.162492,3.3991053,2.8134055,4.1950216,3.342841,3.655147,3.511043,2.8706224,4.293972,283.7274,283.7274,282.49817,282.49817,283.84265,283.84265,283.72604,283.72604,290.45145,290.45145,283.34723,283.34723,292.244,292.244,285.56125,285.56125,285.56125,276.8935,276.8935,276.8935,285.17065,285.17065,285.17065,280.15717,282.86813,282.5159,279.2388,284.73212,280.15717,282.86813,282.5159,279.2388,284.73212,280.15717,282.86813,282.5159,279.2388,284.73212,0.0,0.0,0.0,0.0,0.0,0.0,0.0,0.0,0.0,0.0,0.0,0.0,0.0,0.0,0.0,0.0,0.0,0.0,0.0,0.0,3.1775162,4.1345744,4.238721,3.829437,2.569293,3.8215613,4.3310766,3.9746075,0.87693167,3.2753901,2.8112497,3.164377,3.401664,2.8157194,4.196688,2.482399674562846,2.420246386583265,3.9402152011659415,2.9885422069702754,4.294433571067022,3.1775162,4.1345744,4.238721,3.829437,2.569293,3.8215613,4.3310766,3.9746075,0.87693167,3.2753901,2.8112497,3.164377,3.401664,2.8157194,4.196688,2.482399674562846,2.420246386583265,3.9402152011659415,2.9885422069702754,4.294433571067022
2012-09-19 04:00:00,0.0,0.0,0.0,0.0,0.0,0.0,0.0,0.0,0.0,0.0,0.0,0.0,0.0,0.0,0.0,0.0,0.0,0.0,0.0,0.0,0.0,0.0,0.0,0.0,0.0,0.0,0.0,0.0,0.0,0.0,0.0,0.0,0.0,0.0,0.0,0.0,0.0,0.0,1.4947802,3.1595788,1.7507489,3.846258,1.6531203,3.9345489,2.4982214,3.7360404,1.6344234,2.5413094,2.3304994,3.8071666,2.5306916,4.2764807,2.2373984,3.9563355,3.6623232,0.26971072,0.8024287,0.7406951,1.8560654,3.2364085,2.8875456,1.5087316,2.1257288,2.0493484,0.9931763,2.434158,2.7944026,3.1485946,3.2874439,2.7556763,4.1003504,3.3221793,3.6346908,3.4023159,2.808312,4.2015505,283.63306,283.63306,281.4647,281.4647,282.72458,282.72458,283.24722,283.24722,290.18307,290.18307,283.28925,283.28925,291.93512,291.93512,285.4669,285.4669,285.4669,276.2224,276.2224,276.2224,284.91483,284.91483,284.91483,280.0831,282.78387,281.9488,279.02267,284.29065,280.0831,282.78387,281.9488,279.02267,284.29065,280.0831,282.78387,281.9488,279.02267,284.29065,0.0,0.0,0.0,0.0,0.0,0.0,0.0,0.0,0.0,0.0,0.0,0.0,0.0,0.0,0.0,0.0,0.0,0.0,0.0,0.0,3.1605186,3.8489163,3.9355378,3.7382731,2.5409012,3.8095596,4.2751875,3.9551187,0.8032531,3.235877,2.7963307,3.1504798,3.2900028,2.7579896,4.1020164,2.4689440340438735,2.4094034047635233,3.77705340515731,2.930240758095087,4.202037042790767,3.1605186,3.8489163,3.9355378,3.7382731,2.5409012,3.8095596,4.2751875,3.9551187,0.8032531,3.235877,2.7963307,3.1504798,3.2900028,2.7579896,4.1020164,2.4689440340438735,2.4094034047635233,3.77705340515731,2.930240758095087,4.202037042790767
2012-09-19 05:00:00,0.0,0.0,0.0,0.0,0.0,0.0,-0.011554597,-0.017031,0.0,0.0,0.0,0.0,0.0,0.0,0.0,0.0,0.0,0.0,0.0,0.0,0.0,0.0,0.0,0.0,0.0,0.0,0.0,0.0,0.0,0.0,0.0,0.0,0.0,0.0,0.0,0.0,0.0,0.0,1.503557,3.1742444,1.7043338,3.7473633,1.6548592,3.938124,2.2851498,3.504639,1.6471702,2.5568647,2.3098838,3.7804217,2.4545288,4.171637,2.1357975,3.8334641,3.5377507,0.26840034,0.7978318,0.737358,1.8253006,3.2028768,2.854836,1.4933667,2.0871193,2.1082594,0.956668,2.4114456,2.7714062,3.107351,3.364513,2.639377,4.0705667,3.290331,3.5739813,3.4773598,2.6827846,4.1724744,283.71445,283.71445,281.1069,281.1069,282.73776,282.73776,282.03183,282.03183,290.3301,290.3301,283.16003,283.16003,291.3557,291.3557,284.87198,284.87198,284.87198,276.18054,276.18054,276.18054,284.69772,284.69772,284.69772,279.96893,282.5338,282.3402,278.58728,284.15176,279.96893,282.5338,282.3402,278.58728,284.15176,279.96893,282.5338,282.3402,278.58728,284.15176,0.0,0.0,0.0,0.020978345,0.0,0.0,0.0,0.0,0.0,0.0,0.0,0.0,0.0,0.0,0.0,0.0,0.0,0.0,0.0,0.0,3.1751847,3.750022,3.9391127,3.5068712,2.5564563,3.782815,4.170345,3.832247,0.79865617,3.2023451,2.7733345,3.109236,3.3670714,2.6416907,4.0722327,2.4482033866679047,2.3772239795440533,3.8896677944166713,2.812789929077534,4.172969117988801,3.1751847,3.750022,3.9391127,3.485893,2.5564563,3.782815,4.170345,3.832247,0.79865617,3.2023451,2.7733345,3.109236,3.3670714,2.6416907,4.0722327,2.4482033866679047,2.3772239795440533,3.8896677944166713,2.812789929077534,4.172969117988801
2012-09-19 06:00:00,-0.38756108,-0.712328,-0.48947725,-1.0752099,-0.53308785,-1.278154,-1.0922705,-1.5868002,-0.24035467,-0.31763104,-3.376268,-5.359792,-0.73201346,-1.1759933,-0.68333465,-0.86729085,-0.8759716,-0.06381279,-0.11733946,-0.07074307,-1.3360239,-1.4321389,-1.2775351,-1.7417289,-3.129423,-0.7378557,-0.48889744,-2.8858519,-3.0899348,-4.3666887,-1.3076165,-1.3135247,-4.2400737,-2.1143556,-3.2356825,-0.7946795,-0.6906817,-3.0709827,1.4692438,3.1169057,1.6884584,3.7135382,1.5999678,3.8252816,2.1688714,3.378357,1.6360108,2.5432467,2.368274,3.856171,2.3654084,4.0489583,2.0804784,3.7665634,3.469924,0.24821907,0.7270347,0.68596375,1.7733322,3.1462355,2.799581,1.5434332,2.1868176,1.9819027,0.9444645,2.5678396,2.8463392,3.2138526,3.1992114,2.6005025,4.275649,3.3941083,3.7307484,3.3164017,2.640825,4.3726835,283.39624,283.39624,280.98453,280.98453,282.32162,282.32162,281.36856,281.36856,290.2014,290.2014,283.526,283.526,290.67773,290.67773,284.54807,284.54807,284.54807,275.5357,275.5357,275.5357,284.331,284.331,284.331,280.34094,283.17953,281.50067,278.44174,285.1081,280.34094,283.17953,281.50067,278.44174,285.1081,280.34094,283.17953,281.50067,278.44174,285.1081,0.7657395,1.2253898,1.379511,1.9574468,0.31689888,6.185147,1.156825,0.88038206,0.12717259,1.4924476,3.630018,5.0800967,1.5785834,1.4468025,4.6794724,2.697160765277598,3.8909342208830044,1.1718504113045276,0.9783282509627005,4.360669335970757,3.117846,3.7161968,3.8262703,3.3805897,2.5428383,3.8585641,4.0476656,3.7653465,0.7278591,3.145703,2.8482676,3.215738,3.2017696,2.6028156,4.277315,2.5157865172514544,2.460319471149957,3.6481254703464208,2.7735298881730204,4.373123273013895,2.3521066,2.4908068,2.4467595,1.4231429,2.2259393,-2.3265824,2.8908408,2.8849645,0.6006865,1.6532556,-0.78175056,-1.8643589,1.6231862,1.1560131,-0.40215722,-0.18137424802614355,-1.4306147497330475,2.4762750590418934,1.79520163721032,0.01245393704313802
2012-09-19 07:00:00,-3.0236888,-5.5760446,-1.6258905,-3.5209746,-2.0024738,-4.753239,-3.3943076,-4.773634,-0.73119557,-0.9529111,-6.01243,-9.366143,-2.0382674,-3.1302295,-2.0069656,-2.5191298,-2.5522308,-0.074122354,-0.14636263,-0.08542231,-3.7086296,-3.9557083,-3.6355574,-2.4181345,-4.7531376,-2.6571977,-0.7857272,-5.4499817,-4.2322598,-6.5057216,-4.6028013,-2.1160624,-7.8435583,-2.9755485,-4.994341,-2.9338453,-1.1353695,-5.8725767,1.4463954,3.0787263,1.5621833,3.444489,1.6291122,3.8851948,2.0507526,3.2500763,1.5447515,2.4318812,2.437289,3.945703,2.3804,4.069595,2.0904958,3.778678,3.482206,0.25207388,0.74055755,0.6957805,1.8102293,3.1864502,2.8388114,1.4878796,2.3008165,2.0237048,0.94773483,2.6487937,2.7631938,3.335631,3.253897,2.6109197,4.381806,3.2789578,3.9100015,3.3696506,2.6520693,4.4763174,283.18436,283.18436,280.01114,280.01114,282.54257,282.54257,280.6948,280.6948,289.1487,289.1487,283.95856,283.95856,290.79178,290.79178,284.60672,284.60672,284.60672,275.65887,275.65887,275.65887,284.59137,284.59137,284.59137,279.92816,283.91788,281.7784,278.48074,285.60312,279.92816,283.91788,281.7784,278.48074,285.60312,279.92816,283.91788,281.7784,278.48074,285.60312,5.8382654,3.9846487,5.045764,5.82771,0.94482315,10.555683,3.0768948,2.5503004,0.15588896,4.089324,4.945721,7.391967,5.4074764,2.2997627,8.473754,3.7660196142068174,5.897521225865294,4.252683069767501,1.5429164330253358,7.871065189388778,3.0796661,3.4471476,3.8861837,3.2523093,2.4314728,3.948096,4.0683017,3.7774608,0.7413819,3.1859188,2.7651222,3.3375163,3.2564557,2.6132333,4.383472,2.4407964086154337,2.555333995650795,3.7280337470226605,2.7840508217599287,4.4767292515268995,-2.7585993,-0.5375011,-1.1595802,-2.5754008,1.4866498,-6.6075873,0.991407,1.2271605,0.5854929,-0.9034051,-2.1805992,-4.0544505,-2.151021,0.31347072,-4.090282,-1.3252232055913837,-3.3421872302144986,-0.5246493227448408,1.241134388734593,-3.3943359378618787
2012-09-19 08:00:00,-2.256919,-4.158712,-3.3498724,-7.1261473,-3.7238321,-8.721649,-3.6905215,-5.1251283,-4.5012145,-5.3633666,-7.804424,-12.01017,-4.1343746,-5.931176,-3.9295883,-4.8567286,-4.942251,-0.036153793,-0.038529254,-0.032983676,-6.508918,-6.8696256,-6.5146127,-4.164808,-5.6002383,-3.605195,-0.62871194,-7.1643457,-7.086318,-7.595514,-6.1865854,-1.680839,-10.168835,-5.3362565,-5.931154,-4.028165,-0.89612985,-7.785213,1.488419,3.1489491,1.4873071,3.284954,1.6525526,3.9333823,1.8644366,3.047732,1.6762406,2.59234,2.4704916,3.9887757,2.4735677,4.1978455,2.150339,3.8510494,3.5555794,0.21058723,0.59501964,0.59012914,1.8756558,3.257761,2.9083748,1.455503,2.3689032,2.0721347,0.9273939,2.6585956,2.7147362,3.408364,3.3172536,2.5461228,4.394659,3.2118468,4.0170617,3.4313421,2.5821304,4.4888654,283.57407,283.57407,279.43396,279.43396,282.72028,282.72028,279.63202,279.63202,290.66544,290.66544,284.16666,284.16666,291.50055,291.50055,284.95712,284.95712,284.95712,274.33328,274.33328,274.33328,285.05307,285.05307,285.05307,279.6876,284.35886,282.1002,278.23816,285.66306,279.6876,284.35886,282.1002,278.23816,285.66306,279.6876,284.35886,282.1002,278.23816,285.66306,4.386879,7.8882895,9.101166,6.3382664,5.318851,13.346606,5.8299155,4.8987308,0.04868306,7.0429363,8.079887,8.52425,7.162235,1.8427188,10.868428,6.5651140957084895,6.93267395901313,5.766621526422299,1.2464861056642491,10.080773873442155,3.149889,3.2876127,3.934371,3.049965,2.5919316,3.9911692,4.1965528,3.8498325,0.5958441,3.257229,2.7166646,3.4102492,3.3198123,2.5484364,4.396325,2.3970919116187055,2.6120819446892805,3.8206118010029124,2.718611932024138,4.489273616350248,-1.2369897,-4.6006765,-5.166795,-3.2883012,-2.7269192,-9.355437,-1.6333628,-1.0488983,0.54716104,-3.7857072,-5.363223,-5.114001,-3.8424227,0.7057175,-6.472103,-4.168022184089784,-4.320592014323849,-1.9460097254193869,1.4721258263598889,-5.591500257091907
2012-09-19 09:00:00,-5.134974,-9.488789,-2.9379761,-6.2731752,-7.2024364,-16.30175,-6.804238,-9.110114,-6.879575,-7.727618,-5.231536,-8.199469,-4.3258657,-6.1815147,-9.504749,-11.079714,-11.327468,-0.056292184,-0.05843362,-0.0557597,-10.683906,-10.971655,-10.794864,-2.325019,-5.3307247,-5.9774146,-0.91509724,-6.14904,-4.0025787,-7.2596664,-10.010623,-2.262183,-8.800719,-2.850567,-5.6264653,-6.8867254,-1.31603,-6.648313,1.3953716,2.9934635,1.4980519,3.307847,1.6946833,4.019992,1.9561955,3.147385,1.8597143,2.8162365,2.4597988,3.9749045,2.5833437,4.348958,2.2701187,3.995906,3.7024412,0.20729499,0.5834704,0.58174497,1.9922069,3.3847947,3.0322955,1.3264148,2.398084,2.1111166,0.8052971,2.6635911,2.521534,3.439536,3.3682501,2.157177,4.4012103,2.9442742,4.0629454,3.4809988,2.162322,4.4952607,282.71118,282.71118,279.51678,279.51678,283.03967,283.03967,280.15543,280.15543,292.7818,292.7818,284.09964,284.09964,292.33566,292.33566,285.65848,285.65848,285.65848,274.2281,274.2281,274.2281,285.87555,285.87555,285.87555,278.72842,284.54785,282.3592,276.78204,285.6936,278.72842,284.54785,282.3592,276.78204,285.6936,278.72842,284.54785,282.3592,276.78204,285.6936,9.719737,6.985292,16.524767,10.871558,7.7072043,9.274262,6.0832524,11.094244,0.07217016,11.139323,4.759959,8.141862,11.273276,2.4768114,9.459942,3.6311810835834324,6.56566306600319,9.664261351269827,1.7415532958536297,8.780595318881764,2.9944034,3.3105059,4.0209804,3.149618,2.8158278,3.9772978,4.347665,3.994689,0.5842948,3.3842626,2.523462,3.441421,3.3708088,2.1594906,4.4028764,2.222839426447175,2.636403055304875,3.895129056705719,2.325813946761398,4.495667154633432,-6.7253337,-3.674786,-12.503787,-7.72194,-4.8913765,-5.296964,-1.7355876,-7.099555,0.5121246,-7.75506,-2.2364972,-4.700441,-7.9024673,-0.31732076,-5.057066,-1.4083416571362575,-3.9292600106983153,-5.769132294564108,0.5842606509077681,-4.284928164248331
2012-09-19 10:00:00,-6.8759704,-12.7209835,-3.503767,-7.2374363,-4.920955,-11.393748,-8.801808,-11.632499,-7.3954325,-8.19791,-7.132453,-11.028961,-8.175538,-10.403034,-12.919149,-14.485304,-14.808451,-0.112920664,-0.11548836,-0.11766472,-10.57187,-10.899898,-10.701759,-1.969801,-7.2510567,-6.7312217,-0.8874917,-6.806133,-3.3384979,-9.652607,-11.21175,-2.0981216,-9.690936,-2.3882668,-7.807452,-7.8202972,-1.2598997,-7.382143,1.4605031,3.1023006,1.3343288,2.9590096,1.695601,4.0218782,2.1191425,3.3243499,1.9953413,2.981744,2.4739192,3.993223,2.7137063,4.528409,2.3629375,4.108157,3.816246,0.22916773,0.66020125,0.6374469,2.039271,3.4360914,3.0823352,1.2099278,2.4296017,2.1634917,0.77389395,2.6771061,2.3471904,3.4732041,3.4367688,2.0571406,4.4189324,2.7028198,4.112504,3.5477169,2.0543475,4.512562,283.3152,283.3152,278.25473,278.25473,283.04663,283.04663,281.0849,281.0849,294.34625,294.34625,284.18814,284.18814,293.3274,293.3274,286.20197,286.20197,286.20197,274.92697,274.92697,274.92697,286.20767,286.20767,286.20767,277.86288,284.75198,282.70718,276.40753,285.77625,277.86288,284.75198,282.70718,276.40753,285.77625,277.86288,284.75198,282.70718,276.40753,285.77625,12.82622,8.044598,11.763163,13.518145,8.225576,12.306393,10.236173,14.460739,0.1393341,11.068109,4.053022,10.653841,12.490008,2.317924,10.368904,3.056665698485519,9.008855997185854,10.847277762682264,1.6715423177974185,9.617747487347103,3.1032405,2.961668,4.022867,3.3265827,2.981336,3.995616,4.527117,4.10694,0.6610257,3.4355595,2.3491185,3.4750896,3.4393272,2.0594542,4.4205985,2.065596378899133,2.6626720539981914,3.995249271950105,2.224786640831391,4.512963559899026,-9.722979,-5.0829296,-7.7402954,-10.191562,-5.24424,-8.310777,-5.7090564,-10.353799,0.52169156,-7.632549,-1.7039033,-7.1787515,-9.050681,-0.25846985,-5.948305,-0.9910693195863858,-6.346183943187663,-6.85202849073216,0.5532443230339725,-5.104783927448077
2012-09-19 11:00:00,-7.7856607,-14.395653,-5.670132,-11.869225,-3.7666516,-8.828543,-12.78674,-16.46978,-7.525329,-8.300805,-5.262165,-8.247202,-10.525755,-12.542515,-12.415293,-14.076829,-14.398941,-0.09274505,-0.09559539,-0.094070315,-11.6694,-11.967619,-11.822914,-1.8174219,-6.395256,-7.280972,-0.81618136,-7.974078,-3.032734,-8.604143,-11.987292,-1.9337511,-11.250418,-2.196439,-6.8214855,-8.567862,-1.1480203,-8.697679,1.5550746,3.260332,1.4620649,3.2311711,1.6213068,3.869149,2.38243,3.6102874,2.1120489,3.1241655,2.4730427,3.9920855,2.897166,4.7809515,2.413691,4.1695356,3.8784747,0.22418877,0.64273494,0.62476736,2.1376593,3.5433283,3.1869447,1.1436794,2.4380357,2.044801,0.77473587,2.6973786,2.2480378,3.482214,3.2814956,2.0598226,4.445516,2.5655005,4.1257668,3.3965237,2.0572424,4.5385137,284.1922,284.1922,279.23938,279.23938,282.4834,282.4834,282.58673,282.58673,295.69247,295.69247,284.18265,284.18265,294.72305,294.72305,286.49915,286.49915,286.49915,274.76788,274.76788,274.76788,286.90198,286.90198,286.90198,277.37064,284.8066,281.91858,276.41757,285.9002,277.37064,284.8066,281.91858,276.41757,285.9002,277.37064,284.8066,281.91858,276.41757,285.9002,14.427933,12.683817,9.210147,18.340294,8.376558,9.317179,12.355745,14.056739,0.116383106,12.125727,3.725006,9.544517,13.380469,2.147686,11.944547,2.7981409094031613,7.89415024367442,12.02314779555924,1.5516204641580449,11.066741902463203,3.2612722,3.2338297,3.870138,3.6125205,3.123757,3.994479,4.779659,4.168319,0.6435593,3.5427964,2.2499661,3.4840994,3.284054,2.062136,4.4471817,1.9761693160350928,2.669701730730294,3.7683610423499836,2.227495081480916,4.53890816779742,-11.166661,-9.449986,-5.340009,-14.727774,-5.252802,-5.3227,-7.5760865,-9.88842,0.52717614,-8.582931,-1.47504,-6.060417,-10.0964155,-0.085549936,-7.4973645,-0.8219715933680685,-5.224448512944126,-8.254786753209256,0.6758746173228711,-6.5278337346657835
2012-09-19 12:00:00,-8.449095,-15.612324,-6.8239355,-14.466428,-5.7929616,-13.3303585,-9.464601,-12.550324,-7.4054217,-8.176689,-6.2710114,-9.762826,-10.104367,-12.16677,-14.681167,-16.231995,-16.591923,-0.08727391,-0.08957867,-0.089809135,-12.884027,-13.079388,-13.017398,-2.4518216,-4.986626,-6.3401976,-0.7128849,-4.0145974,-4.1372194,-6.827064,-10.541088,-1.5351,-5.845643,-3.0215309,-5.2405014,-7.3601832,-0.96104115,-4.2958913,1.5820397,3.3053916,1.6026835,3.5307813,1.6197975,3.8660457,2.30464,3.5258055,2.203028,3.2351885,2.513515,4.0445895,3.0749292,5.025653,2.4863713,4.257432,3.9675872,0.21824235,0.62187445,0.6096239,2.186211,3.5962465,3.2385666,1.2311289,2.4439309,2.0418522,0.7336983,2.631421,2.3789215,3.4885113,3.2776375,1.9290953,4.359025,2.7467656,4.135035,3.3927672,1.9161419,4.4540777,284.44226,284.44226,280.32333,280.32333,282.47195,282.47195,282.143,282.143,296.7419,296.7419,284.4363,284.4363,296.07538,296.07538,286.9247,286.9247,286.9247,274.57788,274.57788,274.57788,287.2446,287.2446,287.2446,278.02042,284.8448,281.899,275.92816,285.4969,278.02042,284.8448,281.899,275.92816,285.4969,278.02042,284.8448,281.899,275.92816,285.4969,15.567145,15.207728,13.652091,14.341253,8.29193,10.923969,12.009005,16.18239,0.10897,13.224101,4.9579268,7.6439843,11.880974,1.7550886,6.378702,3.831579271003931,6.097186152033927,10.398661606692423,1.341870118044349,5.933272274511499,3.3063314,3.5334396,3.8670347,3.5280383,3.2347803,4.046983,5.0243597,4.256215,0.6226988,3.5957146,2.3808498,3.4903963,3.2801964,1.9314088,4.360691,2.0942152566737255,2.6746146500553563,3.762724176771899,2.0954730064157663,4.454495578436228,-12.260814,-11.674289,-9.785057,-10.813215,-5.05715,-6.876986,-6.9846454,-11.926175,0.51372874,-9.6283865,-2.577077,-4.1535883,-8.600778,0.1763202,-2.0180113,-1.7373640143302054,-3.422571501978571,-6.635937429920524,0.7536028883714172,-1.478776696075271
2012-09-19 13:00:00,-8.515277,-15.7231865,-6.1818333,-13.145494,-8.168071,-18.268505,-5.819239,-7.9645476,-6.239446,-7.1160817,-12.761965,-19.05956,-10.155902,-12.168057,-13.785795,-15.424771,-15.774395,-0.100683555,-0.10290542,-0.105156645,-12.521465,-12.764927,-12.671921,-3.44431,-6.602953,-6.913978,-0.57425165,-11.1413,-5.811869,-8.842817,-11.385622,-1.3027873,-15.294255,-4.3663855,-7.070663,-8.114512,-0.7697307,-12.354066,1.6374174,3.3979297,1.6071095,3.5402117,1.7732444,4.181493,2.1225774,3.3280802,2.254102,3.2975156,2.6015239,4.158763,3.216404,5.2204003,2.4817429,4.251835,3.9619129,0.22244287,0.6366101,0.62032115,2.1908772,3.6013324,3.2435277,1.3184922,2.3645024,1.986326,0.7511426,2.6193488,2.5096762,3.403663,3.2049973,1.9846648,4.343194,2.9278522,4.0101414,3.3220358,1.9761208,4.4386234,284.9558,284.9558,280.35745,280.35745,283.63525,283.63525,281.1045,281.1045,297.33105,297.33105,284.9879,284.9879,297.15164,297.15164,286.8976,286.8976,286.8976,274.7121,274.7121,274.7121,287.27753,287.27753,287.27753,278.66956,284.33035,281.53006,276.1362,285.42307,278.66956,284.33035,281.53006,276.1362,285.42307,278.66956,284.33035,281.53006,276.1362,285.42307,15.689372,13.935009,18.414465,9.468419,7.2526617,20.391094,12.027726,15.386392,0.12447877,12.913661,6.772506,9.85801,12.80071,1.4916229,16.022598,5.436492259756138,8.232202540261152,11.50240545461614,1.1167495889997499,14.827019911535855,3.3988693,3.5428703,4.182482,3.330313,3.2971072,4.161156,5.2191076,4.250618,0.6374345,3.6008005,2.5116043,3.405548,3.207556,1.9869783,4.34486,2.212144770262132,2.60841394576873,3.6565807687135474,2.1515928845550145,4.439045059847796,-12.290503,-10.3921385,-14.231982,-6.1381063,-3.9555545,-16.229939,-6.8086185,-11.135774,0.5129557,-9.3128605,-4.2609024,-6.4524627,-9.593153,0.49535528,-11.677739,-3.2243474894940056,-5.623788594492423,-7.845824685902592,1.0348432955552647,-10.387974851688059
2012-09-19 14:00:00,-5.7068467,-10.552196,-3.6585603,-7.8085685,-9.977983,-21.832481,-4.6383095,-6.4119844,-6.57516,-7.4276447,-4.335535,-6.845564,-9.054391,-11.157971,-14.7251,-16.283327,-16.644867,-0.10158122,-0.10419822,-0.104760826,-11.539394,-11.857327,-11.699901,-3.0112476,-5.790966,-4.0209665,-0.25599095,-5.631642,-5.0764236,-7.843632,-6.757734,-0.4243003,-8.094861,-3.7752109,-6.1407847,-4.540814,-0.28260106,-6.0733757,1.5086149,3.182697,1.5284092,3.3725286,1.8650613,4.370245,2.0245745,3.2216468,2.2488744,3.2911363,2.525926,4.060691,3.3208442,5.364168,2.4958153,4.268853,3.9791665,0.22543234,0.6470973,0.6279342,2.1492622,3.555974,3.199281,1.2737818,2.410038,1.7913799,0.68214613,2.6702738,2.4427588,3.4523056,2.9499664,1.764873,4.409973,2.8351767,4.0817423,3.0737069,1.7388886,4.5038157,283.76135,283.76135,279.7508,279.7508,284.33133,284.33133,280.54547,280.54547,297.27075,297.27075,284.5141,284.5141,297.94617,297.94617,286.98,286.98,286.98,274.80762,274.80762,274.80762,286.98386,286.98386,286.98386,278.33734,284.62527,280.2348,275.31335,285.73447,278.33734,284.62527,280.2348,275.31335,285.73447,278.33734,284.62527,280.2348,275.31335,285.73447,10.768776,8.588527,21.790369,7.757639,7.562707,7.7510934,11.046618,16.232891,0.12625293,12.01648,5.987973,8.7588215,7.9576464,0.5638613,8.724983,4.7381615784926385,7.143716468748237,6.746552326572391,0.5148048517436904,8.100974244985588,3.1836367,3.375187,4.371234,3.2238796,3.2907276,4.063084,5.3628755,4.2676363,0.6479217,3.5554426,2.4446871,3.454191,2.9525251,1.7671865,4.411639,2.1517912050830907,2.646366345734676,3.283924248883899,1.9296242364299512,4.504219549999248,-7.5851398,-5.2133403,-17.419136,-4.5337596,-4.2719793,-3.6880093,-5.6837435,-11.965256,0.52166873,-8.461038,-3.543286,-5.3046303,-5.005121,1.2033253,-4.313344,-2.586370373409548,-4.497350123013561,-3.4626280776884917,1.4148193846862607,-3.5967546949863403
2012-09-19 15:00:00,-7.0718126,-13.077052,-3.3784811,-7.1806135,-10.105393,-22.076725,-2.7628474,-3.9070597,-5.7612715,-6.6785746,-2.398029,-3.839246,-7.3937454,-9.564267,-12.254381,-13.938526,-14.25972,-0.08161916,-0.084286645,-0.082256906,-9.855759,-10.258917,-10.002822,-2.2658794,-2.145817,-2.3311937,-0.15695205,-3.5346832,-3.8293548,-3.0399983,-3.9528313,-0.22063449,-5.1518226,-2.775209,-2.1940045,-2.558874,-0.15898737,-3.7710366,1.558747,3.2664692,1.481816,3.2732544,1.8701456,4.380697,1.9715289,3.1640372,2.1442492,3.1634603,2.4472947,3.9586835,3.3601973,5.4183397,2.4265122,4.1850414,3.8941946,0.21917452,0.62514454,0.61199784,2.0944138,3.496193,3.1409645,1.2225736,2.2788644,1.6180998,0.6280632,2.3598864,2.3661172,3.3121805,2.7232788,1.5925888,4.002957,2.7290323,3.8754835,2.8529763,1.5529338,4.106471,284.22626,284.22626,279.39163,279.39163,284.36987,284.36987,280.2429,280.2429,296.0639,296.0639,284.02127,284.02127,298.24554,298.24554,286.57422,286.57422,286.57422,274.60767,274.60767,274.60767,286.5968,286.5968,286.5968,277.95685,283.7757,279.0835,274.66837,283.8365,277.95685,283.7757,279.0835,274.66837,283.8365,277.95685,283.7757,279.0835,274.66837,283.8365,13.191104,7.946938,22.019718,4.831661,6.772894,4.4336395,9.481137,13.919936,0.103031285,10.430737,4.61169,3.5339925,4.838612,0.3227824,5.7349367,3.5315836596184598,2.624524606746542,3.9510730751076615,0.32278238834656164,5.357892626970196,3.267409,3.275913,4.3816853,3.1662703,3.1630516,3.9610767,5.417047,4.1838245,0.6259689,3.4956613,2.3680453,3.3140657,2.7258375,1.5949024,4.0046225,2.0826668021203596,2.5370372001788017,2.9526837647736017,1.7556336798107615,4.106983459643579,-9.923696,-4.671025,-17.638033,-1.665391,-3.6098423,-0.47256258,-4.06409,-9.736112,0.5229376,-6.935075,-2.2436445,-0.2199269,-2.1127744,1.27212,-1.7303139,-1.4489168574981002,-0.08748740656774023,-0.9983893103340598,1.4328512914641998,-1.2509091673266175
2012-09-19 16:00:00,-0.9793732,-1.8007348,-3.3749895,-7.1646185,-7.0957775,-16.046215,-3.2120204,-4.5184364,-4.1376896,-5.0087023,-2.3751423,-3.767746,-4.803179,-6.7452345,-8.468549,-10.064526,-10.298456,-0.04265093,-0.04468226,-0.041008078,-7.0755773,-7.504131,-7.1461115,-1.2270763,-2.5126345,-1.0478826,-0.06596431,-2.6804984,-2.082399,-3.515614,-1.7786908,-0.09529276,-3.9262207,-1.4482841,-2.586903,-1.1124774,-0.06533106,-2.8427205,1.4262588,3.0450773,1.4729044,3.254267,1.8082016,4.253356,1.9939938,3.188435,1.9927431,2.978574,1.9561769,3.3215628,3.3429074,5.39454,2.3564801,4.1003475,3.8083282,0.20339245,0.56978005,0.5718067,2.0517821,3.4497275,3.0956378,1.1523085,1.9266521,1.438247,0.60039353,2.1844928,2.2609532,2.9359326,2.487993,1.5044456,3.7729602,2.5833867,3.3216608,2.623873,1.4577962,3.8819392,282.99762,282.99762,279.32294,279.32294,283.90027,283.90027,280.37103,280.37103,294.31628,294.31628,280.94315,280.94315,298.114,298.114,286.16415,286.16415,286.16415,274.1034,274.1034,274.1034,286.29596,286.29596,286.29596,277.43475,281.4945,277.88852,274.33838,282.76398,277.43475,281.4945,277.88852,274.33838,282.76398,277.43475,281.4945,277.88852,274.33838,282.76398,1.9255857,7.932768,16.302013,5.552619,5.0546927,4.5365057,6.6973767,10.085528,0.055754397,7.6770544,2.5938654,4.2197723,2.2741437,0.14258364,4.449927,1.875433048922939,3.203669695351832,1.7884076543467124,0.14258363753654055,4.172868328478815,3.0460174,3.2569253,4.254345,3.1906676,2.9781656,3.323956,5.3932467,4.0991306,0.57060444,3.4491956,2.2628813,2.937818,2.4905512,1.506759,3.7746258,1.9878175652029386,2.2434794707236616,2.6088788653327155,1.6666173614420225,3.882513420258766,1.1204318,-4.6758423,-12.047669,-2.3619514,-2.076527,-1.2125496,-1.3041298,-5.986398,0.51485,-4.2278585,-0.33098432,-1.2819545,0.21640755,1.3641754,-0.6753009,0.11238451627999968,-0.9601902246281706,0.8204712109860031,1.524033723905482,-0.29035490822004917
2012-09-19 17:00:00,-0.40608096,-0.74564093,-0.23399216,-0.50313365,-1.7900057,-4.2654934,0.0,0.0,-1.0096229,-1.3146611,-0.27968562,-0.452293,-0.96408355,-1.5403429,-2.1657326,-2.70535,-2.737513,-0.0011392743,-0.0012457129,-0.00096682954,-1.8782488,-2.0186973,-1.8171334,-0.15440327,-0.21019197,-0.09794475,-0.0038757212,-0.16270368,-0.26055917,-0.30496296,-0.1694234,-0.005764005,-0.24385542,-0.17300081,-0.2102305,-0.10160774,-0.0037521448,-0.1694725,1.3913236,2.9866996,1.4105744,3.121463,1.5653126,3.7540393,1.7183958,2.8891275,1.8301913,2.780209,1.8806959,3.2236426,3.0176003,4.9467363,2.037027,3.714015,3.4166481,0.1769448,0.47700003,0.50445426,1.8496736,3.2294424,2.8807497,1.0426393,1.7628864,1.4164983,0.56497794,2.004882,2.0968137,2.760991,2.4595408,1.3916274,3.5374327,2.3560648,3.0641537,2.596169,1.3360261,3.6520088,282.67365,282.67365,278.84247,278.84247,282.0589,282.0589,278.79898,278.79898,292.44125,292.44125,280.47006,280.47006,295.63925,295.63925,284.29364,284.29364,284.29364,273.25833,273.25833,273.25833,284.86972,284.86972,284.86972,276.61987,280.43384,277.74402,273.91602,281.66568,276.61987,280.43384,277.74402,273.91602,281.66568,276.61987,280.43384,277.74402,273.91602,281.66568,0.8027197,0.5909048,4.544363,0.0,1.3241616,0.55992264,1.5287095,2.7392385,0.0016430572,2.098069,0.34278843,0.38212183,0.22176926,0.008856587,0.2864719,0.22640820438583795,0.2677828782808241,0.16529478723045365,0.008856587478063145,0.2702469541958528,2.9876397,3.1241214,3.755028,2.8913605,2.7798007,3.2260358,4.945443,3.7127979,0.4778244,3.2289104,2.0987418,2.7628767,2.4620996,1.3939409,3.539099,1.8397777987679973,2.1069859263097106,2.5673047866532306,1.5526817426291726,3.652646238167369,2.1849198,2.5332167,-0.7893349,2.8913605,1.455639,2.6661131,3.4167337,0.97355956,0.47618133,1.1308416,1.7559534,2.380755,2.2403305,1.3850843,3.2526271,1.6133695943821593,1.8392030480288866,2.402009999422777,1.5438251551511095,3.3823992839715165
2012-09-19 18:00:00,0.0,0.0,0.0,0.0,0.0,0.0,0.0,0.0,0.0,0.0,0.0,0.0,0.0,0.0,0.0,0.0,0.0,0.0,0.0,0.0,0.0,0.0,0.0,0.0,0.0,0.0,0.0,0.0,0.0,0.0,0.0,0.0,0.0,0.0,0.0,0.0,0.0,0.0,1.2281783,2.7140787,1.3569384,3.007183,1.2618685,3.1302369,1.6315323,2.7947915,1.7330482,2.6616633,1.8484966,3.1818705,2.6999545,4.5094795,1.751331,3.3685071,3.0663579,0.1331869,0.32349467,0.39301896,1.59289,2.9495645,2.6077292,0.9366293,1.7448871,1.4272783,0.57165676,1.8737311,1.9381514,2.7417638,2.4736438,1.4129031,3.3654523,2.1363282,3.0358512,2.609901,1.35899,3.4841151,281.1607,281.1607,278.42902,278.42902,279.75845,279.75845,278.3035,278.3035,291.3207,291.3207,280.26825,280.26825,293.22278,293.22278,282.6208,282.6208,282.6208,271.86017,271.86017,271.86017,283.05765,283.05765,283.05765,275.83218,280.31726,277.81564,273.99567,280.8637,275.83218,280.31726,277.81564,273.99567,280.8637,275.83218,280.31726,277.81564,273.99567,280.8637,0.0,0.0,0.0,0.0,0.0,0.0,0.0,0.0,0.0,0.0,0.0,0.0,0.0,0.0,0.0,0.0,0.0,0.0,0.0,0.0,2.715019,3.0098414,3.1312258,2.7970243,2.661255,3.184264,4.508187,3.3672903,0.32584074,2.9490325,1.9400796,2.743649,2.4762022,1.4152166,3.3671184,1.6966778657497859,2.091984046356284,2.5879118326217103,1.5741681562925784,3.4847982935681925,2.715019,3.0098414,3.1312258,2.7970243,2.661255,3.184264,4.508187,3.3672903,0.32584074,2.9490325,1.9400796,2.743649,2.4762022,1.4152166,3.3671184,1.6966778657497859,2.091984046356284,2.5879118326217103,1.5741681562925784,3.4847982935681925
2012-09-19 19:00:00,0.0,0.0,0.0,0.0,0.0,0.0,0.0,0.0,0.0,0.0,0.0,0.0,0.0,0.0,0.0,0.0,0.0,0.0,0.0,0.0,0.0,0.0,0.0,0.0,0.0,0.0,0.0,0.0,0.0,0.0,0.0,0.0,0.0,0.0,0.0,0.0,0.0,0.0,1.3400561,2.90103,1.2375953,2.752904,1.41984,3.4549854,1.570611,2.7286294,1.6320397,2.5384004,1.8723942,3.2128727,2.5076094,4.2447066,1.5896367,3.1729615,2.8681054,0.11847075,0.27186942,0.35554227,1.4027303,2.7423024,2.405546,0.9398822,1.6773425,1.4027191,0.56473744,1.8343842,1.94302,2.66961,2.4415147,1.3908612,3.3138561,2.1430707,2.9296434,2.5786164,1.335199,3.433745,282.1982,282.1982,277.50906,277.50906,280.95605,280.95605,277.956,277.956,290.15558,290.15558,280.41803,280.41803,291.75952,291.75952,281.674,281.674,281.674,271.38995,271.38995,271.38995,281.71573,281.71573,281.71573,275.85635,279.8798,277.65247,273.91315,280.6231,275.85635,279.8798,277.65247,273.91315,280.6231,275.85635,279.8798,277.65247,273.91315,280.6231,0.0,0.0,0.0,0.0,0.0,0.0,0.0,0.0,0.0,0.0,0.0,0.0,0.0,0.0,0.0,0.0,0.0,0.0,0.0,0.0,2.90197,2.7555623,3.4559743,2.7308621,2.5379922,3.215266,4.243413,3.1717446,0.27477026,2.7417707,1.9449481,2.671495,2.4440732,1.3931746,3.3155222,1.7010688287868798,2.035687724593884,2.540964293297697,1.5519079024435938,3.4344419940431,2.90197,2.7555623,3.4559743,2.7308621,2.5379922,3.215266,4.243413,3.1717446,0.27477026,2.7417707,1.9449481,2.671495,2.4440732,1.3931746,3.3155222,1.7010688287868798,2.035687724593884,2.540964293297697,1.5519079024435938,3.4344419940431
2012-09-19 20:00:00,0.0,0.0,0.0,0.0,0.0,0.0,0.0,0.0,0.0,0.0,0.0,0.0,0.0,0.0,0.0,0.0,0.0,0.0,0.0,0.0,0.0,0.0,0.0,0.0,0.0,0.0,0.0,0.0,0.0,0.0,0.0,0.0,0.0,0.0,0.0,0.0,0.0,0.0,1.3163621,2.8614368,1.2431499,2.7647383,1.2299986,3.064721,1.5271204,2.681397,1.5935638,2.4914477,1.726744,3.0239232,2.3757505,4.0631948,1.3187063,2.8453102,2.5359187,0.104367755,0.22239523,0.3196271,1.2546877,2.5809453,2.2481425,0.82922715,1.555371,1.2861271,0.4836731,1.5690032,1.7774054,2.539315,2.2889876,1.1326265,2.9658573,1.9137055,2.737854,2.4300976,1.0564734,3.0940156,281.9785,281.9785,277.55188,277.55188,279.51685,279.51685,277.70792,277.70792,289.71176,289.71176,279.50516,279.50516,290.7564,290.7564,280.08762,280.08762,280.08762,270.93933,270.93933,270.93933,280.67102,280.67102,280.67102,275.03415,279.0898,276.8778,272.94638,279.00034,275.03415,279.0898,276.8778,272.94638,279.00034,275.03415,279.0898,276.8778,272.94638,279.00034,0.0,0.0,0.0,0.0,0.0,0.0,0.0,0.0,0.0,0.0,0.0,0.0,0.0,0.0,0.0,0.0,0.0,0.0,0.0,0.0,2.862377,2.767397,3.06571,2.68363,2.4910395,3.0263164,4.0619016,2.8440933,0.22582768,2.5804136,1.7793335,2.5412002,2.291546,1.1349399,2.967523,1.5516984674922132,1.934028388344041,2.3180885988520683,1.291115527561204,3.0948052325962694,2.862377,2.767397,3.06571,2.68363,2.4910395,3.0263164,4.0619016,2.8440933,0.22582768,2.5804136,1.7793335,2.5412002,2.291546,1.1349399,2.967523,1.5516984674922132,1.934028388344041,2.3180885988520683,1.291115527561204,3.0948052325962694
2012-09-19 21:00:00,0.0,0.0,0.0,0.0,0.0,0.0,0.0,0.0,0.0,0.0,0.0,0.0,0.0,0.0,0.0,0.0,0.0,0.0,0.0,0.0,0.0,0.0,0.0,0.0,0.0,0.0,0.0,0.0,0.0,0.0,0.0,0.0,0.0,0.0,0.0,0.0,0.0,0.0,1.2443328,2.7410736,1.2389333,2.755755,1.1923807,2.9873881,1.3321692,2.4696748,1.5399282,2.4259956,1.6390759,2.9101923,2.4335968,4.142823,1.1207945,2.6059647,2.2932603,0.10004879,0.20724404,0.30862826,1.1691047,2.4876654,2.157148,0.79563475,1.4303745,1.2323599,0.45879778,1.525594,1.7271284,2.4057887,2.2186484,1.0533848,2.908934,1.8440751,2.5413084,2.3616066,0.9709438,3.038445,281.31052,281.31052,277.51938,277.51938,279.23166,279.23166,276.5959,276.5959,289.09308,289.09308,278.9557,278.9557,291.19647,291.19647,278.92877,278.92877,278.92877,270.80133,270.80133,270.80133,280.06708,280.06708,280.06708,274.78455,278.28024,276.52057,272.64972,278.7349,274.78455,278.28024,276.52057,272.64972,278.7349,274.78455,278.28024,276.52057,272.64972,278.7349,0.0,0.0,0.0,0.0,0.0,0.0,0.0,0.0,0.0,0.0,0.0,0.0,0.0,0.0,0.0,0.0,0.0,0.0,0.0,0.0,2.7420137,2.7584133,2.988377,2.4719076,2.4255872,2.9125855,4.1415305,2.6047478,0.21083932,2.4871335,1.7290566,2.4076738,2.2212074,1.0556982,2.9105997,1.5063529035018233,1.8298477937355333,2.215307993778773,1.2110889270930167,3.039249792049686,2.7420137,2.7584133,2.988377,2.4719076,2.4255872,2.9125855,4.1415305,2.6047478,0.21083932,2.4871335,1.7290566,2.4076738,2.2212074,1.0556982,2.9105997,1.5063529035018233,1.8298477937355333,2.215307993778773,1.2110889270930167,3.039249792049686
2012-09-19 22:00:00,0.0,0.0,0.0,0.0,0.0,0.0,0.0,0.0,0.0,0.0,0.0,0.0,0.0,0.0,0.0,0.0,0.0,0.0,0.0,0.0,0.0,0.0,0.0,0.0,0.0,0.0,0.0,0.0,0.0,0.0,0.0,0.0,0.0,0.0,0.0,0.0,0.0,0.0,1.1926999,2.6547937,0.9857812,2.2163744,1.1105146,2.819093,1.3012888,2.4361377,1.505797,2.3843443,1.6529043,2.9281316,2.4029927,4.100695,1.1434611,2.6333764,2.3210516,0.08863248,0.16719496,0.27955514,1.0749675,2.3850617,2.0570586,0.7077457,1.338413,1.0971063,0.44498977,1.6981928,1.5955871,2.3075514,2.041708,1.0093987,3.1352658,1.6618991,2.396707,2.1893158,0.92346746,3.2593982,280.8317,280.8317,275.56796,275.56796,278.61102,278.61102,276.41974,276.41974,288.69937,288.69937,279.04236,279.04236,290.96365,290.96365,279.0615,279.0615,279.0615,270.43655,270.43655,270.43655,279.40277,279.40277,279.40277,274.1315,277.68463,275.62192,272.48505,279.7903,274.1315,277.68463,275.62192,272.48505,279.7903,274.1315,277.68463,275.62192,272.48505,279.7903,0.0,0.0,0.0,0.0,0.0,0.0,0.0,0.0,0.0,0.0,0.0,0.0,0.0,0.0,0.0,0.0,0.0,0.0,0.0,0.0,2.6557336,2.2190328,2.8200817,2.4383705,2.3839357,2.9305248,4.0994024,2.6321597,0.17122057,2.3845303,1.5975152,2.3094366,2.0442665,1.0117121,3.1369317,1.3877137393215628,1.7532007541933798,1.9567584911652993,1.1666672075038447,3.2601430268005505,2.6557336,2.2190328,2.8200817,2.4383705,2.3839357,2.9305248,4.0994024,2.6321597,0.17122057,2.3845303,1.5975152,2.3094366,2.0442665,1.0117121,3.1369317,1.3877137393215628,1.7532007541933798,1.9567584911652993,1.1666672075038447,3.2601430268005505
2012-09-19 23:00:00,0.0,0.0,0.0,0.0,0.0,0.0,0.0,0.0,0.0,0.0,0.0,0.0,0.0,0.0,0.0,0.0,0.0,0.0,0.0,0.0,0.0,0.0,0.0,0.0,0.0,0.0,0.0,0.0,0.0,0.0,0.0,0.0,0.0,0.0,0.0,0.0,0.0,0.0,1.0486642,2.4141057,1.0045705,2.2564077,1.0141811,2.621056,1.2627575,2.3942919,1.4585322,2.326666,1.6255351,2.8926258,2.2452993,3.8836215,1.1368315,2.6253595,2.3129232,0.11117475,0.24627459,0.33696198,1.0014154,2.304895,1.9788556,0.7093269,1.3449156,1.0156702,0.4369778,1.5625601,1.5979538,2.3144972,1.935172,0.98387593,2.9574084,1.6651765,2.4069312,2.0855796,0.8959195,3.085767,279.49597,279.49597,275.7128,275.7128,277.8807,277.8807,276.19995,276.19995,288.15417,288.15417,278.87082,278.87082,289.764,289.764,279.02267,279.02267,279.02267,271.15683,271.15683,271.15683,278.88373,278.88373,278.88373,274.14325,277.72675,275.08084,272.3895,278.96094,274.14325,277.72675,275.08084,272.3895,278.96094,274.14325,277.72675,275.08084,272.3895,278.96094,0.0,0.0,0.0,0.0,0.0,0.0,0.0,0.0,0.0,0.0,0.0,0.0,0.0,0.0,0.0,0.0,0.0,0.0,0.0,0.0,2.4150457,2.2590663,2.6220448,2.3965244,2.3262577,2.895019,3.8823285,2.6241422,0.24945045,2.304363,1.5998819,2.3163826,1.9377307,0.9861894,2.9590743,1.3898482352423722,1.7586202815063978,1.8010861754340914,1.1408917434501573,3.086559420484791,2.4150457,2.2590663,2.6220448,2.3965244,2.3262577,2.895019,3.8823285,2.6241422,0.24945045,2.304363,1.5998819,2.3163826,1.9377307,0.9861894,2.9590743,1.3898482352423722,1.7586202815063978,1.8010861754340914,1.1408917434501573,3.086559420484791
2012-10-15 00:00:00,0.0,0.0,0.0,0.0,0.0,0.0,0.0,0.0,0.0,0.0,0.0,0.0,0.0,0.0,0.0,0.0,0.0,0.0,0.0,0.0,0.0,0.0,0.0,0.0,0.0,0.0,0.0,0.0,0.0,0.0,0.0,0.0,0.0,0.0,0.0,0.0,0.0,0.0,1.2729433,2.7888825,1.510495,3.3343592,1.2771573,3.1616664,1.8860509,3.0712059,1.2585127,2.0825782,1.7726309,3.083451,1.8701684,3.3672333,1.6112088,3.19905,2.894555,0.117938764,0.27000317,0.3541875,1.3946434,2.7334883,2.3969479,0.97696155,1.6662555,1.2170604,0.68631464,2.0200088,1.9985158,2.657766,2.1986332,1.7781519,3.5572689,2.2199287,2.91221,2.3421175,1.7532212,3.6713736,281.57584,281.57584,279.6127,279.6127,279.87436,279.87436,279.7553,279.7553,285.84695,285.84695,279.79276,279.79276,286.91022,286.91022,281.80032,281.80032,281.80032,271.37296,271.37296,271.37296,281.65866,281.65866,281.65866,276.13187,279.80798,276.4189,275.36307,281.75818,276.13187,279.80798,276.4189,275.36307,281.75818,276.13187,279.80798,276.4189,275.36307,281.75818,0.0,0.0,0.0,0.0,0.0,0.0,0.0,0.0,0.0,0.0,0.0,0.0,0.0,0.0,0.0,0.0,0.0,0.0,0.0,0.0,2.7898223,3.3370175,3.1626554,3.0734386,2.08217,3.0858445,3.3659403,3.1978328,0.27292404,2.7329564,2.000444,2.6596515,2.201192,1.7804655,3.5589352,1.751121372093548,2.0264470378058177,2.1860612659896783,1.9430347221991804,3.672005693248618,2.7898223,3.3370175,3.1626554,3.0734386,2.08217,3.0858445,3.3659403,3.1978328,0.27292404,2.7329564,2.000444,2.6596515,2.201192,1.7804655,3.5589352,1.751121372093548,2.0264470378058177,2.1860612659896783,1.9430347221991804,3.672005693248618
2012-10-15 01:00:00,0.0,0.0,0.0,0.0,0.0,0.0,0.0,0.0,0.0,0.0,0.0,0.0,0.0,0.0,0.0,0.0,0.0,0.0,0.0,0.0,0.0,0.0,0.0,0.0,0.0,0.0,0.0,0.0,0.0,0.0,0.0,0.0,0.0,0.0,0.0,0.0,0.0,0.0,1.2200103,2.7004302,1.3124793,2.9124556,1.2970953,3.2026541,1.9453137,3.1355667,1.2587005,2.0828075,1.7990167,3.1176805,1.8237109,3.3032818,1.6367888,3.2299852,2.9259186,0.11108784,0.24596968,0.3367407,1.4047889,2.744546,2.4077346,1.022358,1.7129123,1.2077134,0.7040967,1.904469,2.0664597,2.7076073,2.1864054,1.8347974,3.4057593,2.314026,2.985574,2.3302112,1.8143615,3.5234644,281.08496,281.08496,278.0863,278.0863,280.0255,280.0255,280.09335,280.09335,285.84912,285.84912,279.95813,279.95813,286.5568,286.5568,281.9501,281.9501,281.9501,271.15405,271.15405,271.15405,281.73026,281.73026,281.73026,276.46918,280.11017,276.3568,275.57513,281.05167,276.46918,280.11017,276.3568,275.57513,281.05167,276.46918,280.11017,276.3568,275.57513,281.05167,0.0,0.0,0.0,0.0,0.0,0.0,0.0,0.0,0.0,0.0,0.0,0.0,0.0,0.0,0.0,0.0,0.0,0.0,0.0,0.0,2.7013702,2.9151142,3.203643,3.1377995,2.0823991,3.1200743,3.301989,3.228768,0.24914882,2.7440145,2.0683875,2.7094922,2.1889641,1.837111,3.4074254,1.8124008095291484,2.065334109873574,2.1681936313301744,2.0002412695351985,3.524136757390497,2.7013702,2.9151142,3.203643,3.1377995,2.0823991,3.1200743,3.301989,3.228768,0.24914882,2.7440145,2.0683875,2.7094922,2.1889641,1.837111,3.4074254,1.8124008095291484,2.065334109873574,2.1681936313301744,2.0002412695351985,3.524136757390497
2012-10-15 02:00:00,0.0,0.0,0.0,0.0,0.0,0.0,0.0,0.0,0.0,0.0,0.0,0.0,0.0,0.0,0.0,0.0,0.0,0.0,0.0,0.0,0.0,0.0,0.0,0.0,0.0,0.0,0.0,0.0,0.0,0.0,0.0,0.0,0.0,0.0,0.0,0.0,0.0,0.0,1.1755712,2.626171,1.2819992,2.847513,1.2023357,3.007853,1.8475091,3.0293486,1.2483349,2.0701582,1.7166752,3.0108604,1.7928782,3.2608387,1.4169611,2.9641352,2.656389,0.11140015,0.2470653,0.33753607,1.2617929,2.5886898,2.2556968,0.76361537,1.6729181,1.1894281,0.7220603,1.8805382,1.6792058,2.6648834,2.1624846,1.8920217,3.3743787,1.7777054,2.9226866,2.3069189,1.8761265,3.4928298,280.67285,280.67285,277.85135,277.85135,279.30713,279.30713,279.53546,279.53546,285.72955,285.72955,279.44205,279.44205,286.32224,286.32224,280.66293,280.66293,280.66293,271.16403,271.16403,271.16403,280.72116,280.72116,280.72116,274.54663,279.85114,276.23532,275.78937,280.90533,274.54663,279.85114,276.23532,275.78937,280.90533,274.54663,279.85114,276.23532,275.78937,280.90533,0.0,0.0,0.0,0.0,0.0,0.0,0.0,0.0,0.0,0.0,0.0,0.0,0.0,0.0,0.0,0.0,0.0,0.0,0.0,0.0,2.6271112,2.8501716,3.008842,3.0315812,2.0697498,3.0132537,3.259546,2.9629183,0.25023267,2.588158,1.681134,2.6667688,2.165043,1.8943353,3.376045,1.4631307471417454,2.0320000897048085,2.1332397966473797,2.0580323131816014,3.49351036771231,2.6271112,2.8501716,3.008842,3.0315812,2.0697498,3.0132537,3.259546,2.9629183,0.25023267,2.588158,1.681134,2.6667688,2.165043,1.8943353,3.376045,1.4631307471417454,2.0320000897048085,2.1332397966473797,2.0580323131816014,3.49351036771231
2012-10-15 03:00:00,0.0,0.0,0.0,0.0,0.0,0.0,0.0,0.0,0.0,0.0,0.0,0.0,0.0,0.0,0.0,0.0,0.0,0.0,0.0,0.0,0.0,0.0,0.0,0.0,0.0,0.0,0.0,0.0,0.0,0.0,0.0,0.0,0.0,0.0,0.0,0.0,0.0,0.0,1.1306779,2.5511532,1.2200967,2.71562,1.007382,2.607079,1.8447697,3.0263736,1.2455702,2.0667844,1.6969745,2.9853032,1.7567743,3.21114,1.1778545,2.6749706,2.3632214,0.10933236,0.23981139,0.33227015,1.1181829,2.4321637,2.1030064,0.78562546,1.6662084,1.1047308,0.72489053,1.8980408,1.7121481,2.657716,2.0516827,1.9010375,3.3973298,1.8233283,2.9121363,2.1990285,1.8858576,3.5152352,280.25653,280.25653,277.37418,277.37418,277.82916,277.82916,279.51984,279.51984,285.69766,285.69766,279.31857,279.31857,286.04758,286.04758,279.26288,279.26288,279.26288,271.09796,271.09796,271.09796,279.70773,279.70773,279.70773,274.71017,279.80768,275.67258,275.82312,281.01236,274.71017,279.80768,275.67258,275.82312,281.01236,274.71017,279.80768,275.67258,275.82312,281.01236,0.0,0.0,0.0,0.0,0.0,0.0,0.0,0.0,0.0,0.0,0.0,0.0,0.0,0.0,0.0,0.0,0.0,0.0,0.0,0.0,2.552093,2.7182786,2.6080678,3.0286062,2.066376,2.9876966,3.2098472,2.6737535,0.24305668,2.4316323,1.7140762,2.6596012,2.054241,1.903351,3.398996,1.4928418215303623,2.0264077658687665,1.9713335641553618,2.0671372838757494,3.5159101067324143,2.552093,2.7182786,2.6080678,3.0286062,2.066376,2.9876966,3.2098472,2.6737535,0.24305668,2.4316323,1.7140762,2.6596012,2.054241,1.903351,3.398996,1.4928418215303623,2.0264077658687665,1.9713335641553618,2.0671372838757494,3.5159101067324143
2012-10-15 04:00:00,0.0,0.0,0.0,0.0,0.0,0.0,0.0,0.0,0.0,0.0,0.0,0.0,0.0,0.0,0.0,0.0,0.0,0.0,0.0,0.0,0.0,0.0,0.0,0.0,0.0,0.0,0.0,0.0,0.0,0.0,0.0,0.0,0.0,0.0,0.0,0.0,0.0,0.0,0.9698657,2.2824311,0.8473084,1.9213363,0.89132375,2.368493,1.7768133,2.952571,1.245959,2.0672588,1.7645968,3.0730288,1.7516638,3.2041051,1.0826538,2.5598392,2.2464962,0.10636391,0.22939788,0.32471055,1.0519264,2.3599484,2.03256,0.6658486,1.6779643,1.2499701,0.7874563,1.8607552,1.5328808,2.6702743,2.2416866,2.1003442,3.348437,1.5750551,2.9306219,2.3840394,2.1009793,3.4675043,278.76523,278.76523,274.50055,274.50055,276.9493,276.9493,279.1322,279.1322,285.70215,285.70215,279.7424,279.7424,286.0087,286.0087,278.70544,278.70544,278.70544,271.0031,271.0031,271.0031,279.24017,279.24017,279.24017,273.8202,279.88382,276.63757,276.56927,280.78436,273.8202,279.88382,276.63757,276.56927,280.78436,273.8202,279.88382,276.63757,276.56927,280.78436,0.0,0.0,0.0,0.0,0.0,0.0,0.0,0.0,0.0,0.0,0.0,0.0,0.0,0.0,0.0,0.0,0.0,0.0,0.0,0.0,2.2833712,1.9239948,2.3694818,2.9548035,2.0668504,3.075422,3.2028122,2.5586221,0.23275508,2.3594167,1.5348089,2.6721594,2.244245,2.1026578,3.350103,1.3311579136379872,2.036206114162955,2.2489711442871463,2.2684180555501845,3.468191700624859,2.2833712,1.9239948,2.3694818,2.9548035,2.0668504,3.075422,3.2028122,2.5586221,0.23275508,2.3594167,1.5348089,2.6721594,2.244245,2.1026578,3.350103,1.3311579136379872,2.036206114162955,2.2489711442871463,2.2684180555501845,3.468191700624859
2012-10-15 05:00:00,0.0,0.0,0.0,0.0,0.0,0.0,0.0,0.0,0.0,0.0,0.0,0.0,0.0,0.0,0.0,0.0,0.0,0.0,0.0,0.0,0.0,0.0,0.0,0.0,0.0,0.0,0.0,0.0,0.0,0.0,0.0,0.0,0.0,0.0,0.0,0.0,0.0,0.0,0.8216902,2.0348258,0.73382854,1.6795497,0.81713015,2.2159705,1.6175201,2.7795742,1.2475861,2.0692444,1.8355739,3.1651063,1.7609103,3.216833,0.9906793,2.4486096,2.1337266,0.061565924,0.072243765,0.21062653,0.9941718,2.2969997,1.971154,0.5918869,1.7033614,1.2057979,0.68218964,1.9210432,1.4221841,2.6974046,2.1838996,1.7650118,3.4274933,1.4217474,2.970556,2.3277712,1.7390383,3.544682,277.3911,277.3911,273.6258,273.6258,276.38684,276.38684,278.22357,278.22357,285.72092,285.72092,280.18726,280.18726,286.07904,286.07904,278.1669,278.1669,278.1669,269.57172,269.57172,269.57172,278.8326,278.8326,278.8326,273.27063,280.0483,276.3441,275.31387,281.153,273.27063,280.0483,276.3441,275.31387,281.153,273.27063,280.0483,276.3441,275.31387,281.153,0.0,0.0,0.0,0.0,0.0,0.0,0.0,0.0,0.0,0.0,0.0,0.0,0.0,0.0,0.0,0.0,0.0,0.0,0.0,0.0,2.0357656,1.6822082,2.2169595,2.781807,2.068836,3.1674995,3.2155404,2.4473922,0.0772897,2.296468,1.4241123,2.6992896,2.1864583,1.7673252,3.4291594,1.231318945996596,2.057373688233366,2.164532302753755,1.9297641862507473,3.545348486300039,2.0357656,1.6822082,2.2169595,2.781807,2.068836,3.1674995,3.2155404,2.4473922,0.0772897,2.296468,1.4241123,2.6992896,2.1864583,1.7673252,3.4291594,1.231318945996596,2.057373688233366,2.164532302753755,1.9297641862507473,3.545348486300039
2012-10-15 06:00:00,-0.02087552,-0.036619697,-0.00056134246,-0.0008297926,-0.0058484436,-0.011498218,-1.1658754,-1.6408405,-0.018186975,-0.026251303,-0.51973116,-0.86640763,-0.03940484,-0.06525083,-0.006463384,-0.006205384,-0.004837012,0.0,0.0,0.0,-0.011221483,-0.010501417,-0.008017818,0.0,-0.23679079,-0.12114431,-0.013044142,-0.2880584,0.0,-0.35382587,-0.20012137,-0.019349195,-0.44692433,0.0,-0.23689814,-0.12021774,-0.012717556,-0.29891053,0.8035644,2.0045369,0.6802003,1.5652865,0.75213087,2.0823488,1.5967728,2.757042,1.2457712,2.0670297,1.9368999,3.2965553,1.7661735,3.2240784,0.8924974,2.3298726,2.0133462,0.041680753,0.0024853423,0.15998629,0.92489666,2.2214944,1.8974985,0.5459154,1.7591168,1.2664225,0.5786963,1.9569212,1.35338,2.7569647,2.2632098,1.4353281,3.4745407,1.3264582,3.0582263,2.404997,1.3831943,3.5906115,277.22302,277.22302,273.2124,273.2124,275.89407,275.89407,278.10522,278.10522,285.69998,285.69998,280.82233,280.82233,286.11908,286.11908,277.592,277.592,277.592,268.93634,268.93634,268.93634,278.34375,278.34375,278.34375,272.92905,280.40942,276.7469,274.07962,281.3724,272.92905,280.40942,276.7469,274.07962,281.3724,272.92905,280.40942,276.7469,274.07962,281.3724,0.041345123,0.0012815705,0.014257911,2.1439872,0.025072034,1.0627801,0.06361,0.0067468276,0.0,0.011296741,0.0,0.44881082,0.27268624,0.029454116,0.5339714,0.0,0.3067923498337065,0.20194424364788283,0.02945411555087807,0.5051986256606357,2.0054767,1.5679449,2.0833375,2.7592745,2.0666213,3.2989485,3.2227855,2.3286555,0.051829543,2.2209625,1.3555375,2.7588499,2.2657685,1.4376416,3.4762073,1.169492775106245,2.1038441713456426,2.2804216933536545,1.5968153302343524,3.591265715788356,1.9641317,1.5666633,2.0690796,0.6152874,2.0415492,2.2361684,3.1591754,2.3219087,0.051829543,2.2096658,1.3555375,2.310039,1.9930822,1.4081875,2.9422357,1.169492775106245,1.797051821511936,2.0784774497057716,1.5673612146834743,3.0860670901277203
2012-10-15 07:00:00,-0.2856707,-0.43782762,-0.026807642,-0.038200684,-0.39708024,-0.73016536,-4.579452,-6.142286,-0.21735188,-0.30846977,-1.0734988,-1.7749813,-0.7045793,-1.0973035,-0.48290557,-0.45894033,-0.38337004,0.0,0.0,0.0,-0.37856898,-0.34923255,-0.27423918,0.0,-0.5865918,-0.59964806,-0.03049574,-2.007384,0.0,-0.86820775,-0.97728723,-0.04453212,-3.0210838,0.0,-0.59139913,-0.6082117,-0.0300999,-2.129081,0.6683283,1.7785535,0.6947812,1.5963534,0.72756743,2.0318527,1.8703645,3.05417,1.1130756,1.9050988,1.9200822,3.2747376,1.828545,3.309936,0.96107566,2.4128077,2.0974298,0.014022984,0.0,0.08955209,0.8700655,2.161732,1.8392003,0.49145454,1.7925005,1.2938068,0.57326376,1.994042,1.2718697,2.7926264,2.2990344,1.4180223,3.5232186,1.2135719,3.1107192,2.4398804,1.3645153,3.6381326,275.9689,275.9689,273.3248,273.3248,275.70786,275.70786,279.66583,279.66583,284.16934,284.16934,280.71692,280.71692,286.59357,286.59357,277.99356,277.99356,277.99356,268.0526,268.0526,268.0526,277.95682,277.95682,277.95682,272.52438,280.62564,276.92883,274.01483,281.5994,272.52438,280.62564,276.92883,274.01483,281.5994,272.52438,280.62564,276.92883,274.01483,281.5994,0.5046026,0.057689305,0.893518,7.4918113,0.2916978,2.1653786,1.0693369,0.4923518,0.0,0.37419346,0.0,1.089935,1.3043541,0.067331195,3.5087383,0.0,0.7607891430327315,1.0091562530241558,0.06733119422537409,3.308469567112998,1.7794935,1.5990118,2.0328417,3.0564027,1.9046904,3.2771308,3.308643,2.411591,0.046086024,2.1612,1.2744474,2.7945118,2.3015928,1.4203358,3.5248845,1.096397627557565,2.131668338746173,2.332769033815553,1.5793380673196356,3.6387733459085547,1.2748909,1.5413225,1.1393236,-4.435408,1.6129925,1.1117524,2.2393062,1.9192392,0.046086024,1.7870067,1.2744474,1.7045767,0.9972389,1.3530046,0.016146105,1.096397627557565,1.3708791957134414,1.323612780791397,1.5120068730942615,0.3303037787955567
2012-10-15 08:00:00,-0.5945724,-0.9098083,0.0,0.0,-1.0353508,-2.2314653,-6.4708896,-8.466974,-0.546635,-0.7554855,-2.003687,-3.2736733,-1.0322714,-1.5654885,-0.8831067,-0.9073557,-0.8301139,0.0,0.0,0.0,-1.0478563,-0.9715209,-0.82806,0.0,-1.3919822,-0.8286633,-0.018006504,-2.1629443,0.0,-2.017493,-1.3496188,-0.025018224,-3.2513173,0.0,-1.427768,-0.85063446,-0.018525053,-2.2998405,0.6709215,1.7828867,0.6383857,1.4761939,0.8371569,2.2571402,1.94396,3.1340973,1.0255997,1.7983501,1.9381075,3.298122,1.9045154,3.4145136,1.0785208,2.5548408,2.2414289,0.005454788,0.0,0.06773202,0.9032825,2.1979363,1.8745177,0.37661025,1.838625,1.3291005,0.51490736,2.040316,1.0999851,2.8418987,2.3452058,1.2321249,3.583898,0.9755231,3.1832457,2.4848385,1.163867,3.6973703,275.99295,275.99295,272.89008,272.89008,276.53867,276.53867,280.08563,280.08563,283.1603,283.1603,280.8299,280.8299,287.1715,287.1715,278.68124,278.68124,278.68124,267.77884,267.77884,267.77884,278.19122,278.19122,278.19122,271.67105,280.92438,277.16333,273.31888,281.88235,271.67105,280.92438,277.16333,273.31888,281.88235,271.67105,280.92438,277.16333,273.31888,281.88235,1.0276598,0.0,2.5102036,10.077045,0.7095676,3.940696,1.5265538,0.95118296,0.0,1.0267997,0.0,2.485725,1.7783799,0.037547372,3.754435,0.0,1.8156435992282116,1.3969191027548868,0.03754737297035574,3.536147980783765,1.7838267,1.4788632,2.2581291,3.1363297,1.7979417,3.3005152,3.4132206,2.5536237,0.044306718,2.1974044,1.103449,2.8437839,2.3477645,1.2344384,3.5855644,0.9422583729756506,2.1701116379252547,2.4002358174635283,1.391599498892826,3.697995011204934,0.7561669,1.4788632,-0.25207457,-6.940716,1.0883741,-0.6401808,1.8866669,1.6024408,0.044306718,1.1706048,1.103449,0.3580589,0.5693845,1.1968911,-0.16887076,0.9422583729756506,0.35446803869704313,1.0033167147086415,1.3540521259224703,0.161847030421169
2012-10-15 09:00:00,-1.0912488,-1.8560321,0.0,0.0,-2.1497777,-5.0187383,-3.309733,-4.511628,-0.7993351,-1.0829254,-2.0441241,-3.3410668,-1.5707886,-2.2817516,-2.0041687,-2.1052148,-2.0725963,0.0,0.0,0.0,-1.6153138,-1.5422795,-1.3995185,0.0,-2.053083,-1.4484155,0.0,-2.7035344,0.0,-2.927767,-2.3277166,0.0,-4.03304,0.0,-2.1353612,-1.5221674,0.0,-2.8944159,0.7616395,1.9344794,0.6203802,1.4378304,0.96154,2.5128393,1.7828962,2.959177,0.9910605,1.7562014,1.9619125,3.3290038,1.9749378,3.511454,1.1814194,2.6792817,2.3675923,0.0,0.0,0.029720232,0.9763805,2.2776084,1.9522377,0.37449914,1.8696622,1.3653723,0.4297309,2.0878527,1.0968254,2.8750536,2.3926573,0.96079063,3.6462338,0.9711472,3.232049,2.5310428,0.8710024,3.7582245,276.83423,276.83423,272.75128,272.75128,277.48163,277.48163,279.1669,279.1669,282.7619,282.7619,280.9791,280.9791,287.70724,287.70724,279.28375,279.28375,279.28375,267.3019,267.3019,267.3019,278.70706,278.70706,278.70706,271.65536,281.1254,277.40433,272.30307,282.17303,271.65536,281.1254,277.40433,272.30307,282.17303,271.65536,281.1254,277.40433,272.30307,282.17303,2.0077143,0.0,5.328795,5.6226573,1.0143665,4.0113254,2.225557,2.1613286,0.0,1.608529,0.0,3.558707,3.0006704,0.0,4.6081786,0.0,2.692127270484922,2.462678637089219,0.0,4.333092233655266,1.935419,1.4405057,2.5138285,2.9614098,1.7557931,3.331397,3.5101612,2.6780648,0.041207068,2.2770767,1.1003057,2.8769388,2.3952157,0.9631041,3.6478999,0.9394249713285902,2.195980062860653,2.4695727761397466,1.1175777497740018,3.7588326257377234,-0.072295256,1.4405057,-2.8149664,-2.6612475,0.7414266,-0.6799285,1.284604,0.51673627,0.041207068,0.6685477,1.1003057,-0.68176824,-0.60545456,0.9631041,-0.960279,0.9394249713285902,-0.496147207624269,0.006894139050527492,1.1175777497740018,-0.574259607917543
2012-10-15 10:00:00,-1.6483283,-2.961643,0.0,0.0,-2.4865828,-5.965533,-3.6065674,-4.8250484,-0.88561934,-1.1901345,-2.6349058,-4.2810597,-1.2712795,-1.873536,-2.8230553,-3.0269346,-3.0361798,0.0,0.0,0.0,-2.0839262,-2.0370643,-1.9020896,0.0,-1.4396124,-1.0897965,0.0,-3.2844098,0.0,-2.086418,-1.6016738,0.0,-4.855702,0.0,-1.4773835,-1.0961317,0.0,-3.5406275,0.853858,2.0885787,0.64485466,1.4899769,1.0345943,2.6630201,1.630339,2.7934957,0.9723346,1.7333498,2.003495,3.382948,1.773322,3.2339184,1.3162775,2.8423734,2.532941,0.0,0.0,0.047145117,1.0712094,2.380966,2.053063,0.35152778,1.8789682,1.1110831,0.40474808,2.1059892,1.0624448,2.8849947,2.0599926,0.88120645,3.670016,0.9235324,3.246682,2.20712,0.78510326,3.7814417,277.68942,277.68942,272.93994,272.93994,278.03546,278.03546,278.2967,278.2967,282.5459,282.5459,281.23972,281.23972,286.17346,286.17346,280.0734,280.0734,280.0734,267.52054,267.52054,267.52054,279.37625,279.37625,279.37625,271.48468,281.18567,275.71478,272.00513,282.28394,271.48468,281.18567,275.71478,272.00513,282.28394,271.48468,281.18567,275.71478,272.00513,282.28394,3.1210399,0.0,6.2673388,6.064097,1.1131071,5.0859447,1.8225199,3.078569,0.0,2.1068594,0.0,2.5571535,2.1898227,0.0,5.501612,0.0,1.8692120088065398,1.8761791493490372,0.0,5.167411383820259,2.0895188,1.4926442,2.664009,2.7957284,1.7329414,3.3853412,3.232626,2.841156,0.04262797,2.3804343,1.0661023,2.88688,2.0625513,0.88352,3.6716821,0.9085938129394677,2.203736270428197,1.9834765315922631,1.0372053909250238,3.7820435329515982,-1.0315212,1.4926442,-3.6033297,-3.2683682,0.6198343,-1.7006034,1.410106,-0.23741281,0.04262797,0.27357483,1.0661023,0.32972643,-0.12727152,0.88352,-1.8299301,0.9085938129394677,0.33452426162165705,0.10729738224322594,1.0372053909250238,-1.3853678508686604
2012-10-15 11:00:00,-2.2415059,-4.133268,-0.13003637,-0.17003381,-3.1052737,-7.2984366,-2.8802593,-3.9052014,-1.318232,-1.7136006,-2.7880583,-4.5356836,-1.5972655,-2.2747607,-3.120723,-3.4056273,-3.4271922,0.0,0.0,0.0,-2.6988187,-2.6773846,-2.5610247,0.0,-1.9850863,-0.49679506,0.0,-3.6468632,0.0,-2.8427312,-0.68586814,0.0,-5.3735476,0.0,-2.058767,-0.4739057,0.0,-3.9475243,0.92914844,2.2143915,0.70501906,1.6181667,1.1183121,2.835122,1.6099392,2.771341,0.94671935,1.702091,2.093856,3.500172,1.7261024,3.1689181,1.4108944,2.9567986,2.6489506,0.0011979062,0.0,0.0568913,1.1817367,2.5014334,2.1705787,0.26213557,1.9389782,0.91434574,0.3784167,2.1777654,0.92865366,2.9491003,1.802618,0.79732645,3.764138,0.7382405,3.3410428,1.9565089,0.69456744,3.873327,278.38763,278.38763,273.40372,273.40372,278.67014,278.67014,278.18033,278.18033,282.25043,282.25043,281.80606,281.80606,285.81424,285.81424,280.6274,280.6274,280.6274,267.64282,267.64282,267.64282,280.15622,280.15622,280.15622,270.82047,281.57434,274.40762,271.6911,282.72284,270.82047,281.57434,274.40762,271.6911,282.72284,270.82047,281.57434,274.40762,271.6911,282.72284,4.2745953,0.24573402,7.5851717,4.9658628,1.5997401,5.338888,2.210225,3.4536157,0.0,2.7485359,0.0,3.4333303,1.0021378,0.0,6.0327277,0.0,2.5763651507541043,0.8648775521016961,0.0,5.656468949060374,2.2153316,1.6208252,2.836111,2.7735736,1.7016827,3.5025651,3.1676252,2.9555817,0.043422718,2.5009017,0.93300086,2.9509854,1.8051767,0.79964,3.7658038,0.7886152393047001,2.2537530094561653,1.607395747626395,0.9524945876313657,3.8739035405327606,-2.059264,1.3750912,-4.7490606,-2.1922889,0.10194253,-1.8363229,0.95740014,-0.49803397,0.043422718,-0.24763405,0.93300086,-0.48234484,0.8030389,0.79964,-2.266924,0.7886152393047001,-0.322612141297939,0.7425181955246988,0.9524945876313657,-1.782565408527613
2012-10-15 12:00:00,-2.4375865,-4.5611143,-0.45889044,-0.5953483,-3.2470636,-7.5426726,-5.4128585,-7.047783,-1.9125113,-2.4107187,-1.8868148,-3.106936,-2.1010168,-2.859726,-3.8995948,-4.230982,-4.286536,0.0,0.0,0.0,-3.343722,-3.342203,-3.2486658,0.0,-1.134009,-0.43973005,0.0,-0.70835996,0.0,-1.6575505,-0.59986186,0.0,-1.053931,0.0,-1.1560707,-0.4241495,0.0,-0.714606,1.0154369,2.358582,0.78261876,1.7835051,1.1732677,2.9480968,1.7055451,2.8751712,0.9928781,1.7584193,2.1488476,3.5715117,1.7424893,3.1914759,1.5041825,3.0696168,2.7633305,0.0,0.0,0.010008946,1.297769,2.6279013,2.2939477,0.2776565,1.9007462,0.8679048,0.3014262,1.36918,0.95188344,2.9082594,1.741863,0.5520692,2.7038257,0.77041227,3.280926,1.8973507,0.429849,2.8382103,279.18784,279.18784,274.0019,274.0019,279.08676,279.08676,278.72568,278.72568,282.78287,282.78287,282.15073,282.15073,285.9389,285.9389,281.17365,281.17365,281.17365,267.0546,267.0546,267.0546,280.97504,280.97504,280.97504,270.9358,281.32672,274.09906,270.77292,277.77844,270.9358,281.32672,274.09906,270.77292,277.77844,270.9358,281.32672,274.09906,270.77292,277.77844,4.704781,0.84452456,7.8444834,8.614776,2.2600882,3.6759927,2.7778592,4.2727814,0.0,3.4117951,0.0,2.0361621,0.8781814,0.0,1.3340508,0.0,1.462214380345229,0.7833160650070288,0.0,1.2831678576575367,2.3595219,1.7861636,2.9490857,2.8774042,1.7580111,3.5739052,3.190183,3.0684,0.03959972,2.6273694,0.9561109,2.9101443,1.7444218,0.5543826,2.7054913,0.8094468051106173,2.221887759733102,1.5186195048537925,0.7048081018494137,2.8390700884200646,-2.345259,0.941639,-4.8953977,-5.737372,-0.50207716,-0.10208757,0.41232374,-1.2043817,0.03959972,-0.78442556,0.9561109,0.8739822,0.86624044,0.5543826,1.3714405,0.8094468051106173,0.7596733793878729,0.7353034398467637,0.7048081018494137,1.5559022307625279
2012-10-15 13:00:00,-1.3251517,-2.4832501,-0.45435548,-0.5984239,-3.365714,-7.768177,-3.27984,-4.417607,-2.2348406,-2.8019652,-1.6141777,-2.6589074,-1.366923,-1.995422,-4.3073378,-4.6745434,-4.7458787,0.0,0.0,0.0,-3.3197296,-3.36704,-3.2435932,0.0,-1.1570187,-0.11200267,0.0,-0.7782757,0.0,-1.6761409,-0.15860024,0.0,-1.1507645,0.0,-1.1832768,-0.10445101,0.0,-0.78539354,1.0333949,2.3885903,0.7968552,1.813838,1.2145207,3.0329025,1.6295044,2.7925894,1.072433,1.8555017,2.0294325,3.4165967,1.7646049,3.221919,1.5696803,3.1488273,2.843637,0.0,0.0,0.050387375,1.3933634,2.7320929,2.3955865,0.26705182,1.6384083,0.7883795,0.2998141,1.3361013,0.93601173,2.6280189,1.637827,0.5469337,2.660449,0.7484309,2.8684227,1.7960484,0.42430598,2.7958646,279.35437,279.35437,274.11163,274.11163,279.3995,279.3995,278.29193,278.29193,283.70053,283.70053,281.40228,281.40228,286.10715,286.10715,281.55716,281.55716,281.55716,267.56122,267.56122,267.56122,281.64963,281.64963,281.64963,270.857,279.62762,273.57068,270.7537,277.57617,270.857,279.62762,273.57068,270.7537,277.57617,270.857,279.62762,273.57068,270.7537,277.57617,2.639036,0.85242176,8.076683,5.5771194,2.6428826,3.1893008,1.9405658,4.712045,0.0,3.437594,0.0,2.1215165,0.23980556,0.0,1.4594058,0.0,1.543813628843296,0.20058694232014584,0.0,1.4057729392315115,2.3895302,1.8164965,3.0338914,2.794822,1.8550935,3.41899,3.2206264,3.1476102,0.04289236,2.7315614,0.94032097,2.629904,1.6403856,0.54924715,2.662115,0.79521364742052,2.0032373230087623,1.3665997375345516,0.699621726137557,2.796736050716828,-0.24950579,0.9640748,-5.0427914,-2.7822974,-0.7877891,0.22968909,1.2800605,-1.564435,0.04289236,-0.7060327,0.94032097,0.50838745,1.4005802,0.54924715,1.2027093,0.79521364742052,0.45942369416546636,1.1660127952144057,0.699621726137557,1.3909631114853167
2012-10-15 14:00:00,-1.0265713,-1.912884,-0.52041024,-0.6949124,-2.63446,-6.1317325,-3.3764956,-4.473629,-1.9777619,-2.5301795,-1.026254,-1.6125095,-1.6962683,-2.4194374,-3.9133856,-4.339495,-4.396119,0.0,0.0,0.0,-3.201492,-3.2474916,-3.1190736,0.0,-1.0762388,0.0,0.0,-1.1718844,0.0,-1.4986423,0.0,0.0,-1.698994,0.0,-1.113102,0.0,0.0,-1.1933981,0.99633366,2.32666,0.83630645,1.8978949,1.2138042,3.0314293,1.5062656,2.6587484,1.1019162,1.8914808,1.3476305,2.5321043,1.8565814,3.3485298,1.6005661,3.186179,2.881506,0.0,0.0,0.005098154,1.3772241,2.7145023,2.378427,0.2981266,1.1533686,0.7196479,0.24784224,1.2933261,0.98252046,2.1098793,1.5479114,0.38137454,2.6043568,0.8128425,2.105741,1.7084957,0.24560976,2.741105,279.01068,279.01068,274.41574,274.41574,279.39407,279.39407,277.58896,277.58896,284.04062,284.04062,277.12903,277.12903,286.80685,286.80685,281.738,281.738,281.738,266.99298,266.99298,266.99298,281.53574,281.53574,281.53574,271.0879,276.48615,273.114,270.13388,277.3146,271.0879,276.48615,273.114,270.13388,277.3146,271.0879,276.48615,273.114,270.13388,277.3146,2.0517054,0.98874474,6.469319,5.692819,2.391238,2.1013172,2.3553176,4.3789506,0.0,3.3184178,0.0,2.010196,0.0,0.0,2.1422255,0.0,1.5344064120224337,0.0,0.0,2.0664345019588612,2.3276,1.9005533,3.0324183,2.6609814,1.8910724,2.5344975,3.347237,3.184962,0.039199274,2.7139707,0.98659,2.1117644,1.5504781,0.38368806,2.6060228,0.8369208786688843,1.598972003007263,1.235221353910884,0.5324228519981796,2.7419917783640164,0.27589467,0.9118086,-3.4369006,-3.031838,-0.5001655,0.43318024,0.9919195,-1.1939887,0.039199274,-0.6044472,0.98659,0.10156845,1.5504781,0.38368806,0.46379733,0.8369208786688843,0.06456559098482928,1.235221353910884,0.5324228519981796,0.6755572764051552
2012-10-15 15:00:00,-1.0972929,-2.043682,-0.27093735,-0.37439713,-3.0323775,-7.045741,-1.5841577,-2.1659427,-1.78682,-2.3252358,-2.1531494,-3.3869092,-1.032001,-1.5623423,-2.9651809,-3.3991184,-3.4234438,0.0,0.0,0.0,-1.6902233,-1.7450354,-1.5852659,0.0,-1.4503958,0.0,0.0,-0.599955,0.0,-2.031352,0.0,0.0,-0.8837085,0.0,-1.5095065,0.0,0.0,-0.60013795,0.99293435,2.3209796,0.80093694,1.8225348,1.1897643,2.9820092,1.3887837,2.5311599,1.147268,1.9468244,1.4995224,2.7291517,1.8640028,3.3587458,1.6079514,3.1951103,2.8905609,0.0,0.0,0.0,1.3561418,2.691524,2.3560116,0.2540732,1.318939,0.69050455,0.17839292,1.2649188,0.916587,2.2867486,1.5097859,0.16014005,2.567106,0.7215289,2.3660858,1.6713719,0.0068203458,2.7047398,278.97916,278.97916,274.1431,274.1431,279.21182,279.21182,276.91882,276.91882,284.56375,284.56375,278.08102,278.08102,286.8633,286.8633,281.78125,281.78125,281.78125,266.78314,266.78314,266.78314,281.38696,281.38696,281.38696,270.76056,277.5585,272.92038,269.30563,277.1409,270.76056,277.5585,272.92038,269.30563,277.1409,270.76056,277.5585,272.92038,269.30563,277.1409,2.187782,0.5452847,7.3674016,2.8703783,2.2043772,4.2391834,1.5225276,3.4417498,0.0,1.805176,0.0,2.6494362,0.0,0.0,1.1359617,0.0,2.0376579995640576,0.0,0.0,1.0987542335230889,2.3219194,1.8251933,2.9829981,2.5333924,1.9464161,2.7315447,3.3574529,3.1938934,0.03783549,2.6909924,0.92099637,2.2886336,1.5123954,0.17605622,2.568772,0.7777942909911211,1.7369696626102618,1.1795542417122893,0.3089970792683566,2.70563611412038,0.13413733,1.2799085,-4.3844037,-0.3369857,-0.257961,-1.5076386,1.8349254,-0.24785627,0.03783549,0.8858163,0.92099637,-0.3608028,1.5123954,0.17605622,1.4328103,0.7777942909911211,-0.3006883369537958,1.1795542417122893,0.3089970792683566,1.606881880597291
2012-10-15 16:00:00,-0.20177312,-0.37054145,-0.03596994,-0.052345805,-1.0438012,-2.4812806,-0.06760631,-0.09601597,-0.57576054,-0.7988577,-0.2951391,-0.47978225,-0.5635358,-0.88756555,-0.91308564,-1.0554676,-1.020606,0.0,0.0,0.0,-0.7674336,-0.78017145,-0.67501974,0.0,-0.18755132,0.0,0.0,-0.06329448,0.0,-0.2777364,0.0,0.0,-0.090802975,0.0,-0.18668401,0.0,0.0,-0.06022682,0.9267758,2.2104266,0.73939484,1.6914096,1.1164079,2.831208,1.2816485,2.4148076,1.0921273,1.8795351,1.4483528,2.6627698,1.7709792,3.2306936,1.3595729,2.8947322,2.5860252,0.0,0.0,0.0,1.210439,2.532717,2.2010953,0.22239879,1.3254507,0.6615909,0.18621813,1.0395634,0.8691807,2.2937045,1.4719604,0.18506768,2.271593,0.6558743,2.376325,1.6345406,0.033725966,2.4162488,278.36563,278.36563,273.6687,273.6687,278.6557,278.6557,276.3077,276.3077,283.9277,283.9277,277.7603,277.7603,286.15564,286.15564,280.3269,280.3269,280.3269,266.43777,266.43777,266.43777,280.35876,280.35876,280.35876,270.5252,277.60068,272.72827,269.39896,275.76288,270.5252,277.60068,272.72827,269.39896,275.76288,270.5252,277.60068,272.72827,269.39896,275.76288,0.40947017,0.07924125,2.7268257,0.13341364,0.7542215,0.6257611,0.86435384,1.0869745,0.0,0.816903,0.0,0.37395877,0.0,0.0,0.12379746,0.0,0.2552827186916112,0.0,0.0,0.12201311034312322,2.2113667,1.6940681,2.8321967,2.4170408,1.8791268,2.6651633,3.229401,2.8935156,0.03559088,2.5321853,0.8738345,2.2955897,1.4746127,0.1873811,2.2732592,0.7352822413760821,1.7423970443106895,1.124325798640555,0.3341715823268606,2.417224304752601,1.8018965,1.6148268,0.10537115,2.283627,1.1249052,2.039402,2.3650472,1.8065411,0.03559088,1.7152822,0.8738345,1.9216309,1.4746127,0.1873811,2.1494617,0.7352822413760821,1.4871143256190784,1.124325798640555,0.3341715823268606,2.295211194409478
2012-10-15 17:00:00,0.0,0.0,0.0,0.0,0.0,0.0,0.0,0.0,0.0,0.0,0.0,0.0,0.0,0.0,0.0,0.0,0.0,0.0,0.0,0.0,0.0,0.0,0.0,0.0,0.0,0.0,0.0,0.0,0.0,0.0,0.0,0.0,0.0,0.0,0.0,0.0,0.0,0.0,0.90599424,2.1757002,0.73475885,1.6815319,0.9535897,2.4964957,1.059487,2.1735344,0.99237543,1.7578062,1.2837086,2.4491794,1.6423012,3.0535614,0.9013734,2.3406065,2.024229,0.0,0.0,0.0,1.1637336,2.4818113,2.151437,0.12987277,1.1299602,0.625273,0.19153303,1.053672,0.7306993,2.0848732,1.4244487,0.20199852,2.2900944,0.46408677,2.068933,1.5882776,0.05200026,2.4343104,278.1729,278.1729,273.63297,273.63297,277.42136,277.42136,275.04047,275.04047,282.77707,282.77707,276.7284,276.7284,285.17673,285.17673,277.64398,277.64398,277.64398,266.06195,266.06195,266.06195,280.02917,280.02917,280.02917,269.8377,276.33453,272.48697,269.46234,275.84915,269.8377,276.33453,272.48697,269.46234,275.84915,269.8377,276.33453,272.48697,269.46234,275.84915,0.0,0.0,0.0,0.0,0.0,0.0,0.0,0.0,0.0,0.0,0.0,0.0,0.0,0.0,0.0,0.0,0.0,0.0,0.0,0.0,2.1766403,1.6841904,2.4974847,2.1757672,1.7573977,2.4515727,3.0522685,2.3393896,0.03314833,2.4812794,0.73606706,2.0867584,1.4271549,0.20431198,2.2917602,0.611097664907254,1.5794617046803983,1.0549546629188387,0.3512701574911879,2.4352807810029105,2.1766403,1.6841904,2.4974847,2.1757672,1.7573977,2.4515727,3.0522685,2.3393896,0.03314833,2.4812794,0.73606706,2.0867584,1.4271549,0.20431198,2.2917602,0.611097664907254,1.5794617046803983,1.0549546629188387,0.3512701574911879,2.4352807810029105
2012-10-15 18:00:00,0.0,0.0,0.0,0.0,0.0,0.0,0.0,0.0,0.0,0.0,0.0,0.0,0.0,0.0,0.0,0.0,0.0,0.0,0.0,0.0,0.0,0.0,0.0,0.0,0.0,0.0,0.0,0.0,0.0,0.0,0.0,0.0,0.0,0.0,0.0,0.0,0.0,0.0,0.80500245,2.00694,0.75523067,1.7251502,0.9927374,2.5769732,1.1793606,2.3037202,0.9955952,1.7617351,1.2553269,2.41236,1.6320999,3.0395186,0.84622085,2.2739077,1.956607,0.0,0.0,0.0,1.0446957,2.3520677,2.0248725,0.1185904,1.1066881,0.6089122,0.17535548,1.1035693,0.71381325,2.060013,1.4030455,0.15046409,2.3555253,0.4407008,2.03234,1.5674367,0.0,2.4981866,277.23636,277.23636,273.79077,273.79077,277.71814,277.71814,275.72424,275.72424,282.8142,282.8142,276.5505,276.5505,285.09912,285.09912,277.32104,277.32104,277.32104,265.83646,265.83646,265.83646,279.18915,279.18915,279.18915,269.75388,276.1838,272.37827,269.2694,276.15427,269.75388,276.1838,272.37827,269.2694,276.15427,269.75388,276.1838,272.37827,269.2694,276.15427,0.0,0.0,0.0,0.0,0.0,0.0,0.0,0.0,0.0,0.0,0.0,0.0,0.0,0.0,0.0,0.0,0.0,0.0,0.0,0.0,2.00788,1.7278088,2.5779622,2.3059533,1.7613268,2.414753,3.038226,2.2726908,0.031682797,2.3515358,0.7192681,2.0618982,1.4057758,0.17499675,2.3571913,0.5959549522137229,1.5600652949709808,1.0237038743212985,0.29922528883982685,2.4991395180211597,2.00788,1.7278088,2.5779622,2.3059533,1.7613268,2.414753,3.038226,2.2726908,0.031682797,2.3515358,0.7192681,2.0618982,1.4057758,0.17499675,2.3571913,0.5959549522137229,1.5600652949709808,1.0237038743212985,0.29922528883982685,2.4991395180211597
2012-10-15 19:00:00,0.0,0.0,0.0,0.0,0.0,0.0,0.0,0.0,0.0,0.0,0.0,0.0,0.0,0.0,0.0,0.0,0.0,0.0,0.0,0.0,0.0,0.0,0.0,0.0,0.0,0.0,0.0,0.0,0.0,0.0,0.0,0.0,0.0,0.0,0.0,0.0,0.0,0.0,0.7831054,1.9703493,0.7630694,1.741852,0.5719024,1.7118459,1.1573238,2.2797878,0.96321774,1.7222242,1.2519817,2.4080203,1.5466822,2.9219365,0.5869807,1.9603941,1.6387538,0.0,0.0,0.0,0.98919857,2.2915792,1.9658662,0.12030719,1.1531659,0.6053388,0.13805398,0.9954055,0.71638274,2.109663,1.3983707,0.03163813,2.2136881,0.44425932,2.1054225,1.5628848,0.0,2.3597198,277.0333,277.0333,273.8512,273.8512,274.52774,274.52774,275.59854,275.59854,282.44073,282.44073,276.52954,276.52954,284.4493,284.4493,275.8031,275.8031,275.8031,265.36362,265.36362,265.36362,278.79752,278.79752,278.79752,269.76663,276.48483,272.35452,268.82455,275.49286,269.76663,276.48483,272.35452,268.82455,275.49286,269.76663,276.48483,272.35452,268.82455,275.49286,0.0,0.0,0.0,0.0,0.0,0.0,0.0,0.0,0.0,0.0,0.0,0.0,0.0,0.0,0.0,0.0,0.0,0.0,0.0,0.0,1.9712893,1.7445105,1.7128347,2.2820206,1.7218158,2.4104135,2.9206438,1.9591773,0.028609723,2.2910476,0.7218243,2.111548,1.4011062,0.16198578,2.2153542,0.5982591582224219,1.5988031336779442,1.0168781827073492,0.17922243367834453,2.360710791536211,1.9712893,1.7445105,1.7128347,2.2820206,1.7218158,2.4104135,2.9206438,1.9591773,0.028609723,2.2910476,0.7218243,2.111548,1.4011062,0.16198578,2.2153542,0.5982591582224219,1.5988031336779442,1.0168781827073492,0.17922243367834453,2.360710791536211
2012-10-15 20:00:00,0.0,0.0,0.0,0.0,0.0,0.0,0.0,0.0,0.0,0.0,0.0,0.0,0.0,0.0,0.0,0.0,0.0,0.0,0.0,0.0,0.0,0.0,0.0,0.0,0.0,0.0,0.0,0.0,0.0,0.0,0.0,0.0,0.0,0.0,0.0,0.0,0.0,0.0,0.8214533,2.0344296,0.69944096,1.6062815,0.6016426,1.772984,1.1388767,2.2597537,0.95905864,1.7171489,1.3473238,2.531706,1.4428276,2.7789748,0.46838903,1.8169746,1.4933491,0.0,0.0,0.0,0.9508786,2.249813,1.9251233,0.08869851,1.2010999,0.6151498,0.15488404,1.0324465,0.66907483,2.1608677,1.4112055,0.085251264,2.2622607,0.37874097,2.180794,1.5753822,0.0,2.4071383,277.38892,277.38892,273.36072,273.36072,274.7532,274.7532,275.49332,275.49332,282.39276,282.39276,277.1271,277.1271,283.65924,283.65924,275.1087,275.1087,275.1087,264.64133,264.64133,264.64133,278.5271,278.5271,278.5271,269.53177,276.7953,272.4197,269.02527,275.71936,269.53177,276.7953,272.4197,269.02527,275.71936,269.53177,276.7953,272.4197,269.02527,275.71936,0.0,0.0,0.0,0.0,0.0,0.0,0.0,0.0,0.0,0.0,0.0,0.0,0.0,0.0,0.0,0.0,0.0,0.0,0.0,0.0,2.0353696,1.60894,1.7739729,2.2619865,1.7167406,2.5340993,2.777682,1.8157578,0.02391542,2.2492812,0.6747603,2.1627529,1.4139265,0.1678562,2.2639267,0.555835307880443,1.638754475239779,1.035618127806829,0.2333665496416476,2.408116227238296,2.0353696,1.60894,1.7739729,2.2619865,1.7167406,2.5340993,2.777682,1.8157578,0.02391542,2.2492812,0.6747603,2.1627529,1.4139265,0.1678562,2.2639267,0.555835307880443,1.638754475239779,1.035618127806829,0.2333665496416476,2.408116227238296
2012-10-15 21:00:00,0.0,0.0,0.0,0.0,0.0,0.0,0.0,0.0,0.0,0.0,0.0,0.0,0.0,0.0,0.0,0.0,0.0,0.0,0.0,0.0,0.0,0.0,0.0,0.0,0.0,0.0,0.0,0.0,0.0,0.0,0.0,0.0,0.0,0.0,0.0,0.0,0.0,0.0,0.8148518,2.0233986,0.7080556,1.6246364,0.8240822,2.2302618,1.1187123,2.2378545,0.9437641,1.6984848,1.3333495,2.5135775,1.4086454,2.7319212,0.5821232,1.9545197,1.6327983,0.0,0.0,0.0,0.74352026,2.0238056,1.7046536,0.03361741,1.2489301,0.5768018,0.13605289,0.9707962,0.5866363,2.211962,1.3610383,0.025263565,2.1814177,0.2645692,2.2560027,1.5265332,0.0,2.3282163,277.3277,277.3277,273.42712,273.42712,276.43954,276.43954,275.3783,275.3783,282.21634,282.21634,277.03952,277.03952,283.3992,283.3992,275.77466,275.77466,275.77466,263.71664,263.71664,263.71664,277.0638,277.0638,277.0638,269.1225,277.10507,272.16492,268.8007,275.34238,269.1225,277.10507,272.16492,268.8007,275.34238,269.1225,277.10507,272.16492,268.8007,275.34238,0.0,0.0,0.0,0.0,0.0,0.0,0.0,0.0,0.0,0.0,0.0,0.0,0.0,0.0,0.0,0.0,0.0,0.0,0.0,0.0,2.0243385,1.627295,2.2312508,2.2400875,1.6980764,2.5159707,2.7306283,1.9533029,0.017905729,2.023274,0.6130896,2.213847,1.3638157,0.1612878,2.1830838,0.5022506234065218,1.6786194185401015,0.9623691570036661,0.1727847419217224,2.3292157493040655,2.0243385,1.627295,2.2312508,2.2400875,1.6980764,2.5159707,2.7306283,1.9533029,0.017905729,2.023274,0.6130896,2.213847,1.3638157,0.1612878,2.1830838,0.5022506234065218,1.6786194185401015,0.9623691570036661,0.1727847419217224,2.3292157493040655
2012-10-15 22:00:00,0.0,0.0,0.0,0.0,0.0,0.0,0.0,0.0,0.0,0.0,0.0,0.0,0.0,0.0,0.0,0.0,0.0,0.0,0.0,0.0,0.0,0.0,0.0,0.0,0.0,0.0,0.0,0.0,0.0,0.0,0.0,0.0,0.0,0.0,0.0,0.0,0.0,0.0,0.6530622,1.7530433,0.704259,1.6165472,0.9011216,2.3886352,1.1010677,2.2186923,0.93308884,1.6854575,1.3417875,2.5245242,1.3961332,2.7146978,0.815971,2.237325,1.9195175,0.0,0.0,0.0,0.6697,1.9433463,1.6261654,0.0,1.2465646,0.5644876,0.13409786,0.98424625,0.51549006,2.209435,1.3449285,0.019035801,2.199055,0.16603631,2.2522833,1.5108469,0.0,2.3454342,275.82733,275.82733,273.39786,273.39786,277.0236,277.0236,275.27765,275.27765,282.0932,282.0932,277.0924,277.0924,283.30402,283.30402,277.14392,277.14392,277.14392,264.9561,264.9561,264.9561,276.54288,276.54288,276.54288,268.7693,277.08975,272.0831,268.77737,275.42462,268.7693,277.08975,272.0831,268.77737,275.42462,268.7693,277.08975,272.0831,268.77737,275.42462,0.0,0.0,0.0,0.0,0.0,0.0,0.0,0.0,0.0,0.0,0.0,0.0,0.0,0.0,0.0,0.0,0.0,0.0,0.0,0.0,1.7539834,1.6192056,2.389624,2.2209249,1.6850492,2.5269175,2.713405,2.2361078,0.025961095,1.9428145,0.5722087,2.2113202,1.3477243,0.16060588,2.2007208,0.4683480122044764,1.6766479673001486,0.9388477184214072,0.16649523232829644,2.346429121604944,1.7539834,1.6192056,2.389624,2.2209249,1.6850492,2.5269175,2.713405,2.2361078,0.025961095,1.9428145,0.5722087,2.2113202,1.3477243,0.16060588,2.2007208,0.4683480122044764,1.6766479673001486,0.9388477184214072,0.16649523232829644,2.346429121604944
2012-10-15 23:00:00,0.0,0.0,0.0,0.0,0.0,0.0,0.0,0.0,0.0,0.0,0.0,0.0,0.0,0.0,0.0,0.0,0.0,0.0,0.0,0.0,0.0,0.0,0.0,0.0,0.0,0.0,0.0,0.0,0.0,0.0,0.0,0.0,0.0,0.0,0.0,0.0,0.0,0.0,0.64812934,1.7448003,0.6897929,1.5857248,0.82110333,2.2241383,1.0873395,2.2037828,0.91723084,1.6661056,1.3532739,2.5394251,1.3833847,2.6971483,0.8672874,2.2993846,1.9824365,0.0,0.0,0.0,0.64221305,1.9133873,1.5969408,0.0,1.22154,0.5547915,0.118775,1.052609,0.37212792,2.1827028,1.3322439,0.0,2.2887003,0.0,2.2129345,1.4984956,0.0,2.4329495,275.7816,275.7816,273.28635,273.28635,276.41696,276.41696,275.19934,275.19934,281.91028,281.91028,277.1644,277.1644,283.20703,283.20703,277.4444,277.4444,277.4444,264.49164,264.49164,264.49164,276.3489,276.3489,276.3489,268.05756,276.92767,272.01868,268.59464,275.84265,268.05756,276.92767,272.01868,268.59464,275.84265,268.05756,276.92767,272.01868,268.59464,275.84265,0.0,0.0,0.0,0.0,0.0,0.0,0.0,0.0,0.0,0.0,0.0,0.0,0.0,0.0,0.0,0.0,0.0,0.0,0.0,0.0,1.7457403,1.5883834,2.2251272,2.2060156,1.6656972,2.5418184,2.6958556,2.2981677,0.022942564,1.9128555,0.5013018,2.1845877,1.335054,0.15526117,2.2903662,0.4115027591053456,1.6557906415324395,0.9203271078853578,0.15526117743037227,2.4339203178117836,1.7457403,1.5883834,2.2251272,2.2060156,1.6656972,2.5418184,2.6958556,2.2981677,0.022942564,1.9128555,0.5013018,2.1845877,1.335054,0.15526117,2.2903662,0.4115027591053456,1.6557906415324395,0.9203271078853578,0.15526117743037227,2.4339203178117836
2012-11-11 00:00:00,0.0,0.0,0.0,0.0,0.0,0.0,0.0,0.0,0.0,0.0,0.0,0.0,0.0,0.0,0.0,0.0,0.0,0.0,0.0,0.0,0.0,0.0,0.0,0.0,0.0,0.0,0.0,0.0,0.0,0.0,0.0,0.0,0.0,0.0,0.0,0.0,0.0,0.0,1.0905037,2.4840207,1.2060977,2.6857934,1.2010516,3.0052133,1.9519049,3.1427255,0.8539308,1.5888593,1.2976248,2.4672325,1.3195733,2.6093085,1.2710382,2.7876625,2.4774733,0.07394305,0.115663506,0.24214655,1.0907478,2.4022617,2.0738366,0.5455376,1.1745058,0.9869587,0.5455608,1.614249,1.3528144,2.1324592,1.8976111,1.329773,3.0251887,1.325675,2.1389775,2.0490057,1.2692635,3.151937,279.88397,279.88397,277.26627,277.26627,279.2974,279.2974,280.13095,280.13095,281.1801,281.1801,276.8156,276.8156,282.7216,282.7216,279.8085,279.8085,279.8085,269.9672,269.9672,269.9672,279.51413,279.51413,279.51413,272.92624,276.62305,274.89008,273.68445,279.277,272.92624,276.62305,274.89008,273.68445,279.277,272.92624,276.62305,274.89008,273.68445,279.277,0.0,0.0,0.0,0.0,0.0,0.0,0.0,0.0,0.0,0.0,0.0,0.0,0.0,0.0,0.0,0.0,0.0,0.0,0.0,0.0,2.4849608,2.6884518,3.006202,3.144958,1.588451,2.4696257,2.6080158,2.7864456,0.12024288,2.4017298,1.3549749,2.1343443,1.9001697,1.3320864,3.0268548,1.1689856292861482,1.6165893939682765,1.7462013674456096,1.4902147284996996,3.1527111447594462,2.4849608,2.6884518,3.006202,3.144958,1.588451,2.4696257,2.6080158,2.7864456,0.12024288,2.4017298,1.3549749,2.1343443,1.9001697,1.3320864,3.0268548,1.1689856292861482,1.6165893939682765,1.7462013674456096,1.4902147284996996,3.1527111447594462
2012-11-11 01:00:00,0.0,0.0,0.0,0.0,0.0,0.0,0.0,0.0,0.0,0.0,0.0,0.0,0.0,0.0,0.0,0.0,0.0,0.0,0.0,0.0,0.0,0.0,0.0,0.0,0.0,0.0,0.0,0.0,0.0,0.0,0.0,0.0,0.0,0.0,0.0,0.0,0.0,0.0,1.1947172,2.6581645,1.2689147,2.819635,1.2409198,3.087172,1.949401,3.1400056,0.8561348,1.5915488,1.4469506,2.660951,1.2887727,2.5669098,1.3114564,2.836543,2.52703,0.056500085,0.054472473,0.19772565,1.093974,2.4057777,2.0772667,0.49244845,1.3935279,0.9997045,0.44395855,1.6644355,1.2733572,2.3664274,1.9142855,1.0061135,3.0909991,1.215632,2.4833703,2.0652418,0.9199217,3.2161834,280.8504,280.8504,277.7505,277.7505,279.59964,279.59964,280.11667,280.11667,281.20554,281.20554,277.75153,277.75153,282.48727,282.48727,280.04517,280.04517,280.04517,269.40985,269.40985,269.40985,279.5369,279.5369,279.5369,272.53177,278.0416,274.97476,272.47275,279.5839,272.53177,278.0416,274.97476,272.47275,279.5839,272.53177,278.0416,274.97476,272.47275,279.5839,0.0,0.0,0.0,0.0,0.0,0.0,0.0,0.0,0.0,0.0,0.0,0.0,0.0,0.0,0.0,0.0,0.0,0.0,0.0,0.0,2.6591046,2.822293,3.088161,3.1422386,1.5911405,2.663344,2.565617,2.8353257,0.059709355,2.405246,1.2759274,2.3683124,1.9168441,1.008427,3.0926654,1.0977316415626013,1.799137138961765,1.7705663237994786,1.1633495735167363,3.216940336543355,2.6591046,2.822293,3.088161,3.1422386,1.5911405,2.663344,2.565617,2.8353257,0.059709355,2.405246,1.2759274,2.3683124,1.9168441,1.008427,3.0926654,1.0977316415626013,1.799137138961765,1.7705663237994786,1.1633495735167363,3.216940336543355
2012-11-11 02:00:00,0.0,0.0,0.0,0.0,0.0,0.0,0.0,0.0,0.0,0.0,0.0,0.0,0.0,0.0,0.0,0.0,0.0,0.0,0.0,0.0,0.0,0.0,0.0,0.0,0.0,0.0,0.0,0.0,0.0,0.0,0.0,0.0,0.0,0.0,0.0,0.0,0.0,0.0,1.2160153,2.6937544,1.363142,3.020401,1.2070737,3.0175931,1.9088367,3.095952,0.86438656,1.6016186,1.5585897,2.8057785,1.3005143,2.583073,1.1767131,2.67359,2.3618217,0.06465566,0.08308279,0.21849498,1.0702147,2.3798816,2.0520053,0.45246533,1.5179589,1.1486412,0.46524113,1.7057387,1.2135154,2.4993496,2.1091266,1.0739105,3.1451607,1.132755,2.6790266,2.254963,0.99309826,3.269058,281.0479,281.0479,278.47684,278.47684,279.34305,279.34305,279.88528,279.88528,281.30072,281.30072,278.45123,278.45123,282.5766,282.5766,279.2562,279.2562,279.2562,269.67044,269.67044,269.67044,279.36923,279.36923,279.36923,272.23468,278.8475,275.96432,272.72656,279.83646,272.23468,278.8475,275.96432,272.72656,279.83646,272.23468,278.8475,275.96432,272.72656,279.83646,0.0,0.0,0.0,0.0,0.0,0.0,0.0,0.0,0.0,0.0,0.0,0.0,0.0,0.0,0.0,0.0,0.0,0.0,0.0,0.0,2.6946943,3.0230594,3.0185819,3.0981848,1.6012102,2.8081717,2.5817802,2.672373,0.08801225,2.3793502,1.2163941,2.5012348,2.111685,1.076224,3.146827,1.0440678963600072,1.9028464703256622,2.055271936314998,1.2318179652556434,3.269800399312212,2.6946943,3.0230594,3.0185819,3.0981848,1.6012102,2.8081717,2.5817802,2.672373,0.08801225,2.3793502,1.2163941,2.5012348,2.111685,1.076224,3.146827,1.0440678963600072,1.9028464703256622,2.055271936314998,1.2318179652556434,3.269800399312212
2012-11-11 03:00:00,0.0,0.0,0.0,0.0,0.0,0.0,0.0,0.0,0.0,0.0,0.0,0.0,0.0,0.0,0.0,0.0,0.0,0.0,0.0,0.0,0.0,0.0,0.0,0.0,0.0,0.0,0.0,0.0,0.0,0.0,0.0,0.0,0.0,0.0,0.0,0.0,0.0,0.0,1.2561107,2.7607548,1.2993554,2.884493,1.1772007,2.956182,1.8844298,3.0694456,0.87703276,1.617051,1.6389009,2.909965,1.2914122,2.5705433,1.1522537,2.6440098,2.3318324,0.08333551,0.14861281,0.26606566,1.072844,2.382748,2.054801,0.5625495,1.4775119,1.1262083,0.6121211,1.6821578,1.3782755,2.456143,2.0797796,1.5418043,3.1142387,1.3609371,2.615428,2.226387,1.4981195,3.238871,281.41974,281.41974,277.98514,277.98514,279.11658,279.11658,279.74606,279.74606,281.4466,281.4466,278.9546,278.9546,282.50735,282.50735,279.11298,279.11298,279.11298,270.2673,270.2673,270.2673,279.3878,279.3878,279.3878,273.05264,278.58554,275.81528,274.47824,279.69226,273.05264,278.58554,275.81528,274.47824,279.69226,273.05264,278.58554,275.81528,274.47824,279.69226,0.0,0.0,0.0,0.0,0.0,0.0,0.0,0.0,0.0,0.0,0.0,0.0,0.0,0.0,0.0,0.0,0.0,0.0,0.0,0.0,2.7616947,2.8871515,2.9571707,3.0716782,1.6166427,2.9123583,2.5692506,2.642793,0.15283811,2.382216,1.3803048,2.458028,2.082338,1.5441179,3.1159046,1.19181821609962,1.8691354395612085,2.0123896131321883,1.7043461866601795,3.239621110213269,2.7616947,2.8871515,2.9571707,3.0716782,1.6166427,2.9123583,2.5692506,2.642793,0.15283811,2.382216,1.3803048,2.458028,2.082338,1.5441179,3.1159046,1.19181821609962,1.8691354395612085,2.0123896131321883,1.7043461866601795,3.239621110213269
2012-11-11 04:00:00,0.0,0.0,0.0,0.0,0.0,0.0,0.0,0.0,0.0,0.0,0.0,0.0,0.0,0.0,0.0,0.0,0.0,0.0,0.0,0.0,0.0,0.0,0.0,0.0,0.0,0.0,0.0,0.0,0.0,0.0,0.0,0.0,0.0,0.0,0.0,0.0,0.0,0.0,1.0546107,2.4240427,1.3369337,2.96456,1.1681393,2.9375544,1.7049886,2.874567,0.89755774,1.6420983,1.8132441,3.1361382,1.2496,2.5129864,1.1719546,2.6678352,2.3559873,0.09647958,0.19472305,0.29953882,1.103315,2.415959,2.0871985,0.5942608,1.647144,1.1697787,0.70808095,1.7355132,1.4257371,2.6373508,2.1367788,1.8474896,3.1842048,1.4266682,2.8821592,2.2818885,1.8280607,3.3071747,279.55112,279.55112,278.2748,278.2748,279.04788,279.04788,278.7225,278.7225,281.68335,281.68335,280.0473,280.0473,282.18927,282.18927,279.22833,279.22833,279.22833,270.6873,270.6873,270.6873,279.6028,279.6028,279.6028,273.28827,279.6842,276.10477,275.62265,280.01852,273.28827,279.6842,276.10477,275.62265,280.01852,273.28827,279.6842,276.10477,275.62265,280.01852,0.0,0.0,0.0,0.0,0.0,0.0,0.0,0.0,0.0,0.0,0.0,0.0,0.0,0.0,0.0,0.0,0.0,0.0,0.0,0.0,2.4249825,2.9672184,2.938543,2.8767998,1.6416898,3.1385314,2.5116937,2.6666186,0.19845286,2.4154272,1.4276654,2.639236,2.1393375,1.8498031,3.185871,1.2345234619504348,2.010518340137991,2.0956782531223883,2.0130590266516446,3.30790614296603,2.4249825,2.9672184,2.938543,2.8767998,1.6416898,3.1385314,2.5116937,2.6666186,0.19845286,2.4154272,1.4276654,2.639236,2.1393375,1.8498031,3.185871,1.2345234619504348,2.010518340137991,2.0956782531223883,2.0130590266516446,3.30790614296603
2012-11-11 05:00:00,0.0,0.0,0.0,0.0,0.0,0.0,0.0,0.0,0.0,0.0,0.0,0.0,0.0,0.0,0.0,0.0,0.0,0.0,0.0,0.0,0.0,0.0,0.0,0.0,0.0,0.0,0.0,0.0,0.0,0.0,0.0,0.0,0.0,0.0,0.0,0.0,0.0,0.0,0.96815443,2.2795713,1.284236,2.8522787,1.1650679,2.93124,1.8983985,3.0846162,0.90776736,1.6545571,1.7948779,3.1123118,1.2253822,2.4796495,1.1920103,2.6920896,2.3805773,0.10505351,0.22480093,0.32137346,1.1179537,2.431914,2.1027627,0.56562567,1.69292,1.3027589,0.77639925,1.658317,1.3828796,2.6862504,2.3107452,2.0651212,3.0829759,1.3673135,2.9541378,2.4512835,2.0629613,3.2083511,278.74936,278.74936,277.8686,277.8686,279.0246,279.0246,279.82574,279.82574,281.80112,281.80112,279.9322,279.9322,282.00504,282.00504,279.34576,279.34576,279.34576,270.96124,270.96124,270.96124,279.70612,279.70612,279.70612,273.0755,279.98068,276.9883,276.4374,279.54648,273.0755,279.98068,276.9883,276.4374,279.54648,273.0755,279.98068,276.9883,276.4374,279.54648,0.0,0.0,0.0,0.0,0.0,0.0,0.0,0.0,0.0,0.0,0.0,0.0,0.0,0.0,0.0,0.0,0.0,0.0,0.0,0.0,2.2805116,2.8549373,2.932229,3.086849,1.6541487,3.114705,2.4783568,2.6908727,0.22820753,2.4313824,1.3848852,2.6881356,2.313304,2.0674345,3.084642,1.1959470445697526,2.0486710269828965,2.349881574332198,2.232846104040768,3.2091096892554596,2.2805116,2.8549373,2.932229,3.086849,1.6541487,3.114705,2.4783568,2.6908727,0.22820753,2.4313824,1.3848852,2.6881356,2.313304,2.0674345,3.084642,1.1959470445697526,2.0486710269828965,2.349881574332198,2.232846104040768,3.2091096892554596
2012-11-11 06:00:00,0.0,0.0,0.0,0.0,0.0,0.0,0.0,0.0,0.0,0.0,0.0,0.0,0.0,0.0,0.0,0.0,0.0,0.0,0.0,0.0,0.0,0.0,0.0,0.0,0.0,0.0,0.0,0.0,0.0,0.0,0.0,0.0,0.0,0.0,0.0,0.0,0.0,0.0,0.94411504,2.2394013,1.2574297,2.795164,1.1508379,2.9019866,1.7037848,2.8732598,0.9212205,1.6709743,1.9353372,3.2945278,1.2183943,2.4700303,1.1912857,2.6912134,2.3796892,0.11638099,0.26453844,0.3502204,1.1042188,2.4169438,2.0881593,0.5108075,1.793881,1.1913525,0.5965935,1.6763283,1.3008347,2.7941015,2.165002,1.4923404,3.1065946,1.2536865,3.1128898,2.30937,1.4447305,3.2314086,278.52643,278.52643,277.66196,277.66196,278.91672,278.91672,278.71564,278.71564,281.9563,281.9563,280.81253,280.81253,281.95187,281.95187,279.34152,279.34152,279.34152,271.32318,271.32318,271.32318,279.6092,279.6092,279.6092,272.66818,280.63458,276.2481,274.29306,279.65662,272.66818,280.63458,276.2481,274.29306,279.65662,272.66818,280.63458,276.2481,274.29306,279.65662,0.0,0.0,0.0,0.0,0.0,0.0,0.0,0.0,0.0,0.0,0.0,0.0,0.0,0.0,0.0,0.0,0.0,0.0,0.0,0.0,2.2403412,2.7978227,2.9029756,2.8754926,1.670566,3.296921,2.4687374,2.6899965,0.267518,2.4164124,1.3032632,2.7959864,2.1675608,1.4946539,3.1082606,1.122372313473808,2.1328190065017627,2.136918685552703,1.6543923329783605,3.2321609176910338,2.2403412,2.7978227,2.9029756,2.8754926,1.670566,3.296921,2.4687374,2.6899965,0.267518,2.4164124,1.3032632,2.7959864,2.1675608,1.4946539,3.1082606,1.122372313473808,2.1328190065017627,2.136918685552703,1.6543923329783605,3.2321609176910338
2012-11-11 07:00:00,-0.12861766,-0.21030873,-0.17048943,-0.2831196,-0.12676738,-0.30265996,-1.0372944,-1.5035651,-0.04043304,-0.05221218,-0.2335783,-0.37664834,-0.063387565,-0.1025921,-0.11941835,-0.13491641,-0.12431559,0.0,0.0,0.0,-0.086541094,-0.086184755,-0.071580194,0.0,-0.29589623,-0.021474551,-0.025912853,-0.10439344,0.0,-0.44624844,-0.031707857,-0.03754267,-0.15482904,0.0,-0.2967219,-0.019344479,-0.0257296,-0.10083375,0.9714124,2.2850158,1.2376982,2.753123,1.1913944,2.9853606,1.9698381,3.1622012,0.9506773,1.7069209,1.8884914,3.2337554,1.2180653,2.4695773,1.219138,2.724897,2.4138386,0.13206372,0.3195544,0.3901586,1.1221701,2.4365096,2.1072457,0.48873147,1.8187927,0.8098891,0.5589184,1.3383373,1.2677941,2.8207128,1.6659662,1.3723245,2.6633809,1.2079275,3.152061,1.8234482,1.3151913,2.7987266,278.77957,278.77957,277.50986,277.50986,279.22418,279.22418,280.23325,280.23325,282.29608,282.29608,280.51892,280.51892,281.94937,281.94937,279.5046,279.5046,279.5046,271.82428,271.82428,271.82428,279.73587,279.73587,279.73587,272.50415,280.79593,273.7136,273.84375,277.58984,272.50415,280.79593,273.7136,273.84375,277.58984,272.50415,280.79593,273.7136,273.84375,277.58984,0.23724839,0.37226504,0.34279877,1.8925889,0.049511895,0.47155055,0.09898375,0.14165384,0.0,0.09207375,0.0,0.5667306,0.048592348,0.057224467,0.2024095,0.0,0.385931794035558,0.037122969255763756,0.05722446760482232,0.1973242977137216,2.2859557,2.7557817,2.9863496,3.1644342,1.7065126,3.2361486,2.4682844,2.72368,0.32194284,2.435978,1.2703929,2.8225982,1.6685249,1.3746378,2.665047,1.0927428701801312,2.15358207962055,1.407717247662541,1.5331875558265113,2.7995974944239874,2.0487072,2.3835166,2.6435509,1.2718452,1.6570007,2.7645981,2.3693006,2.582026,0.32194284,2.3439043,1.2703929,2.2558675,1.6199325,1.3174134,2.4626374,1.0927428701801312,1.7676502855849918,1.3705942784067773,1.475963088221689,2.6022731967102657
2012-11-11 08:00:00,-0.40081733,-0.65768796,-0.6345861,-1.0264025,-0.4127131,-0.9829,-2.4808152,-3.4910529,-0.14538793,-0.18614157,-0.7599484,-1.2141073,-0.1241483,-0.19855869,-0.47365105,-0.55162257,-0.52946734,0.0,0.0,0.0,-0.4373265,-0.4407642,-0.3792499,-0.020671552,-0.6743114,-0.039296776,-0.1369108,-0.6548692,-0.028581072,-1.0016971,-0.0564333,-0.18947528,-0.9623964,-0.023140771,-0.6841018,-0.036219116,-0.14129002,-0.65112984,1.0139692,2.3561292,1.2328168,2.7427225,1.2291372,3.0629501,2.0180745,3.2145872,0.97745126,1.7395939,1.9099982,3.261656,1.2185506,2.4702456,1.3434784,2.8752685,2.5662918,0.11968754,0.276138,0.358641,1.1817323,2.5014288,2.170574,0.59159935,1.7871149,0.76400834,0.6310597,1.5551789,1.4217539,2.786873,1.6059442,1.6021345,2.9477289,1.4211516,3.1022508,1.7650034,1.5632367,3.0763178,279.17422,279.17422,277.47223,277.47223,279.5103,279.5103,280.5084,280.5084,282.60492,282.60492,280.65372,280.65372,281.95306,281.95306,280.23267,280.23267,280.23267,271.42883,271.42883,271.42883,280.1562,280.1562,280.1562,273.2685,280.59076,273.40875,274.7041,278.9158,273.2685,280.59076,273.40875,274.7041,278.9158,273.2685,280.59076,273.40875,274.7041,278.9158,0.7304471,1.324134,1.099113,4.287012,0.1767228,1.504151,0.19156274,0.5720101,0.0,0.46710083,0.043012887,1.2660887,0.08587406,0.27604446,1.2023277,0.02772038317515112,0.8898216811588512,0.07009728378458076,0.27604445634652214,1.163515195768055,2.3570695,2.7453809,3.063939,3.21682,1.7391855,3.2640493,2.4689527,2.8740518,0.27899298,2.500897,1.423682,2.7887585,1.608503,1.604448,2.9493952,1.2309308558291765,2.12717955634126,1.3200121849530633,1.765273752760895,3.077112823960487,1.6266223,1.4212469,1.964826,-1.0701921,1.5624626,1.7598982,2.2773898,2.3020415,0.27899298,2.0337963,1.3806691,1.5226698,1.522629,1.3284035,1.7470673,1.2032104726540254,1.237357875182409,1.2499149011684825,1.489229296414373,1.913597628192432
2012-11-11 09:00:00,-0.59835,-0.9846841,-1.1248811,-1.7965295,-0.77377516,-1.8367512,-1.9618301,-2.7895782,-0.22621791,-0.28769162,-1.0107843,-1.6100334,-0.17460766,-0.27703953,-0.6919414,-0.81518114,-0.7945109,0.0,0.0,0.0,-0.70218563,-0.71381867,-0.62836134,-0.0053131366,-0.86205256,-0.28048146,-0.1561044,-0.3499048,-0.0071513406,-1.2717731,-0.39062548,-0.2082637,-0.51737916,-0.0060926517,-0.87961435,-0.2655327,-0.16657442,-0.3428607,1.0517938,2.4193354,1.2887096,2.8618107,1.2457826,3.0971684,2.00326,3.1984987,0.99403167,1.7598273,1.9646587,3.3325663,1.2454079,2.507216,1.419395,2.967079,2.6593728,0.12574956,0.29740393,0.37407875,1.2364469,2.5610635,2.228748,0.5784195,1.7961947,0.87828535,0.5996412,1.4611639,1.4020278,2.796573,1.7554431,1.502049,2.8244455,1.3938324,3.116528,1.9105737,1.4552096,2.955964,279.525,279.525,277.90308,277.90308,279.6365,279.6365,280.4239,280.4239,282.79617,282.79617,280.9963,280.9963,282.15738,282.15738,280.6772,280.6772,280.6772,271.62253,271.62253,271.62253,280.5423,280.5423,280.5423,273.17056,280.64957,274.16803,274.3294,278.3409,273.17056,280.64957,274.16803,274.3294,278.3409,273.17056,280.64957,274.16803,274.3294,278.3409,1.0822064,2.2552376,2.0293183,3.454227,0.27331212,1.9759923,0.26749006,0.84087455,0.0,0.75233966,0.0106391795,1.5989338,0.57379174,0.3010103,0.6599666,0.0072504372992979425,1.1405644673701394,0.4894688657150664,0.301010295851262,0.6405760261217698,2.4202754,2.864469,3.0981574,3.2007313,1.7594187,3.3349597,2.505923,2.9658618,0.30003038,2.560532,1.403956,2.7984579,1.7580017,1.5043625,2.8261113,1.2131396937255987,2.1347472586109597,1.5384626765149618,1.6641970527764895,2.956791670934903,1.3380691,0.6092315,1.0688392,-0.25349575,1.4861066,1.3589674,2.2384331,2.1249874,0.30003038,1.8081925,1.3933169,1.199524,1.18421,1.2033522,2.1661448,1.2058892564263008,0.9941827912408203,1.0489938107998955,1.3631867569252276,2.3162156448131332
2012-11-11 10:00:00,-0.789608,-1.2984015,-1.2969593,-2.055365,-1.2836617,-3.0298705,-2.3156612,-3.280388,-0.30564606,-0.38557208,-1.3383436,-2.1057963,-0.5285802,-0.79360586,-0.88313293,-1.0492134,-1.0333036,0.0,0.0,0.0,-0.95796233,-0.98969257,-0.8904082,0.0,-0.8190457,-1.0048563,-0.45765978,-1.1292961,0.0,-1.2047157,-1.3990846,-0.66401607,-1.6195326,0.0,-0.8360291,-1.005848,-0.5279592,-1.1371938,1.0609686,2.4346669,1.2896914,2.8639026,1.292003,3.1921859,2.1112459,3.3157742,0.99508464,1.761112,1.7970543,3.1151354,1.3364978,2.6326065,1.4918823,3.0547414,2.748249,0.11525301,0.26058143,0.34734786,1.3606092,2.696393,2.3607612,0.5629437,1.6567091,1.0871024,0.7271271,1.4829932,1.3788657,2.6475685,2.0286207,1.9081619,2.8530707,1.3617544,2.8971996,2.1765726,1.8935474,2.9839091,279.61008,279.61008,277.91064,277.91064,279.9869,279.9869,281.03986,281.03986,282.80832,282.80832,279.94583,279.94583,282.85034,282.85034,281.10162,281.10162,281.10162,271.28714,271.28714,271.28714,281.4185,281.4185,281.4185,273.05557,279.74615,275.55545,275.8498,278.4744,273.05557,279.74615,275.55545,275.8498,278.4744,273.05557,279.74615,275.55545,275.8498,278.4744,1.4160095,2.5639265,3.2934859,4.0020022,0.3662129,2.6162844,0.7678748,1.0781335,0.0,1.0368259,0.0,1.5416043,1.9196615,0.8667203,2.0120587,0.0,1.1034664854708205,1.712604783195765,0.8180652477197774,1.9488292060279873,2.4356067,2.8665612,3.1931748,3.3180068,1.7607037,3.1175287,2.6313133,3.0535247,0.26360354,2.6958613,1.3808919,2.6494536,2.0311794,1.9104755,2.8547368,1.1923474117379813,2.0184905433593143,1.9376352929891818,2.0743323511331506,2.984729069986496,1.0195972,0.30263466,-0.10031097,-0.6839953,1.3944907,0.5012442,1.8634386,1.9753911,0.26360354,1.6590354,1.3808919,1.1078495,0.11151775,1.0437552,0.84267807,1.1923474117379813,0.9150240578884938,0.22503050979341688,1.2562671034133732,1.0358998639585086
2012-11-11 11:00:00,-1.0894593,-1.7929685,-1.0514694,-1.6503003,-1.5601794,-3.6696887,-3.3048959,-4.588645,-0.44586936,-0.5559256,-2.6990488,-4.173704,-1.2438936,-1.7109556,-1.3490014,-1.6041231,-1.5998088,0.0,0.0,0.0,-0.8543452,-0.88310164,-0.79039276,0.0,-1.89331,-0.50604546,-0.5150379,-2.239212,0.0,-2.6856666,-0.74540055,-0.8196275,-3.199275,0.0,-1.9981209,-0.48630154,-0.59755147,-2.3282847,1.0940907,2.490015,1.2038252,2.680951,1.3201209,3.249989,2.09534,3.2985,1.0178795,1.7889292,1.9502512,3.3138754,1.5127807,2.8752692,1.5852222,3.1676228,2.8626928,0.13113633,0.31630102,0.38779685,1.3577678,2.6932962,2.3577404,0.49507707,1.7760843,1.1053509,0.81721926,1.9518758,1.2772914,2.7750902,2.0524936,2.1951554,3.4679246,1.2210805,3.0849066,2.1998181,2.2033138,3.5841525,279.91724,279.91724,277.24875,277.24875,280.20007,280.20007,280.94913,280.94913,283.07126,283.07126,280.906,280.906,284.1914,284.1914,281.64816,281.64816,281.64816,271.79465,271.79465,271.79465,281.39844,281.39844,281.39844,272.5513,280.51932,275.6767,276.92422,281.34155,272.5513,280.51932,275.6767,276.92422,281.34155,272.5513,280.51932,275.6767,276.92422,281.34155,1.9315461,2.1021473,3.957836,5.538346,0.52842355,5.0101185,1.6607382,1.6393605,0.0,0.9262963,0.0,3.3106148,1.0443765,1.0312322,3.7145245,0.0,2.5676579367869268,0.8369895741441564,0.9371134926398271,3.557634871961547,2.4909546,2.68361,3.250978,3.3007326,1.7885208,3.3162687,2.8739765,3.166406,0.31872442,2.6927645,1.2798412,2.7769754,2.0550523,2.197469,3.4695907,1.1012596124850111,2.117985995877655,1.9725188863563607,2.3641684300019374,3.5848083059938527,0.5594086,0.5814626,-0.7068579,-2.237613,1.2600973,-1.6938496,1.2132384,1.5270454,0.31872442,1.7664683,1.2798412,-0.53363955,1.0106758,1.1662368,-0.24493377,1.1012596124850111,-0.44967194090927176,1.1355293122122043,1.4270549373621102,0.027173434032305543
2012-11-11 12:00:00,-1.0705506,-1.7642149,-1.0957263,-1.7063726,-2.151701,-5.019445,-3.1248188,-4.3606424,-0.7120756,-0.87181765,-3.4579132,-5.300302,-1.4774536,-2.0055554,-1.2011268,-1.4423702,-1.4386224,0.0,0.0,0.0,-0.71547437,-0.73646426,-0.65292615,0.0,-1.6033337,-0.9896605,-0.46849778,-2.291481,0.0,-2.3010774,-1.5144247,-0.75812596,-3.2933493,0.0,-1.6749227,-0.99669653,-0.5375921,-2.3813283,1.1057335,2.5094705,1.1867266,2.6445198,1.3822622,3.3777354,2.1341603,3.3406594,1.0870609,1.8733524,2.0269835,3.4134192,1.6454585,3.0579073,1.6210124,3.2109058,2.906575,0.14696424,0.37182632,0.42810473,1.3181678,2.6501348,2.3156366,0.51224494,1.7968451,1.3340288,0.83183837,2.1323,1.3029861,2.7972674,2.351653,2.2417254,3.7045186,1.2566662,3.1175504,2.4911163,2.2535794,3.8151243,280.0252,280.0252,277.11694,277.11694,280.67117,280.67117,281.17056,281.17056,283.86926,283.86926,281.38693,281.38693,285.20074,285.20074,281.85773,281.85773,281.85773,272.30038,272.30038,272.30038,281.119,281.119,281.119,272.67886,280.65378,277.19608,277.09857,282.44482,272.67886,280.65378,277.19608,277.09857,282.44482,272.67886,280.65378,277.19608,277.09857,282.44482,1.9009902,2.1751144,5.335148,5.256488,0.8310333,6.259085,1.9509193,1.4745684,0.0,0.7744261,0.0,2.8471746,1.9956052,0.9559499,3.7655,0.0,2.1541629167009044,1.6093461381708731,0.8666179035000662,3.5965933650639026,2.5104103,2.6471784,3.378724,3.3428924,1.8729441,3.4158125,3.0566144,3.209689,0.37365305,2.6496031,1.3054036,2.7991526,2.3542118,2.244039,3.7061844,1.1243016725720008,2.1352892113422617,2.4096569339203575,2.4111998021318373,3.8157165937197735,0.6094201,0.47206396,-1.9564235,-1.9135953,1.0419108,-2.8432727,1.1056951,1.7351205,0.37365305,1.875177,1.3054036,-0.048022047,0.35860655,1.2880892,-0.0593157,1.1243016725720008,-0.018873705358642745,0.8003107957494844,1.5445818986317712,0.21912322865587086
2012-11-11 13:00:00,-0.9017054,-1.4846897,-0.9135825,-1.4203266,-1.1812165,-2.788443,-2.2873652,-3.251621,-0.60797435,-0.7544688,-4.2081165,-6.386215,-1.2436723,-1.755903,-1.0844616,-1.3112009,-1.3078018,0.0,0.0,0.0,-0.7210241,-0.74221265,-0.6582421,0.0,-2.491199,-1.3354671,-0.26936015,-2.13306,0.0,-3.4776938,-2.0630789,-0.40369213,-3.0793555,0.0,-2.6712847,-1.3655412,-0.29329032,-2.2094586,1.0821483,2.4700587,1.1508029,2.5679789,1.3391898,3.2891893,2.2144217,3.4278264,1.1189779,1.9123017,2.0613105,3.4579515,1.7360468,3.1826074,1.6462432,3.2414188,2.9375105,0.1450655,0.3651654,0.42326936,1.3187994,2.650823,2.3163075,0.5316185,1.863758,1.4931806,0.7182168,2.1496027,1.3319819,2.868747,2.5598576,1.8797781,3.7272077,1.2968234,3.2227657,2.6938496,1.8629113,3.8372743,279.8065,279.8065,276.84003,276.84003,280.34464,280.34464,281.6284,281.6284,284.23743,284.23743,281.60208,281.60208,285.8899,285.8899,282.00546,282.00546,282.00546,272.23972,272.23972,272.23972,281.12344,281.12344,281.12344,272.8228,281.08716,278.2535,275.74353,282.55063,272.8228,281.08716,278.2535,275.74353,282.55063,272.8228,281.08716,278.2535,275.74353,282.55063,1.6108863,1.8354822,3.0339668,3.930074,0.72064286,7.4521666,1.711018,1.3409055,0.0,0.78040683,0.0,4.1997538,2.6373174,0.5459688,3.5253677,0.0,3.3753574775958124,2.1203141658860196,0.520350264169966,3.3672361191901135,2.4709988,2.5706372,3.2901783,3.4300587,1.9118932,3.4603448,3.1813145,3.240202,0.36706373,2.6502912,1.3342499,2.870632,2.5624163,1.8820915,3.7288737,1.1503039207610748,2.191059289148181,2.7138896321767794,2.045667334897143,3.837860846694595,0.8601123,0.73515505,0.2562114,-0.50001514,1.1912503,-3.9918218,1.4702965,1.8992964,0.36706373,1.8698844,1.3342499,-1.3291217,-0.07490093,1.3361228,0.20350619,1.1503039207610748,-1.1842981884476314,0.5935754662907597,1.5253170707271768,0.4706247275044815
2012-11-11 14:00:00,-0.59919137,-0.98586553,-0.59199363,-0.9126677,-0.88123095,-2.0877256,-2.3595593,-3.3096654,-0.589137,-0.73431873,-2.5205483,-3.9205446,-0.8159958,-1.2177656,-0.85415494,-1.0409081,-1.0361845,0.0,0.0,0.0,-0.37563956,-0.3866393,-0.33625552,0.0,-1.5474764,-0.59302455,-0.12696323,-1.4827493,0.0,-2.2279675,-0.93893266,-0.18625279,-2.175419,0.0,-1.612564,-0.5883385,-0.13012078,-1.5166202,1.0501747,2.4166298,1.0779815,2.4128218,1.3056858,3.220314,1.8853338,3.0704274,1.1464136,1.9457817,2.0184236,3.4023147,1.7718661,3.231914,1.6574957,3.2550273,2.951307,0.12180309,0.2835595,0.36402854,1.3035076,2.634156,2.3000493,0.5616212,1.822058,1.435592,0.6831928,2.1511998,1.3768864,2.824201,2.4845195,1.7682071,3.7293024,1.3590131,3.1571956,2.620491,1.7424872,3.8393192,279.50998,279.50998,276.2787,276.2787,280.09064,280.09064,279.75122,279.75122,284.5539,284.5539,281.33328,281.33328,286.16238,286.16238,282.07135,282.07135,282.07135,271.49643,271.49643,271.49643,281.01553,281.01553,281.01553,273.04575,280.81708,277.87088,275.32584,282.5604,273.04575,280.81708,277.87088,275.32584,282.5604,273.04575,280.81708,277.87088,275.32584,282.5604,1.0835813,1.2164173,2.2922966,4.1212935,0.70244616,4.6888967,1.1880083,1.065921,0.0,0.4084365,0.0,2.752315,1.2357525,0.2664056,2.518384,0.0,2.069043790624596,0.9349855546764568,0.2619713723971699,2.407778225171078,2.4175699,2.4154801,3.2213027,3.07266,1.9453733,3.404708,3.2306213,3.2538102,0.2863347,2.6336243,1.3789227,2.8260863,2.4870782,1.7705206,3.730968,1.190572401367644,2.156303624858174,2.6038039302795495,1.9329912644714582,3.8399047350568516,1.3339885,1.199063,0.92900604,-1.0486336,1.2429271,-1.2841886,2.042613,2.187889,0.2863347,2.2251878,1.3789227,0.07377134,1.2513257,1.504115,1.212584,1.190572401367644,0.08725983423357775,1.6688183756030925,1.6710198920742882,1.4321265098857734
2012-11-11 15:00:00,-0.30389443,-0.49965936,-0.22273754,-0.33547688,-0.40877655,-0.97281116,-0.21964559,-0.3216608,-0.29346496,-0.3758666,-0.5108938,-0.8213837,-0.3134439,-0.4978637,-0.42908943,-0.5264551,-0.52013594,0.0,0.0,0.0,-0.15422511,-0.15818316,-0.1354437,-0.0032576893,-0.33672523,-0.47309172,-0.06489071,-0.76249725,-0.0046490245,-0.5070597,-0.75139236,-0.094164826,-1.1383471,-0.0035501288,-0.3380758,-0.46667004,-0.06434873,-0.7690989,1.0207417,2.3674462,0.9829308,2.210301,1.2917132,3.1915905,1.5684603,2.7262936,1.1497576,1.9498625,1.9852502,3.3592796,1.7657682,3.2235203,1.6235507,3.2139754,2.9096873,0.101661965,0.21290314,0.31273642,1.2739623,2.6019535,2.2686357,0.58117545,1.8224161,1.4139676,0.6585733,2.1013827,1.4061525,2.8245838,2.4562302,1.6897804,3.6639755,1.3995448,3.157759,2.592945,1.6578375,3.7755446,279.23703,279.23703,275.546,275.546,279.9847,279.9847,277.94373,277.94373,284.59247,284.59247,281.12537,281.12537,286.116,286.116,281.8726,281.8726,281.8726,270.85287,270.85287,270.85287,280.80704,280.80704,280.80704,273.19104,280.8194,277.7272,275.03223,282.25577,273.19104,280.8194,277.7272,275.03223,282.25577,273.19104,280.8194,277.7272,275.03223,282.25577,0.55682355,0.47229508,1.0828531,0.42989278,0.3600351,1.0132513,0.48609012,0.5411822,0.0,0.16773906,0.0071299723,0.64305997,0.99586904,0.13937578,1.341434,0.004304365534410883,0.4393354847403059,0.7465399030314971,0.1393757734745598,1.284906135453568,2.3683865,2.2129595,3.192579,2.7285264,1.9494542,3.3616726,3.2222278,3.2127585,0.21643758,2.6014218,1.4080807,2.826469,2.4587889,1.692094,3.6656418,1.2168598151875807,2.156602091579761,2.562466916040264,1.853787898243248,3.7761481924567146,1.8115629,1.7406644,2.109726,2.2986336,1.589419,2.3484213,2.7361376,2.6715763,0.21643758,2.4336827,1.4009508,2.183409,1.4629198,1.5527182,2.3242078,1.2125554496531699,1.717266606839455,1.8159270130087672,1.7144121247686883,2.491242057003147
2012-11-11 16:00:00,0.0,0.0,0.0,0.0,0.0,0.0,0.0,0.0,0.0,0.0,0.0,0.0,0.0,0.0,0.0,0.0,0.0,0.0,0.0,0.0,0.0,0.0,0.0,0.0,0.0,0.0,0.0,0.0,0.0,0.0,0.0,0.0,0.0,0.0,0.0,0.0,0.0,0.0,0.99266773,2.3205342,0.9281544,2.0935915,1.1990067,3.0010092,1.4387692,2.5854456,1.1123798,1.9042497,1.985411,3.359488,1.6705384,3.0924315,1.4822974,3.0431502,2.7364974,0.054704495,0.048173416,0.19315296,1.2438115,2.5690906,2.2365785,0.5555796,1.8515214,1.5145202,0.65702516,2.0701456,1.3678439,2.855675,2.5877745,1.6848487,3.623014,1.34649,3.2035244,2.7210326,1.6525143,3.7355566,278.97668,278.97668,275.12375,275.12375,279.2819,279.2819,277.20395,277.20395,284.16132,284.16132,281.12637,281.12637,285.39154,285.39154,281.0455,281.0455,281.0455,269.35248,269.35248,269.35248,280.59427,280.59427,280.59427,273.00085,281.0079,278.3953,275.01376,282.06476,273.00085,281.0079,278.3953,275.01376,282.06476,273.00085,281.0079,278.3953,275.01376,282.06476,0.0,0.0,0.0,0.0,0.0,0.0,0.0,0.0,0.0,0.0,0.0,0.0,0.0,0.0,0.0,0.0,0.0,0.0,0.0,0.0,2.321474,2.09625,3.0019982,2.5876782,1.9038413,3.3618813,3.0911386,3.0419333,0.0545341,2.5685592,1.369927,2.8575602,2.5903332,1.6871623,3.6246803,1.1824635807006674,2.1808603670960736,2.7546822762200507,1.8488073310913855,3.736171013521205,2.321474,2.09625,3.0019982,2.5876782,1.9038413,3.3618813,3.0911386,3.0419333,0.0545341,2.5685592,1.369927,2.8575602,2.5903332,1.6871623,3.6246803,1.1824635807006674,2.1808603670960736,2.7546822762200507,1.8488073310913855,3.736171013521205
2012-11-11 17:00:00,0.0,0.0,0.0,0.0,0.0,0.0,0.0,0.0,0.0,0.0,0.0,0.0,0.0,0.0,0.0,0.0,0.0,0.0,0.0,0.0,0.0,0.0,0.0,0.0,0.0,0.0,0.0,0.0,0.0,0.0,0.0,0.0,0.0,0.0,0.0,0.0,0.0,0.0,0.99299026,2.321073,0.961002,2.1635785,1.1889551,2.9803455,1.4724212,2.6219928,1.0914077,1.8786569,1.9646006,3.3324907,1.6498711,3.0639818,1.4905949,3.0531847,2.7466707,0.0,0.0,0.0,1.2240914,2.5475976,2.2156115,0.5692482,1.8236977,1.3412217,0.6198337,2.0644062,1.3883015,2.8259528,2.361063,1.5663733,3.615488,1.3748224,3.1597745,2.500279,1.5246379,3.7282093,278.97968,278.97968,275.37695,275.37695,279.2057,279.2057,277.3959,277.3959,283.9194,283.9194,280.99594,280.99594,285.2343,285.2343,281.0941,281.0941,281.0941,266.85272,266.85272,266.85272,280.4551,280.4551,280.4551,273.10242,280.8277,277.24387,274.57022,282.02966,273.10242,280.8277,277.24387,274.57022,282.02966,273.10242,280.8277,277.24387,274.57022,282.02966,0.0,0.0,0.0,0.0,0.0,0.0,0.0,0.0,0.0,0.0,0.0,0.0,0.0,0.0,0.0,0.0,0.0,0.0,0.0,0.0,2.322013,2.1662369,2.9813347,2.6242251,1.8782486,3.334884,3.0626888,3.0519679,0.038287707,2.5470657,1.390279,2.827838,2.3636217,1.5686868,3.6171541,1.200809029497199,2.157670288267544,2.4234066714519464,1.7291584666530935,3.7288257897193464,2.322013,2.1662369,2.9813347,2.6242251,1.8782486,3.334884,3.0626888,3.0519679,0.038287707,2.5470657,1.390279,2.827838,2.3636217,1.5686868,3.6171541,1.200809029497199,2.157670288267544,2.4234066714519464,1.7291584666530935,3.7288257897193464
2012-11-11 18:00:00,0.0,0.0,0.0,0.0,0.0,0.0,0.0,0.0,0.0,0.0,0.0,0.0,0.0,0.0,0.0,0.0,0.0,0.0,0.0,0.0,0.0,0.0,0.0,0.0,0.0,0.0,0.0,0.0,0.0,0.0,0.0,0.0,0.0,0.0,0.0,0.0,0.0,0.0,0.98072207,2.3005726,0.93596935,2.1102426,1.1695563,2.9404674,1.4428301,2.5898557,1.0916696,1.8789765,1.9259056,3.2822924,1.6018931,2.9979374,1.4090809,2.9546049,2.6467266,0.0,0.0,0.0,1.204367,2.5260992,2.19464,0.5860547,1.8212006,1.3879107,0.60816246,1.9492106,1.4134551,2.823285,2.4221423,1.5291939,3.46443,1.4096586,3.1558475,2.559753,1.4845083,3.580741,278.8659,278.8659,275.184,275.184,279.05862,279.05862,277.2271,277.2271,283.92242,283.92242,280.75342,280.75342,284.86932,284.86932,280.6168,280.6168,280.6168,266.83954,266.83954,266.83954,280.31592,280.31592,280.31592,273.2273,280.81152,277.55408,274.43103,281.32526,273.2273,280.81152,277.55408,274.43103,281.32526,273.2273,280.81152,277.55408,274.43103,281.32526,0.0,0.0,0.0,0.0,0.0,0.0,0.0,0.0,0.0,0.0,0.0,0.0,0.0,0.0,0.0,0.0,0.0,0.0,0.0,0.0,2.3015125,2.1129012,2.9414558,2.5920882,1.8785682,3.2846856,2.9966445,2.9533882,0.03820202,2.5255675,1.4153835,2.8251703,2.424701,1.5315074,3.466096,1.2234462597432214,2.155588875603849,2.512657043104949,1.6916107529677316,3.5813975672893372,2.3015125,2.1129012,2.9414558,2.5920882,1.8785682,3.2846856,2.9966445,2.9533882,0.03820202,2.5255675,1.4153835,2.8251703,2.424701,1.5315074,3.466096,1.2234462597432214,2.155588875603849,2.512657043104949,1.6916107529677316,3.5813975672893372
2012-11-11 19:00:00,0.0,0.0,0.0,0.0,0.0,0.0,0.0,0.0,0.0,0.0,0.0,0.0,0.0,0.0,0.0,0.0,0.0,0.0,0.0,0.0,0.0,0.0,0.0,0.0,0.0,0.0,0.0,0.0,0.0,0.0,0.0,0.0,0.0,0.0,0.0,0.0,0.0,0.0,0.9673811,2.2782793,0.95623535,2.1534224,1.1437328,2.887381,1.5119048,2.664873,1.0647923,1.8461778,1.8230551,3.1488662,1.5881655,2.9790406,1.4128332,2.9591434,2.6513276,0.0,0.0,0.013302283,1.1870385,2.5072122,2.1762156,0.61606985,1.7243716,1.4162643,0.5698527,2.010776,1.4583781,2.7198484,2.4592345,1.4071561,3.545162,1.4718739,3.0035925,2.5958705,1.352787,3.6595545,278.7422,278.7422,275.3402,275.3402,278.86285,278.86285,277.62112,277.62112,283.6124,283.6124,280.1088,280.1088,284.7649,284.7649,280.63876,280.63876,280.63876,267.09592,267.09592,267.09592,280.19363,280.19363,280.19363,273.45032,280.1844,277.74246,273.97415,281.70172,273.45032,280.1844,277.74246,273.97415,281.70172,273.45032,280.1844,277.74246,273.97415,281.70172,0.0,0.0,0.0,0.0,0.0,0.0,0.0,0.0,0.0,0.0,0.0,0.0,0.0,0.0,0.0,0.0,0.0,0.0,0.0,0.0,2.2792194,2.156081,2.8883698,2.6671054,1.8457694,3.1512594,2.977748,2.9579263,0.039868273,2.5066805,1.4603063,2.7217336,2.4617932,1.4094697,3.5468278,1.2639628732218577,2.0748850449643417,2.566856998266186,1.5683643549007389,3.660189463654323,2.2792194,2.156081,2.8883698,2.6671054,1.8457694,3.1512594,2.977748,2.9579263,0.039868273,2.5066805,1.4603063,2.7217336,2.4617932,1.4094697,3.5468278,1.2639628732218577,2.0748850449643417,2.566856998266186,1.5683643549007389,3.660189463654323
2012-11-11 20:00:00,0.0,0.0,0.0,0.0,0.0,0.0,0.0,0.0,0.0,0.0,0.0,0.0,0.0,0.0,0.0,0.0,0.0,0.0,0.0,0.0,0.0,0.0,0.0,0.0,0.0,0.0,0.0,0.0,0.0,0.0,0.0,0.0,0.0,0.0,0.0,0.0,0.0,0.0,0.97858953,2.2970095,0.9873767,2.2197738,1.1347642,2.8689432,1.5111665,2.6640706,1.0504873,1.8287209,1.8722675,3.2127082,1.5690305,2.9527001,1.3521719,2.8857822,2.576951,0.005348772,0.0,0.06746204,1.1714528,2.4902246,2.1596446,0.6091451,1.6944937,1.4511719,0.59413946,1.8858836,1.4480141,2.6879315,2.5049016,1.484523,3.3813877,1.4575205,2.956612,2.6403375,1.4362929,3.499672,278.84613,278.84613,275.58026,275.58026,278.79486,278.79486,277.6169,277.6169,283.4474,283.4474,280.41724,280.41724,284.61932,284.61932,280.28357,280.28357,280.28357,267.77545,267.77545,267.77545,280.08365,280.08365,280.08365,273.39886,279.99088,277.9744,274.2638,280.93802,273.39886,279.99088,277.9744,274.2638,280.93802,273.39886,279.99088,277.9744,274.2638,280.93802,0.0,0.0,0.0,0.0,0.0,0.0,0.0,0.0,0.0,0.0,0.0,0.0,0.0,0.0,0.0,0.0,0.0,0.0,0.0,0.0,2.297949,2.2224321,2.8699322,2.6663036,1.8283126,3.2151017,2.9514074,2.884565,0.0442847,2.489693,1.4499424,2.6898167,2.50746,1.4868366,3.383054,1.2546154443322872,2.0499827096803953,2.6335862481002072,1.6464975166169786,3.500351006574738,2.297949,2.2224321,2.8699322,2.6663036,1.8283126,3.2151017,2.9514074,2.884565,0.0442847,2.489693,1.4499424,2.6898167,2.50746,1.4868366,3.383054,1.2546154443322872,2.0499827096803953,2.6335862481002072,1.6464975166169786,3.500351006574738
2012-11-11 21:00:00,0.0,0.0,0.0,0.0,0.0,0.0,0.0,0.0,0.0,0.0,0.0,0.0,0.0,0.0,0.0,0.0,0.0,0.0,0.0,0.0,0.0,0.0,0.0,0.0,0.0,0.0,0.0,0.0,0.0,0.0,0.0,0.0,0.0,0.0,0.0,0.0,0.0,0.0,0.98670816,2.3105752,1.0073417,2.2623127,1.1306018,2.8603868,1.5502806,2.7065501,1.0439605,1.8207562,1.8582443,3.194516,1.5030527,2.8618786,1.3300369,2.859013,2.5498114,0.0,0.0,0.0,1.1540984,2.4713094,2.1411927,0.6017605,1.6481853,1.3798269,0.59809303,1.6694462,1.4369617,2.6384633,2.4115667,1.4971173,3.09757,1.4422135,2.8837965,2.5494556,1.4498866,3.2225983,278.92142,278.92142,275.73416,275.73416,278.7633,278.7633,277.84003,277.84003,283.3721,283.3721,280.32935,280.32935,284.1174,284.1174,280.15396,280.15396,280.15396,264.74332,264.74332,264.74332,279.96118,279.96118,279.96118,273.344,279.69095,277.50037,274.31094,279.61453,273.344,279.69095,277.50037,274.31094,279.61453,273.344,279.69095,277.50037,274.31094,279.61453,0.0,0.0,0.0,0.0,0.0,0.0,0.0,0.0,0.0,0.0,0.0,0.0,0.0,0.0,0.0,0.0,0.0,0.0,0.0,0.0,2.3115153,2.264971,2.8613756,2.708783,1.8203478,3.1969097,2.8605855,2.8577962,0.024578271,2.4707778,1.4388899,2.6403482,2.4141254,1.4994308,3.099236,1.244647071174845,2.0113862499468147,2.497203953669702,1.6592164856246272,3.223353036279934,2.3115153,2.264971,2.8613756,2.708783,1.8203478,3.1969097,2.8605855,2.8577962,0.024578271,2.4707778,1.4388899,2.6403482,2.4141254,1.4994308,3.099236,1.244647071174845,2.0113862499468147,2.497203953669702,1.6592164856246272,3.223353036279934
2012-11-11 22:00:00,0.0,0.0,0.0,0.0,0.0,0.0,0.0,0.0,0.0,0.0,0.0,0.0,0.0,0.0,0.0,0.0,0.0,0.0,0.0,0.0,0.0,0.0,0.0,0.0,0.0,0.0,0.0,0.0,0.0,0.0,0.0,0.0,0.0,0.0,0.0,0.0,0.0,0.0,0.9847928,2.307375,1.0430516,2.338398,1.1241127,2.847047,1.5795563,2.7383447,0.99151564,1.7567568,1.9362429,3.2957027,1.4343512,2.7673068,1.3314545,2.8607278,2.5515494,0.008335372,0.0,0.07506779,1.1355071,2.4510462,2.1214259,0.61055386,1.4198248,1.3686839,0.6029422,1.7380085,1.4501227,2.3945189,2.3969896,1.5125645,3.187477,1.4604404,2.5247197,2.5352612,1.4665595,3.3103693,278.90366,278.90366,276.00943,276.00943,278.7141,278.7141,278.00702,278.00702,282.76715,282.76715,280.8182,280.8182,283.59476,283.59476,280.16226,280.16226,280.16226,267.87088,267.87088,267.87088,279.83,279.83,279.83,273.40933,278.2119,277.42633,274.36877,280.03378,273.40933,278.2119,277.42633,274.36877,280.03378,273.40933,278.2119,277.42633,274.36877,280.03378,0.0,0.0,0.0,0.0,0.0,0.0,0.0,0.0,0.0,0.0,0.0,0.0,0.0,0.0,0.0,0.0,0.0,0.0,0.0,0.0,2.3083148,2.3410563,2.8480358,2.740577,1.7563484,3.298096,2.766014,2.8595107,0.04490491,2.4505146,1.4520508,2.396404,2.399548,1.514878,3.189143,1.2565170861526447,1.821054807029847,2.4759032747095264,1.674816774472196,3.3110997185320556,2.3083148,2.3410563,2.8480358,2.740577,1.7563484,3.298096,2.766014,2.8595107,0.04490491,2.4505146,1.4520508,2.396404,2.399548,1.514878,3.189143,1.2565170861526447,1.821054807029847,2.4759032747095264,1.674816774472196,3.3110997185320556
2012-11-11 23:00:00,0.0,0.0,0.0,0.0,0.0,0.0,0.0,0.0,0.0,0.0,0.0,0.0,0.0,0.0,0.0,0.0,0.0,0.0,0.0,0.0,0.0,0.0,0.0,0.0,0.0,0.0,0.0,0.0,0.0,0.0,0.0,0.0,0.0,0.0,0.0,0.0,0.0,0.0,0.97413385,2.2895634,1.0530441,2.3596885,1.1013969,2.8003492,1.5516504,2.7080379,0.8933035,1.6369066,1.7627366,3.0706155,1.3780614,2.6898208,1.2931106,2.8143559,2.5045362,0.0,0.0,0.0,1.1164012,2.4302218,2.101112,0.6191091,1.6089025,1.4553012,0.60711837,1.7694751,1.462927,2.5965,2.5103033,1.5258679,3.2287393,1.4781736,2.8220277,2.6455972,1.4809185,3.3506508,278.8048,278.8048,276.08646,276.08646,278.5419,278.5419,277.84784,277.84784,281.63428,281.63428,279.73074,279.73074,283.16653,283.16653,279.93774,279.93774,279.93774,264.0798,264.0798,264.0798,279.69516,279.69516,279.69516,273.4729,279.43652,278.00183,274.41858,280.2262,273.4729,279.43652,278.00183,274.41858,280.2262,273.4729,279.43652,278.00183,274.41858,280.2262,0.0,0.0,0.0,0.0,0.0,0.0,0.0,0.0,0.0,0.0,0.0,0.0,0.0,0.0,0.0,0.0,0.0,0.0,0.0,0.0,2.2905035,2.362347,2.8013382,2.7102704,1.6364983,3.073009,2.6885278,2.813139,0.02026597,2.4296904,1.4648551,2.5983846,2.512862,1.5281814,3.2304056,1.268065540706011,1.9786452360275173,2.641479615942416,1.6882519572686245,3.3513707064196394,2.2905035,2.362347,2.8013382,2.7102704,1.6364983,3.073009,2.6885278,2.813139,0.02026597,2.4296904,1.4648551,2.5983846,2.512862,1.5281814,3.2304056,1.268065540706011,1.9786452360275173,2.641479615942416,1.6882519572686245,3.3513707064196394
2012-12-07 00:00:00,0.0,0.0,0.0,0.0,0.0,0.0,0.0,0.0,0.0,0.0,0.0,0.0,0.0,0.0,0.0,0.0,0.0,0.0,0.0,0.0,0.0,0.0,0.0,0.0,0.0,0.0,0.0,0.0,0.0,0.0,0.0,0.0,0.0,0.0,0.0,0.0,0.0,0.0,0.0,0.0,0.0,0.0,0.0,0.0,0.0,0.0,0.08400509,0.6493042,0.0,0.38925695,0.0077607487,0.80352664,0.0,0.009065807,0.0,0.0,0.0,0.0,0.0,0.49604863,0.21432951,0.0,0.0,0.0,0.0,0.0,0.0,0.44204253,0.0,0.0,0.04262528,0.0,0.0,0.0,0.0,0.24024713,265.77783,265.77783,261.89017,261.89017,264.10156,264.10156,262.79117,262.79117,272.29904,272.29904,266.77628,266.77628,272.74203,272.74203,266.35532,266.35532,266.35532,260.218,260.218,260.218,267.17233,267.17233,267.17233,257.33517,266.37405,259.3133,257.5354,265.36887,257.33517,266.37405,259.3133,257.5354,265.36887,257.33517,266.37405,259.3133,257.5354,265.36887,0.0,0.0,0.0,0.0,0.0,0.0,0.0,0.0,0.0,0.0,0.0,0.0,0.0,0.0,0.0,0.0,0.0,0.0,0.0,0.0,0.34223408,0.01768592,0.061143402,0.12573065,0.6488958,0.57174975,0.8022338,0.36311516,0.0025261117,0.61075926,0.0,0.528455,0.0,0.0,0.4041715,0.0,0.38221198905070686,0.0,0.0,0.4041715044882044,0.34223408,0.01768592,0.061143402,0.12573065,0.6488958,0.57174975,0.8022338,0.36311516,0.0025261117,0.61075926,0.0,0.528455,0.0,0.0,0.4041715,0.0,0.38221198905070686,0.0,0.0,0.4041715044882044
2012-12-07 01:00:00,0.0,0.0,0.0,0.0,0.0,0.0,0.0,0.0,0.0,0.0,0.0,0.0,0.0,0.0,0.0,0.0,0.0,0.0,0.0,0.0,0.0,0.0,0.0,0.0,0.0,0.0,0.0,0.0,0.0,0.0,0.0,0.0,0.0,0.0,0.0,0.0,0.0,0.0,0.0,0.0,0.0,0.0,0.0,0.0,0.0,0.0,0.08434109,0.64971423,0.0,0.24698748,0.0,0.76159185,0.0,0.0,0.0,0.0,0.0,0.0,0.0,0.46011296,0.17927432,0.0,0.0,0.0,0.0,0.0,0.0,0.409562,0.0,0.0,0.0,0.0,0.0,0.0,0.0,0.15753642,265.9587,265.9587,262.0708,262.0708,264.55988,264.55988,262.88132,262.88132,272.30292,272.30292,266.08893,266.08893,272.51028,272.51028,266.07782,266.07782,266.07782,261.56012,261.56012,261.56012,266.93967,266.93967,266.93967,257.48206,266.17712,259.2534,257.4083,264.9738,257.48206,266.17712,259.2534,257.4083,264.9738,257.48206,266.17712,259.2534,257.4083,264.9738,0.0,0.0,0.0,0.0,0.0,0.0,0.0,0.0,0.0,0.0,0.0,0.0,0.0,0.0,0.0,0.0,0.0,0.0,0.0,0.0,0.3543393,0.01909028,0.07826696,0.12929964,0.6493058,0.47733858,0.76029897,0.34788167,0.008151981,0.5919119,0.0,0.5015684,0.0,0.0,0.35611612,0.0,0.3624637851684021,0.0,0.0,0.356116110138139,0.3543393,0.01909028,0.07826696,0.12929964,0.6493058,0.47733858,0.76029897,0.34788167,0.008151981,0.5919119,0.0,0.5015684,0.0,0.0,0.35611612,0.0,0.3624637851684021,0.0,0.0,0.356116110138139
2012-12-07 02:00:00,0.0,0.0,0.0,0.0,0.0,0.0,0.0,0.0,0.0,0.0,0.0,0.0,0.0,0.0,0.0,0.0,0.0,0.0,0.0,0.0,0.0,0.0,0.0,0.0,0.0,0.0,0.0,0.0,0.0,0.0,0.0,0.0,0.0,0.0,0.0,0.0,0.0,0.0,0.0,0.07534462,0.0,0.0,0.0,0.0,0.0,0.0,0.078348674,0.6424015,0.0,0.35888657,0.0,0.76356316,0.0,0.09879604,0.0,0.0,0.0,0.0,0.0,0.48912925,0.20757969,0.0,0.0,0.0,0.0,0.0,0.0,0.45759076,0.0,0.0,0.0,0.0,0.0,0.0,0.0,0.15280223,266.51675,266.51675,262.88766,262.88766,265.51706,265.51706,262.81638,262.81638,272.2338,272.2338,266.62955,266.62955,272.52118,272.52118,266.78976,266.78976,266.78976,261.99326,261.99326,261.99326,267.12753,267.12753,267.12753,258.0975,266.46832,257.19647,258.3281,264.95117,258.0975,266.46832,257.19647,258.3281,264.95117,258.0975,266.46832,257.19647,258.3281,264.95117,0.0,0.0,0.0,0.0,0.0,0.0,0.0,0.0,0.0,0.0,0.0,0.0,0.0,0.0,0.0,0.0,0.0,0.0,0.0,0.0,0.3916864,0.025441106,0.1140294,0.12672861,0.64199317,0.55159575,0.76227033,0.38696468,0.009967574,0.60713017,0.0,0.54132545,0.0,0.0,0.35336554,0.0,0.39166529786713933,0.0,0.0,0.3533655271616676,0.3916864,0.025441106,0.1140294,0.12672861,0.64199317,0.55159575,0.76227033,0.38696468,0.009967574,0.60713017,0.0,0.54132545,0.0,0.0,0.35336554,0.0,0.39166529786713933,0.0,0.0,0.3533655271616676
2012-12-07 03:00:00,0.0,0.0,0.0,0.0,0.0,0.0,0.0,0.0,0.0,0.0,0.0,0.0,0.0,0.0,0.0,0.0,0.0,0.0,0.0,0.0,0.0,0.0,0.0,0.0,0.0,0.0,0.0,0.0,0.0,0.0,0.0,0.0,0.0,0.0,0.0,0.0,0.0,0.0,0.0,0.29360735,0.0,0.0,0.0,0.0,0.0,0.0,0.07589087,0.6394022,0.0,0.4513115,0.0,0.7618292,0.0,0.24665287,0.0,0.0,0.0,0.0,0.0,0.601532,0.3172283,0.0,0.0,0.0,0.0,0.0,0.0,0.4801405,0.0,0.0,0.0,0.0,0.0,0.0,0.0,0.19050956,267.72803,267.72803,264.64304,264.64304,266.09116,266.09116,262.79544,262.79544,272.20544,272.20544,267.07608,267.07608,272.5116,272.5116,267.50565,267.50565,267.50565,260.65,260.65,260.65,267.8553,267.8553,267.8553,260.59732,266.60504,257.06277,256.62152,265.1313,260.59732,266.60504,257.06277,256.62152,265.1313,260.59732,266.60504,257.06277,256.62152,265.1313,0.0,0.0,0.0,0.0,0.0,0.0,0.0,0.0,0.0,0.0,0.0,0.0,0.0,0.0,0.0,0.0,0.0,0.0,0.0,0.0,0.4727508,0.12745953,0.13547888,0.12589979,0.63899386,0.6129297,0.76053643,0.42626378,0.0043369713,0.66608256,0.0129371,0.55999154,0.0,0.0,0.37527367,0.012937099386092745,0.4053755029489192,0.0,0.0,0.37527367929005373,0.4727508,0.12745953,0.13547888,0.12589979,0.63899386,0.6129297,0.76053643,0.42626378,0.0043369713,0.66608256,0.0129371,0.55999154,0.0,0.0,0.37527367,0.012937099386092745,0.4053755029489192,0.0,0.0,0.37527367929005373
2012-12-07 04:00:00,0.0,0.0,0.0,0.0,0.0,0.0,0.0,0.0,0.0,0.0,0.0,0.0,0.0,0.0,0.0,0.0,0.0,0.0,0.0,0.0,0.0,0.0,0.0,0.0,0.0,0.0,0.0,0.0,0.0,0.0,0.0,0.0,0.0,0.0,0.0,0.0,0.0,0.0,0.0,0.47394305,0.0,0.0,0.0,0.0,0.0,0.0,0.08520358,0.65076673,0.0,0.43562096,0.0,0.7383769,0.0,0.32759655,0.0,0.0,0.0,0.0,0.0,0.67599106,0.38986295,0.0,0.0,0.0,0.0,0.0,0.0,0.4571932,0.0,0.0,0.034700066,0.0,0.0,0.0,0.0,0.23251021,268.72882,268.72882,265.3386,265.3386,266.74484,266.74484,262.75497,262.75497,272.31287,272.31287,267.00027,267.00027,272.382,272.382,267.89755,267.89755,267.89755,259.80267,259.80267,259.80267,268.33737,268.33737,268.33737,261.53906,266.4659,259.58792,255.72975,265.3319,261.53906,266.4659,259.58792,255.72975,265.3319,261.53906,266.4659,259.58792,255.72975,265.3319,0.0,0.0,0.0,0.0,0.0,0.0,0.0,0.0,0.0,0.0,0.0,0.0,0.0,0.0,0.0,0.0,0.0,0.0,0.0,0.0,0.5403814,0.18260215,0.15990202,0.12429774,0.6503584,0.60251737,0.73708403,0.44777793,0.000785225,0.70513445,0.025344158,0.5409963,0.0,0.0,0.3996763,0.025344157866761377,0.39142353309002764,0.0,0.0,0.3996762872351587,0.5403814,0.18260215,0.15990202,0.12429774,0.6503584,0.60251737,0.73708403,0.44777793,0.000785225,0.70513445,0.025344158,0.5409963,0.0,0.0,0.3996763,0.025344157866761377,0.39142353309002764,0.0,0.0,0.3996762872351587
2012-12-07 05:00:00,0.0,0.0,0.0,0.0,0.0,0.0,0.0,0.0,0.0,0.0,0.0,0.0,0.0,0.0,0.0,0.0,0.0,0.0,0.0,0.0,0.0,0.0,0.0,0.0,0.0,0.0,0.0,0.0,0.0,0.0,0.0,0.0,0.0,0.0,0.0,0.0,0.0,0.0,0.0,0.20342295,0.0,0.09418726,0.0,0.0,0.0,0.0,0.086312115,0.65211946,0.0,0.3226038,0.0,0.73737735,0.0,0.37232298,0.028700322,0.0,0.0,0.0,0.0,0.72701466,0.4396364,0.0,0.0,0.0,0.0,0.0,0.0,0.4887425,0.0,0.0,0.18858531,0.0,0.0,0.0,0.0,0.38273874,267.22754,267.22754,267.89014,267.89014,266.77466,266.77466,262.65833,262.65833,272.32565,272.32565,266.45425,266.45425,272.37646,272.37646,268.1141,268.1141,268.1141,260.15213,260.15213,260.15213,268.66772,268.66772,268.66772,260.66104,266.6572,259.74966,257.84573,266.0495,260.66104,266.6572,259.74966,257.84573,266.0495,260.66104,266.6572,259.74966,257.84573,266.0495,0.0,0.0,0.0,0.0,0.0,0.0,0.0,0.0,0.0,0.0,0.0,0.0,0.0,0.0,0.0,0.0,0.0,0.0,0.0,0.0,0.43925565,0.38488457,0.16101599,0.120471396,0.6517111,0.5275182,0.7360846,0.45966583,0.0022500565,0.731895,0.013776593,0.56711215,0.001274935,0.0,0.48695996,0.01377659315153025,0.41060557894998206,0.0012749350276261534,0.0,0.4869599688933881,0.43925565,0.38488457,0.16101599,0.120471396,0.6517111,0.5275182,0.7360846,0.45966583,0.0022500565,0.731895,0.013776593,0.56711215,0.001274935,0.0,0.48695996,0.01377659315153025,0.41060557894998206,0.0012749350276261534,0.0,0.4869599688933881
2012-12-07 06:00:00,0.0,0.0,0.0,0.0,0.0,0.0,0.0,0.0,0.0,0.0,0.0,0.0,0.0,0.0,0.0,0.0,0.0,0.0,0.0,0.0,0.0,0.0,0.0,0.0,0.0,0.0,0.0,0.0,0.0,0.0,0.0,0.0,0.0,0.0,0.0,0.0,0.0,0.0,0.0,0.44352782,0.04237887,0.20630792,0.0,0.0,0.0,0.0,0.14420703,0.72276974,0.0,0.26037234,0.0,0.7144938,0.0,0.41772383,0.07472959,0.0,0.0,0.0,0.0,0.717418,0.4302748,0.0,0.0,0.0,0.0,0.0,0.0,0.46032393,0.0,0.0,0.18336287,0.0,0.0,0.0,0.0,0.37764037,268.56003,268.56003,268.29578,268.29578,267.41513,267.41513,262.9785,262.9785,272.99347,272.99347,266.1536,266.1536,272.25,272.25,268.33392,268.33392,268.33392,260.29712,260.29712,260.29712,268.6056,268.6056,268.6056,260.78137,266.4849,255.48503,258.56915,266.02515,260.78137,266.4849,255.48503,258.56915,266.02515,260.78137,266.4849,255.48503,258.56915,266.02515,0.0,0.0,0.0,0.0,0.0,0.0,0.0,0.0,0.0,0.0,0.0,0.0,0.0,0.0,0.0,0.0,0.0,0.0,0.0,0.0,0.5284324,0.41704303,0.18494542,0.13314651,0.7223614,0.48622093,0.713201,0.471733,0.0028578127,0.7268618,0.015361901,0.54358786,0.0,0.0,0.4839978,0.015361901540955595,0.3933270481705783,0.0,0.0,0.4839978026110343,0.5284324,0.41704303,0.18494542,0.13314651,0.7223614,0.48622093,0.713201,0.471733,0.0028578127,0.7268618,0.015361901,0.54358786,0.0,0.0,0.4839978,0.015361901540955595,0.3933270481705783,0.0,0.0,0.4839978026110343
2012-12-07 07:00:00,0.0,0.0,0.0,0.0,0.0,0.0,0.0,0.0,-5.5587014e-05,-6.605474e-05,0.0,0.0,0.0,0.0,0.0,0.0,0.0,0.0,0.0,0.0,0.0,0.0,0.0,0.0,0.0,0.0,0.0,0.0,0.0,0.0,0.0,0.0,0.0,0.0,0.0,0.0,0.0,0.0,0.0,0.31870496,0.0,0.0,0.0,0.0,0.0,0.0,0.20372106,0.79539585,0.0,0.31241512,0.0028305654,0.79674,0.0,0.49357465,0.15163039,0.0,0.0,0.0,0.0,0.64648455,0.3610795,0.0,0.0,0.0,0.0,0.0,0.0,0.43780947,0.0,0.0,0.15647839,0.0,0.0,0.0,0.0,0.3513948,267.8673,267.8673,267.3408,267.3408,265.29294,265.29294,263.1934,263.1934,273.67996,273.67996,266.40503,266.40503,272.70453,272.70453,268.70117,268.70117,268.70117,258.98517,258.98517,258.98517,268.14633,268.14633,268.14633,259.88443,266.3484,259.75525,259.2219,265.89978,259.88443,266.3484,259.75525,259.2219,265.89978,259.88443,266.3484,259.75525,259.2219,265.89978,0.0,0.0,0.0,0.0,5.9806585e-05,0.0,0.0,0.0,0.0,0.0,0.0,0.0,0.0,0.0,0.0,0.0,0.0,0.0,0.0,0.0,0.48207226,0.3413332,0.10565576,0.14165458,0.7949875,0.5207569,0.7954471,0.49624148,0.0,0.68965906,0.003545062,0.524951,0.0013279448,0.0,0.46874896,0.003545061857060065,0.3796382652842388,0.0013279447742767132,0.0,0.4687489566362105,0.48207226,0.3413332,0.10565576,0.14165458,0.7949277,0.5207569,0.7954471,0.49624148,0.0,0.68965906,0.003545062,0.524951,0.0013279448,0.0,0.46874896,0.003545061857060065,0.3796382652842388,0.0013279447742767132,0.0,0.4687489566362105
2012-12-07 08:00:00,0.0,0.0,0.0,0.0,0.0,0.0,0.0,0.0,-0.0135666635,-0.015758082,0.0,0.0,-0.0055571357,-0.0070229294,0.0,0.0,0.0,0.0,0.0,0.0,0.0,0.0,0.0,0.0,0.0,0.0,0.0,0.0,0.0,0.0,0.0,0.0,0.0,0.0,0.0,0.0,0.0,0.0,0.011679165,0.68127364,0.0,0.07175797,0.0,0.0,0.0,0.1379171,0.23249258,0.8305063,0.0,0.28755912,0.12188093,0.96061933,0.0,0.6232977,0.283149,0.0,0.0,0.0,0.0,0.6665782,0.3806808,0.0,0.0,0.0,0.0,0.0,0.0,0.50258946,0.0,0.0,0.13874963,0.0,0.0,0.0,0.0,0.3340873,269.87943,269.87943,267.809,267.809,267.01627,267.01627,264.3488,264.3488,274.01184,274.01184,266.28494,266.28494,273.6102,273.6102,269.32925,269.32925,269.32925,258.88293,258.88293,258.88293,268.27643,268.27643,268.27643,261.94244,266.74115,259.9394,260.65817,265.8171,261.94244,266.74115,259.9394,260.65817,265.8171,261.94244,266.74115,259.9394,260.65817,265.8171,0.0,0.0,0.0,0.0,0.014277533,0.0,0.0059422473,0.0,0.0,0.0,0.0,0.0,0.0,0.0,0.0,0.0,0.0,0.0,0.0,0.0,0.68289196,0.37845144,0.17004298,0.2993197,0.830098,0.50426227,0.9593265,0.6223472,0.0,0.70019764,0.03065854,0.5785743,0.003075818,0.00097333867,0.45869318,0.030658539376125858,0.4190245017580124,0.003075818060011557,0.0009733386971341059,0.45869318162506206,0.68289196,0.37845144,0.17004298,0.2993197,0.8158204,0.50426227,0.9533842,0.6223472,0.0,0.70019764,0.03065854,0.5785743,0.003075818,0.00097333867,0.45869318,0.030658539376125858,0.4190245017580124,0.003075818060011557,0.0009733386971341059,0.45869318162506206
2012-12-07 09:00:00,0.0,0.0,0.0,0.0,0.0,0.0,0.0,0.0,-0.012048993,-0.013675977,0.0,0.0,-0.028390868,-0.034378044,0.0,0.0,0.0,0.0,0.0,0.0,0.0,0.0,0.0,0.0,0.0,0.0,0.0,0.0,0.0,0.0,0.0,0.0,0.0,0.0,0.0,0.0,0.0,0.0,0.0,0.5595137,0.14502305,0.42500734,0.0,0.0,0.0,0.4523486,0.1896303,0.7782007,0.0,0.21748246,0.2409714,1.1245539,0.0,0.8054431,0.4678157,0.0,0.0,0.0,0.0,0.7840998,0.49532288,0.0,0.0,0.0,0.0,0.0,0.0,0.5512676,0.0,0.0,0.27262217,0.0,0.0,0.0,0.0,0.46477863,269.2037,269.2037,269.087,269.087,267.3478,267.3478,266.00027,266.00027,273.51743,273.51743,265.94638,265.94638,274.51617,274.51617,270.21115,270.21115,270.21115,260.11307,260.11307,260.11307,269.03732,269.03732,269.03732,263.85794,267.0363,260.78738,261.39243,266.44138,263.85794,267.0363,260.78738,261.39243,266.44138,263.85794,267.0363,260.78738,261.39243,266.44138,0.0,0.0,0.0,0.0,0.012354381,0.0,0.02924862,0.0,0.0,0.0,0.0,0.0,0.0,0.0,0.0,0.0,0.0,0.0,0.0,0.0,0.57755643,0.48125157,0.18243013,0.5609971,0.7777923,0.4577588,1.1232611,0.8042261,0.0020863167,0.7860153,0.093707584,0.6188688,0.011124899,0.0016586656,0.5346256,0.08687998090009867,0.4486207949155777,0.011124899099241591,0.0016586656261508015,0.5393354265050371,0.57755643,0.48125157,0.18243013,0.5609971,0.7654379,0.4577588,1.0940125,0.8042261,0.0020863167,0.7860153,0.093707584,0.6188688,0.011124899,0.0016586656,0.5346256,0.08687998090009867,0.4486207949155777,0.011124899099241591,0.0016586656261508015,0.5393354265050371
2012-12-07 10:00:00,0.0,0.0,0.0,0.0,0.0,0.0,0.0,0.0,-0.009148828,-0.010311261,0.0,0.0,-0.04737813,-0.056466907,0.0,0.0,0.0,0.0,0.0,0.0,0.0,0.0,0.0,0.0,0.0,0.0,0.0,0.0,0.0,0.0,0.0,0.0,0.0,0.0,0.0,0.0,0.0,0.0,0.0,0.52475977,0.1486653,0.4327678,0.0,0.013699248,0.0,0.5912791,0.1785212,0.76464397,0.0,0.314847,0.32224107,1.236426,0.0,0.9172779,0.5811987,0.0,0.0,0.0,0.0,0.870253,0.5793652,0.0,0.0,0.0,0.0,0.0,0.0,0.6177238,0.0,0.0,0.5493591,0.0,0.0,0.0,0.0,0.7349396,269.01083,269.01083,269.11508,269.11508,268.26535,268.26535,266.72998,266.72998,273.38928,273.38928,266.41678,266.41678,275.13443,275.13443,270.75262,270.75262,270.75262,260.45544,260.45544,260.45544,269.59512,269.59512,269.59512,264.94034,267.4392,262.06027,261.98102,267.73184,264.94034,267.4392,262.06027,261.98102,267.73184,264.94034,267.4392,262.06027,261.98102,267.73184,0.0,0.0,0.0,0.0,0.009307082,0.0,0.048225533,0.0,0.0,0.0,0.0,0.0,0.0,0.0,0.0,0.0,0.0,0.0,0.0,0.0,0.56245804,0.48357746,0.21671145,0.6766185,0.7642356,0.52237076,1.2351333,0.91606104,0.0035214706,0.86972135,0.19875981,0.67387956,0.023207067,0.002208038,0.6915907,0.17054737204325882,0.4890261158295819,0.023207065945115006,0.002208038048426156,0.7723808146993459,0.56245804,0.48357746,0.21671145,0.6766185,0.7549285,0.52237076,1.1869078,0.91606104,0.0035214706,0.86972135,0.19875981,0.67387956,0.023207067,0.002208038,0.6915907,0.17054737204325882,0.4890261158295819,0.023207065945115006,0.002208038048426156,0.7723808146993459
2012-12-07 11:00:00,0.0,0.0,0.0,0.0,0.0,0.0,0.0,0.0,-0.029149394,-0.03234195,0.0,0.0,-0.05190433,-0.06567365,0.0,0.0,0.0,0.0,0.0,0.0,0.0,0.0,0.0,0.0,0.0,0.0,0.0,0.0,0.0,0.0,0.0,0.0,0.0,0.0,0.0,0.0,0.0,0.0,0.0,0.54214776,0.11462608,0.36024198,0.0,0.27327135,0.0,0.59131396,0.2083589,0.80105555,0.0,0.43774974,0.3923387,1.3329194,0.0,1.0926602,0.7590086,0.0,0.0,0.0,0.0,0.9094081,0.6175608,0.0,0.0,0.0,0.0,0.0,0.0,0.67562824,0.0,0.0,0.666504,0.0,0.0,0.0,0.0,0.84930086,269.10733,269.10733,268.8527,268.8527,269.2226,269.2226,266.73016,266.73016,273.73346,273.73346,267.01056,267.01056,275.6677,275.6677,271.60178,271.60178,271.60178,260.93124,260.93124,260.93124,269.84863,269.84863,269.84863,265.66714,267.79028,262.80695,262.01828,268.2781,265.66714,267.79028,262.80695,262.01828,268.2781,265.66714,267.79028,262.80695,262.01828,268.2781,0.0,0.0,0.0,0.0,0.029209817,0.0,0.056615397,0.0,0.0,0.0,0.0,0.0,0.0,0.0,0.0,0.0,0.0,0.0,0.0,0.0,0.570012,0.46184054,0.29598877,0.67664754,0.80064714,0.60392994,1.3316264,1.0914433,0.005515898,0.90887636,0.26930013,0.72181135,0.03029444,0.002242817,0.7580353,0.22672822767271367,0.5242319638788664,0.030294440105220137,0.002242817108290219,0.8710307803777768,0.570012,0.46184054,0.29598877,0.67664754,0.77143735,0.60392994,1.2750111,1.0914433,0.005515898,0.90887636,0.26930013,0.72181135,0.03029444,0.002242817,0.7580353,0.22672822767271367,0.5242319638788664,0.030294440105220137,0.002242817108290219,0.8710307803777768
2012-12-07 12:00:00,0.0,0.0,0.0,0.0,0.0,0.0,0.0,0.0,-0.059561826,-0.066241264,0.0,0.0,-0.054627568,-0.07141597,0.0,0.0,0.0,0.0,0.0,0.0,0.0,0.0,0.0,0.0,0.0,0.0,0.0,0.0,0.0,0.0,0.0,0.0,0.0,0.0,0.0,0.0,0.0,0.0,0.0,0.46893352,0.21926951,0.5832012,0.022244252,0.5818914,0.0,0.6245606,0.2669549,0.87256134,0.0,0.537584,0.45160112,1.4144973,0.0,1.2157902,0.883843,0.0,0.0,0.0,0.0,0.94505626,0.6523356,0.0,0.0,0.0,0.0,0.0,0.06121482,0.73079944,0.0,0.0,0.76399624,0.0,0.07578754,0.0,0.0,0.9444764,268.70102,268.70102,269.65933,269.65933,270.36072,270.36072,266.9048,266.9048,274.40936,274.40936,267.4929,267.4929,276.11853,276.11853,272.19794,272.19794,272.19794,261.59543,261.59543,261.59543,270.07944,270.07944,270.07944,266.514,268.1248,263.76852,262.0196,268.73273,266.514,268.1248,263.76852,262.0196,268.73273,266.514,268.1248,263.76852,262.0196,268.73273,0.0,0.0,0.0,0.0,0.05999551,0.0,0.06197121,0.0,0.0,0.0,0.0,0.0,0.0,0.0,0.0,0.0,0.0,0.0,0.0,0.0,0.538205,0.5860061,0.58288026,0.7043162,0.872153,0.67018086,1.4132044,1.2145733,0.008299986,0.9445245,0.35149252,0.76748073,0.08306679,0.002244042,0.8144994,0.29218920952178024,0.557776061624712,0.03942167566375827,0.0022440419236662676,0.9542973140819182,0.538205,0.5860061,0.58288026,0.7043162,0.81215745,0.67018086,1.3512332,1.2145733,0.008299986,0.9445245,0.35149252,0.76748073,0.08306679,0.002244042,0.8144994,0.29218920952178024,0.557776061624712,0.03942167566375827,0.0022440419236662676,0.9542973140819182
2012-12-07 13:00:00,0.0,0.0,0.0,0.0,0.0,0.0,0.0,0.0,-0.056563683,-0.06276755,0.0,0.0,-0.0291088,-0.03871269,0.0,0.0,0.0,0.0,0.0,0.0,0.0,0.0,0.0,0.0,0.0,0.0,0.0,0.0,0.0,0.0,0.0,0.0,0.0,0.0,0.0,0.0,0.0,0.0,0.0,0.5549715,0.21891716,0.58245045,0.14323787,0.830623,0.0,0.57014704,0.25758398,0.8611258,0.0,0.5223483,0.40998945,1.3572167,0.02543436,1.2812852,0.9502444,0.0,0.0,0.0,0.0,0.98224574,0.6886138,0.0,0.0,0.0,0.0,0.0,0.066347614,0.6932905,0.0,0.0,0.7719018,0.0,0.020575752,0.0,0.0,0.95219415,269.1785,269.1785,269.65662,269.65662,271.27798,271.27798,266.619,266.619,274.30127,274.30127,267.41928,267.41928,275.80197,275.80197,272.51505,272.51505,272.51505,262.0335,262.0335,262.0335,270.32022,270.32022,270.32022,266.5395,267.89737,263.83014,261.96405,268.7696,266.5395,267.89737,263.83014,261.96405,268.7696,266.5395,267.89737,263.83014,261.96405,268.7696,0.0,0.0,0.0,0.0,0.056817483,0.0,0.03351969,0.0,0.0,0.0,0.0,0.0,0.0,0.0,0.0,0.0,0.0,0.0,0.0,0.0,0.5755831,0.5852555,0.83161175,0.65903187,0.8607175,0.6600703,1.3559237,1.2800682,0.010136303,0.981714,0.3539657,0.7364317,0.09109306,0.0021922009,0.8196844,0.2941589363630044,0.534970604421716,0.040006520901394775,0.0021922009007730677,0.9616557196273332,0.5755831,0.5852555,0.83161175,0.65903187,0.8039,0.6600703,1.322404,1.2800682,0.010136303,0.981714,0.3539657,0.7364317,0.09109306,0.0021922009,0.8196844,0.2941589363630044,0.534970604421716,0.040006520901394775,0.0021922009007730677,0.9616557196273332
2012-12-07 14:00:00,0.0,0.0,0.0,0.0,0.0,0.0,0.0,0.0,-0.029171001,-0.03314797,0.0,0.0,-0.008488424,-0.010984355,0.0,0.0,0.0,0.0,0.0,0.0,0.0,0.0,0.0,0.0,0.0,0.0,0.0,0.0,0.0,0.0,0.0,0.0,0.0,0.0,0.0,0.0,0.0,0.0,0.0,0.652948,0.13595699,0.4056908,0.1690774,0.88374233,0.0,0.3955642,0.23809873,0.83734757,0.0,0.50171816,0.21853086,1.0936632,0.0,1.1807264,0.8482937,0.0,0.0,0.0,0.0,1.0262462,0.7315361,0.0,0.0,0.0,0.0,0.0,0.0,0.6612275,0.0,0.0,0.757406,0.0,0.0,0.0,0.0,0.93804276,269.72223,269.72223,269.01712,269.01712,271.47388,271.47388,265.70203,265.70203,274.0765,274.0765,267.3196,267.3196,274.34546,274.34546,272.02817,272.02817,272.02817,261.8016,261.8016,261.8016,270.6051,270.6051,270.6051,266.10443,267.70297,264.02228,261.6524,268.702,266.10443,267.70297,264.02228,261.6524,268.702,266.10443,267.70297,264.02228,261.6524,268.702,0.0,0.0,0.0,0.0,0.030014649,0.0,0.009342515,0.0,0.0,0.0,0.0,0.0,0.0,0.0,0.0,0.0,0.0,0.0,0.0,0.0,0.65459895,0.47546214,0.8847311,0.5137399,0.8369392,0.64638,1.0923704,1.1795094,0.009164225,1.0257145,0.31174102,0.7098909,0.116122,0.0019013215,0.81017715,0.26052968384984065,0.5154764065710602,0.0418302879227714,0.001901321491000895,0.9481632789956329,0.65459895,0.47546214,0.8847311,0.5137399,0.8069246,0.64638,1.083028,1.1795094,0.009164225,1.0257145,0.31174102,0.7098909,0.116122,0.0019013215,0.81017715,0.26052968384984065,0.5154764065710602,0.0418302879227714,0.001901321491000895,0.9481632789956329
2012-12-07 15:00:00,0.0,0.0,0.0,0.0,0.0,0.0,0.0,0.0,-0.011243479,-0.013059998,0.0,0.0,-0.0021813933,-0.0028871149,0.0,0.0,0.0,0.0,0.0,0.0,0.0,0.0,0.0,0.0,0.0,0.0,0.0,0.0,0.0,0.0,0.0,0.0,0.0,0.0,0.0,0.0,0.0,0.0,0.0,0.5707923,0.10616972,0.34222436,0.17618638,0.89835644,0.0,0.15444164,0.21953945,0.8146993,0.0,0.4858319,0.1650932,1.0201033,0.0,1.0523208,0.71811074,0.0,0.0,0.0,0.0,1.0558375,0.7604025,0.0,0.0,0.0,0.0,0.0,0.0,0.5715624,0.0,0.0,0.6133635,0.0,0.0,0.0,0.0,0.7974231,269.2663,269.2663,268.7875,268.7875,271.52777,271.52777,264.43558,264.43558,273.86243,273.86243,267.24286,267.24286,273.93893,273.93893,271.40646,271.40646,271.40646,261.97348,261.97348,261.97348,270.7967,270.7967,270.7967,265.0663,267.15933,264.0264,262.40656,268.0303,265.0663,267.15933,264.0264,262.40656,268.0303,265.0663,267.15933,264.0264,262.40656,268.0303,0.0,0.0,0.0,0.0,0.011825497,0.0,0.0024490554,0.0,0.0,0.0,0.0,0.0,0.0,0.0,0.0,0.0,0.0,0.0,0.0,0.0,0.58245623,0.45644045,0.89934534,0.31307185,0.814291,0.63583773,1.0188105,1.0511038,0.009884681,1.0553058,0.21098648,0.6356683,0.11665868,0.00260522,0.72789395,0.18028513539723895,0.46095997948917955,0.04186939347357919,0.0026052200392079014,0.8262800696901311,0.58245623,0.45644045,0.89934534,0.31307185,0.8024655,0.63583773,1.0163615,1.0511038,0.009884681,1.0553058,0.21098648,0.6356683,0.11665868,0.00260522,0.72789395,0.18028513539723895,0.46095997948917955,0.04186939347357919,0.0026052200392079014,0.8262800696901311
2012-12-07 16:00:00,0.0,0.0,0.0,0.0,0.0,0.0,0.0,0.0,0.0,0.0,0.0,0.0,0.0,0.0,0.0,0.0,0.0,0.0,0.0,0.0,0.0,0.0,0.0,0.0,0.0,0.0,0.0,0.0,0.0,0.0,0.0,0.0,0.0,0.0,0.0,0.0,0.0,0.0,0.0,0.50281304,0.022536524,0.16403072,0.14541566,0.8350998,0.0,0.088633925,0.20819487,0.8008554,0.0,0.41758066,0.15564603,1.0070988,0.0,1.0140865,0.6793471,0.0,0.0,0.0,0.0,1.0630963,0.7674834,0.0,0.0,0.0,0.0,0.0,0.0,0.44937629,0.0,0.0,0.5171148,0.0,0.0,0.0,0.0,0.7034615,268.88904,268.88904,268.14282,268.14282,271.2945,271.2945,264.08994,264.08994,273.73157,273.73157,266.91312,266.91312,273.86707,273.86707,271.22134,271.22134,271.22134,260.9887,260.9887,260.9887,270.8437,270.8437,270.8437,264.85034,266.41852,263.56546,262.62888,267.58148,264.85034,266.41852,263.56546,262.62888,267.58148,264.85034,266.41852,263.56546,262.62888,267.58148,0.0,0.0,0.0,0.0,0.0,0.0,0.0,0.0,0.0,0.0,0.0,0.0,0.0,0.0,0.0,0.0,0.0,0.0,0.0,0.0,0.55292356,0.4049171,0.8360887,0.25830507,0.800447,0.59054565,1.005806,1.0128695,0.0057567745,1.0625646,0.19002521,0.5345257,0.05661467,0.0028127267,0.67330176,0.1635908158100013,0.3866708660159196,0.03749420651505432,0.002812726551173265,0.7452272738670762,0.55292356,0.4049171,0.8360887,0.25830507,0.800447,0.59054565,1.005806,1.0128695,0.0057567745,1.0625646,0.19002521,0.5345257,0.05661467,0.0028127267,0.67330176,0.1635908158100013,0.3866708660159196,0.03749420651505432,0.002812726551173265,0.7452272738670762
2012-12-07 17:00:00,0.0,0.0,0.0,0.0,0.0,0.0,0.0,0.0,0.0,0.0,0.0,0.0,0.0,0.0,0.0,0.0,0.0,0.0,0.0,0.0,0.0,0.0,0.0,0.0,0.0,0.0,0.0,0.0,0.0,0.0,0.0,0.0,0.0,0.0,0.0,0.0,0.0,0.0,0.15886742,0.92722964,0.04754531,0.21731588,0.13621342,0.8161825,0.0,0.07323657,0.16464736,0.74771345,0.0,0.28260058,0.1462149,0.99411637,0.0,1.0402188,0.70584136,0.0,0.0,0.0,0.0,1.0628134,0.76720756,0.0,0.0,0.0,0.0,0.0,0.0,0.29638064,0.0,0.0,0.50104827,0.0,0.0,0.0,0.0,0.6877768,271.2444,271.2444,268.3356,268.3356,271.22473,271.22473,264.00906,264.00906,273.22925,273.22925,266.261,266.261,273.79532,273.79532,271.34787,271.34787,271.34787,262.0633,262.0633,262.0633,270.84186,270.84186,270.84186,264.66702,265.4909,263.7512,262.79306,267.50656,264.66702,265.4909,263.7512,262.79306,267.50656,264.66702,265.4909,263.7512,262.79306,267.50656,0.0,0.0,0.0,0.0,0.0,0.0,0.0,0.0,0.0,0.0,0.0,0.0,0.0,0.0,0.0,0.0,0.0,0.0,0.0,0.0,0.9285647,0.42020035,0.81717134,0.24549103,0.74730515,0.50097173,0.99282354,1.039002,0.010261154,1.0622817,0.17223315,0.4078797,0.08080878,0.002965971,0.6641888,0.14942057732469163,0.2936495727869511,0.03925714267961883,0.002965970893571844,0.7316973484067103,0.9285647,0.42020035,0.81717134,0.24549103,0.74730515,0.50097173,0.99282354,1.039002,0.010261154,1.0622817,0.17223315,0.4078797,0.08080878,0.002965971,0.6641888,0.14942057732469163,0.2936495727869511,0.03925714267961883,0.002965970893571844,0.7316973484067103
2012-12-07 18:00:00,0.0,0.0,0.0,0.0,0.0,0.0,0.0,0.0,0.0,0.0,0.0,0.0,0.0,0.0,0.0,0.0,0.0,0.0,0.0,0.0,0.0,0.0,0.0,0.0,0.0,0.0,0.0,0.0,0.0,0.0,0.0,0.0,0.0,0.0,0.0,0.0,0.0,0.0,0.20560688,1.0053325,0.073611155,0.27285326,0.07148784,0.6831235,0.0,0.11388557,0.13509801,0.71165377,0.0,0.2724751,0.17857194,1.0386577,0.0,1.0427212,0.70837826,0.0,0.0,0.0,0.0,1.0752711,0.77936006,0.0,0.0,0.0,0.0,0.0,0.0,0.2301963,0.0,0.0,0.49630362,0.0,0.0,0.0,0.0,0.68314487,271.67783,271.67783,268.53653,268.53653,270.73404,270.73404,264.22256,264.22256,272.8884,272.8884,266.21207,266.21207,274.04147,274.04147,271.36,271.36,271.36,262.06696,262.06696,262.06696,270.92252,270.92252,270.92252,264.95013,265.08963,263.53244,263.73523,267.48444,264.95013,265.08963,263.53244,263.73523,267.48444,264.95013,265.08963,263.53244,263.73523,267.48444,0.0,0.0,0.0,0.0,0.0,0.0,0.0,0.0,0.0,0.0,0.0,0.0,0.0,0.0,0.0,0.0,0.0,0.0,0.0,0.0,1.0065778,0.43612957,0.68411237,0.27932012,0.7112455,0.49425235,1.0373648,1.0415043,0.010276505,1.0747396,0.19971058,0.35309398,0.05231332,0.013134903,0.66149765,0.17130459637383727,0.25340950880920055,0.037180782767098554,0.013134903465692727,0.7277017492381704,1.0065778,0.43612957,0.68411237,0.27932012,0.7112455,0.49425235,1.0373648,1.0415043,0.010276505,1.0747396,0.19971058,0.35309398,0.05231332,0.013134903,0.66149765,0.17130459637383727,0.25340950880920055,0.037180782767098554,0.013134903465692727,0.7277017492381704
2012-12-07 19:00:00,0.0,0.0,0.0,0.0,0.0,0.0,0.0,0.0,0.0,0.0,0.0,0.0,0.0,0.0,0.0,0.0,0.0,0.0,0.0,0.0,0.0,0.0,0.0,0.0,0.0,0.0,0.0,0.0,0.0,0.0,0.0,0.0,0.0,0.0,0.0,0.0,0.0,0.0,0.2949986,1.1547086,0.07271248,0.27093846,0.108787894,0.7598027,0.0,0.053231657,0.11316553,0.68488926,0.0,0.08221817,0.18247116,1.0440251,0.0,1.0615861,0.7275043,0.0,0.0,0.0,0.0,1.0951716,0.7987729,0.0,0.0,0.0,0.0,0.0,0.0,0.20068534,0.0,0.0,0.3459065,0.0,0.0,0.0,0.0,0.5363216,272.5068,272.5068,268.5296,268.5296,271.0168,271.0168,263.904,263.904,272.6354,272.6354,265.29288,265.29288,274.07114,274.07114,271.45132,271.45132,271.45132,261.52982,261.52982,261.52982,271.05136,271.05136,271.05136,264.90192,264.9107,263.3444,263.18924,266.7831,264.90192,264.9107,263.3444,263.18924,266.7831,264.90192,264.9107,263.3444,263.18924,266.7831,0.0,0.0,0.0,0.0,0.0,0.0,0.0,0.0,0.0,0.0,0.0,0.0,0.0,0.0,0.0,0.0,0.0,0.0,0.0,0.0,1.155782,0.43558037,0.76079154,0.22884244,0.68448085,0.3679963,1.0427322,1.0603693,0.008024954,1.0946399,0.1950308,0.32866558,0.03539583,0.0033357511,0.57619244,0.16757744857846696,0.23546688997114806,0.03539583162578299,0.003335751200824328,0.6010495223523594,1.155782,0.43558037,0.76079154,0.22884244,0.68448085,0.3679963,1.0427322,1.0603693,0.008024954,1.0946399,0.1950308,0.32866558,0.03539583,0.0033357511,0.57619244,0.16757744857846696,0.23546688997114806,0.03539583162578299,0.003335751200824328,0.6010495223523594
2012-12-07 20:00:00,0.0,0.0,0.0,0.0,0.0,0.0,0.0,0.0,0.0,0.0,0.0,0.0,0.0,0.0,0.0,0.0,0.0,0.0,0.0,0.0,0.0,0.0,0.0,0.0,0.0,0.0,0.0,0.0,0.0,0.0,0.0,0.0,0.0,0.0,0.0,0.0,0.0,0.0,0.27578348,1.1225996,0.08854835,0.30467927,0.13253817,0.8086271,0.0,0.0,0.10387663,0.6735538,0.0,0.29104596,0.16423874,1.0189272,0.0,1.0928178,0.75916827,0.0,0.0,0.0,0.0,1.1034627,0.80686074,0.0,0.0,0.0,0.0,0.0,0.0,0.25071746,0.0,0.0,0.29287058,0.0,0.0,0.0,0.0,0.48454595,272.3286,272.3286,268.65167,268.65167,271.19687,271.19687,263.26938,263.26938,272.52826,272.52826,266.3018,266.3018,273.93243,273.93243,271.60254,271.60254,271.60254,261.20325,261.20325,261.20325,271.10504,271.10504,271.10504,264.39218,265.21405,263.92273,262.994,266.5358,264.39218,265.21405,263.92273,262.994,266.5358,264.39218,265.21405,263.92273,262.994,266.5358,0.0,0.0,0.0,0.0,0.0,0.0,0.0,0.0,0.0,0.0,0.0,0.0,0.0,0.0,0.0,0.0,0.0,0.0,0.0,0.0,1.12371,0.44525793,0.80961597,0.14466298,0.6731454,0.5065762,1.0176344,1.0916009,0.006656064,1.1029309,0.14555839,0.37008092,0.10315434,0.0031535102,0.5461105,0.128175834891081,0.265886407496347,0.0408853819469565,0.0031535100664997727,0.5563869904049848,1.12371,0.44525793,0.80961597,0.14466298,0.6731454,0.5065762,1.0176344,1.0916009,0.006656064,1.1029309,0.14555839,0.37008092,0.10315434,0.0031535102,0.5461105,0.128175834891081,0.265886407496347,0.0408853819469565,0.0031535100664997727,0.5563869904049848
2012-12-07 21:00:00,0.0,0.0,0.0,0.0,0.0,0.0,0.0,0.0,0.0,0.0,0.0,0.0,0.0,0.0,0.0,0.0,0.0,0.0,0.0,0.0,0.0,0.0,0.0,0.0,0.0,0.0,0.0,0.0,0.0,0.0,0.0,0.0,0.0,0.0,0.0,0.0,0.0,0.0,0.29443583,1.1537683,0.07290251,0.27134335,0.20996413,0.9677947,0.0,0.0,0.040076613,0.59569734,0.0,0.3065091,0.13134815,0.9736515,0.0,1.1301004,0.79696685,0.0,0.0,0.0,0.0,1.100182,0.8036606,0.0,0.0,0.0,0.0,0.0,0.0,0.24021775,0.0,0.0,0.16110533,0.0,0.0,0.0,0.0,0.3559118,272.5016,272.5016,268.53107,268.53107,271.78384,271.78384,263.1144,263.1144,271.79233,271.79233,266.3765,266.3765,273.68222,273.68222,271.78305,271.78305,271.78305,260.7939,260.7939,260.7939,271.0838,271.0838,271.0838,264.83453,265.1504,263.26428,262.7421,265.92136,264.83453,265.1504,263.26428,262.7421,265.92136,264.83453,265.1504,263.26428,262.7421,265.92136,0.0,0.0,0.0,0.0,0.0,0.0,0.0,0.0,0.0,0.0,0.0,0.0,0.0,0.0,0.0,0.0,0.0,0.0,0.0,0.0,1.1548427,0.4356965,0.96878356,0.1385278,0.59528905,0.5168376,0.97235864,1.1288834,0.0049402504,1.0996504,0.18849094,0.36138955,0.034635447,0.0029184024,0.47137332,0.16236887748215204,0.25950259325514324,0.03463544591563152,0.002918402482455557,0.47137333202671694,1.1548427,0.4356965,0.96878356,0.1385278,0.59528905,0.5168376,0.97235864,1.1288834,0.0049402504,1.0996504,0.18849094,0.36138955,0.034635447,0.0029184024,0.47137332,0.16236887748215204,0.25950259325514324,0.03463544591563152,0.002918402482455557,0.47137333202671694
2012-12-07 22:00:00,0.0,0.0,0.0,0.0,0.0,0.0,0.0,0.0,0.0,0.0,0.0,0.0,0.0,0.0,0.0,0.0,0.0,0.0,0.0,0.0,0.0,0.0,0.0,0.0,0.0,0.0,0.0,0.0,0.0,0.0,0.0,0.0,0.0,0.0,0.0,0.0,0.0,0.0,0.20562991,1.0053709,0.06853181,0.26203093,0.2328771,1.0148978,0.0,0.0,0.013911076,0.563767,0.0,0.30986315,0.068050124,0.8865183,0.0,1.1695511,0.8369637,0.0,0.0,0.0,0.0,1.0539663,0.7585771,0.0,0.0,0.0,0.0,0.0,0.0,0.13931298,0.0,0.0,0.029111087,0.0,0.0,0.0,0.0,0.22705409,271.67804,271.67804,268.49738,268.49738,271.95755,271.95755,263.2482,263.2482,271.4905,271.4905,266.3927,266.3927,273.20068,273.20068,271.97406,271.97406,271.97406,260.5642,260.5642,260.5642,270.78458,270.78458,270.78458,264.43924,264.5386,263.62704,263.58917,265.30585,264.43924,264.5386,263.62704,263.58917,265.30585,264.43924,264.5386,263.62704,263.58917,265.30585,0.0,0.0,0.0,0.0,0.0,0.0,0.0,0.0,0.0,0.0,0.0,0.0,0.0,0.0,0.0,0.0,0.0,0.0,0.0,0.0,1.0066162,0.4330255,1.0158868,0.1438245,0.5633587,0.5190634,0.8852254,1.1683341,0.0039773835,1.0534345,0.15012562,0.27786306,0.06463697,0.008863073,0.39650625,0.13181334242301843,0.198152485827813,0.03807876208194409,0.008863073209433291,0.396506249634745,1.0066162,0.4330255,1.0158868,0.1438245,0.5633587,0.5190634,0.8852254,1.1683341,0.0039773835,1.0534345,0.15012562,0.27786306,0.06463697,0.008863073,0.39650625,0.13181334242301843,0.198152485827813,0.03807876208194409,0.008863073209433291,0.396506249634745
2012-12-07 23:00:00,0.0,0.0,0.0,0.0,0.0,0.0,0.0,0.0,0.0,0.0,0.0,0.0,0.0,0.0,0.0,0.0,0.0,0.0,0.0,0.0,0.0,0.0,0.0,0.0,0.0,0.0,0.0,0.0,0.0,0.0,0.0,0.0,0.0,0.0,0.0,0.0,0.0,0.0,0.11554057,0.8548291,0.10866387,0.34753853,0.22462487,0.9979334,0.0,0.0,0.00861182,0.5573003,0.0,0.490942,0.0015187939,0.7949342,0.0,1.1800456,0.84760356,0.0,0.0,0.0,0.0,1.0274245,0.73268574,0.0,0.0,0.0,0.0,0.0,0.0,0.27485272,0.0,0.0,0.0,0.0,0.0,0.0,0.0,0.16581011,270.8426,270.8426,268.80673,268.80673,271.895,271.895,262.94907,262.94907,271.42938,271.42938,267.26755,267.26755,272.69455,272.69455,272.02487,272.02487,272.02487,260.2645,260.2645,260.2645,270.61273,270.61273,270.61273,264.69928,265.36038,261.63046,259.65332,265.0133,264.69928,265.36038,261.63046,259.65332,265.0133,264.69928,265.36038,261.63046,259.65332,265.0133,0.0,0.0,0.0,0.0,0.0,0.0,0.0,0.0,0.0,0.0,0.0,0.0,0.0,0.0,0.0,0.0,0.0,0.0,0.0,0.0,0.8562476,0.45803317,0.9989223,0.13198182,0.556892,0.6392288,0.7936414,1.1788287,0.0027210643,1.0268928,0.17536387,0.39005947,0.019127343,3.5443445e-05,0.36092314,0.15191399202070832,0.2805606113729394,0.01912734314824901,3.5443443944880436e-05,0.36092313436827456,0.8562476,0.45803317,0.9989223,0.13198182,0.556892,0.6392288,0.7936414,1.1788287,0.0027210643,1.0268928,0.17536387,0.39005947,0.019127343,3.5443445e-05,0.36092314,0.15191399202070832,0.2805606113729394,0.01912734314824901,3.5443443944880436e-05,0.36092313436827456
