,CH-Cha_REF_GPP_WRF,CH-Cha_ALPS_GPP_WRF,CH-Fru_REF_GPP_WRF,CH-Fru_ALPS_GPP_WRF,CH-Oe1_REF_GPP_WRF,CH-Oe1_ALPS_GPP_WRF,DE-Lkb_REF_GPP_WRF,DE-Lkb_ALPS_GPP_WRF,IT-Isp_REF_GPP_WRF,IT-Isp_ALPS_GPP_WRF,IT-La2_REF_GPP_WRF,IT-La2_ALPS_GPP_WRF,IT-PT1_REF_GPP_WRF,IT-PT1_ALPS_GPP_WRF,CH-Oe2_REF_GPP_WRF,CH-Oe2_ALPS_GPP_WRF,CH-Oe2_SITE_GPP_WRF,IT-Tor_REF_GPP_WRF,IT-Tor_ALPS_GPP_WRF,IT-Tor_SITE_GPP_WRF,CH-Lae_REF_GPP_WRF,CH-Lae_ALPS_GPP_WRF,CH-Lae_SITE_GPP_WRF,CH-Dav_REF_GPP_WRF,IT-Lav_REF_GPP_WRF,IT-Ren_REF_GPP_WRF,AT-Neu_REF_GPP_WRF,IT-MBo_REF_GPP_WRF,CH-Dav_ALPS_GPP_WRF,IT-Lav_ALPS_GPP_WRF,IT-Ren_ALPS_GPP_WRF,AT-Neu_ALPS_GPP_WRF,IT-MBo_ALPS_GPP_WRF,CH-Dav_SITE_GPP_WRF,IT-Lav_SITE_GPP_WRF,IT-Ren_SITE_GPP_WRF,AT-Neu_SITE_GPP_WRF,IT-MBo_SITE_GPP_WRF,CH-Cha_REF_RECO_WRF,CH-Cha_ALPS_RECO_WRF,CH-Fru_REF_RECO_WRF,CH-Fru_ALPS_RECO_WRF,CH-Oe1_REF_RECO_WRF,CH-Oe1_ALPS_RECO_WRF,DE-Lkb_REF_RECO_WRF,DE-Lkb_ALPS_RECO_WRF,IT-Isp_REF_RECO_WRF,IT-Isp_ALPS_RECO_WRF,IT-La2_REF_RECO_WRF,IT-La2_ALPS_RECO_WRF,IT-PT1_REF_RECO_WRF,IT-PT1_ALPS_RECO_WRF,CH-Oe2_REF_RECO_WRF,CH-Oe2_ALPS_RECO_WRF,CH-Oe2_SITE_RECO_WRF,IT-Tor_REF_RECO_WRF,IT-Tor_ALPS_RECO_WRF,IT-Tor_SITE_RECO_WRF,CH-Lae_REF_RECO_WRF,CH-Lae_ALPS_RECO_WRF,CH-Lae_SITE_RECO_WRF,CH-Dav_REF_RECO_WRF,IT-Lav_REF_RECO_WRF,IT-Ren_REF_RECO_WRF,AT-Neu_REF_RECO_WRF,IT-MBo_REF_RECO_WRF,CH-Dav_ALPS_RECO_WRF,IT-Lav_ALPS_RECO_WRF,IT-Ren_ALPS_RECO_WRF,AT-Neu_ALPS_RECO_WRF,IT-MBo_ALPS_RECO_WRF,CH-Dav_SITE_RECO_WRF,IT-Lav_SITE_RECO_WRF,IT-Ren_SITE_RECO_WRF,AT-Neu_SITE_RECO_WRF,IT-MBo_SITE_RECO_WRF,CH-Cha_REF_T2_WRF,CH-Cha_ALPS_T2_WRF,CH-Fru_REF_T2_WRF,CH-Fru_ALPS_T2_WRF,CH-Oe1_REF_T2_WRF,CH-Oe1_ALPS_T2_WRF,DE-Lkb_REF_T2_WRF,DE-Lkb_ALPS_T2_WRF,IT-Isp_REF_T2_WRF,IT-Isp_ALPS_T2_WRF,IT-La2_REF_T2_WRF,IT-La2_ALPS_T2_WRF,IT-PT1_REF_T2_WRF,IT-PT1_ALPS_T2_WRF,CH-Oe2_REF_T2_WRF,CH-Oe2_ALPS_T2_WRF,CH-Oe2_SITE_T2_WRF,IT-Tor_REF_T2_WRF,IT-Tor_ALPS_T2_WRF,IT-Tor_SITE_T2_WRF,CH-Lae_REF_T2_WRF,CH-Lae_ALPS_T2_WRF,CH-Lae_SITE_T2_WRF,CH-Dav_REF_T2_WRF,IT-Lav_REF_T2_WRF,IT-Ren_REF_T2_WRF,AT-Neu_REF_T2_WRF,IT-MBo_REF_T2_WRF,CH-Dav_ALPS_T2_WRF,IT-Lav_ALPS_T2_WRF,IT-Ren_ALPS_T2_WRF,AT-Neu_ALPS_T2_WRF,IT-MBo_ALPS_T2_WRF,CH-Dav_SITE_T2_WRF,IT-Lav_SITE_T2_WRF,IT-Ren_SITE_T2_WRF,AT-Neu_SITE_T2_WRF,IT-MBo_SITE_T2_WRF,CH-Cha_ALPS_GPP_recalc,CH-Fru_ALPS_GPP_recalc,CH-Oe1_ALPS_GPP_recalc,DE-Lkb_ALPS_GPP_recalc,IT-Isp_ALPS_GPP_recalc,IT-La2_ALPS_GPP_recalc,IT-PT1_ALPS_GPP_recalc,CH-Oe2_ALPS_GPP_recalc,IT-Tor_ALPS_GPP_recalc,CH-Lae_ALPS_GPP_recalc,CH-Dav_ALPS_GPP_recalc,IT-Lav_ALPS_GPP_recalc,IT-Ren_ALPS_GPP_recalc,AT-Neu_ALPS_GPP_recalc,IT-MBo_ALPS_GPP_recalc,CH-Dav_SITE_GPP_recalc,IT-Lav_SITE_GPP_recalc,IT-Ren_SITE_GPP_recalc,AT-Neu_SITE_GPP_recalc,IT-MBo_SITE_GPP_recalc,CH-Cha_ALPS_RECO_recalc,CH-Fru_ALPS_RECO_recalc,CH-Oe1_ALPS_RECO_recalc,DE-Lkb_ALPS_RECO_recalc,IT-Isp_ALPS_RECO_recalc,IT-La2_ALPS_RECO_recalc,IT-PT1_ALPS_RECO_recalc,CH-Oe2_ALPS_RECO_recalc,IT-Tor_ALPS_RECO_recalc,CH-Lae_ALPS_RECO_recalc,CH-Dav_ALPS_RECO_recalc,IT-Lav_ALPS_RECO_recalc,IT-Ren_ALPS_RECO_recalc,AT-Neu_ALPS_RECO_recalc,IT-MBo_ALPS_RECO_recalc,CH-Dav_SITE_RECO_recalc,IT-Lav_SITE_RECO_recalc,IT-Ren_SITE_RECO_recalc,AT-Neu_SITE_RECO_recalc,IT-MBo_SITE_RECO_recalc,CH-Cha_ALPS_NEE_recalc,CH-Fru_ALPS_NEE_recalc,CH-Oe1_ALPS_NEE_recalc,DE-Lkb_ALPS_NEE_recalc,IT-Isp_ALPS_NEE_recalc,IT-La2_ALPS_NEE_recalc,IT-PT1_ALPS_NEE_recalc,CH-Oe2_ALPS_NEE_recalc,IT-Tor_ALPS_NEE_recalc,CH-Lae_ALPS_NEE_recalc,CH-Dav_ALPS_NEE_recalc,IT-Lav_ALPS_NEE_recalc,IT-Ren_ALPS_NEE_recalc,AT-Neu_ALPS_NEE_recalc,IT-MBo_ALPS_NEE_recalc,CH-Dav_SITE_NEE_recalc,IT-Lav_SITE_NEE_recalc,IT-Ren_SITE_NEE_recalc,AT-Neu_SITE_NEE_recalc,IT-MBo_SITE_NEE_recalc
2012-01-20 00:00:00,0.0,0.0,0.0,0.0,0.0,0.0,0.0,0.0,0.0,0.0,0.0,0.0,0.0,0.0,0.0,0.0,0.0,0.0,0.0,0.0,0.0,0.0,0.0,0.0,0.0,0.0,0.0,0.0,0.0,0.0,0.0,0.0,0.0,0.0,0.0,0.0,0.0,0.0,1.0303748,2.328509,0.40539324,1.1324471,1.1125534,2.4990911,0.7703888,1.9694648,0.62897235,1.222904,0.53981966,1.3766948,0.118672274,1.0413454,1.1125534,2.4990911,2.2205234,0.03606191,0.46122798,0.35473353,1.0303748,2.328509,2.11748,0.3861286,0.45137173,0.0,0.34415174,0.45137173,1.1473672,1.4818921,0.65042824,0.8964485,1.4818921,1.10582,1.4177711,0.8004819,0.6463756,1.5259452,278.66077,278.66077,273.5681,273.5681,278.6054,278.6054,274.72507,274.72507,274.9814,274.9814,273.46265,273.46265,273.36322,273.36322,278.6054,278.6054,278.6054,269.94708,269.94708,269.94708,278.66077,278.66077,278.66077,272.67178,273.2686,269.03894,271.69965,273.2686,272.67178,273.2686,269.03894,271.69965,273.2686,272.67178,273.2686,269.03894,271.69965,273.2686,0.0,0.0,0.0,0.0,0.0,0.0,0.0,0.0,0.0,0.0,0.0,0.0,0.0,0.0,0.0,0.0,0.0,0.0,0.0,0.0,2.3279264,1.1336346,2.4986732,1.9708738,1.2228439,1.3772509,1.0397722,2.4986732,0.46459824,2.3279264,1.1499754,1.4822178,0.6742327,0.89958316,1.4822178,1.0674580713399637,1.3824458200781815,0.24605757392795577,0.9568404784763895,1.5261175633069346,2.3279264,1.1336346,2.4986732,1.9708738,1.2228439,1.3772509,1.0397722,2.4986732,0.46459824,2.3279264,1.1499754,1.4822178,0.6742327,0.89958316,1.4822178,1.0674580713399637,1.3824458200781815,0.24605757392795577,0.9568404784763895,1.5261175633069346
2012-01-20 01:00:00,0.0,0.0,0.0,0.0,0.0,0.0,0.0,0.0,0.0,0.0,0.0,0.0,0.0,0.0,0.0,0.0,0.0,0.0,0.0,0.0,0.0,0.0,0.0,0.0,0.0,0.0,0.0,0.0,0.0,0.0,0.0,0.0,0.0,0.0,0.0,0.0,0.0,0.0,1.0211641,2.3167846,0.3985973,1.1190257,1.1175672,2.5059857,0.7341265,1.9129097,0.7236137,1.3578585,0.49487036,1.3145468,0.25986415,1.2362791,1.1175672,2.5059857,2.2271469,0.033197824,0.45672587,0.34953183,1.0211641,2.3167846,2.1053548,0.3861453,0.4391313,0.048096083,0.31794733,0.4391313,1.1473973,1.4672822,0.71399176,0.853421,1.4672822,1.1058515,1.4015595,0.8624852,0.5905688,1.5114518,278.59857,278.59857,273.49338,273.49338,278.6385,278.6385,274.49,274.49,275.79974,275.79974,273.1578,273.1578,274.2704,274.2704,278.6385,278.6385,278.6385,269.91086,269.91086,269.91086,278.59857,278.59857,278.59857,272.67194,273.1869,269.40402,271.45233,273.1869,272.67194,273.1869,269.40402,271.45233,273.1869,272.67194,273.1869,269.40402,271.45233,273.1869,0.0,0.0,0.0,0.0,0.0,0.0,0.0,0.0,0.0,0.0,0.0,0.0,0.0,0.0,0.0,0.0,0.0,0.0,0.0,0.0,2.3162022,1.1202132,2.5055676,1.9143188,1.3577983,1.315103,1.2347057,2.5055676,0.4601246,2.3162022,1.1500051,1.4676077,0.71774757,0.85678136,1.4676077,1.0674864254960568,1.3685816211560604,0.3071982444715595,0.9137936517513497,1.5116254069166581,2.3162022,1.1202132,2.5055676,1.9143188,1.3577983,1.315103,1.2347057,2.5055676,0.4601246,2.3162022,1.1500051,1.4676077,0.71774757,0.85678136,1.4676077,1.0674864254960568,1.3685816211560604,0.3071982444715595,0.9137936517513497,1.5116254069166581
2012-01-20 02:00:00,0.0,0.0,0.0,0.0,0.0,0.0,0.0,0.0,0.0,0.0,0.0,0.0,0.0,0.0,0.0,0.0,0.0,0.0,0.0,0.0,0.0,0.0,0.0,0.0,0.0,0.0,0.0,0.0,0.0,0.0,0.0,0.0,0.0,0.0,0.0,0.0,0.0,0.0,1.005323,2.2966206,0.3896091,1.1012747,1.1146069,2.501915,0.71243405,1.8790781,0.7851067,1.4455446,0.37049368,1.1425809,0.34201163,1.3496941,1.1146069,2.501915,2.2232363,0.028176602,0.448833,0.3404126,1.005323,2.2966206,2.0845017,0.3682589,0.3296897,0.0,0.29707178,0.3296897,1.1150961,1.3366545,0.5575828,0.8191432,1.3366545,1.071873,1.2566121,0.70991546,0.54611075,1.3818662,278.4916,278.4916,273.39453,273.39453,278.61896,278.61896,274.34937,274.34937,276.33145,276.33145,272.3143,272.3143,274.7982,274.7982,278.61896,278.61896,278.61896,269.84735,269.84735,269.84735,278.4916,278.4916,278.4916,272.5082,272.45645,268.50568,271.2553,272.45645,272.5082,272.45645,268.50568,271.2553,272.45645,272.5082,272.45645,268.50568,271.2553,272.45645,0.0,0.0,0.0,0.0,0.0,0.0,0.0,0.0,0.0,0.0,0.0,0.0,0.0,0.0,0.0,0.0,0.0,0.0,0.0,0.0,2.2960384,1.1024622,2.5014973,1.8804871,1.4454846,1.1434981,1.3481208,2.5014973,0.45228165,2.2960384,1.1181061,1.3375502,0.61600477,0.8226836,1.3375502,1.0370624160080117,1.2451922256730719,0.22837269545806071,0.8795006713297235,1.3826214570816717,2.2960384,1.1024622,2.5014973,1.8804871,1.4454846,1.1434981,1.3481208,2.5014973,0.45228165,2.2960384,1.1181061,1.3375502,0.61600477,0.8226836,1.3375502,1.0370624160080117,1.2451922256730719,0.22837269545806071,0.8795006713297235,1.3826214570816717
2012-01-20 03:00:00,0.0,0.0,0.0,0.0,0.0,0.0,0.0,0.0,0.0,0.0,0.0,0.0,0.0,0.0,0.0,0.0,0.0,0.0,0.0,0.0,0.0,0.0,0.0,0.0,0.0,0.0,0.0,0.0,0.0,0.0,0.0,0.0,0.0,0.0,0.0,0.0,0.0,0.0,0.9833492,2.2686503,0.38150892,1.0852776,1.1140611,2.5011644,0.6925823,1.8481169,0.7816691,1.4406427,0.39645803,1.1784797,0.39226893,1.4190811,1.1140611,2.5011644,2.2225153,0.015964981,0.42963734,0.3182345,0.9833492,2.2686503,2.0555754,0.3531396,0.20440005,0.0,0.26608825,0.20440005,1.087792,1.1871105,0.42215073,0.7682682,1.1871105,1.0431511,1.0906744,0.5778077,0.48012596,1.233515,278.34323,278.34323,273.30545,273.30545,278.61536,278.61536,274.22067,274.22067,276.30173,276.30173,272.4904,272.4904,275.1211,275.1211,278.61536,278.61536,278.61536,269.6929,269.6929,269.6929,278.34323,278.34323,278.34323,272.3698,271.62024,267.7278,270.9629,271.62024,272.3698,271.62024,267.7278,270.9629,271.62024,272.3698,271.62024,267.7278,270.9629,271.62024,0.0,0.0,0.0,0.0,0.0,0.0,0.0,0.0,0.0,0.0,0.0,0.0,0.0,0.0,0.0,0.0,0.0,0.0,0.0,0.0,2.2680678,1.086465,2.5007467,1.849526,1.4405828,1.1793208,1.4175076,2.5007467,0.43320757,2.2680678,1.091142,1.1886936,0.5368838,0.7720757,1.1886936,1.0113451964314444,1.103969668106435,0.20839114558653637,0.8286030042913064,1.2349713079629523,2.2680678,1.086465,2.5007467,1.849526,1.4405828,1.1793208,1.4175076,2.5007467,0.43320757,2.2680678,1.091142,1.1886936,0.5368838,0.7720757,1.1886936,1.0113451964314444,1.103969668106435,0.20839114558653637,0.8286030042913064,1.2349713079629523
2012-01-20 04:00:00,0.0,0.0,0.0,0.0,0.0,0.0,0.0,0.0,0.0,0.0,0.0,0.0,0.0,0.0,0.0,0.0,0.0,0.0,0.0,0.0,0.0,0.0,0.0,0.0,0.0,0.0,0.0,0.0,0.0,0.0,0.0,0.0,0.0,0.0,0.0,0.0,0.0,0.0,0.96296155,2.2426991,0.3724153,1.0673184,1.1068782,2.4912875,0.6733755,1.8181618,0.7958007,1.4607941,0.57370377,1.4235437,0.43172532,1.4735554,1.1068782,2.4912875,2.213026,0.0,0.40240464,0.28677058,0.96296155,2.2426991,2.028737,0.32876548,0.0,0.0,0.2592267,0.0,1.0437745,0.8731128,0.42110395,0.75700164,0.8731128,0.9968477,0.74225485,0.57678664,0.4655132,0.922022,278.20557,278.20557,273.20544,273.20544,278.56796,278.56796,274.09616,274.09616,276.42392,276.42392,273.69244,273.69244,275.3746,275.3746,278.56796,278.56796,278.56796,269.4738,269.4738,269.4738,278.20557,278.20557,278.20557,272.1467,269.86444,267.7218,270.89813,269.86444,272.1467,269.86444,267.7218,270.89813,269.86444,272.1467,269.86444,267.7218,270.89813,269.86444,0.0,0.0,0.0,0.0,0.0,0.0,0.0,0.0,0.0,0.0,0.0,0.0,0.0,0.0,0.0,0.0,0.0,0.0,0.0,0.0,2.2421167,1.0685059,2.4908695,1.8195709,1.460734,1.4240998,1.4719824,2.4908695,0.40614733,2.2421167,1.0476725,0.87613916,0.5362722,0.7608682,0.87613916,0.9698857493919106,0.8074440439672113,0.20823671170036234,0.817331364815673,0.9249496416224395,2.2421167,1.0685059,2.4908695,1.8195709,1.460734,1.4240998,1.4719824,2.4908695,0.40614733,2.2421167,1.0476725,0.87613916,0.5362722,0.7608682,0.87613916,0.9698857493919106,0.8074440439672113,0.20823671170036234,0.817331364815673,0.9249496416224395
2012-01-20 05:00:00,0.0,0.0,0.0,0.0,0.0,0.0,0.0,0.0,0.0,0.0,0.0,0.0,0.0,0.0,0.0,0.0,0.0,0.0,0.0,0.0,0.0,0.0,0.0,0.0,0.0,0.0,0.0,0.0,0.0,0.0,0.0,0.0,0.0,0.0,0.0,0.0,0.0,0.0,0.93590766,2.2082624,0.35706133,1.0369955,1.0704218,2.4411573,0.6359881,1.7598522,0.8224304,1.4987664,0.5810656,1.4337221,0.43581966,1.4792084,1.0704218,2.4411573,2.1648645,0.0,0.37394685,0.25389123,0.93590766,2.2082624,1.9931233,0.29040226,0.0,0.0,0.26692247,0.0,0.9744941,0.84248465,0.22287342,0.76963806,0.84248465,0.9239694,0.7082692,0.3834219,0.48190266,0.89163816,278.0229,278.0229,273.0366,273.0366,278.32742,278.32742,273.8538,273.8538,276.65417,276.65417,273.74237,273.74237,275.4009,275.4009,278.32742,278.32742,278.32742,269.2448,269.2448,269.2448,278.0229,278.0229,278.0229,271.79553,269.69318,266.58325,270.97076,269.69318,271.79553,269.69318,266.58325,270.97076,269.69318,271.79553,269.69318,266.58325,270.97076,269.69318,0.0,0.0,0.0,0.0,0.0,0.0,0.0,0.0,0.0,0.0,0.0,0.0,0.0,0.0,0.0,0.0,0.0,0.0,0.0,0.0,2.2076802,1.0383654,2.4407394,1.7612611,1.4987065,1.4342784,1.477635,2.4407394,0.3848308,2.2076802,0.97925466,0.84565187,0.42046362,0.77343833,0.84565187,0.9046314945589313,0.7785202458188238,0.17898991258675143,0.8299734486761856,0.8947094081691257,2.2076802,1.0383654,2.4407394,1.7612611,1.4987065,1.4342784,1.477635,2.4407394,0.3848308,2.2076802,0.97925466,0.84565187,0.42046362,0.77343833,0.84565187,0.9046314945589313,0.7785202458188238,0.17898991258675143,0.8299734486761856,0.8947094081691257
2012-01-20 06:00:00,0.0,0.0,0.0,0.0,0.0,0.0,0.0,0.0,0.0,0.0,0.0,0.0,0.0,0.0,0.0,0.0,0.0,0.0,0.0,0.0,0.0,0.0,0.0,0.0,0.0,0.0,0.0,0.0,0.0,0.0,0.0,0.0,0.0,0.0,0.0,0.0,0.0,0.0,0.8729011,2.128062,0.3239835,0.97166955,1.0075324,2.354679,0.6059539,1.7130104,0.8572232,1.5483798,0.5931208,1.45039,0.39760295,1.4264454,1.0075324,2.354679,2.0817828,0.0,0.35082567,0.22717758,0.8729011,2.128062,1.9101813,0.24134389,0.0,0.0,0.22793922,0.0,0.88589907,0.8431232,0.27637357,0.7056275,0.8431232,0.8307736,0.70897764,0.4356088,0.39888108,0.8922716,277.59744,277.59744,272.67282,272.67282,277.91248,277.91248,273.6591,273.6591,276.95502,276.95502,273.82413,273.82413,275.15536,275.15536,277.91248,277.91248,277.91248,269.05878,269.05878,269.05878,277.59744,277.59744,277.59744,271.34647,269.69675,266.89053,270.60284,269.69675,271.34647,269.69675,266.89053,270.60284,269.69675,271.34647,269.69675,266.89053,270.60284,269.69675,0.0,0.0,0.0,0.0,0.0,0.0,0.0,0.0,0.0,0.0,0.0,0.0,0.0,0.0,0.0,0.0,0.0,0.0,0.0,0.0,2.1274796,0.97362435,2.3542612,1.7144195,1.5483198,1.4509462,1.4248719,2.3542612,0.37279385,2.1274796,0.89176273,0.8462875,0.45171902,0.7097638,0.8462875,0.8211852131765298,0.7791232544402351,0.18688328720546454,0.7659343885827651,0.895339862073979,2.1274796,0.97362435,2.3542612,1.7144195,1.5483198,1.4509462,1.4248719,2.3542612,0.37279385,2.1274796,0.89176273,0.8462875,0.45171902,0.7097638,0.8462875,0.8211852131765298,0.7791232544402351,0.18688328720546454,0.7659343885827651,0.895339862073979
2012-01-20 07:00:00,0.0,0.0,0.0,0.0,0.0,0.0,0.0,0.0,0.0,0.0,-0.009843672,-0.014115472,0.0,0.0,0.0,0.0,0.0,0.0,0.0,0.0,0.0,0.0,0.0,0.0,-0.0014166697,0.0,0.0,-0.0014166697,0.0,-0.001825178,0.0,0.0,-0.001825178,0.0,-0.001501405,0.0,0.0,-0.0014563503,0.79475397,2.0285892,0.29845363,0.92125016,0.9283988,2.2458644,0.594378,1.6949564,0.8747362,1.5733525,0.60070753,1.4608797,0.41227502,1.4467019,0.9283988,2.2458644,1.9772416,0.0,0.33260477,0.2061257,0.79475397,2.0285892,1.8073082,0.1970663,0.48246437,0.0024733916,0.1886294,0.48246437,0.8059377,1.5190039,0.6537969,0.64108074,1.5190039,0.74665993,1.458951,0.80376786,0.31516406,1.562761,277.06976,277.06976,272.39206,272.39206,277.39035,277.39035,273.58405,273.58405,277.10645,277.10645,273.87558,273.87558,275.24963,275.24963,277.39035,277.39035,277.39035,268.91217,268.91217,268.91217,277.06976,277.06976,277.06976,270.94116,273.4761,269.0583,270.23184,273.4761,270.94116,273.4761,269.0583,270.23184,273.4761,270.94116,273.4761,269.0583,270.23184,273.4761,0.0,0.0,0.0,0.0,0.0,0.01848026,0.0,0.0,0.0,0.0,0.0,0.0023048162,0.0,0.0,0.0023048162,0.0,0.0017954206164762006,0.0,0.0,0.0023048161665951013,2.0280068,0.92365646,2.2454464,1.6963656,1.5732925,1.4614359,1.4451286,2.2454464,0.36330807,2.0280068,0.812797,1.5193294,0.67641056,0.6455559,1.5193294,0.7458709037616692,1.4176630605228673,0.2467644249334408,0.7013588366952638,1.5629299142422655,2.0280068,0.92365646,2.2454464,1.6963656,1.5732925,1.4429556,1.4451286,2.2454464,0.36330807,2.0280068,0.812797,1.5170246,0.67641056,0.6455559,1.5170246,0.7458709037616692,1.415867639906391,0.2467644249334408,0.7013588366952638,1.5606250980756704
2012-01-20 08:00:00,-0.042184927,-0.049962062,0.0,0.0,-0.07819334,-0.09515139,-0.019685498,-0.027131863,-0.2150549,-0.30051202,-0.20645066,-0.27110383,-0.033690147,-0.047559932,-0.07819334,-0.09515139,-0.078968376,0.0,0.0,0.0,-0.042184927,-0.049962062,-0.038728517,0.0,-0.10856056,0.0,0.0,-0.10856056,0.0,-0.13028763,0.0,0.0,-0.13028763,0.0,-0.115265675,0.0,0.0,-0.1116251,0.7325111,1.9493608,0.2598092,0.84493065,0.8783536,2.1770482,0.59451926,1.6951767,0.95231634,1.6839783,0.6893282,1.5834086,0.6842235,1.8221619,0.8783536,2.1770482,1.9111283,0.0,0.3324379,0.20593289,0.7325111,1.9493608,1.7253716,0.14925148,0.568047,0.1720051,0.15099776,0.568047,0.71958846,1.6211538,0.8774783,0.57928956,1.6211538,0.6558264,1.5722991,1.0219587,0.23502101,1.664096,276.64948,276.64948,271.96707,271.96707,277.06015,277.06015,273.58496,273.58496,277.77725,277.77725,274.4766,274.4766,276.99692,276.99692,277.06015,277.06015,277.06015,268.91083,268.91083,268.91083,276.64948,276.64948,276.64948,270.50348,274.0473,270.34302,269.87668,274.0473,270.50348,274.0473,270.34302,269.87668,274.0473,270.50348,274.0473,270.34302,269.87668,274.0473,0.05871156,0.0,0.095096104,0.040554527,0.26756775,0.3393499,0.03920696,0.095096104,0.0,0.05871156,0.0,0.15792795,0.0,0.0,0.15792795,0.0,0.13761269229842035,0.0,0.0,0.15792795174729857,1.9487783,0.84802026,2.1766305,1.6965858,1.6839184,1.5839647,1.8205887,2.1766305,0.3632212,1.9487783,0.7275229,1.6214795,0.8806995,0.5840891,1.6214795,0.6645398424238235,1.5145985148468648,0.5238302938220473,0.639540108977345,1.6642559101917633,1.8900667,0.84802026,2.0815344,1.6560313,1.4163506,1.2446148,1.7813817,2.0815344,0.3632212,1.8900667,0.7275229,1.4635515,0.8806995,0.5840891,1.4635515,0.6645398424238235,1.3769858225484444,0.5238302938220473,0.639540108977345,1.5063279584444649
2012-01-20 09:00:00,-0.103176326,-0.12083148,0.0,0.0,-0.15894659,-0.19086808,-0.0637318,-0.08542869,-0.40573987,-0.5387359,-0.36671123,-0.46326783,-0.2948227,-0.40051374,-0.15894659,-0.19086808,-0.16096164,0.0,0.0,0.0,-0.103176326,-0.12083148,-0.09568141,0.0,-0.3315419,0.0,0.0,-0.3315419,0.0,-0.38575917,0.0,0.0,-0.38575917,0.0,-0.35412976,0.0,0.0,-0.3427472,0.6953516,1.9020609,0.21499316,0.75642276,0.86883485,2.163959,0.6166918,1.7297574,1.0565366,1.8325918,0.73849386,1.651386,1.1689906,2.4914455,0.86883485,2.163959,1.8985533,0.0,0.335127,0.20903984,0.6953516,1.9020609,1.6764548,0.09610905,0.7244476,0.3347311,0.104341395,0.7244476,0.6236181,1.8078314,1.0921803,0.5026797,1.8078314,0.55487233,1.7794409,1.2313906,0.13565825,1.8492844,276.39856,276.39856,271.4742,271.4742,276.99734,276.99734,273.7287,273.7287,278.6784,278.6784,274.81003,274.81003,280.11157,280.11157,276.99734,276.99734,276.99734,268.93246,268.93246,268.93246,276.39856,276.39856,276.39856,270.01703,275.09116,271.57617,269.43634,275.09116,270.01703,275.09116,271.57617,269.43634,275.09116,270.01703,275.09116,271.57617,269.43634,275.09116,0.14163928,0.0,0.19006383,0.12523912,0.48113805,0.5685158,0.3800452,0.19006383,0.0,0.14163928,0.0,0.4546581,0.0,0.0,0.4546581,0.0,0.4170033927542128,0.0,0.0,0.4546580843723257,1.9014783,0.76030487,2.1635413,1.7311664,1.8325318,1.6519423,2.4898722,2.1635413,0.36462116,1.9014783,0.6327474,1.8081568,1.0946994,0.50788146,1.8081568,0.5741467927985785,1.6917464132895828,0.8083266326746101,0.5628961476230013,1.8494274489774973,1.759839,0.76030487,1.9734775,1.6059273,1.3513937,1.0834265,2.109827,1.9734775,0.36462116,1.759839,0.6327474,1.3534987,1.0946994,0.50788146,1.3534987,0.5741467927985785,1.27474302053537,0.8083266326746101,0.5628961476230013,1.3947693646051715
2012-01-20 10:00:00,-0.18663365,-0.2162586,0.0,0.0,-0.3887309,-0.45466462,-0.18624464,-0.2399563,-0.5463557,-0.7074906,-0.7919206,-0.99104476,-0.71908313,-0.9343708,-0.3887309,-0.45466462,-0.3996973,0.0,0.0,0.0,-0.18663365,-0.2162586,-0.17573047,0.0,-0.59677404,0.0,0.0,-0.59677404,0.0,-0.69231755,0.0,0.0,-0.69231755,0.0,-0.6428615,0.0,0.0,-0.6226291,0.6975707,1.9048854,0.17727834,0.681939,0.90778875,2.2175238,0.66814065,1.8099978,1.1361214,1.9460762,0.9723616,1.9747369,1.6146241,3.1067004,0.90778875,2.2175238,1.9500141,0.0,0.3404408,0.21517923,0.6975707,1.9048854,1.679376,0.046557277,0.9003589,0.40270004,0.036120713,0.9003589,0.53413194,2.0177963,1.1818591,0.39066133,2.0177963,0.4607392,2.012423,1.3188682,0.0,2.0575745,276.41354,276.41354,271.05945,271.05945,277.25436,277.25436,274.06223,274.06223,279.36655,279.36655,276.3961,276.3961,282.9748,282.9748,277.25436,277.25436,277.25436,268.97522,268.97522,268.97522,276.41354,276.41354,276.41354,269.56345,276.26523,272.09125,268.79248,276.26523,269.56345,276.26523,272.09125,268.79248,276.26523,269.56345,276.26523,272.09125,268.79248,276.26523,0.25157127,0.0,0.44835207,0.34159696,0.63484126,1.1727746,0.90506357,0.44835207,0.0,0.25157127,0.0,0.79568666,0.0,0.0,0.79568666,0.0,0.7482635969999213,0.0,0.0,0.7926786425451937,1.904303,0.6864882,2.2171059,1.8114066,1.9460163,1.975293,3.105127,2.2171059,0.3673875,1.904303,0.5443755,2.0181217,1.184085,0.44730073,2.0181217,0.4898612283958172,1.8909931301113407,0.9271577850987229,0.45086722859909295,2.057698737975151,1.6527317,0.6864882,1.7687539,1.4698097,1.311175,0.8025185,2.2000635,1.7687539,0.3673875,1.6527317,0.5443755,1.2224351,1.184085,0.44730073,1.2224351,0.4898612283958172,1.1427295331114196,0.9271577850987229,0.45086722859909295,1.2650200954299573
2012-01-20 11:00:00,-0.22683443,-0.26143152,0.0,0.0,-0.30621353,-0.36014646,-0.16640447,-0.21530442,-0.5931037,-0.7595011,-1.0183302,-1.2688459,-1.0169775,-1.2921363,-0.30621353,-0.36014646,-0.31291005,0.0,0.0,0.0,-0.22683443,-0.26143152,-0.21524887,0.0,-0.50969994,0.0,0.0,-0.50969994,0.0,-0.58491254,0.0,0.0,-0.58491254,0.0,-0.5490492,0.0,0.0,-0.5314846,0.6959571,1.9028317,0.15166247,0.6313498,0.8724379,2.1689136,0.6596718,1.7967894,1.147726,1.9626242,1.0920312,2.140195,1.9391857,3.5547998,0.8724379,2.1689136,1.9033134,0.0,0.329745,0.20282155,0.6959571,1.9028317,1.6772519,0.014341757,0.80679286,0.32954827,0.0,0.80679286,0.4759537,1.9061171,1.085342,0.2755103,1.9061171,0.39953965,1.8885013,1.2247202,0.0,1.9467863,276.40265,276.40265,270.77774,270.77774,277.02112,277.02112,274.00732,274.00732,279.4669,279.4669,277.20767,277.20767,285.06012,285.06012,277.02112,277.02112,277.02112,268.88916,268.88916,268.88916,276.40265,276.40265,276.40265,269.26855,275.64075,271.5369,268.1306,275.64075,269.26855,275.64075,271.5369,268.1306,275.64075,269.26855,275.64075,271.5369,268.1306,275.64075,0.30308267,0.0,0.35626847,0.30758473,0.68166727,1.4772563,1.2596271,0.35626847,0.0,0.30308267,0.0,0.6771401,0.0,0.0,0.6771401,0.0,0.6430923622592407,0.0,0.0,0.6757652776400283,1.9022492,0.63635194,2.168496,1.7981985,1.9625641,2.1407511,3.5532265,2.168496,0.36181924,1.9022492,0.4981306,1.9064429,1.0878835,0.39540693,1.9064429,0.44627299021730626,1.7850151314025753,0.7992653876710654,0.39540693085656087,1.946920629564905,1.5991665,0.63635194,1.8122274,1.4906137,1.2808968,0.6634949,2.2935994,1.8122274,0.36181924,1.5991665,0.4981306,1.2293028,1.0878835,0.39540693,1.2293028,0.44627299021730626,1.1419227691433345,0.7992653876710654,0.39540693085656087,1.2711553519248768
2012-01-20 12:00:00,-0.26422757,-0.30264968,0.0,0.0,-0.5078793,-0.5844482,-0.13032825,-0.16928601,-0.5635927,-0.72082686,-0.9251154,-1.1520386,-1.1174825,-1.4164208,-0.5078793,-0.5844482,-0.52857846,0.0,0.0,0.0,-0.26422757,-0.30264968,-0.25276002,0.0,-0.41757026,0.0,0.0,-0.41757026,0.0,-0.4762541,0.0,0.0,-0.4762541,0.0,-0.44873264,0.0,0.0,-0.43418655,0.6866831,1.8910269,0.12884097,0.5862793,0.90005064,2.2068834,0.63590336,1.75972,1.1100849,1.9089494,1.0336679,2.0595002,2.0894833,3.7623043,0.90005064,2.2068834,1.9397917,0.0,0.2893473,0.1561472,0.6866831,1.8910269,1.6650436,0.0,0.7367292,0.24544688,0.0,0.7367292,0.4323696,1.8224903,0.974378,0.2107777,1.8224903,0.35369232,1.7957069,1.11648,0.0,1.8638266,276.34003,276.34003,270.52676,270.52676,277.2033,277.2033,273.85324,273.85324,279.14142,279.14142,276.81186,276.81186,286.0258,286.0258,277.2033,277.2033,277.2033,268.56412,268.56412,268.56412,276.34003,276.34003,276.34003,269.04764,275.17313,270.89957,267.75854,275.17313,269.04764,275.17313,270.89957,267.75854,275.17313,269.04764,275.17313,270.89957,267.75854,275.17313,0.34990466,0.0,0.57328653,0.24322757,0.64502984,1.3504261,1.3838599,0.57328653,0.0,0.34990466,0.0,0.5559287,0.0,0.0,0.5559287,0.0,0.5278567695002985,0.0,0.0,0.5558648084787796,1.8904443,0.591685,2.2064655,1.7611289,1.9088893,2.0600564,3.7607312,2.2064655,0.34222946,1.8904443,0.48120534,1.822816,0.9772823,0.3666934,1.822816,0.43133798388825195,1.7056572232652336,0.6522296140471064,0.36669340535771483,1.863968327596953,1.5405396,0.591685,1.6331791,1.5179013,1.2638595,0.7096305,2.3768713,1.6331791,0.34222946,1.5405396,0.48120534,1.2668872,0.9772823,0.3666934,1.2668872,0.43133798388825195,1.1778004537649351,0.6522296140471064,0.36669340535771483,1.3081035191181734
2012-01-20 13:00:00,-0.20982346,-0.24096015,0.0,0.0,-0.4879661,-0.5607775,-0.09923629,-0.12912303,-0.47468606,-0.6117764,-0.9670108,-1.2150394,-1.0697083,-1.378475,-0.4879661,-0.5607775,-0.50730634,0.0,0.0,0.0,-0.20982346,-0.24096015,-0.19885556,0.0,-0.28786704,0.0,0.0,-0.28786704,0.0,-0.33004427,0.0,0.0,-0.33004427,0.0,-0.30874738,0.0,0.0,-0.29875448,0.657609,1.8540186,0.098274514,0.525913,0.8791677,2.1781676,0.6116077,1.7218282,1.0375236,1.80548,1.0969948,2.1470575,2.1378596,3.829095,0.8791677,2.1781676,1.9122037,0.0,0.22976917,0.08731221,0.657609,1.8540186,1.6267704,0.0,0.6499761,0.14810844,0.0,0.6499761,0.37181914,1.7189432,0.8459489,0.13852155,1.7189432,0.28999746,1.6808085,0.9912032,0.0,1.7611054,276.1437,276.1437,270.1906,270.1906,277.06552,277.06552,273.69574,273.69574,278.514,278.514,277.24133,277.24133,286.3366,286.3366,277.06552,277.06552,277.06552,268.08475,268.08475,268.08475,276.1437,276.1437,276.1437,268.74072,274.59412,270.16193,267.34323,274.59412,268.74072,274.59412,270.16193,267.34323,274.59412,268.74072,274.59412,270.16193,267.34323,274.59412,0.28040633,0.0,0.5503071,0.18638867,0.544287,1.4180119,1.3474935,0.5503071,0.0,0.28040633,0.0,0.3893123,0.0,0.0,0.3893123,0.0,0.36623367919167416,0.0,0.0,0.38931228418859176,1.8534361,0.5318593,2.1777499,1.7232372,1.80542,2.1476135,3.827521,2.1777499,0.3176549,1.8534361,0.45769143,1.7192688,0.8492732,0.33464268,1.7192688,0.41058907400411077,1.6073959434186125,0.48205140660290474,0.3346426861554676,1.76125645490636,1.5730299,0.5318593,1.6274427,1.5368484,1.2611331,0.72960174,2.4800277,1.6274427,0.3176549,1.5730299,0.45769143,1.3299565,0.8492732,0.33464268,1.3299565,0.41058907400411077,1.2411622642269382,0.48205140660290474,0.3346426861554676,1.3719441707177684
2012-01-20 14:00:00,-0.21568006,-0.24601565,0.0,0.0,-0.49131328,-0.5633603,-0.048142537,-0.064546764,-0.35096666,-0.46101275,-0.8607954,-1.1031432,-0.8639694,-1.1586977,-0.49131328,-0.5633603,-0.51126367,0.0,0.0,0.0,-0.21568006,-0.24601565,-0.20509905,0.0,-0.22875859,0.0,0.0,-0.22875859,0.0,-0.26614296,0.0,0.0,-0.26614296,0.0,-0.2443495,0.0,0.0,-0.23649518,0.62496907,1.8124714,0.06391187,0.4580496,0.8698432,2.1653457,0.5949429,1.6958375,0.9377364,1.6631877,1.1207945,2.1799636,2.072745,3.7391953,0.8698432,2.1653457,1.8998854,0.0,0.17479557,0.023797195,0.62496907,1.8124714,1.5838029,0.0,0.63085425,0.04754438,0.0,0.63085425,0.29232746,1.6961195,0.71326387,0.017647102,1.6961195,0.20637776,1.655483,0.86177516,0.0,1.7384638,275.9233,275.9233,269.8127,269.8127,277.004,277.004,273.5877,273.5877,277.65118,277.65118,277.40274,277.40274,285.91824,285.91824,277.004,277.004,277.004,267.64243,267.64243,267.64243,275.9233,275.9233,275.9233,268.3378,274.4665,269.39984,266.64847,274.4665,268.3378,274.4665,269.39984,266.64847,274.4665,268.3378,274.4665,269.39984,266.64847,274.4665,0.28668612,0.0,0.5526489,0.094957024,0.40821013,1.2930597,1.1311835,0.5526489,0.0,0.28668612,0.0,0.31642342,0.0,0.0,0.31642342,0.0,0.2903301985177522,0.0,0.0,0.31642343071210116,1.8118889,0.46460357,2.1649277,1.6972466,1.6631279,2.1805198,3.737622,2.1649277,0.2949796,1.8118889,0.43037295,1.6964451,0.717022,0.2810262,1.6964451,0.38690053335646235,1.5857373405451305,0.30623368303761567,0.28102620637309145,1.7386168590811313,1.5252029,0.46460357,1.6122789,1.6022896,1.2549177,0.88746005,2.6064384,1.6122789,0.2949796,1.5252029,0.43037295,1.3800217,0.717022,0.2810262,1.3800217,0.38690053335646235,1.2954071420273783,0.30623368303761567,0.28102620637309145,1.42219342836903
2012-01-20 15:00:00,-0.25107294,-0.2837156,0.0,0.0,-0.28478244,-0.33116806,-0.009807193,-0.013348284,-0.19608557,-0.26899153,-0.4998794,-0.66860914,-0.4726156,-0.6828584,-0.28478244,-0.33116806,-0.2906781,0.0,0.0,0.0,-0.25107294,-0.2837156,-0.24116278,0.0,-0.0029232623,0.0,0.0,-0.0029232623,0.0,-0.0035155974,0.0,0.0,-0.0035155974,0.0,-0.0031029503,0.0,0.0,-0.0030050732,0.60673726,1.7892644,0.038862076,0.40857834,0.79299915,2.0596793,0.54758024,1.6219702,0.81814915,1.4926618,1.051015,2.0834846,1.811341,3.3782933,0.79299915,2.0596793,1.7983688,0.0,0.1371591,0.0,0.60673726,1.7892644,1.5598025,0.0,0.43725207,0.0,0.0,0.43725207,0.21737538,1.4650393,0.5204849,0.0,1.4650393,0.12753342,1.3990705,0.67372817,0.0,1.5092266,275.8002,275.8002,269.53723,269.53723,276.49698,276.49698,273.28067,273.28067,276.61716,276.61716,276.9295,276.9295,284.2387,284.2387,276.49698,276.49698,276.49698,267.3396,267.3396,267.3396,275.8002,275.8002,275.8002,267.9579,273.17435,268.2926,266.03912,273.17435,267.9579,273.17435,268.2926,266.03912,273.17435,267.9579,273.17435,268.2926,266.03912,273.17435,0.3297831,0.0,0.32764208,0.019951928,0.2380486,0.80289686,0.6630261,0.32764208,0.0,0.3297831,0.0,0.004320045,0.0,0.0,0.004320045,0.0,0.003750807378166007,0.0,0.0,0.004320044863262028,1.788682,0.4155753,2.0592613,1.6233792,1.4926018,2.0840409,3.37672,2.0592613,0.27945548,1.788682,0.40531072,1.4653647,0.59433174,0.23400168,1.4653647,0.3652609548074012,1.3664530497115355,0.22289930767497848,0.2340016850775319,1.5094004251174782,1.4588988,0.4155753,1.7316194,1.6034273,1.2545531,1.2811441,2.7136939,1.7316194,0.27945548,1.4588988,0.40531072,1.4610447,0.59433174,0.23400168,1.4610447,0.3652609548074012,1.3627022423333695,0.22289930767497848,0.2340016850775319,1.505080380254216
2012-01-20 16:00:00,-0.0018503574,-0.0021558816,0.0,0.0,-0.020096455,-0.02392753,0.0,0.0,-0.017364657,-0.026365748,0.0,0.0,-0.03711657,-0.06037337,-0.020096455,-0.02392753,-0.020098707,0.0,0.0,0.0,-0.0018503574,-0.0021558816,-0.0016756163,0.0,0.0,0.0,0.0,0.0,0.0,0.0,0.0,0.0,0.0,0.0,0.0,0.0,0.0,0.0,0.5426686,1.7077118,0.026424598,0.38401538,0.66268724,1.8804903,0.51605844,1.5728086,0.70573014,1.3323572,0.80255413,1.7399573,1.2846429,2.6511183,0.66268724,1.8804903,1.6262174,0.0,0.101931065,0.0,0.5426686,1.7077118,1.4754623,0.0,0.27356294,0.0,0.0,0.27356294,0.15632518,1.2696621,0.2587704,0.0,1.2696621,0.06331288,1.1822755,0.41843778,0.0,1.3154082,275.36758,275.36758,269.40045,269.40045,275.63718,275.63718,273.07632,273.07632,275.6451,275.6451,275.24448,275.24448,280.85464,280.85464,275.63718,275.63718,275.63718,267.05615,267.05615,267.05615,275.36758,275.36758,275.36758,267.64844,272.08185,266.78943,265.59637,272.08185,267.64844,272.08185,266.78943,265.59637,272.08185,267.64844,272.08185,266.78943,265.59637,272.08185,0.0025940281,0.0,0.024021626,0.0,0.023436649,0.0,0.057381906,0.024021626,0.0,0.0025940281,0.0,0.0,0.0,0.0,0.0,0.0,0.0,0.0,0.0,0.0,1.7071294,0.39123225,1.8800724,1.5742182,1.3322971,1.7405134,2.6495452,1.8800724,0.26492476,1.7071294,0.38489696,1.2708659,0.44143507,0.19983372,1.2708659,0.3476350148533903,1.1819278596232756,0.18428613256132945,0.19983372018766488,1.3164776820211892,1.7045354,0.39123225,1.8560507,1.5742182,1.3088604,1.7405134,2.5921633,1.8560507,0.26492476,1.7045354,0.38489696,1.2708659,0.44143507,0.19983372,1.2708659,0.3476350148533903,1.1819278596232756,0.18428613256132945,0.19983372018766488,1.3164776820211892
2012-01-20 17:00:00,0.0,0.0,0.0,0.0,0.0,0.0,0.0,0.0,0.0,0.0,0.0,0.0,0.0,0.0,0.0,0.0,0.0,0.0,0.0,0.0,0.0,0.0,0.0,0.0,0.0,0.0,0.0,0.0,0.0,0.0,0.0,0.0,0.0,0.0,0.0,0.0,0.0,0.0,0.49578306,1.6480316,0.030675864,0.39241126,0.63717437,1.8454078,0.4036091,1.3974314,0.66361016,1.2722958,0.8979471,1.8718495,1.4395996,2.865056,0.63717437,1.8454078,1.592513,0.0,0.07698928,0.0,0.49578306,1.6480316,1.4137422,0.0,0.19602332,0.0,0.0,0.19602332,0.15636735,1.1771123,0.120703,0.0,1.1771123,0.06335722,1.07958,0.2837594,0.0,1.2235966,275.051,275.051,269.4472,269.4472,275.46884,275.46884,272.34735,272.34735,275.2809,275.2809,275.89142,275.89142,281.85025,281.85025,275.46884,275.46884,275.46884,266.85547,266.85547,266.85547,275.051,275.051,275.051,267.64865,271.56433,265.99643,265.51123,271.56433,267.64865,271.56433,265.99643,265.51123,271.56433,267.64865,271.56433,265.99643,265.51123,271.56433,0.0,0.0,0.0,0.0,0.0,0.0,0.0,0.0,0.0,0.0,0.0,0.0,0.0,0.0,0.0,0.0,0.0,0.0,0.0,0.0,1.6474491,0.399553,1.8449901,1.3988472,1.2722358,1.8724059,2.863483,1.8449901,0.25463688,1.6474491,0.38491106,1.1787413,0.36077443,0.19326296,1.1787413,0.3476471826620371,1.0945276869574962,0.16391575422512328,0.19326295770884427,1.225099585281828,1.6474491,0.399553,1.8449901,1.3988472,1.2722358,1.8724059,2.863483,1.8449901,0.25463688,1.6474491,0.38491106,1.1787413,0.36077443,0.19326296,1.1787413,0.3476471826620371,1.0945276869574962,0.16391575422512328,0.19326295770884427,1.225099585281828
2012-01-20 18:00:00,0.0,0.0,0.0,0.0,0.0,0.0,0.0,0.0,0.0,0.0,0.0,0.0,0.0,0.0,0.0,0.0,0.0,0.0,0.0,0.0,0.0,0.0,0.0,0.0,0.0,0.0,0.0,0.0,0.0,0.0,0.0,0.0,0.0,0.0,0.0,0.0,0.0,0.0,0.42594284,1.5591328,0.045388833,0.42146814,0.60974663,1.8076928,0.30655816,1.2460696,0.6619054,1.2698648,0.64649826,1.5241909,0.8591246,2.0636356,0.60974663,1.8076928,1.5562787,0.0,0.064241484,0.0,0.42594284,1.5591328,1.3218043,0.0,0.11304708,0.0,0.0,0.11304708,0.20176369,1.078073,0.0,0.0,1.078073,0.11111098,0.96968377,0.11212144,0.0,1.1253474,274.5794,274.5794,269.609,269.609,275.28787,275.28787,271.7182,271.7182,275.26617,275.26617,274.18613,274.18613,278.12067,278.12067,275.28787,275.28787,275.28787,266.7529,266.7529,266.7529,274.5794,274.5794,274.5794,267.87875,271.01053,264.9858,265.4422,271.01053,267.87875,271.01053,264.9858,265.4422,271.01053,267.87875,271.01053,264.9858,265.4422,271.01053,0.0,0.0,0.0,0.0,0.0,0.0,0.0,0.0,0.0,0.0,0.0,0.0,0.0,0.0,0.0,0.0,0.0,0.0,0.0,0.0,1.5585502,0.4283497,1.8072748,1.2474909,1.2698048,1.5247473,2.0620623,1.8072748,0.24937873,1.5585502,0.40009052,1.0801574,0.25797826,0.1879357,1.0801574,0.3607536508329682,1.0009995036006203,0.13795518278075908,0.1879356943658004,1.1273145680905792,1.5585502,0.4283497,1.8072748,1.2474909,1.2698048,1.5247473,2.0620623,1.8072748,0.24937873,1.5585502,0.40009052,1.0801574,0.25797826,0.1879357,1.0801574,0.3607536508329682,1.0009995036006203,0.13795518278075908,0.1879356943658004,1.1273145680905792
2012-01-20 19:00:00,0.0,0.0,0.0,0.0,0.0,0.0,0.0,0.0,0.0,0.0,0.0,0.0,0.0,0.0,0.0,0.0,0.0,0.0,0.0,0.0,0.0,0.0,0.0,0.0,0.0,0.0,0.0,0.0,0.0,0.0,0.0,0.0,0.0,0.0,0.0,0.0,0.0,0.0,0.392304,1.5163141,0.0582065,0.44678196,0.58178693,1.7692461,0.22056995,1.1119615,0.6830783,1.3000566,0.5951907,1.453252,0.77241266,1.9439183,0.58178693,1.7692461,1.519342,0.0,0.06009969,0.0,0.392304,1.5163141,1.2775222,0.0,0.46111563,0.0,0.0,0.46111563,0.24287921,1.4935224,0.0,0.0,1.4935224,0.15436164,1.4306762,0.09134313,0.0,1.5374827,274.35226,274.35226,269.74997,269.74997,275.1034,275.1034,271.16077,271.16077,275.44925,275.44925,273.83817,273.83817,277.56354,277.56354,275.1034,275.1034,275.1034,266.71957,266.71957,266.71957,274.35226,274.35226,274.35226,268.08716,273.33362,264.86346,265.42856,273.33362,268.08716,273.33362,264.86346,265.42856,273.33362,268.08716,273.33362,264.86346,265.42856,273.33362,0.0,0.0,0.0,0.0,0.0,0.0,0.0,0.0,0.0,0.0,0.0,0.0,0.0,0.0,0.0,0.0,0.0,0.0,0.0,0.0,1.5157317,0.45343685,1.7688282,1.1133876,1.2999966,1.4538082,1.9423451,1.7688282,0.24767034,1.5157317,0.4138386,1.493848,0.24553384,0.18688296,1.493848,0.37262421729706485,1.3934822817528325,0.13481241400069943,0.1868829593019894,1.537653904460345,1.5157317,0.45343685,1.7688282,1.1133876,1.2999966,1.4538082,1.9423451,1.7688282,0.24767034,1.5157317,0.4138386,1.493848,0.24553384,0.18688296,1.493848,0.37262421729706485,1.3934822817528325,0.13481241400069943,0.1868829593019894,1.537653904460345
2012-01-20 20:00:00,0.0,0.0,0.0,0.0,0.0,0.0,0.0,0.0,0.0,0.0,0.0,0.0,0.0,0.0,0.0,0.0,0.0,0.0,0.0,0.0,0.0,0.0,0.0,0.0,0.0,0.0,0.0,0.0,0.0,0.0,0.0,0.0,0.0,0.0,0.0,0.0,0.0,0.0,0.37069166,1.488804,0.067233525,0.46460965,0.5953852,1.7879446,0.15432525,1.0086457,0.6936172,1.3150846,0.51500285,1.3423824,0.43118387,1.4728081,0.5953852,1.7879446,1.5373063,0.0,0.066631004,0.0,0.37069166,1.488804,1.2490716,0.0,0.21858379,0.0,0.0,0.21858379,0.27418104,1.2040399,0.18217848,0.0,1.2040399,0.18728891,1.1094596,0.3437259,0.0,1.2503097,274.20633,274.20633,269.84924,269.84924,275.1931,275.1931,270.73132,270.73132,275.54037,275.54037,273.29434,273.29434,275.37112,275.37112,275.1931,275.1931,275.1931,266.77213,266.77213,266.77213,274.20633,274.20633,274.20633,268.24582,271.7149,266.34952,265.60245,271.7149,268.24582,271.7149,266.34952,265.60245,271.7149,268.24582,271.7149,266.34952,265.60245,271.7149,0.0,0.0,0.0,0.0,0.0,0.0,0.0,0.0,0.0,0.0,0.0,0.0,0.0,0.0,0.0,0.0,0.0,0.0,0.0,0.0,1.4882214,0.47110483,1.7875267,1.0100753,1.3150246,1.3429387,1.4712348,1.7875267,0.25036433,1.4882214,0.4243052,1.2055453,0.39668912,0.20030239,1.2055453,0.38166142260484615,1.1199571274536015,0.17298580530651272,0.20030238747558074,1.2516864191839394,1.4882214,0.47110483,1.7875267,1.0100753,1.3150246,1.3429387,1.4712348,1.7875267,0.25036433,1.4882214,0.4243052,1.2055453,0.39668912,0.20030239,1.2055453,0.38166142260484615,1.1199571274536015,0.17298580530651272,0.20030238747558074,1.2516864191839394
2012-01-20 21:00:00,0.0,0.0,0.0,0.0,0.0,0.0,0.0,0.0,0.0,0.0,0.0,0.0,0.0,0.0,0.0,0.0,0.0,0.0,0.0,0.0,0.0,0.0,0.0,0.0,0.0,0.0,0.0,0.0,0.0,0.0,0.0,0.0,0.0,0.0,0.0,0.0,0.0,0.0,0.39443266,1.5190237,0.07366594,0.4773131,0.6427431,1.8530655,0.13093342,0.97216344,0.72832197,1.3645719,0.60326344,1.4644136,0.19989347,1.1534817,0.6427431,1.8530655,1.5998696,0.0,0.078673296,0.0,0.39443266,1.5190237,1.2803245,0.0,0.0,0.0,0.0,0.0,0.29546425,0.6677267,0.20822984,0.0,0.6677267,0.20967746,0.5143536,0.36913776,0.0,0.7182742,274.36664,274.36664,269.91998,269.91998,275.50558,275.50558,270.57968,270.57968,275.84045,275.84045,273.8929,273.8929,273.88507,273.88507,275.50558,275.50558,275.50558,266.86902,266.86902,266.86902,274.36664,274.36664,274.36664,268.3537,268.71597,266.49915,265.86713,268.71597,268.3537,268.71597,266.49915,265.86713,268.71597,268.3537,268.71597,266.49915,265.86713,268.71597,0.0,0.0,0.0,0.0,0.0,0.0,0.0,0.0,0.0,0.0,0.0,0.0,0.0,0.0,0.0,0.0,0.0,0.0,0.0,0.0,1.5184412,0.48369458,1.8526477,0.9735945,1.3645121,1.4649698,1.1519084,1.8526477,0.2553315,1.5184412,0.43142182,0.7102193,0.41190866,0.22072828,0.7102193,0.3878061659714564,0.6520087076718262,0.1768294060370272,0.22072827384791444,0.7490778222624749,1.5184412,0.48369458,1.8526477,0.9735945,1.3645121,1.4649698,1.1519084,1.8526477,0.2553315,1.5184412,0.43142182,0.7102193,0.41190866,0.22072828,0.7102193,0.3878061659714564,0.6520087076718262,0.1768294060370272,0.22072827384791444,0.7490778222624749
2012-01-20 22:00:00,0.0,0.0,0.0,0.0,0.0,0.0,0.0,0.0,0.0,0.0,0.0,0.0,0.0,0.0,0.0,0.0,0.0,0.0,0.0,0.0,0.0,0.0,0.0,0.0,0.0,0.0,0.0,0.0,0.0,0.0,0.0,0.0,0.0,0.0,0.0,0.0,0.0,0.0,0.4474964,1.5865681,0.08114453,0.4920827,0.7050407,1.9387295,0.0011838004,0.7698046,0.77788556,1.4352477,0.47139895,1.2820948,0.028445506,0.91677564,0.7050407,1.9387295,1.6821692,0.0,0.09579047,0.0,0.4474964,1.5865681,1.3501776,0.0,0.0,0.0,0.0,0.0,0.30507335,0.8719666,0.32850823,0.0,0.8719666,0.21978556,0.74098307,0.4864638,0.0,0.92088497,274.72495,274.72495,270.00223,270.00223,275.91663,275.91663,269.73856,269.73856,276.269,276.269,272.99863,272.99863,272.7835,272.7835,275.91663,275.91663,275.91663,267.00674,267.00674,267.00674,274.72495,274.72495,274.72495,268.4024,269.85803,267.18997,266.17484,269.85803,268.4024,269.85803,267.18997,266.17484,269.85803,268.4024,269.85803,267.18997,266.17484,269.85803,0.0,0.0,0.0,0.0,0.0,0.0,0.0,0.0,0.0,0.0,0.0,0.0,0.0,0.0,0.0,0.0,0.0,0.0,0.0,0.0,1.5859855,0.4983319,1.9383117,0.77124286,1.4351876,1.2827164,0.9152028,1.9383117,0.26239192,1.5859855,0.43463486,0.87499833,0.4821767,0.24447487,0.87499833,0.3905804263429161,0.8063617208005753,0.1945751922366308,0.24447486813965214,0.9238180576906513,1.5859855,0.4983319,1.9383117,0.77124286,1.4351876,1.2827164,0.9152028,1.9383117,0.26239192,1.5859855,0.43463486,0.87499833,0.4821767,0.24447487,0.87499833,0.3905804263429161,0.8063617208005753,0.1945751922366308,0.24447486813965214,0.9238180576906513
2012-01-20 23:00:00,0.0,0.0,0.0,0.0,0.0,0.0,0.0,0.0,0.0,0.0,0.0,0.0,0.0,0.0,0.0,0.0,0.0,0.0,0.0,0.0,0.0,0.0,0.0,0.0,0.0,0.0,0.0,0.0,0.0,0.0,0.0,0.0,0.0,0.0,0.0,0.0,0.0,0.0,0.49454013,1.6464497,0.08940843,0.50840324,0.7598732,2.0141284,0.11351546,0.94499815,0.81462324,1.4876341,0.5377677,1.3738575,0.0,0.83229965,0.7598732,2.0141284,1.7546068,0.0,0.12223422,0.0,0.49454013,1.6464497,1.412106,0.0,0.23544241,0.0,0.0,0.23544241,0.31607923,1.2241621,0.41862798,0.0,1.2241621,0.23136294,1.1317878,0.57437146,0.0,1.270271,275.0426,275.0426,270.0931,270.0931,276.2784,276.2784,270.46677,270.46677,276.58667,276.58667,273.44873,273.44873,272.39038,272.39038,276.2784,276.2784,276.2784,267.2195,267.2195,267.2195,275.0426,275.0426,275.0426,268.4582,271.82742,267.70758,266.3121,271.82742,268.4582,271.82742,267.70758,266.3121,271.82742,268.4582,271.82742,267.70758,266.3121,271.82742,0.0,0.0,0.0,0.0,0.0,0.0,0.0,0.0,0.0,0.0,0.0,0.0,0.0,0.0,0.0,0.0,0.0,0.0,0.0,0.0,1.6458671,0.5145063,2.0137105,0.94643027,1.487574,1.3744138,0.8307272,2.0137105,0.27329934,1.6458671,0.43831497,1.2255751,0.53482574,0.25506815,1.2255751,0.39375796265809676,1.1389596299078255,0.20787140108636687,0.25506816191375065,1.271553799929194,1.6458671,0.5145063,2.0137105,0.94643027,1.487574,1.3744138,0.8307272,2.0137105,0.27329934,1.6458671,0.43831497,1.2255751,0.53482574,0.25506815,1.2255751,0.39375796265809676,1.1389596299078255,0.20787140108636687,0.25506816191375065,1.271553799929194
2012-02-19 00:00:00,0.0,0.0,0.0,0.0,0.0,0.0,0.0,0.0,0.0,0.0,0.0,0.0,0.0,0.0,0.0,0.0,0.0,0.0,0.0,0.0,0.0,0.0,0.0,0.0,0.0,0.0,0.0,0.0,0.0,0.0,0.0,0.0,0.0,0.0,0.0,0.0,0.0,0.0,0.25999498,1.3478991,0.0,0.19283822,0.22552676,1.2793603,0.711582,1.8777492,0.3914532,0.884212,0.2665735,0.9988985,0.3662069,1.3830988,0.22552676,1.2793603,1.048696,0.0,0.0,0.0,0.25999498,1.3478991,1.1033503,0.0,0.0,0.0,0.0,0.0,0.10579933,0.795069,0.0,0.0,0.795069,0.010163091,0.6556557,0.0,0.0,0.8446007,273.45886,273.45886,268.33588,268.33588,272.75278,272.75278,274.34384,274.34384,272.92767,272.92767,271.60953,271.60953,274.95364,274.95364,272.75278,272.75278,272.75278,259.74054,259.74054,259.74054,273.45886,273.45886,273.45886,267.39233,269.42804,264.00253,258.72562,269.42804,267.39233,269.42804,264.00253,258.72562,269.42804,267.39233,269.42804,264.00253,258.72562,269.42804,0.0,0.0,0.0,0.0,0.0,0.0,0.0,0.0,0.0,0.0,0.0,0.0,0.0,0.0,0.0,0.0,0.0,0.0,0.0,0.0,1.3473166,0.32798687,1.2789457,1.8791581,0.8842094,1.00012,1.3815256,1.2789457,0.0025707253,1.3473166,0.36800227,0.79845417,0.15796342,0.0,0.79845417,0.33304755054431157,0.733742990239139,0.11269701114356215,0.0,0.8478941643625699,1.3473166,0.32798687,1.2789457,1.8791581,0.8842094,1.00012,1.3815256,1.2789457,0.0025707253,1.3473166,0.36800227,0.79845417,0.15796342,0.0,0.79845417,0.33304755054431157,0.733742990239139,0.11269701114356215,0.0,0.8478941643625699
2012-02-19 01:00:00,0.0,0.0,0.0,0.0,0.0,0.0,0.0,0.0,0.0,0.0,0.0,0.0,0.0,0.0,0.0,0.0,0.0,0.0,0.0,0.0,0.0,0.0,0.0,0.0,0.0,0.0,0.0,0.0,0.0,0.0,0.0,0.0,0.0,0.0,0.0,0.0,0.0,0.0,0.32069665,1.4251659,0.0,0.179236,0.3888861,1.5039923,0.6607734,1.7985075,0.42898852,0.9377356,0.27209935,1.0065386,0.40749672,1.440105,0.3888861,1.5039923,1.2645059,0.0,0.0,0.0,0.32069665,1.4251659,1.1832583,0.0,0.0,0.0,0.0,0.0,0.17382748,0.9062786,0.0,0.0,0.9062786,0.081724055,0.7790565,0.0,0.0,0.9549233,273.86874,273.86874,268.26013,268.26013,273.83063,273.83063,274.01447,274.01447,273.25223,273.25223,271.647,271.647,275.21893,275.21893,273.83063,273.83063,273.83063,259.11896,259.11896,259.11896,273.86874,273.86874,273.86874,267.73715,270.0499,264.22604,259.19244,270.0499,267.73715,270.0499,264.22604,259.19244,270.0499,267.73715,270.0499,264.22604,259.19244,270.0499,0.0,0.0,0.0,0.0,0.0,0.0,0.0,0.0,0.0,0.0,0.0,0.0,0.0,0.0,0.0,0.0,0.0,0.0,0.0,0.0,1.4245833,0.32433555,1.5035744,1.7999165,0.93767565,1.0077441,1.4385316,1.5035744,0.0,1.4245833,0.3907493,0.90915257,0.18069802,0.0,0.90915257,0.3526881319585491,0.8387644148417215,0.11843850242446935,0.0,0.9576955252104274,1.4245833,0.32433555,1.5035744,1.7999165,0.93767565,1.0077441,1.4385316,1.5035744,0.0,1.4245833,0.3907493,0.90915257,0.18069802,0.0,0.90915257,0.3526881319585491,0.8387644148417215,0.11843850242446935,0.0,0.9576955252104274
2012-02-19 02:00:00,0.0,0.0,0.0,0.0,0.0,0.0,0.0,0.0,0.0,0.0,0.0,0.0,0.0,0.0,0.0,0.0,0.0,0.0,0.0,0.0,0.0,0.0,0.0,0.0,0.0,0.0,0.0,0.0,0.0,0.0,0.0,0.0,0.0,0.0,0.0,0.0,0.0,0.0,0.36060858,1.4759693,0.0,0.18247487,0.46116957,1.6033876,0.6551619,1.7897558,0.42820853,0.93662345,0.24107715,0.96364665,0.41384718,1.4488726,0.46116957,1.6033876,1.3599975,0.0,0.0,0.0,0.36060858,1.4759693,1.2357984,0.0,0.057139747,0.0,0.0,0.057139747,0.17402014,1.011343,0.0,0.0,1.011343,0.08192669,0.8956384,0.09596624,0.0,1.0591495,274.13824,274.13824,268.27817,268.27817,274.30756,274.30756,273.9781,273.9781,273.24548,273.24548,271.4366,271.4366,275.25974,275.25974,274.30756,274.30756,274.30756,259.43353,259.43353,259.43353,274.13824,274.13824,274.13824,267.73813,270.6374,264.8907,259.71832,270.6374,267.73813,270.6374,264.8907,259.71832,270.6374,267.73813,270.6374,264.8907,259.71832,270.6374,0.0,0.0,0.0,0.0,0.0,0.0,0.0,0.0,0.0,0.0,0.0,0.0,0.0,0.0,0.0,0.0,0.0,0.0,0.0,0.0,1.4753869,0.325205,1.6029698,1.7911649,0.93656343,0.964943,1.4472992,1.6029698,0.0,1.4753869,0.39081374,1.013734,0.24830273,0.00083878136,1.013734,0.35274375622664855,0.9379825257031978,0.13551167809444178,0.0008387813695046978,1.0614294407859342,1.4753869,0.325205,1.6029698,1.7911649,0.93656343,0.964943,1.4472992,1.6029698,0.0,1.4753869,0.39081374,1.013734,0.24830273,0.00083878136,1.013734,0.35274375622664855,0.9379825257031978,0.13551167809444178,0.0008387813695046978,1.0614294407859342
2012-02-19 03:00:00,0.0,0.0,0.0,0.0,0.0,0.0,0.0,0.0,0.0,0.0,0.0,0.0,0.0,0.0,0.0,0.0,0.0,0.0,0.0,0.0,0.0,0.0,0.0,0.0,0.0,0.0,0.0,0.0,0.0,0.0,0.0,0.0,0.0,0.0,0.0,0.0,0.0,0.0,0.37484506,1.4940908,0.0,0.29153416,0.49121982,1.6447091,0.64733326,1.7775462,0.42447793,0.93130386,0.2138709,0.92603064,0.40327415,1.4342752,0.49121982,1.6447091,1.3996962,0.0,0.0,0.0,0.37484506,1.4940908,1.2545394,0.0,0.012663542,0.0,0.0,0.012663542,0.17302066,0.95825684,0.0,0.0,0.95825684,0.08087536,0.8367328,0.011422358,0.0,1.0064869,274.23438,274.23438,268.88547,268.88547,274.50583,274.50583,273.92734,273.92734,273.21323,273.21323,271.2521,271.2521,275.1918,275.1918,274.50583,274.50583,274.50583,263.19647,263.19647,263.19647,274.23438,274.23438,274.23438,267.73306,270.34055,264.39288,260.82944,270.34055,267.73306,270.34055,264.39288,260.82944,270.34055,267.73306,270.34055,264.39288,260.82944,270.34055,0.0,0.0,0.0,0.0,0.0,0.0,0.0,0.0,0.0,0.0,0.0,0.0,0.0,0.0,0.0,0.0,0.0,0.0,0.0,0.0,1.4935083,0.35669172,1.6442913,1.7789552,0.9312437,0.92740667,1.4327018,1.6442913,0.073535174,1.4935083,0.39047953,0.9608919,0.19766825,0.009889241,0.9608919,0.35245520533588265,0.8878503474085857,0.12272423874788821,0.009889241275560876,1.0090155507644833,1.4935083,0.35669172,1.6442913,1.7789552,0.9312437,0.92740667,1.4327018,1.6442913,0.073535174,1.4935083,0.39047953,0.9608919,0.19766825,0.009889241,0.9608919,0.35245520533588265,0.8878503474085857,0.12272423874788821,0.009889241275560876,1.0090155507644833
2012-02-19 04:00:00,0.0,0.0,0.0,0.0,0.0,0.0,0.0,0.0,0.0,0.0,0.0,0.0,0.0,0.0,0.0,0.0,0.0,0.0,0.0,0.0,0.0,0.0,0.0,0.0,0.0,0.0,0.0,0.0,0.0,0.0,0.0,0.0,0.0,0.0,0.0,0.0,0.0,0.0,0.39973858,1.5257776,0.031430658,0.3939019,0.50475335,1.6633186,0.64071447,1.7672235,0.43981323,0.95317125,0.25406387,0.9816023,0.37759688,1.3988243,0.50475335,1.6633186,1.4175749,0.0,0.0,0.0,0.39973858,1.5257776,1.2873092,0.0,0.0,0.0,0.0,0.0,0.24684086,0.92934793,0.07962549,0.0,0.92934793,0.15852901,0.8046547,0.24369016,0.0,0.9778086,274.40247,274.40247,269.4555,269.4555,274.59512,274.59512,273.88443,273.88443,273.34583,273.34583,271.5247,271.5247,275.02682,275.02682,274.59512,274.59512,274.59512,263.08792,263.08792,263.08792,274.40247,274.40247,274.40247,268.10724,270.1789,265.7605,261.55316,270.1789,268.10724,270.1789,265.7605,261.55316,270.1789,268.10724,270.1789,265.7605,261.55316,270.1789,0.0,0.0,0.0,0.0,0.0,0.0,0.0,0.0,0.0,0.0,0.0,0.0,0.0,0.0,0.0,0.0,0.0,0.0,0.0,0.0,1.5251951,0.4010303,1.6629009,1.7686324,0.95311123,0.98286057,1.397251,1.6629009,0.07130618,1.5251951,0.41516328,0.93211585,0.33677644,0.015784258,0.93211585,0.3737679913098596,0.8605500340101521,0.15785520410323717,0.01578425780092885,0.9804726932088517,1.5251951,0.4010303,1.6629009,1.7686324,0.95311123,0.98286057,1.397251,1.6629009,0.07130618,1.5251951,0.41516328,0.93211585,0.33677644,0.015784258,0.93211585,0.3737679913098596,0.8605500340101521,0.15785520410323717,0.01578425780092885,0.9804726932088517
2012-02-19 05:00:00,0.0,0.0,0.0,0.0,0.0,0.0,0.0,0.0,0.0,0.0,0.0,0.0,0.0,0.0,0.0,0.0,0.0,0.0,0.0,0.0,0.0,0.0,0.0,0.0,0.0,0.0,0.0,0.0,0.0,0.0,0.0,0.0,0.0,0.0,0.0,0.0,0.0,0.0,0.4153807,1.5456882,0.021540605,0.3743699,0.51942927,1.6834992,0.63023543,1.7508802,0.44722497,0.96374017,0.33638462,1.095421,0.34214458,1.3498777,0.51942927,1.6834992,1.4369631,0.0,0.0,0.0,0.4153807,1.5456882,1.3079004,0.0,0.0,0.0,0.0,0.0,0.3670507,0.9113433,0.0,0.0,0.9113433,0.28498143,0.7846764,0.09435955,0.0,0.9599475,274.5081,274.5081,269.34674,269.34674,274.69196,274.69196,273.8165,273.8165,273.4099,273.4099,272.08298,272.08298,274.79904,274.79904,274.69196,274.69196,274.69196,262.96432,262.96432,262.96432,274.5081,274.5081,274.5081,268.71655,270.07822,264.88123,261.07712,270.07822,268.71655,270.07822,264.88123,261.07712,270.07822,268.71655,270.07822,264.88123,261.07712,270.07822,0.0,0.0,0.0,0.0,0.0,0.0,0.0,0.0,0.0,0.0,0.0,0.0,0.0,0.0,0.0,0.0,0.0,0.0,0.0,0.0,1.5451058,0.38369223,1.6830814,1.7522892,0.9636801,1.096438,1.3483045,1.6830814,0.06876824,1.5451058,0.4558397,0.9141939,0.24734044,0.0119066965,0.9141939,0.4089550741405093,0.8435472524542842,0.13526866030401563,0.01190669664641841,0.9626960484899488,1.5451058,0.38369223,1.6830814,1.7522892,0.9636801,1.096438,1.3483045,1.6830814,0.06876824,1.5451058,0.4558397,0.9141939,0.24734044,0.0119066965,0.9141939,0.4089550741405093,0.8435472524542842,0.13526866030401563,0.01190669664641841,0.9626960484899488
2012-02-19 06:00:00,0.0,0.0,0.0,0.0,0.0,0.0,0.0,0.0,0.0,0.0,0.0,0.0,0.0,0.0,0.0,0.0,0.0,0.0,0.0,0.0,0.0,0.0,0.0,0.0,0.0,0.0,0.0,0.0,0.0,0.0,0.0,0.0,0.0,0.0,0.0,0.0,0.0,0.0,0.4446265,1.5829151,0.055439822,0.44131806,0.5157522,1.678443,0.6122432,1.7228193,0.45420974,0.9737001,0.35106322,1.1157159,0.2943143,1.2838418,0.5157522,1.678443,1.4321052,0.0,0.0,0.0,0.4446265,1.5829151,1.3463995,0.021186266,0.02420897,0.0,0.0,0.02420897,0.48831424,0.9720373,0.046544537,0.0,0.9720373,0.4125421,0.8520239,0.21142124,0.0,1.0201573,274.70557,274.70557,269.71954,269.71954,274.6677,274.6677,273.69986,273.69986,273.4703,273.4703,272.18253,272.18253,274.49173,274.49173,274.6677,274.6677,274.6677,262.97372,262.97372,262.97372,274.70557,274.70557,274.70557,269.3312,270.4176,265.5705,263.09644,270.4176,269.3312,270.4176,265.5705,263.09644,270.4176,269.3312,270.4176,265.5705,263.09644,270.4176,0.0,0.0,0.0,0.0,0.0,0.0,0.0,0.0,0.0,0.0,0.0,0.0,0.0,0.0,0.0,0.0,0.0,0.0,0.0,0.0,1.5823325,0.44802183,1.6780251,1.7242283,0.97364,1.1166899,1.2822686,1.6780251,0.06896125,1.5823325,0.50293064,0.97460896,0.31745017,0.028354824,0.97460896,0.45050859844959634,0.9008639950074235,0.1529744661574523,0.028354824349014783,1.022621500420509,1.5823325,0.44802183,1.6780251,1.7242283,0.97364,1.1166899,1.2822686,1.6780251,0.06896125,1.5823325,0.50293064,0.97460896,0.31745017,0.028354824,0.97460896,0.45050859844959634,0.9008639950074235,0.1529744661574523,0.028354824349014783,1.022621500420509
2012-02-19 07:00:00,-0.023957718,-0.027560676,0.0,0.0,-0.02696508,-0.031040644,-0.029484872,-0.04044991,-0.0075141704,-0.011156641,0.0,0.0,-0.0042259386,-0.006373581,-0.02696508,-0.031040644,-0.026595552,0.0,0.0,0.0,-0.023957718,-0.027560676,-0.021806546,0.0,0.0,0.0,0.0,0.0,0.0,0.0,0.0,0.0,0.0,0.0,0.0,0.0,0.0,0.0,0.46505925,1.6089236,0.12599383,0.5806564,0.5143323,1.6764904,0.60491824,1.7113951,0.47530153,1.0037761,0.4262967,1.2197354,0.2512148,1.2243375,0.5143323,1.6764904,1.4302293,0.0,0.0,0.0,0.46505925,1.6089236,1.3732973,0.04992783,0.17506778,0.0,0.0,0.17506778,0.5402189,1.1521002,0.23533857,0.0,1.1521002,0.46714225,1.0518259,0.3955811,0.0,1.1987839,274.84354,274.84354,270.49545,270.49545,274.65833,274.65833,273.65237,273.65237,273.65268,273.65268,272.69275,272.69275,274.2148,274.2148,274.65833,274.65833,274.65833,262.86838,262.86838,262.86838,274.84354,274.84354,274.84354,269.5943,271.42447,266.65485,265.10916,271.42447,269.5943,271.42447,266.65485,265.10916,271.42447,269.5943,271.42447,266.65485,265.10916,271.42447,0.033741184,0.0,0.031848088,0.060308345,0.009988161,0.0,0.0051803645,0.031848088,0.0,0.033741184,0.0,0.0,0.0,0.0,0.0,0.0,0.0,0.0,0.0,0.0,1.6083412,0.58611244,1.6760726,1.7128042,1.003716,1.220489,1.2227643,1.6760726,0.066798046,1.6083412,0.55038667,1.1538441,0.42774588,0.16223435,1.1538441,0.49559443875787,1.0709072723256252,0.18082900851042816,0.1622343571144137,1.2004041130942769,1.5746,0.58611244,1.6442245,1.6524959,0.9937278,1.220489,1.2175838,1.6442245,0.066798046,1.5746,0.55038667,1.1538441,0.42774588,0.16223435,1.1538441,0.49559443875787,1.0709072723256252,0.18082900851042816,0.1622343571144137,1.2004041130942769
2012-02-19 08:00:00,-0.09335475,-0.10556789,0.0,0.0,-0.116183236,-0.1297623,-0.09124475,-0.1204982,-0.03499566,-0.0491841,0.0,0.0,-0.014668325,-0.020535227,-0.116183236,-0.1297623,-0.115537286,0.0,0.0,0.0,-0.09335475,-0.10556789,-0.086824946,0.0,0.0,0.0,0.0,0.0,0.0,0.0,0.0,0.0,0.0,0.0,0.0,0.0,0.0,0.0,0.50242674,1.6564884,0.19064265,0.7083325,0.5694376,1.7522646,0.6197894,1.7345884,0.51085335,1.0544714,0.47753686,1.2905811,0.29718795,1.2878093,0.5694376,1.7522646,1.5030274,0.0,0.012423545,0.0,0.50242674,1.6564884,1.4224881,0.09703591,0.37047142,0.0,0.0,0.37047142,0.6252918,1.3853309,0.62915355,0.076459676,1.3853309,0.556633,1.3106244,0.7797294,0.0,1.4301542,275.09586,275.09586,271.20642,271.20642,275.0219,275.0219,273.74878,273.74878,273.96008,273.96008,273.04025,273.04025,274.5102,274.5102,275.0219,275.0219,275.0219,266.33597,266.33597,266.33597,275.09586,275.09586,275.09586,270.0255,272.72864,268.91675,266.9865,272.72864,270.0255,272.72864,268.91675,266.9865,272.72864,270.0255,272.72864,268.91675,266.9865,272.72864,0.12745586,0.0,0.13215142,0.175427,0.04387552,0.0,0.01670403,0.13215142,0.0,0.12745586,0.0,0.0,0.0,0.0,0.0,0.0,0.0,0.0,0.0,0.0,1.6559058,0.7126453,1.7518467,1.7359974,1.0544113,1.2911847,1.286236,1.7518467,0.22800508,1.6559058,0.6344003,1.3860028,0.6604786,0.3071138,1.3860028,0.5757232838773626,1.2911600367360563,0.24159348650530235,0.3071137819924089,1.4306814432131945,1.52845,0.7126453,1.6196953,1.5605705,1.0105358,1.2911847,1.269532,1.6196953,0.22800508,1.52845,0.6344003,1.3860028,0.6604786,0.3071138,1.3860028,0.5757232838773626,1.2911600367360563,0.24159348650530235,0.3071137819924089,1.4306814432131945
2012-02-19 09:00:00,-0.16957727,-0.18858717,0.0,0.0,-0.23368119,-0.2548595,-0.19058579,-0.24172151,-0.081415646,-0.10965505,0.0,0.0,-0.029476259,-0.03905398,-0.23368119,-0.2548595,-0.23537223,0.0,0.0,0.0,-0.16957727,-0.18858717,-0.16149445,0.0,0.0,0.0,0.0,0.0,0.0,0.0,0.0,0.0,0.0,0.0,0.0,0.0,0.0,0.0,0.52156234,1.680846,0.21073078,0.7480049,0.6450234,1.8562012,0.64272463,1.7703584,0.560297,1.1249757,0.47740632,1.2904006,0.37154567,1.3904697,0.6450234,1.8562012,1.602882,0.0,0.18946634,0.04074739,0.52156234,1.680846,1.4476782,0.13062163,0.39476943,0.2059493,0.08008034,0.39476943,0.6859447,1.4143325,0.92226464,0.46284303,1.4143325,0.6204355,1.3428051,1.0656457,0.08399012,1.4589245,275.22507,275.22507,271.42734,271.42734,275.52063,275.52063,273.89746,273.89746,274.3876,274.3876,273.03937,273.03937,274.98795,274.98795,275.52063,275.52063,275.52063,267.76047,267.76047,267.76047,275.22507,275.22507,275.22507,270.33295,272.8908,270.60025,269.20737,272.8908,270.33295,272.8908,270.60025,269.20737,272.8908,270.33295,272.8908,270.60025,269.20737,272.8908,0.22501254,0.0,0.2579621,0.34325093,0.097595915,0.0,0.031859525,0.2579621,0.0,0.22501254,0.0,0.0,0.0,0.0,0.0,0.0,0.0,0.0,0.0,0.0,1.6802635,0.7519624,1.8557832,1.7717674,1.1249157,1.2910047,1.3888965,1.8557832,0.30103093,1.6802635,0.69429797,1.4148711,0.92533934,0.48211426,1.4148711,0.6328512375740198,1.3185479667717888,0.5831754640900202,0.5230530869202471,1.4593159051823517,1.455251,0.7519624,1.5978211,1.4285165,1.0273198,1.2910047,1.357037,1.5978211,0.30103093,1.455251,0.69429797,1.4148711,0.92533934,0.48211426,1.4148711,0.6328512375740198,1.3185479667717888,0.5831754640900202,0.5230530869202471,1.4593159051823517
2012-02-19 10:00:00,-0.27174163,-0.29736426,0.0,0.0,-0.437641,-0.4649048,-0.40312544,-0.4898568,-0.16558786,-0.21525632,0.0,0.0,-0.06062048,-0.07787676,-0.437641,-0.4649048,-0.45051047,0.0,0.0,0.0,-0.27174163,-0.29736426,-0.2655053,0.0,0.0,0.0,0.0,0.0,0.0,0.0,0.0,0.0,0.0,0.0,0.0,0.0,0.0,0.0,0.5653927,1.7366372,0.19748856,0.72185254,0.760923,2.015572,0.6974829,1.85576,0.64440644,1.2449124,0.4613328,1.268177,0.5932178,1.6965168,0.760923,2.015572,1.755994,0.0,0.23572774,0.09419661,0.5653927,1.7366372,1.5053766,0.14357385,0.4038686,0.3450485,0.26005775,0.4038686,0.70933515,1.4251932,1.1057931,0.7583662,1.4251932,0.6450407,1.3548566,1.2446693,0.46728298,1.4696984,275.52103,275.52103,271.2817,271.2817,276.28534,276.28534,274.25244,274.25244,275.11487,275.11487,272.93036,272.93036,276.4122,276.4122,276.28534,276.28534,276.28534,268.1327,268.1327,268.1327,275.52103,275.52103,275.52103,270.4515,272.95154,271.65436,270.90598,272.95154,270.4515,272.95154,271.65436,270.90598,272.95154,270.4515,272.95154,271.65436,270.90598,272.95154,0.35016376,0.0,0.46718708,0.6753783,0.19141142,0.0,0.06433514,0.46718708,0.0,0.35016376,0.0,0.0,0.0,0.0,0.0,0.0,0.0,0.0,0.0,0.0,1.7360548,0.7260443,2.0151541,1.857169,1.2448523,1.268828,1.6949435,2.0151541,0.32011268,1.7360548,0.7173973,1.4256818,1.1082678,0.76222557,1.4256818,0.6548824168584663,1.3288042672556253,0.8263646355488,0.8186964974006106,1.4700390100597742,1.385891,0.7260443,1.5479671,1.1817907,1.0534409,1.268828,1.6306083,1.5479671,0.32011268,1.385891,0.7173973,1.4256818,1.1082678,0.76222557,1.4256818,0.6548824168584663,1.3288042672556253,0.8263646355488,0.8186964974006106,1.4700390100597742
2012-02-19 11:00:00,-0.41144934,-0.4438428,0.0,0.0,-0.5187622,-0.5473302,-0.45897713,-0.553239,-0.23849003,-0.3050297,0.0,0.0,-0.08895996,-0.11244544,-0.5187622,-0.5473302,-0.5378472,0.0,0.0,0.0,-0.41144934,-0.4438428,-0.4122283,0.0,0.0,0.0,0.0,0.0,0.0,0.0,0.0,0.0,0.0,0.0,0.0,0.0,0.0,0.0,0.6396711,1.8311855,0.14772475,0.6235731,0.8103855,2.0835867,0.7105181,1.8760898,0.7168549,1.3482203,0.42819566,1.2223608,0.79311216,1.9724969,0.8103855,2.0835867,1.8213375,0.0,0.31203616,0.18236125,0.6396711,1.8311855,1.6031566,0.12032654,0.3884091,0.36528048,0.2490088,0.3884091,0.6673527,1.4067409,1.1324873,0.7402237,1.4067409,0.600878,1.3343813,1.2707083,0.44375235,1.4513935,276.02258,276.02258,270.73444,270.73444,276.6117,276.6117,274.33694,274.33694,275.7413,275.7413,272.70563,272.70563,277.69653,277.69653,276.6117,276.6117,276.6117,268.74667,268.74667,268.74667,276.02258,276.02258,276.02258,270.2387,272.84836,271.80768,270.8017,272.84836,270.2387,272.84836,271.80768,270.8017,272.84836,270.2387,272.84836,271.80768,270.8017,272.84836,0.5153312,0.0,0.54889154,0.75835246,0.27139854,0.0,0.09399322,0.54889154,0.0,0.5153312,0.0,0.0,0.0,0.0,0.0,0.0,0.0,0.0,0.0,0.0,1.830603,0.62864494,2.083169,1.8774989,1.3481605,1.223109,1.9709235,2.083169,0.3526,1.830603,0.6759374,1.4073145,1.1348747,0.7441785,1.4073145,0.6153397107708356,1.3113788642727855,0.861736581856345,0.8005460770008745,1.4518205087579827,1.3152719,0.62864494,1.5342774,1.1191463,1.076762,1.223109,1.8769304,1.5342774,0.3526,1.3152719,0.6759374,1.4073145,1.1348747,0.7441785,1.4073145,0.6153397107708356,1.3113788642727855,0.861736581856345,0.8005460770008745,1.4518205087579827
2012-02-19 12:00:00,-0.48291934,-0.51770955,0.0,0.0,-0.46913105,-0.49721026,-0.44425103,-0.5387006,-0.28502163,-0.362044,0.0,0.0,-0.23626079,-0.2908487,-0.46913105,-0.49721026,-0.48407286,0.0,0.0,0.0,-0.48291934,-0.51770955,-0.48948926,0.0,0.0,0.0,0.0,0.0,0.0,0.0,0.0,0.0,0.0,0.0,0.0,0.0,0.0,0.0,0.6739788,1.8748555,0.104723565,0.5386493,0.7831011,2.0460687,0.71243876,1.8790853,0.76447374,1.4161229,0.434599,1.2312142,0.9608458,2.2040746,0.7831011,2.0460687,1.7852929,0.0,0.3047425,0.17393436,0.6739788,1.8748555,1.6483194,0.06095305,0.3925106,0.36392736,0.2649177,0.3925106,0.56012946,1.4116362,1.1307021,0.7663463,1.4116362,0.48808676,1.3398135,1.2689669,0.47763312,1.45625,276.25424,276.25424,270.26154,270.26154,276.43167,276.43167,274.3494,274.3494,276.15305,276.15305,272.74905,272.74905,278.77423,278.77423,276.43167,276.43167,276.43167,268.688,268.688,268.688,276.25424,276.25424,276.25424,269.69522,272.87573,271.79742,270.95184,272.87573,269.69522,272.87573,271.79742,270.95184,272.87573,269.69522,272.87573,271.79742,270.95184,272.87573,0.59740335,0.0,0.49928492,0.7403042,0.32236797,0.0,0.27064994,0.49928492,0.0,0.59740335,0.0,0.0,0.0,0.0,0.0,0.0,0.0,0.0,0.0,0.0,1.8742731,0.5444816,2.0456507,1.8804944,1.416063,1.2319436,2.2025015,2.0456507,0.34880295,1.8742731,0.5700493,1.4121875,1.1330953,0.7701638,1.4121875,0.5143478775979381,1.3160019303702735,0.8593709421351398,0.8266801327125226,1.4566539886951924,1.2768697,0.5444816,1.5463659,1.1401902,1.0936949,1.2319436,1.9318515,1.5463659,0.34880295,1.2768697,0.5700493,1.4121875,1.1330953,0.7701638,1.4121875,0.5143478775979381,1.3160019303702735,0.8593709421351398,0.8266801327125226,1.4566539886951924
2012-02-19 13:00:00,-0.34710512,-0.37688044,0.0,0.0,-0.43225682,-0.45841223,-0.372378,-0.45206293,-0.29836085,-0.3826081,0.0,0.0,-0.28079015,-0.35232326,-0.43225682,-0.45841223,-0.4456596,0.0,0.0,0.0,-0.34710512,-0.37688044,-0.34371832,0.0,0.0,0.0,0.0,0.0,0.0,0.0,0.0,0.0,0.0,0.0,0.0,0.0,0.0,0.0,0.609205,1.7924055,0.07306099,0.47611842,0.74502605,1.9937123,0.68304014,1.833235,0.8063962,1.4759023,0.47575492,1.2881173,1.0116826,2.2742617,0.74502605,1.9937123,1.7349929,0.0,0.30880842,0.17863204,0.609205,1.7924055,1.563051,0.0,0.39081883,0.37319773,0.22995049,0.39081883,0.44324303,1.409617,1.1429336,0.70893,1.409617,0.36513042,1.3375728,1.280898,0.4031644,1.4542466,275.81686,275.81686,269.91333,269.91333,276.18045,276.18045,274.1588,274.1588,276.51553,276.51553,273.02817,273.02817,279.10086,279.10086,276.18045,276.18045,276.18045,268.7207,268.7207,268.7207,275.81686,275.81686,275.81686,269.10275,272.86444,271.86768,270.62183,272.86444,269.10275,272.86444,271.86768,270.62183,272.86444,269.10275,272.86444,271.86768,270.62183,272.86444,0.44026655,0.0,0.46053228,0.624352,0.3413265,0.0,0.33292228,0.46053228,0.0,0.44026655,0.0,0.0,0.0,0.0,0.0,0.0,0.0,0.0,0.0,0.0,1.791823,0.48251057,1.9932946,1.8346438,1.4758425,1.2887262,2.2726884,1.9932946,0.35091966,1.791823,0.4854279,1.4101775,1.1452867,0.71304893,1.4101775,0.43506399872873713,1.3140949800290578,0.8755783904631589,0.7692383281463108,1.45466024557728,1.3515564,0.48251057,1.5327623,1.2102919,1.134516,1.2887262,1.939766,1.5327623,0.35091966,1.3515564,0.4854279,1.4101775,1.1452867,0.71304893,1.4101775,0.43506399872873713,1.3140949800290578,0.8755783904631589,0.7692383281463108,1.45466024557728
2012-02-19 14:00:00,-0.26930586,-0.29376334,0.0,0.0,-0.35269323,-0.37588888,-0.20998305,-0.26043674,-0.2704331,-0.35351253,-0.0033406732,-0.004300863,-0.4018025,-0.5064874,-0.35269323,-0.37588888,-0.36176628,0.0,0.0,0.0,-0.26930586,-0.29376334,-0.26452574,0.0,0.0,0.0,0.0,0.0,0.0,0.0,0.0,0.0,0.0,0.0,0.0,0.0,0.0,0.0,0.5418233,1.7066361,0.04988154,0.43034086,0.680291,1.9046967,0.63040966,1.7511518,0.8188904,1.4937185,0.49614382,1.3163075,1.1215166,2.4259014,0.680291,1.9046967,1.6494731,0.0,0.2408936,0.100165084,0.5418233,1.7066361,1.4743497,0.0,0.42138565,0.39125508,0.1835334,0.42138565,0.31899932,1.4461012,1.1667585,0.63271296,1.4461012,0.23443463,1.3780565,1.3041382,0.30431122,1.4904398,275.36188,275.36188,269.65842,269.65842,275.75333,275.75333,273.81763,273.81763,276.62357,276.62357,273.16644,273.16644,279.80655,279.80655,275.75333,275.75333,275.75333,268.17426,268.17426,268.17426,275.36188,275.36188,275.36188,268.473,273.06845,272.00452,270.18375,273.06845,268.473,273.06845,272.00452,270.18375,273.06845,268.473,273.06845,272.00452,270.18375,273.06845,0.34591284,0.0,0.37827793,0.366384,0.31594992,0.005519658,0.4871538,0.37827793,0.0,0.34591284,0.0,0.0,0.0,0.0,0.0,0.0,0.0,0.0,0.0,0.0,1.7060536,0.43714297,1.9042789,1.7525609,1.4936585,1.3168638,2.424328,1.9042789,0.32224345,1.7060536,0.4392914,1.4464939,1.1690338,0.6372321,1.4464939,0.39460101797147895,1.348548934166971,0.9071484157901957,0.6929874399876301,1.4906823340725406,1.3601407,0.43714297,1.5260009,1.3861768,1.1777086,1.3113441,1.9371743,1.5260009,0.32224345,1.3601407,0.4392914,1.4464939,1.1690338,0.6372321,1.4464939,0.39460101797147895,1.348548934166971,0.9071484157901957,0.6929874399876301,1.4906823340725406
2012-02-19 15:00:00,-0.09966898,-0.11157012,0.0,0.0,-0.25804922,-0.2770582,-0.08821541,-0.11150709,-0.22925806,-0.30860528,-0.011300759,-0.015148225,-0.2712126,-0.36175123,-0.25804922,-0.2770582,-0.26280722,0.0,0.0,0.0,-0.09966898,-0.11157012,-0.09400934,0.0,-0.008685285,0.0,0.0,-0.008685285,0.0,-0.010568112,0.0,0.0,-0.010568112,0.0,-0.009195758,0.0,0.0,-0.008898752,0.42680147,1.5602257,0.02704063,0.38523197,0.60097706,1.7956339,0.5784665,1.6701407,0.8461551,1.532597,0.50658804,1.330748,1.074926,2.361577,0.60097706,1.7956339,1.5446936,0.0,0.20802855,0.062193673,0.42680147,1.5602257,1.3229349,0.0,0.44522178,0.37454277,0.11053356,0.44522178,0.19974068,1.4745517,1.1447082,0.5128473,1.4745517,0.1089829,1.409626,1.2826291,0.14884551,1.5186633,274.5852,274.5852,269.40723,269.40723,275.23,275.23,273.4809,273.4809,276.8593,276.8593,273.23727,273.23727,279.5072,279.5072,275.23,275.23,275.23,267.90982,267.90982,267.90982,274.5852,274.5852,274.5852,267.8685,273.22754,271.87787,269.49478,273.22754,267.8685,273.22754,271.87787,269.49478,273.22754,267.8685,273.22754,271.87787,269.49478,273.22754,0.13469136,0.0,0.27949065,0.15964313,0.2766682,0.019716695,0.34516624,0.27949065,0.0,0.13469136,0.0,0.013140258,0.0,0.0,0.013140258,0.0,0.011198664843081301,0.0,0.0,0.013140258637059999,1.5596433,0.392438,1.7952161,1.6715498,1.5325369,1.3313042,2.360004,1.7952161,0.30868742,1.5596433,0.3994141,1.4748774,1.1470555,0.5179956,1.4748774,0.3601695960179241,1.3754800570784604,0.8779299489955475,0.5730682445107668,1.518836296835167,1.4249519,0.392438,1.5157255,1.5119066,1.2558687,1.3115875,2.0148377,1.5157255,0.30868742,1.4249519,0.3994141,1.461737,1.1470555,0.5179956,1.461737,0.3601695960179241,1.3642813922353791,0.8779299489955475,0.5730682445107668,1.505696038198107
2012-02-19 16:00:00,-0.07612606,-0.08498479,0.0,0.0,-0.08127615,-0.090221554,0.0,0.0,-0.09759433,-0.14029779,-0.0036371534,-0.005144197,-0.07230631,-0.10422831,-0.08127615,-0.090221554,-0.08103813,0.0,0.0,0.0,-0.07612606,-0.08498479,-0.072086155,0.0,-0.006020426,0.0,0.0,-0.006020426,0.0,-0.007620307,0.0,0.0,-0.007620307,0.0,-0.0063579944,0.0,0.0,-0.0061580585,0.36274177,1.4786847,0.0,0.28588942,0.45487,1.5947253,0.39970183,1.3913375,0.8039926,1.4724752,0.508163,1.3329257,0.9183638,2.1454227,0.45487,1.5947253,1.3516752,0.0,0.11360927,0.0,0.36274177,1.4786847,1.2386065,0.0,0.45605856,0.32104713,0.0,0.45605856,0.10660604,1.4874861,1.0741255,0.3285303,1.4874861,0.011011783,1.4239783,1.213779,0.0,1.5314947,274.15265,274.15265,268.85403,268.85403,274.266,274.266,272.32202,272.32202,276.49475,276.49475,273.24796,273.24796,278.50128,278.50128,274.266,274.266,274.266,267.15012,267.15012,267.15012,274.15265,274.15265,274.15265,267.39642,273.29987,271.47247,268.43536,273.29987,267.39642,273.29987,271.47247,268.43536,273.29987,267.39642,273.29987,271.47247,268.43536,273.29987,0.10297416,0.0,0.091888994,0.0,0.12627247,0.0068378793,0.0939467,0.091888994,0.0,0.10297416,0.0,0.009638937,0.0,0.0,0.009638937,0.0,0.007707345857665605,0.0,0.0,0.009638937571384634,1.4781022,0.35485178,1.5943074,1.3927536,1.4724152,1.3334818,2.1438496,1.5943074,0.26974174,1.4781022,0.36827204,1.4878118,1.0767037,0.41892508,1.4878118,0.333280477166978,1.387754301174623,0.7844026928750405,0.41892507928433953,1.5316664838523335,1.375128,0.35485178,1.5024184,1.3927536,1.3461426,1.3266438,2.049903,1.5024184,0.26974174,1.375128,0.36827204,1.4781729,1.0767037,0.41892508,1.4781729,0.333280477166978,1.3800469553169574,0.7844026928750405,0.41892507928433953,1.522027546280949
2012-02-19 17:00:00,0.0,0.0,0.0,0.0,0.0,0.0,0.0,0.0,0.0,0.0,0.0,0.0,0.0,0.0,0.0,0.0,0.0,0.0,0.0,0.0,0.0,0.0,0.0,0.0,0.0,0.0,0.0,0.0,0.0,0.0,0.0,0.0,0.0,0.0,0.0,0.0,0.0,0.0,0.19512172,1.2653226,0.0,0.18874443,0.27244532,1.3438772,0.28718656,1.2158575,0.74121135,1.3829517,0.47647938,1.289119,0.62500334,1.7404008,0.27244532,1.3438772,1.1106789,0.0,0.0,0.0,0.19512172,1.2653226,1.017951,0.0,0.4605441,0.23158164,0.0,0.4605441,0.0,1.4928402,0.9560841,0.1676757,1.4928402,0.0,1.4299192,1.0986351,0.0,1.536806,273.0208,273.0208,268.31308,268.31308,273.06235,273.06235,271.59262,271.59262,275.9519,275.9519,273.03308,273.03308,276.61642,276.61642,273.06235,273.06235,273.06235,265.87894,265.87894,265.87894,273.0208,273.0208,273.0208,266.83426,273.3298,270.7945,267.5108,273.3298,266.83426,273.3298,270.7945,267.5108,273.3298,266.83426,273.3298,270.7945,267.5108,273.3298,0.0,0.0,0.0,0.0,0.0,0.0,0.0,0.0,0.0,0.0,0.0,0.0,0.0,0.0,0.0,0.0,0.0,0.0,0.0,0.0,1.2647407,0.32688794,1.34346,1.2172799,1.3828918,1.2897258,1.7388275,1.34346,0.20457572,1.2647407,0.33118704,1.4931657,0.9590482,0.3475746,1.4931657,0.30126001958385834,1.3928349060093639,0.6279888474991612,0.34757460614514646,1.536977206832857,1.2647407,0.32688794,1.34346,1.2172799,1.3828918,1.2897258,1.7388275,1.34346,0.20457572,1.2647407,0.33118704,1.4931657,0.9590482,0.3475746,1.4931657,0.30126001958385834,1.3928349060093639,0.6279888474991612,0.34757460614514646,1.536977206832857
2012-02-19 18:00:00,0.0,0.0,0.0,0.0,0.0,0.0,0.0,0.0,0.0,0.0,0.0,0.0,0.0,0.0,0.0,0.0,0.0,0.0,0.0,0.0,0.0,0.0,0.0,0.0,0.0,0.0,0.0,0.0,0.0,0.0,0.0,0.0,0.0,0.0,0.0,0.0,0.0,0.0,0.0,0.8391562,0.0,0.14531253,0.0,0.909547,0.0,0.4271044,0.6145476,1.2023349,0.52266616,1.3529778,0.5868627,1.6877426,0.0,0.909547,0.6934065,0.0,0.0,0.0,0.0,0.8391562,0.57721734,0.0,0.35437182,0.12746972,0.0,0.35437182,0.0,1.3661145,0.8187179,0.0,1.3661145,0.0,1.2893012,0.9646407,0.0,1.4110911,270.7601,270.7601,268.07123,268.07123,270.9783,270.9783,268.3141,268.3141,274.8567,274.8567,273.3463,273.3463,276.37137,276.37137,270.9783,270.9783,270.9783,264.1779,264.1779,264.1779,270.7601,270.7601,270.7601,266.3733,272.6212,270.00552,266.40735,272.6212,266.3733,272.6212,270.00552,266.40735,272.6212,266.3733,272.6212,270.00552,266.40735,272.6212,0.0,0.0,0.0,0.0,0.0,0.0,0.0,0.0,0.0,0.0,0.0,0.0,0.0,0.0,0.0,0.0,0.0,0.0,0.0,0.0,0.838586,0.31522933,0.9091459,0.55357254,1.2022748,1.3535341,1.6861693,0.9091459,0.11737271,0.838586,0.30077776,1.3668748,0.8221313,0.26241848,1.3668748,0.2750036267825434,1.2730130849754588,0.44596836026011655,0.2624184664644314,1.4117085526235442,0.838586,0.31522933,0.9091459,0.55357254,1.2022748,1.3535341,1.6861693,0.9091459,0.11737271,0.838586,0.30077776,1.3668748,0.8221313,0.26241848,1.3668748,0.2750036267825434,1.2730130849754588,0.44596836026011655,0.2624184664644314,1.4117085526235442
2012-02-19 19:00:00,0.0,0.0,0.0,0.0,0.0,0.0,0.0,0.0,0.0,0.0,0.0,0.0,0.0,0.0,0.0,0.0,0.0,0.0,0.0,0.0,0.0,0.0,0.0,0.0,0.0,0.0,0.0,0.0,0.0,0.0,0.0,0.0,0.0,0.0,0.0,0.0,0.0,0.0,0.0,0.79036623,0.0,0.08962101,0.0,0.7792606,0.0,0.26793087,0.5124134,1.0566959,0.5224996,1.3527477,0.592529,1.695566,0.0,0.7792606,0.56823707,0.0,0.0,0.0,0.0,0.79036623,0.52675945,0.0,0.42561516,0.072536394,0.0,0.42561516,0.0,1.4511496,0.7462386,0.0,1.4511496,0.0,1.3836583,0.89394045,0.0,1.495448,270.50128,270.50128,267.7611,267.7611,270.35315,270.35315,267.65247,267.65247,273.97357,273.97357,273.34518,273.34518,276.40778,276.40778,270.35315,270.35315,270.35315,261.88745,261.88745,261.88745,270.50128,270.50128,270.50128,265.7867,273.09668,269.58923,265.24533,273.09668,265.7867,273.09668,269.58923,265.24533,273.09668,265.7867,273.09668,269.58923,265.24533,273.09668,0.0,0.0,0.0,0.0,0.0,0.0,0.0,0.0,0.0,0.0,0.0,0.0,0.0,0.0,0.0,0.0,0.0,0.0,0.0,0.0,0.7897973,0.30027983,0.7788644,0.49386373,1.0566359,1.3533039,1.6939926,0.7788644,0.04665561,0.7897973,0.26208222,1.4515189,0.74988884,0.17274287,1.4515189,0.2415925624969377,1.3533163100200107,0.34992761193582905,0.17274286685652745,1.4956666918673223,0.7897973,0.30027983,0.7788644,0.49386373,1.0566359,1.3533039,1.6939926,0.7788644,0.04665561,0.7897973,0.26208222,1.4515189,0.74988884,0.17274287,1.4515189,0.2415925624969377,1.3533163100200107,0.34992761193582905,0.17274286685652745,1.4956666918673223
2012-02-19 20:00:00,0.0,0.0,0.0,0.0,0.0,0.0,0.0,0.0,0.0,0.0,0.0,0.0,0.0,0.0,0.0,0.0,0.0,0.0,0.0,0.0,0.0,0.0,0.0,0.0,0.0,0.0,0.0,0.0,0.0,0.0,0.0,0.0,0.0,0.0,0.0,0.0,0.0,0.0,0.0,0.7927825,0.0,0.0301207,0.0,0.57094866,0.0,0.16871904,0.4254661,0.932713,0.5160288,1.3438009,0.60243237,1.7092388,0.0,0.57094866,0.36810637,0.0,0.0,0.0,0.0,0.7927825,0.5292584,0.0,0.3533156,0.0,0.0,0.3533156,0.0,1.364854,0.6207956,0.0,1.364854,0.0,1.2879025,0.7715767,0.0,1.4098406,270.5141,270.5141,267.42978,267.42978,269.3536,269.3536,267.24008,267.24008,273.22177,273.22177,273.3013,273.3013,276.4714,276.4714,269.3536,269.3536,269.3536,260.27664,260.27664,260.27664,270.5141,270.5141,270.5141,264.93463,272.61414,268.86874,264.09354,272.61414,264.93463,272.61414,268.86874,264.09354,272.61414,264.93463,272.61414,268.86874,264.09354,272.61414,0.0,0.0,0.0,0.0,0.0,0.0,0.0,0.0,0.0,0.0,0.0,0.0,0.0,0.0,0.0,0.0,0.0,0.0,0.0,0.0,0.79221344,0.2843079,0.57159895,0.45664763,0.93265295,1.3443571,1.7076654,0.57159895,0.0135791,0.79221344,0.2058719,1.3656199,0.6550752,0.08385623,1.3656199,0.1930586503217961,1.2718225294921595,0.23983973787497423,0.08385622976848198,1.4104638102985771,0.79221344,0.2843079,0.57159895,0.45664763,0.93265295,1.3443571,1.7076654,0.57159895,0.0135791,0.79221344,0.2058719,1.3656199,0.6550752,0.08385623,1.3656199,0.1930586503217961,1.2718225294921595,0.23983973787497423,0.08385622976848198,1.4104638102985771
2012-02-19 21:00:00,0.0,0.0,0.0,0.0,0.0,0.0,0.0,0.0,0.0,0.0,0.0,0.0,0.0,0.0,0.0,0.0,0.0,0.0,0.0,0.0,0.0,0.0,0.0,0.0,0.0,0.0,0.0,0.0,0.0,0.0,0.0,0.0,0.0,0.0,0.0,0.0,0.0,0.0,0.0,0.83909297,0.0,0.0,0.0,0.5721762,0.0,0.09046845,0.35498375,0.832208,0.509081,1.3341947,0.57789975,1.6753682,0.0,0.5721762,0.36928564,0.0,0.0,0.0,0.0,0.83909297,0.5771519,0.0,0.20000137,0.0,0.0,0.20000137,0.0,1.1818603,0.42079592,0.0,1.1818603,0.0,1.0848485,0.5764861,0.0,1.2283067,270.75977,270.75977,266.65982,266.65982,269.3595,269.3595,266.91483,266.91483,272.61234,272.61234,273.25418,273.25418,276.31378,276.31378,269.3595,269.3595,269.3595,259.7925,259.7925,259.7925,270.75977,270.75977,270.75977,263.98267,271.59088,267.72003,263.10132,271.59088,263.98267,271.59088,267.72003,263.10132,271.59088,263.98267,271.59088,267.72003,263.10132,271.59088,0.0,0.0,0.0,0.0,0.0,0.0,0.0,0.0,0.0,0.0,0.0,0.0,0.0,0.0,0.0,0.0,0.0,0.0,0.0,0.0,0.8385227,0.24719155,0.572427,0.4272945,0.832287,1.334751,1.673795,0.572427,0.0036379115,0.8385227,0.14307241,1.1834676,0.5360922,0.028394597,1.1834676,0.13883541847510836,1.099011597219274,0.20819124385570198,0.028394596756523057,1.2297875758563792,0.8385227,0.24719155,0.572427,0.4272945,0.832287,1.334751,1.673795,0.572427,0.0036379115,0.8385227,0.14307241,1.1834676,0.5360922,0.028394597,1.1834676,0.13883541847510836,1.099011597219274,0.20819124385570198,0.028394596756523057,1.2297875758563792
2012-02-19 22:00:00,0.0,0.0,0.0,0.0,0.0,0.0,0.0,0.0,0.0,0.0,0.0,0.0,0.0,0.0,0.0,0.0,0.0,0.0,0.0,0.0,0.0,0.0,0.0,0.0,0.0,0.0,0.0,0.0,0.0,0.0,0.0,0.0,0.0,0.0,0.0,0.0,0.0,0.0,0.0,0.8079873,0.0,0.0,0.0,0.63987935,0.0,0.11416099,0.22644937,0.6489237,0.41525406,1.2044675,0.5523697,1.6401209,0.0,0.63987935,0.43432978,0.0,0.0,0.0,0.0,0.8079873,0.54498285,0.0,0.04636707,0.0,0.0,0.04636707,0.0,0.99848485,0.14548977,0.0,0.99848485,0.0,0.8813707,0.30793777,0.0,1.046394,270.59476,270.59476,265.81308,265.81308,269.68436,269.68436,267.0133,267.0133,271.50095,271.50095,272.61786,272.61786,276.14975,276.14975,269.68436,269.68436,269.68436,258.88425,258.88425,258.88425,270.59476,270.59476,270.59476,262.67493,270.5655,266.1388,262.8329,270.5655,262.67493,270.5655,266.1388,262.8329,270.5655,262.67493,270.5655,266.1388,262.8329,270.5655,0.0,0.0,0.0,0.0,0.0,0.0,0.0,0.0,0.0,0.0,0.0,0.0,0.0,0.0,0.0,0.0,0.0,0.0,0.0,0.0,0.8074178,0.20637389,0.63948834,0.43618196,0.6492901,1.2052535,1.6385474,0.63948834,0.0,0.8074178,0.08480959,1.000935,0.37525517,0.026208108,1.000935,0.0848095875819147,0.92583989055751,0.16757278000685893,0.02620810865375533,1.0487341467702522,0.8074178,0.20637389,0.63948834,0.43618196,0.6492901,1.2052535,1.6385474,0.63948834,0.0,0.8074178,0.08480959,1.000935,0.37525517,0.026208108,1.000935,0.0848095875819147,0.92583989055751,0.16757278000685893,0.02620810865375533,1.0487341467702522
2012-02-19 23:00:00,0.0,0.0,0.0,0.0,0.0,0.0,0.0,0.0,0.0,0.0,0.0,0.0,0.0,0.0,0.0,0.0,0.0,0.0,0.0,0.0,0.0,0.0,0.0,0.0,0.0,0.0,0.0,0.0,0.0,0.0,0.0,0.0,0.0,0.0,0.0,0.0,0.0,0.0,0.0,0.7858272,0.0,0.0,0.0,0.76412994,0.0,0.0,0.15777045,0.5509906,0.26551607,0.99743646,0.40026286,1.4301175,0.0,0.76412994,0.5537006,0.0,0.0,0.0,0.0,0.7858272,0.52206534,0.0,0.0,0.0,0.0,0.0,0.0,0.8520136,0.0,0.0,0.8520136,0.0,0.71884274,0.1560831,0.0,0.90109116,270.4772,270.4772,265.29724,265.29724,270.28055,270.28055,266.35098,266.35098,270.9071,270.9071,271.60236,271.60236,275.17245,275.17245,270.28055,270.28055,270.28055,258.16998,258.16998,258.16998,270.4772,270.4772,270.4772,261.8866,269.74646,265.24466,263.043,269.74646,261.8866,269.74646,265.24466,263.043,269.74646,261.8866,269.74646,265.24466,263.043,269.74646,0.0,0.0,0.0,0.0,0.0,0.0,0.0,0.0,0.0,0.0,0.0,0.0,0.0,0.0,0.0,0.0,0.0,0.0,0.0,0.0,0.7852584,0.18150757,0.76373434,0.37640983,0.5515105,0.9986611,1.4285443,0.76373434,0.0,0.7852584,0.062957585,0.85513705,0.28430745,0.027919564,0.85513705,0.06295758700414653,0.7875189898614262,0.14460446309816147,0.027919565064346032,0.9041177202877083,0.7852584,0.18150757,0.76373434,0.37640983,0.5515105,0.9986611,1.4285443,0.76373434,0.0,0.7852584,0.062957585,0.85513705,0.28430745,0.027919564,0.85513705,0.06295758700414653,0.7875189898614262,0.14460446309816147,0.027919565064346032,0.9041177202877083
2012-03-19 00:00:00,0.0,0.0,0.0,0.0,0.0,0.0,0.0,0.0,0.0,0.0,0.0,0.0,0.0,0.0,0.0,0.0,0.0,0.0,0.0,0.0,0.0,0.0,0.0,0.0,0.0,0.0,0.0,0.0,0.0,0.0,0.0,0.0,0.0,0.0,0.0,0.0,0.0,0.0,0.64772487,1.841437,0.11928946,0.5674158,0.7062895,1.9404467,1.1421537,2.5492733,0.9725011,1.7127609,0.8067705,1.7457869,1.2320058,2.5784464,0.7062895,1.9404467,1.6838192,0.0,0.20245686,0.055756293,0.64772487,1.841437,1.6137587,0.01929928,0.8523345,0.6423391,0.4185387,0.8523345,0.4849065,1.960475,1.4980407,1.0185921,1.960475,0.40895742,1.9488181,1.6272887,0.8047955,2.0007105,276.07697,276.07697,270.42172,270.42172,275.92487,275.92487,277.1351,277.1351,277.95178,277.95178,275.27307,275.27307,280.51645,280.51645,275.92487,275.92487,275.92487,267.865,267.865,267.865,276.07697,276.07697,276.07697,269.31393,275.9447,273.90726,272.4017,275.9447,269.31393,275.9447,273.90726,272.4017,275.9447,269.31393,275.9447,273.90726,272.4017,275.9447,0.0,0.0,0.0,0.0,0.0,0.0,0.0,0.0,0.0,0.0,0.0,0.0,0.0,0.0,0.0,0.0,0.0,0.0,0.0,0.0,1.8408546,0.5729905,1.9400289,2.5506823,1.712701,1.7463431,2.576873,1.9400289,0.3063892,1.8408546,0.5016073,1.9608005,1.4996638,1.0210855,1.9608005,0.4493408662238407,1.836598030642144,1.3465535320943784,1.0790384361281098,2.000839896523124,1.8408546,0.5729905,1.9400289,2.5506823,1.712701,1.7463431,2.576873,1.9400289,0.3063892,1.8408546,0.5016073,1.9608005,1.4996638,1.0210855,1.9608005,0.4493408662238407,1.836598030642144,1.3465535320943784,1.0790384361281098,2.000839896523124
2012-03-19 01:00:00,0.0,0.0,0.0,0.0,0.0,0.0,0.0,0.0,0.0,0.0,0.0,0.0,0.0,0.0,0.0,0.0,0.0,0.0,0.0,0.0,0.0,0.0,0.0,0.0,0.0,0.0,0.0,0.0,0.0,0.0,0.0,0.0,0.0,0.0,0.0,0.0,0.0,0.0,0.6243906,1.811735,0.08827069,0.50615627,0.72692275,1.9688191,1.167744,2.5891843,0.9340481,1.6579287,0.80819696,1.7477591,1.1927823,2.5242932,0.72692275,1.9688191,1.711077,0.0,0.19214407,0.043841183,0.6243906,1.811735,1.5830414,0.0,0.6836797,0.6230857,0.432708,0.6836797,0.40701032,1.7591712,1.4726374,1.0418581,1.7591712,0.32701612,1.7254465,1.6025091,0.8349714,1.8010125,275.9194,275.9194,270.0806,270.0806,276.061,276.061,277.301,277.301,277.6193,277.6193,275.28275,275.28275,280.26443,280.26443,276.061,276.061,276.061,267.782,267.782,267.782,275.9194,275.9194,275.9194,268.9191,274.81906,273.76135,272.53543,274.81906,268.9191,274.81906,273.76135,272.53543,274.81906,268.9191,274.81906,273.76135,272.53543,274.81906,0.0,0.0,0.0,0.0,0.0,0.0,0.0,0.0,0.0,0.0,0.0,0.0,0.0,0.0,0.0,0.0,0.0,0.0,0.0,0.0,1.8111526,0.51227945,1.9684012,2.5905933,1.6578686,1.7483153,2.5227196,1.9684012,0.30213547,1.8111526,0.4713574,1.7594968,1.4742607,1.0442293,1.7594968,0.4226480755227351,1.645570396259462,1.312809388876421,1.1023147434712892,1.8011599606040543,1.8111526,0.51227945,1.9684012,2.5905933,1.6578686,1.7483153,2.5227196,1.9684012,0.30213547,1.8111526,0.4713574,1.7594968,1.4742607,1.0442293,1.7594968,0.4226480755227351,1.645570396259462,1.312809388876421,1.1023147434712892,1.8011599606040543
2012-03-19 02:00:00,0.0,0.0,0.0,0.0,0.0,0.0,0.0,0.0,0.0,0.0,0.0,0.0,0.0,0.0,0.0,0.0,0.0,0.0,0.0,0.0,0.0,0.0,0.0,0.0,0.0,0.0,0.0,0.0,0.0,0.0,0.0,0.0,0.0,0.0,0.0,0.0,0.0,0.0,0.59603053,1.775636,0.10758459,0.5442996,0.7283844,1.9708288,1.0799388,2.4522421,0.8766069,1.57602,0.8094164,1.7494452,1.0394641,2.3126175,0.7283844,1.9708288,1.7130079,0.0,0.17273605,0.021417715,0.59603053,1.775636,1.5457083,0.0,0.6327334,0.5947511,0.4070468,0.6327334,0.34653208,1.6983627,1.4352528,0.99972236,1.6983627,0.26339722,1.6579719,1.5660421,0.78032154,1.740689,275.7279,275.7279,270.293,270.293,276.07065,276.07065,276.73178,276.73178,277.12262,277.12262,275.29102,275.29102,279.27936,279.27936,276.07065,276.07065,276.07065,267.62585,267.62585,267.62585,275.7279,275.7279,275.7279,268.61255,274.47903,273.54663,272.29324,274.47903,268.61255,274.47903,273.54663,272.29324,274.47903,268.61255,274.47903,273.54663,272.29324,274.47903,0.0,0.0,0.0,0.0,0.0,0.0,0.0,0.0,0.0,0.0,0.0,0.0,0.0,0.0,0.0,0.0,0.0,0.0,0.0,0.0,1.7750534,0.55008125,1.970411,2.4536512,1.5759599,1.7500014,2.3110442,1.970411,0.29413012,1.7750534,0.4484977,1.6986881,1.4368759,1.0023148,1.6986881,0.40255007353456485,1.5878659119896548,1.263149528662753,1.0601602991364032,1.740841840880311,1.7750534,0.55008125,1.970411,2.4536512,1.5759599,1.7500014,2.3110442,1.970411,0.29413012,1.7750534,0.4484977,1.6986881,1.4368759,1.0023148,1.6986881,0.40255007353456485,1.5878659119896548,1.263149528662753,1.0601602991364032,1.740841840880311
2012-03-19 03:00:00,0.0,0.0,0.0,0.0,0.0,0.0,0.0,0.0,0.0,0.0,0.0,0.0,0.0,0.0,0.0,0.0,0.0,0.0,0.0,0.0,0.0,0.0,0.0,0.0,0.0,0.0,0.0,0.0,0.0,0.0,0.0,0.0,0.0,0.0,0.0,0.0,0.0,0.0,0.5727956,1.7460604,0.11517138,0.55928296,0.72504956,1.9662433,0.814169,2.037745,0.823782,1.5006939,0.8134708,1.7550509,0.81632435,2.0045443,0.72504956,1.9662433,1.7086024,0.0,0.091974825,0.0,0.5727956,1.7460604,1.5151217,0.0,0.6814162,0.56146336,0.34536427,0.6814162,0.28174305,1.7564698,1.3913327,0.8984395,1.7564698,0.19524369,1.722449,1.5232,0.64895797,1.7983327,275.571,275.571,270.37643,270.37643,276.04865,276.04865,275.00888,275.00888,276.66586,276.66586,275.3185,275.3185,277.84567,277.84567,276.04865,276.04865,276.04865,266.97604,266.97604,266.97604,275.571,275.571,275.571,268.28415,274.80396,273.29437,271.7111,274.80396,268.28415,274.80396,273.29437,271.7111,274.80396,268.28415,274.80396,273.29437,271.7111,274.80396,0.0,0.0,0.0,0.0,0.0,0.0,0.0,0.0,0.0,0.0,0.0,0.0,0.0,0.0,0.0,0.0,0.0,0.0,0.0,0.0,1.7454779,0.56493044,1.9658253,2.039154,1.5006341,1.7556071,2.002971,1.9658253,0.26081806,1.7454779,0.42683375,1.7567953,1.3929558,0.9015637,1.7567953,0.3838446751277493,1.6430067883153272,1.2048083682696065,0.9588324034544116,1.7984802379992035,1.7454779,0.56493044,1.9658253,2.039154,1.5006341,1.7556071,2.002971,1.9658253,0.26081806,1.7454779,0.42683375,1.7567953,1.3929558,0.9015637,1.7567953,0.3838446751277493,1.6430067883153272,1.2048083682696065,0.9588324034544116,1.7984802379992035
2012-03-19 04:00:00,0.0,0.0,0.0,0.0,0.0,0.0,0.0,0.0,0.0,0.0,0.0,0.0,0.0,0.0,0.0,0.0,0.0,0.0,0.0,0.0,0.0,0.0,0.0,0.0,0.0,0.0,0.0,0.0,0.0,0.0,0.0,0.0,0.0,0.0,0.0,0.0,0.0,0.0,0.5956961,1.7752103,0.10932172,0.5477303,0.71913844,1.958115,1.0936894,2.473688,0.7701278,1.4241856,0.79364437,1.7276385,0.717491,1.868092,0.71913844,1.958115,1.7007933,0.0,0.001644239,0.0,0.5956961,1.7752103,1.545268,0.0,0.6779412,0.52444655,0.3033642,0.6779412,0.26519203,1.752322,1.3424925,0.82947534,1.752322,0.17783317,1.7178465,1.4755585,0.55951154,1.7942178,275.72565,275.72565,270.3121,270.3121,276.00964,276.00964,276.82092,276.82092,276.20193,276.20193,275.18405,275.18405,277.21066,277.21066,276.00964,276.00964,276.00964,266.24924,266.24924,266.24924,275.72565,275.72565,275.72565,268.20026,274.78076,273.01385,271.3147,274.78076,268.20026,274.78076,273.01385,271.3147,274.78076,268.20026,274.78076,273.01385,271.3147,274.78076,0.0,0.0,0.0,0.0,0.0,0.0,0.0,0.0,0.0,0.0,0.0,0.0,0.0,0.0,0.0,0.0,0.0,0.0,0.0,0.0,1.7746277,0.5534813,1.9576972,2.475097,1.4241254,1.7281946,1.8665186,1.9576972,0.22355887,1.7746277,0.4212995,1.7526475,1.344193,0.8329615,1.7526475,0.37906620284633147,1.6390707437950387,1.1400090352519274,0.8898374340156723,1.794365916424078,1.7746277,0.5534813,1.9576972,2.475097,1.4241254,1.7281946,1.8665186,1.9576972,0.22355887,1.7746277,0.4212995,1.7526475,1.344193,0.8329615,1.7526475,0.37906620284633147,1.6390707437950387,1.1400090352519274,0.8898374340156723,1.794365916424078
2012-03-19 05:00:00,0.0,0.0,0.0,0.0,0.0,0.0,0.0,0.0,0.0,0.0,0.0,0.0,0.0,0.0,0.0,0.0,0.0,0.0,0.0,0.0,0.0,0.0,0.0,0.0,0.0,0.0,0.0,0.0,0.0,0.0,0.0,0.0,0.0,0.0,0.0,0.0,0.0,0.0,0.5982722,1.7784894,0.105162024,0.5395153,0.7069602,1.9413688,0.78324044,1.9895083,0.7261196,1.3614317,0.7721034,1.6978555,0.764889,1.933531,0.7069602,1.9413688,1.684705,0.0,0.0,0.0,0.5982722,1.7784894,1.5486592,0.0,0.65552247,0.4868216,0.25390437,0.65552247,0.2785219,1.7255634,1.2928499,0.7482623,1.7255634,0.19185528,1.6881545,1.4271345,0.45417833,1.7676728,275.74304,275.74304,270.26636,270.26636,275.9293,275.9293,274.80838,274.80838,275.8214,275.8214,275.03796,275.03796,277.5152,277.5152,275.9293,275.9293,275.9293,264.96338,264.96338,264.96338,275.74304,275.74304,275.74304,268.26782,274.63113,272.72873,270.8479,274.63113,268.26782,274.63113,272.72873,270.8479,274.63113,268.26782,274.63113,272.72873,270.8479,274.63113,0.0,0.0,0.0,0.0,0.0,0.0,0.0,0.0,0.0,0.0,0.0,0.0,0.0,0.0,0.0,0.0,0.0,0.0,0.0,0.0,1.7779068,0.54533976,1.9409511,1.9909173,1.3613715,1.6984117,1.9319577,1.9409511,0.15764035,1.7779068,0.4257567,1.725889,1.2947127,0.75217474,1.725889,0.3829147068954617,1.6136780776332305,1.0742287616947237,0.8085881421121419,1.7678231286835004,1.7779068,0.54533976,1.9409511,1.9909173,1.3613715,1.6984117,1.9319577,1.9409511,0.15764035,1.7779068,0.4257567,1.725889,1.2947127,0.75217474,1.725889,0.3829147068954617,1.6136780776332305,1.0742287616947237,0.8085881421121419,1.7678231286835004
2012-03-19 06:00:00,-0.024439193,-0.028433481,0.0,0.0,-0.032729406,-0.038015027,-0.51182324,-0.7188577,-0.044273265,-0.06644011,-0.11552957,-0.16219752,-0.034233924,-0.05129212,-0.032729406,-0.038015027,-0.03202183,0.0,0.0,0.0,-0.024439193,-0.028433481,-0.022204986,0.0,-0.035987567,0.0,0.0,-0.035987567,0.0,-0.046007376,0.0,0.0,-0.046007376,0.0,-0.038142707,0.0,0.0,-0.03697122,0.5942815,1.7734094,0.10625815,0.54168004,0.6376878,1.846114,1.0488359,2.403734,0.6994195,1.3233585,0.7531724,1.6716809,0.65443766,1.7810388,0.6376878,1.846114,1.5931909,0.0,0.0,0.0,0.5942815,1.7734094,1.5434058,0.0,0.629327,0.44359097,0.20135653,0.629327,0.3325339,1.6942966,1.2358109,0.6619787,1.6942966,0.2486721,1.6534601,1.3714956,0.34226862,1.7366554,275.7161,275.7161,270.2784,270.2784,275.47223,275.47223,276.53015,276.53015,275.59055,275.59055,274.90958,274.90958,276.80554,276.80554,275.47223,275.47223,275.47223,264.7383,264.7383,264.7383,275.7161,275.7161,275.7161,268.5416,274.4563,272.40112,270.35196,274.4563,268.5416,274.4563,272.40112,270.35196,274.4563,268.5416,274.4563,272.40112,270.35196,274.4563,0.034543965,0.0,0.039341465,0.9739382,0.0597393,0.20696396,0.043504786,0.039341465,0.0,0.034543965,0.0,0.05743857,0.0,0.0,0.05743857,0.0,0.04547610695097439,0.0,0.0,0.05743856959655676,1.772827,0.5474851,1.8456961,2.4051428,1.3232985,1.6722373,1.7794654,1.8456961,0.14610246,1.772827,0.44381705,1.6946223,1.2378603,0.6663441,1.6946223,0.39850862280546473,1.5840075525585826,0.9986479807210982,0.7222660812645822,1.7368087230204843,1.738283,0.5474851,1.8063546,1.4312047,1.2635592,1.4652733,1.7359606,1.8063546,0.14610246,1.738283,0.44381705,1.6371837,1.2378603,0.6663441,1.6371837,0.39850862280546473,1.5385314456076082,0.9986479807210982,0.7222660812645822,1.6793701534239276
2012-03-19 07:00:00,-0.101264894,-0.11544619,0.0,0.0,-0.1360666,-0.15749542,-1.3299115,-1.8234272,-0.18718588,-0.26287362,-0.25640965,-0.3436842,-0.5683487,-0.7906486,-0.1360666,-0.15749542,-0.13425328,0.0,0.0,0.0,-0.101264894,-0.11544619,-0.093354374,0.0,-0.08596415,0.0,0.0,-0.08596415,0.0,-0.10756266,0.0,0.0,-0.10756266,0.0,-0.09108993,0.0,0.0,-0.08824723,0.5428041,1.7078846,0.1340413,0.59654945,0.7147769,1.9521173,1.2505453,2.7183216,0.74935365,1.3945624,0.73812944,1.6508822,1.1590397,2.4777071,0.7147769,1.9521173,1.6950315,0.0,0.0,0.0,0.5428041,1.7078846,1.4756409,0.0,0.6133553,0.43740135,0.21047825,0.6133553,0.42755303,1.6752332,1.2276442,0.67695653,1.6752332,0.3486256,1.6323072,1.3635294,0.36169493,1.7177441,275.3685,275.3685,270.58395,270.58395,275.98087,275.98087,277.83777,277.83777,276.0223,276.0223,274.80756,274.80756,280.04764,280.04764,275.98087,275.98087,275.98087,266.1823,266.1823,266.1823,275.3685,275.3685,275.3685,269.02322,274.3497,272.35422,270.43805,274.3497,269.02322,274.3497,272.35422,270.43805,274.3497,269.02322,274.3497,272.35422,270.43805,274.3497,0.13969757,0.0,0.16234098,2.3263836,0.23565026,0.43175063,0.77400833,0.16234098,0.0,0.13969757,0.0,0.13317421,0.0,0.0,0.13317421,0.0,0.10895297349471875,0.0,0.0,0.13317421344293978,1.707302,0.6018632,1.9516996,2.7197309,1.3945024,1.6514384,2.4761338,1.9516996,0.22012801,1.707302,0.4793349,1.6755589,1.2297205,0.6812434,1.6755589,0.42968747897552323,1.565917284783099,0.9878265871154657,0.7372506688992488,1.717899084517968,1.5676044,0.6018632,1.7893586,0.39334717,1.1588522,1.2196877,1.7021255,1.7893586,0.22012801,1.5676044,0.4793349,1.5423846,1.2297205,0.6812434,1.5423846,0.42968747897552323,1.4569643112883803,0.9878265871154657,0.7372506688992488,1.5847248710750281
2012-03-19 08:00:00,-0.15722509,-0.17560765,0.0,0.0,-0.22691995,-0.26112753,-1.9573042,-2.6394331,-0.40371597,-0.5380678,-0.3647635,-0.47363114,-1.5335596,-1.9936707,-0.22691995,-0.26112753,-0.22537795,0.0,0.0,0.0,-0.15722509,-0.17560765,-0.14757559,0.0,-0.13062787,0.0,0.0,-0.13062787,0.0,-0.15987071,0.0,0.0,-0.15987071,0.0,-0.13858089,0.0,0.0,-0.13418972,0.48593947,1.635502,0.1552394,0.63841397,0.75898033,2.0129008,1.368027,2.9015477,0.86818916,1.5640167,0.74013627,1.653657,1.5630083,3.035438,0.75898033,2.0129008,1.7534275,0.0,0.12450612,0.0,0.48593947,1.635502,1.4007843,0.031891443,0.59856355,0.4644109,0.23685725,0.59856355,0.50764674,1.6575778,1.2632809,0.72027093,1.6575778,0.43287864,1.6127162,1.3982912,0.41787356,1.7002295,274.98453,274.98453,270.81708,270.81708,276.27252,276.27252,278.59937,278.59937,277.04984,277.04984,274.82117,274.82117,282.64316,282.64316,276.27252,276.27252,276.27252,267.2378,267.2378,267.2378,274.98453,274.98453,274.98453,269.4292,274.25098,272.5589,270.687,274.25098,269.4292,274.25098,272.5589,270.687,274.25098,269.4292,274.25098,272.5589,270.687,274.25098,0.21166912,0.0,0.26830083,3.2566266,0.4826183,0.5881006,1.9903871,0.26830083,0.0,0.21166912,0.0,0.19626354,0.0,0.0,0.19626354,0.0,0.16624563068991666,0.0,0.0,0.1962635371826949,1.6349194,0.64335287,2.012483,2.9029565,1.5639566,1.6542132,3.0338647,2.012483,0.27423644,1.6349194,0.51822007,1.6579036,1.2652406,0.72433037,1.6579036,0.4649152418649858,1.5491632005421347,1.0350478538122618,0.7805843328211237,1.7003861499185864,1.4232503,0.64335287,1.7441821,-0.3536701,1.0813384,1.0661125,1.0434775,1.7441821,0.27423644,1.4232503,0.51822007,1.46164,1.2652406,0.72433037,1.46164,0.4649152418649858,1.382917569852218,1.0350478538122618,0.7805843328211237,1.5041226127358915
2012-03-19 09:00:00,-0.21150108,-0.23356432,0.0,0.0,-0.36020055,-0.41096663,-2.5419843,-3.3809016,-0.6585797,-0.84340036,-0.43487963,-0.55540353,-2.2698455,-2.8157034,-0.36020055,-0.41096663,-0.36130774,0.0,0.0,0.0,-0.21150108,-0.23356432,-0.20187816,0.0,-0.18783426,0.0,0.0,-0.18783426,0.0,-0.22437075,0.0,0.0,-0.22437075,0.0,-0.19989026,0.0,0.0,-0.19346033,0.48227412,1.6308361,0.16702476,0.6616891,0.81115335,2.0846426,1.4705998,3.0615213,0.9951282,1.7450262,0.7482046,1.6648124,1.7921282,3.3517673,0.81115335,2.0846426,1.8223517,0.0,0.18779369,0.038814873,0.48227412,1.6308361,1.395959,0.07337184,0.5976034,0.52294445,0.2776254,0.5976034,0.5825567,1.6564319,1.3405102,0.7872123,1.6564319,0.51167864,1.6114445,1.473625,0.50469637,1.6990926,274.95978,274.95978,270.9467,270.9467,276.61676,276.61676,279.2643,279.2643,278.14743,278.14743,274.8759,274.8759,284.11526,284.11526,276.61676,276.61676,276.61676,267.747,267.747,267.747,274.95978,274.95978,274.95978,269.8089,274.24457,273.00247,271.07178,274.24457,269.8089,274.24457,273.00247,271.07178,274.24457,269.8089,274.24457,273.00247,271.07178,274.24457,0.27968052,0.0,0.42045987,4.0645266,0.75795245,0.6849999,2.8253682,0.42045987,0.0,0.27968052,0.0,0.27256596,0.0,0.0,0.27256596,0.0,0.24013849135019238,0.0,0.0,0.2725659544973538,1.6302539,0.66641957,2.0842247,3.0629303,1.7449661,1.6653686,3.3501942,2.0842247,0.300341,1.6302539,0.5921973,1.6567575,1.3422176,0.7909203,1.6567575,0.5354717238874009,1.5480756092931076,1.1373828935376133,0.8475555064821928,1.6992492979044074,1.3505733,0.66641957,1.6637648,-1.0015961,0.9870137,0.9803687,0.5248259,1.6637648,0.300341,1.3505733,0.5921973,1.3841915,1.3422176,0.7909203,1.3841915,0.5354717238874009,1.3079371179429153,1.1373828935376133,0.8475555064821928,1.4266833434070536
2012-03-19 10:00:00,-0.2783191,-0.3045995,0.0,0.0,-0.49000666,-0.5576137,-3.0955362,-4.085856,-0.9339598,-1.1621809,-0.48422527,-0.6124048,-2.9768236,-3.544874,-0.49000666,-0.5576137,-0.4957173,0.0,0.0,0.0,-0.2783191,-0.3045995,-0.26947358,0.0,-0.25179943,-0.025075145,0.0,-0.25179943,0.0,-0.2944629,-0.030781241,0.0,-0.2944629,0.0,-0.26914147,-0.026102921,0.0,-0.2603841,0.50580275,1.6607859,0.17066555,0.6688793,0.88785845,2.1901183,1.6011591,3.265143,1.0991861,1.8934082,0.7562323,1.6759118,1.9851304,3.6182323,0.88785845,2.1901183,1.923685,0.0,0.24644256,0.1065762,0.50580275,1.6607859,1.4269322,0.09361529,0.60591143,0.5493217,0.30959842,0.60591143,0.6191146,1.6663482,1.3753128,0.83971184,1.6663482,0.55013496,1.622448,1.5075734,0.57278836,1.70893,275.11865,275.11865,270.98672,270.98672,277.12286,277.12286,280.1107,280.1107,279.04718,279.04718,274.93033,274.93033,285.35532,285.35532,277.12286,277.12286,277.12286,268.2189,268.2189,268.2189,275.11865,275.11865,275.11865,269.9942,274.30002,273.20236,271.37354,274.30002,269.9942,274.30002,273.20236,271.37354,274.30002,269.9942,274.30002,273.20236,271.37354,274.30002,0.36212662,0.0,0.5687926,4.799757,1.0544429,0.75204694,3.5683465,0.5687926,0.0,0.36212662,0.0,0.35421726,0.043815326,0.0,0.35421726,0.0,0.3233146558463844,0.04735362611483556,0.0,0.3542172608596712,1.6602032,0.6735454,2.1897004,3.266552,1.8933481,1.676468,3.616659,2.1897004,0.32453227,1.6602032,0.62829995,1.6666739,1.3769361,0.84314436,1.6666739,0.56990501104703,1.5574858631001658,1.1835285958784452,0.9000785843026758,1.7090857746175683,1.2980766,0.6735454,1.6209078,-1.5332048,0.83890516,0.924421,0.04831244,1.6209078,0.32453227,1.2980766,0.62829995,1.3124566,1.3331207,0.84314436,1.3124566,0.56990501104703,1.2341712072537814,1.1361749697636097,0.9000785843026758,1.354868513757897
2012-03-19 11:00:00,-0.3351631,-0.3656125,0.0,0.0,-0.57826716,-0.65783244,-3.4084027,-4.4784517,-0.9718949,-1.2180046,-0.5406692,-0.6770712,-3.4273152,-4.023847,-0.57826716,-0.65783244,-0.587787,0.0,0.0,0.0,-0.3351631,-0.3656125,-0.32838976,0.0,-0.23133177,-0.05938152,0.0,-0.23133177,0.0,-0.27294308,-0.07232443,0.0,-0.27294308,0.0,-0.24675994,-0.06233135,0.0,-0.2387676,0.5259327,1.686409,0.16890897,0.6654102,0.94945776,2.2748218,1.6747429,3.3799052,1.1478955,1.9628658,0.76651907,1.6901345,2.1666768,3.86888,0.94945776,2.2748218,2.005062,0.0,0.28282738,0.14861426,0.5259327,1.686409,1.4534314,0.11396878,0.6079644,0.5579679,0.31765634,0.6079644,0.6558711,1.6687987,1.3867207,0.85294306,1.6687987,0.58880025,1.625167,1.5187011,0.589949,1.7113609,275.25458,275.25458,270.9674,270.9674,277.5293,277.5293,280.5877,280.5877,279.46835,279.46835,275.0001,275.0001,286.52176,286.52176,277.5293,277.5293,277.5293,268.51166,268.51166,268.51166,275.25458,275.25458,275.25458,270.1805,274.31372,273.26788,271.4496,274.31372,270.1805,274.31372,273.26788,271.4496,274.31372,270.1805,274.31372,273.26788,271.4496,274.31372,0.43211842,0.0,0.66999,5.1992397,1.1103876,0.82766366,4.059928,0.66999,0.0,0.43211842,0.0,0.32949862,0.1024315,0.0,0.32949862,0.0,0.29629147959977176,0.11240669198809015,0.0,0.3294986182182731,1.6858265,0.6701074,2.274404,3.381314,1.9628056,1.6906906,3.8673067,2.274404,0.33954012,1.6858265,0.6645989,1.6691244,1.3883438,0.856306,1.6691244,0.6045254356368744,1.5598112367707047,1.198682052370592,0.9133155897566243,1.711516472495504,1.2537081,0.6701074,1.604414,-1.8179255,0.8524181,0.863027,-0.19262154,1.604414,0.33954012,1.2537081,0.6645989,1.3396257,1.2859124,0.856306,1.3396257,0.6045254356368744,1.263519757170933,1.086275360382502,0.9133155897566243,1.382017854277231
2012-03-19 12:00:00,-0.4663923,-0.5157618,0.0,0.0,-0.65018517,-0.74104935,-3.6555302,-4.80729,-1.002038,-1.264362,-0.41497922,-0.5360614,-3.1099606,-3.7023711,-0.65018517,-0.74104935,-0.6625215,0.0,0.0,0.0,-0.4663923,-0.5157618,-0.46100697,0.0,-0.25734857,-0.055833675,0.0,-0.25734857,0.0,-0.30146846,-0.0683741,0.0,-0.30146846,0.0,-0.27495828,-0.058269605,0.0,-0.2660193,0.6381299,1.8292239,0.17929576,0.6859232,1.0203351,2.3722842,1.7731167,3.53333,1.1941768,2.0288606,0.7621812,1.6841367,2.0620103,3.7243745,1.0203351,2.3722842,2.0986962,0.0,0.3149908,0.18577492,0.6381299,1.8292239,1.601128,0.13349879,0.61311764,0.5575732,0.3198648,0.61311764,0.6911405,1.6749495,1.3862001,0.8565694,1.6749495,0.6259012,1.6319921,1.5181932,0.5946524,1.7174627,276.01218,276.01218,271.08163,271.08163,277.99695,277.99695,281.22543,281.22543,279.86853,279.86853,274.97067,274.97067,285.84927,285.84927,277.99695,277.99695,277.99695,268.77045,268.77045,268.77045,276.01218,276.01218,276.01218,270.35928,274.3481,273.2649,271.47043,274.3481,270.35928,274.3481,273.2649,271.47043,274.3481,270.35928,274.3481,273.2649,271.47043,274.3481,0.6023916,0.0,0.7542341,5.5179152,1.1573732,0.66268224,3.7305608,0.7542341,0.0,0.6023916,0.0,0.36265373,0.09707893,0.0,0.36265373,0.0,0.33005319010953726,0.10529302691263386,0.0,0.36265374064562417,1.8286413,0.6904367,2.371866,3.5347388,2.0288007,1.684693,3.7228014,2.371866,0.3541382,1.8286413,0.69942915,1.6752751,1.3878231,0.85991335,1.6752751,0.6377451649157129,1.5656479764738163,1.1979903715432838,0.9169435491165951,1.717617578304933,1.2262497,0.6904367,1.6176319,-1.9831766,0.87142754,1.0220107,-0.0077591618,1.6176319,0.3541382,1.2262497,0.69942915,1.3126214,1.2907442,0.85991335,1.3126214,0.6377451649157129,1.2355947863642789,1.09269734463065,0.9169435491165951,1.3549638376593087
2012-03-19 13:00:00,-0.52046216,-0.5806952,0.0,0.0,-0.6776815,-0.7833116,-3.5176044,-4.6456404,-0.99172944,-1.2603521,-0.44613194,-0.5704663,-3.5793524,-4.2381644,-0.6776815,-0.7833116,-0.7024944,0.0,0.0,0.0,-0.52046216,-0.5806952,-0.5131539,0.0,-0.28620836,-0.06466523,0.0,-0.28620836,0.0,-0.3331754,-0.07962084,0.0,-0.3331754,0.0,-0.30627695,-0.06710378,0.0,-0.29628897,0.71587926,1.9281902,0.17193094,0.6713784,1.0748621,2.4472625,1.7594979,3.5120893,1.2145486,2.05791,0.75787485,1.6781826,2.3359678,4.1026087,1.0748621,2.4472625,2.1707306,0.0,0.31459633,0.18531923,0.71587926,1.9281902,1.7034774,0.11784945,0.6210463,0.5606459,0.3347907,0.6210463,0.66287917,1.6844131,1.3902541,0.88107777,1.6844131,0.59617233,1.6424929,1.5221479,0.6264397,1.7268506,276.53717,276.53717,271.00064,271.00064,278.35672,278.35672,281.13715,281.13715,280.04468,280.04468,274.94147,274.94147,287.60947,287.60947,278.35672,278.35672,278.35672,268.76727,268.76727,268.76727,276.53717,276.53717,276.53717,270.21603,274.40103,273.28818,271.6113,274.40103,270.21603,274.40103,273.28818,271.6113,274.40103,270.21603,274.40103,273.28818,271.6113,274.40103,0.67504394,0.0,0.7976402,5.3518424,1.1558657,0.70307034,4.2841187,0.7976402,0.0,0.67504394,0.0,0.3994387,0.11326057,0.0,0.3994387,0.0,0.36741091520087493,0.12133384475989,0.0,0.39943869613109934,1.9276078,0.6760221,2.446845,3.5134985,2.05785,1.6787388,4.1010356,2.446845,0.35393286,1.9276078,0.67151976,1.6847385,1.3918772,0.884293,1.6847385,0.6111262831753804,1.5746283727872112,1.203375600841611,0.94146281764606,1.7270047277934426,1.2525638,0.6760221,1.6492047,-1.8383437,0.9019843,0.9756685,-0.18308322,1.6492047,0.35393286,1.2525638,0.67151976,1.2852999,1.2786167,0.884293,1.2852999,0.6111262831753804,1.2072174575863364,1.082041756081721,0.94146281764606,1.3275660316623432
2012-03-19 14:00:00,-0.5152505,-0.5794249,0.0,0.0,-0.63313574,-0.74240166,-3.2087193,-4.275533,-0.88097936,-1.148518,-0.35054737,-0.4584356,-2.9697351,-3.663199,-0.63313574,-0.74240166,-0.6640489,0.0,0.0,0.0,-0.5152505,-0.5794249,-0.5040725,0.0,-0.21609539,-0.036931057,0.0,-0.21609539,0.0,-0.25801992,-0.046078734,0.0,-0.25801992,0.0,-0.22998185,-0.03780994,0.0,-0.22258215,0.76637137,1.9924613,0.16016224,0.6481361,1.1022114,2.48487,1.7218139,3.4533172,1.234211,2.0859478,0.7477366,1.6641653,2.2221017,3.9454014,1.1022114,2.48487,2.2068608,0.0,0.31621212,0.187186,0.76637137,1.9924613,1.7699451,0.10176337,0.62204295,0.55385625,0.35166964,0.62204295,0.63382924,1.6856024,1.3812958,0.9087931,1.6856024,0.56561375,1.643813,1.5134094,0.6623863,1.7280307,276.8781,276.8781,270.87122,270.87122,278.53717,278.53717,280.89285,280.89285,280.2147,280.2147,274.8727,274.8727,286.87787,286.87787,278.53717,278.53717,278.53717,268.78027,268.78027,268.78027,276.8781,276.8781,276.8781,270.0688,274.40768,273.23672,271.7706,274.40768,270.0688,274.40768,273.23672,271.7706,274.40768,270.0688,274.40768,273.23672,271.7706,274.40768,0.6731115,0.0,0.75718284,4.9698644,1.0560313,0.570162,3.697424,0.75718284,0.0,0.6731115,0.0,0.31264582,0.066025496,0.0,0.31264582,0.0,0.27564563258503044,0.06883440017769656,0.0,0.31264583056497863,1.9918787,0.65298796,2.4844522,3.4547262,2.0858877,1.6647215,3.943828,2.4844522,0.35477403,1.9918787,0.64283144,1.6859283,1.382919,0.9118628,1.6859283,0.5837645225454051,1.5757573960838203,1.191475867424862,0.9691904133401255,1.7281848884557813,1.3187673,0.65298796,1.7272693,-1.5151379,1.0298563,1.0945596,0.2464044,1.7272693,0.35477403,1.3187673,0.64283144,1.3732826,1.3168935,0.9118628,1.3732826,0.5837645225454051,1.3001117634987898,1.1226414672471654,0.9691904133401255,1.4155390578908027
2012-03-19 15:00:00,-0.3906813,-0.4461725,0.0,0.0,-0.5254573,-0.6258498,-2.6668382,-3.6111023,-0.6731588,-0.9078745,-0.36279193,-0.47012678,-1.3666548,-1.9682711,-0.5254573,-0.6258498,-0.5549759,0.0,0.0,0.0,-0.3906813,-0.4461725,-0.37365836,0.0,-0.23411292,0.0,0.0,-0.23411292,0.0,-0.2787577,0.0,0.0,-0.2787577,0.0,-0.24927863,0.0,0.0,-0.24124527,0.803418,2.0396175,0.16472709,0.65715134,1.1221877,2.512339,1.6548207,3.348834,1.2024356,2.0406373,0.73402995,1.6452142,2.17591,3.881628,1.1221877,2.512339,2.233251,0.0,0.29298466,0.16034967,0.803418,2.0396175,1.8187132,0.12149674,0.6310142,0.53891575,0.3801052,0.6310142,0.6694659,1.6963105,1.3615834,0.95548403,1.6963105,0.603101,1.6556948,1.4941809,0.7229447,1.7386533,277.12827,277.12827,270.92142,270.92142,278.66898,278.66898,280.45856,280.45856,279.93994,279.93994,274.77975,274.77975,286.5811,286.5811,278.66898,278.66898,278.66898,268.59338,268.59338,268.59338,277.12827,277.12827,277.12827,270.24942,274.46756,273.1235,272.03897,274.46756,270.24942,274.46756,273.1235,272.03897,274.46756,270.24942,274.46756,273.1235,272.03897,274.46756,0.5215795,0.0,0.6400192,4.270015,0.8342687,0.5837594,1.9833884,0.6400192,0.0,0.5215795,0.0,0.33708072,0.0,0.0,0.33708072,0.0,0.29855069000478096,0.0,0.0,0.3370807270249466,2.039035,0.66192245,2.5119214,3.3502429,2.0405774,1.6457704,3.8800547,2.5119214,0.34372976,2.039035,0.6780244,1.6966362,1.3632214,0.9583088,1.6966362,0.6173301725285809,1.5859186057533017,1.1653058909611251,1.015902382024726,1.738806334416828,1.5174555,0.66192245,1.8719022,-0.91977185,1.2063087,1.062011,1.8966663,1.8719022,0.34372976,1.5174555,0.6780244,1.3595554,1.3632214,0.9583088,1.3595554,0.6173301725285809,1.2873679157485207,1.1653058909611251,1.015902382024726,1.4017256073918816
2012-03-19 16:00:00,-0.28997505,-0.33504486,0.0,0.0,-0.23429818,-0.28418422,-1.7165244,-2.3925645,-0.37278125,-0.5294247,-0.23191571,-0.30934325,-1.5965724,-2.2324853,-0.23429818,-0.28418422,-0.2438197,0.0,0.0,0.0,-0.28997505,-0.33504486,-0.27305698,0.0,-0.15754761,0.0,0.0,-0.15754761,0.0,-0.19104868,0.0,0.0,-0.19104868,0.0,-0.16729815,0.0,0.0,-0.16196549,0.8375086,2.0830114,0.15392405,0.6358162,1.1062075,2.490365,1.516894,3.1337218,1.1282825,1.9348985,0.7004744,1.5988195,2.111755,3.7930534,1.1062075,2.490365,2.21214,0.0,0.25908414,0.121181905,0.8375086,2.0830114,1.8635905,0.07389526,0.6041556,0.5183375,0.3507287,0.6041556,0.58350194,1.6642526,1.334432,0.907248,1.6642526,0.5126729,1.6201227,1.467696,0.6603824,1.7068511,277.35846,277.35846,270.8026,270.8026,278.56354,278.56354,279.56442,279.56442,279.29877,279.29877,274.5522,274.5522,286.16888,286.16888,278.56354,278.56354,278.56354,268.32062,268.32062,268.32062,277.35846,277.35846,277.35846,269.8137,274.2883,272.96756,271.76172,274.2883,269.8137,274.2883,272.96756,271.76172,274.2883,269.8137,274.2883,272.96756,271.76172,274.2883,0.39341176,0.0,0.29261956,2.9359539,0.48529294,0.38967034,2.2481856,0.29261956,0.0,0.39341176,0.0,0.23346108,0.0,0.0,0.23346108,0.0,0.200702773937638,0.0,0.0,0.23346107840983513,2.082429,0.6407784,2.4899473,3.1351311,1.9348384,1.5993757,3.79148,2.4899473,0.3297466,2.082429,0.59313077,1.6645782,1.336159,0.9103258,1.6645782,0.5363620443887285,1.5554971248162304,1.129328453534462,0.9676446795571807,1.707006959505926,1.689017,0.6407784,2.1973276,0.19917727,1.4495455,1.2097054,1.5432945,2.1973276,0.3297466,1.689017,0.59313077,1.431117,1.336159,0.9103258,1.431117,0.5363620443887285,1.3547943508785925,1.129328453534462,0.9676446795571807,1.4735458810960909
2012-03-19 17:00:00,-0.09807728,-0.11526525,0.0,0.0,-0.080162436,-0.09741512,0.0,0.0,-0.10132028,-0.15244605,0.0,0.0,-0.631322,-0.9801987,-0.080162436,-0.09741512,-0.08129067,0.0,0.0,0.0,-0.09807728,-0.11526525,-0.0902062,0.0,-0.0063742306,0.0,0.0,-0.0063742306,0.0,-0.008233196,0.0,0.0,-0.008233196,0.0,-0.0067598503,0.0,0.0,-0.0065538874,0.8423762,2.0892072,0.14166695,0.61160946,1.0730075,2.4447122,1.3721696,2.9080086,1.0295506,1.794111,0.67131513,1.5585033,2.0272324,3.6763597,1.0730075,2.4447122,2.1682801,0.0,0.21027394,0.06478792,0.8423762,2.0892072,1.8699982,0.040379547,0.5689889,0.48032188,0.2804709,0.5689889,0.52297556,1.6222782,1.2842739,0.79188454,1.6222782,0.44900343,1.5735466,1.4187689,0.5107563,1.6652116,277.39133,277.39133,270.66782,270.66782,278.34448,278.34448,278.62622,278.62622,278.44507,278.44507,274.35443,274.35443,285.62582,285.62582,278.34448,278.34448,278.34448,267.9279,267.9279,267.9279,277.39133,277.39133,277.39133,269.5069,274.0536,272.67947,271.09863,274.0536,269.5069,274.0536,272.67947,271.09863,274.0536,269.5069,274.0536,272.67947,271.09863,274.0536,0.13684966,0.0,0.100763924,0.0,0.13918711,0.0,0.9847295,0.100763924,0.0,0.13684966,0.0,0.010390332,0.0,0.0,0.010390332,0.0,0.008094287376042505,0.0,0.0,0.010390331839879042,2.0886247,0.6167884,2.4442947,2.9094174,1.794051,1.5590595,3.6747863,2.4442947,0.3096136,2.0886247,0.533358,1.6226038,1.286165,0.79556805,1.6226038,0.479353178147663,1.5156653900721013,1.0628652423196483,0.8522298904306176,1.6653711078818634,1.951775,0.6167884,2.3435307,2.9094174,1.654864,1.5590595,2.6900566,2.3435307,0.3096136,1.951775,0.533358,1.6122134,1.286165,0.79556805,1.6122134,0.479353178147663,1.5075711026960588,1.0628652423196483,0.8522298904306176,1.6549807760419843
2012-03-19 18:00:00,0.0,0.0,0.0,0.0,0.0,0.0,0.0,0.0,0.0,0.0,0.0,0.0,0.0,0.0,0.0,0.0,0.0,0.0,0.0,0.0,0.0,0.0,0.0,0.0,0.0,0.0,0.0,0.0,0.0,0.0,0.0,0.0,0.0,0.0,0.0,0.0,0.0,0.0,0.81538105,2.0548453,0.14831859,0.6247459,1.0322311,2.3886418,0.8263757,2.0567827,0.9069421,1.6192766,0.67062664,1.5575513,1.5716577,3.0473793,1.0322311,2.3886418,2.114412,0.0,0.10162763,0.0,0.81538105,2.0548453,1.8344617,0.02180304,0.5747913,0.38865364,0.24005845,0.5747913,0.489428,1.6292038,1.1633261,0.7255274,1.6292038,0.41371378,1.5812316,1.3007901,0.42469105,1.6720818,277.20905,277.20905,270.74097,270.74097,278.07544,278.07544,275.088,275.088,277.38492,277.38492,274.34976,274.34976,282.69873,282.69873,278.07544,278.07544,278.07544,267.0537,267.0537,267.0537,277.20905,277.20905,277.20905,269.33685,274.09232,271.9848,270.71722,274.09232,269.33685,274.09232,271.9848,270.71722,274.09232,269.33685,274.09232,271.9848,270.71722,274.09232,0.0,0.0,0.0,0.0,0.0,0.0,0.0,0.0,0.0,0.0,0.0,0.0,0.0,0.0,0.0,0.0,0.0,0.0,0.0,0.0,2.0542629,0.62980723,2.3882241,2.0581915,1.6192168,1.5581076,3.0458062,2.3882241,0.26479962,2.0542629,0.5033632,1.6295295,1.1656126,0.7295591,1.6295295,0.45089027771066476,1.5222375486197932,0.9026001918024021,0.7858430147631017,1.6722409421961182,2.0542629,0.62980723,2.3882241,2.0581915,1.6192168,1.5581076,3.0458062,2.3882241,0.26479962,2.0542629,0.5033632,1.6295295,1.1656126,0.7295591,1.6295295,0.45089027771066476,1.5222375486197932,0.9026001918024021,0.7858430147631017,1.6722409421961182
2012-03-19 19:00:00,0.0,0.0,0.0,0.0,0.0,0.0,0.0,0.0,0.0,0.0,0.0,0.0,0.0,0.0,0.0,0.0,0.0,0.0,0.0,0.0,0.0,0.0,0.0,0.0,0.0,0.0,0.0,0.0,0.0,0.0,0.0,0.0,0.0,0.0,0.0,0.0,0.0,0.0,0.80494094,2.0415561,0.17774731,0.6828652,1.0022966,2.3474793,0.71150666,1.8776317,0.79000205,1.4525253,0.676274,1.5653595,1.2886707,2.6566796,1.0022966,2.3474793,2.0748658,0.0,0.014338955,0.0,0.80494094,2.0415561,1.8207184,0.07874944,0.5996929,0.40548676,0.15272446,0.5996929,0.59226805,1.6589259,1.1855359,0.5821247,1.6589259,0.52189434,1.6142119,1.3224547,0.23869832,1.7015668,277.13855,277.13855,271.0646,271.0646,277.87793,277.87793,274.34335,274.34335,276.37378,276.37378,274.38806,274.38806,280.88052,280.88052,277.87793,277.87793,277.87793,266.35138,266.35138,266.35138,277.13855,277.13855,277.13855,269.85812,274.2585,272.11237,269.89297,274.2585,269.85812,274.2585,272.11237,269.89297,274.2585,269.85812,274.2585,272.11237,269.89297,274.2585,0.0,0.0,0.0,0.0,0.0,0.0,0.0,0.0,0.0,0.0,0.0,0.0,0.0,0.0,0.0,0.0,0.0,0.0,0.0,0.0,2.0409737,0.68740606,2.3470616,1.8790407,1.4524652,1.5659157,2.655106,2.3470616,0.22879513,2.0409737,0.6017878,1.6592516,1.1877497,0.5869094,1.6592516,0.5446187746430797,1.5504424150112284,0.9320298764293007,0.6423766101460483,1.7017233044305022,2.0409737,0.68740606,2.3470616,1.8790407,1.4524652,1.5659157,2.655106,2.3470616,0.22879513,2.0409737,0.6017878,1.6592516,1.1877497,0.5869094,1.6592516,0.5446187746430797,1.5504424150112284,0.9320298764293007,0.6423766101460483,1.7017233044305022
2012-03-19 20:00:00,0.0,0.0,0.0,0.0,0.0,0.0,0.0,0.0,0.0,0.0,0.0,0.0,0.0,0.0,0.0,0.0,0.0,0.0,0.0,0.0,0.0,0.0,0.0,0.0,0.0,0.0,0.0,0.0,0.0,0.0,0.0,0.0,0.0,0.0,0.0,0.0,0.0,0.0,0.7803729,2.0102837,0.20109327,0.72897154,0.96221876,2.2923694,0.6052101,1.7118503,0.70620304,1.3330314,0.6805669,1.571295,1.1521573,2.4682052,0.96221876,2.2923694,2.0219202,0.0,0.0,0.0,0.7803729,2.0102837,1.7883769,0.1009499,0.59935915,0.37934706,0.0,0.59935915,0.6323601,1.6585276,1.1510469,0.0,1.6585276,0.5640684,1.6137701,1.2888123,0.0,1.7011716,276.97266,276.97266,271.32135,271.32135,277.6135,277.6135,273.65427,273.65427,275.6492,275.6492,274.41718,274.41718,280.00342,280.00342,277.6135,277.6135,277.6135,263.0651,263.0651,263.0651,276.97266,276.97266,276.97266,270.06134,274.2563,271.91428,266.44952,274.2563,270.06134,274.2563,271.91428,266.44952,274.2563,270.06134,274.2563,271.91428,266.44952,274.2563,0.0,0.0,0.0,0.0,0.0,0.0,0.0,0.0,0.0,0.0,0.0,0.0,0.0,0.0,0.0,0.0,0.0,0.0,0.0,0.0,2.0097013,0.7330995,2.2919514,1.7132595,1.3329715,1.5718511,2.466632,2.2919514,0.07083744,2.0097013,0.64138067,1.6588532,1.1533736,0.26567322,1.6588532,0.582380839728055,1.5500643475770428,0.8863293781247078,0.26567323124784714,1.7013281130160494,2.0097013,0.7330995,2.2919514,1.7132595,1.3329715,1.5718511,2.466632,2.2919514,0.07083744,2.0097013,0.64138067,1.6588532,1.1533736,0.26567322,1.6588532,0.582380839728055,1.5500643475770428,0.8863293781247078,0.26567323124784714,1.7013281130160494
2012-03-19 21:00:00,0.0,0.0,0.0,0.0,0.0,0.0,0.0,0.0,0.0,0.0,0.0,0.0,0.0,0.0,0.0,0.0,0.0,0.0,0.0,0.0,0.0,0.0,0.0,0.0,0.0,0.0,0.0,0.0,0.0,0.0,0.0,0.0,0.0,0.0,0.0,0.0,0.0,0.0,0.7433218,1.9631217,0.22253281,0.7713129,0.9217153,2.236674,0.51638323,1.5733151,0.71248543,1.34199,0.6910876,1.5858412,1.0509158,2.328428,0.9217153,2.236674,1.9684123,0.0,0.0,0.0,0.7433218,1.9631217,1.7396027,0.103763714,0.59948254,0.38519034,0.0,0.59948254,0.63744164,1.658675,1.1587566,0.18426767,1.658675,0.5694138,1.6139333,1.2963327,0.0,1.7013179,276.72247,276.72247,271.55713,271.55713,277.34625,277.34625,273.07843,273.07843,275.70352,275.70352,274.48853,274.48853,279.35294,279.35294,277.34625,277.34625,277.34625,261.26953,261.26953,261.26953,276.72247,276.72247,276.72247,270.0871,274.2571,271.95856,267.60617,274.2571,270.0871,274.2571,271.95856,267.60617,274.2571,270.0871,274.2571,271.95856,267.60617,274.2571,0.0,0.0,0.0,0.0,0.0,0.0,0.0,0.0,0.0,0.0,0.0,0.0,0.0,0.0,0.0,0.0,0.0,0.0,0.0,0.0,1.9625392,0.7750617,2.2362561,1.5747247,1.3419299,1.5863974,2.3268547,2.2362561,0.033967186,1.9625392,0.6463989,1.6590005,1.1610581,0.35493433,1.6590005,0.5871670212765937,1.5502041807376319,0.8965452806112221,0.35493433114382544,1.701474279703587,1.9625392,0.7750617,2.2362561,1.5747247,1.3419299,1.5863974,2.3268547,2.2362561,0.033967186,1.9625392,0.6463989,1.6590005,1.1610581,0.35493433,1.6590005,0.5871670212765937,1.5502041807376319,0.8965452806112221,0.35493433114382544,1.701474279703587
2012-03-19 22:00:00,0.0,0.0,0.0,0.0,0.0,0.0,0.0,0.0,0.0,0.0,0.0,0.0,0.0,0.0,0.0,0.0,0.0,0.0,0.0,0.0,0.0,0.0,0.0,0.0,0.0,0.0,0.0,0.0,0.0,0.0,0.0,0.0,0.0,0.0,0.0,0.0,0.0,0.0,0.70446295,1.9136586,0.23851119,0.80286884,0.8855921,2.187002,0.4353145,1.4468794,0.6850548,1.3028752,0.70642316,1.6070445,1.0379157,2.3104796,0.8855921,2.187002,1.9206909,0.0,0.0,0.0,0.70446295,1.9136586,1.6884489,0.08868113,0.6110372,0.3732138,0.0,0.6110372,0.61020386,1.672466,1.1429546,0.2761156,1.672466,0.54076153,1.6292365,1.2809186,0.0,1.7149991,276.46008,276.46008,271.73285,271.73285,277.1079,277.1079,272.5529,272.5529,275.46634,275.46634,274.59253,274.59253,279.2694,279.2694,277.1079,277.1079,277.1079,257.08798,257.08798,257.08798,276.46008,276.46008,276.46008,269.94904,274.33423,271.8678,268.1341,274.33423,269.94904,274.33423,271.8678,268.1341,274.33423,269.94904,274.33423,271.8678,268.1341,274.33423,0.0,0.0,0.0,0.0,0.0,0.0,0.0,0.0,0.0,0.0,0.0,0.0,0.0,0.0,0.0,0.0,0.0,0.0,0.0,0.0,1.913076,0.8063351,2.186584,1.4482934,1.302815,1.6076007,2.3089063,2.186584,0.0,1.913076,0.6195002,1.6727918,1.1453078,0.39567542,1.6727918,0.5615121808434314,1.563291528767591,0.8756065528407924,0.3956754136245127,1.715154398940878,1.913076,0.8063351,2.186584,1.4482934,1.302815,1.6076007,2.3089063,2.186584,0.0,1.913076,0.6195002,1.6727918,1.1453078,0.39567542,1.6727918,0.5615121808434314,1.563291528767591,0.8756065528407924,0.3956754136245127,1.715154398940878
2012-03-19 23:00:00,0.0,0.0,0.0,0.0,0.0,0.0,0.0,0.0,0.0,0.0,0.0,0.0,0.0,0.0,0.0,0.0,0.0,0.0,0.0,0.0,0.0,0.0,0.0,0.0,0.0,0.0,0.0,0.0,0.0,0.0,0.0,0.0,0.0,0.0,0.0,0.0,0.0,0.0,0.67118573,1.8713001,0.24873142,0.823053,0.84905267,2.1367571,0.40102935,1.393408,0.62373114,1.2154303,0.7199903,1.6258026,0.87288463,2.082633,0.84905267,2.1367571,1.8724195,0.0,0.0,0.0,0.67118573,1.8713001,1.6446426,0.0,0.62898856,0.42499796,0.0,0.62898856,0.3963777,1.6938928,1.2112792,0.29381195,1.6938928,0.31583133,1.653012,1.3475662,0.0,1.7362547,276.23538,276.23538,271.84525,271.84525,276.86682,276.86682,272.33063,272.33063,274.9361,274.9361,274.68454,274.68454,278.20908,278.20908,276.86682,276.86682,276.86682,259.51514,259.51514,259.51514,276.23538,276.23538,276.23538,268.8652,274.45404,272.26022,268.2358,274.45404,268.8652,274.45404,272.26022,268.2358,274.45404,268.8652,274.45404,272.26022,268.2358,274.45404,0.0,0.0,0.0,0.0,0.0,0.0,0.0,0.0,0.0,0.0,0.0,0.0,0.0,0.0,0.0,0.0,0.0,0.0,0.0,0.0,1.8707178,0.8263385,2.1363392,1.3948239,1.2153702,1.6263589,2.0810597,2.1363392,0.0,1.8707178,0.46722838,1.6942184,1.2134088,0.403525,1.6942184,0.4190045859278865,1.5836243061184492,0.966141556337751,0.4035250019191038,1.7364081180250115,1.8707178,0.8263385,2.1363392,1.3948239,1.2153702,1.6263589,2.0810597,2.1363392,0.0,1.8707178,0.46722838,1.6942184,1.2134088,0.403525,1.6942184,0.4190045859278865,1.5836243061184492,0.966141556337751,0.4035250019191038,1.7364081180250115
2012-04-07 00:00:00,0.0,0.0,0.0,0.0,0.0,0.0,0.0,0.0,0.0,0.0,0.0,0.0,0.0,0.0,0.0,0.0,0.0,0.0,0.0,0.0,0.0,0.0,0.0,0.0,0.0,0.0,0.0,0.0,0.0,0.0,0.0,0.0,0.0,0.0,0.0,0.0,0.0,0.0,0.82916564,2.0723915,0.3766194,1.0756211,0.74630266,1.9954678,0.5474437,1.6217573,1.2602403,2.1230648,0.8434986,1.7965679,1.5430307,3.0078564,0.74630266,1.9954678,1.7366792,0.0,0.17413943,0.02303911,0.82916564,2.0723915,1.8526077,0.41668385,0.70010847,0.24451259,0.0,0.70010847,1.2025472,1.7787802,0.9731453,0.0,1.7787802,1.1638654,1.7472053,1.1152774,0.0,1.8204651,277.30212,277.30212,273.25168,273.25168,276.18887,276.18887,273.2798,273.2798,280.43976,280.43976,275.52216,275.52216,282.5148,282.5148,276.18887,276.18887,276.18887,267.63715,267.63715,267.63715,277.30212,277.30212,277.30212,272.95148,274.9287,270.8925,264.63123,274.9287,272.95148,274.9287,270.8925,264.63123,274.9287,272.95148,274.9287,270.8925,264.63123,274.9287,0.0,0.0,0.0,0.0,0.0,0.0,0.0,0.0,0.0,0.0,0.0,0.0,0.0,0.0,0.0,0.0,0.0,0.0,0.0,0.0,2.071809,1.0768086,1.99505,1.6231663,2.1230047,1.7971241,3.006283,1.99505,0.29470897,2.071809,1.2044684,1.779106,0.9760536,0.12535095,1.779106,1.1194312394588701,1.6641785646297205,0.6505961961443694,0.12535094808903396,1.820610957208561,2.071809,1.0768086,1.99505,1.6231663,2.1230047,1.7971241,3.006283,1.99505,0.29470897,2.071809,1.2044684,1.779106,0.9760536,0.12535095,1.779106,1.1194312394588701,1.6641785646297205,0.6505961961443694,0.12535094808903396,1.820610957208561
2012-04-07 01:00:00,0.0,0.0,0.0,0.0,0.0,0.0,0.0,0.0,0.0,0.0,0.0,0.0,0.0,0.0,0.0,0.0,0.0,0.0,0.0,0.0,0.0,0.0,0.0,0.0,0.0,0.0,0.0,0.0,0.0,0.0,0.0,0.0,0.0,0.0,0.0,0.0,0.0,0.0,0.819277,2.0598042,0.42524827,1.1716591,0.65977794,1.8764898,0.52228653,1.5825219,1.2503862,2.109013,0.7609977,1.6825006,1.3553195,2.7486966,0.65977794,1.8764898,1.6223739,0.10415599,0.56826615,0.47840238,0.819277,2.0598042,1.8395902,0.5269793,0.65902036,0.26396737,0.0,0.65902036,1.401731,1.7297385,0.9988141,0.0,1.7297385,1.3733928,1.6927872,1.1403162,0.0,1.7718145,277.23535,277.23535,273.78647,273.78647,275.61798,275.61798,273.1167,273.1167,280.35455,280.35455,274.96265,274.96265,281.30875,281.30875,275.61798,275.61798,275.61798,270.80832,270.80832,270.80832,277.23535,277.23535,277.23535,273.9611,274.65448,271.03992,264.33234,274.65448,273.9611,274.65448,271.03992,264.33234,274.65448,273.9611,274.65448,271.03992,264.33234,274.65448,0.0,0.0,0.0,0.0,0.0,0.0,0.0,0.0,0.0,0.0,0.0,0.0,0.0,0.0,0.0,0.0,0.0,0.0,0.0,0.0,2.0592217,1.1728466,1.8760718,1.5839312,2.108953,1.6830567,2.7471235,1.8760718,0.57095855,2.0592217,1.4031644,1.730064,1.0016385,0.10228498,1.730064,1.3090317355264087,1.6176400171832577,0.6846093077311031,0.10228498116517415,1.7719645181637251,2.0592217,1.1728466,1.8760718,1.5839312,2.108953,1.6830567,2.7471235,1.8760718,0.57095855,2.0592217,1.4031644,1.730064,1.0016385,0.10228498,1.730064,1.3090317355264087,1.6176400171832577,0.6846093077311031,0.10228498116517415,1.7719645181637251
2012-04-07 02:00:00,0.0,0.0,0.0,0.0,0.0,0.0,0.0,0.0,0.0,0.0,0.0,0.0,0.0,0.0,0.0,0.0,0.0,0.0,0.0,0.0,0.0,0.0,0.0,0.0,0.0,0.0,0.0,0.0,0.0,0.0,0.0,0.0,0.0,0.0,0.0,0.0,0.0,0.0,0.763854,1.9892569,0.45613104,1.23265,0.54834634,1.7232627,0.50729764,1.5591452,1.1778181,2.0055337,0.74127924,1.6552371,1.2712436,2.6326191,0.54834634,1.7232627,1.4751645,0.16730607,0.6675326,0.5930923,0.763854,1.9892569,1.7666314,0.53079665,0.6211468,0.2681354,0.0,0.6211468,1.4086248,1.6845331,1.0043135,0.0,1.6845331,1.3806444,1.6426263,1.1456807,0.0,1.7269697,276.8611,276.8611,274.1261,274.1261,274.88275,274.88275,273.01953,273.01953,279.72708,279.72708,274.82892,274.82892,280.76855,280.76855,274.88275,274.88275,274.88275,271.60703,271.60703,271.60703,276.8611,276.8611,276.8611,273.99603,274.4017,271.0715,265.50662,274.4017,273.99603,274.4017,271.0715,265.50662,274.4017,273.99603,274.4017,271.0715,265.50662,274.4017,0.0,0.0,0.0,0.0,0.0,0.0,0.0,0.0,0.0,0.0,0.0,0.0,0.0,0.0,0.0,0.0,0.0,0.0,0.0,0.0,1.9886744,1.2338376,1.7228447,1.5605552,2.0054736,1.6557934,2.631046,1.7228447,0.66959655,1.9886744,1.4100581,1.6848587,1.0071198,0.19290733,1.6848587,1.3156106714249205,1.5747423109180618,0.6918963229437443,0.1929073357969081,1.7271238265758808,1.9886744,1.2338376,1.7228447,1.5605552,2.0054736,1.6557934,2.631046,1.7228447,0.66959655,1.9886744,1.4100581,1.6848587,1.0071198,0.19290733,1.6848587,1.3156106714249205,1.5747423109180618,0.6918963229437443,0.1929073357969081,1.7271238265758808
2012-04-07 03:00:00,0.0,0.0,0.0,0.0,0.0,0.0,0.0,0.0,0.0,0.0,0.0,0.0,0.0,0.0,0.0,0.0,0.0,0.0,0.0,0.0,0.0,0.0,0.0,0.0,0.0,0.0,0.0,0.0,0.0,0.0,0.0,0.0,0.0,0.0,0.0,0.0,0.0,0.0,0.75697523,1.980501,0.47047776,1.2609835,0.58715224,1.7766237,0.4899127,1.5320314,1.0738378,1.8572625,0.7548059,1.6739395,1.287203,2.6546528,0.58715224,1.7766237,1.5264298,0.14534637,0.6330139,0.5532102,0.75697523,1.980501,1.7575763,0.559935,0.6093865,0.30144736,0.0,0.6093865,1.4612458,1.6704961,1.0482655,0.0,1.6704961,1.4359983,1.6270503,1.1885537,0.0,1.7130448,276.81467,276.81467,274.28387,274.28387,275.1388,275.1388,272.90683,272.90683,278.828,278.828,274.92065,274.92065,280.8711,280.8711,275.1388,275.1388,275.1388,271.32928,271.32928,271.32928,276.81467,276.81467,276.81467,274.26276,274.3232,271.32394,266.36752,274.3232,274.26276,274.3232,271.32394,266.36752,274.3232,274.26276,274.3232,271.32394,266.36752,274.3232,0.0,0.0,0.0,0.0,0.0,0.0,0.0,0.0,0.0,0.0,0.0,0.0,0.0,0.0,0.0,0.0,0.0,0.0,0.0,0.0,1.9799186,1.262171,1.7762058,1.5334424,1.8572025,1.6744957,2.6530797,1.7762058,0.6352964,1.9799186,1.4626793,1.6708217,1.0509281,0.25934505,1.6708217,1.3658289244843038,1.5614219076204539,0.7501361198896064,0.25934504530498304,1.7132000961926936,1.9799186,1.262171,1.7762058,1.5334424,1.8572025,1.6744957,2.6530797,1.7762058,0.6352964,1.9799186,1.4626793,1.6708217,1.0509281,0.25934505,1.6708217,1.3658289244843038,1.5614219076204539,0.7501361198896064,0.25934504530498304,1.7132000961926936
2012-04-07 04:00:00,0.0,0.0,0.0,0.0,0.0,0.0,0.0,0.0,0.0,0.0,0.0,0.0,0.0,0.0,0.0,0.0,0.0,0.0,0.0,0.0,0.0,0.0,0.0,0.0,0.0,0.0,0.0,0.0,0.0,0.0,0.0,0.0,0.0,0.0,0.0,0.0,0.0,0.0,0.791048,2.023872,0.47099942,1.2620139,0.71424955,1.9513925,0.47370458,1.506753,1.0332177,1.7993402,0.7911694,1.7242163,1.2070267,2.5439594,0.71424955,1.9513925,1.6943347,0.12262905,0.5973042,0.5119522,0.791048,2.023872,1.8024298,0.55332047,0.59566444,0.29085207,0.0,0.59566444,1.4493008,1.6541178,1.0342861,0.0,1.6541178,1.423433,1.6088767,1.1749173,0.0,1.696797,277.04474,277.04474,274.2896,274.2896,275.9774,275.9774,272.80176,272.80176,278.47678,278.47678,275.16727,275.16727,280.35596,280.35596,275.9774,275.9774,275.9774,271.04196,271.04196,271.04196,277.04474,277.04474,277.04474,274.2022,274.23163,271.24365,266.4166,274.23163,274.2022,274.23163,271.24365,266.4166,274.23163,274.2022,274.23163,271.24365,266.4166,274.23163,0.0,0.0,0.0,0.0,0.0,0.0,0.0,0.0,0.0,0.0,0.0,0.0,0.0,0.0,0.0,0.0,0.0,0.0,0.0,0.0,2.0232894,1.2632014,1.9509746,1.508165,1.79928,1.7247727,2.542386,1.9509746,0.5998128,2.0232894,1.4507341,1.6544434,1.0369945,0.26313207,1.6544434,1.354429266123913,1.5458797107712625,0.7316123160012403,0.2631320654003033,1.6969539395519688,2.0232894,1.2632014,1.9509746,1.508165,1.79928,1.7247727,2.542386,1.9509746,0.5998128,2.0232894,1.4507341,1.6544434,1.0369945,0.26313207,1.6544434,1.354429266123913,1.5458797107712625,0.7316123160012403,0.2631320654003033,1.6969539395519688
2012-04-07 05:00:00,0.0,0.0,0.0,0.0,0.0,0.0,0.0,0.0,0.0,0.0,0.0,0.0,0.0,0.0,0.0,0.0,0.0,0.0,0.0,0.0,0.0,0.0,0.0,0.0,0.0,0.0,0.0,0.0,0.0,0.0,0.0,0.0,0.0,0.0,0.0,0.0,0.0,0.0,0.8763721,2.1324801,0.4599023,1.2400979,0.6148482,1.8147078,0.45871577,1.4833764,0.9975388,1.7484636,0.82804596,1.7752028,1.0814189,2.3705413,0.6148482,1.8147078,1.5630182,0.053794213,0.48910168,0.38693798,0.8763721,2.1324801,1.9147505,0.51624084,0.5689112,0.253654,0.0,0.5689112,1.3823383,1.6221855,0.98520654,0.01710017,1.6221855,1.352993,1.5734439,1.1270427,0.0,1.6651195,277.62088,277.62088,274.16757,274.16757,275.32153,275.32153,272.7046,272.7046,278.16827,278.16827,275.41736,275.41736,279.54892,279.54892,275.32153,275.32153,275.32153,270.17136,270.17136,270.17136,277.62088,277.62088,277.62088,273.8628,274.05307,270.96176,266.64532,274.05307,273.8628,274.05307,270.96176,266.64532,274.05307,273.8628,274.05307,270.96176,266.64532,274.05307,0.0,0.0,0.0,0.0,0.0,0.0,0.0,0.0,0.0,0.0,0.0,0.0,0.0,0.0,0.0,0.0,0.0,0.0,0.0,0.0,2.1318977,1.2412853,1.81429,1.484789,1.7484035,1.775759,2.3689682,1.81429,0.4922954,2.1318977,1.3837717,1.6225109,0.9880755,0.28078362,1.6225109,1.2905245280774071,1.5155773469709894,0.6665783454513214,0.28078362983713495,1.665279077004525,2.1318977,1.2412853,1.81429,1.484789,1.7484035,1.775759,2.3689682,1.81429,0.4922954,2.1318977,1.3837717,1.6225109,0.9880755,0.28078362,1.6225109,1.2905245280774071,1.5155773469709894,0.6665783454513214,0.28078362983713495,1.665279077004525
2012-04-07 06:00:00,-0.65531933,-0.81420934,-0.02798797,-0.035690587,-0.2804054,-0.3404087,-0.89731675,-1.222217,-0.63719255,-0.9056114,-0.5619503,-0.77232015,-0.92437845,-1.3871129,-0.2804054,-0.3404087,-0.2844348,0.0,0.0,0.0,-0.65531933,-0.81420934,-0.669318,-0.03790197,-0.14936978,0.0,0.0,-0.14936978,-0.0487349,-0.17891337,0.0,0.0,-0.17891337,-0.039575804,-0.15941824,0.0,0.0,-0.1547022,0.9876472,2.2741215,0.40045652,1.1226976,0.71502197,1.9524546,0.9106222,2.1881742,1.1022671,1.8978018,0.917886,1.8994176,1.1935848,2.5254016,0.71502197,1.9524546,1.6953554,0.0155740995,0.4290229,0.31752458,0.9876472,2.2741215,2.0612333,0.4821517,0.54432505,0.50882953,0.15566698,0.54432505,1.3207762,1.5928396,1.321887,0.58695644,1.5928396,1.288234,1.540881,1.455459,0.24496484,1.6360078,278.37225,278.37225,273.51382,273.51382,275.98248,275.98248,275.63416,275.63416,279.07382,279.07382,276.02664,276.02664,280.2696,280.2696,275.98248,275.98248,275.98248,269.68796,269.68796,269.68796,278.37225,278.37225,278.37225,273.55075,273.88898,272.8955,269.92075,273.88898,273.55075,273.88898,272.8955,269.92075,273.88898,273.55075,273.88898,272.8955,269.92075,273.88898,0.9191941,0.04930384,0.34919313,1.6448753,0.83108884,0.92854714,1.3596221,0.34919313,0.0,0.9191941,0.06961428,0.21790698,0.0,0.0,0.21790698,0.047918960835391544,0.19113262717325882,0.0,0.0,0.2179069778557876,2.2735388,1.1238849,1.9520367,2.1895833,1.8977417,1.8999739,2.5238278,1.9520367,0.43259704,2.2735388,1.3222097,1.5931654,1.3236552,0.59171563,1.5931654,1.231773768634364,1.4877298319899486,1.1127056101363504,0.6472103480927149,1.636170251860514,1.3543448,1.0745811,1.6028436,0.54470783,1.0666528,0.9714268,1.1642058,1.6028436,0.43259704,1.3543448,1.2525954,1.3752584,1.3236552,0.59171563,1.3752584,1.1838548077989723,1.2965972048166898,1.1127056101363504,0.6472103480927149,1.4182632740047263
2012-04-07 07:00:00,-1.8703955,-2.3754659,-0.028449936,-0.034860056,-0.7629958,-0.9681971,-1.7063345,-2.4255142,-1.2699116,-1.7087979,-1.2831075,-1.7118578,-3.2606027,-4.3663087,-0.7629958,-0.9681971,-0.79958576,0.0,0.0,0.0,-1.8703955,-2.3754659,-2.1929576,-0.04380902,-0.28853709,-0.26164836,0.0,-0.28853709,-0.05442167,-0.3323746,-0.32953998,0.0,-0.3323746,-0.047465347,-0.30957502,-0.26557884,0.0,-0.30018842,1.156483,2.4890308,0.38426727,1.090725,0.98411924,2.3224843,1.0567776,2.4161196,1.2708429,2.1381834,1.1143057,2.1709921,1.4943076,2.9405878,0.98411924,2.3224843,2.0508523,0.021997206,0.4391195,0.3291899,1.156483,2.4890308,2.283489,0.466299,0.570196,0.61742765,0.44951904,0.570196,1.2921478,1.623719,1.4651723,1.0694618,1.623719,1.2581189,1.5751455,1.595227,0.8707735,1.6666408,279.5123,279.5123,273.3358,273.3358,277.758,277.758,276.58163,276.58163,280.53143,280.53143,277.35873,277.35873,282.20175,282.20175,277.758,277.758,277.758,269.7692,269.7692,269.7692,279.5123,279.5123,279.5123,273.40564,274.06165,273.71848,272.6941,274.06165,273.40564,274.06165,273.71848,272.6941,274.06165,273.40564,274.06165,273.71848,272.6941,274.06165,2.5563977,0.047311183,0.98698735,3.0689924,1.5845836,1.9820476,4.330548,0.98698735,0.0,2.5563977,0.07648003,0.3974682,0.46804395,0.0,0.3974682,0.05647604492422286,0.37102982453508426,0.4712010493656714,0.0,0.39746821456278414,2.4884486,1.0919125,2.3220665,2.4175289,2.138123,2.1715481,2.9390144,2.3220665,0.44262967,2.4884486,1.2935811,1.6240445,1.4667954,1.071688,1.6240445,1.2044525108200195,1.5170326476423066,1.3028929443624637,1.1299307913665857,1.666800293271117,-0.06794904,1.0446013,1.3350791,-0.6514636,0.55353945,0.18950067,-1.3915334,1.3350791,0.44262967,-0.06794904,1.2171011,1.2265763,0.9987515,1.071688,1.2265763,1.1479764658957967,1.1460028231072223,0.8316918949967923,1.1299307913665857,1.2693320787083329
2012-04-07 08:00:00,-3.485267,-4.2902665,-0.028209306,-0.03360776,-1.3060696,-1.6849158,-2.1380067,-3.0693529,-1.7755029,-2.3083189,-2.120875,-2.7648234,-6.473157,-8.015505,-1.3060696,-1.6849158,-1.453439,0.0,0.0,0.0,-3.485267,-4.2902665,-4.1224866,-0.075404115,-0.4366851,-0.38464224,0.0,-0.4366851,-0.091363065,-0.49354482,-0.47045308,0.0,-0.49354482,-0.0841075,-0.47072443,-0.4018973,0.0,-0.45631337,1.2829663,2.6500306,0.37965524,1.0816166,1.1499254,2.5504806,1.1272355,2.5260067,1.3962994,2.3170788,1.3070086,2.4374273,1.8839935,3.4785995,1.1499254,2.5504806,2.2698946,0.10140772,0.563946,0.4734111,1.2829663,2.6500306,2.4499922,0.47449705,0.6093132,0.6315183,0.451042,0.6093132,1.3069527,1.6704086,1.4837638,1.0719625,1.6704086,1.2736926,1.6269537,1.6133623,0.8740169,1.712958,280.36636,280.36636,273.28506,273.28506,278.852,278.852,277.0384,277.0384,281.6162,281.6162,278.66562,278.66562,284.7055,284.7055,278.852,278.852,278.852,270.77356,270.77356,270.77356,280.36636,280.36636,280.36636,273.48068,274.32272,273.82526,272.70847,274.32272,273.48068,274.32272,273.82526,272.70847,274.32272,273.48068,274.32272,273.82526,272.70847,274.32272,4.5159087,0.045013227,1.7088844,3.798874,2.156081,3.1016765,7.9961643,1.7088844,0.0,4.5159087,0.12647963,0.58373654,0.6576587,0.0,0.58373654,0.09832658078445185,0.5623008237255125,0.7030494021814049,0.0,0.5837365480250765,2.6494482,1.0828041,2.550063,2.5274158,2.3170187,2.4379835,3.4770262,2.550063,0.5666659,2.6494482,1.3083861,1.6707344,1.4853868,1.0741757,1.6707344,1.2185814220640727,1.5613390435252898,1.3275887730844116,1.1324326491389813,1.713113478896375,-1.8664606,1.0377909,0.8411784,-1.2714581,0.16093789,-0.66369295,-4.519138,0.8411784,0.5666659,-1.8664606,1.1819065,1.0869979,0.8277282,1.0741757,1.0869979,1.120254841279621,0.9990382197997774,0.6245393709030067,1.1324326491389813,1.1293769308712986
2012-04-07 09:00:00,-4.4533267,-5.3889384,-0.019996194,-0.023351012,-1.9509021,-2.5013728,-2.213962,-3.1356366,-2.1162915,-2.7028732,-2.134942,-2.752891,-8.705651,-10.364856,-1.9509021,-2.5013728,-2.228424,0.0,0.0,0.0,-4.4533267,-5.3889384,-5.234904,-0.093001515,-0.6325468,-0.533376,0.0,-0.6325468,-0.11066967,-0.70762724,-0.6431977,0.0,-0.70762724,-0.1060805,-0.68400484,-0.5656776,0.0,-0.66297233,1.3669528,2.756936,0.3746519,1.0717356,1.2592895,2.7008648,1.1035848,2.4891207,1.4966866,2.4602263,1.2647097,2.378944,2.1608818,3.8608792,1.2592895,2.7008648,2.4143724,0.22436118,0.7572185,0.6967128,1.3669528,2.756936,2.5605516,0.47598732,0.6706115,0.6556929,0.4571889,0.6706115,1.309644,1.7435733,1.5156598,1.0820557,1.7435733,1.2765236,1.7081387,1.6444755,0.88710773,1.785539,280.93347,280.93347,273.23004,273.23004,279.57358,279.57358,276.88507,276.88507,282.48422,282.48422,278.37875,278.37875,286.48453,286.48453,279.57358,279.57358,279.57358,272.32864,272.32864,272.32864,280.93347,280.93347,280.93347,273.49432,274.73184,274.00845,272.76648,274.73184,273.49432,274.73184,274.00845,272.76648,274.73184,273.49432,274.73184,274.00845,272.76648,274.73184,5.626549,0.031005101,2.5251007,3.8746643,2.5395145,3.0934525,10.366304,2.5251007,0.0,5.626549,0.1517355,0.8291574,0.8896824,0.0,0.8291574,0.12247665668513469,0.8123154610630798,0.9761093978261195,0.0,0.8291573983621306,2.7563536,1.0729231,2.700447,2.4905298,2.4601667,2.3795002,3.8593063,2.700447,0.7587145,2.7563536,1.3110774,1.743899,1.517283,1.084216,1.743899,1.2211497926724877,1.6307687972607987,1.3699577527408429,1.142530380827567,1.7856879460491757,-2.8701954,1.0419179,0.17534629,-1.3841344,-0.07934784,-0.71395224,-6.506998,0.17534629,0.7587145,-2.8701954,1.1593419,0.9147416,0.6276005,1.084216,0.9147416,1.098673135987353,0.8184533361977189,0.39384835491472336,1.142530380827567,0.956530547687045
2012-04-07 10:00:00,-4.9062004,-5.963119,-0.025242977,-0.028994357,-2.673437,-3.412541,-2.3110237,-3.2685473,-2.3737776,-3.0045304,-2.2912822,-2.9235506,-10.226886,-11.927548,-2.673437,-3.412541,-3.1000674,0.0,0.0,0.0,-4.9062004,-5.963119,-5.811671,-0.11883642,-0.8225729,-0.62928456,0.0,-0.8225729,-0.13930085,-0.9166504,-0.75350857,0.0,-0.9166504,-0.1382216,-0.8908618,-0.6725431,0.0,-0.86343443,1.454175,2.8679605,0.3754539,1.0733194,1.4264507,2.9307246,1.1106225,2.500097,1.597381,2.6038122,1.2668201,2.3818617,2.3869665,4.173019,1.4264507,2.9307246,2.635205,0.25081366,0.79879946,0.7447544,1.454175,2.8679605,2.6753712,0.48086482,0.7354901,0.6707863,0.46587092,0.7354901,1.3184525,1.8210114,1.5355741,1.0963116,1.8210114,1.2857895,1.7940658,1.6639009,0.9055975,1.8623595,281.52243,281.52243,273.23886,273.23886,280.6765,280.6765,276.9307,276.9307,283.3549,283.3549,278.39307,278.39307,287.93713,287.93713,280.6765,280.6765,280.6765,272.6632,272.6632,272.6632,281.52243,281.52243,281.52243,273.53897,275.16486,274.12283,272.84842,275.16486,273.53897,275.16486,274.12283,272.84842,275.16486,273.53897,275.16486,274.12283,272.84842,275.16486,6.2034163,0.03819086,3.440819,4.0226264,2.83998,3.272397,11.949555,3.440819,0.0,6.2034163,0.1893643,1.066331,1.0362772,0.0,1.066331,0.15775027452140716,1.051621153414165,1.1512293023997187,0.0,1.0662256413036368,2.867378,1.0745069,2.930307,2.501506,2.6037521,2.3824182,4.1714454,2.930307,0.80003226,2.867378,1.3198857,1.821337,1.5371974,1.0983969,1.821337,1.229555891554167,1.7042537126533939,1.3964110154015632,1.1567925636702043,1.8625012471405595,-3.3360384,1.036316,-0.5105123,-1.5211204,-0.2362276,-0.88997906,-7.77811,-0.5105123,0.80003226,-3.3360384,1.1305214,0.75500596,0.50092024,1.0983969,0.75500596,1.0718056170327597,0.6526325592392288,0.24518171300184455,1.1567925636702043,0.7962756058369227
2012-04-07 11:00:00,-3.5462487,-4.534486,-0.041324154,-0.04696775,-3.597875,-4.4885654,-1.9711217,-2.7070177,-2.0091426,-2.6405845,-3.2318943,-4.096586,-8.2502985,-10.369424,-3.597875,-4.4885654,-4.139611,0.0,0.0,0.0,-3.5462487,-4.534486,-4.373584,-0.08595873,-0.89164007,-0.7476111,0.0,-0.89164007,-0.099728614,-0.99422055,-0.89364016,0.0,-0.99422055,-0.101376414,-0.967399,-0.80053365,0.0,-0.9376807,1.4594493,2.8746743,0.37965804,1.0816222,1.5568644,3.1100535,1.0225395,2.3627217,1.6317611,2.6528368,1.5135261,2.7229629,2.5196183,4.3561616,1.5568644,3.1100535,2.8074908,0.2512021,0.7994101,0.7454599,1.4594493,2.8746743,2.6823144,0.46670902,0.7564959,0.6940346,0.47163302,0.7564959,1.2928882,1.8460835,1.5662482,1.1057731,1.8460835,1.2588978,1.8218865,1.6938219,0.917869,1.8872316,281.55804,281.55804,273.2851,273.2851,281.537,281.537,276.35968,276.35968,283.65216,283.65216,280.0662,280.0662,288.78943,288.78943,281.537,281.537,281.537,272.66812,272.66812,272.66812,281.55804,281.55804,281.55804,273.4094,275.30505,274.299,272.9028,275.30505,273.4094,275.30505,274.299,272.9028,275.30505,273.4094,275.30505,274.299,272.9028,275.30505,4.7523685,0.06150779,4.513366,3.3956654,2.5048566,4.462508,10.396908,4.513366,0.0,4.7523685,0.13525714,1.1529322,1.2229985,0.0,1.1529322,0.11517112999190923,1.1410227592494437,1.3579432994840774,0.0,1.1518107202424281,2.8740916,1.0828096,3.1096358,2.3641307,2.6527767,2.723519,4.354588,3.1096358,0.80063903,2.8740916,1.2943217,1.8464092,1.5678713,1.1078087,1.8464092,1.2051592436719996,1.7280460659773478,1.4371566625041081,1.1662581911657648,1.8873712383459873,-1.8782768,1.0213019,-1.4037306,-1.0315347,0.14792007,-1.7389892,-6.04232,-1.4037306,0.80063903,-1.8782768,1.1590645,0.6934771,0.34487292,1.1078087,0.6934771,1.0899881136800904,0.587023306727904,0.07921336302003068,1.1662581911657648,0.7355605181035592
2012-04-07 12:00:00,-5.1081705,-6.2061744,-0.07096837,-0.080661386,-3.4301267,-4.3645225,-2.6309915,-3.8169715,-1.9321086,-2.552345,-3.6696613,-4.643179,-7.938711,-10.089664,-3.4301267,-4.3645225,-4.012302,0.0,0.0,0.0,-5.1081705,-6.2061744,-6.056458,-0.04502932,-0.91272396,-0.64702,0.0,-0.91272396,-0.05221071,-1.0174078,-0.77467966,0.0,-1.0174078,-0.05315025,-0.9908734,-0.691562,0.0,-0.9604408,1.4852332,2.907494,0.38852412,1.0991318,1.6414142,3.226316,1.2158647,2.6642337,1.6156209,2.6298218,1.64472,2.9043546,2.535663,4.3783135,1.6414142,3.226316,2.9191873,0.24581173,0.7909369,0.7356702,1.4852332,2.907494,2.7162566,0.45310336,0.76197827,0.6744309,0.45880884,0.76197827,1.2683177,1.8526273,1.5403826,1.0847158,1.8526273,1.2330513,1.8291476,1.6685913,0.8905579,1.8937231,281.73215,281.73215,273.3826,273.3826,282.09485,282.09485,277.61295,277.61295,283.5126,283.5126,280.95593,280.95593,288.89252,288.89252,282.09485,282.09485,282.09485,272.59995,272.59995,272.59995,281.73215,281.73215,281.73215,273.28485,275.34164,274.15045,272.78177,275.34164,273.28485,275.34164,274.15045,272.78177,275.34164,273.28485,275.34164,274.15045,272.78177,275.34164,6.4475346,0.10543082,4.403206,4.6247134,2.4192398,5.0039444,10.117425,4.403206,0.0,6.4475346,0.07097884,1.1786819,1.0646607,0.0,1.1786819,0.060523971103446095,1.168404440621935,1.1821772877096766,0.0,1.1772844849160105,2.9069116,1.1003194,3.225898,2.6656427,2.6297617,2.9049108,4.37674,3.225898,0.79221946,2.9069116,1.2697511,1.8529528,1.542006,1.086862,1.8529528,1.1817106520546836,1.734255694108698,1.4027984761027241,1.1451915925982046,1.8938621219888496,-3.540623,0.99488854,-1.1773077,-1.9590706,0.21052189,-2.0990334,-5.7406845,-1.1773077,0.79221946,-3.540623,1.1987722,0.674271,0.47734526,1.086862,0.674271,1.1211866809512374,0.565851253486763,0.22062118839304756,1.1451915925982046,0.7165776370728392
2012-04-07 13:00:00,-3.676771,-4.701515,-0.09096038,-0.10359469,-3.6876206,-4.666866,-2.1754317,-3.1377616,-1.6039354,-2.1756895,-3.8097467,-4.8530045,-10.838537,-12.666444,-3.6876206,-4.666866,-4.303831,0.0,0.0,0.0,-3.676771,-4.701515,-4.5426903,-0.0053677633,-0.8896025,-0.6318921,0.0,-0.8896025,-0.0062153023,-0.9937758,-0.75743073,0.0,-0.9937758,-0.0063477424,-0.96480274,-0.6745477,0.0,-0.93519837,1.4851248,2.9073558,0.39491767,1.1117587,1.686478,3.2882822,1.143745,2.5517547,1.5813398,2.5809383,1.7391499,3.0349157,2.5911164,4.454874,1.686478,3.2882822,2.9787197,0.25133002,0.7996111,0.74569213,1.4851248,2.9073558,2.7161138,0.4401045,0.75949085,0.6721757,0.45355445,0.75949085,1.2448429,1.8496585,1.5374073,1.076088,1.8496585,1.2083575,1.8258533,1.665689,0.87936753,1.890778,281.7314,281.7314,273.4529,273.4529,282.39218,282.39218,277.14542,277.14542,283.2162,283.2162,281.59634,281.59634,289.2488,289.2488,282.39218,282.39218,282.39218,272.66974,272.66974,272.66974,281.7314,281.7314,281.7314,273.16586,275.32504,274.13336,272.73218,275.32504,273.16586,275.32504,274.13336,272.73218,275.32504,273.16586,275.32504,274.13336,272.73218,275.32504,4.920979,0.13534638,4.706119,3.8747098,2.0602021,5.2039733,12.707363,4.706119,0.0,4.920979,0.008462781,1.1527008,1.0418868,0.0,1.1527008,0.007238145822478831,1.1378889115895854,1.154515255152578,0.0,1.1514479614527298,2.9067736,1.1129462,3.2878644,2.553164,2.5808783,3.035472,4.453301,3.2878644,0.80083877,2.9067736,1.2462763,1.8499839,1.5390306,1.0782795,1.8499839,1.1593077952264759,1.731438314873123,1.3988460142323924,1.136559917693443,1.8909171339140232,-2.0142055,0.97759974,-1.4182544,-1.3215458,0.52067596,-2.1685014,-8.254062,-1.4182544,0.80083877,-2.0142055,1.2378135,0.69728315,0.49714372,1.0782795,0.69728315,1.152069649403997,0.5935494032835376,0.2443307590798145,1.136559917693443,0.7394691724612934
2012-04-07 14:00:00,-2.7572486,-3.6253543,-0.09067153,-0.10458989,-3.4434197,-4.3897552,-1.8944013,-2.7042544,-2.1394353,-2.7749069,-3.5375326,-4.595076,-10.479606,-12.485572,-3.4434197,-4.3897552,-4.0360417,0.0,0.0,0.0,-2.7572486,-3.6253543,-3.4718792,0.0,-0.82708883,-0.6315755,0.0,-0.82708883,0.0,-0.92846334,-0.7662226,0.0,-0.92846334,0.0,-0.8947938,-0.66553223,0.0,-0.8673818,1.4684432,2.8861222,0.39751783,1.1168938,1.6612378,3.253575,1.0864116,2.4623375,1.6197644,2.6357303,1.7871637,3.1013005,2.7052824,4.612495,1.6612378,3.253575,2.945376,0.255526,0.80620694,0.75331277,1.4684432,2.8861222,2.694154,0.43121964,0.750474,0.6824889,0.44829032,0.750474,1.2287976,1.8388959,1.5510149,1.0674441,1.8388959,1.191479,1.813911,1.6789626,0.86815655,1.8801012,281.61877,281.61877,273.4815,273.4815,282.22565,282.22565,276.77374,276.77374,283.54843,283.54843,281.92197,281.92197,289.98233,289.98233,282.22565,282.22565,282.22565,272.7228,272.7228,272.7228,281.61877,281.61877,281.61877,273.08453,275.26486,274.21152,272.6825,275.26486,273.08453,275.26486,274.21152,272.6825,275.26486,273.08453,275.26486,274.21152,272.6825,275.26486,3.8188102,0.13738321,4.4304156,3.3874044,2.6289332,4.935428,12.53529,4.4304156,0.0,3.8188102,0.0,1.0804901,1.0575668,0.0,1.0804901,0.0,1.055882247329053,1.139615265419573,0.0,1.0797058666267085,2.8855398,1.1180812,3.2531574,2.4637463,2.6356702,3.1018567,4.6109214,3.2531574,0.8073928,2.8855398,1.2303919,1.8392215,1.552638,1.069681,1.8392215,1.1441560635721744,1.7212253151441639,1.4169214693215346,1.1279123073888568,1.8802415521427769,-0.93327034,0.98069805,-1.1772584,-0.9236581,0.0067370827,-1.8335716,-7.9243684,-1.1772584,0.8073928,-0.93327034,1.2303919,0.75873137,0.49507123,1.069681,0.75873137,1.1441560635721744,0.6653430678151109,0.2773062039019616,1.1279123073888568,0.8005356855160684
2012-04-07 15:00:00,-2.4036896,-3.1741798,-0.054024484,-0.06387575,-3.3577476,-4.29052,-1.6923124,-2.4105349,-2.199737,-2.8421583,-3.151079,-4.158406,-9.164225,-11.3605175,-3.3577476,-4.29052,-3.9403477,0.0,0.0,0.0,-2.4036896,-3.1741798,-3.0208473,0.0,-0.7002215,-0.58148825,0.0,-0.7002215,0.0,-0.79393494,-0.71579146,0.0,-0.79393494,0.0,-0.75412965,-0.60360354,0.0,-0.7310767,1.4213136,2.8261313,0.38934553,1.100754,1.6505721,3.238909,1.0593573,2.4201431,1.6324916,2.6538787,1.7615776,3.0659244,2.7235785,4.6377554,1.6505721,3.238909,2.9312859,0.25148442,0.7998539,0.7459727,1.4213136,2.8261313,2.6321127,0.41606703,0.7290977,0.6846274,0.4205047,0.7290977,1.2014334,1.8133817,1.5538362,1.0218202,1.8133817,1.1626937,1.7855998,1.6817147,0.8089823,1.8547904,281.30054,281.30054,273.39163,273.39163,282.15527,282.15527,276.59836,276.59836,283.65848,283.65848,281.74844,281.74844,290.09988,290.09988,282.15527,282.15527,282.15527,272.6717,272.6717,272.6717,281.30054,281.30054,281.30054,272.94583,275.1222,274.22772,272.42026,275.1222,272.94583,275.1222,274.22772,272.42026,275.1222,272.94583,275.1222,274.22772,272.42026,275.1222,3.3570747,0.085054494,4.3314457,3.051222,2.6943705,4.4931126,11.407071,4.3314457,0.0,3.3570747,0.0,0.9304313,0.9939756,0.0,0.9304313,0.0,0.8908746081817585,1.0377381712594225,0.0,0.9304313359825134,2.825549,1.1019416,3.238491,2.4215522,2.6538184,3.0664804,4.636182,3.238491,0.80108,2.825549,1.2033683,1.8137072,1.5554594,1.0242966,1.8137072,1.1183821356834205,1.6970134623384425,1.4206692501307243,1.0822680104924762,1.8549330608747372,-0.5315257,1.0168871,-1.0929544,-0.62966985,-0.04055202,-1.426632,-6.770889,-1.0929544,0.80108,-0.5315257,1.2033683,0.88327587,0.5614838,1.0242966,0.88327587,1.1183821356834205,0.8061388541566841,0.38293107887130184,1.0822680104924762,0.9245017248922238
2012-04-07 16:00:00,-1.1293776,-1.5253468,-0.036528006,-0.04522973,-1.7506415,-2.3513043,-1.115477,-1.640291,-1.9184978,-2.5443926,-2.507636,-3.399521,-3.5549452,-5.2307987,-1.7506415,-2.3513043,-2.0984848,0.0,0.0,0.0,-1.1293776,-1.5253468,-1.4074639,0.0,-0.42331553,-0.42168254,0.0,-0.42331553,0.0,-0.4934611,-0.52574205,0.0,-0.4934611,0.0,-0.45318446,-0.43220603,0.0,-0.43953758,1.302857,2.6753492,0.39242575,1.1068373,1.5243536,3.0653484,1.0573707,2.4170449,1.63984,2.6643567,1.716025,3.0029423,2.4723532,4.2909064,1.5243536,3.0653484,2.7645419,0.23809293,0.7788036,0.7216516,1.302857,2.6753492,2.4761758,0.40378162,0.6631402,0.6549036,0.34166193,0.6631402,1.1792469,1.7346556,1.5146185,0.89236027,1.7346556,1.1393552,1.6982435,1.6434594,0.6410731,1.7766926,280.50067,280.50067,273.4255,273.4255,281.32248,281.32248,276.58548,276.58548,283.72202,283.72202,281.4395,281.4395,288.48575,288.48575,281.32248,281.32248,281.32248,272.50232,272.50232,272.50232,280.50067,280.50067,280.50067,272.83337,274.68198,274.00247,271.67615,274.68198,272.83337,274.68198,274.00247,271.67615,274.68198,272.83337,274.68198,274.00247,271.67615,274.68198,1.6423395,0.061610356,2.395894,2.130853,2.4157302,3.7141316,5.241452,2.395894,0.0,1.6423395,0.0,0.5880333,0.73821634,0.0,0.5880333,0.0,0.5383435637661789,0.7541017680789278,0.0,0.5880333332667904,2.6747665,1.1080247,3.0649307,2.418454,2.6642969,3.0034988,4.289333,3.0649307,0.78016293,2.6747665,1.1814582,1.7349813,1.5162416,0.89551634,1.7349813,1.0974851226427034,1.6223063015421781,1.3685743910862267,0.9527503925215177,1.7768421546626563,1.032427,1.0464144,0.6690367,0.28760085,0.24856663,-0.71063274,-0.9521193,0.6690367,0.78016293,1.032427,1.1814582,1.146948,0.7780252,0.89551634,1.146948,1.0974851226427034,1.0839627377759993,0.6144726230072989,0.9527503925215177,1.1888088213958659
2012-04-07 17:00:00,-0.5133223,-0.6929448,-0.015254695,-0.019635892,-1.2242037,-1.6487433,-0.45307043,-0.6672802,-1.0328729,-1.4699352,-0.882552,-1.2892869,-0.68429804,-1.1221573,-1.2242037,-1.6487433,-1.4417317,0.0,0.0,0.0,-0.5133223,-0.6929448,-0.6166219,0.0,-0.18877155,0.0,0.0,-0.18877155,0.0,-0.22978261,0.0,0.0,-0.22978261,0.0,-0.20134193,0.0,0.0,-0.19545504,1.1950572,2.5381317,0.39054155,1.1031162,1.3723861,2.8563817,0.96497554,2.2729445,1.5019773,2.467771,1.5713586,2.8029232,2.2389636,3.9686813,1.3723861,2.8563817,2.5637817,0.20553344,0.7276228,0.6625188,1.1950572,2.5381317,2.3342683,0.3886157,0.61712307,0.38381308,0.23579669,0.61712307,1.1518587,1.6797302,1.1569395,0.7185295,1.6797302,1.1105446,1.6372969,1.2945602,0.4156148,1.7222052,279.77277,279.77277,273.4048,273.4048,280.3198,280.3198,275.9865,275.9865,282.52997,282.52997,280.4584,280.4584,286.9862,286.9862,280.3198,280.3198,280.3198,272.0905,272.0905,272.0905,279.77277,279.77277,279.77277,272.69455,274.37485,271.94812,270.677,274.37485,272.69455,274.37485,271.94812,270.677,274.37485,272.69455,274.37485,271.94812,270.677,274.37485,0.75925004,0.027326068,1.6842406,0.91131043,1.388206,1.4625715,1.1215692,1.6842406,0.0,0.75925004,0.0,0.27990773,0.0,0.0,0.27990773,0.0,0.23959292701917057,0.0,0.0,0.27990772751098747,2.5375493,1.1043036,2.8559637,2.2743533,2.4677107,2.8034797,3.967108,2.8559637,0.7293063,2.5375493,1.154411,1.680056,1.1592468,0.722598,1.680056,1.0716885114290748,1.5701847856840436,0.8941373973235668,0.7788420624403471,1.722359875278367,1.7782992,1.0769775,1.1717231,1.363043,1.0795047,1.340908,2.8455389,1.1717231,0.7293063,1.7782992,1.154411,1.4001483,1.1592468,0.722598,1.4001483,1.0716885114290748,1.330591858664873,0.8941373973235668,0.7788420624403471,1.4424521477673795
2012-04-07 18:00:00,0.0,0.0,0.0,0.0,0.0,0.0,0.0,0.0,0.0,0.0,0.0,0.0,0.0,0.0,0.0,0.0,0.0,0.0,0.0,0.0,0.0,0.0,0.0,0.0,0.0,0.0,0.0,0.0,0.0,0.0,0.0,0.0,0.0,0.0,0.0,0.0,0.0,0.0,1.0007765,2.2908337,0.38118982,1.0846473,1.1386676,2.5350003,0.7150185,1.8831087,1.2638192,2.1281679,1.3615562,2.5128458,2.0900295,3.763059,1.1386676,2.5350003,2.255022,0.1538904,0.6464444,0.5687274,1.0007765,2.2908337,2.0785165,0.31664008,0.6647131,0.2090099,0.0,0.6647131,1.0218773,1.7365329,0.9263028,0.18622158,1.7365329,0.9738132,1.7003268,1.0695847,0.0,1.7785549,278.4609,278.4609,273.30194,273.30194,278.7777,278.7777,274.36612,274.36612,280.4707,280.4707,279.03555,279.03555,286.0293,286.0293,278.7777,278.7777,278.7777,271.43735,271.43735,271.43735,278.4609,278.4609,278.4609,272.0357,274.69247,270.62344,267.6174,274.69247,272.0357,274.69247,270.62344,267.6174,274.69247,272.0357,274.69247,270.62344,267.6174,274.69247,0.0,0.0,0.0,0.0,0.0,0.0,0.0,0.0,0.0,0.0,0.0,0.0,0.0,0.0,0.0,0.0,0.0,0.0,0.0,0.0,2.290251,1.0858347,2.5345824,1.8845178,2.1281078,2.5134022,3.7614853,2.5345824,0.6486418,2.290251,1.0260478,1.7368587,0.92936426,0.35580102,1.7368587,0.9492609362496889,1.6240878795882039,0.5885263158403653,0.35580101235966993,1.778704426533503,2.290251,1.0858347,2.5345824,1.8845178,2.1281078,2.5134022,3.7614853,2.5345824,0.6486418,2.290251,1.0260478,1.7368587,0.92936426,0.35580102,1.7368587,0.9492609362496889,1.6240878795882039,0.5885263158403653,0.35580101235966993,1.778704426533503
2012-04-07 19:00:00,0.0,0.0,0.0,0.0,0.0,0.0,0.0,0.0,0.0,0.0,0.0,0.0,0.0,0.0,0.0,0.0,0.0,0.0,0.0,0.0,0.0,0.0,0.0,0.0,0.0,0.0,0.0,0.0,0.0,0.0,0.0,0.0,0.0,0.0,0.0,0.0,0.0,0.0,0.8259477,2.0682955,0.35817966,1.0392041,0.96605766,2.2976482,0.6320243,1.7536702,1.1339508,1.9429812,1.2179694,2.3143198,1.9938985,3.630338,0.96605766,2.2976482,2.0269918,0.11289305,0.58199996,0.49427018,0.8259477,2.0682955,1.8483716,0.2477383,0.6375436,0.12455815,0.0,0.6375436,0.8974468,1.704104,0.8148765,0.0,1.704104,0.842921,1.6643426,0.9608935,0.0,1.7463847,277.2804,277.2804,273.0489,273.0489,277.63882,277.63882,273.8281,273.8281,279.34778,279.34778,278.06177,278.06177,285.41165,285.41165,277.63882,277.63882,277.63882,270.91882,270.91882,270.91882,277.2804,277.2804,277.2804,271.405,274.51114,269.98346,266.22546,274.51114,271.405,274.51114,269.98346,266.22546,274.51114,271.405,274.51114,269.98346,266.22546,274.51114,0.0,0.0,0.0,0.0,0.0,0.0,0.0,0.0,0.0,0.0,0.0,0.0,0.0,0.0,0.0,0.0,0.0,0.0,0.0,0.0,2.067713,1.0405542,2.2972302,1.7550792,1.942921,2.314876,3.6287644,2.2972302,0.5846055,2.067713,0.9031667,1.7044296,0.8183023,0.248382,1.7044296,0.8320618674538962,1.5933142262466855,0.44087801050288034,0.24838199894695082,1.7465369281132475,2.067713,1.0405542,2.2972302,1.7550792,1.942921,2.314876,3.6287644,2.2972302,0.5846055,2.067713,0.9031667,1.7044296,0.8183023,0.248382,1.7044296,0.8320618674538962,1.5933142262466855,0.44087801050288034,0.24838199894695082,1.7465369281132475
2012-04-07 20:00:00,0.0,0.0,0.0,0.0,0.0,0.0,0.0,0.0,0.0,0.0,0.0,0.0,0.0,0.0,0.0,0.0,0.0,0.0,0.0,0.0,0.0,0.0,0.0,0.0,0.0,0.0,0.0,0.0,0.0,0.0,0.0,0.0,0.0,0.0,0.0,0.0,0.0,0.0,0.7832563,2.013954,0.2891824,0.9029403,0.8451212,2.131351,0.43644896,1.4486488,1.0660977,1.8462257,0.9888852,1.9975826,1.9409008,3.557167,0.8451212,2.131351,1.8672259,0.058755107,0.49689975,0.3959477,0.7832563,2.013954,1.7921727,0.18297389,0.5454362,0.07157795,0.0,0.5454362,0.78048813,1.594166,0.744974,0.0,1.594166,0.7198887,1.5423527,0.892707,0.0,1.6373234,276.99213,276.99213,272.2901,272.2901,276.84088,276.84088,272.56024,272.56024,278.76108,278.76108,276.50815,276.50815,285.07114,285.07114,276.84088,276.84088,276.84088,270.2341,270.2341,270.2341,276.99213,276.99213,276.99213,270.81216,273.8964,269.58197,264.8358,273.8964,270.81216,273.8964,269.58197,264.8358,273.8964,270.81216,273.8964,269.58197,264.8358,273.8964,0.0,0.0,0.0,0.0,0.0,0.0,0.0,0.0,0.0,0.0,0.0,0.0,0.0,0.0,0.0,0.0,0.0,0.0,0.0,0.0,2.0133715,0.9055105,2.1309333,1.4500629,1.8461657,1.9981389,3.5555937,2.1309333,0.50004417,2.0133715,0.7876643,1.5944916,0.7486284,0.14113726,1.5944916,0.7219003002004453,1.4889883304352516,0.34825195046664204,0.14113726382220043,1.63748575204835,2.0133715,0.9055105,2.1309333,1.4500629,1.8461657,1.9981389,3.5555937,2.1309333,0.50004417,2.0133715,0.7876643,1.5944916,0.7486284,0.14113726,1.5944916,0.7219003002004453,1.4889883304352516,0.34825195046664204,0.14113726382220043,1.63748575204835
2012-04-07 21:00:00,0.0,0.0,0.0,0.0,0.0,0.0,0.0,0.0,0.0,0.0,0.0,0.0,0.0,0.0,0.0,0.0,0.0,0.0,0.0,0.0,0.0,0.0,0.0,0.0,0.0,0.0,0.0,0.0,0.0,0.0,0.0,0.0,0.0,0.0,0.0,0.0,0.0,0.0,0.73441386,1.9517828,0.23053586,0.7871182,0.81350285,2.0878735,0.36484239,1.3369702,1.0103682,1.7667578,0.8256836,1.7719365,1.8741425,3.4649987,0.81350285,2.0878735,1.8254558,0.019113796,0.43458703,0.3239532,0.73441386,1.9517828,1.7278763,0.12332705,0.46764052,0.034251004,0.0,0.46764052,0.6727712,1.5013103,0.6957245,0.0,1.5013103,0.6065781,1.4393181,0.8446663,0.0,1.5452086,276.66232,276.66232,271.64514,271.64514,276.63226,276.63226,272.09604,272.09604,278.2792,278.2792,275.40134,275.40134,284.6422,284.6422,276.63226,276.63226,276.63226,269.73273,269.73273,269.73273,276.66232,276.66232,276.66232,270.26617,273.37717,269.2991,264.3061,273.37717,270.26617,273.37717,269.2991,264.3061,273.37717,270.26617,273.37717,269.2991,264.3061,273.37717,0.0,0.0,0.0,0.0,0.0,0.0,0.0,0.0,0.0,0.0,0.0,0.0,0.0,0.0,0.0,0.0,0.0,0.0,0.0,0.0,1.9512002,0.7907255,2.0874557,1.3383884,1.7666978,1.7724926,3.4634256,2.0874557,0.4381259,1.9512002,0.6812886,1.5016359,0.70351696,0.10025959,1.5016359,0.6204434588676184,1.4008727232402685,0.2869696784638912,0.10025958484553771,1.5453790845757445,1.9512002,0.7907255,2.0874557,1.3383884,1.7666978,1.7724926,3.4634256,2.0874557,0.4381259,1.9512002,0.6812886,1.5016359,0.70351696,0.10025959,1.5016359,0.6204434588676184,1.4008727232402685,0.2869696784638912,0.10025958484553771,1.5453790845757445
2012-04-07 22:00:00,0.0,0.0,0.0,0.0,0.0,0.0,0.0,0.0,0.0,0.0,0.0,0.0,0.0,0.0,0.0,0.0,0.0,0.0,0.0,0.0,0.0,0.0,0.0,0.0,0.0,0.0,0.0,0.0,0.0,0.0,0.0,0.0,0.0,0.0,0.0,0.0,0.0,0.0,0.7187853,1.9318894,0.19580413,0.71852595,0.8379011,2.1214228,0.30543303,1.2443148,0.9525175,1.6842653,0.7000559,1.5982407,1.6245368,3.1203861,0.8379011,2.1214228,1.8576876,0.0,0.35691318,0.23421094,0.7187853,1.9318894,1.707303,0.05979286,0.37185684,0.0,0.0,0.37185684,0.5580343,1.3869846,0.63088566,0.0,1.3869846,0.48588276,1.3124592,0.78141904,0.0,1.4317948,276.5568,276.5568,271.26318,271.26318,276.79324,276.79324,271.7109,271.7109,277.779,277.779,274.54935,274.54935,283.03848,283.03848,276.79324,276.79324,276.79324,269.10776,269.10776,269.10776,276.5568,276.5568,276.5568,269.6846,272.73788,268.9267,265.33694,272.73788,269.6846,272.73788,268.9267,265.33694,272.73788,269.6846,272.73788,268.9267,265.33694,272.73788,0.0,0.0,0.0,0.0,0.0,0.0,0.0,0.0,0.0,0.0,0.0,0.0,0.0,0.0,0.0,0.0,0.0,0.0,0.0,0.0,1.9313068,0.7227475,2.121005,1.2457362,1.6842052,1.5987971,3.1188128,2.121005,0.37596303,1.9313068,0.5679802,1.3876488,0.66159844,0.17981291,1.3876488,0.5123744283338488,1.2927216744479169,0.24195694617058336,0.17981291307925845,1.4323141571719178,1.9313068,0.7227475,2.121005,1.2457362,1.6842052,1.5987971,3.1188128,2.121005,0.37596303,1.9313068,0.5679802,1.3876488,0.66159844,0.17981291,1.3876488,0.5123744283338488,1.2927216744479169,0.24195694617058336,0.17981291307925845,1.4323141571719178
2012-04-07 23:00:00,0.0,0.0,0.0,0.0,0.0,0.0,0.0,0.0,0.0,0.0,0.0,0.0,0.0,0.0,0.0,0.0,0.0,0.0,0.0,0.0,0.0,0.0,0.0,0.0,0.0,0.0,0.0,0.0,0.0,0.0,0.0,0.0,0.0,0.0,0.0,0.0,0.0,0.0,0.6570983,1.8533686,0.16272354,0.6531946,0.80829954,2.0807185,0.23744655,1.1382824,0.8830162,1.5851592,0.60927075,1.4727196,1.3895274,2.7959251,0.80829954,2.0807185,1.8185817,0.0,0.28788328,0.15445565,0.6570983,1.8533686,1.626098,0.0,0.28004208,0.0,0.0,0.28004208,0.44572365,1.2773958,0.58038235,0.0,1.2773958,0.36773974,1.190857,0.7321554,0.0,1.3230801,276.14026,276.14026,270.89938,270.89938,276.59793,276.59793,271.27017,271.27017,277.17804,277.17804,273.93365,273.93365,281.52853,281.52853,276.59793,276.59793,276.59793,268.55234,268.55234,268.55234,276.14026,276.14026,276.14026,269.11533,272.1251,268.63663,265.8292,272.1251,269.11533,272.1251,268.63663,265.8292,272.1251,269.11533,272.1251,268.63663,265.8292,272.1251,0.0,0.0,0.0,0.0,0.0,0.0,0.0,0.0,0.0,0.0,0.0,0.0,0.0,0.0,0.0,0.0,0.0,0.0,0.0,0.0,1.8527861,0.65800107,2.0803006,1.1397076,1.5850995,1.4732757,2.7943518,2.0803006,0.34162557,1.8527861,0.48639116,1.2785639,0.62932456,0.21780087,1.2785639,0.4359140087587923,1.1892309640381484,0.23173653203457253,0.2178008696324399,1.3241131793133036,1.8527861,0.65800107,2.0803006,1.1397076,1.5850995,1.4732757,2.7943518,2.0803006,0.34162557,1.8527861,0.48639116,1.2785639,0.62932456,0.21780087,1.2785639,0.4359140087587923,1.1892309640381484,0.23173653203457253,0.2178008696324399,1.3241131793133036
2012-05-16 00:00:00,0.0,0.0,0.0,0.0,0.0,0.0,0.0,0.0,0.0,0.0,0.0,0.0,0.0,0.0,0.0,0.0,0.0,0.0,0.0,0.0,0.0,0.0,0.0,0.0,0.0,0.0,0.0,0.0,0.0,0.0,0.0,0.0,0.0,0.0,0.0,0.0,0.0,0.0,0.6231612,1.8101702,0.20536119,0.73740035,0.70034146,1.9322677,1.3126614,2.815199,0.889821,1.5948627,1.2477543,2.355501,1.2595024,2.6164083,0.70034146,1.9322677,1.6759613,0.0,0.223602,0.08018681,0.6231612,1.8101702,1.581423,0.060683012,1.0761101,0.50861615,0.1581018,1.0761101,0.55964184,2.22757,1.3216054,0.5909545,2.22757,0.48757374,2.2451932,1.4551843,0.25015023,2.265675,275.9111,275.9111,271.3683,271.3683,275.88562,275.88562,278.24045,278.24045,277.23688,277.23688,278.26376,278.26376,280.6931,280.6931,275.88562,275.88562,275.88562,268.03513,268.03513,268.03513,275.9111,275.9111,275.9111,269.69275,277.43823,272.8939,269.94373,277.43823,269.69275,277.43823,272.8939,269.94373,277.43823,269.69275,277.43823,272.8939,269.94373,277.43823,0.0,0.0,0.0,0.0,0.0,0.0,0.0,0.0,0.0,0.0,0.0,0.0,0.0,0.0,0.0,0.0,0.0,0.0,0.0,0.0,1.8095878,0.7414529,1.9318498,2.816608,1.5948026,2.356057,2.6148353,1.9318498,0.3151111,1.8095878,0.5695677,2.2278957,1.3233745,0.5956927,2.2278957,0.5138885402692276,2.0900585817249278,1.112332458632708,0.651210133448583,2.2657805516371083,1.8095878,0.7414529,1.9318498,2.816608,1.5948026,2.356057,2.6148353,1.9318498,0.3151111,1.8095878,0.5695677,2.2278957,1.3233745,0.5956927,2.2278957,0.5138885402692276,2.0900585817249278,1.112332458632708,0.651210133448583,2.2657805516371083
2012-05-16 01:00:00,0.0,0.0,0.0,0.0,0.0,0.0,0.0,0.0,0.0,0.0,0.0,0.0,0.0,0.0,0.0,0.0,0.0,0.0,0.0,0.0,0.0,0.0,0.0,0.0,0.0,0.0,0.0,0.0,0.0,0.0,0.0,0.0,0.0,0.0,0.0,0.0,0.0,0.0,0.5667124,1.7383173,0.17417035,0.67580104,0.7311318,1.9746066,1.2683538,2.7460961,0.8630256,1.5566537,1.1090994,2.1637936,1.1884933,2.5183713,0.7311318,1.9746066,1.7166375,0.0,0.14674366,0.0,0.5667124,1.7383173,1.5071138,0.037395705,0.85137427,0.4316869,0.11994633,0.85137427,0.517587,1.9593288,1.2201046,0.5283031,1.9593288,0.44333506,1.9475462,1.356175,0.16889162,1.9995735,275.52994,275.52994,271.02527,271.02527,276.08878,276.08878,277.95322,277.95322,277.0052,277.0052,277.32343,277.32343,280.23688,280.23688,276.08878,276.08878,276.08878,267.41672,267.41672,267.41672,275.52994,275.52994,275.52994,269.47958,275.9383,272.3109,269.58362,275.9383,269.47958,275.9383,272.3109,269.58362,275.9383,269.47958,275.9383,272.3109,269.58362,275.9383,0.0,0.0,0.0,0.0,0.0,0.0,0.0,0.0,0.0,0.0,0.0,0.0,0.0,0.0,0.0,0.0,0.0,0.0,0.0,0.0,1.7377346,0.68040514,1.9741889,2.7475054,1.5565937,2.1643498,2.516798,1.9741889,0.28340888,1.7377346,0.52803653,1.9596545,1.2222054,0.53337026,1.9596545,0.47427778420697314,1.8355104393931174,0.9778359836500187,0.5885308941401587,1.9997030445089454,1.7377346,0.68040514,1.9741889,2.7475054,1.5565937,2.1643498,2.516798,1.9741889,0.28340888,1.7377346,0.52803653,1.9596545,1.2222054,0.53337026,1.9596545,0.47427778420697314,1.8355104393931174,0.9778359836500187,0.5885308941401587,1.9997030445089454
2012-05-16 02:00:00,0.0,0.0,0.0,0.0,0.0,0.0,0.0,0.0,0.0,0.0,0.0,0.0,0.0,0.0,0.0,0.0,0.0,0.0,0.0,0.0,0.0,0.0,0.0,0.0,0.0,0.0,0.0,0.0,0.0,0.0,0.0,0.0,0.0,0.0,0.0,0.0,0.0,0.0,0.5959402,1.7755208,0.1449775,0.6181476,0.754702,2.0070176,1.2231802,2.675643,0.8361774,1.5183692,1.0805792,2.1243608,0.97897094,2.229099,0.754702,2.0070176,1.7477756,0.0,0.06988905,0.0,0.5959402,1.7755208,1.5455893,0.03001444,0.69006723,0.3840265,0.12863801,0.69006723,0.5042571,1.7667955,1.1572211,0.54257476,1.7667955,0.4293129,1.7339066,1.2948349,0.18740202,1.808576,275.7273,275.7273,270.70422,270.70422,276.2443,276.2443,277.66037,277.66037,276.77304,276.77304,277.13,277.13,278.8907,278.8907,276.2443,276.2443,276.2443,266.79834,266.79834,266.79834,275.7273,275.7273,275.7273,269.41202,274.8617,271.94974,269.66565,274.8617,269.41202,274.8617,271.94974,269.66565,274.8617,269.41202,274.8617,271.94974,269.66565,274.8617,0.0,0.0,0.0,0.0,0.0,0.0,0.0,0.0,0.0,0.0,0.0,0.0,0.0,0.0,0.0,0.0,0.0,0.0,0.0,0.0,1.7749383,0.62326795,2.0066,2.677052,1.5183092,2.124917,2.2275255,2.0066,0.2517082,1.7749383,0.5148726,1.7671211,1.1595275,0.54756707,1.7671211,0.46172256388888705,1.652805467568466,0.8945105488272092,0.6028090123826201,1.8087227332888571,1.7749383,0.62326795,2.0066,2.677052,1.5183092,2.124917,2.2275255,2.0066,0.2517082,1.7749383,0.5148726,1.7671211,1.1595275,0.54756707,1.7671211,0.46172256388888705,1.652805467568466,0.8945105488272092,0.6028090123826201,1.8087227332888571
2012-05-16 03:00:00,0.0,0.0,0.0,0.0,0.0,0.0,0.0,0.0,0.0,0.0,0.0,0.0,0.0,0.0,0.0,0.0,0.0,0.0,0.0,0.0,0.0,0.0,0.0,0.0,0.0,0.0,0.0,0.0,0.0,0.0,0.0,0.0,0.0,0.0,0.0,0.0,0.0,0.0,0.60129577,1.7823379,0.11642847,0.56176555,0.7525143,2.0040095,1.1885514,2.6216357,0.8031985,1.4713428,1.0606762,2.0968425,0.8559802,2.0592942,0.7525143,2.0040095,1.7448854,0.0,0.0673251,0.0,0.60129577,1.7823379,1.5526395,0.020606168,0.64619476,0.2811791,0.0,0.64619476,0.4872666,1.7144299,1.0215232,0.2828692,1.7144299,0.4114401,1.6758003,1.162468,0.0,1.756628,275.76346,275.76346,270.39026,270.39026,276.22986,276.22986,277.43588,277.43588,276.48788,276.48788,276.99503,276.99503,278.10046,278.10046,276.22986,276.22986,276.22986,266.7777,266.7777,266.7777,275.76346,275.76346,275.76346,269.3259,274.56888,271.17035,268.1729,274.56888,269.3259,274.56888,271.17035,268.1729,274.56888,269.3259,274.56888,271.17035,268.1729,274.56888,0.0,0.0,0.0,0.0,0.0,0.0,0.0,0.0,0.0,0.0,0.0,0.0,0.0,0.0,0.0,0.0,0.0,0.0,0.0,0.0,1.7817554,0.5673908,2.0035915,2.6230447,1.4712827,2.0973988,2.057721,2.0035915,0.25065064,1.7817554,0.50252384,1.7147554,1.0242735,0.39867112,1.7147554,0.45014961363107786,1.603112905499825,0.7147008082323862,0.398671116087975,1.7567794234029013,1.7817554,0.5673908,2.0035915,2.6230447,1.4712827,2.0973988,2.057721,2.0035915,0.25065064,1.7817554,0.50252384,1.7147554,1.0242735,0.39867112,1.7147554,0.45014961363107786,1.603112905499825,0.7147008082323862,0.398671116087975,1.7567794234029013
2012-05-16 04:00:00,0.0,0.0,0.0,0.0,0.0,0.0,-0.4412443,-0.7580214,0.0,0.0,0.0,0.0,0.0,0.0,0.0,0.0,0.0,0.0,0.0,0.0,0.0,0.0,0.0,0.0,0.0,0.0,0.0,0.0,0.0,0.0,0.0,0.0,0.0,0.0,0.0,0.0,0.0,0.0,0.5953571,1.7747786,0.098024756,0.5254197,0.749309,1.9996017,1.1743345,2.599463,0.76041144,1.4103303,0.9968184,2.0085514,0.7925802,1.9717622,0.749309,1.9996017,1.7406508,0.0,0.058624268,0.0,0.5953571,1.7747786,1.5448219,0.008877486,0.55243206,0.17331392,0.0,0.55243206,0.46608567,1.6025162,0.87920517,0.10886316,1.6025162,0.38915932,1.5516183,1.0236433,0.0,1.6456071,275.72336,275.72336,270.18787,270.18787,276.2087,276.2087,277.34372,277.34372,276.11792,276.11792,276.56195,276.56195,277.6931,277.6931,276.2087,276.2087,276.2087,266.7077,266.7077,266.7077,275.72336,275.72336,275.72336,269.21854,273.94308,270.35294,267.17276,273.94308,269.21854,273.94308,270.35294,267.17276,273.94308,269.21854,273.94308,270.35294,267.17276,273.94308,0.0,0.0,0.0,0.94603384,0.0,0.0,0.0,0.0,0.0,0.0,0.0,0.0,0.0,0.0,0.0,0.0,0.0,0.0,0.0,0.0,1.7741963,0.53137046,1.999184,2.600872,1.4102702,2.0091076,1.9701891,1.999184,0.24706176,1.7741963,0.4942985,1.6028417,0.8824207,0.32148704,1.6028417,0.4428915182773531,1.4969122095353058,0.5261184870047607,0.32148703052582894,1.645768531008799,1.7741963,0.53137046,1.999184,1.6548382,1.4102702,2.0091076,1.9701891,1.999184,0.24706176,1.7741963,0.4942985,1.6028417,0.8824207,0.32148704,1.6028417,0.4428915182773531,1.4969122095353058,0.5261184870047607,0.32148703052582894,1.645768531008799
2012-05-16 05:00:00,-0.47914279,-0.5558554,0.0,0.0,-0.6505792,-0.84895873,-1.905186,-3.243731,-1.3900117,-1.9726619,-1.0395365,-1.5494038,-1.257568,-1.8631257,-0.6505792,-0.84895873,-0.6738483,0.0,0.0,0.0,-0.47914279,-0.5558554,-0.44325104,0.0,-0.93902445,0.0,0.0,-0.93902445,0.0,-1.0855348,0.0,0.0,-1.0855348,0.0,-1.0144728,0.0,0.0,-0.9965281,0.6203907,1.806644,0.11788532,0.5646427,0.76997,2.0280123,1.2165142,2.665247,0.7926949,1.4563653,0.99266046,2.0028026,1.0808442,2.3697479,0.76997,2.0280123,1.7679456,0.0,0.06953631,0.0,0.6203907,1.806644,1.577776,0.013048209,0.6495966,0.19861196,0.0,0.6495966,0.4736176,1.7184902,0.9125837,0.21451554,1.7184902,0.39708227,1.680306,1.0562024,0.0,1.7606561,275.8924,275.8924,270.40628,270.40628,276.34503,276.34503,277.61716,277.61716,276.39706,276.39706,276.53375,276.53375,279.54523,279.54523,276.34503,276.34503,276.34503,266.7955,266.7955,266.7955,275.8924,275.8924,275.8924,269.2567,274.59158,270.54465,267.78003,274.59158,269.2567,274.59158,270.54465,267.78003,274.59158,269.2567,274.59158,270.54465,267.78003,274.59158,0.6150159,0.0,0.8434102,3.905107,1.7012268,1.675587,1.7299505,0.8434102,0.0,0.6150159,0.0,1.1933964,0.0,0.0,1.1933964,0.0,1.0981236129904612,0.0,0.0,1.1933964072305978,1.8060614,0.5702422,2.0275946,2.6666558,1.4563051,2.0033588,2.3681748,2.0275946,0.2515627,1.8060614,0.4972234,1.7188158,0.91569006,0.3683514,1.7188158,0.44547249533463273,1.6069660859249493,0.5703475010780086,0.36835140420541723,1.7608071276817079,1.1910454,0.5702422,1.1841843,-1.2384512,-0.24492167,0.3277717,0.6382242,1.1841843,0.2515627,1.1910454,0.4972234,0.5254195,0.91569006,0.3683514,0.5254195,0.44547249533463273,0.508842472934488,0.5703475010780086,0.36835140420541723,0.5674107204511101
2012-05-16 06:00:00,-1.1728679,-1.3664919,0.0,0.0,-1.3767672,-1.7989742,-3.1468067,-5.339404,-3.0695066,-4.1225457,-4.414352,-6.263835,-5.390198,-7.152791,-1.3767672,-1.7989742,-1.4473091,0.0,0.0,0.0,-1.1728679,-1.3664919,-1.1272835,0.0,-3.1440475,0.0,0.0,-3.1440475,0.0,-3.638381,0.0,0.0,-3.638381,0.0,-3.4131324,0.0,0.0,-3.3582742,0.6770701,1.8787905,0.14363997,0.61550605,0.80897945,2.0816534,1.2588493,2.7312732,0.91537756,1.6313053,1.2207323,2.31814,1.4883277,2.9323313,0.80897945,2.0816534,1.81948,0.0,0.09372715,0.0,0.6770701,1.8787905,1.6523889,0.035178654,0.9130748,0.2997922,0.0,0.9130748,0.5135832,2.0329738,1.0460818,0.22120015,2.0329738,0.43912333,2.0292645,1.1864237,0.0,2.0726311,276.27512,276.27512,270.6895,270.6895,276.60242,276.60242,277.8916,277.8916,277.45786,277.45786,278.0805,278.0805,282.16333,282.16333,276.60242,276.60242,276.60242,266.99014,266.99014,266.99014,276.27512,276.27512,276.27512,269.4593,276.3501,271.3114,267.81845,276.3501,269.4593,276.3501,271.3114,267.81845,276.3501,269.4593,276.3501,271.3114,267.81845,276.3501,1.4859394,0.0,1.7756793,6.2589293,3.5770159,6.490322,6.8833776,1.7756793,0.0,1.4859394,0.0,3.8829086,0.0,0.0,3.8829086,0.0,3.734704729932169,0.0,0.0,3.8301706315772956,1.8782079,0.62065005,2.0812354,2.732682,1.6312451,2.318696,2.9307582,2.0812354,0.26154083,1.8782079,0.5240826,2.0332994,1.0487515,0.3713165,2.0332994,0.47050668144657254,1.9053959456520277,0.7472424355877749,0.371316490212885,2.0727539067914975,0.39226857,0.62065005,0.30555612,-3.5262475,-1.9457707,-4.171626,-3.9526196,0.30555612,0.26154083,0.39226857,0.5240826,-1.8496093,1.0487515,0.3713165,-1.8496093,0.47050668144657254,-1.8293087842801414,0.7472424355877749,0.371316490212885,-1.7574167247857981
2012-05-16 07:00:00,-1.7557992,-2.0647495,0.0,0.0,-2.0350976,-2.6916115,-3.838735,-6.5467153,-4.3822327,-5.7534266,-7.502868,-10.501961,-9.360333,-11.634851,-2.0350976,-2.6916115,-2.1739445,0.0,0.0,0.0,-1.7557992,-2.0647495,-1.734195,0.0,-5.1343155,0.0,0.0,-5.1343155,0.0,-5.9602284,0.0,0.0,-5.9602284,0.0,-5.602866,0.0,0.0,-5.5106087,0.7421965,1.9616892,0.16298716,0.65371513,0.8712676,2.1673045,1.3154529,2.8195524,1.0227283,1.7843826,1.5022584,2.7073839,1.7966547,3.3580167,0.8712676,2.1673045,1.9017673,0.0,0.116730794,0.0,0.7421965,1.9616892,1.7381214,0.06668737,1.1303302,0.41684315,0.0,1.1303302,0.5704851,2.2922864,1.2005196,0.27250516,2.2922864,0.49898016,2.317004,1.3370706,0.0,2.3298755,276.71487,276.71487,270.90228,270.90228,277.0134,277.0134,278.25854,278.25854,278.38608,278.38608,279.98978,279.98978,284.14435,284.14435,277.0134,277.0134,277.0134,267.17523,267.17523,267.17523,276.71487,276.71487,276.71487,269.7477,277.8001,272.19843,268.11334,277.8001,269.7477,277.8001,272.19843,268.11334,277.8001,269.7477,277.8001,272.19843,268.11334,277.8001,2.2181768,0.0,2.6451979,7.559832,5.031444,10.669073,11.308495,2.6451979,0.0,2.2181768,0.0,6.258369,0.0,0.0,6.258369,0.0,6.128887965610637,0.0,0.0,6.121097541096848,1.9611067,0.658517,2.1668868,2.8209617,1.7843226,2.70794,3.3564436,2.1668868,0.2710293,1.9611067,0.580276,2.292612,1.2026844,0.39407393,2.292612,0.5241017072940123,2.151471234253323,0.9518843526608446,0.39407393746480013,2.3299747953711014,-0.25707006,0.658517,-0.4783111,-4.73887,-3.2471213,-7.9611325,-7.952051,-0.4783111,0.2710293,-0.25707006,0.580276,-3.965757,1.2026844,0.39407393,-3.965757,0.5241017072940123,-3.9774167313573145,0.9518843526608446,0.39407393746480013,-3.7911227457257466
2012-05-16 08:00:00,-1.7751026,-2.1067884,0.0,0.0,-2.6248555,-3.5230708,-4.803884,-8.196044,-5.636297,-7.281943,-9.031851,-12.506342,-12.806203,-15.264269,-2.6248555,-3.5230708,-2.840999,0.0,0.0,0.0,-1.7751026,-2.1067884,-1.7501994,0.0,-6.6853547,0.0,0.0,-6.6853547,0.0,-7.747067,0.0,0.0,-7.747067,0.0,-7.3246036,0.0,0.0,-7.202908,0.77760696,2.006763,0.18485129,0.6968949,0.94885176,2.2739887,1.3855201,2.92883,1.1183754,1.9207715,1.6262162,2.8787715,2.0715432,3.7375362,0.94885176,2.2739887,2.0042615,0.0,0.1528122,0.0,0.77760696,2.006763,1.7847359,0.10099322,1.2702746,0.4601825,0.02945644,1.2702746,0.6324385,2.4593222,1.2577019,0.3797185,2.4593222,0.5641507,2.5023506,1.3928492,0.0,2.4955783,276.95398,276.95398,271.14273,271.14273,277.5253,277.5253,278.71277,278.71277,279.2131,279.2131,280.83044,280.83044,285.91052,285.91052,277.5253,277.5253,277.5253,267.46555,267.46555,267.46555,276.95398,276.95398,276.95398,270.06174,278.73413,272.52686,268.72958,278.73413,270.06174,278.73413,272.52686,268.72958,278.73413,270.06174,278.73413,272.52686,268.72958,278.73413,2.2620027,0.0,3.45405,9.295226,6.4367886,12.621795,14.922229,3.45405,0.0,2.2620027,0.0,8.055538,0.0,0.0,8.055538,0.0,7.96592318148769,0.0,0.0,7.855197077546259,2.0061803,0.70131016,2.2735708,2.9302392,1.9207114,2.8793275,3.7359629,2.2735708,0.285912,2.0061803,0.6414579,2.4596474,1.2596798,0.442023,2.4596474,0.5824545605338973,2.309979890290095,1.0276552296834955,0.44202301111095954,2.4956628560662093,-0.25582242,0.70131016,-1.1804793,-6.364987,-4.516077,-9.742468,-11.186266,-1.1804793,0.285912,-0.25582242,0.6414579,-5.5958905,1.2596798,0.442023,-5.5958905,0.5824545605338973,-5.655943291197595,1.0276552296834955,0.44202301111095954,-5.359534221480049
2012-05-16 09:00:00,-1.7820241,-2.1333094,0.0,0.0,-3.486325,-4.762053,-5.423295,-9.314963,-6.293616,-8.048431,-10.605831,-14.551744,-15.301515,-17.763544,-3.486325,-4.762053,-3.8642495,0.0,0.0,0.0,-1.7820241,-2.1333094,-1.7530742,0.0,-8.253686,0.0,0.0,-8.253686,0.0,-9.5444565,0.0,0.0,-9.5444565,0.0,-9.061299,0.0,0.0,-8.912619,0.815815,2.0553975,0.19247137,0.71194404,1.0721147,2.443485,1.5047247,3.1147428,1.159652,1.9796299,1.7713152,3.079388,2.2816925,4.0276747,1.0721147,2.443485,2.167101,0.0,0.19650963,0.048885044,0.815815,2.0553975,1.8350329,0.14303708,1.4133282,0.51410097,0.05125679,1.4133282,0.7083658,2.6300683,1.3288423,0.41551477,2.6300683,0.64402103,2.6918147,1.4622434,0.02260543,2.6649628,277.21198,277.21198,271.22653,271.22653,278.3386,278.3386,279.48553,279.48553,279.57,279.57,281.81448,281.81448,287.26074,287.26074,278.3386,278.3386,278.3386,267.81714,267.81714,267.81714,277.21198,277.21198,277.21198,270.4466,279.6889,272.93546,268.93533,279.6889,270.4466,279.6889,272.93546,268.93533,279.6889,270.4466,279.6889,272.93546,268.93533,279.6889,2.2896228,0.0,4.665716,10.439368,7.142215,14.606446,17.427822,4.665716,0.0,2.2896228,0.0,9.849146,0.0,0.0,9.849146,0.0,9.789644609372932,0.0,0.0,9.586017019668356,2.054815,0.7162245,2.443067,3.116152,1.9795699,3.0799441,4.026101,2.443067,0.30393615,2.054815,0.71643996,2.630394,1.3305876,0.45928764,2.630394,0.6539694130322641,2.472010270371337,1.121921748216879,0.4757221019202641,2.66503215185485,-0.23480769,0.7162245,-2.2226493,-7.323216,-5.162645,-11.526503,-13.401722,-2.2226493,0.30393615,-0.23480769,0.71643996,-7.218752,1.3305876,0.45928764,-7.218752,0.6539694130322641,-7.317634339001595,1.121921748216879,0.4757221019202641,-6.920984867813505
2012-05-16 10:00:00,-2.3721142,-2.864711,0.0,0.0,-4.7467422,-6.50408,-5.0093703,-8.658764,-7.7190037,-9.792668,-10.798067,-14.884101,-16.422651,-18.778883,-4.7467422,-6.50408,-5.4383707,0.0,0.0,0.0,-2.3721142,-2.864711,-2.3761928,0.0,-8.903458,-1.1959895,0.0,-8.903458,0.0,-10.269766,-1.3941624,0.0,-10.269766,0.0,-9.771957,-1.2740494,0.0,-9.610858,0.9108153,2.1763227,0.23161255,0.7892446,1.1752671,2.5853276,1.5332953,3.1593013,1.3004969,2.1804686,1.8397268,3.173975,2.347743,4.1188655,1.1752671,2.5853276,2.303373,0.0,0.23168077,0.08952082,0.9108153,2.1763227,1.9600915,0.13099167,1.465605,0.67915857,0.08775346,1.465605,0.68661296,2.6924655,1.5466208,0.47544235,2.6924655,0.6211385,2.7610521,1.6746763,0.10033138,2.726862,277.85345,277.85345,271.65698,271.65698,279.0192,279.0192,279.67075,279.67075,280.78784,280.78784,282.27844,282.27844,287.68512,287.68512,279.0192,279.0192,279.0192,268.10013,268.10013,268.10013,277.85345,277.85345,277.85345,270.33633,280.0378,274.18628,269.2798,280.0378,270.33633,280.0378,274.18628,269.2798,280.0378,270.33633,280.0378,274.18628,269.2798,280.0378,3.0465522,0.0,6.370788,9.742551,8.80355,14.936427,18.44379,6.370788,0.0,3.0465522,0.0,10.568449,1.8557578,0.0,10.568449,0.0,10.531997596222814,2.070023654641855,0.0,10.279797803844007,2.1757402,0.7928329,2.5849097,3.1607106,2.1804087,3.1745315,4.117292,2.5849097,0.3184434,2.1757402,0.6949579,2.692791,1.5482439,0.48819092,2.692791,0.6334806998392898,2.5312218453719386,1.4110845300951698,0.53565308999462,2.7269256236553847,-0.870812,0.7928329,-3.7858782,-6.5818405,-6.6231413,-11.761895,-14.326499,-3.7858782,0.3184434,-0.870812,0.6949579,-7.8756585,-0.30751392,0.48819092,-7.8756585,0.6334806998392898,-8.000775750850876,-0.6589391245466851,0.53565308999462,-7.552872180188622
2012-05-16 11:00:00,-3.9782004,-4.8332024,0.0,0.0,-5.891313,-8.045568,-6.881802,-11.791729,-7.902592,-9.998038,-11.454551,-15.720785,-17.381731,-19.739239,-5.891313,-8.045568,-6.8414865,0.0,0.0,0.0,-3.9782004,-4.8332024,-4.264075,0.0,-8.639414,-1.7193663,0.0,-8.639414,0.0,-9.948711,-2.0007439,0.0,-9.948711,0.0,-9.474853,-1.8349162,0.0,-9.31623,1.0113974,2.3043525,0.23704597,0.7999753,1.2597289,2.701469,1.6496187,3.3407211,1.3114768,2.1961255,1.9008622,3.2585027,2.4563272,4.2687807,1.2597289,2.701469,2.4149532,0.0,0.29687607,0.16484576,1.0113974,2.3043525,2.092498,0.19638953,1.4265883,0.7391782,0.15956655,1.4265883,0.8047155,2.6458955,1.6258109,0.59335953,2.6458955,0.74537426,2.7093768,1.7519226,0.25326976,2.6806636,278.53262,278.53262,271.71674,271.71674,279.57648,279.57648,280.42484,280.42484,280.88278,280.88278,282.69305,282.69305,288.38278,288.38278,279.57648,279.57648,279.57648,268.6247,268.6247,268.6247,278.53262,278.53262,278.53262,270.93497,279.7774,274.6411,269.95755,279.7774,270.93497,279.7774,274.6411,269.95755,279.7774,270.93497,279.7774,274.6411,269.95755,279.7774,5.033927,0.0,7.878311,12.963519,8.995783,15.744543,19.41821,7.878311,0.0,5.033927,0.0,10.248029,2.635126,0.0,10.248029,0.0,10.224664096532381,2.9203963345149107,0.0,9.971899128527948,2.30377,0.8034674,2.7010512,3.3421302,2.1960657,3.2590587,4.267207,2.7010512,0.3453349,2.30377,0.81159,2.6462212,1.627434,0.5980852,2.6462212,0.7447197250242839,2.4870293876198053,1.516276479586999,0.6536163788220335,2.680731536812565,-2.7301567,0.8034674,-5.17726,-9.621388,-6.799717,-12.485484,-15.151002,-5.17726,0.3453349,-2.7301567,0.81159,-7.601807,-1.007692,0.5980852,-7.601807,0.7447197250242839,-7.737634708912576,-1.4041198549279117,0.6536163788220335,-7.291167591715383
2012-05-16 12:00:00,-4.600796,-5.7252107,0.0,0.0,-5.4872813,-7.57438,-7.183676,-12.304104,-7.992958,-10.113593,-11.482217,-15.8265705,-17.50242,-19.893879,-5.4872813,-7.57438,-6.4139314,0.0,0.0,0.0,-4.600796,-5.7252107,-5.11135,0.0,-10.494264,-2.1427243,0.0,-10.494264,0.0,-12.108149,-2.489924,0.0,-12.108149,0.0,-11.530075,-2.2900336,0.0,-11.34538,1.1293387,2.4544795,0.27802974,0.8809147,1.291597,2.7452898,1.6865917,3.3983846,1.3234028,2.2131314,1.9491144,3.325217,2.4875762,4.311924,1.291597,2.7452898,2.4570532,0.0,0.28814876,0.1547624,1.1293387,2.4544795,2.2477562,0.17652947,1.6510772,0.78790563,0.17963053,1.6510772,0.7688501,2.9138417,1.6901025,0.6263047,2.9138417,0.7076463,3.0066967,1.8146361,0.29599938,2.9464726,279.329,279.329,272.16745,272.16745,279.78674,279.78674,280.66452,280.66452,280.9859,280.9859,283.0203,283.0203,288.58356,288.58356,279.78674,279.78674,279.78674,268.55447,268.55447,268.55447,279.329,279.329,279.329,270.75317,281.2757,275.01038,270.1469,281.2757,270.75317,281.2757,275.01038,270.1469,281.2757,270.75317,281.2757,275.01038,270.1469,281.2757,5.929113,0.0,7.445745,13.478021,9.109128,15.853058,19.578987,7.445745,0.0,5.929113,0.0,12.388944,3.251734,0.0,12.388944,0.0,12.3485886681986,3.5855596474112694,0.0,12.030563180814578,2.4538968,0.88368213,2.744872,3.3997939,2.2130713,3.3257732,4.31035,2.744872,0.34173506,2.4538968,0.77617115,2.9141676,1.6917256,0.6308573,2.9141676,0.7109385834547992,2.7412978636304377,1.6016778878566669,0.6865760974583702,2.9465167105656533,-3.475216,0.88368213,-4.700873,-10.078227,-6.896057,-12.527285,-15.268637,-4.700873,0.34173506,-3.475216,0.77617115,-9.474776,-1.5600084,0.6308573,-9.474776,0.7109385834547992,-9.607290804568162,-1.9838817595546026,0.6865760974583702,-9.084046470248925
2012-05-16 13:00:00,-4.6668706,-5.8155336,0.0,0.0,-6.251338,-8.570845,-7.023202,-12.046774,-7.5083437,-9.538141,-11.113728,-15.418762,-16.742628,-19.391441,-6.251338,-8.570845,-7.319723,0.0,0.0,0.0,-4.6668706,-5.8155336,-5.1986637,0.0,-9.681477,-2.2125485,0.0,-9.681477,0.0,-11.193053,-2.5775418,0.0,-11.193053,0.0,-10.641099,-2.358487,0.0,-10.47046,1.1393586,2.4672334,0.29338098,0.91123194,1.3235204,2.7891877,1.6860316,3.397511,1.2799275,2.1511374,1.9571466,3.3363228,2.5299776,4.370464,1.3235204,2.7891877,2.4992266,0.0,0.30998418,0.1799905,1.1393586,2.4672334,2.2609463,0.19941671,1.5699027,0.80049837,0.19063097,1.5699027,0.81018233,2.8169534,1.7067173,0.6443672,2.8169534,0.7511249,2.8991868,1.8308431,0.31942666,2.850357,279.39667,279.39667,272.33627,272.33627,279.99738,279.99738,280.6609,280.6609,280.61,280.61,283.07477,283.07477,288.856,288.856,279.99738,279.99738,279.99738,268.73016,268.73016,268.73016,279.39667,279.39667,279.39667,270.96268,280.73392,275.1058,270.25073,280.73392,270.96268,280.73392,275.1058,270.25073,280.73392,270.96268,280.73392,275.1058,270.25073,280.73392,6.019611,0.0,8.411108,13.216083,8.559664,15.464705,19.094784,8.411108,0.0,6.019611,0.0,11.485776,3.363053,0.0,11.485776,0.0,11.430088215468306,3.680585698713834,0.0,11.16147628209407,2.466651,0.91372806,2.7887695,3.39892,2.1510775,3.3368788,4.368891,2.7887695,0.35153177,2.466651,0.8169888,2.8172789,1.7083405,0.64882517,2.8172789,0.749868839770816,2.6493549710400686,1.6237481526218946,0.7046468408589854,2.85040940671934,-3.5529597,0.91372806,-5.622339,-9.8171625,-6.4085865,-12.127827,-14.725893,-5.622339,0.35153177,-3.5529597,0.8169888,-8.668497,-1.6547127,0.64882517,-8.668497,0.749868839770816,-8.780733244428237,-2.0568375460919395,0.7046468408589854,-8.31106687537473
2012-05-16 14:00:00,-4.9142947,-6.1415834,0.0,0.0,-6.0942764,-8.37089,-7.317706,-12.539652,-7.0565786,-9.028405,-10.391328,-14.529516,-15.675225,-18.432518,-6.0942764,-8.37089,-7.13748,0.0,0.0,0.0,-4.9142947,-6.1415834,-5.5149956,0.0,-9.276481,-2.3271031,0.0,-9.276481,0.0,-10.77465,-2.775393,0.0,-10.77465,0.0,-10.211771,-2.4876585,0.0,-10.051607,1.1688982,2.504834,0.28912413,0.90282524,1.3198526,2.784144,1.7145404,3.441974,1.2536756,2.1137035,1.9179932,3.282188,2.4675083,4.2842174,1.3198526,2.784144,2.494381,0.0,0.33540392,0.2093597,1.1688982,2.504834,2.2998328,0.19309562,1.5585858,0.822297,0.18383732,1.5585858,0.7987671,2.8034458,1.7354785,0.63321215,2.8034458,0.73911685,2.8841982,1.8588984,0.30495852,2.836957,279.59613,279.59613,272.28946,272.28946,279.97318,279.97318,280.8457,280.8457,280.383,280.383,282.80923,282.80923,288.45462,288.45462,279.97318,279.97318,279.97318,268.9347,268.9347,268.9347,279.59613,279.59613,279.59613,270.90482,280.6584,275.271,270.1866,280.6584,270.90482,280.6584,275.271,270.1866,280.6584,270.90482,280.6584,275.271,270.1866,280.6584,6.3460393,0.0,8.218844,13.71153,8.08546,14.608153,18.133139,8.218844,0.0,6.3460393,0.0,11.074393,3.5919008,0.0,11.074393,0.0,10.980772851284216,3.8696953817339694,0.0,10.763720603720142,2.5042517,0.90539646,2.783726,3.443383,2.1136436,3.2827444,4.282644,2.783726,0.3647653,2.5042517,0.8057156,2.8037713,1.7371017,0.63772863,2.8037713,0.7391169437802598,2.6365369313193927,1.6619529313792263,0.693486749182121,2.837010793695084,-3.8417876,0.90539646,-5.4351187,-10.268147,-5.971816,-11.325409,-13.850495,-5.4351187,0.3647653,-3.8417876,0.8057156,-8.270622,-1.8547992,0.63772863,-8.270622,0.7391169437802598,-8.344235919964824,-2.2077424503547434,0.693486749182121,-7.9267098100250575
2012-05-16 15:00:00,-3.7435007,-4.744913,0.0,0.0,-4.600171,-6.4467154,-7.129632,-12.218093,-6.241653,-8.082864,-9.426679,-13.378481,-14.55335,-17.44579,-4.600171,-6.4467154,-5.4130716,0.0,0.0,0.0,-3.7435007,-4.744913,-4.1667895,0.0,-8.084519,-1.3478339,0.0,-8.084519,0.0,-9.452279,-1.5922973,0.0,-9.452279,0.0,-8.909947,-1.4166534,0.0,-8.773642,1.1474304,2.477508,0.29204345,0.9085905,1.3141035,2.7762384,1.6871145,3.3991997,1.2008438,2.0383677,1.9164722,3.280085,2.431258,4.2341685,1.3141035,2.7762384,2.4867861,0.0,0.29493418,0.1626021,1.1474304,2.477508,2.2715726,0.18850486,1.4709686,0.7113872,0.17085803,1.4709686,0.79047656,2.698867,1.5891435,0.6119001,2.698867,0.7303958,2.7681553,1.7161553,0.2773168,2.7332127,279.45117,279.45117,272.32156,272.32156,279.93524,279.93524,280.6679,280.6679,279.92618,279.92618,282.79892,282.79892,288.2217,288.2217,279.93524,279.93524,279.93524,268.60907,268.60907,268.60907,279.45117,279.45117,279.45117,270.8628,280.0736,274.4305,270.06412,280.0736,270.8628,280.0736,274.4305,270.06412,280.0736,270.8628,280.0736,274.4305,270.06412,280.0736,4.942726,0.0,6.3710327,13.390402,7.206693,13.499581,17.151806,6.3710327,0.0,4.942726,0.0,9.764402,2.1208131,0.0,9.764402,0.0,9.620162130351062,2.285444725233559,0.0,9.499855219098169,2.4769256,0.91111016,2.7758203,3.4006088,2.0383077,3.2806416,4.232596,2.7758203,0.3445339,2.4769256,0.7975283,2.6991928,1.5907667,0.61652845,2.6991928,0.7313082091921819,2.537296819348647,1.4675694450027859,0.672165184217374,2.7332757541917294,-2.4658005,0.91111016,-3.5952125,-9.989793,-5.1683855,-10.21894,-12.91921,-3.5952125,0.3445339,-2.4658005,0.7975283,-7.0652103,-0.53004646,0.61652845,-7.0652103,0.7313082091921819,-7.082865311002415,-0.8178752802307732,0.672165184217374,-6.76657946490644
2012-05-16 16:00:00,-2.1074321,-2.6792424,0.0,0.0,-5.085194,-7.121443,-7.2541842,-12.378888,-5.168927,-6.823156,-8.02531,-11.569588,-12.165259,-15.269445,-5.085194,-7.121443,-6.021588,0.0,0.0,0.0,-2.1074321,-2.6792424,-2.2401853,0.0,-6.880676,-0.8178174,0.0,-6.880676,0.0,-8.135434,-0.9812065,0.0,-8.135434,0.0,-7.5991917,-0.8470155,0.0,-7.489961,1.0665717,2.3745837,0.2675014,0.86012214,1.3610265,2.8407614,1.641484,3.3280344,1.138613,1.9496295,1.8397223,3.1739693,2.3855987,4.1711297,1.3610265,2.8407614,2.548775,0.0,0.2585645,0.12058156,1.0665717,2.3745837,2.1651294,0.17848316,1.4166936,0.6553707,0.12985706,1.4166936,0.7723782,2.6340852,1.5152346,0.54457647,2.6340852,0.71135765,2.6962721,1.6440606,0.18999821,2.6689477,278.90518,278.90518,272.05167,272.05167,280.24484,280.24484,280.3721,280.3721,279.3881,279.3881,282.2784,282.2784,287.92834,287.92834,280.24484,280.24484,280.24484,268.31644,268.31644,268.31644,278.90518,278.90518,278.90518,270.77106,279.71136,274.006,269.67715,279.71136,270.77106,279.71136,274.006,269.67715,279.71136,270.77106,279.71136,274.006,269.67715,279.71136,2.8373682,0.0,7.0370183,13.562005,6.0512342,11.740002,14.998153,7.0370183,0.0,2.8373682,0.0,8.454036,1.3282841,0.0,8.454036,0.0,8.23474303413255,1.3980034076405718,0.0,8.232075996719267,2.374001,0.8630758,2.8403435,3.3294432,1.9495695,3.1745253,4.1695566,2.8403435,0.3295323,2.374001,0.77965534,2.6344109,1.5168579,0.5495582,2.6344109,0.7142616905489269,2.475822018748879,1.3693931153307954,0.6048115609605248,2.669016547485498,-0.46336716,0.8630758,-4.196675,-10.232562,-4.101665,-8.565476,-10.828596,-4.196675,0.3295323,-0.46336716,0.77965534,-5.819625,0.1885738,0.5495582,-5.819625,0.7142616905489269,-5.75892101538367,-0.02861029230977641,0.6048115609605248,-5.563059449233769
2012-05-16 17:00:00,-2.3818903,-2.9962544,0.0,0.0,-3.782777,-5.351491,-4.7869644,-8.32886,-3.6749806,-5.0097966,-5.8570232,-8.621066,-8.195123,-11.082603,-3.782777,-5.351491,-4.4535165,0.0,0.0,0.0,-2.3818903,-2.9962544,-2.5126998,0.0,-4.558478,0.0,0.0,-4.558478,0.0,-5.4680424,0.0,0.0,-5.4680424,0.0,-5.021574,0.0,0.0,-4.955633,1.0446339,2.3466594,0.24675009,0.81913996,1.3064717,2.765744,1.5938058,3.2536747,1.0560354,1.8318771,1.6641774,2.9312568,2.2010078,3.9162788,1.3064717,2.765744,2.476704,0.0,0.1821082,0.03224601,1.0446339,2.3466594,2.1362505,0.14909813,1.2579564,0.51796293,0.088587716,1.2579564,0.7193115,2.444619,1.3339378,0.47681215,2.444619,0.65553516,2.4860356,1.4672139,0.102108054,2.4809928,278.75705,278.75705,271.82346,271.82346,279.8849,279.8849,280.06302,280.06302,278.67407,278.67407,281.0879,281.0879,286.74234,286.74234,279.8849,279.8849,279.8849,267.70126,267.70126,267.70126,278.75705,278.75705,278.75705,270.50208,278.65192,272.96472,269.28766,278.65192,270.50208,278.65192,272.96472,269.28766,278.65192,270.50208,278.65192,272.96472,269.28766,278.65192,3.168395,0.0,5.3077083,9.373666,4.4102597,8.841883,10.846229,5.3077083,0.0,3.168395,0.0,5.7656627,0.0,0.0,5.7656627,0.0,5.486684011972852,0.0,0.0,5.628928877169165,2.3460767,0.8224606,2.7653263,3.2550838,1.8318172,2.9318132,3.9147055,2.7653263,0.2979959,2.3460767,0.7272494,2.4449446,1.3356664,0.4888516,2.4449446,0.6642789841877657,2.2960276482668625,1.1286736782544857,0.5370230018333002,2.4810786687985944,-0.8223184,0.8224606,-2.5423822,-6.1185822,-2.5784426,-5.91007,-6.931523,-2.5423822,0.2979959,-0.8223184,0.7272494,-3.3207178,1.3356664,0.4888516,-3.3207178,0.6642789841877657,-3.19065636370599,1.1286736782544857,0.5370230018333002,-3.1478502083705706
2012-05-16 18:00:00,-1.0640135,-1.3301011,0.0,0.0,-1.8465093,-2.6469915,-1.5966022,-2.8278427,-1.5915413,-2.3058164,-2.1412477,-3.3075385,-3.1769845,-4.821829,-1.8465093,-2.6469915,-2.1368318,0.0,0.0,0.0,-1.0640135,-1.3301011,-1.0416346,0.0,-1.5916437,0.0,0.0,-1.5916437,0.0,-1.9629617,0.0,0.0,-1.9629617,0.0,-1.7566842,0.0,0.0,-1.7371666,0.97962505,2.26391,0.22164479,0.769559,1.2310293,2.6620047,1.4480412,3.0263388,0.91630566,1.6326287,1.4094301,2.5790374,1.9328117,3.5459993,1.2310293,2.6620047,2.3770385,0.0,0.012992486,0.0,0.97962505,2.26391,2.0506728,0.13209522,1.0114924,0.34455717,0.04007854,1.0114924,0.68860584,2.1504433,1.105145,0.39716005,2.1504433,0.62323487,2.1596115,1.244037,0.0,2.1891634,278.31808,278.31808,271.54736,271.54736,279.38712,279.38712,279.11807,279.11807,277.46588,277.46588,279.36023,279.36023,285.01917,285.01917,279.38712,279.38712,279.38712,266.34055,266.34055,266.34055,278.31808,278.31808,278.31808,270.34644,277.00696,271.65063,268.82983,277.00696,270.34644,277.00696,271.65063,268.82983,277.00696,270.34644,277.00696,271.65063,268.82983,277.00696,1.4356573,0.0,2.645388,3.3458147,2.0105064,3.487509,4.6858945,2.645388,0.0,1.4356573,0.0,2.1288917,0.0,0.0,2.1288917,0.0,1.927313303384568,0.0,0.0,2.093761027179506,2.2633276,0.7733237,2.6615868,3.0277476,1.6325687,2.5795941,3.544426,2.6615868,0.22823974,2.2633276,0.696926,2.150769,1.1076217,0.4504351,2.150769,0.6353577449726622,2.0168688696713537,0.8255056830309815,0.4573663452291108,2.1892758246638584,0.8276703,0.7733237,0.016198924,-0.31806695,-0.3779376,-0.907915,-1.1414686,0.016198924,0.22823974,0.8276703,0.696926,0.021877239,1.1076217,0.4504351,0.021877239,0.6353577449726622,0.08955556628678574,0.8255056830309815,0.4573663452291108,0.09551479748435243
2012-05-16 19:00:00,0.0,0.0,0.0,0.0,0.0,0.0,0.0,0.0,0.0,0.0,0.0,0.0,0.0,0.0,0.0,0.0,0.0,0.0,0.0,0.0,0.0,0.0,0.0,0.0,0.0,0.0,0.0,0.0,0.0,0.0,0.0,0.0,0.0,0.0,0.0,0.0,0.0,0.0,0.84464496,2.092095,0.22278531,0.7718116,0.921868,2.2368839,1.2558413,2.7265816,0.77597606,1.4325248,1.1422545,2.2096345,1.5203316,2.9765172,0.921868,2.2368839,1.9686139,0.0,0.0,0.0,0.84464496,2.092095,1.8729848,0.11579243,0.7996141,0.19869253,0.014698692,0.7996141,0.6591644,1.8975488,0.9126901,0.35548627,1.8975488,0.59226465,1.8789936,1.0563062,0.0,1.9382863,277.40665,277.40665,271.5599,271.5599,277.34726,277.34726,277.8721,277.8721,276.2525,276.2525,277.54828,277.54828,282.36896,282.36896,277.34726,277.34726,277.34726,263.0912,263.0912,263.0912,277.40665,277.40665,277.40665,270.1972,275.59283,270.54526,268.5903,275.59283,270.1972,275.59283,270.54526,268.5903,275.59283,270.1972,275.59283,270.54526,268.5903,275.59283,0.0,0.0,0.0,0.0,0.0,0.0,0.0,0.0,0.0,0.0,0.0,0.0,0.0,0.0,0.0,0.0,0.0,0.0,0.0,0.0,2.0915127,0.77555597,2.2364662,2.7279906,1.4324648,2.2101908,2.9749439,2.2364662,0.071373224,2.0915127,0.6678512,1.8978744,0.915796,0.43088198,1.8978744,0.6076273803134746,1.7768840920646107,0.5704883129661755,0.43088198290619345,1.9384213073636594,2.0915127,0.77555597,2.2364662,2.7279906,1.4324648,2.2101908,2.9749439,2.2364662,0.071373224,2.0915127,0.6678512,1.8978744,0.915796,0.43088198,1.8978744,0.6076273803134746,1.7768840920646107,0.5704883129661755,0.43088198290619345,1.9384213073636594
2012-05-16 20:00:00,0.0,0.0,0.0,0.0,0.0,0.0,0.0,0.0,0.0,0.0,0.0,0.0,0.0,0.0,0.0,0.0,0.0,0.0,0.0,0.0,0.0,0.0,0.0,0.0,0.0,0.0,0.0,0.0,0.0,0.0,0.0,0.0,0.0,0.0,0.0,0.0,0.0,0.0,0.741862,1.9612635,0.20847195,0.74354386,0.7832399,2.0462596,1.0956101,2.4766834,0.72145003,1.3547732,1.0176843,2.0374012,1.2293602,2.5747936,0.7832399,2.0462596,1.7854762,0.0,0.0,0.0,0.741862,1.9612635,1.7376812,0.0995163,0.72413665,0.1809573,0.0,0.72413665,0.62977123,1.8074601,0.8892899,0.3288117,1.8074601,0.56134504,1.779029,1.0334804,0.0,1.8489163,276.71262,276.71262,271.4025,271.4025,276.4326,276.4326,276.83337,276.83337,275.78104,275.78104,276.70346,276.70346,280.49945,280.49945,276.4326,276.4326,276.4326,262.6944,262.6944,262.6944,276.71262,276.71262,276.71262,270.04822,275.08908,270.41086,268.43698,275.08908,270.04822,275.08908,270.41086,268.43698,275.08908,270.04822,275.08908,270.41086,268.43698,275.08908,0.0,0.0,0.0,0.0,0.0,0.0,0.0,0.0,0.0,0.0,0.0,0.0,0.0,0.0,0.0,0.0,0.0,0.0,0.0,0.0,1.960681,0.74754137,2.0458417,2.4780924,1.3547132,2.0379574,2.5732203,2.0458417,0.063225515,1.960681,0.638824,1.8077857,0.8924725,0.4190499,1.8077857,0.5799423823040364,1.691394240885136,0.5394815351918069,0.4190499002203172,1.8490593254681438,1.960681,0.74754137,2.0458417,2.4780924,1.3547132,2.0379574,2.5732203,2.0458417,0.063225515,1.960681,0.638824,1.8077857,0.8924725,0.4190499,1.8077857,0.5799423823040364,1.691394240885136,0.5394815351918069,0.4190499002203172,1.8490593254681438
2012-05-16 21:00:00,0.0,0.0,0.0,0.0,0.0,0.0,0.0,0.0,0.0,0.0,0.0,0.0,0.0,0.0,0.0,0.0,0.0,0.0,0.0,0.0,0.0,0.0,0.0,0.0,0.0,0.0,0.0,0.0,0.0,0.0,0.0,0.0,0.0,0.0,0.0,0.0,0.0,0.0,0.595077,1.7744219,0.21128578,0.74910086,0.74935526,1.9996655,1.0459219,2.3991892,0.70413834,1.3300875,0.9893486,1.9982233,1.057005,2.3368351,0.74935526,1.9996655,1.7407119,0.0,0.0,0.0,0.595077,1.7744219,1.5444529,0.08987801,0.7027558,0.19107732,0.0,0.7027558,0.61236525,1.7819403,0.9026424,0.27257416,1.7819403,0.5430352,1.7507117,1.0465052,0.0,1.8235999,275.72147,275.72147,271.43344,271.43344,276.209,276.209,276.51126,276.51126,275.63135,275.63135,276.5113,276.5113,279.39206,279.39206,276.209,276.209,276.209,260.89584,260.89584,260.89584,275.72147,275.72147,275.72147,269.96,274.94638,270.48755,268.11374,274.94638,269.96,274.94638,270.48755,268.11374,274.94638,269.96,274.94638,270.48755,268.11374,274.94638,0.0,0.0,0.0,0.0,0.0,0.0,0.0,0.0,0.0,0.0,0.0,0.0,0.0,0.0,0.0,0.0,0.0,0.0,0.0,0.0,1.7738396,0.75304866,1.9992477,2.4005983,1.3300273,1.9987797,2.3352618,1.9992477,0.026293846,1.7738396,0.6216348,1.782266,0.90578127,0.39410454,1.782266,0.5635480092509259,1.6671772090734667,0.5571745489399876,0.3941045539207947,1.8237454206190842,1.7738396,0.75304866,1.9992477,2.4005983,1.3300273,1.9987797,2.3352618,1.9992477,0.026293846,1.7738396,0.6216348,1.782266,0.90578127,0.39410454,1.782266,0.5635480092509259,1.6671772090734667,0.5571745489399876,0.3941045539207947,1.8237454206190842
2012-05-16 22:00:00,0.0,0.0,0.0,0.0,0.0,0.0,0.0,0.0,0.0,0.0,0.0,0.0,0.0,0.0,0.0,0.0,0.0,0.0,0.0,0.0,0.0,0.0,0.0,0.0,0.0,0.0,0.0,0.0,0.0,0.0,0.0,0.0,0.0,0.0,0.0,0.0,0.0,0.0,0.5116646,1.6682472,0.18527862,0.69773895,0.5284392,1.6958888,0.9030288,2.1763315,0.6824536,1.2991658,0.9970523,2.008875,0.91112036,2.1354225,0.5284392,1.6958888,1.4488657,0.0,0.0,0.0,0.5116646,1.6682472,1.4346488,0.089661285,0.66242236,0.17014058,0.0,0.66242236,0.61197394,1.7337989,0.8750183,0.24111053,1.7337989,0.5426236,1.6972928,1.0195591,0.0,1.7758425,275.15823,275.15823,271.14743,271.14743,274.7514,274.7514,275.58493,275.58493,275.44385,275.44385,276.56354,276.56354,278.45474,278.45474,274.7514,274.7514,274.7514,263.16885,263.16885,263.16885,275.15823,275.15823,275.15823,269.958,274.6772,270.3289,267.9329,274.6772,269.958,274.6772,270.3289,267.9329,274.6772,269.958,274.6772,270.3289,267.9329,274.6772,0.0,0.0,0.0,0.0,0.0,0.0,0.0,0.0,0.0,0.0,0.0,0.0,0.0,0.0,0.0,0.0,0.0,0.0,0.0,0.0,1.6676648,0.7021466,1.6954709,2.1777406,1.2991059,2.0094311,2.1338491,1.6954709,0.07296805,1.6676648,0.6212483,1.7341244,0.8782475,0.38014817,1.7341244,0.5631794052217137,1.6214931976083822,0.5205704986109817,0.38014816021129977,1.7759922224425322,1.6676648,0.7021466,1.6954709,2.1777406,1.2991059,2.0094311,2.1338491,1.6954709,0.07296805,1.6676648,0.6212483,1.7341244,0.8782475,0.38014817,1.7341244,0.5631794052217137,1.6214931976083822,0.5205704986109817,0.38014816021129977,1.7759922224425322
2012-05-16 23:00:00,0.0,0.0,0.0,0.0,0.0,0.0,0.0,0.0,0.0,0.0,0.0,0.0,0.0,0.0,0.0,0.0,0.0,0.0,0.0,0.0,0.0,0.0,0.0,0.0,0.0,0.0,0.0,0.0,0.0,0.0,0.0,0.0,0.0,0.0,0.0,0.0,0.0,0.0,0.45215154,1.5924935,0.08451613,0.49874133,0.57387316,1.7583638,0.8029792,2.0202932,0.65805477,1.2643744,0.9688337,1.9698591,0.79434717,1.9742019,0.57387316,1.7583638,1.5088872,0.0,0.0,0.0,0.45215154,1.5924935,1.3563056,0.079842955,0.6264508,0.12673679,0.0,0.6264508,0.594243,1.6908638,0.8177509,0.21591185,1.6908638,0.52397174,1.649651,0.96369743,0.0,1.73325,274.75638,274.75638,270.0393,270.0393,275.05118,275.05118,274.93634,274.93634,275.23288,275.23288,276.37216,276.37216,277.70447,277.70447,275.05118,275.05118,275.05118,261.8324,261.8324,261.8324,274.75638,274.75638,274.75638,269.86813,274.4371,269.99997,267.78806,274.4371,269.86813,274.4371,269.99997,267.78806,274.4371,269.86813,274.4371,269.99997,267.78806,274.4371,0.0,0.0,0.0,0.0,0.0,0.0,0.0,0.0,0.0,0.0,0.0,0.0,0.0,0.0,0.0,0.0,0.0,0.0,0.0,0.0,1.5919111,0.5049309,1.757946,2.021702,1.264314,1.9704152,1.9726285,1.757946,0.045525134,1.5919111,0.603738,1.6911894,0.8211674,0.3689708,1.6911894,0.5464788072827962,1.580749957817449,0.44468697207779706,0.368970798661306,1.7334035805589663,1.5919111,0.5049309,1.757946,2.021702,1.264314,1.9704152,1.9726285,1.757946,0.045525134,1.5919111,0.603738,1.6911894,0.8211674,0.3689708,1.6911894,0.5464788072827962,1.580749957817449,0.44468697207779706,0.368970798661306,1.7334035805589663
2012-06-10 00:00:00,0.0,0.0,0.0,0.0,0.0,0.0,0.0,0.0,0.0,0.0,0.0,0.0,0.0,0.0,0.0,0.0,0.0,0.0,0.0,0.0,0.0,0.0,0.0,0.0,0.0,0.0,0.0,0.0,0.0,0.0,0.0,0.0,0.0,0.0,0.0,0.0,0.0,0.0,1.8908558,3.4238076,0.9172032,2.1432295,1.7724245,3.4064658,1.8973491,3.727084,1.837219,2.9458106,2.4280994,3.9874725,2.4520574,4.2628846,1.7724245,3.4064658,3.0922616,0.51538426,1.214682,1.2252536,1.8908558,3.4238076,3.2502189,1.0455813,2.270004,1.7083175,1.0776485,2.270004,2.3382792,3.6525834,2.9045012,2.100851,3.6525834,2.3585763,3.826422,2.999226,2.2084832,3.6793213,284.47107,284.47107,279.1967,279.1967,282.95926,282.95926,282.0308,282.0308,285.42868,285.42868,286.2687,286.2687,288.35535,288.35535,282.95926,282.95926,282.95926,276.00943,276.00943,276.00943,284.47107,284.47107,284.47107,278.70822,285.40656,281.98535,278.6223,285.40656,278.70822,285.40656,281.98535,278.6223,285.40656,278.70822,285.40656,281.98535,278.6223,285.40656,0.0,0.0,0.0,0.0,0.0,0.0,0.0,0.0,0.0,0.0,0.0,0.0,0.0,0.0,0.0,0.0,0.0,0.0,0.0,0.0,3.4232254,2.1444168,3.4060476,3.728493,2.9457507,3.9880288,4.261312,3.4060476,1.2155317,3.4232254,2.3397129,3.652909,2.906124,2.102661,3.652909,2.2028132156636326,3.442328108717596,3.2148187364915644,2.1667777966882102,3.679299037419532,3.4232254,2.1444168,3.4060476,3.728493,2.9457507,3.9880288,4.261312,3.4060476,1.2155317,3.4232254,2.3397129,3.652909,2.906124,2.102661,3.652909,2.2028132156636326,3.442328108717596,3.2148187364915644,2.1667777966882102,3.679299037419532
2012-06-10 01:00:00,0.0,0.0,0.0,0.0,0.0,0.0,0.0,0.0,0.0,0.0,0.0,0.0,0.0,0.0,0.0,0.0,0.0,0.0,0.0,0.0,0.0,0.0,0.0,0.0,0.0,0.0,0.0,0.0,0.0,0.0,0.0,0.0,0.0,0.0,0.0,0.0,0.0,0.0,1.8241249,3.3388667,0.8902831,2.0900645,1.7236509,3.3393984,1.9180341,3.7593446,1.7223859,2.7820637,2.4047096,3.9551327,2.3698673,4.149411,1.7236509,3.3393984,3.0278285,0.5225023,1.2258708,1.2381811,1.8241249,3.3388667,3.1623745,1.0277282,2.243278,1.7185705,1.0791844,2.243278,2.3060384,3.6206844,2.9180286,2.103373,3.6206844,2.3246613,3.7910259,3.0124214,2.2117546,3.6476767,284.02048,284.02048,278.90063,278.90063,282.63745,282.63745,282.1649,282.1649,284.43576,284.43576,286.11008,286.11008,287.82727,287.82727,282.63745,282.63745,282.63745,276.09946,276.09946,276.09946,284.02048,284.02048,284.02048,278.5448,285.22818,282.06305,278.6368,285.22818,278.5448,285.22818,282.06305,278.6368,285.22818,278.5448,285.22818,282.06305,278.6368,285.22818,0.0,0.0,0.0,0.0,0.0,0.0,0.0,0.0,0.0,0.0,0.0,0.0,0.0,0.0,0.0,0.0,0.0,0.0,0.0,0.0,3.3382843,2.0912519,3.3389804,3.7607534,2.7820039,3.9556887,4.1478376,3.3389804,1.2267206,3.3382843,2.3074718,3.6210093,2.919652,2.105183,3.6210093,2.1720444805225574,3.412056818953009,3.2327883220663223,2.16931414106714,3.647656656358207,3.3382843,2.0912519,3.3389804,3.7607534,2.7820039,3.9556887,4.1478376,3.3389804,1.2267206,3.3382843,2.3074718,3.6210093,2.919652,2.105183,3.6210093,2.1720444805225574,3.412056818953009,3.2327883220663223,2.16931414106714,3.647656656358207
2012-06-10 02:00:00,0.0,0.0,0.0,0.0,0.0,0.0,0.0,0.0,0.0,0.0,0.0,0.0,0.0,0.0,0.0,0.0,0.0,0.0,0.0,0.0,0.0,0.0,0.0,0.0,0.0,0.0,0.0,0.0,0.0,0.0,0.0,0.0,0.0,0.0,0.0,0.0,0.0,0.0,1.7857499,3.2900193,0.85732734,2.0249796,1.6067755,3.1786852,2.0120485,3.9059706,1.6326363,2.6540854,2.396659,3.9440024,2.2496884,3.9834883,1.6067755,3.1786852,2.8734272,0.5220897,1.2252221,1.2374318,1.7857499,3.2900193,3.1118574,0.97953665,2.2488792,1.7202376,1.0614971,2.2488792,2.219009,3.6273692,2.9202285,2.0743303,3.6273692,2.233112,3.7984438,3.0145671,2.174086,3.6543083,283.76135,283.76135,278.5382,278.5382,281.8663,281.8663,282.77435,282.77435,283.65973,283.65973,286.05548,286.05548,287.0551,287.0551,281.8663,281.8663,281.8663,276.09424,276.09424,276.09424,283.76135,283.76135,283.76135,278.10367,285.26556,282.07568,278.46988,285.26556,278.10367,285.26556,282.07568,278.46988,285.26556,278.10367,285.26556,282.07568,278.46988,285.26556,0.0,0.0,0.0,0.0,0.0,0.0,0.0,0.0,0.0,0.0,0.0,0.0,0.0,0.0,0.0,0.0,0.0,0.0,0.0,0.0,3.2894368,2.026167,3.1782675,3.9073796,2.6540248,3.9445584,3.9819152,3.1782675,1.226072,3.2894368,2.2204423,3.6276948,2.9218516,2.0761404,3.6276948,2.0889890059260594,3.418401101239001,3.2357103206633173,2.140106133166624,3.654288293107587,3.2894368,2.026167,3.1782675,3.9073796,2.6540248,3.9445584,3.9819152,3.1782675,1.226072,3.2894368,2.2204423,3.6276948,2.9218516,2.0761404,3.6276948,2.0889890059260594,3.418401101239001,3.2357103206633173,2.140106133166624,3.654288293107587
2012-06-10 03:00:00,0.0,0.0,0.0,0.0,0.0,0.0,0.0,0.0,0.0,0.0,0.0,0.0,0.0,0.0,0.0,0.0,0.0,0.0,0.0,0.0,0.0,0.0,0.0,0.0,0.0,0.0,0.0,0.0,0.0,0.0,0.0,0.0,0.0,0.0,0.0,0.0,0.0,0.0,1.7703654,3.2704363,0.793203,1.8983393,1.464956,2.9836724,2.0969257,4.038346,1.5635478,2.555568,2.399881,3.9484568,2.1460009,3.8403344,1.464956,2.9836724,2.6860738,0.51063085,1.2072101,1.2166209,1.7703654,3.2704363,3.0916052,0.92471397,2.257535,1.7080958,1.0224491,2.257535,2.120004,3.6377006,2.904209,2.0102139,3.6377006,2.1289659,3.8099074,2.9989407,2.090927,3.6645572,283.65747,283.65747,277.833,277.833,280.93057,280.93057,283.3246,283.3246,283.06235,283.06235,286.07733,286.07733,286.38892,286.38892,280.93057,280.93057,280.93057,275.9493,275.9493,275.9493,283.65747,283.65747,283.65747,277.60184,285.32333,281.98367,278.10135,285.32333,277.60184,285.32333,281.98367,278.10135,285.32333,277.60184,285.32333,281.98367,278.10135,285.32333,0.0,0.0,0.0,0.0,0.0,0.0,0.0,0.0,0.0,0.0,0.0,0.0,0.0,0.0,0.0,0.0,0.0,0.0,0.0,0.0,3.269854,1.8995267,2.9832544,4.039755,2.555508,3.949013,3.838761,2.9832544,1.2080598,3.269854,2.1214373,3.6380262,2.9058318,2.0120237,3.6380262,1.9945051439914483,3.4282049594980877,3.2144305482721567,2.0756242495456654,3.664536201978261,3.269854,1.8995267,2.9832544,4.039755,2.555508,3.949013,3.838761,2.9832544,1.2080598,3.269854,2.1214373,3.6380262,2.9058318,2.0120237,3.6380262,1.9945051439914483,3.4282049594980877,3.2144305482721567,2.0756242495456654,3.664536201978261
2012-06-10 04:00:00,-0.44785282,-0.6256454,-0.0724729,-0.13040254,0.0,0.0,-4.0959535,-7.495088,0.0,0.0,-0.24935803,-0.41430905,0.0,0.0,0.0,0.0,0.0,0.0,0.0,0.0,-0.44785282,-0.6256454,-0.5551037,-0.04611531,-0.15297079,-0.17428963,-0.078249164,-0.15297079,-0.06981662,-0.20852098,-0.2835241,-0.13842392,-0.20852098,-0.047501482,-0.17995128,-0.18672416,-0.08371861,-0.17984262,1.7335314,3.2235506,0.699525,1.7133329,1.6097497,3.1827748,2.2226834,4.234479,1.4537125,2.3989472,2.382669,3.9246588,2.2272267,3.9524775,1.6097497,3.1827748,2.8773563,0.46176752,1.130401,1.1278777,1.7335314,3.2235506,3.0431166,0.72240937,2.244938,1.6827376,0.98420316,2.244938,1.7546601,3.6226652,2.8707507,1.9474137,3.6226652,1.7446495,3.7932239,2.9663038,2.0094752,3.6496418,283.40875,283.40875,276.8028,276.8028,281.88593,281.88593,284.13983,284.13983,282.11264,282.11264,285.9606,285.9606,286.9108,286.9108,281.88593,281.88593,281.88593,275.3313,275.3313,275.3313,283.40875,283.40875,283.40875,275.75,285.23926,281.7915,277.7404,285.23926,275.75,285.23926,281.7915,277.7404,285.23926,275.75,285.23926,281.7915,277.7404,285.23926,0.6513293,0.1522137,0.0,8.222887,0.0,0.43180898,0.0,0.0,0.0,0.6513293,0.08887392,0.21892808,0.33985162,0.18088256,0.21892808,0.0651140583280696,0.1962869177570116,0.25706792996645217,0.1603659291535915,0.21026843708678167,3.222968,1.7145205,3.182357,4.235888,2.3988874,3.9252152,3.950904,3.182357,1.1312507,3.222968,1.7560935,3.6229904,2.8723738,1.9492236,3.6229904,1.6458445245524955,3.4139367981120423,3.169986526133801,2.0124666046741275,3.6496217862684315,2.5716388,1.5623068,3.182357,-3.986999,2.3988874,3.4934063,3.950904,3.182357,1.1312507,2.5716388,1.6672196,3.4040625,2.5325222,1.7683412,3.4040625,1.580730466224426,3.217649880355031,2.912918596167349,1.852100675520536,3.43935334918165
2012-06-10 05:00:00,-2.7590911,-3.7834816,-0.5827597,-1.0443308,-4.5736804,-6.6889524,-9.499672,-16.880547,-1.0623482,-1.6860075,-1.8017838,-2.9457355,-4.708146,-7.067427,-4.5736804,-6.6889524,-5.678647,-0.38853905,-0.48063493,-0.39619988,-2.7590911,-3.7834816,-3.4177163,-0.10543612,-0.9122458,-0.54561895,-0.26048082,-0.9122458,-0.13269164,-1.2352985,-0.88282585,-0.4563791,-1.2352985,-0.103472695,-1.0693136,-0.58543533,-0.27996552,-1.0680437,1.7894107,3.2946792,0.70178664,1.7177994,1.7550473,3.3825705,2.3951447,4.5034513,1.428283,2.3626862,2.3335075,3.8566875,2.504196,4.334869,1.7550473,3.3825705,3.0693052,0.4360196,1.0899274,1.0811158,1.7894107,3.2946792,3.116676,0.54426897,2.1890717,1.6391001,0.96478266,2.1890717,1.4329544,3.5559838,2.8131752,1.9155252,3.5559838,1.4062378,3.719233,2.9101417,1.9681162,3.5834925,283.78607,283.78607,276.82767,276.82767,282.8446,282.8446,285.25784,285.25784,281.89276,281.89276,285.6272,285.6272,288.69034,288.69034,282.8446,282.8446,282.8446,275.00565,275.00565,275.00565,283.78607,283.78607,283.78607,274.11935,284.8664,281.46082,277.5571,284.8664,274.11935,284.8664,281.46082,277.5571,284.8664,274.11935,284.8664,281.46082,277.5571,284.8664,3.900419,1.1985756,6.6470833,17.843985,1.5408784,3.0543616,6.9367976,6.6470833,0.6548395,3.900419,0.18236656,1.2948803,1.0589793,0.5959674,1.2948803,0.12565017611335277,1.1658380986349908,0.810409514390542,0.5293809015512888,1.2437468124880093,3.2940965,1.718987,3.3821528,4.5048604,2.362626,3.8572438,4.3332953,3.3821528,1.0907772,3.2940965,1.4343879,3.5563095,2.814798,1.9173353,3.5563095,1.3388294312204545,3.3506597034424583,3.0935063889428815,1.9803965323797024,3.5834786533672744,-0.60632247,0.5204113,-3.2649307,-13.339126,0.82174754,0.8028822,-2.6035023,-3.2649307,0.43593764,-0.60632247,1.2520213,2.2614293,1.7558188,1.3213679,2.2614293,1.2131792551071017,2.1848216048074676,2.2830968745523395,1.4510156308284134,2.3397318408792653
2012-06-10 06:00:00,-9.988865,-12.744055,-2.027212,-3.696682,-10.628893,-14.834456,-7.8546553,-14.089506,-5.9233117,-8.534284,-12.437283,-18.296188,-11.382385,-14.996662,-10.628893,-14.834456,-12.959057,-0.99812824,-1.2678095,-1.1137141,-9.988865,-12.744055,-11.951823,-0.27136588,-9.392587,-4.8873553,-1.1163328,-9.392587,-0.33217096,-11.890693,-7.5340548,-1.9127585,-11.890693,-0.27473632,-10.717857,-5.43203,-1.2406116,-10.62947,1.8903857,3.4232094,0.73939043,1.792064,1.9984976,3.717334,2.4580233,4.6015177,1.5167762,2.4888732,2.3562498,3.8881316,2.7455175,4.668045,1.9984976,3.717334,3.390921,0.46855497,1.1410704,1.1402049,1.8903857,3.4232094,3.2496004,0.5430421,2.193882,1.680869,0.9675603,2.193882,1.4307389,3.5617254,2.868285,1.9200861,3.5617254,1.4039071,3.7256036,2.9638987,1.9740316,3.5891879,284.4679,284.4679,277.2412,277.2412,284.4509,284.4509,285.66547,285.66547,282.65793,282.65793,285.78143,285.78143,290.24084,290.24084,284.4509,284.4509,284.4509,275.41714,275.41714,275.41714,284.4679,284.4679,284.4679,274.10812,284.8985,281.77734,277.5833,284.8985,274.10812,284.8985,281.77734,277.5833,284.8985,274.10812,284.8985,281.77734,277.5833,284.8985,12.867822,4.0517774,14.61242,14.992608,7.800126,18.32277,14.788222,14.61242,1.6180625,12.867822,0.44879127,12.147365,8.627828,2.4379933,12.147365,0.3266900438556096,11.543411864632432,7.351496828697506,2.151746764538365,11.63665158071238,3.422627,1.7932514,3.7169158,4.6029267,2.4888132,3.888688,4.6664715,3.7169158,1.14192,3.422627,1.4321723,3.5620508,2.8699083,1.921896,3.5620508,1.3367149784600596,3.3561080176994893,3.1667116291555266,1.9849833109512822,3.58917374060021,-9.445195,-2.258526,-10.895504,-10.389681,-5.3113127,-14.434081,-10.121751,-10.895504,-0.47614256,-9.445195,0.98338103,-8.585314,-5.757919,-0.5160971,-8.585314,1.0100249346044499,-8.187303846932943,-4.184785199541979,-0.166763453587083,-8.047477840112169
2012-06-10 07:00:00,-12.984857,-16.050833,-3.2834375,-6.220085,-14.763725,-19.933119,-9.734099,-17.279148,-11.284388,-15.103005,-15.621732,-22.343588,-15.029079,-18.628813,-14.763725,-19.933119,-17.645014,-1.8353488,-2.580165,-2.224986,-12.984857,-16.050833,-15.207515,-0.57925284,-13.902242,-10.396148,-1.6766886,-13.902242,-0.68936276,-16.978252,-15.244309,-2.829714,-16.978252,-0.6072679,-15.653175,-12.078821,-1.9054415,-15.463144,1.9679453,3.5219345,0.8208113,1.9528635,2.2111897,4.0098023,2.5015163,4.66935,1.7534977,2.8264282,2.4659793,4.0398464,2.917241,4.9051313,2.2111897,4.0098023,3.671903,0.5306482,1.2386756,1.2529756,1.9679453,3.5219345,3.3516998,0.57518756,2.2049243,1.7927934,0.9654229,2.2049243,1.4887906,3.5749056,3.015959,1.9165767,3.5749056,1.4649734,3.7402287,3.1079478,1.96948,3.6022632,284.9916,284.9916,278.13663,278.13663,285.85425,285.85425,285.94742,285.94742,284.70477,284.70477,286.5256,286.5256,291.34418,291.34418,285.85425,285.85425,285.85425,276.20248,276.20248,276.20248,284.9916,284.9916,284.9916,274.40237,284.9722,282.62552,277.56314,284.9722,274.40237,284.9722,282.62552,277.56314,284.9722,274.40237,284.9722,282.62552,277.56314,284.9722,16.113379,6.617578,19.59068,18.187098,13.973921,22.191505,18.419891,19.59068,3.0627022,16.113379,0.91083765,17.14314,16.58943,3.5555022,17.14314,0.7017686845553518,16.726762670310865,15.698205833409157,3.127185528758771,16.40401282027563,3.5213518,1.9540509,4.009384,4.670759,2.8263679,4.0404024,4.903558,4.009384,1.2395253,3.5213518,1.4902241,3.575231,3.0175824,1.9183865,3.575231,1.3921159391006288,3.3686153170632993,3.362873723373616,1.9814537875102878,3.602247538763272,-12.592027,-4.6635275,-15.581295,-13.516339,-11.1475525,-18.151102,-13.516333,-15.581295,-1.8231769,-12.592027,0.5793865,-13.567909,-13.571847,-1.6371158,-13.567909,0.690347254545277,-13.358147353247567,-12.33533211003554,-1.145731741248483,-12.801765281512356
2012-06-10 08:00:00,-14.486692,-17.706488,-4.550852,-8.765625,-16.867226,-22.310726,-11.387522,-20.021229,-13.6529875,-17.93237,-15.637468,-22.434143,-17.583982,-20.945776,-16.867226,-22.310726,-19.844868,-2.66089,-3.9777374,-3.3608563,-14.486692,-17.706488,-16.844032,-1.548704,-10.972241,-10.758197,-1.9227382,-10.972241,-1.9910024,-13.770387,-15.817254,-3.1722744,-13.770387,-1.7538987,-12.490464,-12.481521,-2.2087555,-12.375626,2.065671,3.6463284,0.9056094,2.1203325,2.2628958,4.0809016,2.5289993,4.712212,1.9965967,3.1730766,2.5661285,4.1783147,3.0625799,5.10579,2.2628958,4.0809016,3.7402103,0.60443425,1.3546611,1.3869817,2.065671,3.6463284,3.480346,0.68303597,2.3144484,1.8976946,0.92667896,2.3144484,1.6835552,3.7056313,3.1543665,1.8529592,3.7056313,1.6698523,3.8852851,3.242958,1.8869679,3.7319462,285.6515,285.6515,279.06918,279.06918,286.1954,286.1954,286.12558,286.12558,286.80676,286.80676,287.2048,287.2048,292.27798,292.27798,286.1954,286.1954,286.1954,277.1357,277.1357,277.1357,285.6515,285.6515,285.6515,275.3896,285.7032,283.42047,277.19748,285.7032,275.3896,285.7032,283.42047,277.19748,285.7032,275.3896,285.7032,283.42047,277.19748,285.7032,17.73372,9.142868,21.884054,20.890657,16.864698,22.282927,20.755157,21.884054,4.533904,17.73372,2.4456048,13.999805,17.076221,3.9848096,13.999805,2.061454806292937,13.40294261349344,15.979747844248713,3.5236730384544654,13.397814482017992,3.645746,2.1215198,4.080484,4.713621,3.1730168,4.178871,5.1042166,4.080484,1.3555107,3.645746,1.6849887,3.705957,3.15599,1.8547689,3.705957,1.5779866791713375,3.4926680465297055,3.5467267220526724,1.917473833092739,3.731919044932975,-14.087975,-7.0213485,-17.80357,-16.177036,-13.691682,-18.104055,-15.650941,-17.80357,-3.1783934,-14.087975,-0.7606161,-10.293848,-13.920232,-2.130041,-10.293848,-0.4834681271215997,-9.910274566963736,-12.433021122196042,-1.6061992053617264,-9.665895437085016
2012-06-10 09:00:00,-17.338602,-20.52379,-5.9503584,-11.56427,-18.97937,-24.709446,-12.812149,-22.333923,-15.359046,-19.907152,-13.7096195,-20.038366,-19.262556,-22.369236,-18.97937,-24.709446,-22.087112,-3.6810358,-5.7194357,-4.755643,-17.338602,-20.52379,-19.64448,-4.060106,-10.552824,-6.332463,-2.056984,-10.552824,-6.8639393,-13.293991,-9.6605,-3.307343,-13.293991,-5.238643,-12.031475,-7.115286,-2.38032,-11.925769,2.127715,3.725304,1.0116831,2.3298197,2.4177766,4.293875,2.5641649,4.767056,2.2201538,3.4918592,2.5654266,4.177345,3.169383,5.2532454,2.4177766,4.293875,3.9448195,0.70683956,1.5156336,1.5729648,2.127715,3.725304,3.5620208,0.9078311,2.334567,1.7770839,0.88735294,2.334567,2.089515,3.7296445,2.9952316,1.7883855,3.7296445,2.0968935,3.911931,3.0877295,1.8032161,3.755768,286.07043,286.07043,280.23572,280.23572,287.21732,287.21732,286.35355,286.35355,288.73978,288.73978,287.20004,287.20004,292.9642,292.9642,287.21732,287.21732,287.21732,278.4309,278.4309,278.4309,286.07043,286.07043,286.07043,277.4473,285.83746,282.50647,276.82632,285.83746,277.4473,285.83746,282.50647,276.82632,285.83746,277.4473,285.83746,282.50647,276.82632,285.83746,20.47658,11.883147,24.253769,23.13201,19.016598,19.997458,22.199274,24.253769,6.316951,20.47658,7.49524,13.528482,10.852963,4.1666245,13.528482,6.880026094003595,12.917376797600639,9.441257816131152,3.7144319193012656,12.946840969118346,3.7247212,2.331007,4.2934575,4.7684655,3.4917989,4.177901,5.2516727,4.2934575,1.5164832,3.7247212,2.0909483,3.7299705,2.996855,1.7901956,3.7299705,1.9654084353538375,3.5154556726997965,3.3353405916661796,1.852532737647385,3.755738801420542,-16.751858,-9.55214,-19.960312,-18.363543,-15.524798,-15.819556,-16.947601,-19.960312,-4.8004675,-16.751858,-5.4042916,-9.798512,-7.8561087,-2.376429,-9.798512,-4.914617658649758,-9.401921124900841,-6.105917224464973,-1.8618991816538806,-9.191102167697805
2012-06-10 10:00:00,-18.401957,-21.937262,-7.741153,-15.080608,-19.05024,-24.939869,-13.727537,-23.795872,-16.091068,-20.704449,-13.518383,-19.793095,-20.387493,-23.320553,-19.05024,-24.939869,-22.324898,-5.634915,-8.838574,-7.326372,-18.401957,-21.937262,-21.037205,-5.072889,-6.2520413,-4.0421205,-1.7253768,-6.2520413,-8.840401,-8.1292715,-6.2930355,-2.646055,-8.1292715,-6.671512,-7.2118125,-4.460762,-1.960637,-7.1731296,2.4088383,4.083143,1.1683726,2.6392684,2.5748875,4.5099144,2.6032796,4.828061,2.302615,3.609445,2.5613096,4.171652,3.3948977,5.5645976,2.5748875,4.5099144,4.1523743,0.90515953,1.8273757,1.9331433,2.4088383,4.083143,3.9320927,1.0008336,2.2910144,1.6943836,0.81605077,2.2910144,2.2574692,3.6776614,2.8861167,1.6713073,3.6776614,2.2735696,3.8542492,2.981293,1.6513656,3.7041993,287.9687,287.9687,281.9589,281.9589,288.25394,288.25394,286.60712,286.60712,289.4528,289.4528,287.17212,287.17212,294.41315,294.41315,288.25394,288.25394,288.25394,280.9392,280.9392,280.9392,287.9687,287.9687,287.9687,278.2986,285.54678,281.87976,276.15338,285.54678,278.2986,285.54678,281.87976,276.15338,285.54678,278.2986,285.54678,281.87976,276.15338,285.54678,21.86282,15.289129,24.561049,24.524422,19.891909,19.762268,23.219328,24.561049,9.403334,21.86282,9.485928,8.371574,7.2545295,3.4240322,8.371574,8.800952708609655,7.798822087097682,6.045803471059715,3.1350658327285283,8.022479385486662,4.082561,2.6404557,4.5094967,4.82947,3.6093853,4.172208,5.5630245,4.5094967,1.8282253,4.082561,2.2589025,3.6779869,2.88774,1.6731172,3.6779869,2.1256931478646566,3.4661256410474977,3.190398168507015,1.7347876220689031,3.7041744422059795,-17.780258,-12.648674,-20.051552,-19.69495,-16.282522,-15.590059,-17.656303,-20.051552,-7.5751085,-17.780258,-7.227025,-4.6935873,-4.36679,-1.7509149,-4.6935873,-6.6752595607449985,-4.332696446050185,-2.8554053025527,-1.4002782106596252,-4.318304943280682
2012-06-10 11:00:00,-17.662725,-21.318771,-8.498818,-16.520239,-20.363619,-26.405863,-14.373672,-24.816034,-16.61259,-21.290564,-15.40279,-22.198116,-20.79927,-23.632614,-20.363619,-26.405863,-23.712711,-5.9076266,-9.269948,-7.676893,-17.662725,-21.318771,-20.424244,-6.210068,-7.9563017,-3.812554,-1.3191317,-7.9563017,-11.0215845,-10.203504,-5.926134,-1.9197277,-10.203504,-8.2062645,-9.127004,-4.19867,-1.4492962,-9.064584,2.4756596,4.168199,1.2106718,2.7228055,2.71908,4.7081904,2.6356912,4.87861,2.415528,3.7704544,2.6551456,4.3013916,3.5281858,5.748619,2.71908,4.7081904,4.342863,0.9398713,1.8819395,1.9961851,2.4756596,4.168199,4.020056,1.1330261,2.2567713,1.609336,0.7623033,2.2567713,2.496197,3.636789,2.773904,1.5830538,3.636789,2.5246944,3.8088963,2.8718345,1.5369014,3.663653,288.4199,288.4199,282.42407,282.42407,289.20532,289.20532,286.81723,286.81723,290.4291,290.4291,287.8085,287.8085,295.26953,295.26953,289.20532,289.20532,289.20532,281.37823,281.37823,281.37823,288.4199,288.4199,288.4199,279.50867,285.31824,281.23526,275.64612,285.31824,279.50867,285.31824,281.23526,275.64612,285.31824,279.50867,285.31824,281.23526,275.64612,285.31824,21.26356,16.6473,26.039484,25.486322,20.627905,22.062399,23.576288,26.039484,9.8196125,21.26356,11.674175,10.460449,6.8936744,2.5771048,10.460449,10.861909636102537,9.847009126201293,5.768855629994443,2.440198319225323,10.02119637289891,4.167617,2.723993,4.7077727,4.880019,3.7703943,4.3019476,5.7470465,4.7077727,1.8827893,4.167617,2.4976306,3.6371148,2.7755272,1.5848638,3.6371148,2.353519687001684,3.4273400655048136,3.041340950222128,1.6460315878234937,3.6636321339479365,-17.095942,-13.923307,-21.33171,-20.606302,-16.857512,-17.76045,-17.829243,-21.33171,-7.936823,-17.095942,-9.176544,-6.8233347,-4.1181474,-0.99224097,-6.8233347,-8.508389949100852,-6.41966906069648,-2.7275146797723147,-0.7941667314018295,-6.357564238950973
2012-06-10 12:00:00,-20.985952,-24.456198,-8.086289,-15.771931,-20.348402,-26.416494,-13.639259,-23.659946,-16.640354,-21.354332,-10.698602,-16.11667,-20.181385,-23.100973,-20.348402,-26.416494,-23.730558,-5.5778017,-8.82981,-7.1648855,-20.985952,-24.456198,-23.543758,-7.2296667,-8.354638,-3.7792814,-0.6741187,-8.354638,-12.935608,-10.67896,-5.8464274,-0.9058738,-10.67896,-9.579288,-9.57139,-4.1591053,-0.69409543,-9.5025,2.5653267,4.282336,1.2567503,2.813807,2.7583437,4.7621818,2.671252,4.9340715,2.4967294,3.8862443,2.6777124,4.332593,3.7206895,6.014396,2.7583437,4.7621818,4.394733,0.9682855,1.9266043,2.047789,2.5653267,4.282336,4.1380944,1.2605412,2.2473521,1.5261328,0.67356277,2.2473521,2.7264779,3.6255462,2.6641252,1.4373418,3.6255462,2.7669342,3.796421,2.7647502,1.347913,3.6525002,289.02536,289.02536,282.93082,282.93082,289.4644,289.4644,287.04776,287.04776,291.13123,291.13123,287.96155,287.96155,296.50638,296.50638,289.4644,289.4644,289.4644,281.7376,281.7376,281.7376,289.02536,289.02536,289.02536,280.6759,285.25537,280.60474,274.8086,285.25537,280.6759,285.25537,280.60474,274.8086,285.25537,280.6759,285.25537,280.60474,274.8086,285.25537,24.309538,15.990462,26.070753,24.351841,20.824345,16.208237,23.11587,26.070753,9.392558,24.309538,13.572528,10.936605,6.849976,1.3085616,10.936605,12.656960895484655,10.320817328382049,5.789930676475335,1.3085615660631147,10.476732747118813,4.2817535,2.8149946,4.761763,4.9354806,3.886184,4.333149,6.0128226,4.761763,1.9274539,4.2817535,2.7279115,3.6258721,2.6657481,1.4391518,3.6258721,2.5732848749897044,3.4166713132524533,2.8955162811097637,1.4994896191175004,3.6524801570469396,-20.027784,-13.175468,-21.308989,-19.416359,-16.938162,-11.875089,-17.103046,-21.308989,-7.4651046,-20.027784,-10.844617,-7.310733,-4.184228,0.13059016,-7.310733,-10.08367602049495,-6.904146015129595,-2.8944143953655717,0.19092805305438576,-6.824252590071874
2012-06-10 13:00:00,-20.658278,-24.260008,-9.621253,-18.652197,-20.444378,-26.570099,-12.883544,-22.452087,-16.629515,-21.35955,-15.390174,-22.21779,-16.386858,-19.934061,-20.444378,-26.570099,-23.895218,-2.8848798,-4.6684484,-3.5001442,-20.658278,-24.260008,-23.351072,-8.677506,-8.278447,-4.5940075,-0.7427763,-8.278447,-15.513655,-10.584924,-7.0105166,-1.0012982,-10.584924,-11.652736,-9.484455,-5.0972815,-0.7626229,-9.416538,2.6461406,4.385203,1.3595637,3.0168548,2.8597984,4.901689,2.6232162,4.859154,2.5476801,3.9588974,2.7321966,4.4079247,3.8569517,6.2025223,2.8597984,4.901689,4.528763,0.8282705,1.7065127,1.7935014,2.6461406,4.385203,4.2444773,1.3634223,2.2368813,1.4825436,0.7008245,2.2368813,2.9122715,3.6130488,2.6066132,1.4821056,3.6130488,2.962376,3.7825534,2.70865,1.4059716,3.6401024,289.57104,289.57104,284.0615,284.0615,290.1338,290.1338,286.73636,286.73636,291.57178,291.57178,288.33105,288.33105,297.38187,297.38187,290.1338,290.1338,290.1338,279.96674,279.96674,279.96674,289.57104,289.57104,289.57104,281.61765,285.1855,280.2744,275.0659,285.1855,281.61765,285.1855,280.2744,275.0659,285.1855,281.61765,285.1855,280.2744,275.0659,285.1855,24.121225,18.701483,26.271147,23.21196,20.91589,22.084013,20.00475,26.271147,5.2272935,24.121225,16.058966,10.84342,8.1719675,1.439661,10.84342,15.149875571754068,10.229284927569756,7.119770276686351,1.4396610230169138,10.388248128123422,4.3846207,3.018042,4.901272,4.8605633,3.9588373,4.4084806,6.200949,4.901272,1.7073623,4.3846207,2.913705,3.6133742,2.6082363,1.4839156,3.6133742,2.750594379699031,3.4048113896321097,2.8191208395303518,1.5445083969254085,3.6400830565113647,-19.736605,-15.68344,-21.369875,-18.351397,-16.957052,-17.675531,-13.8038,-21.369875,-3.519931,-19.736605,-13.14526,-7.2300463,-5.563731,0.04425453,-7.2300463,-12.399281192055037,-6.824473537937646,-4.300649437155999,0.10484737390849475,-6.748165071612057
2012-06-10 14:00:00,-20.223652,-23.998516,-8.792885,-17.105213,-18.790573,-24.856121,-13.494461,-23.428492,-13.635452,-18.24314,-16.867088,-24.053316,-13.349735,-17.169634,-18.790573,-24.856121,-22.324657,-1.9920607,-3.2438579,-2.3427553,-20.223652,-23.998516,-23.10138,-8.571381,-14.747304,-6.054428,-1.1890477,-14.747304,-15.32276,-17.998058,-9.1281185,-1.7770975,-17.998058,-11.506217,-16.611431,-6.8149667,-1.2981663,-16.410086,2.7981997,4.5787582,1.2968435,2.8929873,2.940657,5.0128765,2.6352866,4.8779793,2.5004532,3.8915532,2.8269327,4.538909,3.7935846,6.115037,2.940657,5.0128765,4.6355824,0.7847807,1.6381501,1.7145175,2.7981997,4.5787582,4.4446487,1.3520703,2.3635612,1.5469568,0.7743288,2.3635612,2.8917708,3.764252,2.6916003,1.6027997,3.764252,2.940811,3.950332,2.7915509,1.5625116,3.790099,290.5978,290.5978,283.37173,283.37173,290.6673,290.6673,286.8146,286.8146,291.16342,291.16342,288.97354,288.97354,296.97473,296.97473,290.6673,290.6673,290.6673,279.4167,279.4167,279.4167,290.5978,290.5978,290.5978,281.51373,286.03098,280.76254,275.7596,286.03098,281.51373,286.03098,280.76254,275.7596,286.03098,281.51373,286.03098,280.76254,275.7596,286.03098,23.868593,17.24651,24.664047,24.150475,17.855267,23.832527,17.22497,24.664047,3.7172432,23.868593,15.874658,18.130384,10.438551,2.3837817,18.130384,14.970295915572454,17.70139102590423,9.359640154538457,2.240043472973145,17.33294093669382,4.5781755,2.8941748,5.012459,4.879388,3.8914936,4.5394645,6.1134634,5.012459,1.6389999,4.5781755,2.8932045,3.7645772,2.6932235,1.6046096,3.7645772,2.7310299458698317,3.548295749414467,2.9320130317017026,1.6658898293924191,3.790066318667739,-19.290419,-14.352335,-19.651588,-19.271088,-13.963774,-19.293062,-11.111506,-19.651588,-2.0782433,-19.290419,-12.981453,-14.365807,-7.745328,-0.7791722,-14.365807,-12.239265969702622,-14.153095276489761,-6.427627122836755,-0.574153643580726,-13.542874618026081
2012-06-10 15:00:00,-17.333977,-21.236944,-7.597015,-14.866889,-12.971373,-18.08402,-13.874041,-24.028366,-6.7065864,-9.855392,-14.380886,-20.976301,-10.839762,-14.639936,-12.971373,-18.08402,-16.087646,-2.0365965,-3.2674227,-2.4029589,-17.333977,-21.236944,-20.365868,-8.228746,-16.709503,-7.955073,-2.0151095,-16.709503,-14.757128,-20.18185,-11.84031,-3.2067897,-20.18185,-10.946873,-18.749638,-9.096133,-2.3280694,-18.505018,2.7894995,4.5676837,1.386395,3.0698442,2.8854501,4.936962,2.6138718,4.8445807,2.2982032,3.6031542,2.7895298,4.487194,3.5738409,5.8116517,2.8854501,4.936962,4.5626507,0.72278386,1.5406966,1.6019224,2.7894995,4.5676837,4.4331956,1.3752543,2.5230525,1.6500216,0.87025744,2.5230525,2.9336393,3.9546182,2.827585,1.7603146,3.9546182,2.9848533,4.161567,2.9241977,1.7668083,3.9789472,290.53906,290.53906,284.35657,284.35657,290.30304,290.30304,286.67578,286.67578,289.41464,289.41464,288.71988,288.71988,295.56287,295.56287,290.30304,290.30304,290.30304,278.63257,278.63257,278.63257,290.53906,290.53906,290.53906,281.72595,287.09546,281.54358,276.66498,287.09546,281.72595,287.09546,281.54358,276.66498,287.09546,281.72595,287.09546,281.54358,276.66498,287.09546,21.183912,15.191692,18.074823,24.742197,9.569178,20.899954,14.640283,18.074823,3.7642512,21.183912,15.349864,20.238894,13.230121,4.057889,20.238894,14.37063750093176,19.887523296824458,12.194579509511993,3.6356951654074368,19.3297543682592,4.5671015,3.0710318,4.936545,4.845989,3.603094,4.4877505,5.8100786,4.936545,1.5415463,4.5671015,2.9350727,3.954944,2.8292081,1.7621245,3.954944,2.7709862080866454,3.7289446558778625,3.112647597143489,1.824301889791803,3.9788974382229263,-16.616812,-12.120661,-13.138279,-19.896208,-5.9660835,-16.412203,-8.830204,-13.138279,-2.222705,-16.616812,-12.414791,-16.283949,-10.400913,-2.2957642,-16.283949,-11.599651292845115,-16.158578640946594,-9.081931912368503,-1.8113932756156337,-15.350856930036272
2012-06-10 16:00:00,-15.338677,-19.200623,-5.4019685,-10.649333,-13.871107,-19.191614,-13.153722,-22.884003,-4.628825,-6.9954524,-12.802974,-18.937754,-13.291255,-17.17018,-13.871107,-19.191614,-17.10093,-2.0425096,-3.3027663,-2.4081228,-15.338677,-19.200623,-18.358269,-4.2378187,-13.162404,-8.040183,-2.6692996,-13.162404,-7.7374396,-16.351364,-12.035025,-4.3920045,-16.351364,-5.243087,-14.943479,-9.171254,-3.161545,-14.790659,2.800943,4.58225,1.3490465,2.996084,2.8940067,4.948728,2.6089149,4.8368487,2.1051722,3.3279004,2.7533147,4.4371223,3.5101366,5.7237005,2.8940067,4.948728,4.5739546,0.7545568,1.5906409,1.6596267,2.800943,4.58225,4.44826,1.3626187,2.5639026,1.7458254,0.96294934,2.5639026,2.9108205,4.0033765,2.9539893,1.912515,4.0033765,2.9608498,4.2156706,3.0474992,1.9642118,4.0273166,290.61633,290.61633,283.94583,283.94583,290.3595,290.3595,286.64365,286.64365,287.74557,287.74557,288.47427,288.47427,295.15356,295.15356,290.3595,290.3595,290.3595,279.03442,279.03442,279.03442,290.61633,290.61633,290.61633,281.6103,287.3681,282.2696,277.5398,287.3681,281.6103,287.3681,282.2696,277.5398,287.3681,281.6103,287.3681,282.2696,277.5398,287.3681,19.19649,11.109843,19.158022,23.639502,6.705532,18.940847,17.142653,19.158022,3.7918465,19.19649,8.405795,16.521326,13.364283,5.385375,16.521326,7.4078284248904644,15.946098823233621,12.129371399517412,4.707234361816726,15.787199482537591,4.5816674,2.9972715,4.948311,4.8382583,3.3278406,4.437679,5.722127,4.948311,1.5914906,4.5816674,2.912254,4.003702,2.9556127,1.9143248,4.003702,2.7492096429727937,3.775213895015042,3.280556646956332,1.9773689381421167,4.027262371054727,-14.614821,-8.112572,-14.209711,-18.801245,-3.3776913,-14.503169,-11.420526,-14.209711,-2.200356,-14.614821,-5.493541,-12.517625,-10.408669,-3.47105,-12.517625,-4.658618781917671,-12.170884928218578,-8.84881475256108,-2.729865423674609,-11.759937111482865
2012-06-10 17:00:00,-7.065292,-9.55218,-3.4910178,-6.9179187,-3.4195988,-5.113901,-10.137867,-17.95514,-5.367787,-8.015087,-4.5441785,-7.242237,-8.943427,-12.518221,-3.4195988,-5.113901,-4.44831,-1.5294652,-2.4874566,-1.7622212,-7.065292,-9.55218,-8.965079,-3.2871323,-2.008735,-7.1778817,-2.3533704,-2.008735,-6.024133,-2.700971,-10.861511,-3.9866805,-2.700971,-3.9958115,-2.3511374,-8.120001,-2.7408948,-2.346454,2.7264478,4.487426,1.329247,2.9569817,2.70976,4.6953745,2.558492,4.758209,2.0747948,3.2845833,2.6524682,4.2976894,3.3622668,5.519547,2.70976,4.6953745,4.3305507,0.7420798,1.5710281,1.6369662,2.7264478,4.487426,4.350194,1.3537139,2.3818598,1.7848439,1.0254823,2.3818598,2.8947394,3.786093,3.0054708,2.015194,3.786093,2.9439335,3.9745672,3.097717,2.0973864,3.8117661,290.1133,290.1133,283.7281,283.7281,289.14383,289.14383,286.31677,286.31677,287.4829,287.4829,287.79034,287.79034,294.2035,294.2035,289.14383,289.14383,289.14383,278.87662,278.87662,278.87662,290.1133,290.1133,290.1133,281.52878,286.1531,282.56528,278.12997,286.1531,281.52878,286.1531,282.56528,278.12997,286.1531,281.52878,286.1531,282.56528,278.12997,286.1531,9.673743,7.3599157,5.185999,18.829964,7.657049,7.415802,12.476911,5.185999,2.8979404,9.673743,6.619021,2.813613,12.11397,4.8883257,2.813613,5.743750421103099,2.5560709020290777,10.723749685870215,4.244753100398092,2.6985803180869774,4.486843,2.9581692,4.694957,4.7596188,3.2845232,4.298246,5.5179734,4.694957,1.5718777,4.486843,2.8961728,3.7864184,3.0070937,2.017004,3.7864184,2.733862623073296,3.5690221312173533,3.3489412952806963,2.0806328622350043,3.8117314699093843,-5.1869,-4.4017467,-0.491042,-14.070346,-4.372526,-3.1175566,-6.9589376,-0.491042,-1.3260626,-5.1869,-3.7228482,0.9728054,-9.106876,-2.871322,0.9728054,-3.0098877980298036,1.0129512291882756,-7.37480839058952,-2.1641202381630875,1.1131511518224069
2012-06-10 18:00:00,-2.7600203,-3.8561473,-1.9551051,-3.8883734,-1.4450746,-2.1884253,-6.309846,-11.412155,-3.4685938,-5.335854,-2.498528,-4.058904,-5.9936585,-8.880867,-1.4450746,-2.1884253,-1.8858463,-0.8200833,-1.3465362,-0.91342086,-2.7600203,-3.8561473,-3.563558,-2.56031,-0.7737803,-3.1710222,-1.3963872,-0.7737803,-4.704817,-1.0496844,-4.993205,-2.412613,-1.0496844,-3.0702581,-0.90845865,-3.4758623,-1.570663,-0.90748215,2.5958292,4.321162,1.2799466,2.8596172,2.5162072,4.4292245,2.4786615,4.6337047,2.0703583,3.278257,2.543067,4.146429,3.2603698,5.3788652,2.5162072,4.4292245,4.074853,0.72886205,1.5502508,1.6129609,2.5958292,4.321162,4.1782475,1.342272,2.2731225,1.7426724,1.0212173,2.2731225,2.8740761,3.6563053,2.9498286,2.0081906,3.6563053,2.922197,3.830552,3.0434408,2.0883029,3.6830137,289.23132,289.23132,283.1859,283.1859,287.86676,287.86676,285.79926,285.79926,287.44455,287.44455,287.0484,287.0484,293.5488,293.5488,287.86676,287.86676,287.86676,278.70944,278.70944,278.70944,289.23132,289.23132,289.23132,281.42404,285.42737,282.2457,278.08972,285.42737,281.42404,285.42737,282.2457,278.08972,285.42737,281.42404,285.42737,282.2457,278.08972,285.42737,3.9439163,4.210085,2.2216563,12.235298,5.1084146,4.1878576,8.840842,2.2216563,1.6030483,3.9439163,5.216909,1.0993427,5.7790265,3.025993,1.0993427,4.471898030221852,0.9899684815381712,4.693550601897913,2.645209410164714,1.0554519420696784,4.3205795,2.860805,4.4288063,4.6351137,3.278197,4.1469855,5.3772917,4.4288063,1.5511005,4.3205795,2.8755095,3.6566312,2.9514523,2.0100007,3.6566312,2.7141430527643937,3.4458601907739603,3.2750302583054927,2.0735898343701447,3.6829910996751054,0.37666345,-1.34928,2.20715,-7.6001844,-1.8302177,-0.04087205,-3.463551,2.20715,-0.051947773,0.37666345,-2.3413992,2.5572884,-2.8275745,-1.0159924,2.5572884,-1.7577549774574583,2.455891709235789,-1.4185203435924203,-0.5716195757945695,2.627539157605427
2012-06-10 19:00:00,-0.18821648,-0.26752874,-0.18526316,-0.3699386,-0.2653992,-0.4048949,0.0,0.0,0.0,0.0,0.0,0.0,0.0,0.0,-0.2653992,-0.4048949,-0.34680638,-0.15894194,-0.26358855,-0.17121449,-0.18821648,-0.26752874,-0.24391921,0.0,0.0,0.0,0.0,0.0,0.0,0.0,0.0,0.0,0.0,0.0,0.0,0.0,0.0,0.0,2.434699,4.116061,1.233138,2.7671747,2.4103441,4.2836547,2.0640671,3.9870992,1.931832,3.0807247,2.4391649,4.0027714,2.8255706,4.7785683,2.4103441,4.2836547,3.9350007,0.7168554,1.5313777,1.5911553,2.434699,4.116061,3.9661355,1.1797808,2.2031822,1.5981207,0.95203304,2.2031822,2.5806317,3.5728261,2.7591064,1.8945903,3.5728261,2.6135142,3.7379215,2.8574002,1.9409634,3.6002004,288.1433,288.1433,282.67114,282.67114,287.16827,287.16827,283.11157,283.11157,286.24677,286.24677,286.34375,286.34375,290.7552,290.7552,287.16827,287.16827,287.16827,278.5576,278.5576,278.5576,288.1433,288.1433,288.1433,279.93665,284.96057,281.15027,277.43677,284.96057,279.93665,284.96057,281.15027,277.43677,284.96057,279.93665,284.96057,281.15027,277.43677,284.96057,0.2758298,0.4095858,0.41148102,0.0,0.0,0.0,0.0,0.41148102,0.32086557,0.2758298,0.0,0.0,0.0,0.0,0.0,0.0,0.0,0.0,0.0,0.0,4.1154785,2.768362,4.283237,3.9885082,3.0806649,4.003328,4.7769947,4.283237,1.5322273,4.1154785,2.5820653,3.5731516,2.7607296,1.8964001,3.5731516,2.434098723718479,3.366642115797208,3.021684510384854,1.9593422041983977,3.60018496439469,3.839649,2.3587763,3.8717558,3.9885082,3.0806649,4.003328,4.7769947,3.8717558,1.2113618,3.839649,2.5820653,3.5731516,2.7607296,1.8964001,3.5731516,2.434098723718479,3.366642115797208,3.021684510384854,1.9593422041983977,3.60018496439469
2012-06-10 20:00:00,0.0,0.0,0.0,0.0,0.0,0.0,0.0,0.0,0.0,0.0,0.0,0.0,0.0,0.0,0.0,0.0,0.0,0.0,0.0,0.0,0.0,0.0,0.0,0.0,0.0,0.0,0.0,0.0,0.0,0.0,0.0,0.0,0.0,0.0,0.0,0.0,0.0,0.0,2.2861874,3.927022,1.2088957,2.719298,2.3257942,4.1673923,1.9821885,3.8594005,1.8673991,2.9888463,2.340798,3.8667667,2.5784724,4.4374175,2.3257942,4.1673923,3.8233044,0.69868404,1.5028136,1.5581532,2.2861874,3.927022,3.7706347,1.225412,2.153891,1.52035,0.9130238,2.153891,2.6630375,3.5139928,2.6564949,1.8305374,3.5139928,2.7001991,3.672639,2.7573073,1.8578869,3.5418365,287.1405,287.1405,282.40454,282.40454,286.6104,286.6104,282.58078,282.58078,285.68964,285.68964,285.67664,285.67664,289.16757,289.16757,286.6104,286.6104,286.6104,278.32776,278.32776,278.32776,287.1405,287.1405,287.1405,280.35434,284.6316,280.5609,277.0686,284.6316,280.35434,284.6316,280.5609,277.0686,284.6316,280.35434,284.6316,280.5609,277.0686,284.6316,0.0,0.0,0.0,0.0,0.0,0.0,0.0,0.0,0.0,0.0,0.0,0.0,0.0,0.0,0.0,0.0,0.0,0.0,0.0,0.0,3.9264398,2.7204857,4.1669745,3.8608096,2.9887862,3.867323,4.4358444,4.1669745,1.5036633,3.9264398,2.664471,3.5143187,2.658118,1.8323472,3.5143187,2.512741427336761,3.3108124316804854,2.8853810395994133,1.8949243966459595,3.5418265610001507,3.9264398,2.7204857,4.1669745,3.8608096,2.9887862,3.867323,4.4358444,4.1669745,1.5036633,3.9264398,2.664471,3.5143187,2.658118,1.8323472,3.5143187,2.512741427336761,3.3108124316804854,2.8853810395994133,1.8949243966459595,3.5418265610001507
2012-06-10 21:00:00,0.0,0.0,0.0,0.0,0.0,0.0,0.0,0.0,0.0,0.0,0.0,0.0,0.0,0.0,0.0,0.0,0.0,0.0,0.0,0.0,0.0,0.0,0.0,0.0,0.0,0.0,0.0,0.0,0.0,0.0,0.0,0.0,0.0,0.0,0.0,0.0,0.0,0.0,2.16661,3.774813,1.1842567,2.670638,2.2610362,4.078345,1.9361252,3.7875595,1.8911661,3.0227373,2.2368906,3.723103,2.3526683,4.1256657,2.2610362,4.078345,3.7377539,0.68464583,1.4807467,1.5326579,2.16661,3.774813,3.6132221,1.184335,2.134358,1.4673777,0.90063953,2.134358,2.5888562,3.4906785,2.5866032,1.810202,3.4906785,2.6221657,3.646768,2.689131,1.8315121,3.5187078,286.33307,286.33307,282.13358,282.13358,286.18314,286.18314,282.28217,282.28217,285.89514,285.89514,284.97195,284.97195,287.71677,287.71677,286.18314,286.18314,286.18314,278.1502,278.1502,278.1502,286.33307,286.33307,286.33307,279.97833,284.50122,280.1595,276.95172,284.50122,279.97833,284.50122,280.1595,276.95172,284.50122,279.97833,284.50122,280.1595,276.95172,284.50122,0.0,0.0,0.0,0.0,0.0,0.0,0.0,0.0,0.0,0.0,0.0,0.0,0.0,0.0,0.0,0.0,0.0,0.0,0.0,0.0,3.7742305,2.6718254,4.077927,3.7889686,3.022677,3.7236593,4.124092,4.077927,1.4815965,3.7742305,2.5902896,3.4910038,2.5882263,1.812012,3.4910038,2.4419474804323373,3.2886877182717065,2.792540533452371,1.8744734514432213,3.5186997428831317,3.7742305,2.6718254,4.077927,3.7889686,3.022677,3.7236593,4.124092,4.077927,1.4815965,3.7742305,2.5902896,3.4910038,2.5882263,1.812012,3.4910038,2.4419474804323373,3.2886877182717065,2.792540533452371,1.8744734514432213,3.5186997428831317
2012-06-10 22:00:00,0.0,0.0,0.0,0.0,0.0,0.0,0.0,0.0,0.0,0.0,0.0,0.0,0.0,0.0,0.0,0.0,0.0,0.0,0.0,0.0,0.0,0.0,0.0,0.0,0.0,0.0,0.0,0.0,0.0,0.0,0.0,0.0,0.0,0.0,0.0,0.0,0.0,0.0,2.1097136,3.7023902,1.1613214,2.6253428,2.2098808,4.0080023,1.9343648,3.7848136,1.8936931,3.0263405,2.178563,3.6424582,2.2059336,3.9230793,2.2098808,4.0080023,3.670174,0.6754311,1.4662617,1.5159223,2.1097136,3.7023902,3.5383239,1.1676253,2.1125653,1.4779084,0.9318979,2.1125653,2.55868,3.4646673,2.6004977,1.8615282,3.4646673,2.5904226,3.6179056,2.7026844,1.8980823,3.4929042,285.94888,285.94888,281.88135,281.88135,285.8456,285.8456,282.27075,282.27075,285.917,285.917,284.5764,284.5764,286.774,286.774,285.8456,285.8456,285.8456,278.03366,278.03366,278.03366,285.94888,285.94888,285.94888,279.82538,284.35577,280.2393,277.24673,284.35577,279.82538,284.35577,280.2393,277.24673,284.35577,279.82538,284.35577,280.2393,277.24673,284.35577,0.0,0.0,0.0,0.0,0.0,0.0,0.0,0.0,0.0,0.0,0.0,0.0,0.0,0.0,0.0,0.0,0.0,0.0,0.0,0.0,3.7018077,2.6265302,4.0075846,3.7862227,3.0262806,3.6430144,3.921506,4.0075846,1.4671116,3.7018077,2.5601137,3.4649928,2.6021206,1.8633384,3.4649928,2.413149553163043,3.26400457592474,2.8109971187932947,1.9260920643087234,3.4928986157422806,3.7018077,2.6265302,4.0075846,3.7862227,3.0262806,3.6430144,3.921506,4.0075846,1.4671116,3.7018077,2.5601137,3.4649928,2.6021206,1.8633384,3.4649928,2.413149553163043,3.26400457592474,2.8109971187932947,1.9260920643087234,3.4928986157422806
2012-06-10 23:00:00,0.0,0.0,0.0,0.0,0.0,0.0,0.0,0.0,0.0,0.0,0.0,0.0,0.0,0.0,0.0,0.0,0.0,0.0,0.0,0.0,0.0,0.0,0.0,0.0,0.0,0.0,0.0,0.0,0.0,0.0,0.0,0.0,0.0,0.0,0.0,0.0,0.0,0.0,2.0812497,3.6661587,1.1145463,2.5329657,2.186297,3.975572,1.8686,3.6822467,1.872859,2.996632,2.1863933,3.653284,2.0911314,3.76458,2.186297,3.975572,3.6390176,0.66453683,1.4491372,1.4961369,2.0812497,3.6661587,3.500854,1.1583438,2.1035166,1.4783597,1.0066954,2.1035166,2.5419185,3.4538665,2.601093,1.9843463,3.4538665,2.5727901,3.605921,2.7032652,2.0573769,3.4821897,285.75668,285.75668,281.36694,281.36694,285.69,285.69,281.84442,281.84442,285.73685,285.73685,284.6295,284.6295,286.03638,286.03638,285.69,285.69,285.69,277.89587,277.89587,277.89587,285.75668,285.75668,285.75668,279.74042,284.29538,280.2427,277.95267,284.29538,279.74042,284.29538,280.2427,277.95267,284.29538,279.74042,284.29538,280.2427,277.95267,284.29538,0.0,0.0,0.0,0.0,0.0,0.0,0.0,0.0,0.0,0.0,0.0,0.0,0.0,0.0,0.0,0.0,0.0,0.0,0.0,0.0,3.6655762,2.5341532,3.9751544,3.6836557,2.996572,3.65384,3.7630067,3.9751544,1.4499868,3.6655762,2.543352,3.4541922,2.6027157,1.9861561,3.4541922,2.3971532583670108,3.2537553231541465,2.811787611167361,2.049609365726411,3.4821851389038954,3.6655762,2.5341532,3.9751544,3.6836557,2.996572,3.65384,3.7630067,3.9751544,1.4499868,3.6655762,2.543352,3.4541922,2.6027157,1.9861561,3.4541922,2.3971532583670108,3.2537553231541465,2.811787611167361,2.049609365726411,3.4821851389038954
2012-07-15 00:00:00,0.0,0.0,0.0,0.0,0.0,0.0,0.0,0.0,0.0,0.0,0.0,0.0,0.0,0.0,0.0,0.0,0.0,0.0,0.0,0.0,0.0,0.0,0.0,0.0,0.0,0.0,0.0,0.0,0.0,0.0,0.0,0.0,0.0,0.0,0.0,0.0,0.0,0.0,1.9816891,3.5394287,1.0802308,2.4651957,2.1020987,3.8597932,2.122535,4.078286,1.8098447,2.906777,2.866887,4.5941505,2.9992125,5.018304,2.1020987,3.8597932,3.5277853,0.60186213,1.3506178,1.3823104,1.9816891,3.5394287,3.369792,1.1542898,2.697949,1.757653,1.0575554,2.697949,2.5345972,4.1633716,2.969595,2.0678582,4.1633716,2.565089,4.3932047,3.0627217,2.1656914,4.186035,285.0844,285.0844,280.98956,280.98956,285.13446,285.13446,283.4906,283.4906,285.192,285.192,289.2445,289.2445,291.87085,291.87085,285.13446,285.13446,285.13446,277.10318,277.10318,277.10318,285.0844,285.0844,285.0844,279.7033,288.26276,282.35922,278.43268,288.26276,279.7033,288.26276,282.35922,278.43268,288.26276,279.7033,288.26276,282.35922,278.43268,288.26276,0.0,0.0,0.0,0.0,0.0,0.0,0.0,0.0,0.0,0.0,0.0,0.0,0.0,0.0,0.0,0.0,0.0,0.0,0.0,0.0,3.5388463,2.466383,3.8593752,4.079695,2.9067163,4.5947065,5.0167303,3.8593752,1.3514675,3.5388463,2.5360308,4.1636972,2.971218,2.0696683,4.1636972,2.3901663709848355,3.92704163337922,3.301285897872697,2.133597072539433,4.185966912234162,3.5388463,2.466383,3.8593752,4.079695,2.9067163,4.5947065,5.0167303,3.8593752,1.3514675,3.5388463,2.5360308,4.1636972,2.971218,2.0696683,4.1636972,2.3901663709848355,3.92704163337922,3.301285897872697,2.133597072539433,4.185966912234162
2012-07-15 01:00:00,0.0,0.0,0.0,0.0,0.0,0.0,0.0,0.0,0.0,0.0,0.0,0.0,0.0,0.0,0.0,0.0,0.0,0.0,0.0,0.0,0.0,0.0,0.0,0.0,0.0,0.0,0.0,0.0,0.0,0.0,0.0,0.0,0.0,0.0,0.0,0.0,0.0,0.0,1.9458674,3.4938316,1.0259938,2.3580818,2.0580337,3.7992005,2.1233728,4.079593,1.8073071,2.9031577,2.8084831,4.5133996,2.8457427,4.8064184,2.0580337,3.7992005,3.4695725,0.559943,1.2847245,1.306179,1.9458674,3.4938316,3.3226364,1.1262751,2.6324482,1.611704,1.0221453,2.6324482,2.4840055,4.0851912,2.7770283,2.0097146,4.0851912,2.5118697,4.306454,2.8748822,2.0902796,4.1084785,284.84253,284.84253,280.3931,280.3931,284.84372,284.84372,283.49603,283.49603,285.17004,285.17004,288.84842,288.84842,290.8848,290.8848,284.84372,284.84372,284.84372,276.573,276.573,276.573,284.84253,284.84253,284.84253,279.44687,287.8256,281.2532,278.09848,287.8256,279.44687,287.8256,281.2532,278.09848,287.8256,279.44687,287.8256,281.2532,278.09848,287.8256,0.0,0.0,0.0,0.0,0.0,0.0,0.0,0.0,0.0,0.0,0.0,0.0,0.0,0.0,0.0,0.0,0.0,0.0,0.0,0.0,3.4932492,2.3592691,3.7987828,4.081002,2.9030979,4.513956,4.8048453,3.7987828,1.2855743,3.4932492,2.4854386,4.085517,2.7786515,2.0115247,4.085517,2.341884451023966,3.85285237317773,3.0454910351859765,2.075122320342256,4.108417364124071,3.4932492,2.3592691,3.7987828,4.081002,2.9030979,4.513956,4.8048453,3.7987828,1.2855743,3.4932492,2.4854386,4.085517,2.7786515,2.0115247,4.085517,2.341884451023966,3.85285237317773,3.0454910351859765,2.075122320342256,4.108417364124071
2012-07-15 02:00:00,0.0,0.0,0.0,0.0,0.0,0.0,0.0,0.0,0.0,0.0,0.0,0.0,0.0,0.0,0.0,0.0,0.0,0.0,0.0,0.0,0.0,0.0,0.0,0.0,0.0,0.0,0.0,0.0,0.0,0.0,0.0,0.0,0.0,0.0,0.0,0.0,0.0,0.0,1.9302256,3.4739208,1.021762,2.349724,1.9318384,3.625672,2.1500459,4.1211925,1.8319674,2.9383218,2.6720202,4.3247223,2.582605,4.443123,1.9318384,3.625672,3.3028595,0.53368837,1.2434546,1.2584968,1.9302256,3.4739208,3.302045,1.1112791,2.4950874,1.5190734,1.0000927,2.4950874,2.4569237,3.9212396,2.6548104,1.9735044,3.9212396,2.483382,4.12453,2.7556643,2.043315,3.9458346,284.7369,284.7369,280.34656,280.34656,284.01108,284.01108,283.66895,283.66895,285.38327,285.38327,287.92294,287.92294,289.19412,289.19412,284.01108,284.01108,284.01108,276.24094,276.24094,276.24094,284.7369,284.7369,284.7369,279.3096,286.9088,280.55124,277.89035,286.9088,279.3096,286.9088,280.55124,277.89035,286.9088,279.3096,286.9088,280.55124,277.89035,286.9088,0.0,0.0,0.0,0.0,0.0,0.0,0.0,0.0,0.0,0.0,0.0,0.0,0.0,0.0,0.0,0.0,0.0,0.0,0.0,0.0,3.4733386,2.3509116,3.6252542,4.1226015,2.938262,4.3252788,4.44155,3.6252542,1.2443043,3.4733386,2.4583573,3.921565,2.6564338,1.9753143,3.921565,2.3160398626645717,3.697269855501436,2.883143663862101,2.038705754733202,3.9457879767052075,3.4733386,2.3509116,3.6252542,4.1226015,2.938262,4.3252788,4.44155,3.6252542,1.2443043,3.4733386,2.4583573,3.921565,2.6564338,1.9753143,3.921565,2.3160398626645717,3.697269855501436,2.883143663862101,2.038705754733202,3.9457879767052075
2012-07-15 03:00:00,0.0,0.0,0.0,0.0,0.0,0.0,0.0,0.0,0.0,0.0,0.0,0.0,0.0,0.0,0.0,0.0,0.0,0.0,0.0,0.0,0.0,0.0,0.0,0.0,0.0,0.0,0.0,0.0,0.0,0.0,0.0,0.0,0.0,0.0,0.0,0.0,0.0,0.0,1.9676335,3.5215373,0.98555386,2.2782164,1.8871539,3.5642278,2.1362197,4.0996294,1.8606118,2.979168,2.4735572,4.050324,2.3518796,4.124577,1.8871539,3.5642278,3.2438276,0.5165521,1.2165177,1.2273748,1.9676335,3.5215373,3.351289,1.0679017,2.3120568,1.4633546,0.9972634,2.3120568,2.3785884,3.7027771,2.581295,1.9688585,3.7027771,2.4009786,3.882118,2.6839533,2.0372891,3.7291148,284.9895,284.9895,279.94836,279.94836,283.71625,283.71625,283.5793,283.5793,285.63095,285.63095,286.577,286.577,287.7117,287.7117,283.71625,283.71625,283.71625,276.0242,276.0242,276.0242,284.9895,284.9895,284.9895,278.91254,285.68723,280.129,277.86365,285.68723,278.91254,285.68723,280.129,277.86365,285.68723,278.91254,285.68723,280.129,277.86365,285.68723,0.0,0.0,0.0,0.0,0.0,0.0,0.0,0.0,0.0,0.0,0.0,0.0,0.0,0.0,0.0,0.0,0.0,0.0,0.0,0.0,3.5209548,2.2794037,3.5638094,4.1010385,2.979108,4.05088,4.123004,3.5638094,1.2173674,3.5209548,2.3800216,3.7031026,2.5829182,1.9706684,3.7031026,2.241281316834407,3.489959426419034,2.7854896237944033,2.034033541403595,3.729087742059567,3.5209548,2.2794037,3.5638094,4.1010385,2.979108,4.05088,4.123004,3.5638094,1.2173674,3.5209548,2.3800216,3.7031026,2.5829182,1.9706684,3.7031026,2.241281316834407,3.489959426419034,2.7854896237944033,2.034033541403595,3.729087742059567
2012-07-15 04:00:00,0.0,0.0,0.0,0.0,0.0,0.0,-2.3306768,-4.351758,0.0,0.0,0.0,0.0,0.0,0.0,0.0,0.0,0.0,0.0,0.0,0.0,0.0,0.0,0.0,0.0,0.0,0.0,0.0,0.0,0.0,0.0,0.0,0.0,0.0,0.0,0.0,0.0,0.0,0.0,1.9283317,3.4715106,0.9341055,2.1766105,1.8783152,3.552073,2.2363591,4.2558074,1.8251379,2.9285836,2.297729,3.8072193,2.1959875,3.909347,1.8783152,3.552073,3.232151,0.5023812,1.1942422,1.2016382,1.9283317,3.4715106,3.2995524,0.92411053,2.103128,1.4495058,0.9945667,2.103128,2.1189141,3.453403,2.5630226,1.9644305,3.453403,2.1278193,3.6054063,2.6661294,2.031546,3.48173,284.72412,284.72412,279.38257,279.38257,283.65793,283.65793,284.2285,284.2285,285.32422,285.32422,285.38455,285.38455,286.71008,286.71008,283.65793,283.65793,283.65793,275.84497,275.84497,275.84497,284.72412,284.72412,284.72412,277.5963,284.2928,280.02405,277.8382,284.2928,277.5963,284.2928,280.02405,277.8382,284.2928,277.5963,284.2928,280.02405,277.8382,284.2928,0.0,0.0,0.0,4.8000855,0.0,0.0,0.0,0.0,0.0,0.0,0.0,0.0,0.0,0.0,0.0,0.0,0.0,0.0,0.0,0.0,3.470928,2.1777978,3.5516553,4.2572165,2.9285235,3.8077757,3.907774,3.5516553,1.195092,3.470928,2.1203475,3.4537284,2.5646455,1.9662404,3.4537284,1.9934651549978846,3.2533151076485884,2.7612172731299927,2.029580254641432,3.4817249845172036,3.470928,2.1777978,3.5516553,-0.5428693,2.9285235,3.8077757,3.907774,3.5516553,1.195092,3.470928,2.1203475,3.4537284,2.5646455,1.9662404,3.4537284,1.9934651549978846,3.2533151076485884,2.7612172731299927,2.029580254641432,3.4817249845172036
2012-07-15 05:00:00,-4.262851,-5.74938,-2.5233245,-5.1836677,-4.71202,-6.8188853,-9.517058,-17.122158,-5.017296,-7.5689034,-1.3471893,-2.2008882,-4.3033876,-6.479901,-4.71202,-6.8188853,-5.9436326,-0.3563268,-0.5233024,-0.3735484,-4.262851,-5.74938,-5.299981,-2.6994958,-3.625165,-0.6337466,-0.5386405,-3.625165,-5.0606966,-4.802682,-1.0383011,-0.98726726,-4.802682,-3.2918334,-4.190358,-0.68450725,-0.5994495,-4.176944,1.9879534,3.5474024,0.9783917,2.2640715,2.0116518,3.7354217,2.522597,4.702227,1.8501085,2.9641912,2.224786,3.7063665,2.3863964,4.1722317,2.0116518,3.7354217,3.4082985,0.5030448,1.1952853,1.2028434,1.9879534,3.5474024,3.3780384,0.9967996,2.024706,1.4705148,0.98173606,2.024706,2.250184,3.3597991,2.590742,1.9433627,3.3597991,2.2659063,3.5015419,2.6931684,2.0042214,3.3888729,285.1267,285.1267,279.8696,279.8696,284.5377,284.5377,286.08408,286.08408,285.54013,285.54013,284.88986,284.88986,287.93347,287.93347,284.5377,284.5377,284.5377,275.85336,275.85336,275.85336,285.1267,285.1267,285.1267,278.2617,283.76938,280.18326,277.7171,283.76938,278.2617,283.76938,280.18326,277.7171,283.76938,278.2617,283.76938,280.18326,277.7171,283.76938,5.8775406,5.5431585,6.7832365,17.929598,7.0857954,2.281968,6.326293,6.7832365,0.6673559,5.8775406,5.608092,4.985643,1.257817,1.2505572,4.985643,4.854213051584763,4.559245691885293,0.9782752802473218,1.0738504509833502,4.781417072783831,3.54682,2.265259,3.735004,4.703636,2.9641306,3.706923,4.1706586,3.735004,1.196135,3.54682,2.2516174,3.360125,2.5923653,1.9451725,3.360125,2.118740735255749,3.1644899766387633,2.7980386902327075,2.00839243465071,3.3888766564448716,-2.330721,-3.2778995,-3.0482328,-13.225961,-4.121665,1.4249548,-2.1556344,-3.0482328,0.52877915,-2.330721,-3.3564744,-1.6255181,1.3345484,0.69461536,-1.6255181,-2.7354723163290138,-1.3947557152465295,1.8197634099853857,0.9345419836673596,-1.3925404163389592
2012-07-15 06:00:00,-6.7071996,-8.833228,-3.600636,-7.4169893,-7.4703355,-10.578525,-14.364489,-25.130257,-9.481121,-13.429473,-3.9151993,-6.231755,-10.54625,-14.114961,-7.4703355,-10.578525,-9.32601,-0.9158049,-1.332702,-1.015923,-6.7071996,-8.833228,-8.243704,-4.4284916,-9.826972,-2.5512762,-1.3492618,-9.826972,-8.368094,-12.452525,-4.088659,-2.4036648,-12.452525,-5.6434197,-11.198542,-2.8014219,-1.537147,-11.104177,2.0278382,3.5981715,1.0191673,2.3446,2.1137173,3.8757696,2.6554582,4.909439,1.9600109,3.1209066,2.2599301,3.7549577,2.8354547,4.7922144,2.1137173,3.8757696,3.5431342,0.5126963,1.2104568,1.220372,2.0278382,3.5981715,3.4305427,1.0607705,2.186639,1.4795395,0.94435346,2.186639,2.36571,3.5530806,2.6026492,1.8819803,3.5530806,2.3874311,3.716011,2.7047834,1.9246085,3.5806122,285.39603,285.39603,280.31802,280.31802,285.21112,285.21112,286.94537,286.94537,286.49042,286.49042,285.1282,285.1282,290.8187,290.8187,285.21112,285.21112,285.21112,275.97543,275.97543,275.97543,285.39603,285.39603,285.39603,278.84726,284.85016,280.25165,277.3643,284.85016,278.84726,284.85016,280.25165,277.3643,284.85016,278.84726,284.85016,280.25165,277.3643,284.85016,8.967535,7.8134546,10.481293,25.650223,12.603683,6.395027,13.892062,10.481293,1.6401334,8.967535,9.0145035,12.661867,4.843997,3.0098493,12.661867,8.071121279991235,12.045934246163197,3.970933449272114,2.5893616617991198,12.107304788101736,3.5975888,2.3457875,3.875352,4.910848,3.1208467,3.755514,4.7906413,3.875352,1.2113065,3.5975888,2.3671434,3.553406,2.6042726,1.8837903,3.553406,2.228991060164611,3.347904472278256,2.8138555956816598,1.946660482303749,3.580598628264686,-5.369946,-5.467667,-6.605941,-20.739376,-9.482837,-2.6395133,-9.101421,-6.605941,-0.4288269,-5.369946,-6.6473603,-9.108461,-2.2397246,-1.1260589,-9.108461,-5.8421302198266245,-8.698029773884942,-1.157077853590454,-0.6427011794953708,-8.526706159837051
2012-07-15 07:00:00,-9.232449,-11.863688,-4.7909484,-9.894493,-10.217824,-14.147678,-14.059312,-24.643078,-12.698641,-17.332943,-6.210669,-9.66575,-14.673823,-18.361034,-10.217824,-14.147678,-12.592001,-1.5659357,-2.3462243,-1.8411596,-9.232449,-11.863688,-11.192695,-5.3941174,-11.464503,-3.3742728,-2.592706,-11.464503,-10.275388,-14.421969,-5.346166,-4.5372233,-14.421969,-6.98445,-13.046225,-3.7306378,-3.0883367,-12.92537,2.1074133,3.6994617,1.0780082,2.460806,2.226023,4.030199,2.6838589,4.953733,2.158089,3.403357,2.2818265,3.7852318,3.2019808,5.2982516,2.226023,4.030199,3.6914992,0.5463778,1.2634012,1.2815427,2.1074133,3.6994617,3.5352955,1.133523,2.3603878,1.4523647,0.95735854,2.3603878,2.4970942,3.760464,2.5667949,1.9033349,3.760464,2.5256386,3.9461288,2.6698093,1.9523051,3.7863414,285.93335,285.93335,280.96512,280.96512,285.95212,285.95212,287.1295,287.1295,288.20312,288.20312,285.2767,285.2767,293.17365,293.17365,285.95212,285.95212,285.95212,276.40143,276.40143,276.40143,285.93335,285.93335,285.93335,279.5132,286.0098,280.04572,277.48703,286.0098,279.5132,286.0098,280.04572,277.48703,286.0098,279.5132,286.0098,280.04572,277.48703,286.0098,11.970754,10.277747,13.977027,25.167685,16.451712,9.836587,18.169312,13.977027,2.7692587,11.970754,10.931431,14.586615,6.2936873,5.5112042,14.586615,9.900671103430767,13.971111567416436,5.294040826839199,4.688385538831549,13.929507337536824,3.6988795,2.4619932,4.029781,4.955142,3.4032972,3.7857883,5.296678,4.029781,1.2642509,3.6988795,2.4985275,3.7607896,2.568418,1.9051448,3.7607896,2.354375810537822,3.544701519286729,2.7662284301441624,1.9681366446028128,3.786309293439926,-8.271874,-7.815754,-9.947246,-20.212542,-13.048415,-6.050799,-12.872633,-9.947246,-1.505008,-8.271874,-8.432903,-10.825825,-3.725269,-3.6060598,-10.825825,-7.546295292892945,-10.426410048129707,-2.5278123966950363,-2.7202488942287366,-10.143198044096899
2012-07-15 08:00:00,-7.3613415,-9.669951,-5.6505537,-11.662551,-11.919273,-16.280981,-14.75487,-25.750929,-14.864237,-19.80837,-6.7816415,-10.494319,-17.254255,-20.676743,-11.919273,-16.280981,-14.5689945,-2.4323955,-3.813992,-3.0085135,-7.3613415,-9.669951,-9.062519,-6.471065,-13.256142,-4.292101,-4.1500835,-13.256142,-12.337132,-16.476374,-6.73577,-7.216179,-16.476374,-8.543171,-15.023034,-4.7878337,-5.2033854,-14.863627,2.1327996,3.731776,1.0890664,2.482645,2.3236299,4.164416,2.7708876,5.089464,2.323117,3.638681,2.2771645,3.7787867,3.3758938,5.538361,2.3236299,4.164416,3.8204443,0.61096114,1.3649206,1.3988354,2.1327996,3.731776,3.5687141,1.1665952,2.4064462,1.4624244,1.0009398,2.4064462,2.5568197,3.8154387,2.5800676,1.9748952,3.8154387,2.5884657,4.00713,2.6827562,2.045119,3.8408775,286.10477,286.10477,281.08673,281.08673,286.59613,286.59613,287.69366,287.69366,289.63007,289.63007,285.2451,285.2451,294.29105,294.29105,286.59613,286.59613,286.59613,277.21826,277.21826,277.21826,286.10477,286.10477,286.10477,279.81595,286.3172,280.12195,277.89835,286.3172,279.81595,286.3172,280.12195,277.89835,286.3172,279.81595,286.3172,280.12195,277.89835,286.3172,9.796167,11.994791,16.071331,26.167843,18.99558,10.65972,20.509048,16.071331,4.319911,9.796167,12.9600725,16.588955,7.8471866,8.456654,16.588955,11.908202380518244,16.031325854585884,6.758027508060057,7.06970468148015,15.832000017606221,3.7311933,2.4838324,4.163998,5.090873,3.6386206,3.779343,5.5367875,4.163998,1.3657703,3.7311933,2.5582533,3.815764,2.5816908,1.9767053,3.815764,2.411374102339777,3.596869646198394,2.7838592332728918,2.040104748895896,3.840840295053395,-6.064974,-9.510959,-11.907332,-21.07697,-15.356959,-6.8803782,-14.97226,-11.907332,-2.954141,-6.064974,-10.401819,-12.773191,-5.265496,-6.4799485,-12.773191,-9.496828278178466,-12.43445620838749,-3.9741682747871656,-5.029599932584254,-11.991159722552826
2012-07-15 09:00:00,-13.638002,-16.740093,-6.9127355,-14.261769,-12.552811,-17.074995,-17.024723,-29.285215,-15.904221,-20.946686,-9.433867,-14.229236,-18.854456,-21.978506,-12.552811,-17.074995,-15.313435,-4.32866,-7.0555134,-5.6339893,-13.638002,-16.740093,-16.010435,-8.612614,-18.71852,-4.7469273,-6.2979236,-18.71852,-16.478222,-22.38166,-7.4593024,-11.080892,-22.38166,-11.6550865,-20.893057,-5.3187833,-8.254757,-20.588524,2.2464564,3.8764489,1.1300945,2.5636723,2.3917599,4.2580996,2.8477569,5.2093506,2.412242,3.7657688,2.2906778,3.79747,3.5893965,5.8331285,2.3917599,4.2580996,3.9104493,0.760331,1.5997173,1.6701131,2.2464564,3.8764489,3.7183325,1.2849088,2.516546,1.5406865,1.1291778,2.516546,2.7704835,3.946852,2.6833272,2.185462,3.946852,2.8132248,4.1529493,2.783481,2.3182237,3.9712427,286.87222,286.87222,281.53793,281.53793,287.04565,287.04565,288.192,288.192,290.4007,290.4007,285.33673,285.33673,295.6628,295.6628,287.04565,287.04565,287.04565,279.10745,279.10745,279.10745,286.87222,286.87222,286.87222,280.89896,287.05203,280.71503,279.10864,287.05203,280.89896,287.05203,280.71503,279.10864,287.05203,280.89896,287.05203,280.71503,279.10864,287.05203,16.755526,14.483933,16.862394,29.44639,20.203922,14.328764,21.864895,16.862394,7.589596,16.755526,16.97064,22.265528,8.600184,12.458312,22.265528,15.882955445882274,22.056401658571083,7.404789433732113,10.171104204418278,21.21902728448963,3.8758662,2.5648596,4.257682,5.2107596,3.765709,3.7980263,5.8315554,4.257682,1.6005669,3.8758662,2.7719169,3.9471776,2.6849506,2.187272,3.9471776,2.615280894624834,3.7215749304142163,2.9210237761086546,2.251870815683208,3.9711939124316054,-12.879659,-11.919073,-12.6047125,-24.23563,-16.438213,-10.530737,-16.03334,-12.6047125,-5.989029,-12.879659,-14.198724,-18.318352,-5.9152346,-10.27104,-18.318352,-13.26767455125744,-18.334826728156866,-4.483765657623459,-7.919233388735069,-17.247833372058025
2012-07-15 10:00:00,-13.928229,-17.077694,-7.3141613,-15.087121,-13.79122,-18.544724,-18.74603,-31.872675,-15.81585,-20.892344,-15.366554,-22.006397,-19.802166,-22.706694,-13.79122,-18.544724,-16.679136,-4.926222,-8.055628,-6.439847,-13.928229,-17.077694,-16.346266,-9.020309,-20.534222,-6.232367,-9.195075,-20.534222,-17.184242,-24.381458,-9.741938,-16.226093,-24.381458,-12.374069,-22.855331,-7.062858,-12.489592,-22.512993,2.2903547,3.9323263,1.14839,2.5998042,2.422786,4.300763,2.9139075,5.3125196,2.5244424,3.9257612,2.4715145,4.047499,3.631969,5.8919044,2.422786,4.300763,3.951437,0.8147222,1.6852157,1.7688956,2.2903547,3.9323263,3.77612,1.2422814,2.7804446,1.687723,1.3096045,2.7804446,2.693502,4.261838,2.8773284,2.4817233,4.261838,2.732246,4.5024652,2.97272,2.702474,4.283716,287.16864,287.16864,281.73914,281.73914,287.25037,287.25037,288.62082,288.62082,291.37085,291.37085,286.56314,286.56314,295.93634,295.93634,287.25037,287.25037,287.25037,279.79538,279.79538,279.79538,287.16864,287.16864,287.16864,280.50876,288.81335,281.82928,280.8115,288.81335,280.50876,288.81335,281.82928,280.8115,288.81335,280.50876,288.81335,281.82928,280.8115,288.81335,17.085253,15.268732,18.29077,31.803253,20.333744,21.786774,22.600714,18.29077,8.573472,17.085253,17.596823,24.166197,10.9738655,17.524317,24.166197,16.63046944648574,24.005293002305322,9.571259042549753,14.036300282552325,23.00420649336809,3.9317439,2.6009917,4.3003454,5.3139286,3.9257014,4.048055,5.8903317,4.3003454,1.6860654,3.9317439,2.6949358,4.262163,2.8789515,2.4835331,4.262163,2.5418151527921937,4.020481258688488,3.1787242900542854,2.5498191946303628,4.283638740995226,-13.15351,-12.66774,-13.990425,-26.489325,-16.408043,-17.738718,-16.71038,-13.990425,-6.887407,-13.15351,-14.901887,-19.904034,-8.094914,-15.040784,-19.904034,-14.088654293693548,-19.984811743616834,-6.392534752495468,-11.486481087921963,-18.720567752372865
2012-07-15 11:00:00,-14.122452,-17.344135,-8.494758,-17.479204,-15.107206,-20.081707,-17.887518,-30.583038,-15.731189,-20.791927,-19.938883,-27.618042,-20.16501,-22.939491,-15.107206,-20.081707,-18.118092,-4.4161534,-7.2076445,-5.7461386,-14.122452,-17.344135,-16.612219,-10.088014,-21.576084,-10.566447,-10.338018,-21.576084,-19.331226,-25.522747,-16.085924,-18.295,-25.522747,-13.748084,-23.979195,-12.307392,-14.086958,-23.617466,2.3658488,4.0284224,1.1631391,2.628932,2.4869845,4.389041,2.9780293,5.412524,2.4803107,3.8628316,2.8709233,4.599731,3.732683,6.030954,2.4869845,4.389041,4.036248,0.771283,1.6169329,1.6900036,2.3658488,4.0284224,3.8755007,1.4138309,3.037467,1.9010653,1.4264606,3.037467,3.003305,4.5686154,3.158814,2.673601,4.5686154,3.058137,4.8428726,3.2472963,2.9513388,4.5880466,287.6784,287.6784,281.90134,281.90134,287.67395,287.67395,289.0365,289.0365,290.98926,290.98926,289.27188,289.27188,296.58344,296.58344,287.67395,287.67395,287.67395,279.24597,279.24597,279.24597,287.6784,287.6784,287.6784,282.07907,290.52878,283.446,281.91437,290.52878,282.07907,290.52878,283.446,281.91437,290.52878,282.07907,290.52878,283.446,281.91437,290.52878,17.345308,17.487158,19.79563,30.559486,20.166916,27.070385,22.865047,19.79563,7.7408123,17.345308,19.710266,25.248144,17.34244,19.478859,25.248144,18.55927285774812,25.0999823196775,15.938747917969131,15.511684307640841,24.015606340203913,4.0278397,2.6301198,4.388623,5.4139333,3.8627713,4.6002874,6.029381,4.388623,1.6177827,4.0278397,3.0047383,4.5689406,3.160437,2.6754107,4.5689406,2.8374708083326556,4.311598362017346,3.5526342409552925,2.742789614651711,4.587941543704914,-13.31747,-14.857038,-15.407006,-25.145552,-16.304144,-22.470098,-16.835667,-15.407006,-6.1230297,-13.31747,-16.705528,-20.679203,-14.182002,-16.803448,-20.679203,-15.721802049415464,-20.788383957660155,-12.386113677013839,-12.76889469298913,-19.427664796499
2012-07-15 12:00:00,-18.910303,-22.083534,-7.9052076,-16.304543,-15.805221,-20.8913,-13.230005,-23.271042,-16.116259,-21.217283,-21.386173,-29.26385,-19.605364,-22.288631,-15.805221,-20.8913,-18.881067,-5.217139,-8.561636,-6.803483,-18.910303,-22.083534,-21.342632,-7.877791,-20.980202,-15.5885725,-9.715204,-20.980202,-14.965662,-24.92066,-23.045284,-17.305552,-24.92066,-10.702757,-23.362553,-18.598522,-13.052288,-23.017668,2.5542493,4.268236,1.1926594,2.6872325,2.5390186,4.4605923,2.9701726,5.400271,2.5949564,4.026312,2.9671175,4.7327313,4.012711,6.4175687,2.5390186,4.4605923,4.104989,0.8586608,1.7542835,1.8486949,2.5542493,4.268236,4.1235123,1.171326,2.998766,2.143169,1.4464371,2.998766,2.5653634,4.522422,3.4782472,2.7064025,4.522422,2.5974526,4.7916155,3.5588884,2.9938827,4.5422215,288.95056,288.95056,282.22598,282.22598,288.01727,288.01727,288.98557,288.98557,291.98056,291.98056,289.92426,289.92426,298.38263,298.38263,288.01727,288.01727,288.01727,280.3511,280.3511,280.3511,288.95056,288.95056,288.95056,279.85925,290.27048,285.2807,282.1029,290.27048,279.85925,290.27048,285.2807,282.1029,290.27048,279.85925,290.27048,285.2807,282.1029,290.27048,21.954489,16.433031,20.596178,23.663475,20.759974,28.608555,22.311695,20.596178,9.070609,21.954489,15.466988,24.67759,23.84584,18.52405,24.67759,14.512319207849583,24.486681324459106,22.92418108806696,14.781381740248435,23.476571053032647,4.2676535,2.68842,4.4601746,5.4016795,4.026252,4.7332873,6.4159956,4.4601746,1.7551333,4.2676535,2.5667968,4.5227475,3.4798706,2.7082126,4.5227475,2.4195273862174957,4.267763255675607,3.9769521966382833,2.775778110594927,4.542120993952467,-17.686834,-13.744611,-16.136003,-18.261795,-16.73372,-23.875267,-15.895699,-16.136003,-7.315476,-17.686834,-12.90019,-20.154842,-20.36597,-15.815838,-20.154842,-12.092791821632087,-20.2189180687835,-18.947228891428676,-12.005603629653507,-18.93445005908018
2012-07-15 13:00:00,-18.075325,-21.284595,-9.063106,-18.658522,-14.580157,-19.525898,-15.430732,-26.796577,-15.772594,-20.86025,-21.81426,-29.761856,-19.443356,-22.26774,-14.580157,-19.525898,-17.613163,-4.623388,-7.515725,-6.075887,-18.075325,-21.284595,-20.543383,-9.644913,-20.39453,-15.6124935,-7.924195,-20.39453,-18.470268,-24.348091,-23.108416,-14.337037,-24.348091,-13.139006,-22.766527,-18.600634,-10.279932,-22.441444,2.508928,4.210546,1.2633549,2.82685,2.5571449,4.4855175,2.967955,5.3968124,2.6097097,4.0473485,3.0596488,4.8606668,3.9081304,6.2731824,2.5571449,4.4855175,4.128935,0.76601326,1.6086494,1.680433,2.508928,4.210546,4.0638504,1.3622553,3.0520346,2.1854775,1.4723539,3.0520346,2.9101644,4.586003,3.5340695,2.7489576,4.586003,2.9601593,4.8621664,3.6133409,3.049076,4.605295,288.64453,288.64453,283.00345,283.00345,288.13687,288.13687,288.9712,288.9712,292.10812,292.10812,290.5518,290.5518,297.7107,297.7107,288.13687,288.13687,288.13687,279.17932,279.17932,279.17932,288.64453,288.64453,288.64453,281.60696,290.626,285.60132,282.3475,290.626,281.60696,290.626,285.60132,282.3475,290.626,281.60696,290.626,285.60132,282.3475,290.626,21.17943,18.654205,19.290285,27.020819,20.443499,29.076826,22.256187,19.290285,8.036756,21.17943,18.880589,24.134024,23.859306,15.597671,24.134024,17.765585921031956,23.881273199366216,22.81877193074385,12.52413603060271,22.95848850569169,4.209964,2.8280377,4.4851,5.3982215,4.047289,4.8612227,6.2716084,4.4851,1.6094991,4.209964,2.9115977,4.5863285,3.5356927,2.7507677,4.5863285,2.7485833512584383,4.328098674966871,4.051103204512756,2.8185755846941305,4.605189212834319,-16.969465,-15.826168,-14.805185,-21.622597,-16.396212,-24.215603,-15.984579,-14.805185,-6.4272566,-16.969465,-15.96899,-19.547695,-20.323614,-12.846903,-19.547695,-15.017002569773517,-19.553174524399346,-18.767668726231094,-9.70556044590858,-18.353299292857372
2012-07-15 14:00:00,-15.287638,-18.685337,-8.661624,-17.850441,-14.894231,-19.878807,-16.797558,-28.924416,-15.138982,-20.188848,-20.903004,-28.748457,-17.483927,-20.349852,-14.894231,-19.878807,-17.939777,-4.3192406,-7.084226,-5.570869,-15.287638,-18.685337,-17.95318,-8.044673,-16.903313,-10.995817,-6.572041,-16.903313,-15.460575,-20.642399,-16.796925,-11.84894,-20.642399,-10.718377,-19.050602,-12.77161,-8.459746,-18.816471,2.5770006,4.297196,1.2571862,2.8146675,2.548838,4.4740944,2.9666746,5.3948154,2.6077397,4.0445404,3.0044484,4.784346,4.2500715,6.745276,2.548838,4.4740944,4.117961,0.78829384,1.6436726,1.7208979,2.5770006,4.297196,4.1534615,1.3361009,2.8194935,2.093342,1.2978184,2.8194935,2.862932,4.308446,3.4125051,2.4623702,4.308446,2.9104738,4.554183,3.4947603,2.677373,4.3299522,289.1042,289.1042,282.9356,282.9356,288.08206,288.08206,288.9629,288.9629,292.0911,292.0911,290.17743,290.17743,299.90768,299.90768,288.08206,288.08206,288.08206,279.46112,279.46112,279.46112,289.1042,289.1042,289.1042,281.36755,289.07397,284.9031,280.70026,289.07397,281.36755,289.07397,284.9031,280.70026,289.07397,281.36755,289.07397,284.9031,280.70026,289.07397,18.651857,17.907942,19.626799,29.021885,19.797754,28.130867,20.456688,19.626799,7.6244984,18.651857,16.030975,20.597694,17.872158,13.18751,20.597694,14.836314735519064,20.138273217238066,16.138869345747597,10.680859075429082,19.615490537896793,4.296613,2.815855,4.4736767,5.3962245,4.0444803,4.784902,6.7437024,4.4736767,1.6445223,4.296613,2.864365,4.308771,3.4141283,2.4641802,4.308771,2.703507585211428,4.064709969482255,3.889623963206828,2.530356088817312,4.329870722905185,-14.355245,-15.092086,-15.153121,-23.62566,-15.753275,-23.345966,-13.712985,-15.153121,-5.979976,-14.355245,-13.166611,-16.288923,-14.45803,-10.72333,-16.288923,-12.132807150307636,-16.07356324775581,-12.249245382540769,-8.15050298661177,-15.285619814991609
2012-07-15 15:00:00,-12.284804,-15.473895,-7.0991297,-14.675943,-14.65616,-19.60424,-14.954597,-26.051815,-14.975477,-20.010384,-19.513445,-27.177584,-11.352237,-15.097811,-14.65616,-19.60424,-17.68315,-4.636574,-7.5840836,-6.0354524,-12.284804,-15.473895,-14.76425,-6.0916433,-7.8008013,-8.989454,-7.992103,-7.8008013,-11.724904,-10.125441,-13.906828,-14.240337,-10.125441,-7.8998475,-8.994575,-10.329691,-10.593874,-8.9427185,2.4499705,4.1355,1.2226679,2.7464972,2.5411649,4.463543,2.9238405,5.328011,2.5756752,3.9988174,2.9711988,4.738374,3.7403395,6.0415244,2.5411649,4.463543,4.1078243,0.7957907,1.6554571,1.7345132,2.4499705,4.1355,3.986239,1.2690761,2.6868012,2.0027127,1.3036357,2.6868012,2.741891,4.150066,3.292928,2.4719222,4.150066,2.7831476,4.3784404,3.3781183,2.6897616,4.1728354,288.24643,288.24643,282.556,282.556,288.03143,288.03143,288.6852,288.6852,291.81384,291.81384,289.95193,289.95193,296.63263,296.63263,288.03143,288.03143,288.03143,279.55594,279.55594,279.55594,288.24643,288.24643,288.24643,280.75403,288.18835,284.2163,280.75516,288.18835,280.75403,288.18835,284.2163,280.75516,288.18835,280.75403,288.18835,284.2163,280.75516,288.18835,15.514625,14.926992,19.359211,26.348196,19.575697,26.662752,15.077172,19.359211,8.112927,15.514625,12.388691,10.314803,15.059109,15.5880375,10.314803,11.232648693178188,9.66852786757778,13.298846622430894,12.547805482682787,9.8457513044848,4.1349177,2.7476847,4.4631257,5.32942,3.9987574,4.73893,6.039952,4.4631257,1.6563066,4.1349177,2.7433245,4.1503916,3.2945514,2.473732,4.1503916,2.5879941115837566,3.91441521687861,3.730784401792871,2.539962159422985,4.1727686017076415,-11.379707,-12.179308,-14.896086,-21.018776,-15.576939,-21.923822,-9.03722,-14.896086,-6.45662,-11.379707,-9.645367,-6.1644115,-11.764557,-13.1143055,-6.1644115,-8.64465458159443,-5.754112650699169,-9.568062220638023,-10.007843323259802,-5.672982702777158
2012-07-15 16:00:00,-9.056805,-11.778187,-4.8623514,-10.075893,-11.811751,-16.208189,-13.655111,-23.978653,-11.851819,-16.479387,-15.360221,-22.19851,-14.144814,-17.737587,-11.811751,-16.208189,-14.524112,-4.0126324,-6.57543,-5.1482296,-9.056805,-11.778187,-11.130918,-3.8547502,-4.1860437,-6.126914,-8.450318,-4.1860437,-7.417903,-5.5663342,-9.681283,-15.0867195,-5.5663342,-4.814784,-4.8702545,-6.9160204,-11.21969,-4.854987,2.3510563,4.009593,1.1645043,2.6316288,2.4482665,4.3358006,2.8681126,5.241097,2.4701493,3.8483422,2.9103472,4.654239,3.9992025,6.398918,2.4482665,4.3358006,3.9850988,0.7653883,1.607667,1.679298,2.3510563,4.009593,3.8560278,1.190016,2.624017,1.9511821,1.357244,2.624017,2.5991154,4.0751276,3.2249389,2.5599475,4.0751276,2.6329575,4.295287,3.3117979,2.8039303,4.098495,287.57852,287.57852,281.91635,281.91635,287.4185,287.4185,288.32394,288.32394,290.9014,290.9014,289.53925,289.53925,298.29584,298.29584,287.4185,287.4185,287.4185,279.17142,279.17142,279.17142,287.57852,287.57852,287.57852,280.03033,287.76932,283.8258,281.2611,287.76932,280.03033,287.76932,283.8258,281.2611,287.76932,280.03033,287.76932,283.8258,281.2611,287.76932,11.878518,10.474721,16.044476,24.411886,16.047699,21.967094,17.775732,16.044476,7.1206493,11.878518,8.042879,5.7267213,10.721841,16.403742,5.7267213,7.082113807506767,5.267014292493706,9.057680602477818,13.166438056315306,5.4730311307491135,4.0090103,2.6328163,4.335383,5.242506,3.8482819,4.654795,6.3973455,4.335383,1.6085167,4.0090103,2.600549,4.0754533,3.2265618,2.561757,4.0754533,2.451738316040254,3.843302286210084,3.6404706480557913,2.6284885877561974,4.098434720723374,-7.869508,-7.841905,-11.709093,-19.16938,-12.199417,-17.312298,-11.3783865,-11.709093,-5.5121326,-7.869508,-5.44233,-1.6512682,-7.4952793,-13.841984,-1.6512682,-4.630375491466513,-1.4237120062836222,-5.417209954422027,-10.537949468559109,-1.37459641002574
2012-07-15 17:00:00,-6.7217436,-8.922707,-3.416343,-7.0799475,-8.806647,-12.39311,-9.907764,-17.76962,-11.285754,-15.78679,-13.508225,-19.840689,-10.75713,-14.297418,-8.806647,-12.39311,-11.012579,-3.1325305,-5.1398644,-3.9094605,-6.7217436,-8.922707,-8.354369,-3.2889845,-3.8056784,-6.656991,-6.330675,-3.8056784,-6.3226013,-5.0720673,-10.463086,-11.473223,-5.0720673,-4.064114,-4.430288,-7.544116,-8.082864,-4.4175897,2.2401562,3.8684294,1.1155369,2.5349224,2.34165,4.1891947,2.7809758,5.105197,2.366942,3.701173,2.8961816,4.634653,4.173538,6.6396117,2.34165,4.1891947,3.8442504,0.7250038,1.5441861,1.6059538,2.2401562,3.8684294,3.710039,1.1631148,2.5694036,1.9134005,1.3272952,2.5694036,2.550534,4.009942,3.1750884,2.510771,4.009942,2.5818536,4.2229557,3.2631714,2.740149,4.0338297,286.82968,286.82968,281.37784,281.37784,286.71503,286.71503,287.75906,287.75906,290.009,290.009,289.44318,289.44318,299.41595,299.41595,286.71503,286.71503,286.71503,278.66064,278.66064,278.66064,286.82968,286.82968,286.82968,279.7841,287.40482,283.5395,280.97845,287.40482,279.7841,287.40482,283.5395,280.97845,287.40482,279.7841,287.40482,283.5395,280.97845,287.40482,9.047362,7.4790816,12.305267,18.428205,15.257623,19.717737,14.388848,12.305267,5.6805854,9.047362,6.9079537,5.226289,11.57407,12.786826,5.226289,6.030518514841418,4.795430443155378,9.908130894056956,10.359008888532433,4.996449144497672,3.8678467,2.5361097,4.188777,5.1066065,3.701113,4.6352096,6.6380386,4.188777,1.5450357,3.8678467,2.5519676,4.0102677,3.1767118,2.512581,4.0102677,2.405375491791265,3.7814442391701832,3.574252795792483,2.5790325422032563,4.033774909021669,-5.179516,-4.9429717,-8.11649,-13.321598,-11.556509,-15.082528,-7.7508097,-8.11649,-4.1355495,-5.179516,-4.355986,-1.2160214,-8.397358,-10.274245,-1.2160214,-3.6251430230501533,-1.0139862039851946,-6.333878098264473,-7.7799763463291765,-0.962674235476003
2012-07-15 18:00:00,-3.9556592,-5.3731112,-1.8280718,-3.7873688,-6.4730344,-9.281378,-4.572745,-8.429573,-7.0962424,-10.470137,-7.5961165,-11.735888,-6.0740433,-8.928857,-6.4730344,-9.281378,-8.186703,-1.722256,-2.8097126,-2.017065,-3.9556592,-5.3731112,-4.960623,-1.3785679,-2.5028687,-4.666877,-3.0266972,-2.5028687,-2.6502752,-3.366045,-7.4397645,-5.5763016,-3.366045,-1.6345725,-2.924049,-5.2224016,-3.6294646,-2.918461,2.1111236,3.7041848,1.0740398,2.4529686,2.2699862,4.0906515,2.6404407,4.8860183,2.184475,3.4409823,2.7483332,4.430235,3.9933412,6.390826,2.2699862,4.0906515,3.7495773,0.6557274,1.4352894,1.4801376,2.1111236,3.7041848,3.54018,1.112376,2.5457869,1.826359,1.1890882,2.5457869,2.4589045,3.981753,3.060246,2.2838354,3.981753,2.4854658,4.191677,3.1511478,2.4458134,4.0058656,285.9584,285.9584,280.92148,280.92148,286.2422,286.2422,286.84802,286.84802,288.43127,288.43127,288.4405,288.4405,298.25818,298.25818,286.2422,286.2422,286.2422,277.78445,277.78445,277.78445,285.9584,285.9584,285.9584,279.31964,287.2472,282.87988,279.67407,287.2472,279.31964,287.2472,282.87988,279.67407,287.2472,279.31964,287.2472,282.87988,279.67407,287.2472,5.491599,4.081555,9.244293,9.017863,10.029262,11.849082,8.977442,9.244293,3.2429159,5.491599,2.9782493,3.4820395,8.403413,6.552084,3.4820395,2.5110919741308875,3.171521416669586,6.987244051828412,5.421128995517388,3.3305858955042105,3.7036026,2.4541562,4.090234,4.8874273,3.4409225,4.4307914,6.389253,4.090234,1.4361391,3.7036026,2.460338,3.982079,3.0618691,2.2856452,3.982079,2.317930229398729,3.7546946734500644,3.4217018835329283,2.3508042654785966,4.005813763053877,-1.7879966,-1.6273986,-5.1540594,-4.1304364,-6.5883393,-7.4182906,-2.5881882,-5.1540594,-1.8067766,-1.7879966,-0.5179112,0.50003964,-5.341544,-4.2664385,0.50003964,-0.19316174473215852,0.5831732567804782,-3.565542168295484,-3.0703247300387915,0.6752278675496663
2012-07-15 19:00:00,-0.4719932,-0.65966123,0.0,0.0,-1.2102222,-1.8050687,0.0,0.0,0.0,0.0,0.0,0.0,0.0,0.0,-1.2102222,-1.8050687,-1.5602462,0.0,0.0,0.0,-0.4719932,-0.65966123,-0.59599245,0.0,0.0,0.0,0.0,0.0,0.0,0.0,0.0,0.0,0.0,0.0,0.0,0.0,0.0,0.0,2.0084312,3.5734687,0.98547333,2.2780573,2.1099894,3.8706436,2.5037715,4.672867,2.002978,3.182176,2.5562246,4.1646214,3.5669868,5.8021894,2.1099894,3.8706436,3.53821,0.55056894,1.2699894,1.2891544,2.0084312,3.5734687,3.4049957,1.0643679,2.4343746,1.5305263,0.96771866,2.4343746,2.3722062,3.8487732,2.6699216,1.9203463,3.8487732,2.394265,4.044119,2.7704046,1.9743688,3.8739464,285.26498,285.26498,279.94748,279.94748,285.18652,285.18652,285.96204,285.96204,286.86194,286.86194,287.13763,287.13763,295.51883,295.51883,285.18652,285.18652,285.18652,276.45444,276.45444,276.45444,285.26498,285.26498,285.26498,278.8802,286.5036,280.63803,277.5848,286.5036,278.8802,286.5036,280.63803,277.5848,286.5036,278.8802,286.5036,280.63803,277.5848,286.5036,0.68260443,0.0,1.8139954,0.0,0.0,0.0,0.0,1.8139954,0.0,0.68260443,0.0,0.0,0.0,0.0,0.0,0.0,0.0,0.0,0.0,0.0,3.572886,2.279245,3.8702257,4.674276,3.182116,4.1651773,5.8006163,3.8702257,1.2708391,3.572886,2.3736396,3.8490992,2.671545,1.9221562,3.8490992,2.235190773557182,3.6285030145272383,2.9032165237892853,1.9852449548977407,3.8739064479229537,2.8902817,2.279245,2.0562303,4.674276,3.182116,4.1651773,5.8006163,2.0562303,1.2708391,2.8902817,2.3736396,3.8490992,2.671545,1.9221562,3.8490992,2.235190773557182,3.6285030145272383,2.9032165237892853,1.9852449548977407,3.8739064479229537
2012-07-15 20:00:00,0.0,0.0,0.0,0.0,0.0,0.0,0.0,0.0,0.0,0.0,0.0,0.0,0.0,0.0,0.0,0.0,0.0,0.0,0.0,0.0,0.0,0.0,0.0,0.0,0.0,0.0,0.0,0.0,0.0,0.0,0.0,0.0,0.0,0.0,0.0,0.0,0.0,0.0,1.9267318,3.4694743,0.98305917,2.2732894,1.9971654,3.7155018,2.384948,4.4875484,1.8764273,3.0017202,2.5454924,4.149782,3.3070505,5.4433136,1.9971654,3.7155018,3.3891609,0.56932676,1.299475,1.3232212,1.9267318,3.4694743,3.2974463,1.0218506,2.3383987,1.381593,0.8206036,2.3383987,2.295424,3.7342186,2.4734182,1.6787828,3.7342186,2.3134954,3.9170063,2.5787244,1.6610618,3.7603052,284.71332,284.71332,279.92093,279.92093,284.4421,284.4421,285.19174,285.19174,285.7677,285.7677,287.06485,287.06485,293.84872,293.84872,284.4421,284.4421,284.4421,276.69168,276.69168,276.69168,284.71332,284.71332,284.71332,278.491,285.86304,279.5094,276.19635,285.86304,278.491,285.86304,279.5094,276.19635,285.86304,278.491,285.86304,279.5094,276.19635,285.86304,0.0,0.0,0.0,0.0,0.0,0.0,0.0,0.0,0.0,0.0,0.0,0.0,0.0,0.0,0.0,0.0,0.0,0.0,0.0,0.0,3.4688916,2.274477,3.715084,4.4889574,3.00166,4.1503386,5.4417405,3.715084,1.3003247,3.4688916,2.2968574,3.734544,2.4750412,1.6805929,3.734544,2.1619146429775116,3.5197956796840097,2.6421917070920014,1.7423058807752885,3.7602753823152195,3.4688916,2.274477,3.715084,4.4889574,3.00166,4.1503386,5.4417405,3.715084,1.3003247,3.4688916,2.2968574,3.734544,2.4750412,1.6805929,3.734544,2.1619146429775116,3.5197956796840097,2.6421917070920014,1.7423058807752885,3.7602753823152195
2012-07-15 21:00:00,0.0,0.0,0.0,0.0,0.0,0.0,0.0,0.0,0.0,0.0,0.0,0.0,0.0,0.0,0.0,0.0,0.0,0.0,0.0,0.0,0.0,0.0,0.0,0.0,0.0,0.0,0.0,0.0,0.0,0.0,0.0,0.0,0.0,0.0,0.0,0.0,0.0,0.0,1.8398893,3.3589327,0.94674575,2.2015734,1.8905904,3.5689526,2.2994635,4.354226,1.7886788,2.8765948,2.2606723,3.7559845,3.0943983,5.1497188,1.8905904,3.5689526,3.2483673,0.5562875,1.2789783,1.2995402,1.8398893,3.3589327,3.183126,0.9729355,2.140421,1.2596813,0.89083874,2.140421,2.2070878,3.497915,2.3125672,1.7941091,3.497915,2.2205718,3.6547983,2.4218216,1.8106396,3.5258868,284.12692,284.12692,279.52158,279.52158,283.73892,283.73892,284.63757,284.63757,285.00897,285.00897,285.13324,285.13324,292.48242,292.48242,283.73892,283.73892,283.73892,276.52676,276.52676,276.52676,284.12692,284.12692,284.12692,278.04324,284.5417,278.58554,276.85922,284.5417,278.04324,284.5417,278.58554,276.85922,284.5417,278.04324,284.5417,278.58554,276.85922,284.5417,0.0,0.0,0.0,0.0,0.0,0.0,0.0,0.0,0.0,0.0,0.0,0.0,0.0,0.0,0.0,0.0,0.0,0.0,0.0,0.0,3.3583503,2.202761,3.568535,4.355635,2.8765347,3.7565405,5.1481466,3.568535,1.2798281,3.3583503,2.2085211,3.4982405,2.3141901,1.7959191,3.4982405,2.0776123307478467,3.29555508015842,2.4285258531624425,1.858288904469461,3.5258781513155206,3.3583503,2.202761,3.568535,4.355635,2.8765347,3.7565405,5.1481466,3.568535,1.2798281,3.3583503,2.2085211,3.4982405,2.3141901,1.7959191,3.4982405,2.0776123307478467,3.29555508015842,2.4285258531624425,1.858288904469461,3.5258781513155206
2012-07-15 22:00:00,0.0,0.0,0.0,0.0,0.0,0.0,0.0,0.0,0.0,0.0,0.0,0.0,0.0,0.0,0.0,0.0,0.0,0.0,0.0,0.0,0.0,0.0,0.0,0.0,0.0,0.0,0.0,0.0,0.0,0.0,0.0,0.0,0.0,0.0,0.0,0.0,0.0,0.0,1.7924161,3.2985048,0.909153,2.127331,1.8540139,3.5186572,2.2131789,4.219655,1.7412751,2.8089993,2.2303433,3.7140503,2.8818362,4.85625,1.8540139,3.5186572,3.2000475,0.5291739,1.236358,1.2502979,1.7924161,3.2985048,3.1206326,0.93460226,1.9449759,1.1474872,0.8760584,1.9449759,2.1378613,3.2646348,2.164537,1.7698398,3.2646348,2.1477506,3.3959448,2.277425,1.7791624,3.2944674,283.80637,283.80637,279.10815,279.10815,283.4976,283.4976,284.07822,284.07822,284.5991,284.5991,284.92755,284.92755,291.1167,291.1167,283.4976,283.4976,283.4976,276.18384,276.18384,276.18384,283.80637,283.80637,283.80637,277.69235,283.23724,277.73532,276.71973,283.23724,277.69235,283.23724,277.73532,276.71973,283.23724,277.69235,283.23724,277.73532,276.71973,283.23724,0.0,0.0,0.0,0.0,0.0,0.0,0.0,0.0,0.0,0.0,0.0,0.0,0.0,0.0,0.0,0.0,0.0,0.0,0.0,0.0,3.2979221,2.1285183,3.5182395,4.2210646,2.8089392,3.7146068,4.854677,3.5182395,1.2372078,3.2979221,2.1392949,3.2649608,2.16616,1.7716497,3.2649608,2.0115471735765893,3.0741836499278823,2.231890875113438,1.8338812620355927,3.294480044200847,3.2979221,2.1285183,3.5182395,4.2210646,2.8089392,3.7146068,4.854677,3.5182395,1.2372078,3.2979221,2.1392949,3.2649608,2.16616,1.7716497,3.2649608,2.0115471735765893,3.0741836499278823,2.231890875113438,1.8338812620355927,3.294480044200847
2012-07-15 23:00:00,0.0,0.0,0.0,0.0,0.0,0.0,0.0,0.0,0.0,0.0,0.0,0.0,0.0,0.0,0.0,0.0,0.0,0.0,0.0,0.0,0.0,0.0,0.0,0.0,0.0,0.0,0.0,0.0,0.0,0.0,0.0,0.0,0.0,0.0,0.0,0.0,0.0,0.0,1.7343403,3.2245805,0.84242284,1.9955444,1.7580214,3.3866599,2.1738048,4.158247,1.7149847,2.77151,2.1654687,3.6243534,2.5798218,4.4392805,1.7580214,3.3866599,3.0732338,0.49659753,1.1851509,1.1911342,1.7343403,3.2245805,3.0441813,0.91179514,1.7630199,1.0599346,0.84479666,1.7630199,2.0966737,3.0474553,2.049019,1.7185081,3.0474553,2.104424,3.1549573,2.1647427,1.7125852,3.0790203,283.4142,283.4142,278.3743,278.3743,282.86423,282.86423,283.82297,283.82297,284.37177,284.37177,284.48758,284.48758,289.17624,289.17624,282.86423,282.86423,282.86423,275.77182,275.77182,275.77182,283.4142,283.4142,283.4142,277.48358,282.02283,277.07184,276.42468,282.02283,277.48358,282.02283,277.07184,276.42468,282.02283,277.48358,282.02283,277.07184,276.42468,282.02283,0.0,0.0,0.0,0.0,0.0,0.0,0.0,0.0,0.0,0.0,0.0,0.0,0.0,0.0,0.0,0.0,0.0,0.0,0.0,0.0,3.223998,1.996732,3.3862422,4.1596565,2.77145,3.6249094,4.437707,3.3862422,1.1860005,3.223998,2.098107,3.0477808,2.0506425,1.7203181,3.0477808,1.9722401862563101,2.868090287243202,2.0784436009654335,1.782257309497714,3.0790520010948836,3.223998,1.996732,3.3862422,4.1596565,2.77145,3.6249094,4.437707,3.3862422,1.1860005,3.223998,2.098107,3.0477808,2.0506425,1.7203181,3.0477808,1.9722401862563101,2.868090287243202,2.0784436009654335,1.782257309497714,3.0790520010948836
2012-08-30 00:00:00,0.0,0.0,0.0,0.0,0.0,0.0,0.0,0.0,0.0,0.0,0.0,0.0,0.0,0.0,0.0,0.0,0.0,0.0,0.0,0.0,0.0,0.0,0.0,0.0,0.0,0.0,0.0,0.0,0.0,0.0,0.0,0.0,0.0,0.0,0.0,0.0,0.0,0.0,2.5192823,4.223726,1.4807777,3.2562425,2.6469352,4.6089854,2.6617477,4.9192476,2.3843067,3.7259343,2.8866463,4.6214695,2.8698335,4.8396792,2.6469352,4.6089854,4.2475543,0.76134425,1.6013101,1.6719536,2.5192823,4.223726,4.077481,1.6394726,2.625183,1.7519588,1.1171815,2.625183,3.4107938,4.0765195,2.962082,2.165764,4.0765195,3.4867868,4.2968316,3.0553932,2.2926755,4.0998755,288.71445,288.71445,285.39453,285.39453,288.7293,288.7293,286.98615,286.98615,290.15915,290.15915,289.3785,289.3785,291.03958,291.03958,288.7293,288.7293,288.7293,279.12027,279.12027,279.12027,288.71445,288.71445,288.71445,284.14453,287.7771,282.31607,278.99542,287.7771,284.14453,287.7771,282.31607,278.99542,287.7771,284.14453,287.7771,282.31607,278.99542,287.7771,0.0,0.0,0.0,0.0,0.0,0.0,0.0,0.0,0.0,0.0,0.0,0.0,0.0,0.0,0.0,0.0,0.0,0.0,0.0,0.0,4.2231436,3.25743,4.6085677,4.920657,3.7258742,4.622026,4.8381057,4.6085677,1.6021599,4.2231436,3.4122274,4.0768447,2.9637048,2.1675742,4.0768447,3.226351996583471,3.8446229327267587,3.291305931650109,2.2320606311656723,4.099815183883447,4.2231436,3.25743,4.6085677,4.920657,3.7258742,4.622026,4.8381057,4.6085677,1.6021599,4.2231436,3.4122274,4.0768447,2.9637048,2.1675742,4.0768447,3.226351996583471,3.8446229327267587,3.291305931650109,2.2320606311656723,4.099815183883447
2012-08-30 01:00:00,0.0,0.0,0.0,0.0,0.0,0.0,0.0,0.0,0.0,0.0,0.0,0.0,0.0,0.0,0.0,0.0,0.0,0.0,0.0,0.0,0.0,0.0,0.0,0.0,0.0,0.0,0.0,0.0,0.0,0.0,0.0,0.0,0.0,0.0,0.0,0.0,0.0,0.0,2.555402,4.269703,1.4509606,3.197356,2.6296506,4.585218,2.6356347,4.878522,2.3849208,3.72681,2.8490632,4.569506,2.728594,4.64468,2.6296506,4.585218,4.2247205,0.72191525,1.5393312,1.6003445,2.555402,4.269703,4.125029,1.6138451,2.5826821,1.693502,1.1060452,2.5826821,3.3645124,4.0257907,2.884953,2.1474786,4.0257907,3.4381022,4.240542,2.9801576,2.268959,4.049552,288.95834,288.95834,285.06662,285.06662,288.61526,288.61526,286.81686,286.81686,290.16446,290.16446,289.12363,289.12363,290.1321,290.1321,288.61526,288.61526,288.61526,278.62158,278.62158,278.62158,288.95834,288.95834,288.95834,283.90994,287.49344,281.87308,278.89032,287.49344,283.90994,287.49344,281.87308,278.89032,287.49344,283.90994,287.49344,281.87308,278.89032,287.49344,0.0,0.0,0.0,0.0,0.0,0.0,0.0,0.0,0.0,0.0,0.0,0.0,0.0,0.0,0.0,0.0,0.0,0.0,0.0,0.0,4.26912,3.1985435,4.5848002,4.879931,3.72675,4.5700626,4.6431065,4.5848002,1.5401809,4.26912,3.365946,4.0261164,2.8865762,2.1492884,4.0261164,3.1821840662325007,3.7964840724424422,3.18885247359701,2.213670799500338,4.049495948303463,4.26912,3.1985435,4.5848002,4.879931,3.72675,4.5700626,4.6431065,4.5848002,1.5401809,4.26912,3.365946,4.0261164,2.8865762,2.1492884,4.0261164,3.1821840662325007,3.7964840724424422,3.18885247359701,2.213670799500338,4.049495948303463
2012-08-30 02:00:00,0.0,0.0,0.0,0.0,0.0,0.0,0.0,0.0,0.0,0.0,0.0,0.0,0.0,0.0,0.0,0.0,0.0,0.0,0.0,0.0,0.0,0.0,0.0,0.0,0.0,0.0,0.0,0.0,0.0,0.0,0.0,0.0,0.0,0.0,0.0,0.0,0.0,0.0,2.5160189,4.2195725,1.4389172,3.1735713,2.6235266,4.576797,2.6402104,4.8856587,2.4003024,3.7487426,2.828112,4.5405383,2.605371,4.474554,2.6235266,4.576797,4.21663,0.83900064,1.7233793,1.812989,2.5160189,4.2195725,4.073185,1.5960486,2.5463033,1.75036,1.0869577,2.5463033,3.3323739,3.9823701,2.9599724,2.1161368,3.9823701,3.4042945,4.1923614,3.0533357,2.2283092,4.0064774,288.6924,288.6924,284.93417,284.93417,288.57486,288.57486,286.84653,286.84653,290.29745,290.29745,288.98154,288.98154,289.3404,289.3404,288.57486,288.57486,288.57486,280.10245,280.10245,280.10245,288.6924,288.6924,288.6924,283.74704,287.25064,282.30396,278.71017,287.25064,283.74704,287.25064,282.30396,278.71017,287.25064,283.74704,287.25064,282.30396,278.71017,287.25064,0.0,0.0,0.0,0.0,0.0,0.0,0.0,0.0,0.0,0.0,0.0,0.0,0.0,0.0,0.0,0.0,0.0,0.0,0.0,0.0,4.21899,3.1747587,4.5763793,4.887068,3.748683,4.541095,4.4729805,4.5763793,1.7242291,4.21899,3.3338075,3.9826958,2.9615955,2.1179469,3.9826958,3.151513009615683,3.7552799011221603,3.2885039185027485,2.1821507134607128,4.006425497709126,4.21899,3.1747587,4.5763793,4.887068,3.748683,4.541095,4.4729805,4.5763793,1.7242291,4.21899,3.3338075,3.9826958,2.9615955,2.1179469,3.9826958,3.151513009615683,3.7552799011221603,3.2885039185027485,2.1821507134607128,4.006425497709126
2012-08-30 03:00:00,0.0,0.0,0.0,0.0,0.0,0.0,0.0,0.0,0.0,0.0,0.0,0.0,0.0,0.0,0.0,0.0,0.0,0.0,0.0,0.0,0.0,0.0,0.0,0.0,0.0,0.0,0.0,0.0,0.0,0.0,0.0,0.0,0.0,0.0,0.0,0.0,0.0,0.0,2.4841788,4.1790433,1.4377738,3.1713133,2.6370926,4.5954514,2.6380591,4.882303,2.38292,3.7239568,2.7938902,4.493223,2.5289087,4.3689885,2.6370926,4.5954514,4.2345514,0.72093564,1.5377913,1.5985655,2.4841788,4.1790433,4.031271,1.5399257,2.5005882,1.6986887,1.037734,2.5005882,3.2310212,3.9278052,2.8917966,2.0353117,3.9278052,3.2976785,4.1318145,2.9868333,2.1234787,3.9523478,288.47742,288.47742,284.9216,284.9216,288.66437,288.66437,286.83258,286.83258,290.14716,290.14716,288.74945,288.74945,288.84912,288.84912,288.66437,288.66437,288.66437,278.6092,278.6092,278.6092,288.47742,288.47742,288.47742,283.2333,286.94553,281.91238,278.2456,286.94553,283.2333,286.94553,281.91238,278.2456,286.94553,283.2333,286.94553,281.91238,278.2456,286.94553,0.0,0.0,0.0,0.0,0.0,0.0,0.0,0.0,0.0,0.0,0.0,0.0,0.0,0.0,0.0,0.0,0.0,0.0,0.0,0.0,4.178461,3.1725008,4.5950336,4.8837123,3.7238965,4.493779,4.367415,4.5950336,1.538641,4.178461,3.2324545,3.9281306,2.89342,2.0371213,3.9281306,3.0547882874186962,3.703500199656576,3.197943135898773,2.100864880870298,3.952300514672149,4.178461,3.1725008,4.5950336,4.8837123,3.7238965,4.493779,4.367415,4.5950336,1.538641,4.178461,3.2324545,3.9281306,2.89342,2.0371213,3.9281306,3.0547882874186962,3.703500199656576,3.197943135898773,2.100864880870298,3.952300514672149
2012-08-30 04:00:00,0.0,0.0,0.0,0.0,0.0,0.0,0.0,0.0,0.0,0.0,0.0,0.0,0.0,0.0,0.0,0.0,0.0,0.0,0.0,0.0,0.0,0.0,0.0,0.0,0.0,0.0,0.0,0.0,0.0,0.0,0.0,0.0,0.0,0.0,0.0,0.0,0.0,0.0,2.522753,4.228144,1.3951335,3.087102,2.5753918,4.5106077,2.626874,4.8648586,2.3475375,3.6735024,2.7600827,4.44648,2.4566123,4.2691736,2.5753918,4.5106077,4.1530404,0.78536934,1.6390756,1.7155867,2.522753,4.228144,4.0820494,1.5371553,2.4618,1.6786058,0.9891213,2.4618,3.226018,3.8815084,2.8652992,1.9554894,3.8815084,3.2924154,4.0804424,2.9609861,2.0199494,3.9064205,288.73788,288.73788,284.45267,284.45267,288.25726,288.25726,286.76007,286.76007,289.84122,289.84122,288.52017,288.52017,288.3846,288.3846,288.25726,288.25726,288.25726,279.42413,279.42413,279.42413,288.73788,288.73788,288.73788,283.20795,286.68665,281.7602,277.7868,286.68665,283.20795,286.68665,281.7602,277.7868,286.68665,283.20795,286.68665,281.7602,277.7868,286.68665,0.0,0.0,0.0,0.0,0.0,0.0,0.0,0.0,0.0,0.0,0.0,0.0,0.0,0.0,0.0,0.0,0.0,0.0,0.0,0.0,4.2275615,3.0882895,4.51019,4.8662677,3.6734426,4.4470363,4.2676005,4.51019,1.6399254,4.2275615,3.2274513,3.8818338,2.8669221,1.9572994,3.8818338,3.050013531321174,3.65956669220183,3.1627450513499435,2.020588246359079,3.9063771068803237,4.2275615,3.0882895,4.51019,4.8662677,3.6734426,4.4470363,4.2676005,4.51019,1.6399254,4.2275615,3.2274513,3.8818338,2.8669221,1.9572994,3.8818338,3.050013531321174,3.65956669220183,3.1627450513499435,2.020588246359079,3.9063771068803237
2012-08-30 05:00:00,0.0,0.0,0.0,0.0,0.0,0.0,-1.5389926,-2.84193,0.0,0.0,0.0,0.0,0.0,0.0,0.0,0.0,0.0,0.0,0.0,0.0,0.0,0.0,0.0,0.0,0.0,0.0,0.0,0.0,0.0,0.0,0.0,0.0,0.0,0.0,0.0,0.0,0.0,0.0,2.516805,4.2205734,1.3845662,3.0662327,2.6208208,4.5730767,2.7607145,5.073598,2.3240986,3.6400797,2.7406793,4.4196525,2.3786068,4.161477,2.6208208,4.5730767,4.2130556,0.8262171,1.7032847,1.7897723,2.516805,4.2205734,4.07422,1.5068467,2.4472322,1.6589293,0.95239836,2.4472322,3.1712835,3.8641202,2.8393378,1.8951902,3.8641202,3.2348382,4.061148,2.9356623,1.9417413,3.8891711,288.69772,288.69772,284.33646,284.33646,288.557,288.557,287.62772,287.62772,289.63855,289.63855,288.38858,288.38858,287.88342,287.88342,288.557,288.557,288.557,279.94077,279.94077,279.94077,288.69772,288.69772,288.69772,282.9305,286.58942,281.61108,277.44022,286.58942,282.9305,286.58942,281.61108,277.44022,286.58942,282.9305,286.58942,281.61108,277.44022,286.58942,0.0,0.0,0.0,3.0748425,0.0,0.0,0.0,0.0,0.0,0.0,0.0,0.0,0.0,0.0,0.0,0.0,0.0,0.0,0.0,0.0,4.2199907,3.0674202,4.572659,5.075007,3.64002,4.4202085,4.159904,4.572659,1.7041346,4.2199907,3.1727169,3.864446,2.8409612,1.8970001,3.864446,2.9977785040256526,3.643066379252306,3.1282598215312993,1.9599455871769638,3.889129437750918,4.2199907,3.0674202,4.572659,2.0001643,3.64002,4.4202085,4.159904,4.572659,1.7041346,4.2199907,3.1727169,3.864446,2.8409612,1.8970001,3.864446,2.9977785040256526,3.643066379252306,3.1282598215312993,1.9599455871769638,3.889129437750918
2012-08-30 06:00:00,-1.0561088,-1.4811491,-4.024908,-8.1471405,-1.0975661,-1.6345769,-8.849461,-15.649409,-3.3300724,-5.0907974,-9.248009,-13.57655,-3.48761,-5.26664,-1.0975661,-1.6345769,-1.4433727,-0.8920052,-1.4787309,-1.0147909,-1.0561088,-1.4811491,-1.371087,-4.900966,-8.690503,-7.068181,-4.531401,-8.690503,-9.369789,-10.882426,-10.818483,-8.134572,-10.882426,-6.1900826,-9.889537,-7.980367,-5.5989885,-9.791829,2.5683322,4.286162,1.4753916,3.245605,2.627819,4.5827,3.0830266,5.576279,2.3634474,3.6961906,2.9179878,4.664803,2.7652292,4.6952586,2.627819,4.5827,4.2223005,0.9286394,1.8642838,1.975786,2.5683322,4.286162,4.1420507,1.6252737,2.6680632,2.0749946,1.3562189,2.6680632,3.3851519,4.127701,3.3882978,2.5582638,4.127701,3.4598129,4.3536234,3.4711473,2.8017468,4.150649,289.04565,289.04565,285.3353,285.3353,288.60318,288.60318,289.71716,289.71716,289.9788,289.9788,289.59106,289.59106,290.3675,290.3675,288.60318,288.60318,288.60318,281.23618,281.23618,281.23618,289.04565,289.04565,289.04565,284.01456,288.0633,284.76407,281.25143,288.0633,284.01456,288.0633,284.76407,281.25143,288.0633,284.01456,288.0633,284.76407,281.25143,288.0633,1.5206796,8.407606,1.6560221,16.080853,4.937353,13.54144,5.1523395,1.6560221,1.6806192,1.5206796,9.795027,10.970943,11.671784,9.09744,10.970943,8.75417153763755,10.391058478637682,10.054018199883851,7.500031629128221,10.587710753860469,4.285579,3.2467926,4.5822816,5.577688,3.6961305,4.6653595,4.693686,4.5822816,1.8651335,4.285579,3.386585,4.1280265,3.3899207,2.560074,4.1280265,3.2018806533592246,3.8931916505047393,3.8574678627046297,2.626795911612785,4.150583746688084,2.7648997,-5.1608133,2.9262595,-10.503165,-1.2412229,-8.8760805,-0.4586535,2.9262595,0.18451436,2.7648997,-6.4084415,-6.842917,-8.281864,-6.537366,-6.842917,-5.552290884278325,-6.497866828132942,-6.196550337179222,-4.873235717515437,-6.437127007172385
2012-08-30 07:00:00,-1.8792578,-2.6180387,-6.629515,-13.278929,-1.9785758,-2.926852,-13.196131,-22.660765,-5.6273446,-8.268275,-13.734196,-19.259943,-7.2133675,-9.912879,-1.9785758,-2.926852,-2.5925477,-1.6987133,-2.7818034,-1.9854453,-1.8792578,-2.6180387,-2.4338021,-8.400836,-13.143908,-11.024186,-8.283692,-13.143908,-15.860879,-15.923209,-16.40511,-14.631321,-15.923209,-11.027759,-14.782235,-12.700055,-10.67844,-14.597737,2.6062331,4.334405,1.6396208,3.5699444,2.6642892,4.6328487,3.2952995,5.9073424,2.4355578,3.7990153,3.246596,5.1191444,3.204313,5.301471,2.6642892,4.6328487,4.27048,0.93675387,1.8770392,1.9905232,2.6062331,4.334405,4.191943,1.8503789,2.9907317,2.4324293,1.7714828,2.9907317,3.7916713,4.512833,3.8599,3.240128,4.512833,3.887443,4.780976,3.9311733,3.6861234,4.532709,289.30157,289.30157,287.1414,287.1414,288.8438,288.8438,291.09326,291.09326,290.6023,290.6023,291.81964,291.81964,293.18863,293.18863,288.8438,288.8438,288.8438,281.3388,281.3388,281.3388,289.30157,289.30157,289.30157,286.0751,290.21686,287.47275,285.17065,290.21686,286.0751,290.21686,287.47275,285.17065,290.21686,286.0751,290.21686,287.47275,285.17065,290.21686,2.6808343,13.364087,2.9611397,22.695358,8.037149,18.976042,9.770106,2.9611397,3.102896,2.6808343,16.040422,15.85418,16.869228,15.294261,15.85418,14.815171645424787,15.370383142349615,15.080330072833872,12.364996804586735,15.277362750618,4.3338227,3.5711317,4.632431,5.9087515,3.7989554,5.1197004,5.2998977,4.632431,1.8778889,4.3338227,3.7931046,4.5131583,3.8615232,3.241938,4.5131583,3.589836768527368,4.258663742225415,4.48391895321696,3.3125433365897266,4.532609332100499,1.6529887,-9.792955,1.6712914,-16.786608,-4.238194,-13.856341,-4.470208,1.6712914,-1.225007,1.6529887,-12.247317,-11.341022,-13.007705,-12.052323,-11.341022,-11.225334876897419,-11.111719400124201,-10.596411119616914,-9.052453467997008,-10.7447534185175
2012-08-30 08:00:00,-2.0798328,-2.8924954,-8.425003,-16.71202,-2.8220541,-4.1474123,-16.279411,-27.261927,-7.511364,-10.700029,-16.150677,-22.052471,-8.805577,-11.626941,-2.8220541,-4.1474123,-3.6840315,-1.3272341,-2.1895723,-1.5333253,-2.0798328,-2.8924954,-2.6912937,-10.249573,-15.608469,-13.048695,-10.214921,-15.608469,-19.172136,-18.548853,-19.12669,-17.812122,-18.548853,-13.647066,-17.418766,-15.170823,-13.380228,-17.178432,2.6089222,4.337828,1.760463,3.8085978,2.6960092,4.6764665,3.5313222,6.2754455,2.5334957,3.9386706,3.460957,5.4155245,3.6746216,5.950793,2.6960092,4.6764665,4.312385,0.9603447,1.914122,2.0333676,2.6089222,4.337828,4.195483,2.0204444,3.238293,2.6062624,2.0045805,3.238293,4.098795,4.808319,4.0892563,3.6228743,4.808319,4.2105155,5.108853,4.1548996,4.1825447,4.825838,289.31973,289.31973,288.47034,288.47034,289.0531,289.0531,292.62332,292.62332,291.44913,291.44913,293.2734,293.2734,296.2104,296.2104,289.0531,289.0531,289.0531,281.63718,281.63718,281.63718,289.31973,289.31973,289.31973,287.63184,291.86914,288.79007,287.3706,291.86914,287.63184,291.86914,288.79007,287.3706,291.86914,287.63184,291.86914,288.79007,287.3706,291.86914,2.9601898,16.56577,4.190448,26.792107,10.455369,21.614382,11.548503,4.190448,2.4558175,2.9601898,19.089294,18.362116,19.247747,18.053673,18.362116,17.866323077148877,18.00062478555362,17.513807436997826,14.502748310289984,17.681474409549676,4.337246,3.8097851,4.6760483,6.276855,3.9386106,5.4160805,5.9492197,4.6760483,1.9149716,4.337246,4.1002283,4.8086443,4.0908794,3.6246846,4.8086443,3.8829355450505045,4.5390654822483825,4.788583183743281,3.6974696388808517,4.825711435680011,1.377056,-12.755984,0.48560077,-20.515251,-6.5167584,-16.198301,-5.5992837,0.48560077,-0.54084575,1.377056,-14.989066,-13.553472,-15.156868,-14.428988,-13.553472,-13.983387532098373,-13.461559303305236,-12.725224253254545,-10.805278671409132,-12.855762973869664
2012-08-30 09:00:00,-2.3126059,-3.2079499,-5.676185,-11.361139,-3.200437,-4.6896415,-17.805191,-29.338577,-6.3659487,-9.243197,-17.469065,-23.48798,-9.339747,-12.102478,-3.200437,-4.6896415,-4.1710033,-1.1787876,-1.9481618,-1.3550743,-2.3126059,-3.2079499,-2.9849727,-10.823255,-16.449738,-13.895965,-11.100402,-16.449738,-20.176483,-19.408152,-20.23782,-19.2217,-19.408152,-14.465332,-18.302599,-16.203934,-14.627368,-18.042477,2.5610104,4.276842,1.7650057,3.817569,2.7127154,4.6994386,3.742235,6.6043873,2.5323129,3.9369845,3.5524437,5.542016,3.9361682,6.311892,2.7127154,4.6994386,4.3344555,0.9519092,1.900862,2.0180478,2.5610104,4.276842,4.1324124,2.0800679,3.439655,2.7181344,2.1391659,3.439655,4.2064695,5.048661,4.236861,3.8438635,5.048661,4.323782,5.3755426,4.2988815,4.469167,5.0642624,288.99622,288.99622,288.5203,288.5203,289.16333,289.16333,293.9906,293.9906,291.4389,291.4389,293.89386,293.89386,297.89084,297.89084,289.16333,289.16333,289.16333,281.5305,281.5305,281.5305,288.99622,288.99622,288.99622,288.1776,293.21307,289.63785,288.6408,293.21307,288.1776,293.21307,289.63785,288.6408,293.21307,288.1776,293.21307,289.63785,288.6408,293.21307,3.2821376,11.520392,4.7357855,28.49259,9.047552,22.963326,12.073807,4.7357855,2.194045,3.2821376,19.994978,19.177616,20.14192,19.183586,19.177616,18.78451307878064,18.866249096399514,18.41313633908917,15.371676673645657,18.461009019525513,4.27626,3.8187566,4.699021,6.6057963,3.9369245,5.5425725,6.3103185,4.699021,1.9017118,4.27626,4.207903,5.048986,4.2384844,3.8456738,5.048986,3.98569335256927,4.767138546175305,4.984653524382238,3.919717482543614,5.064114716634437,0.994122,-7.701636,-0.036764447,-21.886793,-5.1106277,-17.420753,-5.7634883,-0.036764447,-0.2923333,0.994122,-15.787075,-14.128631,-15.903437,-15.337913,-14.128631,-14.79881972621137,-14.099110550224209,-13.428482814706932,-11.451959191102043,-13.396894302891075
2012-08-30 10:00:00,-2.6852908,-3.7103763,-1.7480341,-3.5463452,-3.6160011,-5.281234,-18.427387,-30.104465,-5.5019875,-8.104925,-18.175474,-24.234428,-11.272721,-13.877113,-3.6160011,-5.281234,-4.703177,-1.3510752,-2.2267406,-1.5616919,-2.6852908,-3.7103763,-3.4547493,-8.850989,-17.588934,-12.445646,-10.100631,-17.588934,-16.624197,-20.533005,-18.335594,-17.626896,-20.533005,-11.578915,-19.473429,-14.40728,-13.129939,-19.18419,2.514708,4.217904,1.6153479,3.5220075,2.7258697,4.717527,3.8729732,6.808289,2.5011728,3.8925805,3.586931,5.589699,4.02213,6.4305725,2.7258697,4.717527,4.3518324,0.9506328,1.8988557,2.0157297,2.514708,4.217904,4.07146,2.0773108,3.5294027,2.6423125,2.1264777,3.5294027,4.2014904,5.155782,4.1368217,3.8230295,5.155782,4.318544,5.494407,4.2012973,4.4421453,5.17053,288.68356,288.68356,286.87445,286.87445,289.25012,289.25012,294.83813,294.83813,291.16965,291.16965,294.12775,294.12775,298.44315,298.44315,289.25012,289.25012,289.25012,281.51434,281.51434,281.51434,288.68356,288.68356,288.68356,288.15237,293.81207,289.06326,288.52106,293.81207,288.15237,293.81207,289.06326,288.52106,293.81207,288.15237,293.81207,289.06326,288.52106,293.81207,3.7936869,3.7348068,5.329666,29.053246,7.923657,23.662275,13.853623,5.329666,2.4988213,3.7936869,16.702257,20.24519,18.468903,17.737617,20.24519,15.430595124601188,20.017275178060167,16.614341839969736,14.254323015804097,19.48478103058665,4.2173214,3.5231948,4.717109,6.809697,3.8925202,5.590255,6.4289994,4.717109,1.8997054,4.2173214,4.202924,5.156108,4.1384444,3.8248396,5.156108,3.980941579653926,4.868792074917701,4.851766109927585,3.8987646081374665,5.170372484893066,0.42363477,-0.21161188,-0.6125568,-22.24355,-4.031137,-18.07202,-7.4246235,-0.6125568,-0.59911585,0.42363477,-12.499334,-15.089082,-14.330458,-13.912777,-15.089082,-11.449653544947262,-15.148483103142466,-11.762575730042151,-10.355558407666631,-14.314408545693585
2012-08-30 11:00:00,-3.6025012,-4.938178,-1.5052984,-3.0619016,-3.579538,-5.2296333,-18.42483,-30.028767,-7.0792775,-10.15369,-18.36904,-24.376812,-11.35588,-13.700123,-3.579538,-5.2296333,-4.6575446,-1.9428792,-3.1760726,-2.2884507,-3.6025012,-4.938178,-4.6173954,-2.7402897,-17.051893,-12.624866,-9.053775,-17.051893,-5.2594614,-20.01018,-18.570435,-15.927261,-20.01018,-3.3413823,-18.92473,-14.637666,-11.593017,-18.64927,2.5457213,4.25738,1.5147603,3.3233552,2.7341118,4.72886,3.9489856,6.926839,2.4840448,3.868156,3.7273316,5.78382,4.3441877,6.875216,2.7341118,4.72886,4.3627214,0.9654118,1.922087,2.04257,2.5457213,4.25738,4.112285,1.9125059,3.4529285,2.6159673,2.1273475,3.4529285,3.9038675,5.064504,4.102061,3.8244576,5.064504,4.005466,5.3931227,4.1673903,4.443998,5.07998,288.89297,288.89297,285.76825,285.76825,289.3045,289.3045,295.3309,295.3309,291.02155,291.02155,295.07993,295.07993,300.5124,300.5124,289.3045,289.3045,289.3045,281.70126,281.70126,281.70126,288.89297,288.89297,288.89297,286.6438,293.30167,288.86362,288.52927,293.30167,286.6438,293.30167,288.86362,288.52927,293.30167,286.6438,293.30167,288.86362,288.52927,293.30167,5.035804,3.2399683,5.2787814,28.905966,9.887124,23.80238,13.752651,5.2787814,3.5153327,5.035804,5.5623236,19.7496,18.718166,16.154415,19.7496,4.848959307268279,19.48119961629294,16.913710127083824,13.022882699872019,19.010060566343103,4.256798,3.3245425,4.7284427,6.9282475,3.868096,5.784376,6.873643,4.7284427,1.9229367,4.256798,3.9053009,5.06483,4.1036844,3.8262677,5.06483,3.6969096685000924,4.782173200441618,4.805592885720959,3.9002009800067974,5.079830342335212,-0.77900624,0.084574185,-0.5503385,-21.977718,-6.0190287,-18.018003,-6.879008,-0.5503385,-1.592396,-0.77900624,-1.6570225,-14.684771,-14.614483,-12.328147,-14.684771,-1.1520496387681867,-14.699026415851321,-12.108117241362866,-9.122681719865222,-13.930230224007891
2012-08-30 12:00:00,-9.366579,-12.130453,-1.7018261,-3.4617462,-4.818247,-6.968444,-18.081188,-29.475998,-10.2775755,-13.991699,-18.128145,-24.050846,-7.452669,-9.928915,-4.818247,-6.968444,-6.223246,-5.1045356,-8.017311,-6.4710994,-9.366579,-12.130453,-11.5702915,-1.4953898,-13.482172,-12.462076,-9.908668,-13.482172,-2.8859308,-16.317724,-18.354023,-17.32085,-16.317724,-1.7954683,-15.167879,-14.437928,-12.886736,-14.97857,2.6562958,4.39813,1.4890054,3.272492,2.7216423,4.711714,4.0243444,7.0443683,2.555473,3.9700098,3.8487837,5.9517426,4.4461994,7.0160565,2.7216423,4.711714,4.346248,1.1048163,2.1412191,2.2957497,2.6562958,4.39813,4.257846,1.7657076,3.3325272,2.6035843,2.0555117,3.3325272,3.6387625,4.920795,4.085723,3.7065034,4.920795,3.726594,5.2336593,4.151453,4.291011,4.9374166,289.63962,289.63962,285.48502,285.48502,289.22223,289.22223,295.81943,295.81943,291.63916,291.63916,295.9036,295.9036,301.16782,301.16782,289.22223,289.22223,289.22223,283.46442,283.46442,283.46442,289.63962,289.63962,289.63962,285.30005,292.49808,288.76978,287.8513,292.49808,285.30005,292.49808,288.76978,287.8513,292.49808,285.30005,292.49808,288.76978,287.8513,292.49808,12.212743,3.6578183,7.014019,28.329964,13.6395645,23.505655,10.011739,7.014019,8.340803,12.212743,3.1021962,16.22343,18.529854,17.538996,16.22343,2.6632163480846573,15.740229792701566,16.71751524559523,14.102540626735996,15.625076896684197,4.3975472,3.2736793,4.711296,7.0457773,3.9699497,5.952298,7.014482,4.711296,2.1420686,4.3975472,3.6401963,4.92112,4.087346,3.7083135,4.92112,3.443910799082384,4.645799615825519,4.783889635272263,3.7815748184861606,4.937279926919163,-7.815196,-0.38413897,-2.3027232,-21.284185,-9.669615,-17.553356,-2.9972563,-2.3027232,-6.1987343,-7.815196,0.5380001,-11.302311,-14.442507,-13.830683,-11.302311,0.7806944509977267,-11.094430176876047,-11.933625610322967,-10.320965808249834,-10.687796969765035
2012-08-30 13:00:00,-3.5610976,-4.8875394,-1.7945895,-3.6508255,-6.6138554,-9.4210825,-13.6191025,-23.073763,-8.953292,-12.456335,-14.751888,-20.398952,-11.67537,-14.031342,-6.6138554,-9.4210825,-8.450103,-5.524175,-8.655441,-7.0115175,-3.5610976,-4.8875394,-4.5743337,-1.5536635,-13.544429,-11.152154,-8.823949,-13.544429,-2.9988332,-16.38211,-16.596542,-15.555157,-16.38211,-1.8669914,-15.231255,-12.825867,-11.299201,-15.040183,2.6118963,4.3416133,1.4696584,3.2342827,2.731411,4.7251463,3.8434567,6.7622538,2.557326,3.9726517,3.6650891,5.697762,4.28246,6.789993,2.731411,4.7251463,4.359153,1.1857903,2.2685032,2.4428103,2.6118963,4.3416133,4.1993976,1.7306683,3.2506893,2.562367,2.0462024,3.2506893,3.575485,4.823114,4.0313406,3.6912174,4.823114,3.66003,5.1252704,4.098406,4.271186,4.8405156,289.3398,289.3398,285.27225,285.27225,289.28668,289.28668,294.6468,294.6468,291.65518,291.65518,294.6578,294.6578,300.11578,300.11578,289.28668,289.28668,289.28668,284.48856,284.48856,284.48856,289.3398,289.3398,289.3398,284.9793,291.95187,288.45743,287.76343,291.95187,284.9793,291.95187,288.45743,287.76343,291.95187,284.9793,291.95187,288.45743,287.76343,291.95187,4.982523,3.8555284,9.450173,22.652925,12.16869,20.06349,14.067867,9.450173,8.922699,4.982523,3.2261882,16.287008,16.91709,15.895678,16.287008,2.7702800713547315,15.807603126382123,15.005646871006267,12.82382402394268,15.68760258140349,4.341031,3.2354703,4.7247286,6.763663,3.9725919,5.6983185,6.7884192,4.7247286,2.2693532,4.341031,3.5769184,4.8234396,4.0329638,3.6930275,4.8234396,3.3835224879091435,4.5531057673727275,4.711651336624324,3.766201901713658,4.8403876538249655,-0.641492,-0.6200583,-4.7254453,-15.889262,-8.196098,-14.365172,-7.2794485,-4.7254453,-6.653346,-0.641492,0.3507302,-11.463569,-12.884127,-12.20265,-11.463569,0.6132424165544119,-11.254497359009395,-10.293995534381942,-9.057622122229024,-10.847214927578525
2012-08-30 14:00:00,-2.574697,-3.563117,-1.7639818,-3.5897865,-6.7870007,-9.653005,-15.429363,-25.835445,-9.167693,-12.712997,-7.9992943,-11.892283,-7.9252343,-10.3398,-6.7870007,-9.653005,-8.661284,-5.56033,-8.69759,-7.074368,-2.574697,-3.563117,-3.3188932,-1.5536712,-7.2455177,-13.53257,-8.055946,-7.2455177,-2.9995716,-9.217488,-19.765127,-14.286585,-9.217488,-1.8670311,-8.3111315,-15.755835,-10.205349,-8.239126,2.559185,4.274518,1.4499643,3.1953888,2.729949,4.7231364,3.8078346,6.7066975,2.6064126,4.0426483,3.478988,5.4404545,4.5543756,7.1654067,2.729949,4.7231364,4.357222,1.1636304,2.2336698,2.4025645,2.559185,4.274518,4.1300087,1.6963123,3.1556687,2.6848707,2.0311956,3.1556687,3.513441,4.7097,4.192973,3.6665764,4.7097,3.5947647,4.9994235,4.2560706,4.239226,4.7280054,288.9839,288.9839,285.05566,285.05566,289.27704,289.27704,294.41586,294.41586,292.07962,292.07962,293.3957,293.3957,301.86285,301.86285,289.27704,289.27704,289.27704,284.20828,284.20828,284.20828,288.9839,288.9839,288.9839,284.66483,291.3177,289.38577,287.6218,291.3177,284.66483,291.3177,289.38577,287.6218,291.3177,284.66483,291.3177,289.38577,287.6218,291.3177,3.6429875,3.7939513,9.679285,25.233643,12.466761,11.89291,10.443476,9.679285,8.970758,3.6429875,3.2313173,9.305168,19.746935,14.705553,9.305168,2.773400461948046,8.73935473084778,17.99730490526192,11.892645869635402,8.974143371267,4.2739353,3.196576,4.7227187,6.7081065,4.042588,5.4410105,7.1638336,4.7227187,2.2345195,4.2739353,3.5148747,4.7100253,4.1945963,3.6683865,4.7100253,3.3243120648225366,4.445480844772578,4.926354711794845,3.741420482213421,4.7278880266503895,0.63094807,-0.5973752,-4.956567,-18.525537,-8.424173,-6.451899,-3.2796423,-4.956567,-6.7362385,0.63094807,0.2835574,-4.595143,-15.552339,-11.037167,-4.595143,0.5509116028744905,-4.293873886075201,-13.070950193467075,-8.15122538742198,-4.24625534461661
2012-08-30 15:00:00,-1.8049415,-2.5130026,-1.429664,-2.9121299,-4.249822,-6.174018,-15.333136,-25.758682,-7.879392,-11.160592,-8.100778,-12.032324,-5.645697,-8.0369625,-4.249822,-6.174018,-5.5018635,-4.168916,-6.6435995,-5.180398,-1.8049415,-2.5130026,-2.3303041,-1.0644494,-8.721088,-4.608162,-7.83729,-8.721088,-2.0584712,-10.966003,-7.235586,-13.92254,-10.966003,-1.270097,-9.958721,-5.0989327,-9.919903,-9.863287,2.4958212,4.1938624,1.4322044,3.160314,2.6791267,4.653252,3.701364,6.5406446,2.6486742,4.102911,3.4584234,5.4120216,4.068378,6.4944253,2.6791267,4.653252,4.2900825,1.101817,2.1365044,2.2903025,2.4958212,4.1938624,4.0465965,1.6543952,3.170013,2.3919857,1.9747773,3.170013,3.4377427,4.72682,3.806538,3.5739374,4.72682,3.5151348,5.018421,3.8791213,4.119074,4.744989,288.55603,288.55603,284.86035,284.86035,288.9417,288.9417,293.72565,293.72565,292.44504,292.44504,293.25623,293.25623,298.7403,298.7403,288.9417,288.9417,288.9417,283.42648,283.42648,283.42648,288.55603,288.55603,288.55603,284.28113,291.41342,287.16626,287.08932,291.41342,284.28113,291.41342,287.16626,287.08932,291.41342,284.28113,291.41342,287.16626,287.08932,291.41342,2.5761163,3.0901473,6.2170315,25.257795,11.006368,12.029274,8.055707,6.2170315,7.007601,2.5761163,2.23208,11.027938,7.7663884,14.414287,11.027938,1.902792011872128,10.44086420136205,6.24784011613542,11.666220708164634,10.63215968506858,4.19328,3.1615016,4.652834,6.5420537,4.102851,5.4125776,6.4928513,4.652834,2.1373541,4.19328,3.439176,4.7271457,3.8081613,3.5757475,4.7271457,3.252070177440886,4.461727386430662,4.413035784353134,3.648253878584862,4.74487043030982,1.617164,0.071354516,-1.5641972,-18.715742,-6.9035172,-6.6166964,-1.5628556,-1.5641972,-4.8702464,1.617164,1.2070962,-6.3007917,-3.9582272,-10.838539,-6.3007917,1.3492781655687578,-5.979136814931388,-1.8348043317822853,-8.017966829579771,-5.887289254758759
2012-08-30 16:00:00,-2.1823447,-3.0267267,-1.1590644,-2.3627748,-9.965302,-13.769589,-8.085991,-14.266012,-2.3962643,-3.7269163,-8.492692,-12.565439,-0.66736007,-1.1004025,-9.965302,-13.769589,-12.444794,-2.1868258,-3.5693336,-2.5935736,-2.1823447,-3.0267267,-2.8089838,-0.9641167,-5.8962398,-7.0148087,-3.8996458,-5.8962398,-1.865144,-7.581193,-10.792812,-7.1521225,-7.581193,-1.1484878,-6.791322,-7.8753357,-4.65989,-6.738186,2.4567318,4.1441064,1.4129989,3.1223845,2.7670019,4.774087,3.5351117,6.281356,2.561374,3.9784245,3.4387589,5.384833,3.7271113,6.0232615,2.7670019,4.774087,4.4061713,0.9997302,1.9760327,2.1048977,2.4567318,4.1441064,3.9951394,1.6260339,3.133218,2.4355664,1.8805879,3.133218,3.3865242,4.6829023,3.8640392,3.4192789,4.6829023,3.4612565,4.969689,3.935211,3.9184818,4.701422,288.29208,288.29208,284.64914,284.64914,289.5215,289.5215,292.6479,292.6479,291.6902,291.6902,293.12286,293.12286,296.54764,296.54764,289.5215,289.5215,289.5215,282.1353,282.1353,282.1353,288.29208,288.29208,288.29208,284.0215,291.16785,287.49652,286.20038,291.16785,284.0215,291.16785,287.49652,286.20038,291.16785,284.0215,291.16785,287.49652,286.20038,291.16785,3.1004434,2.5159159,13.736355,14.47659,3.682368,12.548268,1.099974,13.736355,3.9200659,3.1004434,2.0270083,7.6815863,11.367093,7.728339,7.6815863,1.7248057271003807,7.160252516072551,9.510780930446572,6.343442753721402,7.4107808500151355,4.1435237,3.123572,4.7736692,6.2827654,3.9783645,5.385389,6.0216885,4.7736692,1.9768823,4.1435237,3.3879578,4.6832285,3.8656623,3.421089,4.6832285,3.2031906947433826,4.420051925569135,4.489417109997296,3.4927145619241395,4.7013073438426725,1.0430804,0.60765624,-8.962686,-8.193825,0.29599646,-7.1628795,4.921715,-8.962686,-1.9431835,1.0430804,1.3609494,-2.998358,-7.501431,-4.30725,-2.998358,1.4783849676430019,-2.7402005905034157,-5.021363820449276,-2.8507281917972627,-2.709473506172463
2012-08-30 17:00:00,-1.4603635,-2.037353,-0.55008477,-1.1232715,-6.403418,-9.133568,-1.2121345,-2.226381,-3.3302045,-5.094221,-1.7984983,-2.855034,-1.7069612,-2.7290845,-6.403418,-9.133568,-8.178763,-1.1619437,-1.9152671,-1.3329151,-1.4603635,-2.037353,-1.8831041,-0.41378233,-2.5424373,-2.1051812,-1.8215421,-2.5424373,-0.8018563,-3.3572829,-3.379384,-3.4021766,-3.3572829,-0.48867938,-2.9592566,-2.2953396,-2.1087983,-2.942297,2.4177823,4.094528,1.3557231,3.0092697,2.661981,4.6296754,3.2969754,5.909956,2.5641131,3.98233,3.2801201,5.1654954,3.706977,5.995464,2.661981,4.6296754,4.2674313,0.9100046,1.8349917,1.9419427,2.4177823,4.094528,3.9438665,1.5860136,3.0213718,2.3558712,1.828244,3.0213718,3.3142512,4.549404,3.758888,3.33333,4.549404,3.385231,4.821556,3.8326404,3.8070056,4.5689883,288.02908,288.02908,284.01926,284.01926,288.82858,288.82858,291.10413,291.10413,291.71387,291.71387,292.047,292.047,296.41827,296.41827,288.82858,288.82858,288.82858,281.0005,281.0005,281.0005,288.02908,288.02908,288.02908,283.65518,290.42136,286.89258,285.70636,290.42136,283.65518,290.42136,286.89258,285.70636,290.42136,283.65518,290.42136,286.89258,285.70636,290.42136,2.0920975,1.206469,9.153837,2.3578305,5.0260515,2.9116335,2.723799,9.153837,2.1681218,2.0920975,0.8781186,3.436453,3.7029197,3.7723012,3.436453,0.7410417503044712,3.1397525801514012,2.850705682951431,3.1223357729474,3.318666983360214,4.0939455,3.0104573,4.629257,5.911365,3.98227,5.1660514,5.993891,4.629257,1.8358413,4.0939455,3.315685,4.54973,3.7605112,3.3351398,4.54973,3.1342181650265823,4.293368261081274,4.349739930686823,3.406275945490215,4.568885738514861,2.0018482,1.8039882,-4.52458,3.5535347,-1.0437814,2.2544181,3.2700915,-4.52458,-0.33228043,2.0018482,2.4375665,1.1132768,0.05759131,-0.43716127,1.1132768,2.3931764147221113,1.1536156809298728,1.4990342477353922,0.283940172542815,1.2502187551546466
2012-08-30 18:00:00,0.0,0.0,0.0,0.0,0.0,0.0,0.0,0.0,0.0,0.0,0.0,0.0,0.0,0.0,0.0,0.0,0.0,0.0,0.0,0.0,0.0,0.0,0.0,0.0,0.0,0.0,0.0,0.0,0.0,0.0,0.0,0.0,0.0,0.0,0.0,0.0,0.0,0.0,2.353741,4.01301,1.2980227,2.8953166,2.4626648,4.3556,3.1755018,5.7205048,2.4233317,3.7815819,3.1679876,5.010458,3.5098186,5.7232604,2.4626648,4.3556,4.0041203,0.82643664,1.7036299,1.7901709,2.353741,4.01301,3.8595622,1.5088971,2.9261777,2.249983,1.722547,2.9261777,3.174986,4.4357824,3.6191785,3.159775,4.4357824,3.2387333,4.6954784,3.6963606,3.5819058,4.456273,287.59665,287.59665,283.3847,283.3847,287.5135,287.5135,290.31665,290.31665,290.49658,290.49658,291.28653,291.28653,295.15152,295.15152,287.5135,287.5135,287.5135,279.94354,279.94354,279.94354,287.59665,287.59665,287.59665,282.94928,289.786,286.09015,284.7088,289.786,282.94928,289.786,286.09015,284.7088,289.786,282.94928,289.786,286.09015,284.7088,289.786,0.0,0.0,0.0,0.0,0.0,0.0,0.0,0.0,0.0,0.0,0.0,0.0,0.0,0.0,0.0,0.0,0.0,0.0,0.0,0.0,4.012428,2.896504,4.355182,5.7219133,3.7815218,5.011015,5.721688,4.355182,1.7044797,4.012428,3.1764195,4.436108,3.620802,3.161585,4.436108,3.001312168285552,4.185546536255109,4.164157729939495,3.2317327348408376,4.456180395261529,4.012428,2.896504,4.355182,5.7219133,3.7815218,5.011015,5.721688,4.355182,1.7044797,4.012428,3.1764195,4.436108,3.620802,3.161585,4.436108,3.001312168285552,4.185546536255109,4.164157729939495,3.2317327348408376,4.456180395261529
2012-08-30 19:00:00,0.0,0.0,0.0,0.0,0.0,0.0,0.0,0.0,0.0,0.0,0.0,0.0,0.0,0.0,0.0,0.0,0.0,0.0,0.0,0.0,0.0,0.0,0.0,0.0,0.0,0.0,0.0,0.0,0.0,0.0,0.0,0.0,0.0,0.0,0.0,0.0,0.0,0.0,2.3063807,3.9527256,1.2433056,2.7872548,2.3721118,4.231082,3.1044884,5.6097507,2.3240066,3.6399488,3.0851178,4.8958807,3.4339125,5.618463,2.3721118,4.231082,3.8844926,0.79366726,1.6521194,1.7306569,2.3063807,3.9527256,3.797217,1.3934708,2.8745825,2.18973,1.6723888,2.8745825,2.9665365,4.3741994,3.5396805,3.077415,4.3741994,3.0194588,4.627144,3.618814,3.475085,4.395181,287.27686,287.27686,282.78296,282.78296,286.91602,286.91602,289.8563,289.8563,289.63776,289.63776,290.72452,290.72452,294.66382,294.66382,286.91602,286.91602,286.91602,279.52908,279.52908,279.52908,287.27686,287.27686,287.27686,281.8927,289.44165,285.63354,284.2354,289.44165,281.8927,289.44165,285.63354,284.2354,289.44165,281.8927,289.44165,285.63354,284.2354,289.44165,0.0,0.0,0.0,0.0,0.0,0.0,0.0,0.0,0.0,0.0,0.0,0.0,0.0,0.0,0.0,0.0,0.0,0.0,0.0,0.0,3.9521434,2.7884421,4.2306643,5.6111603,3.639889,4.896437,5.6168895,4.2306643,1.652969,3.9521434,2.96797,4.3745246,3.5413034,3.079225,4.3745246,2.802381234942077,4.1271066331407225,4.058556418325383,3.1489037369335584,4.39509354703296,3.9521434,2.7884421,4.2306643,5.6111603,3.639889,4.896437,5.6168895,4.2306643,1.652969,3.9521434,2.96797,4.3745246,3.5413034,3.079225,4.3745246,2.802381234942077,4.1271066331407225,4.058556418325383,3.1489037369335584,4.39509354703296
2012-08-30 20:00:00,0.0,0.0,0.0,0.0,0.0,0.0,0.0,0.0,0.0,0.0,0.0,0.0,0.0,0.0,0.0,0.0,0.0,0.0,0.0,0.0,0.0,0.0,0.0,0.0,0.0,0.0,0.0,0.0,0.0,0.0,0.0,0.0,0.0,0.0,0.0,0.0,0.0,0.0,2.263834,3.8985686,1.2097533,2.7209914,2.2747087,4.097145,3.030283,5.4940195,2.232295,3.5091722,3.0548878,4.854084,3.4297326,5.612692,2.2747087,4.097145,3.7558157,0.7931365,1.6512848,1.7296928,2.263834,3.8985686,3.7412083,1.3072493,2.8466444,2.1823163,1.6024448,2.8466444,2.8108282,4.3408527,3.5298986,2.9625666,4.3408527,2.8556645,4.5901423,3.6092722,3.326127,4.3621006,286.98956,286.98956,282.41397,282.41397,286.27335,286.27335,289.37524,289.37524,288.84476,288.84476,290.5195,290.5195,294.63696,294.63696,286.27335,286.27335,286.27335,279.52237,279.52237,279.52237,286.98956,286.98956,286.98956,281.10345,289.2552,285.57736,283.5753,289.2552,281.10345,289.2552,285.57736,283.5753,289.2552,281.10345,289.2552,285.57736,283.5753,289.2552,0.0,0.0,0.0,0.0,0.0,0.0,0.0,0.0,0.0,0.0,0.0,0.0,0.0,0.0,0.0,0.0,0.0,0.0,0.0,0.0,3.897986,2.722179,4.0967274,5.495429,3.509112,4.85464,5.611119,4.0967274,1.6521345,3.897986,2.8122618,4.3411784,3.5315216,2.9643767,4.3411784,2.653783470568876,4.095462906799982,4.045562699926667,3.0334012837532884,4.362016567001361,3.897986,2.722179,4.0967274,5.495429,3.509112,4.85464,5.611119,4.0967274,1.6521345,3.897986,2.8122618,4.3411784,3.5315216,2.9643767,4.3411784,2.653783470568876,4.095462906799982,4.045562699926667,3.0334012837532884,4.362016567001361
2012-08-30 21:00:00,0.0,0.0,0.0,0.0,0.0,0.0,0.0,0.0,0.0,0.0,0.0,0.0,0.0,0.0,0.0,0.0,0.0,0.0,0.0,0.0,0.0,0.0,0.0,0.0,0.0,0.0,0.0,0.0,0.0,0.0,0.0,0.0,0.0,0.0,0.0,0.0,0.0,0.0,2.219832,3.8425584,1.1825001,2.6671689,2.1582353,3.9369855,2.9596226,5.383817,2.1388464,3.3759186,3.060985,4.8625145,3.4026542,5.5753064,2.1582353,3.9369855,3.6019459,0.7598411,1.5989474,1.6692235,2.219832,3.8425584,3.6832838,1.295624,2.8336182,2.154175,1.5327041,2.8336182,2.789834,4.325304,3.4927685,2.8480527,4.325304,2.8335805,4.5728893,3.5730536,3.1776028,4.346676,286.69244,286.69244,282.11426,282.11426,285.50485,285.50485,288.91718,288.91718,288.03674,288.03674,290.56085,290.56085,294.46298,294.46298,285.50485,285.50485,285.50485,279.10126,279.10126,279.10126,286.69244,286.69244,286.69244,280.99704,289.16824,285.3641,282.91708,289.16824,280.99704,289.16824,285.3641,282.91708,289.16824,280.99704,289.16824,285.3641,282.91708,289.16824,0.0,0.0,0.0,0.0,0.0,0.0,0.0,0.0,0.0,0.0,0.0,0.0,0.0,0.0,0.0,0.0,0.0,0.0,0.0,0.0,3.8419762,2.6683564,3.9365678,5.3852262,3.3758585,4.8630705,5.5737333,3.9365678,1.599797,3.8419762,2.7912674,4.3256297,3.494392,2.8498628,4.3256297,2.633747881505024,4.0807079188548485,3.996241622159027,2.9182352299327494,4.346593274675662,3.8419762,2.6683564,3.9365678,5.3852262,3.3758585,4.8630705,5.5737333,3.9365678,1.599797,3.8419762,2.7912674,4.3256297,3.494392,2.8498628,4.3256297,2.633747881505024,4.0807079188548485,3.996241622159027,2.9182352299327494,4.346593274675662
2012-08-30 22:00:00,0.0,0.0,0.0,0.0,0.0,0.0,0.0,0.0,0.0,0.0,0.0,0.0,0.0,0.0,0.0,0.0,0.0,0.0,0.0,0.0,0.0,0.0,0.0,0.0,0.0,0.0,0.0,0.0,0.0,0.0,0.0,0.0,0.0,0.0,0.0,0.0,0.0,0.0,2.1543214,3.759171,1.1420935,2.587369,2.081877,3.8319867,2.8871546,5.2707953,2.103623,3.3256912,3.0121255,4.79496,3.319932,5.461098,2.081877,3.8319867,3.5010712,0.7026098,1.5089846,1.565283,2.1543214,3.759171,3.597046,1.2916701,2.792516,2.147748,1.4172677,2.792516,2.7826934,4.2762456,3.4842887,2.658506,4.2762456,2.8260689,4.5184526,3.5647817,2.9317608,4.298009,286.2501,286.2501,281.6699,281.6699,285.00104,285.00104,288.4474,288.4474,287.73218,287.73218,290.2295,290.2295,293.9315,293.9315,285.00104,285.00104,285.00104,278.3774,278.3774,278.3774,286.2501,286.2501,286.2501,280.96085,288.89392,285.3154,281.8276,288.89392,280.96085,288.89392,285.3154,281.8276,288.89392,280.96085,288.89392,285.3154,281.8276,288.89392,0.0,0.0,0.0,0.0,0.0,0.0,0.0,0.0,0.0,0.0,0.0,0.0,0.0,0.0,0.0,0.0,0.0,0.0,0.0,0.0,3.7585883,2.5885568,3.831569,5.2722044,3.3256311,4.795516,5.4595246,3.831569,1.5098343,3.7585883,2.784127,4.2765713,3.4859118,2.6603162,4.2765713,2.626933367989185,4.034153834390542,3.9849771058285817,2.72760892608477,4.297930594887766,3.7585883,2.5885568,3.831569,5.2722044,3.3256311,4.795516,5.4595246,3.831569,1.5098343,3.7585883,2.784127,4.2765713,3.4859118,2.6603162,4.2765713,2.626933367989185,4.034153834390542,3.9849771058285817,2.72760892608477,4.297930594887766
2012-08-30 23:00:00,0.0,0.0,0.0,0.0,0.0,0.0,0.0,0.0,0.0,0.0,0.0,0.0,0.0,0.0,0.0,0.0,0.0,0.0,0.0,0.0,0.0,0.0,0.0,0.0,0.0,0.0,0.0,0.0,0.0,0.0,0.0,0.0,0.0,0.0,0.0,0.0,0.0,0.0,2.0989618,3.6887038,1.1094986,2.522997,2.0199218,3.7467935,2.8166215,5.1607904,2.1066687,3.3300343,2.939245,4.6941943,3.2177503,5.3200235,2.0199218,3.7467935,3.4192238,0.6604953,1.4427841,1.4887968,2.0989618,3.6887038,3.52417,1.2352872,2.7350953,2.107787,1.2761183,2.7350953,2.6808708,4.2077093,3.431564,2.4267387,4.2077093,2.7189586,4.4424024,3.5133514,2.631159,4.230019,285.87628,285.87628,281.31143,281.31143,284.59225,284.59225,287.99014,287.99014,287.7585,287.7585,289.73523,289.73523,293.27496,293.27496,284.59225,284.59225,284.59225,277.84476,277.84476,277.84476,285.87628,285.87628,285.87628,280.44473,288.51068,285.01257,280.49545,288.51068,280.44473,288.51068,285.01257,280.49545,288.51068,280.44473,288.51068,285.01257,280.49545,288.51068,0.0,0.0,0.0,0.0,0.0,0.0,0.0,0.0,0.0,0.0,0.0,0.0,0.0,0.0,0.0,0.0,0.0,0.0,0.0,0.0,3.6881216,2.5241845,3.7463758,5.1622,3.3299744,4.6947503,5.3184495,3.7463758,1.4436338,3.6881216,2.6823044,4.208035,3.4331875,2.4285488,4.208035,2.5297604737397235,3.9691158776987234,3.914940893079828,2.4945215474973184,4.229946844439842,3.6881216,2.5241845,3.7463758,5.1622,3.3299744,4.6947503,5.3184495,3.7463758,1.4436338,3.6881216,2.6823044,4.208035,3.4331875,2.4285488,4.208035,2.5297604737397235,3.9691158776987234,3.914940893079828,2.4945215474973184,4.229946844439842
2012-09-19 00:00:00,0.0,0.0,0.0,0.0,0.0,0.0,0.0,0.0,0.0,0.0,0.0,0.0,0.0,0.0,0.0,0.0,0.0,0.0,0.0,0.0,0.0,0.0,0.0,0.0,0.0,0.0,0.0,0.0,0.0,0.0,0.0,0.0,0.0,0.0,0.0,0.0,0.0,0.0,2.2053967,3.824184,1.1665385,2.6356459,2.302585,4.1354775,2.6425455,4.8893003,2.0052297,3.1853871,2.5817523,4.1999164,2.5023954,4.3323836,2.302585,4.1354775,3.7926426,0.6837554,1.4793472,1.5310409,2.2053967,3.824184,3.6642811,1.3991016,2.4457963,1.8025593,1.2681543,2.4457963,2.9767056,3.8624067,3.028844,2.413662,3.8624067,3.0301561,4.0592465,3.1205168,2.6141982,3.887471,286.59497,286.59497,281.93872,281.93872,286.45728,286.45728,286.86166,286.86166,286.8814,286.8814,287.31076,287.31076,288.67877,288.67877,286.45728,286.45728,286.45728,278.13895,278.13895,278.13895,286.59497,286.59497,286.59497,281.94424,286.57983,282.69952,280.4203,286.57983,281.94424,286.57983,282.69952,280.4203,286.57983,281.94424,286.57983,282.69952,280.4203,286.57983,0.0,0.0,0.0,0.0,0.0,0.0,0.0,0.0,0.0,0.0,0.0,0.0,0.0,0.0,0.0,0.0,0.0,0.0,0.0,0.0,3.8236015,2.6368332,4.1350594,4.8907094,3.1853268,4.200473,4.33081,4.1350594,1.480197,3.8236015,2.978139,3.8627322,3.0304673,2.4154716,3.8627322,2.812085883616825,3.641440171384712,3.379989294865678,2.4813699344335207,3.8874295733106683,3.8236015,2.6368332,4.1350594,4.8907094,3.1853268,4.200473,4.33081,4.1350594,1.480197,3.8236015,2.978139,3.8627322,3.0304673,2.4154716,3.8627322,2.812085883616825,3.641440171384712,3.379989294865678,2.4813699344335207,3.8874295733106683
2012-09-19 01:00:00,0.0,0.0,0.0,0.0,0.0,0.0,0.0,0.0,0.0,0.0,0.0,0.0,0.0,0.0,0.0,0.0,0.0,0.0,0.0,0.0,0.0,0.0,0.0,0.0,0.0,0.0,0.0,0.0,0.0,0.0,0.0,0.0,0.0,0.0,0.0,0.0,0.0,0.0,2.1291163,3.727087,1.1452682,2.593639,2.2124617,4.011551,2.555079,4.752887,1.9616449,3.1232367,2.5504782,4.156676,2.408274,4.2024364,2.2124617,4.011551,3.6735828,0.6423311,1.4142315,1.4558079,2.1291163,3.727087,3.5638652,1.382122,2.4413748,1.7896806,1.290165,2.4413748,2.9460418,3.8571286,3.0118518,2.4498029,3.8571286,2.9979,4.0533905,3.1039414,2.6610732,3.882235,286.0799,286.0799,281.7048,281.7048,285.86264,285.86264,286.29465,286.29465,286.50455,286.50455,287.09866,287.09866,288.07404,288.07404,285.86264,285.86264,285.86264,277.61502,277.61502,277.61502,286.0799,286.0799,286.0799,281.78882,286.55032,282.60193,280.62802,286.55032,281.78882,286.55032,282.60193,280.62802,286.55032,281.78882,286.55032,282.60193,280.62802,286.55032,0.0,0.0,0.0,0.0,0.0,0.0,0.0,0.0,0.0,0.0,0.0,0.0,0.0,0.0,0.0,0.0,0.0,0.0,0.0,0.0,3.7265048,2.5948262,4.011133,4.754296,3.123177,4.1572323,4.200863,4.011133,1.4150813,3.7265048,2.9474752,3.8574545,3.0134752,2.451613,3.8574545,2.782822546908422,3.6364320726332413,3.3574179143990337,2.517717084301678,3.882194640464424,3.7265048,2.5948262,4.011133,4.754296,3.123177,4.1572323,4.200863,4.011133,1.4150813,3.7265048,2.9474752,3.8574545,3.0134752,2.451613,3.8574545,2.782822546908422,3.6364320726332413,3.3574179143990337,2.517717084301678,3.882194640464424
2012-09-19 02:00:00,0.0,0.0,0.0,0.0,0.0,0.0,0.0,0.0,0.0,0.0,0.0,0.0,0.0,0.0,0.0,0.0,0.0,0.0,0.0,0.0,0.0,0.0,0.0,0.0,0.0,0.0,0.0,0.0,0.0,0.0,0.0,0.0,0.0,0.0,0.0,0.0,0.0,0.0,2.0127203,3.578928,1.1261873,2.555956,2.1129541,3.8747203,2.460928,4.6060476,1.9288038,3.076407,2.3503823,3.8800187,2.3919063,4.179838,2.1129541,3.8747203,3.5421264,0.66287196,1.4465201,1.4931132,2.0127203,3.578928,3.4106414,1.3623453,2.4062312,1.7764475,1.2919497,2.4062312,2.910327,3.815182,2.9943924,2.4527335,3.815182,2.9603305,4.0068455,3.0869107,2.6648748,3.840623,285.29395,285.29395,281.49496,281.49496,285.2061,285.2061,285.6843,285.6843,286.22058,286.22058,285.74164,285.74164,287.96887,287.96887,285.2061,285.2061,285.2061,277.87482,277.87482,277.87482,285.29395,285.29395,285.29395,281.6078,286.31577,282.50165,280.64487,286.31577,281.6078,286.31577,282.50165,280.64487,286.31577,281.6078,286.31577,282.50165,280.64487,286.31577,0.0,0.0,0.0,0.0,0.0,0.0,0.0,0.0,0.0,0.0,0.0,0.0,0.0,0.0,0.0,0.0,0.0,0.0,0.0,0.0,3.5783455,2.5571432,3.8743024,4.6074567,3.0763469,3.880575,4.178265,3.8743024,1.4473698,3.5783455,2.9117603,3.8155074,2.9960153,2.4545438,3.8155074,2.7487384877381404,3.5966262329188505,3.334225432781337,2.5206645834536126,3.8405858567454603,3.5783455,2.5571432,3.8743024,4.6074567,3.0763469,3.880575,4.178265,3.8743024,1.4473698,3.5783455,2.9117603,3.8155074,2.9960153,2.4545438,3.8155074,2.7487384877381404,3.5966262329188505,3.334225432781337,2.5206645834536126,3.8405858567454603
2012-09-19 03:00:00,0.0,0.0,0.0,0.0,0.0,0.0,0.0,0.0,0.0,0.0,0.0,0.0,0.0,0.0,0.0,0.0,0.0,0.0,0.0,0.0,0.0,0.0,0.0,0.0,0.0,0.0,0.0,0.0,0.0,0.0,0.0,0.0,0.0,0.0,0.0,0.0,0.0,0.0,1.8795526,3.4094198,1.1142299,2.5323408,2.0287745,3.758967,2.3667393,4.45915,1.9130944,3.0540056,2.3535142,3.8843493,2.409585,4.204246,2.0287745,3.758967,3.4309192,0.70067704,1.5059464,1.5617731,1.8795526,3.4094198,3.2353392,1.341155,2.3733962,1.7493976,1.290307,2.3733962,2.8720593,3.7759912,2.9587023,2.4500365,3.7759912,2.9200754,3.9633584,3.0520968,2.6613758,3.8017452,284.39474,284.39474,281.36346,281.36346,284.65067,284.65067,285.0737,285.0737,286.08475,286.08475,285.76288,285.76288,288.08246,288.08246,284.65067,284.65067,284.65067,278.35297,278.35297,278.35297,284.39474,284.39474,284.39474,281.41382,286.09662,282.29666,280.62936,286.09662,281.41382,286.09662,282.29666,280.62936,286.09662,281.41382,286.09662,282.29666,280.62936,286.09662,0.0,0.0,0.0,0.0,0.0,0.0,0.0,0.0,0.0,0.0,0.0,0.0,0.0,0.0,0.0,0.0,0.0,0.0,0.0,0.0,3.4088373,2.5335283,3.758549,4.460559,3.0539458,3.8849053,4.202673,3.758549,1.5067962,3.4088373,2.8734925,3.7763164,2.9603257,2.4518466,3.7763164,2.7122182112569684,3.559435791208072,3.286817064240232,2.517952029886252,3.801710931441547,3.4088373,2.5335283,3.758549,4.460559,3.0539458,3.8849053,4.202673,3.758549,1.5067962,3.4088373,2.8734925,3.7763164,2.9603257,2.4518466,3.7763164,2.7122182112569684,3.559435791208072,3.286817064240232,2.517952029886252,3.801710931441547
2012-09-19 04:00:00,0.0,0.0,0.0,0.0,0.0,0.0,0.0,0.0,0.0,0.0,0.0,0.0,0.0,0.0,0.0,0.0,0.0,0.0,0.0,0.0,0.0,0.0,0.0,0.0,0.0,0.0,0.0,0.0,0.0,0.0,0.0,0.0,0.0,0.0,0.0,0.0,0.0,0.0,1.7503304,3.2449338,1.0970306,2.4983735,1.9586558,3.6625478,2.2725506,4.312252,1.9230121,3.0681481,2.3170874,3.8339846,2.3950648,4.1842,1.9586558,3.6625478,3.3382866,0.7133978,1.5259423,1.5848756,1.7503304,3.2449338,3.0652308,1.3137137,2.324919,1.7298181,1.2877784,2.324919,2.8225026,3.7181294,2.932869,2.4458847,3.7181294,2.8679452,3.8991535,3.0268974,2.6559913,3.7443442,283.5222,283.5222,281.17432,281.17432,284.18802,284.18802,284.4631,284.4631,286.1705,286.1705,285.51584,285.51584,287.98917,287.98917,284.18802,284.18802,284.18802,278.51385,278.51385,278.51385,283.5222,283.5222,283.5222,281.16263,285.77307,282.1483,280.6055,285.77307,281.16263,285.77307,282.1483,280.6055,285.77307,281.16263,285.77307,282.1483,280.6055,285.77307,0.0,0.0,0.0,0.0,0.0,0.0,0.0,0.0,0.0,0.0,0.0,0.0,0.0,0.0,0.0,0.0,0.0,0.0,0.0,0.0,3.2443516,2.499561,3.66213,4.313661,3.068088,3.834541,4.1826262,3.66213,1.5267922,3.2443516,2.823936,3.7184548,2.934492,2.4476945,3.7184548,2.664924568129762,3.504527970150049,3.2525012256446013,2.5137764060876777,3.74431614546855,3.2443516,2.499561,3.66213,4.313661,3.068088,3.834541,4.1826262,3.66213,1.5267922,3.2443516,2.823936,3.7184548,2.934492,2.4476945,3.7184548,2.664924568129762,3.504527970150049,3.2525012256446013,2.5137764060876777,3.74431614546855
2012-09-19 05:00:00,0.0,0.0,0.0,0.0,0.0,0.0,0.0,0.0,0.0,0.0,0.0,0.0,0.0,0.0,0.0,0.0,0.0,0.0,0.0,0.0,0.0,0.0,0.0,0.0,0.0,0.0,0.0,0.0,0.0,0.0,0.0,0.0,0.0,0.0,0.0,0.0,0.0,0.0,1.6587828,3.1284044,1.0419832,2.3896596,1.8911362,3.5697033,2.1718888,4.155259,1.9284686,3.075929,2.3270054,3.8476973,2.4140782,4.21045,1.8911362,3.5697033,3.2490885,0.7125339,1.5245845,1.5833068,1.6587828,3.1284044,2.9447176,1.2438418,2.266959,1.7154013,1.280655,2.266959,2.69632,3.6489487,2.9138467,2.434188,3.6489487,2.73521,3.822389,3.0083423,2.6408205,3.6757157,282.90402,282.90402,280.56894,280.56894,283.74252,283.74252,283.81055,283.81055,286.21768,286.21768,285.5831,285.5831,288.11133,288.11133,283.74252,283.74252,283.74252,278.50293,278.50293,278.50293,282.90402,282.90402,282.90402,280.52304,285.38623,282.03903,280.53827,285.38623,280.52304,285.38623,282.03903,280.53827,285.38623,280.52304,285.38623,282.03903,280.53827,285.38623,0.0,0.0,0.0,0.0,0.0,0.0,0.0,0.0,0.0,0.0,0.0,0.0,0.0,0.0,0.0,0.0,0.0,0.0,0.0,0.0,3.1278217,2.390847,3.5692854,4.156668,3.0758686,3.8482535,4.2088766,3.5692854,1.5254343,3.1278217,2.6977534,3.6492743,2.9154704,2.435998,3.6492743,2.544504185107044,3.438878890756396,3.227233701544981,2.5020131078418197,3.6756935924602776,3.1278217,2.390847,3.5692854,4.156668,3.0758686,3.8482535,4.2088766,3.5692854,1.5254343,3.1278217,2.6977534,3.6492743,2.9154704,2.435998,3.6492743,2.544504185107044,3.438878890756396,3.227233701544981,2.5020131078418197,3.6756935924602776
2012-09-19 06:00:00,-0.6046072,-0.83296955,-0.2769321,-0.53617793,-2.0401397,-2.9807606,-2.0828507,-3.828127,-3.1954799,-4.7916293,-1.8893466,-2.998171,-0.692063,-1.1321113,-2.0401397,-2.9807606,-2.5856204,-0.28683373,-0.44805032,-0.30380315,-0.6046072,-0.83296955,-0.74095637,-0.32829762,-1.989592,-1.111622,-0.34914374,-1.989592,-0.59757584,-2.6168056,-1.7791363,-0.63952786,-2.6168056,-0.37289658,-2.3066792,-1.1972426,-0.38746703,-2.2934327,1.6033328,3.0578222,0.9632485,2.2341652,1.8444026,3.5054412,2.112089,4.0619946,1.888046,3.0182881,2.358482,3.8912177,2.46568,4.2816925,1.8444026,3.5054412,3.18735,0.6975331,1.5010045,1.5560629,1.6033328,3.0578222,2.8717232,1.1258316,2.2471557,1.7243534,1.2628092,2.2471557,2.4832044,3.6253116,2.9256587,2.4048853,3.6253116,2.5110273,3.796161,3.019864,2.602815,3.6522672,282.5296,282.5296,279.70306,279.70306,283.43417,283.43417,283.42288,283.42288,285.86816,285.86816,285.79657,285.79657,288.44287,288.44287,283.43417,283.43417,283.43417,278.3132,278.3132,278.3132,282.5296,282.5296,282.5296,279.4428,285.25406,282.10687,280.36984,285.25406,279.4428,285.25406,282.10687,280.36984,285.25406,279.4428,285.25406,282.10687,280.36984,285.25406,0.86458373,0.58635104,2.943625,4.2385845,4.449159,3.0660112,1.1023421,2.943625,0.53971374,0.86458373,0.67477906,2.68802,2.0746374,0.77208567,2.68802,0.5494879731606901,2.439267790615596,1.6096550883161749,0.664038333713992,2.60629216826782,3.0572398,2.2353525,3.5050232,4.0634036,3.018228,3.891774,4.2801194,3.5050232,1.5018542,3.0572398,2.4846377,3.6256375,2.9272819,2.4066951,3.6256375,2.341120260216541,3.4164486159967002,3.2429235635766736,2.472543455994846,3.6522473730630844,2.192656,1.6490016,0.5613982,-0.1751811,-1.4309309,0.8257628,3.177777,0.5613982,0.9621404,2.192656,1.8098588,0.93761754,0.85264456,1.6346095,0.93761754,1.7916322870558508,0.9771808253811041,1.6332684752604987,1.8085051222808537,1.0459552047952645
2012-09-19 07:00:00,-1.7925212,-2.433786,-0.7573639,-1.4500666,-5.030062,-7.119477,-6.9034305,-12.288044,-6.2497015,-8.798265,-4.2453504,-6.5357394,-2.0195403,-3.1524706,-5.030062,-7.119477,-6.266188,-0.69638604,-1.0629237,-0.75750434,-1.7925212,-2.433786,-2.1889875,-0.7059445,-4.2112346,-2.4063442,-1.0173447,-4.2112346,-1.2560601,-5.4097652,-3.7860143,-1.8349357,-5.4097652,-0.8002336,-4.835991,-2.6219077,-1.1487921,-4.7992134,1.6007477,3.0545313,0.9043218,2.1177895,1.8767563,3.5499299,2.1892362,4.182314,2.0173216,3.2026296,2.429265,3.989084,2.5795128,4.4388537,1.8767563,3.5499299,3.2300916,0.66509664,1.4500172,1.4971536,1.6007477,3.0545313,2.86832,1.0015337,2.2552989,1.7264233,1.2149954,2.2552989,2.2587335,3.635032,2.92839,2.3263743,3.635032,2.2748995,3.8069465,3.0225282,2.5009868,3.66191,282.51215,282.51215,279.05502,279.05502,283.64764,283.64764,283.923,283.923,286.98596,286.98596,286.2766,286.2766,289.17426,289.17426,283.64764,283.64764,283.64764,277.90295,277.90295,277.90295,282.51215,282.51215,282.51215,278.30502,285.3084,282.12256,279.91858,285.3084,278.30502,285.3084,282.12256,279.91858,285.3084,278.30502,285.3084,282.12256,279.91858,285.3084,2.510692,1.5747106,6.974749,13.067992,8.21566,6.6103535,3.0778706,6.974749,1.2660999,2.510692,1.4246925,5.5082636,4.3494506,2.1999357,5.5082636,1.164055705772574,5.0946007565586235,3.5046642991238386,1.889039072426435,5.336906005037061,3.053949,2.118977,3.549512,4.1837234,3.2025692,3.9896402,4.4372807,3.549512,1.4508668,3.053949,2.260167,3.6353574,2.930013,2.3281846,3.6353574,2.1268997649290133,3.425672425589639,3.2465513589362276,2.3935857205606696,3.6618889608595286,0.54325724,0.5442664,-3.4252372,-8.884269,-5.0130906,-2.6207132,1.35941,-3.4252372,0.18476681,0.54325724,0.83547443,-1.872906,-1.4194374,0.12824893,-1.872906,0.9628440591564393,-1.6689283309689844,-0.258112940187611,0.5045466481342347,-1.6750170441775327
2012-09-19 08:00:00,-4.630271,-6.0860963,-1.329309,-2.5183268,-8.385128,-11.429506,-11.812826,-20.2807,-8.497965,-11.464558,-6.484898,-9.714167,-5.2961087,-7.4623604,-8.385128,-11.429506,-10.209022,-0.99162406,-1.4775862,-1.1080996,-4.630271,-6.0860963,-5.620488,-1.0773823,-6.222898,-3.414712,-1.7048781,-6.222898,-1.8659003,-7.8354673,-5.311386,-2.9997506,-7.8354673,-1.2342136,-7.0936966,-3.7558236,-1.9653305,-7.028128,1.6764361,3.1508746,0.86732566,2.0447254,1.9554919,3.6581974,2.3028438,4.3594975,2.114324,3.3409507,2.498662,4.085034,2.7953,4.7367764,1.9554919,3.6581974,3.3341076,0.6317385,1.397581,1.4365703,1.6764361,3.1508746,2.9679565,0.92315704,2.3003376,1.7678217,1.1199429,2.3003376,2.1171923,3.6887891,2.9830108,2.1702983,3.6887891,2.126008,3.8665967,3.0758088,2.2985563,3.7152383,283.02322,283.02322,278.64816,278.64816,284.16714,284.16714,284.6595,284.6595,287.8247,287.8247,286.74725,286.74725,290.5607,290.5607,284.16714,284.16714,284.16714,277.48105,277.48105,277.48105,283.02322,283.02322,283.02322,277.5876,285.609,282.43628,279.02148,285.609,277.5876,285.609,282.43628,279.02148,285.609,277.5876,285.609,282.43628,279.02148,285.609,6.1946235,2.7010703,11.125662,20.85249,10.7549,9.734699,7.317531,11.125662,1.7459743,6.1946235,2.1131458,7.9164968,6.015187,3.5885534,7.9164968,1.7467915246885815,7.442343046711795,4.967423492313188,3.086180616375424,7.664616140421972,3.1502924,2.0459127,3.6577797,4.3609066,3.3408906,4.0855904,4.735203,3.6577797,1.3984306,3.1502924,2.1186256,3.6891148,2.9846342,2.1721084,3.6891148,1.9918218574721425,3.476685634174956,3.3191072661273173,2.2366207113753696,3.715212733905559,-3.044331,-0.6551575,-7.467882,-16.491583,-7.4140096,-5.649109,-2.5823286,-7.467882,-0.34754366,-3.044331,0.0054799193,-4.227382,-3.0305526,-1.416445,-4.227382,0.245030332783561,-3.9656574125368387,-1.6483162261858704,-0.8495599050000546,-3.949403406516413
2012-09-19 09:00:00,-7.754069,-9.839351,-1.8464236,-3.4705544,-9.322406,-12.598383,-13.199297,-22.419897,-10.152863,-13.3162155,-8.448137,-12.368377,-10.360121,-12.736756,-9.322406,-12.598383,-11.298766,-1.1272061,-1.617835,-1.2864081,-7.754069,-9.839351,-9.276296,-1.5822183,-6.942945,-3.5725603,-1.9216971,-6.942945,-2.6822305,-8.692717,-5.5491586,-3.2928877,-8.692717,-1.8568931,-7.9014397,-3.9350297,-2.2356956,-7.824729,1.8134817,3.3253186,0.8460305,2.0026689,2.0225813,3.7504506,2.3637266,4.454451,2.237956,3.517244,2.5777159,4.194336,3.1181471,5.182508,2.0225813,3.7504506,3.4227371,0.58022094,1.3165996,1.3430066,1.8134817,3.3253186,3.1483634,0.88804764,2.3707397,1.7837243,1.0199304,2.3707397,2.053788,3.7728205,3.0039935,2.0060773,3.7728205,2.0593112,3.9598396,3.096276,2.0855622,3.798599,283.9486,283.9486,278.41397,278.41397,284.6098,284.6098,285.05417,285.05417,288.8937,288.8937,287.2834,287.2834,292.635,292.635,284.6098,284.6098,284.6098,276.82947,276.82947,276.82947,283.9486,283.9486,283.9486,277.2662,286.0789,282.5568,278.07758,286.0789,277.2662,286.0789,282.5568,278.07758,286.0789,277.2662,286.0789,282.5568,278.07758,286.0789,9.908423,3.6738799,12.259282,22.85326,12.588354,12.304295,12.555075,12.259282,1.9148513,9.908423,3.0037355,8.755813,6.2662683,3.9710453,8.755813,2.544297242236314,8.272776180351617,5.188789924421288,3.441059378168741,8.47360705459471,3.3247364,2.0038564,3.7500327,4.45586,3.5171845,4.194892,5.180935,3.7500327,1.3174495,3.3247364,2.0552213,3.7731457,3.0056167,2.0078876,3.7731457,1.931312884592467,3.5564267887524306,3.3469791802807816,2.0714646447642204,3.7985656408689836,-6.583687,-1.6700234,-8.50925,-18.3974,-9.07117,-8.109403,-7.3741393,-8.50925,-0.5974019,-6.583687,-0.94851416,-4.9826674,-3.2606516,-1.9631575,-4.9826674,-0.612984357643847,-4.716349391599186,-1.8418107441405063,-1.3695947334045204,-4.675041413725727
2012-09-19 10:00:00,-8.554281,-10.762776,-2.7242703,-5.168425,-10.409375,-13.911307,-14.201557,-23.965607,-10.825811,-14.025499,-7.180519,-10.686812,-7.3940787,-9.885918,-10.409375,-13.911307,-12.525617,-1.1869534,-1.6460809,-1.3753902,-8.554281,-10.762776,-10.187111,-2.0756712,-5.280693,-3.6601017,-1.9304879,-5.280693,-3.5085115,-6.7300816,-5.6673307,-3.167292,-6.7300816,-2.499751,-6.052913,-4.0354013,-2.2564566,-6.0028114,1.8588215,3.3830316,0.90814847,2.125347,2.082247,3.8324957,2.4842257,4.6423826,2.267642,3.559575,2.6273901,4.2630167,3.2190278,5.321787,2.082247,3.8324957,3.5015602,0.54702926,1.2644253,1.2827258,1.8588215,3.3830316,3.2080488,0.8936086,2.4124908,1.7303014,0.9135283,2.4124908,2.0638306,3.8226533,2.9335065,1.8313656,3.8226533,2.0698752,4.015136,3.0275192,1.8589611,3.8480346,284.25476,284.25476,279.0971,279.0971,285.00348,285.00348,285.83533,285.83533,289.1504,289.1504,287.62027,287.62027,293.28317,293.28317,285.00348,285.00348,285.00348,276.40967,276.40967,276.40967,284.25476,284.25476,284.25476,277.3171,286.35754,282.15195,277.07336,286.35754,277.3171,286.35754,282.15195,277.07336,286.35754,277.3171,286.35754,282.15195,277.07336,286.35754,10.81504,5.355613,13.527373,24.251001,13.2791605,10.673936,9.765628,13.527373,1.9541403,10.81504,3.870628,6.814572,6.4210687,3.8770113,6.814572,3.3578787619858037,6.3549797071538725,5.360223306944458,3.4195168942183134,6.596846716307,3.3824492,2.1265345,3.8320777,4.643792,3.5595152,4.2635727,5.3202133,3.8320777,1.2652749,3.3824492,2.065264,3.822979,2.9351296,1.8331754,3.822979,1.940896871560779,3.603716292061317,3.253348181759673,1.895757385536724,3.8479970491617053,-7.43259,-3.2290785,-9.695296,-19.607208,-9.719645,-6.4103637,-4.445414,-9.695296,-0.6888654,-7.43259,-1.8053643,-2.9915931,-3.485939,-2.0438359,-2.9915931,-1.4169818904250246,-2.7512634150925557,-2.106875125184785,-1.5237595086815894,-2.7488496671452944
2012-09-19 11:00:00,-8.790361,-11.093208,-3.1655078,-6.013076,-8.697356,-11.889926,-13.241129,-22.529858,-10.941529,-14.113205,-4.9150457,-7.5217986,-9.293554,-11.80787,-8.697356,-11.889926,-10.653229,-1.4301859,-1.998255,-1.6966463,-8.790361,-11.093208,-10.514588,-2.6208844,-6.0288157,-3.6562996,-2.1468737,-6.0288157,-4.4827514,-7.6301866,-5.6197133,-3.4213712,-7.6301866,-3.2344975,-6.893047,-4.032341,-2.5454035,-6.832102,1.9411039,3.4877682,0.9283781,2.165299,2.0914652,3.8451712,2.4816697,4.6383963,2.218569,3.4895992,2.6452322,4.2876854,3.4557042,5.64855,2.0914652,3.8451712,3.5137377,0.56542754,1.2933457,1.3161397,1.9411039,3.4877682,3.3163657,0.930675,2.441265,1.5858461,0.87933064,2.441265,2.130769,3.856998,2.7429113,1.7752128,3.856998,2.1402898,4.0532455,2.8416026,1.7861311,3.8821054,284.81036,284.81036,279.31958,279.31958,285.0643,285.0643,285.81876,285.81876,288.72607,288.72607,287.74127,287.74127,294.80383,294.80383,285.0643,285.0643,285.0643,276.64236,276.64236,276.64236,284.81036,284.81036,284.81036,277.6564,286.5496,281.05725,276.7506,286.5496,277.6564,286.5496,281.05725,276.7506,286.5496,277.6564,286.5496,281.05725,276.7506,286.5496,11.139202,6.173554,11.604154,22.90687,13.30851,7.5726895,11.707475,11.604154,2.333403,11.139202,4.863497,7.704339,6.4406753,4.182985,7.704339,4.3046593101941415,7.225141124864557,5.474144205594875,3.714696857605053,7.456035865269411,3.4871857,2.1664863,3.8447535,4.6398053,3.4895391,4.2882414,5.646976,3.8447535,1.2941954,3.4871857,2.1322024,3.8573236,2.7445345,1.7770228,3.8573236,2.004778626425107,3.6363077764904945,3.000171825062048,1.8392850104808072,3.882064714519946,-7.652016,-4.0070677,-7.7594,-18.267063,-9.818971,-3.2844484,-6.060499,-7.7594,-1.0392077,-7.652016,-2.7312946,-3.8470151,-3.696141,-2.405962,-3.8470151,-2.2998806837690347,-3.588833348374062,-2.4739723805328273,-1.875411847124246,-3.5739711507494647
2012-09-19 12:00:00,-8.681332,-10.951471,-3.2764845,-6.22995,-12.521785,-16.399803,-12.777502,-21.82584,-11.026648,-14.22481,-3.817674,-5.9201846,-11.903247,-14.104513,-12.521785,-16.399803,-14.866669,-1.5362864,-2.133482,-1.8469356,-8.681332,-10.951471,-10.374174,-3.1327095,-6.269097,-4.1694164,-1.4396539,-6.269097,-5.453265,-7.9169106,-6.2831335,-2.2425828,-7.9169106,-3.9283018,-7.1621747,-4.631014,-1.6334803,-7.097579,1.9148544,3.4543552,0.93848735,2.1852636,2.2324429,4.0390267,2.4839196,4.641906,2.2613914,3.5506623,2.6083558,4.236699,3.596925,5.8435225,2.2324429,4.0390267,3.69998,0.564221,1.2914492,1.3139485,1.9148544,3.4543552,3.281811,0.99184877,2.4520059,1.4376698,0.82101095,2.4520059,2.2412434,3.869818,2.5474064,1.6794518,3.869818,2.2565012,4.067471,2.6508965,1.6619294,3.894823,284.63312,284.63312,279.43076,279.43076,285.99448,285.99448,285.83334,285.83334,289.09634,289.09634,287.49118,287.49118,295.71118,295.71118,285.99448,285.99448,285.99448,276.6271,276.6271,276.6271,284.63312,284.63312,284.63312,278.21637,286.62128,279.93436,276.2002,286.62128,278.21637,286.62128,279.93436,276.2002,286.62128,278.21637,286.62128,279.93436,276.2002,286.62128,11.000232,6.38348,15.944301,22.24185,13.457909,5.9870286,14.009143,15.944301,2.4780061,11.000232,5.836415,7.9867363,7.2373533,2.8520205,7.9867363,5.225052991693545,7.50313031837117,6.419944063045405,2.6001268054633297,7.728602441539306,3.453773,2.1864512,4.038609,4.643315,3.5506022,4.237255,5.841949,4.038609,1.292299,3.453773,2.2426767,3.8701437,2.5490296,1.6812619,3.8701437,2.1102082288720894,3.648473261461755,2.7404739062783756,1.742978679494752,3.894781216335695,-7.546459,-4.197029,-11.905692,-17.598536,-9.907307,-1.7497734,-8.167194,-11.905692,-1.185707,-7.546459,-3.5937378,-4.116593,-4.688324,-1.1707587,-4.116593,-3.1148447628214555,-3.854657056909415,-3.67947015676703,-0.8571481259685778,-3.833821225203611
2012-09-19 13:00:00,-5.3177624,-7.028626,-2.784587,-5.2880836,-12.172712,-16.051975,-11.7297535,-20.200848,-10.855658,-14.084785,-2.9976485,-4.693006,-11.373222,-13.640732,-12.172712,-16.051975,-14.54561,-1.4494203,-2.0210385,-1.7241993,-5.3177624,-7.028626,-6.552889,-3.1642888,-6.3621635,-5.096363,-1.8030369,-6.3621635,-5.5286207,-8.020145,-7.5409727,-2.8247104,-8.020145,-3.9644814,-7.261503,-5.7412,-2.0967245,-7.195001,1.9068053,3.4441097,0.9155716,2.140007,2.273973,4.096134,2.4606504,4.6056147,2.3243845,3.6404874,2.498644,4.085009,3.7080078,5.9968867,2.273973,4.096134,3.7548442,0.56429106,1.2915592,1.3140757,1.9068053,3.4441097,3.271215,1.0077415,2.4109313,1.4044104,0.84305704,2.4109313,2.2699442,3.8207924,2.5035236,1.7156518,3.8207924,2.2866926,4.0130706,2.6080906,1.7088804,3.8461883,284.57877,284.57877,279.17874,279.17874,286.2685,286.2685,285.6825,285.6825,289.64102,289.64102,286.74713,286.74713,296.4249,296.4249,286.2685,286.2685,286.2685,276.628,276.628,276.628,284.57877,284.57877,284.57877,278.36185,286.34714,279.6823,276.40826,286.34714,278.36185,286.34714,279.6823,276.40826,286.34714,278.36185,286.34714,279.6823,276.40826,286.34714,7.1251297,5.473111,15.629964,20.709133,13.395315,4.767154,13.575571,15.629964,2.3580256,7.1251297,5.9124947,8.09121,8.602549,3.5212252,8.09121,5.287139926761751,7.6084901885981635,7.956657571788531,3.172575134246208,7.83053160242287,3.4435272,2.1411943,4.095716,4.6070237,3.6404276,4.0855656,5.9953136,4.095716,1.2924091,3.4435272,2.2713776,3.8211179,2.5051467,1.7174616,3.8211179,2.1375984362329685,3.6019502510331343,2.6821821516586084,1.7793845657590528,3.8461510180339182,-3.6816022,-3.3319168,-11.534247,-16.10211,-9.754888,-0.68158907,-7.580257,-11.534247,-1.0656166,-3.6816022,-3.641117,-4.2700925,-6.0974016,-1.8037636,-4.2700925,-3.149541490528782,-4.006539937565029,-5.274475420129923,-1.3931905684871553,-3.984380584388952
2012-09-19 14:00:00,-10.248406,-12.67457,-2.7669284,-5.2340245,-8.886736,-12.163712,-11.442569,-19.739525,-10.012587,-13.170684,-3.8485713,-5.949326,-10.308724,-12.694061,-8.886736,-12.163712,-10.918371,-1.2429069,-1.7223827,-1.4494994,-10.248406,-12.67457,-12.0800295,-2.7552564,-5.6289506,-5.1811924,-1.9907211,-5.6289506,-4.7416525,-7.1424713,-7.6849527,-3.285244,-7.1424713,-3.414866,-6.4390182,-5.8381443,-2.3326626,-6.38349,1.9672267,3.5210195,0.8931941,2.0958133,2.1750157,3.9600601,2.410703,4.5277166,2.2410126,3.5216029,2.3547604,3.8860726,3.7960024,6.118374,2.1750157,3.9600601,3.6241143,0.54896444,1.267467,1.2862403,1.9672267,3.5210195,3.3507538,0.94891477,2.3689563,1.4340736,0.9278948,2.3689563,2.1637082,3.7706916,2.5426617,1.8549552,3.7706916,2.1749399,3.9574778,2.6462681,1.8895569,3.7964873,284.98676,284.98676,278.93265,278.93265,285.61557,285.61557,285.3587,285.3587,288.92014,288.92014,285.77133,285.77133,296.99026,296.99026,285.61557,285.61557,285.61557,276.43414,276.43414,276.43414,284.98676,284.98676,284.98676,277.82336,286.067,279.9071,277.20895,286.067,277.82336,286.067,279.9071,277.20895,286.067,277.82336,286.067,279.9071,277.20895,286.067,12.6861,5.415909,11.889311,20.290995,12.455996,6.0323176,12.656898,11.889311,2.0374808,12.6861,5.1243153,7.2264752,8.741504,4.004798,7.2264752,4.549077408722333,6.758571216227823,8.048305484486752,3.5197096546534294,6.995959291788012,3.5204372,2.0970008,3.9596422,4.529125,3.5215428,3.8866286,6.1168013,3.9596422,1.2683167,3.5204372,2.1651418,3.771017,2.5442848,1.8567653,3.771017,2.0362138738493503,3.5544069764328095,2.7341711411887215,1.9194815499063762,3.796454344271222,-9.165663,-3.3189082,-7.929669,-15.7618685,-8.934453,-2.1456888,-6.5400963,-7.929669,-0.76916414,-9.165663,-2.9591734,-3.4554582,-6.1972184,-2.148033,-3.4554582,-2.5128635348729826,-3.2041642397950136,-5.314134343298031,-1.6002281047470532,-3.1995049475167896
2012-09-19 15:00:00,-6.5937996,-8.573514,-1.7453723,-3.2857041,-8.842706,-12.104971,-9.022795,-15.84285,-8.6056595,-11.600532,-2.4201884,-3.8061051,-8.589379,-11.086397,-8.842706,-12.104971,-10.8626175,-0.79120064,-1.0287155,-0.8790957,-6.5937996,-8.573514,-8.046408,-1.6415656,-5.295882,-3.4067798,-1.3956784,-5.295882,-2.7814598,-6.7377295,-5.199257,-2.330462,-6.7377295,-1.932523,-6.062621,-3.7452912,-1.5861797,-6.0116787,1.9174126,3.4576116,0.85009575,2.0106978,2.164803,3.9460168,2.3410316,4.419056,2.1464207,3.3867188,2.1981468,3.6695347,3.7979877,6.1211157,2.164803,3.9460168,3.610623,0.4881645,1.1718948,1.1758186,1.9174126,3.4576116,3.2851782,0.8884945,2.333337,1.4458894,0.9145081,2.333337,2.0545945,3.7281768,2.558251,1.8329742,3.7281768,2.0601597,3.9103022,2.6614747,1.8610475,3.7543118,284.6504,284.6504,278.45868,278.45868,285.5482,285.5482,284.90704,284.90704,288.10223,288.10223,284.7092,284.7092,297.00302,297.00302,285.5482,285.5482,285.5482,275.66516,275.66516,275.66516,284.6504,284.6504,284.6504,277.2703,285.82925,279.99664,277.0826,285.82925,277.2703,285.82925,279.99664,277.0826,285.82925,277.2703,285.82925,279.99664,277.0826,285.82925,8.6581955,3.4874463,11.830253,16.543522,10.908613,3.8927686,11.06187,11.830253,1.2778256,8.6581955,3.1092017,6.82733,6.045021,2.9016068,6.82733,2.6414092909169122,6.369520297512473,5.2074003305414385,2.5697211785247527,6.610961250790818,3.457029,2.0118852,3.945599,4.4204645,3.386659,3.670091,6.119542,3.945599,1.1727445,3.457029,2.0560281,3.7285023,2.5598743,1.8347842,3.7285023,1.9320828211954368,3.5140625200998525,2.75487921820221,1.8973753062668623,3.754282548126189,-5.201166,-1.4755611,-7.884654,-12.123058,-7.5219545,-0.22267765,-4.9423275,-7.884654,-0.10508107,-5.201166,-1.0531734,-3.0988278,-3.485147,-1.0668226,-3.0988278,-0.7093264697214754,-2.8554577774126204,-2.4525211123392285,-0.6723458722578903,-2.856678702664629
2012-09-19 16:00:00,-5.672103,-7.461692,-0.9573591,-1.7964689,-6.1471643,-8.667906,-3.5758035,-6.5097694,-6.0446057,-8.526527,-1.0157876,-1.628488,-5.824794,-8.152252,-6.1471643,-8.667906,-7.707976,-0.5855442,-0.74801844,-0.6290038,-5.672103,-7.461692,-6.969383,-0.9655162,-3.2563653,-4.610492,-0.6361611,-3.2563653,-1.6047018,-4.2292724,-6.967395,-1.0488303,-4.2292724,-1.0935106,-3.7575715,-5.143523,-0.68814397,-3.7322288,1.9052054,3.442073,0.82308125,1.9573464,2.1203222,3.884852,2.164644,4.14396,1.9620684,3.1238408,2.098452,3.5316944,3.6647515,5.9371657,2.1203222,3.884852,3.55186,0.4719764,1.1464484,1.1464187,1.9052054,3.442073,3.2691088,0.8387593,2.3047178,1.537042,0.84370387,2.3047178,1.9647775,3.6940176,2.6785185,1.7167134,3.6940176,1.9656785,3.8723984,2.7787905,1.7102576,3.7204251,284.56796,284.56796,278.1616,278.1616,285.2547,285.2547,283.76358,283.76358,286.5082,286.5082,284.03308,284.03308,296.14697,296.14697,285.2547,285.2547,285.2547,275.46042,275.46042,275.46042,284.56796,284.56796,284.56796,276.81503,285.63824,280.6874,276.41437,285.63824,276.81503,285.63824,280.6874,276.41437,285.63824,276.81503,285.63824,280.6874,276.41437,285.63824,7.556049,1.9518757,8.512965,7.102685,7.9295692,1.6805547,8.124633,8.512965,0.95348626,7.556049,1.8449502,4.3192005,7.925756,1.3680301,4.3192005,1.5104053454022615,3.963124225721954,7.000366881771342,1.2441784051897835,4.185228348902211,3.4414907,1.9585338,3.884434,4.145369,3.123781,3.5322506,5.9355927,3.884434,1.1472982,3.4414907,1.966211,3.694343,2.680142,1.7185235,3.694343,1.8463670432618118,3.481647121872899,2.9146363154074932,1.7804525002343914,3.7203989445226253,-4.114558,0.0066581075,-4.628531,-2.9573162,-4.8057885,1.8516959,-2.1890397,-4.628531,0.193812,-4.114558,0.12126068,-0.6248571,-5.245614,0.35049343,-0.6248571,0.3359616978595503,-0.48147710384905507,-4.085730566363848,0.5362740950446079,-0.4648294043795853
2012-09-19 17:00:00,0.0,0.0,0.0,0.0,-2.2045634,-3.2299852,0.0,0.0,0.0,0.0,0.0,0.0,0.0,0.0,-2.2045634,-3.2299852,-2.8232899,-0.14181998,-0.17724533,-0.14106831,0.0,0.0,0.0,0.0,0.0,0.0,0.0,0.0,0.0,0.0,0.0,0.0,0.0,0.0,0.0,0.0,0.0,0.0,1.798418,3.3061445,0.7924788,1.8969088,2.016439,3.7420046,1.771502,3.5308115,1.7448435,2.8140874,2.0430088,3.4550376,3.2867024,5.4152203,2.016439,3.7420046,3.4146228,0.39431044,1.0243642,1.0053658,1.798418,3.3061445,3.1285338,0.79620206,2.1694145,1.393932,0.750501,2.1694145,1.887923,3.5325217,2.4896982,1.5636744,3.5325217,1.8848327,3.6931987,2.5946047,1.5117662,3.5602176,283.8469,283.8469,277.82504,277.82504,284.56927,284.56927,281.21497,281.21497,284.62994,284.62994,283.65707,283.65707,293.718,293.718,284.56927,284.56927,284.56927,274.47812,274.47812,274.47812,283.8469,283.8469,283.8469,276.42548,284.7352,279.6029,275.53473,284.7352,276.42548,284.7352,279.6029,275.53473,284.7352,276.42548,284.7352,279.6029,275.53473,284.7352,0.0,0.0,3.1980186,0.0,0.0,0.0,0.0,3.1980186,0.24260493,0.0,0.0,0.0,0.0,0.0,0.0,0.0,0.0,0.0,0.0,0.0,3.305562,1.8980963,3.7415864,3.5322206,2.8140275,3.4555938,5.413647,3.7415864,1.025214,3.305562,1.8893564,3.5328472,2.4913213,1.5654844,3.5328472,1.7730219631356068,3.32839515687309,2.6638173198968165,1.62654178364856,3.560205668562717,3.305562,1.8980963,0.5435679,3.5322206,2.8140275,3.4555938,5.413647,0.5435679,0.782609,3.305562,1.8893564,3.5328472,2.4913213,1.5654844,3.5328472,1.7730219631356068,3.32839515687309,2.6638173198968165,1.62654178364856,3.560205668562717
2012-09-19 18:00:00,0.0,0.0,0.0,0.0,0.0,0.0,0.0,0.0,0.0,0.0,0.0,0.0,0.0,0.0,0.0,0.0,0.0,0.0,0.0,0.0,0.0,0.0,0.0,0.0,0.0,0.0,0.0,0.0,0.0,0.0,0.0,0.0,0.0,0.0,0.0,0.0,0.0,0.0,1.5983206,3.0514421,0.76856947,1.84969,1.7052335,3.3140724,1.5929163,3.2522874,1.5964068,2.6024232,2.0178187,3.4202087,2.9823177,4.994978,1.7052335,3.3140724,3.0034974,0.3269185,0.9184298,0.88297206,1.5983206,3.0514421,2.865125,0.7652901,2.1417148,1.2309682,0.6878936,2.1417148,1.8320986,3.4994593,2.2746828,1.4608732,3.4994593,1.8261096,3.6565118,2.3848672,1.3784333,3.5274186,282.49576,282.49576,277.5621,277.5621,282.51593,282.51593,280.05725,280.05725,283.34647,283.34647,283.48624,283.48624,291.7623,291.7623,282.51593,282.51593,282.51593,273.62576,273.62576,273.62576,282.49576,282.49576,282.49576,276.14252,284.55032,278.36795,274.94385,284.55032,276.14252,284.55032,278.36795,274.94385,284.55032,276.14252,284.55032,278.36795,274.94385,284.55032,0.0,0.0,0.0,0.0,0.0,0.0,0.0,0.0,0.0,0.0,0.0,0.0,0.0,0.0,0.0,0.0,0.0,0.0,0.0,0.0,3.05086,1.8508775,3.3136547,3.2536962,2.602363,3.4207652,4.993405,3.3136547,0.9192795,3.05086,1.8335321,3.499785,2.276306,1.4626831,3.499785,1.7197469468465219,3.2970207388416326,2.3782025439919687,1.5231550470910087,3.527410194744153,3.05086,1.8508775,3.3136547,3.2536962,2.602363,3.4207652,4.993405,3.3136547,0.9192795,3.05086,1.8335321,3.499785,2.276306,1.4626831,3.499785,1.7197469468465219,3.2970207388416326,2.3782025439919687,1.5231550470910087,3.527410194744153
2012-09-19 19:00:00,0.0,0.0,0.0,0.0,0.0,0.0,0.0,0.0,0.0,0.0,0.0,0.0,0.0,0.0,0.0,0.0,0.0,0.0,0.0,0.0,0.0,0.0,0.0,0.0,0.0,0.0,0.0,0.0,0.0,0.0,0.0,0.0,0.0,0.0,0.0,0.0,0.0,0.0,1.534193,2.9698153,0.7463113,1.805732,1.451048,2.9645476,1.5087498,3.1210203,1.5266727,2.5029855,1.9492764,3.3254411,2.7429526,4.6645036,1.451048,2.9645476,2.6676996,0.2794498,0.843813,0.7967619,1.534193,2.9698153,2.7807074,0.7302807,1.7541767,1.1002092,0.63399756,1.7541767,1.768875,3.0369003,2.1021583,1.3723755,3.0369003,1.7596029,3.1432452,2.2165775,1.2636521,3.0685492,282.06274,282.06274,277.31732,277.31732,280.8388,280.8388,279.51163,279.51163,282.7435,282.7435,283.0214,283.0214,290.22437,290.22437,280.8388,280.8388,280.8388,273.0254,273.0254,273.0254,282.06274,282.06274,282.06274,275.82205,281.9638,277.37704,274.43518,281.9638,275.82205,281.9638,277.37704,274.43518,281.9638,275.82205,281.9638,277.37704,274.43518,281.9638,0.0,0.0,0.0,0.0,0.0,0.0,0.0,0.0,0.0,0.0,0.0,0.0,0.0,0.0,0.0,0.0,0.0,0.0,0.0,0.0,2.9692326,1.8069195,2.9641297,3.1224296,2.5029252,3.3259974,4.6629305,2.9641297,0.8447608,2.9692326,1.7703085,3.0372257,2.1037815,1.3741854,3.0372257,1.6594103478331825,2.8580740897402577,2.1490303351889835,1.4341533879162713,3.0685821354023943,2.9692326,1.8069195,2.9641297,3.1224296,2.5029252,3.3259974,4.6629305,2.9641297,0.8447608,2.9692326,1.7703085,3.0372257,2.1037815,1.3741854,3.0372257,1.6594103478331825,2.8580740897402577,2.1490303351889835,1.4341533879162713,3.0685821354023943
2012-09-19 20:00:00,0.0,0.0,0.0,0.0,0.0,0.0,0.0,0.0,0.0,0.0,0.0,0.0,0.0,0.0,0.0,0.0,0.0,0.0,0.0,0.0,0.0,0.0,0.0,0.0,0.0,0.0,0.0,0.0,0.0,0.0,0.0,0.0,0.0,0.0,0.0,0.0,0.0,0.0,1.323294,2.701363,0.7185088,1.7508242,1.3401389,2.812039,1.4129465,2.9716043,1.4416419,2.381735,1.7946559,3.1116593,2.5698946,4.4255743,1.3401389,2.812039,2.5211806,0.20412913,0.72541535,0.6599684,1.323294,2.701363,2.5030797,0.69207084,1.6150005,1.0000197,0.60544556,1.6150005,1.6998715,2.8707812,1.9699674,1.3254932,2.8707812,1.6870158,2.958916,2.0876315,1.2028457,2.9037554,280.63867,280.63867,277.01157,277.01157,280.10703,280.10703,278.89056,278.89056,282.00827,282.00827,281.97278,281.97278,289.11246,289.11246,280.10703,280.10703,280.10703,272.07275,272.07275,272.07275,280.63867,280.63867,280.63867,275.4723,281.0349,276.6178,274.1657,281.0349,275.4723,281.0349,276.6178,274.1657,281.0349,275.4723,281.0349,276.6178,274.1657,281.0349,0.0,0.0,0.0,0.0,0.0,0.0,0.0,0.0,0.0,0.0,0.0,0.0,0.0,0.0,0.0,0.0,0.0,0.0,0.0,0.0,2.7007809,1.7520117,2.8116212,2.9730134,2.3816752,3.1122158,4.424001,2.8116212,0.72711277,2.7007809,1.7013049,2.871107,1.9715905,1.3273032,2.871107,1.5935577850970732,2.7004355067027066,1.9734351586318701,1.387004080830062,2.9038035563186297,2.7007809,1.7520117,2.8116212,2.9730134,2.3816752,3.1122158,4.424001,2.8116212,0.72711277,2.7007809,1.7013049,2.871107,1.9715905,1.3273032,2.871107,1.5935577850970732,2.7004355067027066,1.9734351586318701,1.387004080830062,2.9038035563186297
2012-09-19 21:00:00,0.0,0.0,0.0,0.0,0.0,0.0,0.0,0.0,0.0,0.0,0.0,0.0,0.0,0.0,0.0,0.0,0.0,0.0,0.0,0.0,0.0,0.0,0.0,0.0,0.0,0.0,0.0,0.0,0.0,0.0,0.0,0.0,0.0,0.0,0.0,0.0,0.0,0.0,1.3084836,2.6825113,0.6940888,1.7025968,1.2857736,2.7372825,1.3210831,2.8283336,1.4089842,2.3351665,1.6497059,2.9112482,2.4064598,4.199931,1.2857736,2.7372825,2.4493604,0.14499408,0.6324601,0.55257046,1.3084836,2.6825113,2.483583,0.6512305,1.501494,0.93154746,0.5780091,1.501494,1.6261175,2.7353022,1.8796245,1.2804427,2.7353022,1.6094317,2.8085847,1.9995059,1.1444153,2.7693572,280.53867,280.53867,276.743,276.743,279.74832,279.74832,278.29504,278.29504,281.7259,281.7259,280.98975,280.98975,288.06238,288.06238,279.74832,279.74832,279.74832,271.32483,271.32483,271.32483,280.53867,280.53867,280.53867,275.09845,280.27734,276.0989,273.90677,280.27734,275.09845,280.27734,276.0989,273.90677,280.27734,275.09845,280.27734,276.0989,273.90677,280.27734,0.0,0.0,0.0,0.0,0.0,0.0,0.0,0.0,0.0,0.0,0.0,0.0,0.0,0.0,0.0,0.0,0.0,0.0,0.0,0.0,2.6819289,1.7037845,2.7368648,2.8297427,2.3351066,2.9118044,4.198358,2.7368648,0.63474613,2.6819289,1.627551,2.7356277,1.8812475,1.2822527,2.7356277,1.5231717896763128,2.5718718630558124,1.8534285350939226,1.3416969607138127,2.7694168210805934,2.6819289,1.7037845,2.7368648,2.8297427,2.3351066,2.9118044,4.198358,2.7368648,0.63474613,2.6819289,1.627551,2.7356277,1.8812475,1.2822527,2.7356277,1.5231717896763128,2.5718718630558124,1.8534285350939226,1.3416969607138127,2.7694168210805934
2012-09-19 22:00:00,0.0,0.0,0.0,0.0,0.0,0.0,0.0,0.0,0.0,0.0,0.0,0.0,0.0,0.0,0.0,0.0,0.0,0.0,0.0,0.0,0.0,0.0,0.0,0.0,0.0,0.0,0.0,0.0,0.0,0.0,0.0,0.0,0.0,0.0,0.0,0.0,0.0,0.0,1.1723962,2.5092869,0.6720444,1.659061,1.3810817,2.8683386,1.2286834,2.6842256,1.3790478,2.2924783,1.5222512,2.7350268,2.3898733,4.1770315,1.3810817,2.8683386,2.575269,0.121767655,0.5959501,0.5103877,1.1723962,2.5092869,2.3044376,0.61751145,1.3999996,0.8741334,0.5408302,1.3999996,1.5652239,2.6141596,1.803872,1.2193948,2.6141596,1.545376,2.6741621,1.9256129,1.0652363,2.649181,279.61975,279.61975,276.50058,276.50058,280.37717,280.37717,277.69604,277.69604,281.46704,281.46704,280.12537,280.12537,287.9558,287.9558,280.37717,280.37717,280.37717,271.03107,271.03107,271.03107,279.61975,279.61975,279.61975,274.7898,279.59995,275.66382,273.55588,279.59995,274.7898,279.59995,275.66382,273.55588,279.59995,274.7898,279.59995,275.66382,273.55588,279.59995,0.0,0.0,0.0,0.0,0.0,0.0,0.0,0.0,0.0,0.0,0.0,0.0,0.0,0.0,0.0,0.0,0.0,0.0,0.0,0.0,2.5087044,1.6602484,2.8679206,2.6856349,2.2924185,2.7355828,4.1754584,2.8679206,0.5984673,2.5087044,1.5666573,2.6144853,1.8054951,1.2212048,2.6144853,1.465058813538715,2.456913468033652,1.7528030906558516,1.2803014077265837,2.649251563181837,2.5087044,1.6602484,2.8679206,2.6856349,2.2924185,2.7355828,4.1754584,2.8679206,0.5984673,2.5087044,1.5666573,2.6144853,1.8054951,1.2212048,2.6144853,1.465058813538715,2.456913468033652,1.7528030906558516,1.2803014077265837,2.649251563181837
2012-09-19 23:00:00,0.0,0.0,0.0,0.0,0.0,0.0,0.0,0.0,0.0,0.0,0.0,0.0,0.0,0.0,0.0,0.0,0.0,0.0,0.0,0.0,0.0,0.0,0.0,0.0,0.0,0.0,0.0,0.0,0.0,0.0,0.0,0.0,0.0,0.0,0.0,0.0,0.0,0.0,1.0526695,2.3568876,0.65197563,1.619427,1.3097416,2.7702408,1.1441686,2.5524156,1.350851,2.2522714,1.4106228,2.5806866,2.106155,3.7853222,1.3097416,2.7702408,2.4810238,0.10158627,0.56422675,0.4737354,1.0526695,2.3568876,2.1468287,0.59036016,1.3181252,0.8289456,0.5054944,1.3181252,1.516191,2.5164359,1.744251,1.1613734,2.5164359,1.4937968,2.5657256,1.8674555,0.98998255,2.5522366,278.8113,278.8113,276.27988,276.27988,279.90646,279.90646,277.14816,277.14816,281.22324,281.22324,279.36832,279.36832,286.1329,286.1329,279.90646,279.90646,279.90646,270.77582,270.77582,270.77582,278.8113,278.8113,278.8113,274.54126,279.0535,275.32138,273.22238,279.0535,274.54126,279.0535,275.32138,273.22238,279.0535,274.54126,279.0535,275.32138,273.22238,279.0535,0.0,0.0,0.0,0.0,0.0,0.0,0.0,0.0,0.0,0.0,0.0,0.0,0.0,0.0,0.0,0.0,0.0,0.0,0.0,0.0,2.3563054,1.6206144,2.7698228,2.5538247,2.2522116,2.5812428,3.7837486,2.7698228,0.5669448,2.3563054,1.5176245,2.5167613,1.7458739,1.1631833,2.5167613,1.4182650546238844,2.3641781875332772,1.673605635929079,1.2219494679940706,2.552315981439479,2.3563054,1.6206144,2.7698228,2.5538247,2.2522116,2.5812428,3.7837486,2.7698228,0.5669448,2.3563054,1.5176245,2.5167613,1.7458739,1.1631833,2.5167613,1.4182650546238844,2.3641781875332772,1.673605635929079,1.2219494679940706,2.552315981439479
2012-10-15 00:00:00,0.0,0.0,0.0,0.0,0.0,0.0,0.0,0.0,0.0,0.0,0.0,0.0,0.0,0.0,0.0,0.0,0.0,0.0,0.0,0.0,0.0,0.0,0.0,0.0,0.0,0.0,0.0,0.0,0.0,0.0,0.0,0.0,0.0,0.0,0.0,0.0,0.0,0.0,1.4655372,2.8824234,0.7189361,1.7516682,1.4701687,2.99084,1.3430581,2.862606,1.5427455,2.5259047,1.9403801,3.3131406,2.3605103,4.1364927,1.4701687,2.99084,2.6929593,0.38010335,1.0020319,0.9795637,1.4655372,2.8824234,2.6903281,0.9243605,1.7223114,1.238225,0.7998897,1.7223114,2.1193657,2.9988658,2.2842577,1.6447706,2.9988658,2.1282945,3.1010416,2.3942068,1.616948,3.0308185,281.59915,281.59915,277.01627,277.01627,280.96497,280.96497,278.4375,278.4375,282.88248,282.88248,282.96106,282.96106,287.76715,287.76715,280.96497,280.96497,280.96497,274.29843,274.29843,274.29843,281.59915,281.59915,281.59915,277.5986,281.75113,278.42294,276.00085,281.75113,277.5986,281.75113,278.42294,276.00085,281.75113,277.5986,281.75113,278.42294,276.00085,281.75113,0.0,0.0,0.0,0.0,0.0,0.0,0.0,0.0,0.0,0.0,0.0,0.0,0.0,0.0,0.0,0.0,0.0,0.0,0.0,0.0,2.8818407,1.7528557,2.9904222,2.8640149,2.5258446,3.313697,4.134919,2.9904222,1.0028816,2.8818407,2.120799,2.9991918,2.2858806,1.6465807,2.9991918,1.993896089663726,2.821981597290402,2.390921001653286,1.7080999395301864,3.0308548892747003,2.8818407,1.7528557,2.9904222,2.8640149,2.5258446,3.313697,4.134919,2.9904222,1.0028816,2.8818407,2.120799,2.9991918,2.2858806,1.6465807,2.9991918,1.993896089663726,2.821981597290402,2.390921001653286,1.7080999395301864,3.0308548892747003
2012-10-15 01:00:00,0.0,0.0,0.0,0.0,0.0,0.0,0.0,0.0,0.0,0.0,0.0,0.0,0.0,0.0,0.0,0.0,0.0,0.0,0.0,0.0,0.0,0.0,0.0,0.0,0.0,0.0,0.0,0.0,0.0,0.0,0.0,0.0,0.0,0.0,0.0,0.0,0.0,0.0,1.3702564,2.7611415,0.7301332,1.7737817,1.3605455,2.8400996,1.271442,2.7509124,1.6089468,2.6203048,1.9162339,3.2797556,2.3427603,4.111986,1.3605455,2.8400996,2.5481393,0.36248198,0.9743327,0.94756067,1.3702564,2.7611415,2.5649009,0.8925451,1.7184159,1.2308556,0.81315356,1.7184159,2.0619097,2.9942162,2.274534,1.6665499,2.9942162,2.067855,3.0958817,2.384722,1.6451956,3.0262058,280.95578,280.95578,277.1394,277.1394,280.24167,280.24167,277.97324,277.97324,283.4549,283.4549,282.7973,282.7973,287.6531,287.6531,280.24167,280.24167,280.24167,274.07556,274.07556,274.07556,280.95578,280.95578,280.95578,277.30737,281.72513,278.3671,276.12604,281.72513,277.30737,281.72513,278.3671,276.12604,281.72513,277.30737,281.72513,278.3671,276.12604,281.72513,0.0,0.0,0.0,0.0,0.0,0.0,0.0,0.0,0.0,0.0,0.0,0.0,0.0,0.0,0.0,0.0,0.0,0.0,0.0,0.0,2.7605588,1.774969,2.8396819,2.7523217,2.6202447,3.2803118,4.110413,2.8396819,0.9751824,2.7605588,2.0633433,2.994542,2.2761571,1.66836,2.994542,1.9390639627820674,2.817569084222921,2.378004920898452,1.7300032756193853,3.0262425182457435,2.7605588,1.774969,2.8396819,2.7523217,2.6202447,3.2803118,4.110413,2.8396819,0.9751824,2.7605588,2.0633433,2.994542,2.2761571,1.66836,2.994542,1.9390639627820674,2.817569084222921,2.378004920898452,1.7300032756193853,3.0262425182457435
2012-10-15 02:00:00,0.0,0.0,0.0,0.0,0.0,0.0,0.0,0.0,0.0,0.0,0.0,0.0,0.0,0.0,0.0,0.0,0.0,0.0,0.0,0.0,0.0,0.0,0.0,0.0,0.0,0.0,0.0,0.0,0.0,0.0,0.0,0.0,0.0,0.0,0.0,0.0,0.0,0.0,1.2327093,2.5860589,0.7065902,1.727286,1.2357378,2.6684794,1.2364744,2.6963768,1.625655,2.6441298,1.8624557,3.2054007,2.3387134,4.106399,1.2357378,2.6684794,2.383259,0.32863405,0.92112654,0.88608783,1.2327093,2.5860589,2.3838336,0.87258506,1.6788137,1.2070434,0.81648415,1.6788137,2.0258636,2.9469478,2.2431161,1.6720186,2.9469478,2.029937,3.0434318,2.3540754,1.6522887,2.9793146,280.027,280.027,276.8805,276.8805,279.41818,279.41818,277.74655,277.74655,283.59937,283.59937,282.4326,282.4326,287.6271,287.6271,279.41818,279.41818,279.41818,273.64746,273.64746,273.64746,280.027,280.027,280.027,277.12466,281.46082,278.18665,276.15747,281.46082,277.12466,281.46082,278.18665,276.15747,281.46082,277.12466,281.46082,278.18665,276.15747,281.46082,0.0,0.0,0.0,0.0,0.0,0.0,0.0,0.0,0.0,0.0,0.0,0.0,0.0,0.0,0.0,0.0,0.0,0.0,0.0,0.0,2.5854764,1.7284735,2.6680615,2.6977856,2.64407,3.205957,4.104826,2.6680615,0.92197627,2.5854764,2.0272973,2.9472735,2.2447393,1.6738287,2.9472735,1.9046638848568351,2.7727137137094764,2.336271158328324,1.7355031381673798,2.9793554930323762,2.5854764,1.7284735,2.6680615,2.6977856,2.64407,3.205957,4.104826,2.6680615,0.92197627,2.5854764,2.0272973,2.9472735,2.2447393,1.6738287,2.9472735,1.9046638848568351,2.7727137137094764,2.336271158328324,1.7355031381673798,2.9793554930323762
2012-10-15 03:00:00,0.0,0.0,0.0,0.0,0.0,0.0,0.0,0.0,0.0,0.0,0.0,0.0,0.0,0.0,0.0,0.0,0.0,0.0,0.0,0.0,0.0,0.0,0.0,0.0,0.0,0.0,0.0,0.0,0.0,0.0,0.0,0.0,0.0,0.0,0.0,0.0,0.0,0.0,1.08667,2.4001665,0.6298452,1.575721,1.1521269,2.553508,1.3231922,2.8316228,1.6062645,2.6164799,1.8215427,3.148834,2.3196144,4.080031,1.1521269,2.553508,2.2728033,0.2779852,0.8415108,0.7941019,1.08667,2.4001665,2.191587,0.84937775,1.631768,1.1763371,0.80691934,1.631768,1.9839535,2.890795,2.2026017,1.6563134,2.890795,1.9858501,2.9811232,2.3145554,1.6319189,2.9236095,279.0409,279.0409,276.0365,276.0365,278.86652,278.86652,278.30872,278.30872,283.4317,283.4317,282.15512,282.15512,287.5044,287.5044,278.86652,278.86652,278.86652,273.00687,273.00687,273.00687,279.0409,279.0409,279.0409,276.91223,281.14682,277.95395,276.0672,281.14682,276.91223,281.14682,277.95395,276.0672,281.14682,276.91223,281.14682,277.95395,276.0672,281.14682,0.0,0.0,0.0,0.0,0.0,0.0,0.0,0.0,0.0,0.0,0.0,0.0,0.0,0.0,0.0,0.0,0.0,0.0,0.0,0.0,2.399584,1.5769085,2.55309,2.833032,2.6164198,3.14939,4.0784574,2.55309,0.84247315,2.399584,1.985387,2.8911202,2.204225,1.6581234,2.8911202,1.8646674020712093,2.719426921513098,2.2824541551831823,1.719708387277119,2.923655157918609,2.399584,1.5769085,2.55309,2.833032,2.6164198,3.14939,4.0784574,2.55309,0.84247315,2.399584,1.985387,2.8911202,2.204225,1.6581234,2.8911202,1.8646674020712093,2.719426921513098,2.2824541551831823,1.719708387277119,2.923655157918609
2012-10-15 04:00:00,0.0,0.0,0.0,0.0,0.0,0.0,0.0,0.0,0.0,0.0,0.0,0.0,0.0,0.0,0.0,0.0,0.0,0.0,0.0,0.0,0.0,0.0,0.0,0.0,0.0,0.0,0.0,0.0,0.0,0.0,0.0,0.0,0.0,0.0,0.0,0.0,0.0,0.0,0.9878822,2.2744205,0.42259258,1.1664144,1.0542336,2.418897,1.3541114,2.8798447,1.5948784,2.600244,1.8107026,3.1338458,2.3049521,4.059787,1.0542336,2.418897,2.1434786,0.23311996,0.7709864,0.71261996,0.9878822,2.2744205,2.0615427,0.5956045,1.6106888,1.1559119,0.7956668,1.6106888,1.5256617,2.865635,2.1756525,1.6378367,2.865635,1.5037594,2.953205,2.2882676,1.6079545,2.8986504,278.37384,278.37384,273.75726,273.75726,278.2206,278.2206,278.50916,278.50916,283.33325,283.33325,282.0816,282.0816,287.4102,287.4102,278.2206,278.2206,278.2206,272.43942,272.43942,272.43942,278.37384,278.37384,278.37384,274.58926,281.00613,277.79916,275.961,281.00613,274.58926,281.00613,277.79916,275.961,281.00613,274.58926,281.00613,277.79916,275.961,281.00613,0.0,0.0,0.0,0.0,0.0,0.0,0.0,0.0,0.0,0.0,0.0,0.0,0.0,0.0,0.0,0.0,0.0,0.0,0.0,0.0,2.273838,1.1676018,2.418479,2.8812537,2.600184,3.134402,4.0582137,2.418479,0.7723954,2.273838,1.5270951,2.8659606,2.1772757,1.6396465,2.8659606,1.4273031910154645,2.6955517040939805,2.2466561433861774,1.7011263274062238,2.898698549416863,2.273838,1.1676018,2.418479,2.8812537,2.600184,3.134402,4.0582137,2.418479,0.7723954,2.273838,1.5270951,2.8659606,2.1772757,1.6396465,2.8659606,1.4273031910154645,2.6955517040939805,2.2466561433861774,1.7011263274062238,2.898698549416863
2012-10-15 05:00:00,0.0,0.0,0.0,0.0,0.0,0.0,0.0,0.0,0.0,0.0,0.0,0.0,0.0,0.0,0.0,0.0,0.0,0.0,0.0,0.0,0.0,0.0,0.0,0.0,0.0,0.0,0.0,0.0,0.0,0.0,0.0,0.0,0.0,0.0,0.0,0.0,0.0,0.0,0.88587666,2.1445785,0.4039558,1.1296082,0.9621539,2.2922802,1.1724564,2.5965335,1.5641057,2.556363,1.8049923,3.1259503,2.2493083,3.9829638,0.9621539,2.2922802,2.0218346,0.19603631,0.7126941,0.64527065,0.88587666,2.1445785,1.9272622,0.41968772,1.604196,1.1456347,0.77785325,1.604196,1.2079718,2.8578854,2.1620927,1.608587,2.8578854,1.1695718,2.944606,2.2750409,1.5700178,2.8909624,277.68506,277.68506,273.5523,273.5523,277.61307,277.61307,277.33154,277.33154,283.06717,283.06717,282.04288,282.04288,287.05267,287.05267,277.61307,277.61307,277.61307,271.9704,271.9704,271.9704,277.68506,277.68506,277.68506,272.97897,280.9628,277.72128,275.79288,280.9628,272.97897,280.9628,277.72128,275.79288,280.9628,272.97897,280.9628,277.72128,275.79288,280.9628,0.0,0.0,0.0,0.0,0.0,0.0,0.0,0.0,0.0,0.0,0.0,0.0,0.0,0.0,0.0,0.0,0.0,0.0,0.0,0.0,2.143996,1.1307957,2.2918625,2.5979426,2.556303,3.1265068,3.9813907,2.2918625,0.7144721,2.143996,1.2098254,2.8582108,2.163716,1.6103969,2.8582108,1.1245406583868718,2.688197515648178,2.2286442100056654,1.6717100722830156,2.891011264368602,2.143996,1.1307957,2.2918625,2.5979426,2.556303,3.1265068,3.9813907,2.2918625,0.7144721,2.143996,1.2098254,2.8582108,2.163716,1.6103969,2.8582108,1.1245406583868718,2.688197515648178,2.2286442100056654,1.6717100722830156,2.891011264368602
2012-10-15 06:00:00,-0.0056027877,-0.007217648,-0.00086381636,-0.0011477759,0.0,0.0,-0.4678891,-0.8376191,-0.02286321,-0.037449475,-0.41519156,-0.6813054,-0.0694169,-0.11588141,0.0,0.0,0.0,0.0,0.0,0.0,-0.0056027877,-0.007217648,-0.0053019137,0.0,-0.08135684,-0.12099142,-0.110034734,-0.08135684,0.0,-0.11223204,-0.19103901,-0.17419909,-0.11223204,0.0,-0.09366166,-0.121565595,-0.11167457,-0.09271012,0.82699174,2.0696242,0.3874141,1.0969397,0.93190473,2.2506855,1.5040141,3.113634,1.4967256,2.460282,1.8126827,3.1365833,2.1749837,3.8803492,0.93190473,2.2506855,1.9818734,0.15734567,0.65187573,0.5750027,0.82699174,2.0696242,1.8497461,0.29949045,1.6136793,1.1433997,0.78598547,1.6136793,0.9909066,2.8692043,2.159144,1.6219401,2.8692043,0.9412342,2.957166,2.2721643,1.5873368,2.9021914,277.28745,277.28745,273.3704,273.3704,277.41348,277.41348,279.48093,279.48093,282.48456,282.48456,282.09503,282.09503,286.57513,286.57513,277.41348,277.41348,277.41348,271.48105,271.48105,271.48105,277.28745,277.28745,277.28745,271.87872,281.0261,277.70435,275.86963,281.0261,271.87872,281.0261,277.70435,275.86963,281.0261,271.87872,281.0261,277.70435,275.86963,281.0261,0.00813837,0.0015871885,0.0,0.9858318,0.034166005,0.72630554,0.11170968,0.0,0.0,0.00813837,0.0,0.121150345,0.24783778,0.24295199,0.121150345,0.0,0.1024320377532472,0.18573380014230662,0.23242760037024654,0.11805785561306374,2.069042,1.0981272,2.2502675,3.1150434,2.460222,3.1371396,3.878776,2.2502675,0.6540388,2.069042,0.99546283,2.86953,2.160767,1.6237501,2.86953,0.9200901804609651,2.6989387739838078,2.2247270379734623,1.6851393483104014,2.902239031403879,2.0609035,1.0965401,2.2502675,2.1292117,2.426056,2.410834,3.7670662,2.2502675,0.6540388,2.0609035,0.99546283,2.7483797,1.9129293,1.3807981,2.7483797,0.9200901804609651,2.5965067362305607,2.0389932378311557,1.4527117479401548,2.784181175790815
2012-10-15 07:00:00,-0.35629156,-0.4535645,-0.006676532,-0.008694165,-0.48888162,-0.67884123,-2.1154113,-3.743458,-0.13533354,-0.21975406,-1.5952487,-2.5373588,-0.70665437,-1.1162012,-0.48888162,-0.67884123,-0.52064407,0.0,0.0,0.0,-0.35629156,-0.4535645,-0.34599167,0.0,-0.4515233,-0.7806149,-0.38849118,-0.4515233,0.0,-0.61645424,-1.2006862,-0.6108385,-0.61645424,0.0,-0.51904917,-0.8001255,-0.4067456,-0.5133642,0.851013,2.100201,0.37974685,1.0817975,0.9693324,2.302151,1.6159267,3.2881746,1.4198477,2.3506575,1.8487356,3.1864312,2.2163973,3.9375255,0.9693324,2.302151,2.031318,0.12694089,0.604082,0.51978314,0.851013,2.100201,1.8813679,0.25395268,1.6325862,1.1452763,0.81118107,1.6325862,0.90866935,2.8917713,2.1616201,1.6633111,2.8917713,0.85472655,2.9822068,2.2745795,1.640995,2.924578,277.44965,277.44965,273.28607,273.28607,277.66043,277.66043,280.20642,280.20642,281.81982,281.81982,282.33954,282.33954,286.84122,286.84122,277.66043,277.66043,277.66043,271.0965,271.0965,271.0965,277.44965,277.44965,277.44965,271.46188,281.15228,277.71857,276.10742,281.15228,271.46188,281.15228,277.71857,276.10742,281.15228,271.46188,281.15228,277.71857,276.10742,281.15228,0.5033797,0.011903917,0.6661136,4.253754,0.19931395,2.6646268,1.0780216,0.6661136,0.0,0.5033797,0.0,0.6612816,1.5259196,0.8278258,0.6612816,0.0,0.5666374605764446,1.214444976937611,0.7831006843871114,0.6440963046704339,2.0996184,1.0829849,2.3017333,3.2895837,2.3505976,3.1869872,3.9359524,2.3017333,0.6065477,2.0996184,0.9142496,2.8920972,2.163243,1.6651212,2.8920972,0.8426322968454555,2.7203539635777454,2.228016050886988,1.7267460754696018,2.9246241889211713,1.5962386,1.071081,1.6356196,-0.96417063,2.1512837,0.52236044,2.8579307,1.6356196,0.6065477,1.5962386,0.9142496,2.2308156,0.63732356,0.8372955,2.2308156,0.8426322968454555,2.153716503001301,1.013571073949377,0.9436453910824903,2.2805278842507373
2012-10-15 08:00:00,-0.7357776,-0.9302807,0.0,0.0,-0.9097592,-1.2622101,-3.9627032,-6.9076204,-1.0097804,-1.5176767,-2.7983747,-4.326006,-1.1952412,-1.8176022,-0.9097592,-1.2622101,-0.98347306,0.0,0.0,0.0,-0.7357776,-0.9302807,-0.73522055,0.0,-0.8109451,-1.7372724,-0.43201795,-0.8109451,0.0,-1.0963349,-2.5985763,-0.61357135,-1.0963349,0.0,-0.93092597,-1.8369809,-0.4430178,-0.92001456,0.902174,2.1653233,0.36418194,1.0510582,1.0324161,2.3888965,1.6954513,3.4122024,1.2199556,2.0656202,1.9158603,3.2792392,2.2860858,4.03374,1.0324161,2.3888965,2.1146564,0.0747622,0.5220616,0.4250189,0.902174,2.1653233,1.948716,0.16237038,1.6478491,1.1865094,0.723126,1.6478491,0.74328005,2.9099889,2.2160234,1.5187247,2.9099889,0.68074834,3.0024214,2.3276477,1.4534667,2.9426503,277.7951,277.7951,273.1149,273.1149,278.07666,278.07666,280.72195,280.72195,280.09143,280.09143,282.79477,282.79477,287.28897,287.28897,278.07666,278.07666,278.07666,270.43655,270.43655,270.43655,277.7951,277.7951,277.7951,270.62357,281.25415,278.03104,275.27637,281.25415,270.62357,281.25415,278.03104,275.27637,281.25415,270.62357,281.25415,278.03104,275.27637,281.25415,1.0157187,0.0,1.2283444,7.6295824,1.3490058,4.478349,1.7591157,1.2283444,0.0,1.0157187,0.0,1.1694974,3.2000003,0.86883336,1.1694974,0.0,1.0145553272553807,2.7377320155335685,0.8591509110104876,1.1386331845930522,2.1647408,1.052302,2.3884785,3.4136114,2.0655603,3.2797954,4.032167,2.3884785,0.5250466,2.1647408,0.75091946,2.9103146,2.2176466,1.5205348,2.9103146,0.6868545632692022,2.7376414854313276,2.3002825814054284,1.581336117307468,2.9426947223656024,1.1490221,1.052302,1.160134,-4.215971,0.71655446,-1.1985537,2.273051,1.160134,0.5250466,1.1490221,0.75091946,1.7408173,-0.98235375,0.6517014,1.7408173,0.6868545632692022,1.723086158175947,-0.4374494341281401,0.7221852062969805,1.8040615377725502
2012-10-15 09:00:00,-1.1476805,-1.4473203,0.0,0.0,-1.577402,-2.194186,-5.7227077,-9.823338,-0.8663667,-1.2635589,-1.7833939,-2.8315856,-1.374658,-2.061766,-1.577402,-2.194186,-1.7922046,0.0,0.0,0.0,-1.1476805,-1.4473203,-1.1874707,0.0,-1.1204762,-3.0004117,-0.2409801,-1.1204762,0.0,-1.5011965,-4.426933,-0.32952452,-1.5011965,0.0,-1.2838451,-3.2888153,-0.24819142,-1.2678633,0.96372545,2.2436714,0.34845054,1.0199898,1.1297222,2.5226998,1.7558494,3.5063996,0.98773754,1.7344875,1.945015,3.319549,2.2970486,4.048875,1.1297222,2.5226998,2.2432048,0.05216794,0.4865453,0.3839844,0.96372545,2.2436714,2.0297427,0.16924155,1.6461116,1.3316774,0.5945163,1.6461116,0.7556888,2.9079149,2.4075592,1.3075473,2.9079149,0.69380146,3.0001204,2.5144823,1.17957,2.9405928,278.21072,278.21072,272.9419,272.9419,278.7187,278.7187,281.1135,281.1135,278.08353,278.08353,282.9925,282.9925,287.3594,287.3594,278.7187,278.7187,278.7187,270.1508,270.1508,270.1508,278.21072,278.21072,278.21072,270.68646,281.24255,279.13113,274.06256,281.24255,270.68646,281.24255,279.13113,274.06256,281.24255,270.68646,281.24255,279.13113,274.06256,281.24255,1.5547904,0.0,2.119545,10.613727,1.0917852,2.9567165,1.9962192,2.119545,0.0,1.5547904,0.0,1.5951391,5.2199984,0.481907,1.5951391,0.0,1.3979506581763619,4.68239224739826,0.4819070033822372,1.5526793150928784,2.243089,1.021512,2.522282,3.5078084,1.7344275,3.3201053,4.047302,2.522282,0.4897552,2.243089,0.7631737,2.9082408,2.4091823,1.3093573,2.9082408,0.6985421464108353,2.7356734631711834,2.5547081983727837,1.368955988196836,2.9406375615780402,0.6882986,1.021512,0.40273687,-7.1059184,0.6426423,0.36338884,2.0510828,0.40273687,0.4897552,0.6882986,0.7631737,1.3131016,-2.8108158,0.8274503,1.3131016,0.6985421464108353,1.3377228049948215,-2.1276840490254765,0.8870489848145988,1.3879582464851619
2012-10-15 10:00:00,-1.9164585,-2.4259787,0.0,0.0,-2.0980897,-2.9124382,-6.6070266,-11.220391,-0.8397178,-1.2317752,-1.4376141,-2.3040755,-1.6962996,-2.469972,-2.0980897,-2.9124382,-2.4381316,0.0,0.0,0.0,-1.9164585,-2.4259787,-2.1279967,0.0,-1.4187797,-1.9375731,-0.19424796,-1.4187797,0.0,-1.8855299,-2.9552894,-0.26185286,-1.8855299,0.0,-1.6237088,-2.0680358,-0.20264196,-1.60244,1.0615777,2.3682265,0.30891812,0.9419167,1.2148501,2.6397572,1.7386808,3.4796233,1.0004365,1.7525955,1.9709975,3.3554728,2.2130108,3.93285,1.2148501,2.6397572,2.3556645,0.06767797,0.5109257,0.41215295,1.0615777,2.3682265,2.1585553,0.23377258,1.6537979,1.3636925,0.5629604,1.6537979,0.872226,2.9170892,2.4498003,1.2557325,2.9170892,0.8163905,3.0103,2.5556862,1.1123663,2.9496944,278.87146,278.87146,272.50714,272.50714,279.28036,279.28036,281.0022,281.0022,278.19333,278.19333,283.1687,283.1687,286.81946,286.81946,279.28036,279.28036,279.28036,270.34695,270.34695,270.34695,278.87146,278.87146,278.87146,271.27716,281.29385,279.37375,273.76474,281.29385,271.27716,281.29385,279.37375,273.76474,281.29385,271.27716,281.29385,279.37375,273.76474,281.29385,2.5399024,0.0,2.8066041,12.016837,1.0661796,2.411684,2.3879082,2.8066041,0.0,2.5399024,0.0,1.995381,3.5493195,0.38314673,1.995381,0.0,1.7657009764426397,2.9549295953000314,0.383146733085335,1.9417159697319215,2.3676443,0.9441379,2.6393392,3.4810324,1.7525355,3.356029,3.9312768,2.6393392,0.5139813,2.3676443,0.8782599,2.917415,2.4514234,1.2575425,2.917415,0.8083067554789807,2.7443793721693477,2.610819040996243,1.3168461254726784,2.9497377912724945,-0.17225824,0.9441379,-0.1672648,-8.535805,0.6863558,0.94434506,1.5433685,-0.1672648,0.5139813,-0.17225824,0.8782599,0.922034,-1.0978961,0.8743958,0.922034,0.8083067554789807,0.978678395726708,-0.34411055430378834,0.9336993923873435,1.008021821540573
2012-10-15 11:00:00,-2.0531218,-2.6042104,0.0,0.0,-2.2949421,-3.1890175,-6.0469155,-10.297055,-1.0066763,-1.4705381,-1.3150234,-2.115937,-2.7986507,-3.6898353,-2.2949421,-3.1890175,-2.6892557,0.0,0.0,0.0,-2.0531218,-2.6042104,-2.3002245,0.0,-1.5197667,-1.4945468,0.0,-1.5197667,0.0,-2.0234754,-2.3025918,0.0,-2.0234754,0.0,-1.7456731,-1.5777869,0.0,-1.7231983,1.0893817,2.403618,0.28759238,0.89980006,1.2657555,2.7097561,1.6808157,3.3893762,1.0533212,1.8280067,2.0123873,3.4126995,2.0705886,3.7362177,1.2657555,2.7097561,2.422915,0.084918045,0.5380257,0.44346344,1.0893817,2.403618,2.1951568,0.28615153,1.7387038,1.3408873,0.4785301,1.7387038,0.9668177,3.0184314,2.4197106,1.117098,3.0184314,0.9158943,3.1227517,2.5263352,0.93255746,3.050228,279.0592,279.0592,272.2726,272.2726,279.61624,279.61624,280.62708,280.62708,278.6506,278.6506,283.4494,283.4494,285.9044,285.9044,279.61624,279.61624,279.61624,270.565,270.565,270.565,279.0592,279.0592,279.0592,271.75662,281.86053,279.20093,272.9679,281.86053,271.75662,281.86053,279.20093,272.9679,281.86053,271.75662,281.86053,279.20093,272.9679,281.86053,2.716921,0.0,3.0747032,11.107997,1.2819124,2.2138324,3.5609992,3.0747032,0.0,2.716921,0.0,2.131248,2.7989624,0.0,2.131248,0.0,1.8909532417093342,2.274631538513145,0.0,2.0725989869260135,2.4030359,0.90239835,2.7093384,3.3907852,1.8279469,3.4132557,3.7346447,2.7093384,0.54090965,2.4030359,0.9716738,3.0187573,2.4213338,1.1190742,3.0187573,0.8974011847551554,2.840548333613079,2.5708497703325133,1.1775882604407537,3.0502625772310474,-0.31388533,0.90239835,-0.36536494,-7.7172117,0.5460344,1.1994232,0.17364547,-0.36536494,0.54090965,-0.31388533,0.9716738,0.88750917,-0.37762845,1.1190742,0.88750917,0.8974011847551554,0.9495950919037448,0.29621823181936824,1.1775882604407537,0.9776635903050339
2012-10-15 12:00:00,-2.3647485,-3.0295591,0.0,0.0,-2.413123,-3.365758,-5.844579,-9.915538,-1.2063851,-1.7326386,-1.261054,-2.0323353,-3.142942,-4.0308943,-2.413123,-3.365758,-2.850822,0.0,0.0,0.0,-2.3647485,-3.0295591,-2.7071905,0.0,-1.0722632,-1.2352601,0.0,-1.0722632,0.0,-1.4472587,-1.8982601,0.0,-1.4472587,0.0,-1.2366775,-1.2901932,0.0,-1.222129,1.1850238,2.5253606,0.29450762,0.91345716,1.3215961,2.7865412,1.5972332,3.2590199,1.0626954,1.8413742,2.0263097,3.4319491,2.066195,3.7301521,1.3215961,2.7865412,2.4966843,0.0537363,0.48901063,0.3868328,1.1850238,2.5253606,2.3210604,0.27925032,1.7753977,1.2506366,0.37278447,1.7753977,0.95435476,3.0622284,2.3006332,0.94346356,3.0622284,0.9027842,3.1713505,2.4101806,0.707354,3.0936756,279.70502,279.70502,272.34866,272.34866,279.98468,279.98468,280.08524,280.08524,278.73166,278.73166,283.54382,283.54382,285.87616,285.87616,279.98468,279.98468,279.98468,270.17062,270.17062,270.17062,279.70502,279.70502,279.70502,271.69345,282.10544,278.517,271.96988,282.10544,271.69345,282.10544,278.517,271.96988,282.10544,271.69345,282.10544,278.517,271.96988,282.10544,3.1376698,0.0,3.2502604,10.74076,1.5101767,2.1263201,3.891167,3.2502604,0.0,3.1376698,0.0,1.5298538,2.3483222,0.0,1.5298538,0.0,1.3396374819968604,1.903867841442312,0.0,1.4878748909416089,2.524778,0.91593313,2.7861238,3.260429,1.841314,3.4325054,3.7285788,2.7861238,0.49220496,2.524778,0.9593661,3.0625546,2.3022563,0.94635135,3.0625546,0.8856625641325546,2.8821098563437557,2.412673657875362,1.0038764669574145,3.093706564915757,-0.61289185,0.91593313,-0.4641366,-7.480331,0.3311373,1.3061852,-0.16258802,-0.4641366,0.49220496,-0.61289185,0.9593661,1.5327007,-0.046065785,0.94635135,1.5327007,0.8856625641325546,1.5424723743468953,0.50880581643305,1.0038764669574145,1.605831673974148
2012-10-15 13:00:00,-2.0466516,-2.655585,0.0,0.0,-2.4242053,-3.3887992,-5.2195153,-8.884758,-2.0523233,-2.7970047,-0.9550361,-1.5513735,-3.3725138,-4.307252,-2.4242053,-3.3887992,-2.87259,0.0,0.0,0.0,-2.0466516,-2.655585,-2.342646,0.0,-0.6742314,-1.0433837,0.0,-0.6742314,0.0,-0.91894895,-1.5930924,0.0,-0.91894895,0.0,-0.77859116,-1.0789828,0.0,-0.77001876,1.1899728,2.5316598,0.32837072,0.98033404,1.3419335,2.814507,1.5487311,3.1833756,1.1422979,1.9548838,2.0537636,3.4699073,2.1809022,3.8885198,1.3419335,2.814507,2.5235515,0.08092712,0.53175235,0.43621534,1.1899728,2.5316598,2.327575,0.25347263,1.7508618,1.1618276,0.28302217,1.7508618,0.90780246,3.0329432,2.1834579,0.7960737,3.0329432,0.8538145,3.1388545,2.2958815,0.5161897,3.064624,279.73843,279.73843,272.72107,272.72107,280.11887,280.11887,279.7708,279.7708,279.41995,279.41995,283.73,283.73,286.61316,286.61316,280.11887,280.11887,280.11887,270.51453,270.51453,270.51453,279.73843,279.73843,279.73843,271.4575,281.94168,277.844,271.1227,281.94168,271.4575,281.94168,277.844,271.1227,281.94168,271.4575,281.94168,277.844,271.1227,281.94168,2.7636938,0.0,3.275306,9.710895,2.452257,1.6261746,4.167736,3.275306,0.0,2.7636938,0.0,0.9770742,2.004715,0.0,0.9770742,0.0,0.8452635385317179,1.6278368494697801,0.0,0.950695073157868,2.5310771,0.98221123,2.814089,3.1847847,1.9548236,3.4704635,3.886947,2.814089,0.53467596,2.5310771,0.91339344,3.033269,2.185081,0.79973525,3.033269,0.8418156971499704,2.8543193104281404,2.2570242978281727,0.8564209005843758,3.0646572891629655,-0.23261645,0.98221123,-0.4612169,-6.5261097,-0.49743325,1.8442891,-0.2807892,-0.4612169,0.53467596,-0.23261645,0.91339344,2.0561948,0.18036611,0.79973525,2.0561948,0.8418156971499704,2.0090557718964224,0.6291874483583926,0.8564209005843758,2.1139622160050973
2012-10-15 14:00:00,-2.010524,-2.617418,0.0,0.0,-1.876921,-2.6868412,-4.1200323,-7.0896406,-1.9945849,-2.7594147,-0.54504967,-0.89455235,-3.4501657,-4.419269,-1.876921,-2.6868412,-2.257338,0.0,0.0,0.0,-2.010524,-2.617418,-2.306151,0.0,-0.43887112,-0.592054,0.0,-0.43887112,0.0,-0.60041887,-0.8636839,0.0,-0.60041887,0.0,-0.5056993,-0.58873224,0.0,-0.500258,1.2007383,2.5453632,0.33521944,0.9938596,1.4060764,2.9027085,1.5273731,3.150065,1.183652,2.0138528,2.0858927,3.51433,2.2646074,4.004086,1.4060764,2.9027085,2.608289,0.039152823,0.46608663,0.36034703,1.2007383,2.5453632,2.3417468,0.24868512,1.674909,0.92143136,0.22998929,1.674909,0.8991567,2.942287,1.8662775,0.7089937,2.942287,0.84471965,3.03826,1.9864866,0.40324706,2.974691,279.81113,279.81113,272.7964,272.7964,280.54208,280.54208,279.63235,279.63235,279.77753,279.77753,283.9479,283.9479,287.15097,287.15097,280.54208,280.54208,280.54208,269.98618,269.98618,269.98618,279.81113,279.81113,279.81113,271.41367,281.43475,276.02225,270.6222,281.43475,271.41367,281.43475,276.02225,270.6222,281.43475,271.41367,281.43475,276.02225,270.6222,281.43475,2.7247434,0.0,2.6182668,7.871144,2.4321234,0.94021815,4.2828717,2.6182668,0.0,2.7247434,0.0,0.64273244,1.1499833,0.0,0.64273244,0.0,0.5510794451963011,0.9400271052999178,0.0,0.6258335543844737,2.5447805,0.99561566,2.9022906,3.1514742,2.013793,3.5148861,4.002513,2.9022906,0.4694261,2.5447805,0.9048553,2.9426126,1.8679004,0.71311235,2.9426126,0.8336723835199921,2.7682908426301003,1.8356989204184344,0.7693020697456074,2.97473229484138,-0.17996272,0.99561566,0.28402394,-4.7196693,-0.41833055,2.574668,-0.28035894,0.28402394,0.4694261,-0.17996272,0.9048553,2.2998803,0.7179172,0.71311235,2.2998803,0.8336723835199921,2.217211397433799,0.8956718151185166,0.7693020697456074,2.3488987404569066
2012-10-15 15:00:00,-1.2016785,-1.6057467,0.0,0.0,-1.5842912,-2.2856588,-2.4132192,-4.2218695,-1.2100978,-1.7646602,-0.27272063,-0.45049006,-2.34583,-3.2468746,-1.5842912,-2.2856588,-1.9085696,0.0,0.0,0.0,-1.2016785,-1.6057467,-1.3683871,0.0,-0.4128382,-0.05788807,0.0,-0.4128382,0.0,-0.5619563,-0.080350116,0.0,-0.5619563,0.0,-0.47206655,-0.054110847,0.0,-0.46674392,1.1969509,2.540542,0.3299025,0.9833592,1.4018769,2.8969338,1.4944435,3.0987084,1.1328883,1.9414663,2.0598474,3.4783192,2.2146637,3.9351323,1.4018769,2.8969338,2.602741,0.0,0.4030798,0.2875506,1.1969509,2.540542,2.336761,0.23709983,1.5428656,0.6013677,0.20083266,1.5428656,0.8782347,2.7846825,1.4439826,0.66111857,2.7846825,0.8227112,2.8633783,1.5745575,0.34115303,2.8183434,279.78555,279.78555,272.7379,272.7379,280.51437,280.51437,279.41888,279.41888,279.3386,279.3386,283.77127,283.77127,286.83008,286.83008,280.51437,280.51437,280.51437,269.47922,269.47922,269.47922,279.78555,279.78555,279.78555,271.30762,280.55347,273.59677,270.34702,280.55347,271.30762,280.55347,273.59677,270.34702,280.55347,271.30762,280.55347,273.59677,270.34702,280.55347,1.6947842,0.0,2.233839,4.817003,1.5524668,0.4753121,3.141043,2.233839,0.0,1.6947842,0.0,0.606248,0.11755793,0.0,0.606248,0.0,0.5175289979398671,0.09594394465838611,0.0,0.5909498052647943,2.5399597,0.9852093,2.8965156,3.1001174,1.9414062,3.4788752,3.933559,2.8965156,0.40681818,2.5399597,0.8841938,2.785008,1.4456059,0.6654885,2.785008,0.8139662450351911,2.6187315088710355,1.2747457694716013,0.7214055696740769,2.818398902148662,0.8451755,0.9852093,0.6626766,-1.7168854,0.38893947,3.0035632,0.7925158,0.6626766,0.40681818,0.8451755,0.8841938,2.17876,1.3280479,0.6654885,2.17876,0.8139662450351911,2.1012025109311683,1.1788018248132153,0.7214055696740769,2.227449096883868
2012-10-15 16:00:00,-0.30663356,-0.4180919,0.0,0.0,-0.46567202,-0.6874098,-0.18400289,-0.3275774,-0.5031654,-0.77176094,-0.025504155,-0.04232314,-0.81316435,-1.264848,-0.46567202,-0.6874098,-0.55643016,0.0,0.0,0.0,-0.30663356,-0.4180919,-0.33961874,0.0,-0.10970553,0.0,0.0,-0.10970553,0.0,-0.1484375,0.0,0.0,-0.1484375,0.0,-0.122766815,0.0,0.0,-0.121264,1.1555114,2.4877942,0.30632904,0.9368035,1.3303334,2.7985556,1.3888955,2.9340944,1.0386176,1.8070403,1.8360685,3.168917,2.0336926,3.685278,1.3303334,2.7985556,2.508227,0.0,0.3288688,0.20180927,1.1555114,2.4877942,2.28221,0.2141359,1.2912989,0.41766465,0.18461661,1.2912989,0.83676386,2.484416,1.2016037,0.63449174,2.484416,0.7790868,2.5301955,1.338128,0.30661812,2.5204723,279.50574,279.50574,272.47867,272.47867,280.04233,280.04233,278.73465,278.73465,278.52347,278.52347,282.25363,282.25363,285.66733,285.66733,280.04233,280.04233,280.04233,268.8821,268.8821,268.8821,279.50574,279.50574,279.50574,271.0974,278.87445,272.20465,270.19397,278.87445,271.0974,278.87445,272.20465,270.19397,278.87445,271.0974,278.87445,272.20465,270.19397,278.87445,0.4505214,0.0,0.6794657,0.39309922,0.6741786,0.045274444,1.2163943,0.6794657,0.0,0.4505214,0.0,0.16397269,0.0,0.0,0.16397269,0.0,0.13659464262999965,0.0,0.0,0.16031021543818874,2.4872117,0.93907046,2.798138,2.9355035,1.8069803,3.1694734,3.6837046,2.798138,0.3613631,2.4872117,0.84323937,2.4847414,1.2037648,0.6390015,2.4847414,0.7749055596011456,2.33379295963784,0.9533206339201478,0.6947668929679965,2.5205545015957163,2.0366902,0.93907046,2.1186721,2.5424042,1.1328017,3.124199,2.4673104,2.1186721,0.3613631,2.0366902,0.84323937,2.3207688,1.2037648,0.6390015,2.3207688,0.7749055596011456,2.1971983170078406,0.9533206339201478,0.6947668929679965,2.3602442861575277
2012-10-15 17:00:00,0.0,0.0,0.0,0.0,0.0,0.0,0.0,0.0,0.0,0.0,0.0,0.0,0.0,0.0,0.0,0.0,0.0,0.0,0.0,0.0,0.0,0.0,0.0,0.0,0.0,0.0,0.0,0.0,0.0,0.0,0.0,0.0,0.0,0.0,0.0,0.0,0.0,0.0,1.0980185,2.414612,0.28663772,0.89791477,1.1784496,2.5897033,1.3789768,2.9186249,0.9193834,1.6370174,1.4449614,2.6281638,1.7716565,3.3235037,1.1784496,2.5897033,2.3075767,0.0,0.25353897,0.11477521,1.0980185,2.414612,2.2065265,0.20171043,0.9641628,0.31230837,0.1886197,0.9641628,0.8143246,2.0939517,1.0625955,0.64106476,2.0939517,0.7554823,2.096927,1.202532,0.31514338,2.1331224,279.11752,279.11752,272.26212,272.26212,279.0402,279.0402,278.67035,278.67035,277.4925,277.4925,279.6012,279.6012,283.98373,283.98373,279.0402,279.0402,279.0402,268.276,268.276,268.276,279.11752,279.11752,279.11752,270.98367,276.69107,271.40625,270.23175,276.69107,270.98367,276.69107,271.40625,270.23175,276.69107,270.98367,276.69107,271.40625,270.23175,276.69107,0.0,0.0,0.0,0.0,0.0,0.0,0.0,0.0,0.0,0.0,0.0,0.0,0.0,0.0,0.0,0.0,0.0,0.0,0.0,0.0,2.4140296,0.90053,2.5892854,2.920034,1.6369574,2.62872,3.3219304,2.5892854,0.32745937,2.4140296,0.8210795,2.0942771,1.0652114,0.64554006,2.0942771,0.7537703716492455,1.9632609791062152,0.7691246030089234,0.7013429012954396,2.1332398475268577,2.4140296,0.90053,2.5892854,2.920034,1.6369574,2.62872,3.3219304,2.5892854,0.32745937,2.4140296,0.8210795,2.0942771,1.0652114,0.64554006,2.0942771,0.7537703716492455,1.9632609791062152,0.7691246030089234,0.7013429012954396,2.1332398475268577
2012-10-15 18:00:00,0.0,0.0,0.0,0.0,0.0,0.0,0.0,0.0,0.0,0.0,0.0,0.0,0.0,0.0,0.0,0.0,0.0,0.0,0.0,0.0,0.0,0.0,0.0,0.0,0.0,0.0,0.0,0.0,0.0,0.0,0.0,0.0,0.0,0.0,0.0,0.0,0.0,0.0,1.063973,2.3712757,0.2747969,0.8745301,0.84250325,2.1277514,1.380356,2.9207764,0.8707479,1.5676655,1.1479424,2.2174988,1.665333,3.17671,0.84250325,2.1277514,1.8637674,0.0,0.20287783,0.056242727,1.063973,2.3712757,2.1617086,0.19093527,0.88642204,0.4598039,0.14008144,0.88642204,0.7948656,2.0011613,1.2572024,0.5613649,2.0011613,0.73501277,1.9939647,1.3923621,0.21177272,2.0410724,278.88763,278.88763,272.1319,272.1319,276.8236,276.8236,278.6793,278.6793,277.07196,277.07196,277.58685,277.58685,283.3006,283.3006,276.8236,276.8236,276.8236,267.86838,267.86838,267.86838,278.88763,278.88763,278.88763,270.88504,276.1722,272.524,269.77365,276.1722,270.88504,276.1722,272.524,269.77365,276.1722,270.88504,276.1722,272.524,269.77365,276.1722,0.0,0.0,0.0,0.0,0.0,0.0,0.0,0.0,0.0,0.0,0.0,0.0,0.0,0.0,0.0,0.0,0.0,0.0,0.0,0.0,2.3706932,0.8773547,2.1273334,2.9221852,1.5676055,2.218055,3.1751368,2.1273334,0.30656287,2.3706932,0.8018628,2.001487,1.259182,0.56625855,2.001487,0.7354422451505761,1.8752075199826053,1.0269934138091106,0.621607472375206,2.041198143026491,2.3706932,0.8773547,2.1273334,2.9221852,1.5676055,2.218055,3.1751368,2.1273334,0.30656287,2.3706932,0.8018628,2.001487,1.259182,0.56625855,2.001487,0.7354422451505761,1.8752075199826053,1.0269934138091106,0.621607472375206,2.041198143026491
2012-10-15 19:00:00,0.0,0.0,0.0,0.0,0.0,0.0,0.0,0.0,0.0,0.0,0.0,0.0,0.0,0.0,0.0,0.0,0.0,0.0,0.0,0.0,0.0,0.0,0.0,0.0,0.0,0.0,0.0,0.0,0.0,0.0,0.0,0.0,0.0,0.0,0.0,0.0,0.0,0.0,1.0316042,2.3300738,0.26404104,0.8532881,0.78075147,2.0428379,1.370197,2.9049323,0.85387033,1.5435988,1.1411476,2.2081041,1.5773194,3.0551963,0.78075147,2.0428379,1.7821888,0.0,0.13812628,0.0,1.0316042,2.3300738,2.1190982,0.15840971,0.971529,0.47645587,0.06875335,0.971529,0.73612744,2.1027439,1.2791731,0.4442441,2.1027439,0.67322433,2.1066828,1.4137936,0.05986735,2.1418445,278.66907,278.66907,272.0136,272.0136,276.41617,276.41617,278.61343,278.61343,276.92603,276.92603,277.54077,277.54077,282.7351,282.7351,276.41617,276.41617,276.41617,267.34738,267.34738,267.34738,278.66907,278.66907,278.66907,270.5873,276.74023,272.65018,269.10046,276.74023,270.5873,276.74023,272.65018,269.10046,276.74023,270.5873,276.74023,272.65018,269.10046,276.74023,0.0,0.0,0.0,0.0,0.0,0.0,0.0,0.0,0.0,0.0,0.0,0.0,0.0,0.0,0.0,0.0,0.0,0.0,0.0,0.0,2.3294911,0.856303,2.04242,2.9063413,1.5435386,2.2086604,3.053623,2.04242,0.27985442,2.3294911,0.7438559,2.1030693,1.2810808,0.4731439,2.1030693,0.6801176157814488,1.9716043576880369,1.0561062716876335,0.5044530823818872,2.141961126549919,2.3294911,0.856303,2.04242,2.9063413,1.5435386,2.2086604,3.053623,2.04242,0.27985442,2.3294911,0.7438559,2.1030693,1.2810808,0.4731439,2.1030693,0.6801176157814488,1.9716043576880369,1.0561062716876335,0.5044530823818872,2.141961126549919
2012-10-15 20:00:00,0.0,0.0,0.0,0.0,0.0,0.0,0.0,0.0,0.0,0.0,0.0,0.0,0.0,0.0,0.0,0.0,0.0,0.0,0.0,0.0,0.0,0.0,0.0,0.0,0.0,0.0,0.0,0.0,0.0,0.0,0.0,0.0,0.0,0.0,0.0,0.0,0.0,0.0,1.0042158,2.2952113,0.2607249,0.8467391,0.7213309,1.9611298,1.3373384,2.8536851,0.8416092,1.5261146,1.2357306,2.3388767,1.5682759,3.0427105,0.7213309,1.9611298,1.7036895,0.0,0.081161395,0.0,1.0042158,2.2952113,2.083044,0.123623766,1.0462886,0.42581543,0.031099062,1.0462886,0.67330706,2.1919756,1.2123576,0.38241577,2.1919756,0.60714173,2.2056966,1.3486181,0.0,2.2303646,278.48413,278.48413,271.97714,271.97714,276.0241,276.0241,278.40042,278.40042,276.82,276.82,278.18222,278.18222,282.677,282.677,276.0241,276.0241,276.0241,266.88904,266.88904,266.88904,278.48413,278.48413,278.48413,270.2689,277.2392,272.26642,268.7451,277.2392,270.2689,277.2392,272.26642,268.7451,277.2392,270.2689,277.2392,272.26642,268.7451,277.2392,0.0,0.0,0.0,0.0,0.0,0.0,0.0,0.0,0.0,0.0,0.0,0.0,0.0,0.0,0.0,0.0,0.0,0.0,0.0,0.0,2.2946289,0.84981257,1.9607118,2.8550944,1.5260547,2.3394327,3.0411372,1.9607118,0.2563578,2.2946289,0.68181777,2.1923013,1.2144839,0.44332388,2.1923013,0.6209481628460782,2.0562811049337157,0.9675707970026459,0.44332387637528337,2.2304731762253103,2.2946289,0.84981257,1.9607118,2.8550944,1.5260547,2.3394327,3.0411372,1.9607118,0.2563578,2.2946289,0.68181777,2.1923013,1.2144839,0.44332388,2.1923013,0.6209481628460782,2.0562811049337157,0.9675707970026459,0.44332387637528337,2.2304731762253103
2012-10-15 21:00:00,0.0,0.0,0.0,0.0,0.0,0.0,0.0,0.0,0.0,0.0,0.0,0.0,0.0,0.0,0.0,0.0,0.0,0.0,0.0,0.0,0.0,0.0,0.0,0.0,0.0,0.0,0.0,0.0,0.0,0.0,0.0,0.0,0.0,0.0,0.0,0.0,0.0,0.0,0.97854495,2.2625353,0.26261744,0.85047674,0.7011786,1.9334189,1.3174772,2.8227098,0.82688797,1.505123,1.2727464,2.3900557,1.5959908,3.0809743,0.7011786,1.9334189,1.6770672,0.0,0.05170229,0.0,0.97854495,2.2625353,2.049251,0.09041476,1.0852275,0.37044314,0.036877364,1.0852275,0.6133347,2.2384527,1.1392992,0.39190364,2.2384527,0.54405487,2.2572687,1.2773529,0.0,2.276471,278.3108,278.3108,271.99796,271.99796,275.89114,275.89114,278.27167,278.27167,276.69272,276.69272,278.43326,278.43326,282.85507,282.85507,275.89114,275.89114,275.89114,266.652,266.652,266.652,278.3108,278.3108,278.3108,269.9649,277.49908,271.8468,268.79962,277.49908,269.9649,277.49908,271.8468,268.79962,277.49908,269.9649,277.49908,271.8468,268.79962,277.49908,0.0,0.0,0.0,0.0,0.0,0.0,0.0,0.0,0.0,0.0,0.0,0.0,0.0,0.0,0.0,0.0,0.0,0.0,0.0,0.0,2.2619526,0.85351676,1.9330009,2.8241186,1.5050629,2.390612,3.0794013,1.9330009,0.24420662,2.2619526,0.62259203,2.238778,1.1416641,0.44789994,2.238778,0.5644610130771281,2.100385519584737,0.8707626238878483,0.452109706778361,2.276575232190792,2.2619526,0.85351676,1.9330009,2.8241186,1.5050629,2.390612,3.0794013,1.9330009,0.24420662,2.2619526,0.62259203,2.238778,1.1416641,0.44789994,2.238778,0.5644610130771281,2.100385519584737,0.8707626238878483,0.452109706778361,2.276575232190792
2012-10-15 22:00:00,0.0,0.0,0.0,0.0,0.0,0.0,0.0,0.0,0.0,0.0,0.0,0.0,0.0,0.0,0.0,0.0,0.0,0.0,0.0,0.0,0.0,0.0,0.0,0.0,0.0,0.0,0.0,0.0,0.0,0.0,0.0,0.0,0.0,0.0,0.0,0.0,0.0,0.0,0.95325375,2.2303421,0.26079985,0.84688705,0.7043885,1.9378327,1.2666545,2.7434459,0.816582,1.4904271,1.2635443,2.377332,1.5287957,2.9882028,0.7043885,1.9378327,1.6813077,0.0,0.05078827,0.0,0.95325375,2.2303421,2.0159574,0.026200466,1.0951041,0.35952175,0.057830524,1.0951041,0.4973694,2.250241,1.1248894,0.42630884,2.250241,0.42206755,2.2703493,1.2632968,0.036605325,2.288165,278.14,278.14,271.97797,271.97797,275.91232,275.91232,277.9422,277.9422,276.6036,276.6036,278.37085,278.37085,282.42334,282.42334,275.91232,275.91232,275.91232,266.64465,266.64465,266.64465,278.14,278.14,278.14,269.3771,277.565,271.76404,268.99738,277.565,269.3771,277.565,271.76404,268.99738,277.565,269.3771,277.565,271.76404,268.99738,277.565,0.0,0.0,0.0,0.0,0.0,0.0,0.0,0.0,0.0,0.0,0.0,0.0,0.0,0.0,0.0,0.0,0.0,0.0,0.0,0.0,2.2297597,0.84995925,1.9374149,2.744855,1.4903672,2.3778887,2.9866297,1.9374149,0.2438296,2.2297597,0.50807065,2.2505667,1.1273015,0.46449366,2.2505667,0.4552351329747541,2.1115721724318726,0.851668531852406,0.48651679481963206,2.2882685671937795,2.2297597,0.84995925,1.9374149,2.744855,1.4903672,2.3778887,2.9866297,1.9374149,0.2438296,2.2297597,0.50807065,2.2505667,1.1273015,0.46449366,2.2505667,0.4552351329747541,2.1115721724318726,0.851668531852406,0.48651679481963206,2.2882685671937795
2012-10-15 23:00:00,0.0,0.0,0.0,0.0,0.0,0.0,0.0,0.0,0.0,0.0,0.0,0.0,0.0,0.0,0.0,0.0,0.0,0.0,0.0,0.0,0.0,0.0,0.0,0.0,0.0,0.0,0.0,0.0,0.0,0.0,0.0,0.0,0.0,0.0,0.0,0.0,0.0,0.0,0.92365074,2.1926606,0.25129277,0.8281114,0.6560269,1.8713316,1.3041219,2.8018806,0.82363737,1.5004877,1.2588733,2.3708744,1.5642385,3.0371363,0.6560269,1.8713316,1.6174185,0.0,0.04990451,0.0,0.92365074,2.1926606,1.9769882,0.0,1.0740982,0.3696217,0.07589941,1.0740982,0.38275883,2.2251687,1.1382153,0.45597798,2.2251687,0.3015052,2.2425284,1.2762957,0.0750861,2.263293,277.94012,277.94012,271.8734,271.8734,275.59323,275.59323,278.1851,278.1851,276.6646,276.6646,278.33917,278.33917,282.65106,282.65106,275.59323,275.59323,275.59323,266.63754,266.63754,266.63754,277.94012,277.94012,277.94012,268.79617,277.4248,271.84058,269.1679,277.4248,268.79617,277.4248,271.84058,269.1679,277.4248,268.79617,277.4248,271.84058,269.1679,277.4248,0.0,0.0,0.0,0.0,0.0,0.0,0.0,0.0,0.0,0.0,0.0,0.0,0.0,0.0,0.0,0.0,0.0,0.0,0.0,0.0,2.1920784,0.83135164,1.8709139,2.8032897,1.5004277,2.3714306,3.035563,1.8709139,0.24346507,2.1920784,0.4619397,2.2254944,1.1405838,0.4788032,2.2254944,0.41433778328714593,2.087779819107918,0.8693263426285452,0.5161875985194194,2.2633985759883513,2.1920784,0.83135164,1.8709139,2.8032897,1.5004277,2.3714306,3.035563,1.8709139,0.24346507,2.1920784,0.4619397,2.2254944,1.1405838,0.4788032,2.2254944,0.41433778328714593,2.087779819107918,0.8693263426285452,0.5161875985194194,2.2633985759883513
2012-11-11 00:00:00,0.0,0.0,0.0,0.0,0.0,0.0,0.0,0.0,0.0,0.0,0.0,0.0,0.0,0.0,0.0,0.0,0.0,0.0,0.0,0.0,0.0,0.0,0.0,0.0,0.0,0.0,0.0,0.0,0.0,0.0,0.0,0.0,0.0,0.0,0.0,0.0,0.0,0.0,1.1986547,2.542711,0.45091683,1.2223526,1.3892314,2.879545,1.2557658,2.7264638,1.1711297,1.9959967,1.6258161,2.8782177,1.5108082,2.963369,1.3892314,2.879545,2.5860355,0.14363807,0.6303285,0.55010766,1.1986547,2.542711,2.3390038,0.7463668,1.2322043,0.87557906,0.65322715,1.2322043,1.797925,2.413882,1.8057793,1.4039507,2.413882,1.7901614,2.451929,1.9274735,1.304605,2.4505007,279.79706,279.79706,274.06876,274.06876,280.43094,280.43094,277.8716,277.8716,279.66925,279.66925,280.82773,280.82773,282.30777,282.30777,280.43094,280.43094,280.43094,271.30768,271.30768,271.30768,279.79706,279.79706,279.79706,275.9693,278.48004,275.67477,274.61667,278.48004,275.9693,278.48004,275.67477,274.61667,278.48004,275.9693,278.48004,275.67477,274.61667,278.48004,0.0,0.0,0.0,0.0,0.0,0.0,0.0,0.0,0.0,0.0,0.0,0.0,0.0,0.0,0.0,0.0,0.0,0.0,0.0,0.0,2.5421286,1.22354,2.8791273,2.727873,1.9959365,2.8787737,2.9617958,2.8791273,0.632628,2.5421286,1.7993585,2.4142075,1.8074026,1.4057606,2.4142075,1.687133811335645,2.266859486769146,1.755336901033439,1.465908419540471,2.4505893804945083,2.5421286,1.22354,2.8791273,2.727873,1.9959365,2.8787737,2.9617958,2.8791273,0.632628,2.5421286,1.7993585,2.4142075,1.8074026,1.4057606,2.4142075,1.687133811335645,2.266859486769146,1.755336901033439,1.465908419540471,2.4505893804945083
2012-11-11 01:00:00,0.0,0.0,0.0,0.0,0.0,0.0,0.0,0.0,0.0,0.0,0.0,0.0,0.0,0.0,0.0,0.0,0.0,0.0,0.0,0.0,0.0,0.0,0.0,0.0,0.0,0.0,0.0,0.0,0.0,0.0,0.0,0.0,0.0,0.0,0.0,0.0,0.0,0.0,1.1976287,2.541405,0.4955192,1.3104384,1.3894024,2.8797803,1.2620975,2.736339,1.2208203,2.0668535,1.7069669,2.9904187,1.5357636,2.9978232,1.3894024,2.8797803,2.5862615,0.15399659,0.6466113,0.5689203,1.1976287,2.541405,2.3376532,0.74005574,1.308747,0.9679159,0.6723211,1.308747,1.7865278,2.5052423,1.9276092,1.435303,2.5052423,1.778172,2.5533042,2.046313,1.3452687,2.5411322,279.79013,279.79013,274.55927,274.55927,280.43207,280.43207,277.91266,277.91266,280.0989,280.0989,281.37808,281.37808,282.4681,282.4681,280.43207,280.43207,280.43207,271.4387,271.4387,271.4387,279.79013,279.79013,279.79013,275.91153,278.9909,276.3745,274.79688,278.9909,275.91153,278.9909,276.3745,274.79688,278.9909,275.91153,278.9909,276.3745,274.79688,278.9909,0.0,0.0,0.0,0.0,0.0,0.0,0.0,0.0,0.0,0.0,0.0,0.0,0.0,0.0,0.0,0.0,0.0,0.0,0.0,0.0,2.5408225,1.3116258,2.8793626,2.737748,2.0667932,2.9909747,2.99625,2.8793626,0.64880764,2.5408225,1.7879612,2.5055678,1.9292325,1.4371129,2.5055678,1.6762570203698086,2.3535560463344463,1.9171690407206472,1.4974391849248498,2.541212726767662,2.5408225,1.3116258,2.8793626,2.737748,2.0667932,2.9909747,2.99625,2.8793626,0.64880764,2.5408225,1.7879612,2.5055678,1.9292325,1.4371129,2.5055678,1.6762570203698086,2.3535560463344463,1.9171690407206472,1.4974391849248498,2.541212726767662
2012-11-11 02:00:00,0.0,0.0,0.0,0.0,0.0,0.0,0.0,0.0,0.0,0.0,0.0,0.0,0.0,0.0,0.0,0.0,0.0,0.0,0.0,0.0,0.0,0.0,0.0,0.0,0.0,0.0,0.0,0.0,0.0,0.0,0.0,0.0,0.0,0.0,0.0,0.0,0.0,0.0,1.2032012,2.5484986,0.53050625,1.3795347,1.3750781,2.860083,1.2653128,2.7413535,1.2726781,2.1408,1.7944267,3.1113422,1.5567623,3.026815,1.3750781,2.860083,2.5673378,0.17797102,0.684297,0.6124614,1.2032012,2.5484986,2.344989,0.7614794,1.3924869,1.0753058,0.7146251,1.3924869,1.825217,2.6051927,2.0693007,1.5047662,2.6051927,1.8188703,2.6642122,2.1845262,1.4353626,2.6402855,279.82776,279.82776,274.94403,274.94403,280.33755,280.33755,277.9335,277.9335,280.5473,280.5473,281.97122,281.97122,282.60303,282.60303,280.33755,280.33755,280.33755,271.7419,271.7419,271.7419,279.82776,279.82776,279.82776,276.10764,279.5498,277.18832,275.19614,279.5498,276.10764,279.5498,277.18832,275.19614,279.5498,276.10764,279.5498,277.18832,275.19614,279.5498,0.0,0.0,0.0,0.0,0.0,0.0,0.0,0.0,0.0,0.0,0.0,0.0,0.0,0.0,0.0,0.0,0.0,0.0,0.0,0.0,2.547916,1.3807223,2.8596654,2.7427626,2.1407402,3.1118984,3.0252414,2.8596654,0.68625486,2.547916,1.8266504,2.6055183,2.0709236,1.5065762,2.6055183,1.713179502539099,2.4484043612615016,2.10538386339232,1.567298118629139,2.640357049566139,2.547916,1.3807223,2.8596654,2.7427626,2.1407402,3.1118984,3.0252414,2.8596654,0.68625486,2.547916,1.8266504,2.6055183,2.0709236,1.5065762,2.6055183,1.713179502539099,2.4484043612615016,2.10538386339232,1.567298118629139,2.640357049566139
2012-11-11 03:00:00,0.0,0.0,0.0,0.0,0.0,0.0,0.0,0.0,0.0,0.0,0.0,0.0,0.0,0.0,0.0,0.0,0.0,0.0,0.0,0.0,0.0,0.0,0.0,0.0,0.0,0.0,0.0,0.0,0.0,0.0,0.0,0.0,0.0,0.0,0.0,0.0,0.0,0.0,1.2110698,2.5585139,0.5567492,1.4313626,1.3406708,2.8127708,1.2651056,2.7410305,1.3150135,2.2011685,1.9009341,3.2586017,1.5644997,3.037497,1.3406708,2.8127708,2.5218835,0.20052186,0.719745,0.653417,1.2110698,2.5585139,2.3553474,0.7607959,1.4686321,1.1837268,0.78335994,1.4686321,1.8239827,2.6960783,2.2123518,1.6176289,2.6960783,1.8175721,2.7650611,2.3240664,1.5817454,2.7304463,279.8809,279.8809,275.23264,275.23264,280.11053,280.11053,277.93216,277.93216,280.91336,280.91336,282.69354,282.69354,282.65274,282.65274,280.11053,280.11053,280.11053,272.02713,272.02713,272.02713,279.8809,279.8809,279.8809,276.10138,280.058,278.00995,275.84485,280.058,276.10138,280.058,278.00995,275.84485,280.058,276.10138,280.058,278.00995,275.84485,280.058,0.0,0.0,0.0,0.0,0.0,0.0,0.0,0.0,0.0,0.0,0.0,0.0,0.0,0.0,0.0,0.0,0.0,0.0,0.0,0.0,2.5579317,1.4325502,2.8123527,2.7424395,2.2011085,3.2591581,3.0359237,2.8123527,0.7214784,2.5579317,1.8254162,2.6964037,2.213975,1.6194389,2.6964037,1.712001614452466,2.534650347309348,2.295405525776144,1.6808035343405257,2.7305094142905606,2.5579317,1.4325502,2.8123527,2.7424395,2.2011085,3.2591581,3.0359237,2.8123527,0.7214784,2.5579317,1.8254162,2.6964037,2.213975,1.6194389,2.6964037,1.712001614452466,2.534650347309348,2.295405525776144,1.6808035343405257,2.7305094142905606
2012-11-11 04:00:00,0.0,0.0,0.0,0.0,0.0,0.0,0.0,0.0,0.0,0.0,0.0,0.0,0.0,0.0,0.0,0.0,0.0,0.0,0.0,0.0,0.0,0.0,0.0,0.0,0.0,0.0,0.0,0.0,0.0,0.0,0.0,0.0,0.0,0.0,0.0,0.0,0.0,0.0,1.2009325,2.5456104,0.5768652,1.4710898,1.3067769,2.7661638,1.0833706,2.4575944,1.3454758,2.2446067,1.9985589,3.3935804,1.5663238,3.0400155,1.3067769,2.7661638,2.477107,0.22816145,0.7631922,0.70361465,1.2009325,2.5456104,2.3420024,0.7421561,1.5389837,1.2822492,0.85779864,1.5389837,1.7903209,2.7800488,2.342343,1.7398574,2.7800488,1.7821622,2.8582368,2.4508667,1.7402751,2.813747,279.81244,279.81244,275.45386,275.45386,279.8869,279.8869,276.75403,276.75403,281.17676,281.17676,283.35562,283.35562,282.66446,282.66446,279.8869,279.8869,279.8869,272.3767,272.3767,272.3767,279.81244,279.81244,279.81244,275.93076,280.52756,278.75656,276.5474,280.52756,275.93076,280.52756,278.75656,276.5474,280.52756,275.93076,280.52756,278.75656,276.5474,280.52756,0.0,0.0,0.0,0.0,0.0,0.0,0.0,0.0,0.0,0.0,0.0,0.0,0.0,0.0,0.0,0.0,0.0,0.0,0.0,0.0,2.545028,1.4722773,2.7657459,2.4590034,2.2445467,3.3941367,3.038442,2.7657459,0.7646504,2.545028,1.7917542,2.7803745,2.3439662,1.7416673,2.7803745,1.6798768715628762,2.6143345328213976,2.4680787037362624,1.8037281321244008,2.8138027718627656,2.545028,1.4722773,2.7657459,2.4590034,2.2445467,3.3941367,3.038442,2.7657459,0.7646504,2.545028,1.7917542,2.7803745,2.3439662,1.7416673,2.7803745,1.6798768715628762,2.6143345328213976,2.4680787037362624,1.8037281321244008,2.8138027718627656
2012-11-11 05:00:00,0.0,0.0,0.0,0.0,0.0,0.0,0.0,0.0,0.0,0.0,0.0,0.0,0.0,0.0,0.0,0.0,0.0,0.0,0.0,0.0,0.0,0.0,0.0,0.0,0.0,0.0,0.0,0.0,0.0,0.0,0.0,0.0,0.0,0.0,0.0,0.0,0.0,0.0,1.1800297,2.5190034,0.6095711,1.5356814,1.3604763,2.8400044,0.99008566,2.3121064,1.3656112,2.2733185,2.0583715,3.4762783,1.5605717,3.0320737,1.3604763,2.8400044,2.5480478,0.2609864,0.8147902,0.76322967,1.1800297,2.5190034,2.314486,0.72204274,1.609267,1.3559406,0.92555046,1.609267,1.7539978,2.8639376,2.4395719,1.8511058,2.8639376,1.743953,2.9513216,2.545709,1.8845644,2.8969665,279.6713,279.6713,275.81354,275.81354,280.2412,280.2412,276.1493,276.1493,281.35086,281.35086,283.76126,283.76126,282.6275,282.6275,280.2412,280.2412,280.2412,272.79187,272.79187,272.79187,279.6713,279.6713,279.6713,275.74664,280.99664,279.315,277.18683,280.99664,275.74664,280.99664,279.315,277.18683,280.99664,275.74664,280.99664,279.315,277.18683,280.99664,0.0,0.0,0.0,0.0,0.0,0.0,0.0,0.0,0.0,0.0,0.0,0.0,0.0,0.0,0.0,0.0,0.0,0.0,0.0,0.0,2.518421,1.5368689,2.8395865,2.3135154,2.2732587,3.4768345,3.0305007,2.8395865,0.81592166,2.518421,1.7554312,2.8642633,2.4411952,1.8529159,2.8642633,1.6452124870425946,2.693941033244231,2.5972324533169777,1.9156102874332728,2.8970149257196733,2.518421,1.5368689,2.8395865,2.3135154,2.2732587,3.4768345,3.0305007,2.8395865,0.81592166,2.518421,1.7554312,2.8642633,2.4411952,1.8529159,2.8642633,1.6452124870425946,2.693941033244231,2.5972324533169777,1.9156102874332728,2.8970149257196733
2012-11-11 06:00:00,0.0,0.0,0.0,0.0,0.0,0.0,0.0,0.0,0.0,0.0,0.0,0.0,0.0,0.0,0.0,0.0,0.0,0.0,0.0,0.0,0.0,0.0,0.0,0.0,0.0,0.0,0.0,0.0,0.0,0.0,0.0,0.0,0.0,0.0,0.0,0.0,0.0,0.0,1.1824026,2.5220237,0.70589364,1.7259104,1.2837803,2.7345417,0.9767821,2.291358,1.3831488,2.2983267,2.0921025,3.5229154,1.5438383,3.008971,1.2837803,2.7345417,2.4467266,0.2947451,0.8678559,0.8245404,1.1824026,2.5220237,2.3176095,0.7070001,1.6743877,1.4103421,0.97897786,1.6743877,1.7268324,2.9416647,2.5113502,1.9388337,2.9416647,1.7153766,3.0375695,2.615725,1.998347,2.9740736,279.68732,279.68732,276.87283,276.87283,279.73517,279.73517,276.06305,276.06305,281.5025,281.5025,283.99002,283.99002,282.52,282.52,279.73517,279.73517,279.73517,273.21884,273.21884,273.21884,279.68732,279.68732,279.68732,275.60895,281.43127,279.72726,277.69107,281.43127,275.60895,281.43127,279.72726,277.69107,281.43127,275.60895,281.43127,279.72726,277.69107,281.43127,0.0,0.0,0.0,0.0,0.0,0.0,0.0,0.0,0.0,0.0,0.0,0.0,0.0,0.0,0.0,0.0,0.0,0.0,0.0,0.0,2.5214412,1.727098,2.7341237,2.292767,2.2982666,3.5234718,3.007398,2.7341237,0.86870563,2.5214412,1.7282658,2.9419906,2.5129733,1.9406437,2.9419906,1.619287457545577,2.7677004359520563,2.692578537971105,2.0038376941133897,2.9741151466051114,2.5214412,1.727098,2.7341237,2.292767,2.2982666,3.5234718,3.007398,2.7341237,0.86870563,2.5214412,1.7282658,2.9419906,2.5129733,1.9406437,2.9419906,1.619287457545577,2.7677004359520563,2.692578537971105,2.0038376941133897,2.9741151466051114
2012-11-11 07:00:00,-0.1075138,-0.14544088,-0.086236134,-0.1387121,-0.10296338,-0.14592962,-0.7217426,-1.2213647,-0.057579458,-0.0916891,-0.049270656,-0.07918604,-0.08572864,-0.14155987,-0.10296338,-0.14592962,-0.12019238,-0.0047350377,-0.0063531613,-0.0048402958,-0.1075138,-0.14544088,-0.12031971,-0.044714212,-0.04422713,-0.12527952,-0.24914035,-0.04422713,-0.06460554,-0.05970073,-0.19338197,-0.39966697,-0.05970073,-0.04642452,-0.04948235,-0.12366729,-0.25743562,-0.048603546,1.1944377,2.5373435,0.7317981,1.7770698,1.2811253,2.7308908,1.3447433,2.8652341,1.3964372,2.317275,2.1142554,3.553545,1.5404042,3.0042303,1.2811253,2.7308908,2.4432194,0.3050481,0.8840514,0.8432522,1.1944377,2.5373435,2.333453,0.7229561,1.7297554,1.438556,1.0075588,1.7297554,1.7556474,3.0077512,2.5485754,1.9857637,3.0077512,1.7456883,3.1109006,2.652037,2.059215,3.0396328,279.7686,279.7686,277.1577,277.1577,279.71765,279.71765,278.44843,278.44843,281.6174,281.6174,284.14026,284.14026,282.49792,282.49792,279.71765,279.71765,279.71765,273.34915,273.34915,273.34915,279.7686,279.7686,279.7686,275.755,281.8008,279.94107,277.96082,281.8008,275.755,281.8008,279.94107,277.96082,281.8008,275.755,281.8008,279.94107,277.96082,281.8008,0.15836994,0.16800074,0.14577815,1.4753935,0.08229641,0.08468896,0.13452671,0.14577815,0.009301186,0.15836994,0.085966036,0.06502645,0.24297081,0.5261643,0.06502645,0.05713556584753253,0.05357222248742047,0.17502987646172016,0.4960754192081228,0.06399515854295794,2.536761,1.7782571,2.730473,2.8666432,2.3172152,3.554101,3.0026567,2.730473,0.8849011,2.536761,1.7570809,3.0080767,2.5501986,1.9875737,3.0080767,1.646786835021802,2.8304130189733363,2.7420266591560063,2.0510350582509886,3.0396681991751002,2.378391,1.6102564,2.5846949,1.3912498,2.2349186,3.469412,2.86813,2.5846949,0.8755999,2.378391,1.6711149,2.9430501,2.3072278,1.4614094,2.9430501,1.5896512691742695,2.776840796485916,2.5669967826942863,1.554959639042866,2.975673040632142
2012-11-11 08:00:00,-0.4582581,-0.6147,-0.1898436,-0.2845086,-0.48324782,-0.6807315,-1.8371295,-3.0534,-0.19186209,-0.3003868,-0.12339032,-0.19776912,-0.28864643,-0.46170044,-0.48324782,-0.6807315,-0.5747536,-0.013992224,-0.018120619,-0.014833396,-0.4582581,-0.6147,-0.5223057,-0.13211845,-0.115142405,-0.3164238,-0.54853725,-0.115142405,-0.1901503,-0.15502943,-0.48494643,-0.86636865,-0.15502943,-0.13964915,-0.12891823,-0.31436247,-0.5790939,-0.12661712,1.2303005,2.5829926,0.64098954,1.5977302,1.3628211,2.843229,1.4373033,3.0095918,1.4125417,2.34024,2.144931,3.5959578,1.5734198,3.0498123,1.3628211,2.843229,2.5511458,0.30462345,0.8833839,0.84248096,1.2303005,2.5829926,2.3806624,0.73444474,1.7701484,1.4635841,1.0367316,1.7701484,1.7763948,3.0559638,2.5815978,2.0336654,3.0559638,1.7675132,3.1643984,2.6842487,2.1213436,3.0874608,280.01074,280.01074,276.15906,276.15906,280.25668,280.25668,279.04846,279.04846,281.75665,281.75665,284.3483,284.3483,282.71005,282.71005,280.25668,280.25668,280.25668,273.34378,273.34378,273.34378,280.01074,280.01074,280.01074,275.86017,282.0704,280.13074,278.23615,282.0704,275.86017,282.0704,280.13074,278.23615,282.0704,275.86017,282.0704,280.13074,278.23615,282.0704,0.6613235,0.35003975,0.6763075,3.5350032,0.2696063,0.21089606,0.43984726,0.6763075,0.025975628,0.6613235,0.24913271,0.16817072,0.60371506,1.1176174,0.16817072,0.1711258463879904,0.13927480749377624,0.4415104021442724,1.0494776640435686,0.16545926870868966,2.58241,1.5989176,2.842811,3.0110006,2.3401797,3.5965137,3.048239,2.842811,0.8842336,2.58241,1.7778283,3.0562892,2.5832212,2.0354755,3.0562892,1.666586846468328,2.876164357515741,2.785891927949063,2.099209582433523,3.08749177390491,1.9210865,1.2488779,2.1665037,-0.5240024,2.0705733,3.3856177,2.6083918,2.1665037,0.85825795,1.9210865,1.5286956,2.8881185,1.979506,0.91785806,2.8881185,1.4954610000803377,2.736889550021965,2.34438152580479,1.0497319183899543,2.92203250519622
2012-11-11 09:00:00,-0.81290364,-1.0851551,-0.23830672,-0.34288442,-0.89214534,-1.2483809,-2.7573175,-4.545488,-0.3424316,-0.52661747,-0.20580328,-0.32887757,-0.8330073,-1.2369237,-0.89214534,-1.2483809,-1.0760376,-0.027070737,-0.03419165,-0.029500598,-0.81290364,-1.0851551,-0.9461171,-0.21688882,-0.19754533,-0.42923817,-0.77054614,-0.19754533,-0.31153274,-0.26513806,-0.65551984,-1.2077303,-0.26513806,-0.23305953,-0.22125715,-0.4281555,-0.82570964,-0.21727757,1.2948618,2.665172,0.6129316,1.5423181,1.4588553,2.9752834,1.5630844,3.2057614,1.4340678,2.370935,2.173924,3.6360435,1.6483427,3.1532533,1.4588553,2.9752834,2.6780138,0.3092417,0.8906434,0.8508684,1.2948618,2.665172,2.4656513,0.74680024,1.8016344,1.4922812,1.0746219,1.8016344,1.7987077,3.0935445,2.619461,2.0958815,3.0935445,1.7909844,3.2060988,2.7211823,2.2020378,3.1247418,280.4467,280.4467,275.8505,275.8505,280.89032,280.89032,279.86386,279.86386,281.94278,281.94278,284.54492,284.54492,283.19144,283.19144,280.89032,280.89032,280.89032,273.4022,273.4022,273.4022,280.4467,280.4467,280.4467,275.97327,282.28055,280.3482,278.59375,282.28055,275.97327,282.28055,280.3482,278.59375,282.28055,275.97327,282.28055,280.3482,278.59375,282.28055,1.1535984,0.42423567,1.2350533,5.103293,0.47278985,0.34969583,1.1841187,1.2350533,0.048256382,1.1535984,0.40244824,0.28656563,0.8102591,1.5321181,0.28656563,0.2844762360448151,0.23861305707980046,0.596762255848702,1.4335767929074803,0.2818819076831994,2.6645896,1.5435057,2.9748657,3.2071702,2.3708746,3.6365998,3.15168,2.9748657,0.8914931,2.6645896,1.8001412,3.0938702,2.621084,2.0976913,3.0938702,1.6878807647564371,2.9118269924719336,2.836187005249034,2.161779863343625,3.1247696928079525,1.5109912,1.11927,1.7398123,-1.8961228,1.8980849,3.286904,1.9675612,1.7398123,0.8432367,1.5109912,1.3976929,2.8073046,1.8108249,0.5655733,2.8073046,1.4034045287116221,2.673213935392133,2.2394247494003316,0.7282030704361449,2.842887785124753
2012-11-11 10:00:00,-0.9833299,-1.3125706,-0.19746849,-0.24804996,-1.3270243,-1.837035,-2.7846699,-4.611854,-0.6704223,-0.9951105,-0.2881368,-0.45907328,-2.2173996,-2.8693476,-1.3270243,-1.837035,-1.6069368,-0.036278572,-0.044806488,-0.04058068,-0.9833299,-1.3125706,-1.157988,-0.108520776,-0.45409083,-0.5321326,-0.91171664,-0.45409083,-0.13922507,-0.603021,-0.8098034,-1.4257377,-0.603021,-0.11447118,-0.5083285,-0.5325126,-0.98501843,-0.49890903,1.3464477,2.7308352,0.54032415,1.3989245,1.5292517,3.072084,1.6245228,3.301581,1.4852409,2.4439054,2.190569,3.6590576,1.8686043,3.4573526,1.5292517,3.072084,2.7710125,0.30984253,0.89158773,0.8519596,1.3464477,2.7308352,2.533559,0.5489098,1.8397181,1.506851,1.1135114,1.8397181,1.4413354,3.139001,2.6386845,2.159738,3.139001,1.4150538,3.2565386,2.739934,2.2848597,3.1698358,280.795,280.795,275.052,275.052,281.3548,281.3548,280.26215,280.26215,282.38525,282.38525,284.6578,284.6578,284.60663,284.60663,281.3548,281.3548,281.3548,273.4098,273.4098,273.4098,280.795,280.795,280.795,274.16183,282.53473,280.45862,278.9608,282.53473,274.16183,282.53473,280.45862,278.9608,282.53473,274.16183,282.53473,280.45862,278.9608,282.53473,1.3872334,0.323905,1.8105011,5.156634,0.8944542,0.48707214,2.7700107,1.8105011,0.06245821,1.3872334,0.19265026,0.6469371,0.9962052,1.7866595,0.6469371,0.13360368734223974,0.5466951281494087,0.7390342944086986,1.6672130483057974,0.6361122090043031,2.7302527,1.4001119,3.071666,3.3029902,2.4438453,3.6596136,3.4557793,3.071666,0.8924375,2.7302527,1.4427688,3.1393266,2.6403077,2.161548,3.1393266,1.346827578618471,2.9549629330107265,2.8617227321184275,2.2260001030181247,3.1698594091227137,1.3430195,1.0762069,1.2611649,-1.8536439,1.549391,3.1725416,0.6857686,1.2611649,0.8299793,1.3430195,1.2501185,2.4923897,1.6441026,0.37488848,2.4923897,1.2132238912762312,2.408267804861318,2.122688437709729,0.5587870547123273,2.5337472001184107
2012-11-11 11:00:00,-1.3017685,-1.7295243,-0.16314717,-0.2028932,-1.5236921,-2.1014795,-2.1278179,-3.5706823,-0.8840404,-1.2849675,-0.35717133,-0.5676429,-2.7636716,-3.5079942,-1.5236921,-2.1014795,-1.8498995,-0.047267485,-0.05765301,-0.053682074,-1.3017685,-1.7295243,-1.5500271,-0.107854344,-0.55261207,-0.68596816,-1.2215836,-0.55261207,-0.13672493,-0.7313554,-1.0381492,-1.8875347,-0.7313554,-0.11521341,-0.61884165,-0.68958306,-1.3433603,-0.60727906,1.4115243,2.8136706,0.4884569,1.2964909,1.5771232,3.137911,1.6158559,3.2880647,1.5197549,2.4931211,2.2011166,3.6736407,2.1198723,3.8042605,1.5771232,3.137911,2.834254,0.31297687,0.8965147,0.85765195,1.4115243,2.8136706,2.619226,0.52663594,1.8741761,1.5174706,1.1438451,1.8741761,1.4011109,3.1801298,2.6526957,2.2095456,3.1801298,1.3727405,3.302176,2.7536013,2.3494601,3.2106364,281.23444,281.23444,274.4816,274.4816,281.67065,281.67065,280.20596,280.20596,282.6837,282.6837,284.72934,284.72934,286.22104,286.22104,281.67065,281.67065,281.67065,273.44943,273.44943,273.44943,281.23444,281.23444,281.23444,273.95795,282.7647,280.5391,279.24707,282.7647,273.95795,282.7647,280.5391,279.24707,282.7647,273.95795,282.7647,280.5391,279.24707,282.7647,1.8133448,0.26651227,2.06882,4.050418,1.1561685,0.60128856,3.4033847,2.06882,0.079762384,1.8133448,0.18874651,0.78167737,1.2701274,2.3269784,0.78167737,0.13413305924846472,0.6642447705386968,0.9532623630569707,2.164626487376627,0.768420012266403,2.8130884,1.2976784,3.137493,3.2894735,2.4930608,3.6741972,3.8026872,3.137493,0.89736444,2.8130884,1.4025443,3.1804552,2.654319,2.2113557,3.1804552,1.3084399185853197,2.9939919218329543,2.8803345927471145,2.276091569583892,3.210656155688692,0.9997434,1.0311661,1.0686729,-0.7609443,1.3368925,3.0729086,0.39930245,1.0686729,0.81760204,0.9997434,1.2137978,2.3987777,1.3841916,-0.11562261,2.3987777,1.174306859336855,2.3297471512942574,1.9270722296901437,0.11146508220726492,2.442236143422289
2012-11-11 12:00:00,-1.48837,-1.9762316,-0.22493625,-0.2772658,-1.6009092,-2.2083945,-1.5030003,-2.5531054,-0.61871475,-0.9232046,-0.43208045,-0.68494016,-2.9131956,-3.7154758,-1.6009092,-2.2083945,-1.9499679,-0.05699159,-0.06949054,-0.06475238,-1.48837,-1.9762316,-1.7864213,-0.1938454,-0.62298095,-0.73067904,-1.4646752,-0.62298095,-0.24478935,-0.8228534,-1.105145,-2.2463195,-0.8228534,-0.20793377,-0.698068,-0.7357256,-1.6308131,-0.6849746,1.4724475,2.8912194,0.51696706,1.3527961,1.6175247,3.1934662,1.5987723,3.2614207,1.4762583,2.431097,2.22889,3.7120407,2.2856634,4.0331564,1.6175247,3.1934662,2.8876276,0.3178026,0.9041004,0.8664163,1.4724475,2.8912194,2.6994252,0.58992004,1.9137782,1.5443995,1.175721,1.9137782,1.5153964,3.227398,2.688226,2.2618861,3.227398,1.4929607,3.354626,2.7882595,2.4173458,3.2575274,281.6458,281.6458,274.79514,274.79514,281.93723,281.93723,280.0952,280.0952,282.3076,282.3076,284.9177,284.9177,287.28625,287.28625,281.93723,281.93723,281.93723,273.51047,273.51047,273.51047,281.6458,281.6458,281.6458,274.53723,283.02902,280.74316,279.5479,283.02902,274.53723,283.02902,280.74316,279.5479,283.02902,274.53723,283.02902,280.74316,279.5479,283.02902,2.0621288,0.3603163,2.1741724,2.940625,0.82959634,0.72369254,3.6143427,2.1741724,0.09598873,2.0621288,0.3330089,0.8765285,1.3458852,2.73346,0.8765285,0.23853019471575748,0.7477536996634281,1.0106548815955299,2.536273348483119,0.8614711559907585,2.890637,1.3539836,3.1930482,3.2628295,2.4310367,3.7125971,4.0315833,3.1930482,0.90495014,2.890637,1.5168297,3.2277234,2.6898494,2.2636962,3.2277234,1.4175066096120037,3.038847292346399,2.9275312222594505,2.3287300598733425,3.257543180902059,0.8285082,0.9936673,1.0188758,0.3222048,1.6014404,2.9889045,0.41724053,1.0188758,0.8089614,0.8285082,1.1838208,2.3511949,1.3439642,-0.46976388,2.3511949,1.1789764148962463,2.291093592682971,1.9168763406639207,-0.20754328860977633,2.396072024911301
2012-11-11 13:00:00,-1.1803012,-1.5882653,-0.2243584,-0.27979243,-1.2878091,-1.7983929,-1.0910168,-1.8649749,-0.44319642,-0.673133,-0.45664924,-0.72339535,-2.7316797,-3.5684452,-1.2878091,-1.7983929,-1.578909,-0.055804912,-0.06875995,-0.06260005,-1.1803012,-1.5882653,-1.4242336,-0.2619696,-0.5883209,-0.52051854,-1.2310507,-0.5883209,-0.3349246,-0.779023,-0.79417634,-1.9126782,-0.779023,-0.28034028,-0.66001,-0.52132404,-1.3514382,-0.6477456,1.4954201,2.920461,0.5433766,1.4049529,1.6240416,3.2024276,1.555896,3.19455,1.4286429,2.3631992,2.2584586,3.7529233,2.3832855,4.1679363,1.6240416,3.2024276,2.8962371,0.32023722,0.9079275,0.8708378,1.4954201,2.920461,2.7296662,0.6612623,1.9574451,1.5695808,1.1891594,1.9574451,1.644234,3.2795181,2.7214508,2.2839525,3.2795181,1.6284889,3.4124599,2.8206687,2.445965,3.3092318,281.80093,281.80093,275.08557,275.08557,281.98022,281.98022,279.81726,279.81726,281.89587,281.89587,285.11823,285.11823,287.91348,287.91348,281.98022,281.98022,281.98022,273.54126,273.54126,273.54126,281.80093,281.80093,281.80093,275.19028,283.32047,280.934,279.67474,283.32047,275.19028,283.32047,280.934,279.67474,283.32047,275.19028,283.32047,280.934,279.67474,283.32047,1.6634015,0.36373332,1.7762402,2.1774647,0.6036425,0.7629301,3.47601,1.7762402,0.095439576,1.6634015,0.4490066,0.82857615,0.96925825,2.3417346,0.82857615,0.31972444365657915,0.7057868774241627,0.7138015458382996,2.1748764805493677,0.8142222916639945,2.9198787,1.4061403,3.2020097,3.195959,2.3631394,3.7534795,4.1663632,3.2020097,0.9087771,2.9198787,1.6456673,3.2798436,2.7230737,2.285762,3.2798436,1.5404608884698694,3.088306799147391,2.9716646938222806,2.3509217382708836,3.309242879642119,1.2564772,1.0424069,1.4257694,1.0184945,1.7594968,2.9905493,0.69035304,1.4257694,0.81333756,1.2564772,1.1966608,2.4512675,1.7538155,-0.055972513,2.4512675,1.2207364448132902,2.3825199217232287,2.257863147983981,0.1760452577215159,2.495020587978124
2012-11-11 14:00:00,-0.88765293,-1.2052054,-0.17434905,-0.22380461,-0.9931622,-1.3997041,-0.7975764,-1.3696117,-0.2870834,-0.44392067,-0.20373206,-0.3257538,-2.1834552,-2.9973392,-0.9931622,-1.3997041,-1.2203789,-0.040102776,-0.05028445,-0.044067957,-0.88765293,-1.2052054,-1.0702276,-0.17822106,-0.28634822,-0.3264034,-0.80098635,-0.28634822,-0.24141085,-0.3841465,-0.50177085,-1.2721397,-0.3841465,-0.18808515,-0.32198828,-0.325315,-0.85837483,-0.31624055,1.4805917,2.901586,0.5528476,1.4236574,1.6011975,3.1710153,1.5231974,3.143553,1.402056,2.3252876,2.2862453,3.7913418,2.4259813,4.2268834,1.6011975,3.1710153,2.8660586,0.31628734,0.9017185,0.86366427,1.4805917,2.901586,2.7101462,0.68494636,1.9852045,1.5811344,1.1995811,1.9852045,1.6870052,3.3126512,2.7366948,2.3010645,3.3126512,1.6734815,3.449225,2.8355386,2.4681597,3.3421006,281.7008,281.7008,275.18973,275.18973,281.8295,281.8295,279.6053,279.6053,281.666,281.666,285.30667,285.30667,288.1878,288.1878,281.8295,281.8295,281.8295,273.4913,273.4913,273.4913,281.7008,281.7008,281.7008,275.40707,283.50574,281.02155,279.7731,283.50574,275.40707,283.50574,281.02155,279.7731,283.50574,275.40707,283.50574,281.02155,279.7731,283.50574,1.2685292,0.29198033,1.3861972,1.6163111,0.3978387,0.3443981,2.9206254,1.3861972,0.070539705,1.2685292,0.32214957,0.41030985,0.6145264,1.5787534,0.41030985,0.22210996529143304,0.34438874390690083,0.44517620273012715,1.4695146192427142,0.4032546424983715,2.9010036,1.4248447,3.1705973,3.144962,2.3252273,3.791898,4.2253103,3.1705973,0.9025682,2.9010036,1.6884385,3.3129766,2.7383177,2.3028743,3.3129766,1.5812790200183657,3.119748544256169,2.9919140029401055,2.368131502340969,3.342108730013942,1.6324744,1.1328645,1.7844,1.5286509,1.9273885,3.4475,1.3046846,1.7844,0.8320285,1.6324744,1.366289,2.9026668,2.1237915,0.72412103,2.9026668,1.3591690547269326,2.775359800349268,2.5467378002099785,0.8986168830982546,2.9388540875155704
2012-11-11 15:00:00,-0.5125139,-0.7019485,-0.08337556,-0.111286506,-0.47150838,-0.6740852,-0.48680735,-0.8398915,-0.14338192,-0.22565177,-0.07288795,-0.11710205,-1.137385,-1.707735,-0.47150838,-0.6740852,-0.57865894,-0.015422397,-0.020084238,-0.016253058,-0.5125139,-0.7019485,-0.6131803,-0.057471912,-0.13431521,-0.12003596,-0.24110205,-0.13431521,-0.07761211,-0.18129738,-0.18601096,-0.39339274,-0.18129738,-0.058661688,-0.15113601,-0.1190501,-0.250628,-0.14848669,1.4311163,2.8386092,0.5573542,1.4325573,1.5357085,3.0809627,1.4827783,3.080515,1.3764147,2.288724,2.3065355,3.819395,2.334035,4.09994,1.5357085,3.0809627,2.7795424,0.30823556,0.8890618,0.84904104,1.4311163,2.8386092,2.645017,0.6653763,1.9711487,1.597585,1.1816739,1.9711487,1.6516635,3.2958744,2.7583997,2.2716608,3.2958744,1.6363043,3.4306092,2.8567107,2.4300234,3.3254578,281.36673,281.36673,275.2393,275.2393,281.3974,281.3974,279.34326,279.34326,281.44427,281.44427,285.44427,285.44427,287.59705,287.59705,281.3974,281.3974,281.3974,273.38947,273.38947,273.38947,281.36673,281.36673,281.36673,275.22794,283.41193,281.1462,279.6041,283.41193,275.22794,283.41193,281.1462,279.6041,283.41193,275.22794,283.41193,281.1462,279.6041,283.41193,0.7451388,0.1466571,0.67100644,1.0040517,0.20210995,0.12392569,1.6600709,0.67100644,0.028853718,0.7451388,0.10673636,0.19435185,0.22852892,0.5001868,0.19435185,0.06910650391863107,0.1618464849558094,0.16266413196492385,0.46744643331933283,0.1910442866736836,2.838027,1.4337449,3.0805447,3.081924,2.288664,3.8199513,4.0983667,3.0805447,0.8899115,2.838027,1.6530969,3.2962,2.7600229,2.2734709,3.2962,1.5475512001718463,3.1038282799727925,3.0207458006906496,2.3385603967188366,3.3254673819587643,2.092888,1.2870878,2.4095383,2.0778723,2.086554,3.6960256,2.4382956,2.4095383,0.86105776,2.092888,1.5463605,3.1018481,2.531494,1.773284,3.1018481,1.4784446962532152,2.941981795016983,2.8580816687257258,1.8711139633995038,3.1344230952850807
2012-11-11 16:00:00,0.0,0.0,0.0,0.0,0.0,0.0,0.0,0.0,0.0,0.0,0.0,0.0,0.0,0.0,0.0,0.0,0.0,0.0,0.0,0.0,0.0,0.0,0.0,0.0,0.0,0.0,0.0,0.0,0.0,0.0,0.0,0.0,0.0,0.0,0.0,0.0,0.0,0.0,1.3248308,2.7033193,0.5292436,1.3770413,1.4207432,2.9228764,1.3916589,2.9384043,1.3427087,2.2406611,2.3048928,3.8171241,1.881234,3.4747894,1.4207432,2.9228764,2.627665,0.30342662,0.88150257,0.8403074,1.3248308,2.7033193,2.5051022,0.62345916,1.9212084,1.6074071,1.1285375,1.9212084,1.5759649,3.2362664,2.7713587,2.184411,3.2362664,1.5566745,3.3644664,2.8693519,2.3168602,3.2663255,280.64905,280.64905,274.93015,274.93015,280.63885,280.63885,278.75256,278.75256,281.15283,281.15283,285.43314,285.43314,284.68777,284.68777,280.63885,280.63885,280.63885,273.32864,273.32864,273.32864,280.64905,280.64905,280.64905,274.84424,283.0786,281.22064,279.1026,283.0786,274.84424,283.0786,281.22064,279.1026,283.0786,274.84424,283.0786,281.22064,279.1026,283.0786,0.0,0.0,0.0,0.0,0.0,0.0,0.0,0.0,0.0,0.0,0.0,0.0,0.0,0.0,0.0,0.0,0.0,0.0,0.0,0.0,2.7027369,1.3782288,2.9224584,2.9398131,2.2406008,3.8176806,3.4732163,2.9224584,0.8823523,2.7027369,1.5773983,3.236592,2.7729821,2.186221,3.236592,1.4753093127901955,3.0472631770114895,3.03796018372947,2.2508135605526225,3.2663402500593994,2.7027369,1.3782288,2.9224584,2.9398131,2.2406008,3.8176806,3.4732163,2.9224584,0.8823523,2.7027369,1.5773983,3.236592,2.7729821,2.186221,3.236592,1.4753093127901955,3.0472631770114895,3.03796018372947,2.2508135605526225,3.2663402500593994
2012-11-11 17:00:00,0.0,0.0,0.0,0.0,0.0,0.0,0.0,0.0,0.0,0.0,0.0,0.0,0.0,0.0,0.0,0.0,0.0,0.0,0.0,0.0,0.0,0.0,0.0,0.0,0.0,0.0,0.0,0.0,0.0,0.0,0.0,0.0,0.0,0.0,0.0,0.0,0.0,0.0,1.2684315,2.6315296,0.5171031,1.3530648,1.3359438,2.8062704,1.4197063,2.9821475,1.3138028,2.1994421,2.278618,3.7807965,1.8502702,3.43204,1.3359438,2.8062704,2.5156386,0.30789047,0.8885194,0.8484143,1.2684315,2.6315296,2.4308586,0.52331865,1.8518949,1.587755,1.0570704,1.8518949,1.3951201,3.153535,2.7454298,2.067062,3.153535,1.3664387,3.2726655,2.8440592,2.1646585,3.1842537,280.26822,280.26822,274.79663,274.79663,280.07935,280.07935,278.9344,278.9344,280.9029,280.9029,285.25494,285.25494,284.48883,284.48883,280.07935,280.07935,280.07935,273.3851,273.3851,273.3851,280.26822,280.26822,280.26822,273.92758,282.616,281.07172,278.4281,282.616,273.92758,282.616,281.07172,278.4281,282.616,273.92758,282.616,281.07172,278.4281,282.616,0.0,0.0,0.0,0.0,0.0,0.0,0.0,0.0,0.0,0.0,0.0,0.0,0.0,0.0,0.0,0.0,0.0,0.0,0.0,0.0,2.6309469,1.3542522,2.8058527,2.9835565,2.1993823,3.7813523,3.4304667,2.8058527,0.8893691,2.6309469,1.3965536,3.1538603,2.747053,2.0688717,3.1538603,1.3027228520184906,2.968754625849578,3.0035173017165784,2.132796121682929,3.18427577537871,2.6309469,1.3542522,2.8058527,2.9835565,2.1993823,3.7813523,3.4304667,2.8058527,0.8893691,2.6309469,1.3965536,3.1538603,2.747053,2.0688717,3.1538603,1.3027228520184906,2.968754625849578,3.0035173017165784,2.132796121682929,3.18427577537871
2012-11-11 18:00:00,0.0,0.0,0.0,0.0,0.0,0.0,0.0,0.0,0.0,0.0,0.0,0.0,0.0,0.0,0.0,0.0,0.0,0.0,0.0,0.0,0.0,0.0,0.0,0.0,0.0,0.0,0.0,0.0,0.0,0.0,0.0,0.0,0.0,0.0,0.0,0.0,0.0,0.0,1.2179712,2.5672987,0.516734,1.3523357,1.274192,2.7213569,1.2231518,2.6755993,1.2818688,2.1539056,2.2214875,3.7018063,1.5370698,2.9996266,1.274192,2.7213569,2.43406,0.31827796,0.9048476,0.8672796,1.2179712,2.5672987,2.3644319,0.48075476,1.7356448,1.552337,0.9574394,1.7356448,1.3182536,3.0147805,2.698699,1.9034674,3.0147805,1.2855804,3.1187007,2.7984753,1.9524772,3.046606,279.9275,279.9275,274.79257,274.79257,279.6719,279.6719,277.6602,277.6602,280.62677,280.62677,284.8675,284.8675,282.4765,282.4765,279.6719,279.6719,279.6719,273.51648,273.51648,273.51648,279.9275,279.9275,279.9275,273.53796,281.84012,280.8033,277.4878,281.84012,273.53796,281.84012,280.8033,277.4878,281.84012,273.53796,281.84012,280.8033,277.4878,281.84012,0.0,0.0,0.0,0.0,0.0,0.0,0.0,0.0,0.0,0.0,0.0,0.0,0.0,0.0,0.0,0.0,0.0,0.0,0.0,0.0,2.5667162,1.3535233,2.7209392,2.677008,2.1538455,3.7023625,2.998053,2.7209392,0.90569735,2.5667162,1.319687,3.0151062,2.7003222,1.9052775,3.0151062,1.2293662803011967,2.8370835786340356,2.9414424764494935,1.96827013641223,3.046640891528733,2.5667162,1.3535233,2.7209392,2.677008,2.1538455,3.7023625,2.998053,2.7209392,0.90569735,2.5667162,1.319687,3.0151062,2.7003222,1.9052775,3.0151062,1.2293662803011967,2.8370835786340356,2.9414424764494935,1.96827013641223,3.046640891528733
2012-11-11 19:00:00,0.0,0.0,0.0,0.0,0.0,0.0,0.0,0.0,0.0,0.0,0.0,0.0,0.0,0.0,0.0,0.0,0.0,0.0,0.0,0.0,0.0,0.0,0.0,0.0,0.0,0.0,0.0,0.0,0.0,0.0,0.0,0.0,0.0,0.0,0.0,0.0,0.0,0.0,1.1620511,2.4961185,0.5158543,1.3505986,1.2324307,2.6639318,1.2757777,2.7576747,1.252151,2.1115294,2.1552494,3.6102238,1.555841,3.0255425,1.2324307,2.6639318,2.3788903,0.32714775,0.91879016,0.88338834,1.1620511,2.4961185,2.290819,0.47405362,1.629212,1.5049181,0.917955,1.629212,1.306152,2.887744,2.6361344,1.838634,2.887744,1.2728504,2.977738,2.7374465,1.8683884,2.9205828,279.5499,279.5499,274.7829,274.7829,279.39636,279.39636,278.00134,278.00134,280.3698,280.3698,284.41827,284.41827,282.5971,282.5971,279.39636,279.39636,279.39636,273.62866,273.62866,273.62866,279.5499,279.5499,279.5499,273.47662,281.12976,280.44397,277.11514,281.12976,273.47662,281.12976,280.44397,277.11514,281.12976,273.47662,281.12976,280.44397,277.11514,281.12976,0.0,0.0,0.0,0.0,0.0,0.0,0.0,0.0,0.0,0.0,0.0,0.0,0.0,0.0,0.0,0.0,0.0,0.0,0.0,0.0,2.495536,1.351786,2.663514,2.7590837,2.1114695,3.61078,3.0239692,2.663514,0.9196398,2.495536,1.3075854,2.8880694,2.6377573,1.840444,2.8880694,1.2178172312566473,2.7165318571883073,2.8583349076581435,1.903067397020418,2.9206289661284837,2.495536,1.351786,2.663514,2.7590837,2.1114695,3.61078,3.0239692,2.663514,0.9196398,2.495536,1.3075854,2.8880694,2.6377573,1.840444,2.8880694,1.2178172312566473,2.7165318571883073,2.8583349076581435,1.903067397020418,2.9206289661284837
2012-11-11 20:00:00,0.0,0.0,0.0,0.0,0.0,0.0,0.0,0.0,0.0,0.0,0.0,0.0,0.0,0.0,0.0,0.0,0.0,0.0,0.0,0.0,0.0,0.0,0.0,0.0,0.0,0.0,0.0,0.0,0.0,0.0,0.0,0.0,0.0,0.0,0.0,0.0,0.0,0.0,1.1079344,2.4272337,0.5262328,1.3710953,1.1962241,2.614145,1.2561047,2.7269928,1.1959518,2.0313923,2.0439224,3.4563003,1.4052017,2.8175657,1.1962241,2.614145,2.3310585,0.32684854,0.9183199,0.882845,1.1079344,2.4272337,2.2195795,0.47022632,1.5563406,1.4427724,0.88235074,1.5563406,1.2992402,2.800766,2.5541382,1.7801719,2.800766,1.2655795,2.8812244,2.657463,1.792563,2.8342988,279.18448,279.18448,274.89703,274.89703,279.15747,279.15747,277.8738,277.8738,279.88388,279.88388,283.66327,283.66327,281.62924,281.62924,279.15747,279.15747,279.15747,273.62488,273.62488,273.62488,279.18448,279.18448,279.18448,273.4416,280.6434,279.97302,276.7791,280.6434,273.4416,280.6434,279.97302,276.7791,280.6434,273.4416,280.6434,279.97302,276.7791,280.6434,0.0,0.0,0.0,0.0,0.0,0.0,0.0,0.0,0.0,0.0,0.0,0.0,0.0,0.0,0.0,0.0,0.0,0.0,0.0,0.0,2.4266512,1.3722826,2.6137273,2.7284017,2.0313323,3.456857,2.8159924,2.6137273,0.91916955,2.4266512,1.3006736,2.8010917,2.5557616,1.7819818,2.8010917,1.211221057971502,2.633994039399048,2.7494163512600007,1.8442722644806393,2.834352725414312,2.4266512,1.3722826,2.6137273,2.7284017,2.0313323,3.456857,2.8159924,2.6137273,0.91916955,2.4266512,1.3006736,2.8010917,2.5557616,1.7819818,2.8010917,1.211221057971502,2.633994039399048,2.7494163512600007,1.8442722644806393,2.834352725414312
2012-11-11 21:00:00,0.0,0.0,0.0,0.0,0.0,0.0,0.0,0.0,0.0,0.0,0.0,0.0,0.0,0.0,0.0,0.0,0.0,0.0,0.0,0.0,0.0,0.0,0.0,0.0,0.0,0.0,0.0,0.0,0.0,0.0,0.0,0.0,0.0,0.0,0.0,0.0,0.0,0.0,1.0666078,2.3746293,0.53953606,1.3973678,1.1489818,2.5491831,1.2442417,2.7084908,1.1493814,1.9649847,1.9472197,3.3225977,1.332402,2.717056,1.1489818,2.5491831,2.2686481,0.3178123,0.9041156,0.86643374,1.0666078,2.3746293,2.1651773,0.4959274,1.4846996,1.3653839,0.8471637,1.4846996,1.3456539,2.715256,2.4520319,1.7223946,2.715256,1.3144035,2.7863412,2.557863,1.7176261,2.749471,278.90543,278.90543,275.04333,275.04333,278.84576,278.84576,277.7969,277.7969,279.4812,279.4812,283.00745,283.00745,281.1615,281.1615,278.84576,278.84576,278.84576,273.5106,273.5106,273.5106,278.90543,278.90543,278.90543,273.67685,280.16525,279.38657,276.44702,280.16525,273.67685,280.16525,279.38657,276.44702,280.16525,273.67685,280.16525,279.38657,276.44702,280.16525,0.0,0.0,0.0,0.0,0.0,0.0,0.0,0.0,0.0,0.0,0.0,0.0,0.0,0.0,0.0,0.0,0.0,0.0,0.0,0.0,2.374047,1.3985554,2.5487654,2.7099,1.9649245,3.323154,2.7154827,2.5487654,0.9049653,2.374047,1.3470874,2.715582,2.453655,1.7242045,2.715582,1.2555153958244523,2.5528493742097345,2.6137833873989917,1.786165949677454,2.7495327379944947,2.374047,1.3985554,2.5487654,2.7099,1.9649245,3.323154,2.7154827,2.5487654,0.9049653,2.374047,1.3470874,2.715582,2.453655,1.7242045,2.715582,1.2555153958244523,2.5528493742097345,2.6137833873989917,1.786165949677454,2.7495327379944947
2012-11-11 22:00:00,0.0,0.0,0.0,0.0,0.0,0.0,0.0,0.0,0.0,0.0,0.0,0.0,0.0,0.0,0.0,0.0,0.0,0.0,0.0,0.0,0.0,0.0,0.0,0.0,0.0,0.0,0.0,0.0,0.0,0.0,0.0,0.0,0.0,0.0,0.0,0.0,0.0,0.0,1.0316899,2.3301833,0.51029325,1.339616,1.1030992,2.4860911,1.240551,2.702735,1.1340249,1.943087,1.8213042,3.148504,1.2630599,2.6213202,1.1030992,2.4860911,2.2080338,0.2935652,0.86600125,0.82239753,1.0316899,2.3301833,2.1192112,0.5358042,1.4581381,1.286276,0.8144179,1.4581381,1.4176679,2.6835527,2.3476562,1.6686261,2.6835527,1.3901572,2.7511628,2.4560494,1.6478882,2.7180207,278.66965,278.66965,274.72174,274.72174,278.54303,278.54303,277.77298,277.77298,279.34842,279.34842,282.1535,282.1535,280.71597,280.71597,278.54303,278.54303,278.54303,273.20392,273.20392,273.20392,278.66965,278.66965,278.66965,274.04187,279.98798,278.78708,276.13797,279.98798,274.04187,279.98798,278.78708,276.13797,279.98798,274.04187,279.98798,278.78708,276.13797,279.98798,0.0,0.0,0.0,0.0,0.0,0.0,0.0,0.0,0.0,0.0,0.0,0.0,0.0,0.0,0.0,0.0,0.0,0.0,0.0,0.0,2.3296006,1.3408034,2.4856732,2.7041438,1.9430268,3.1490602,2.6197472,2.4856732,0.8668509,2.3296006,1.4191012,2.6838787,2.3492794,1.6704359,2.6838787,1.3242408563328374,2.522764528659266,2.475136671361855,1.7320910875186728,2.718085245849886,2.3296006,1.3408034,2.4856732,2.7041438,1.9430268,3.1490602,2.6197472,2.4856732,0.8668509,2.3296006,1.4191012,2.6838787,2.3492794,1.6704359,2.6838787,1.3242408563328374,2.522764528659266,2.475136671361855,1.7320910875186728,2.718085245849886
2012-11-11 23:00:00,0.0,0.0,0.0,0.0,0.0,0.0,0.0,0.0,0.0,0.0,0.0,0.0,0.0,0.0,0.0,0.0,0.0,0.0,0.0,0.0,0.0,0.0,0.0,0.0,0.0,0.0,0.0,0.0,0.0,0.0,0.0,0.0,0.0,0.0,0.0,0.0,0.0,0.0,1.0021142,2.2925363,0.50459063,1.3283538,1.0623692,2.4300845,1.2388046,2.700011,1.1424532,1.9551053,1.7650874,3.0707774,1.2848898,2.6514595,1.0623692,2.4300845,2.1542265,0.25155443,0.79996383,0.74609977,1.0021142,2.2925363,2.0802774,0.5685998,1.4183578,1.2372103,0.7959965,1.4183578,1.4768937,2.6360722,2.2829185,1.6383781,2.6360722,1.4524589,2.6984766,2.3929007,1.6086568,2.6709185,278.46994,278.46994,274.65903,274.65903,278.2743,278.2743,277.76166,277.76166,279.4213,279.4213,281.77225,281.77225,280.85623,280.85623,278.2743,278.2743,278.2743,272.67258,272.67258,272.67258,278.46994,278.46994,278.46994,274.34207,279.72247,278.41525,275.9641,279.72247,274.34207,279.72247,278.41525,275.9641,279.72247,274.34207,279.72247,278.41525,275.9641,279.72247,0.0,0.0,0.0,0.0,0.0,0.0,0.0,0.0,0.0,0.0,0.0,0.0,0.0,0.0,0.0,0.0,0.0,0.0,0.0,0.0,2.2919538,1.3295412,2.4296663,2.70142,1.9550451,3.0713334,2.6498861,2.4296663,0.8011893,2.2919538,1.4783272,2.6363974,2.2845416,1.6401881,2.6363974,1.3807622471045944,2.477707176913859,2.389142393811637,1.7016709739886466,2.670987090976742,2.2919538,1.3295412,2.4296663,2.70142,1.9550451,3.0713334,2.6498861,2.4296663,0.8011893,2.2919538,1.4783272,2.6363974,2.2845416,1.6401881,2.6363974,1.3807622471045944,2.477707176913859,2.389142393811637,1.7016709739886466,2.670987090976742
2012-12-07 00:00:00,0.0,0.0,0.0,0.0,0.0,0.0,0.0,0.0,0.0,0.0,0.0,0.0,0.0,0.0,0.0,0.0,0.0,0.0,0.0,0.0,0.0,0.0,0.0,0.0,0.0,0.0,0.0,0.0,0.0,0.0,0.0,0.0,0.0,0.0,0.0,0.0,0.0,0.0,0.0,0.16829777,0.0,0.0,0.0,0.17176434,0.0,0.0,0.0,0.2454244,0.0,0.040163375,0.0,0.864288,0.0,0.17176434,0.0,0.0,0.0,0.0,0.0,0.16829777,0.0,0.0,0.0,0.0,0.0,0.0,0.0,0.16418083,0.0,0.0,0.16418083,0.0,0.0,0.0,0.0,0.21874501,267.20135,267.20135,256.44727,256.44727,267.4382,267.4382,265.0898,265.0898,269.05423,269.05423,266.90686,266.90686,272.53925,272.53925,267.4382,267.4382,267.4382,252.03162,252.03162,252.03162,267.20135,267.20135,267.20135,257.21973,265.90027,257.54166,247.7768,265.90027,257.21973,265.90027,257.54166,247.7768,265.90027,257.21973,265.90027,257.54166,247.7768,265.90027,0.0,0.0,0.0,0.0,0.0,0.0,0.0,0.0,0.0,0.0,0.0,0.0,0.0,0.0,0.0,0.0,0.0,0.0,0.0,0.0,0.38476858,0.0,0.4093036,0.26259407,0.28039366,0.346749,0.8627154,0.4093036,0.0,0.38476858,0.0,0.458817,0.0,0.0,0.458817,0.0,0.4263113146268845,0.0,0.0,0.45881701040793543,0.38476858,0.0,0.4093036,0.26259407,0.28039366,0.346749,0.8627154,0.4093036,0.0,0.38476858,0.0,0.458817,0.0,0.0,0.458817,0.0,0.4263113146268845,0.0,0.0,0.45881701040793543
2012-12-07 01:00:00,0.0,0.0,0.0,0.0,0.0,0.0,0.0,0.0,0.0,0.0,0.0,0.0,0.0,0.0,0.0,0.0,0.0,0.0,0.0,0.0,0.0,0.0,0.0,0.0,0.0,0.0,0.0,0.0,0.0,0.0,0.0,0.0,0.0,0.0,0.0,0.0,0.0,0.0,0.0,0.12656648,0.0,0.0,0.0,0.12306521,0.0,0.0,0.0,0.3138705,0.0,0.0,0.0,0.79513717,0.0,0.12306521,0.0,0.0,0.0,0.0,0.0,0.12656648,0.0,0.0,0.0,0.0,0.0,0.0,0.0,0.12674159,0.0,0.0,0.12674159,0.0,0.0,0.0,0.0,0.18160443,266.97998,266.97998,256.36618,256.36618,267.20453,267.20453,264.69644,264.69644,269.46927,269.46927,266.67847,266.67847,272.21744,272.21744,267.20453,267.20453,267.20453,251.33836,251.33836,251.33836,266.97998,266.97998,266.97998,257.40833,265.69092,257.44168,249.47827,265.69092,257.40833,265.69092,257.44168,249.47827,265.69092,257.40833,265.69092,257.44168,249.47827,265.69092,0.0,0.0,0.0,0.0,0.0,0.0,0.0,0.0,0.0,0.0,0.0,0.0,0.0,0.0,0.0,0.0,0.0,0.0,0.0,0.0,0.3724859,0.0,0.3967239,0.2270938,0.31476218,0.3313491,0.79356503,0.3967239,0.0,0.3724859,0.0,0.440226,0.0,0.0,0.440226,0.0,0.4096314873598982,0.0,0.0,0.4402259961311638,0.3724859,0.0,0.3967239,0.2270938,0.31476218,0.3313491,0.79356503,0.3967239,0.0,0.3724859,0.0,0.440226,0.0,0.0,0.440226,0.0,0.4096314873598982,0.0,0.0,0.4402259961311638
2012-12-07 02:00:00,0.0,0.0,0.0,0.0,0.0,0.0,0.0,0.0,0.0,0.0,0.0,0.0,0.0,0.0,0.0,0.0,0.0,0.0,0.0,0.0,0.0,0.0,0.0,0.0,0.0,0.0,0.0,0.0,0.0,0.0,0.0,0.0,0.0,0.0,0.0,0.0,0.0,0.0,0.0,0.09531122,0.0,0.0,0.0,0.10337438,0.0,0.0,0.034138486,0.37469676,0.0,0.0,0.0,0.76120114,0.0,0.10337438,0.0,0.0,0.0,0.0,0.0,0.09531122,0.0,0.0,0.0,0.0,0.0,0.0,0.0,0.09688312,0.0,0.0,0.09688312,0.0,0.0,0.0,0.0,0.15198411,266.81418,266.81418,257.3625,257.3625,267.11005,267.11005,264.61588,264.61588,269.8381,269.8381,266.6827,266.6827,272.0595,272.0595,267.11005,267.11005,267.11005,255.88568,255.88568,255.88568,266.81418,266.81418,266.81418,258.08786,265.52396,257.20877,250.28995,265.52396,258.08786,265.52396,257.20877,250.28995,265.52396,258.08786,265.52396,257.20877,250.28995,265.52396,0.0,0.0,0.0,0.0,0.0,0.0,0.0,0.0,0.0,0.0,0.0,0.0,0.0,0.0,0.0,0.0,0.0,0.0,0.0,0.0,0.36328658,0.0,0.39163744,0.21982299,0.37549314,0.33163512,0.75962925,0.39163744,0.0,0.36328658,0.0,0.42539924,0.0,0.0,0.42539924,0.0,0.3963289603952216,0.0,0.0,0.42539925573637993,0.36328658,0.0,0.39163744,0.21982299,0.37549314,0.33163512,0.75962925,0.39163744,0.0,0.36328658,0.0,0.42539924,0.0,0.0,0.42539924,0.0,0.3963289603952216,0.0,0.0,0.42539925573637993
2012-12-07 03:00:00,0.0,0.0,0.0,0.0,0.0,0.0,0.0,0.0,0.0,0.0,0.0,0.0,0.0,0.0,0.0,0.0,0.0,0.0,0.0,0.0,0.0,0.0,0.0,0.0,0.0,0.0,0.0,0.0,0.0,0.0,0.0,0.0,0.0,0.0,0.0,0.0,0.0,0.0,0.0,0.13563877,0.0,0.0,0.0,0.09618745,0.0,0.0,0.008010232,0.337439,0.0,0.10729482,0.0,0.77337885,0.0,0.09618745,0.0,0.0,0.0,0.0,0.0,0.13563877,0.0,0.0,0.0,0.0,0.0,0.0,0.0,0.10402166,0.0,0.0,0.10402166,0.0,0.0,0.0,0.0,0.15906572,267.0281,267.0281,258.8513,258.8513,267.07556,267.07556,264.5487,264.5487,269.61218,269.61218,267.23615,267.23615,272.11618,272.11618,267.07556,267.07556,267.07556,256.5379,256.5379,256.5379,267.0281,267.0281,267.0281,259.5768,265.56387,256.54645,249.30693,265.56387,259.5768,265.56387,256.54645,249.30693,265.56387,259.5768,265.56387,256.54645,249.30693,265.56387,0.0,0.0,0.0,0.0,0.0,0.0,0.0,0.0,0.0,0.0,0.0,0.0,0.0,0.0,0.0,0.0,0.0,0.0,0.0,0.0,0.37515613,0.0,0.38978097,0.21376123,0.3382938,0.36895174,0.7718068,0.38978097,0.0,0.37515613,0.0,0.42894402,0.0,0.0,0.42894402,0.0,0.39950931229977227,0.0,0.0,0.42894401472676147,0.37515613,0.0,0.38978097,0.21376123,0.3382938,0.36895174,0.7718068,0.38978097,0.0,0.37515613,0.0,0.42894402,0.0,0.0,0.42894402,0.0,0.39950931229977227,0.0,0.0,0.42894401472676147
2012-12-07 04:00:00,0.0,0.0,0.0,0.0,0.0,0.0,0.0,0.0,0.0,0.0,0.0,0.0,0.0,0.0,0.0,0.0,0.0,0.0,0.0,0.0,0.0,0.0,0.0,0.0,0.0,0.0,0.0,0.0,0.0,0.0,0.0,0.0,0.0,0.0,0.0,0.0,0.0,0.0,0.0,0.16134831,0.0,0.0,0.0,0.12550741,0.0,0.0,0.0044066943,0.33230054,0.0,0.21085395,0.0,0.75764704,0.0,0.12550741,0.0,0.0,0.0,0.0,0.0,0.16134831,0.0,0.0,0.0,0.0,0.0,0.0,0.0,0.19557296,0.0,0.0,0.19557296,0.0,0.0,0.0,0.0,0.24988674,267.1645,267.1645,260.25082,260.25082,267.21625,267.21625,264.4132,264.4132,269.58102,269.58102,267.7441,267.7441,272.04297,272.04297,267.21625,267.21625,267.21625,256.63315,256.63315,256.63315,267.1645,267.1645,267.1645,261.23944,266.0758,255.77286,245.23991,266.0758,261.23944,266.0758,255.77286,245.23991,266.0758,261.23944,266.0758,255.77286,245.23991,266.0758,0.0,0.0,0.0,0.0,0.0,0.0,0.0,0.0,0.0,0.0,0.0,0.0,0.0,0.0,0.0,0.0,0.0,0.0,0.0,0.0,0.38272315,0.01514941,0.39735475,0.20153303,0.33316335,0.40320235,0.756075,0.39735475,0.0,0.38272315,0.045018848,0.4744053,0.0,0.0,0.4744053,0.045018847291690915,0.4402970823294653,0.0,0.0,0.47440527777236546,0.38272315,0.01514941,0.39735475,0.20153303,0.33316335,0.40320235,0.756075,0.39735475,0.0,0.38272315,0.045018848,0.4744053,0.0,0.0,0.4744053,0.045018847291690915,0.4402970823294653,0.0,0.0,0.47440527777236546
2012-12-07 05:00:00,0.0,0.0,0.0,0.0,0.0,0.0,0.0,0.0,0.0,0.0,0.0,0.0,0.0,0.0,0.0,0.0,0.0,0.0,0.0,0.0,0.0,0.0,0.0,0.0,0.0,0.0,0.0,0.0,0.0,0.0,0.0,0.0,0.0,0.0,0.0,0.0,0.0,0.0,0.0,0.22484265,0.0,0.0,0.0,0.19139796,0.0,0.0,0.0,0.3069051,0.0,0.21976954,0.0,0.72855055,0.0,0.19139796,0.00346193,0.0,0.0,0.0,0.0,0.22484265,0.0,0.0,0.0,0.0,0.0,0.0,0.0,0.32039928,0.0,0.0,0.32039928,0.0,0.12895077,0.0,0.0,0.37371737,267.5013,267.5013,261.46582,261.46582,267.5324,267.5324,264.25586,264.25586,269.42703,269.42703,267.78784,267.78784,271.90756,271.90756,267.5324,267.5324,267.5324,258.25015,258.25015,258.25015,267.5013,267.5013,267.5013,262.5059,266.7738,255.46437,245.75813,266.7738,262.5059,266.7738,255.46437,245.75813,266.7738,262.5059,266.7738,255.46437,245.75813,266.7738,0.0,0.0,0.0,0.0,0.0,0.0,0.0,0.0,0.0,0.0,0.0,0.0,0.0,0.0,0.0,0.0,0.0,0.0,0.0,0.0,0.40141132,0.04411421,0.41437525,0.18733293,0.3078077,0.40615106,0.7269787,0.41437525,0.0,0.40141132,0.080124,0.53638977,0.0,0.0,0.53638977,0.08012399485969972,0.4959094743484901,0.0,0.0,0.5431946511477179,0.40141132,0.04411421,0.41437525,0.18733293,0.3078077,0.40615106,0.7269787,0.41437525,0.0,0.40141132,0.080124,0.53638977,0.0,0.0,0.53638977,0.08012399485969972,0.4959094743484901,0.0,0.0,0.5431946511477179
2012-12-07 06:00:00,0.0,0.0,0.0,0.0,0.0,0.0,0.0,0.0,0.0,0.0,0.0,0.0,0.0,0.0,0.0,0.0,0.0,0.0,0.0,0.0,0.0,0.0,0.0,0.0,0.0,0.0,0.0,0.0,0.0,0.0,0.0,0.0,0.0,0.0,0.0,0.0,0.0,0.0,0.0,0.45995063,0.0,0.0,0.0,0.4797196,0.0,0.0,0.0,0.32355353,0.0,0.26378757,0.0,0.6830927,0.0,0.4797196,0.28046018,0.0,0.0,0.0,0.0,0.45995063,0.1850494,0.0,0.0,0.0,0.0,0.0,0.0,0.4784897,0.0,0.0,0.4784897,0.0,0.30437168,0.0,0.0,0.5305467,268.7485,268.7485,262.13943,262.13943,268.91586,268.91586,264.12402,264.12402,269.52798,269.52798,268.00375,268.00375,271.696,271.696,268.91586,268.91586,268.91586,259.59924,259.59924,259.59924,268.7485,268.7485,268.7485,262.69104,267.6578,256.86066,249.87991,267.6578,262.69104,267.6578,256.86066,249.87991,267.6578,262.69104,267.6578,256.86066,249.87991,267.6578,0.0,0.0,0.0,0.0,0.0,0.0,0.0,0.0,0.0,0.0,0.0,0.0,0.0,0.0,0.0,0.0,0.0,0.0,0.0,0.0,0.47849467,0.060172785,0.5100615,0.17543523,0.32443008,0.42070937,0.6815211,0.5100615,0.0,0.47849467,0.085256234,0.6148921,0.0,0.0,0.6148921,0.08525623733048478,0.566341625433445,0.0,0.0,0.6362865864284599,0.47849467,0.060172785,0.5100615,0.17543523,0.32443008,0.42070937,0.6815211,0.5100615,0.0,0.47849467,0.085256234,0.6148921,0.0,0.0,0.6148921,0.08525623733048478,0.566341625433445,0.0,0.0,0.6362865864284599
2012-12-07 07:00:00,0.0,0.0,0.0,0.0,0.0,0.0,0.0,0.0,0.0,0.0,0.0,0.0,0.0,0.0,0.0,0.0,0.0,0.0,0.0,0.0,0.0,0.0,0.0,0.0,0.0,0.0,0.0,0.0,0.0,0.0,0.0,0.0,0.0,0.0,0.0,0.0,0.0,0.0,0.0,0.66853213,0.0,0.0,0.0,0.73623455,0.0,0.0,0.0,0.29187706,0.0,0.32275626,0.0,0.69001764,0.0,0.73623455,0.5269008,0.0,0.0,0.0,0.0,0.66853213,0.4007608,0.0,0.0,0.0,0.0,0.0,0.0,0.4978587,0.0,0.0,0.4978587,0.0,0.32586402,0.0,0.0,0.54976124,269.85498,269.85498,262.5181,262.5181,270.1467,270.1467,266.11942,266.11942,269.3359,269.3359,268.293,268.293,271.72824,271.72824,270.1467,270.1467,270.1467,259.88498,259.88498,259.88498,269.85498,269.85498,269.85498,262.35492,267.7661,258.47113,250.96396,267.7661,262.35492,267.7661,258.47113,250.96396,267.7661,262.35492,267.7661,258.47113,250.96396,267.7661,0.0,0.0,0.0,0.0,0.0,0.0,0.0,0.0,0.0,0.0,0.0,0.0,0.0,0.0,0.0,0.0,0.0,0.0,0.0,0.0,0.6679665,0.06919987,0.73584,0.35551175,0.2968283,0.44021237,0.68844604,0.73584,0.005536664,0.6679665,0.07593919,0.6245101,0.0,0.0,0.6245101,0.07593919124951776,0.5749708830093248,0.0,0.0,0.6476920919454744,0.6679665,0.06919987,0.73584,0.35551175,0.2968283,0.44021237,0.68844604,0.73584,0.005536664,0.6679665,0.07593919,0.6245101,0.0,0.0,0.6245101,0.07593919124951776,0.5749708830093248,0.0,0.0,0.6476920919454744
2012-12-07 08:00:00,0.0,0.0,0.0,0.0,0.0,0.0,0.0,0.0,0.0,0.0,0.0,0.0,0.0,0.0,0.0,0.0,0.0,0.0,0.0,0.0,0.0,0.0,0.0,0.0,0.0,0.0,0.0,0.0,0.0,0.0,0.0,0.0,0.0,0.0,0.0,0.0,0.0,0.0,0.0,0.9058089,0.0,0.0,0.0,0.9608919,0.0,0.11087912,0.0,0.22191621,0.0,0.4510214,0.0,0.8178072,0.0,0.9608919,0.742735,0.0,0.0,0.0,0.0,0.9058089,0.6461483,0.0,0.0,0.0,0.0,0.0,0.0,0.42400104,0.0,0.0,0.42400104,0.0,0.24390969,0.0,0.0,0.4764927,271.11368,271.11368,262.63123,262.63123,271.22467,271.22467,266.99966,266.99966,268.91168,268.91168,268.92215,268.92215,272.32294,272.32294,271.22467,271.22467,271.22467,260.0726,260.0726,260.0726,271.11368,271.11368,271.11368,262.96155,267.35312,259.98468,255.05669,267.35312,262.96155,267.35312,259.98468,255.05669,267.35312,262.96155,267.35312,259.98468,255.05669,267.35312,0.0,0.0,0.0,0.0,0.0,0.0,0.0,0.0,0.0,0.0,0.0,0.0,0.0,0.0,0.0,0.0,0.0,0.0,0.0,0.0,0.90523684,0.07189679,0.960489,0.4349509,0.2720766,0.49401474,0.8162348,0.960489,0.009389313,0.90523684,0.09275454,0.58783484,0.009487355,0.0,0.58783484,0.09275453917011532,0.5420659118133881,0.009487355549569651,0.0,0.604200768710266,0.90523684,0.07189679,0.960489,0.4349509,0.2720766,0.49401474,0.8162348,0.960489,0.009389313,0.90523684,0.09275454,0.58783484,0.009487355,0.0,0.58783484,0.09275453917011532,0.5420659118133881,0.009487355549569651,0.0,0.604200768710266
2012-12-07 09:00:00,0.0,0.0,0.0,0.0,0.0,0.0,0.0,0.0,0.0,0.0,0.0,0.0,-0.004513614,-0.006290716,0.0,0.0,0.0,0.0,0.0,0.0,0.0,0.0,0.0,0.0,0.0,0.0,0.0,0.0,0.0,0.0,0.0,0.0,0.0,0.0,0.0,0.0,0.0,0.0,0.07714861,1.1151556,0.0,0.0,0.16260019,1.1928315,0.0,0.3656963,0.0,0.23446299,0.0,0.5900438,0.11781732,1.0401651,0.16260019,1.1928315,0.9655654,0.0,0.0,0.0,0.07714861,1.1151556,0.86265093,0.0,0.0,0.0,0.0,0.0,0.0,0.4188709,0.0,0.0,0.4188709,0.0,0.23821722,0.0,0.0,0.47140348,272.2242,272.2242,264.01877,264.01877,272.3376,272.3376,268.05884,268.05884,268.98776,268.98776,269.60406,269.60406,273.35773,273.35773,272.3376,272.3376,272.3376,260.38693,260.38693,260.38693,272.2242,272.2242,272.2242,263.8191,267.32443,262.28067,258.3406,267.32443,263.8191,267.32443,262.28067,258.3406,267.32443,263.8191,267.32443,262.28067,258.3406,267.32443,0.0,0.0,0.0,0.0,0.0,0.0,0.0049073184,0.0,0.0,0.0,0.0,0.0,0.0,0.0,0.0,0.0,0.0,0.0,0.0,0.0,1.1145778,0.11987799,1.1924199,0.53053725,0.27651557,0.5921317,1.0385917,1.1924199,0.015843816,1.1145778,0.1322817,0.5852874,0.06846621,0.0,0.5852874,0.1295183535684517,0.5397803378147048,0.06846620542928758,0.0,0.601179868404266,1.1145778,0.11987799,1.1924199,0.53053725,0.27651557,0.5921317,1.0336844,1.1924199,0.015843816,1.1145778,0.1322817,0.5852874,0.06846621,0.0,0.5852874,0.1295183535684517,0.5397803378147048,0.06846620542928758,0.0,0.601179868404266
2012-12-07 10:00:00,-0.0077865883,-0.008592376,0.0,0.0,-0.07700252,-0.08261363,0.0,0.0,0.0,0.0,0.0,0.0,-0.015521698,-0.02172536,-0.07700252,-0.08261363,-0.07855081,0.0,0.0,0.0,-0.0077865883,-0.008592376,-0.007522094,0.0,0.0,0.0,0.0,0.0,0.0,0.0,0.0,0.0,0.0,0.0,0.0,0.0,0.0,0.0,0.22307949,1.3009096,0.0,0.0,0.35122263,1.4522022,0.0,0.5685177,0.0,0.22805119,0.0,0.5842639,0.20242037,1.1569703,0.35122263,1.4522022,1.2147496,0.0,0.0,0.0,0.22307949,1.3009096,1.0547546,0.0,0.0,0.0,0.0,0.0,0.0,0.46465474,0.0,0.0,0.46465474,0.0,0.28902006,0.0,0.0,0.5168221,273.2096,273.2096,265.35446,265.35446,273.58212,273.58212,268.9019,268.9019,268.94888,268.94888,269.5757,269.5757,273.9013,273.9013,273.58212,273.58212,273.58212,261.27914,261.27914,261.27914,273.2096,273.2096,273.2096,264.2312,267.58044,262.90787,260.4096,267.58044,264.2312,267.58044,262.90787,260.4096,267.58044,264.2312,267.58044,262.90787,260.4096,267.58044,0.010244124,0.0,0.081586026,0.0,0.0,0.0,0.017033005,0.081586026,0.0,0.010244124,0.0,0.0,0.0,0.0,0.0,0.0,0.0,0.0,0.0,0.0,1.3003273,0.18426591,1.4517843,0.61751264,0.27424714,0.58636403,1.1553972,1.4517843,0.03416458,1.3003273,0.15946783,0.6080221,0.0845775,0.00646956,0.6080221,0.15299179470641647,0.5601778700221025,0.08457750100618615,0.00646955996248952,0.6281397967734498,1.2900832,0.18426591,1.3701982,0.61751264,0.27424714,0.58636403,1.1383641,1.3701982,0.03416458,1.2900832,0.15946783,0.6080221,0.0845775,0.00646956,0.6080221,0.15299179470641647,0.5601778700221025,0.08457750100618615,0.00646955996248952,0.6281397967734498
2012-12-07 11:00:00,-0.13726756,-0.14961687,0.0,0.0,-0.26168233,-0.27906615,0.0,0.0,0.0,0.0,0.0,0.0,-0.025554242,-0.03559699,-0.26168233,-0.27906615,-0.26827824,0.0,0.0,0.0,-0.13726756,-0.14961687,-0.13521367,0.0,0.0,0.0,0.0,0.0,0.0,0.0,0.0,0.0,0.0,0.0,0.0,0.0,0.0,0.0,0.33992273,1.4496385,0.0,0.0,0.49717253,1.6528946,0.0,0.7211348,0.0,0.19669686,0.0,0.5940755,0.27239883,1.2535847,0.49717253,1.6528946,1.4075602,0.0,0.0,0.0,0.33992273,1.4496385,1.2085674,0.0,0.0,0.0,0.0,0.0,0.0,0.5606976,0.0,0.0,0.5606976,0.0,0.3955916,0.0,0.0,0.6120989,273.99857,273.99857,265.84586,265.84586,274.5451,274.5451,269.53625,269.53625,268.75876,268.75876,269.62384,269.62384,274.35092,274.35092,274.5451,274.5451,274.5451,262.19296,262.19296,262.19296,273.99857,273.99857,273.99857,264.59613,268.1175,263.48044,261.40594,268.1175,264.59613,268.1175,263.48044,261.40594,268.1175,264.59613,268.1175,263.48044,261.40594,268.1175,0.17540592,0.0,0.2747497,0.0,0.0,0.0,0.028021013,0.2747497,0.0,0.17540592,0.0,0.0,0.0,0.0,0.0,0.0,0.0,0.0,0.0,0.0,1.449056,0.20795387,1.6524767,0.7225748,0.26315418,0.59615475,1.2520114,1.6524767,0.052929014,1.449056,0.18354158,0.65571374,0.10485808,0.01458512,0.65571374,0.17377788839182684,0.6029667330314938,0.09928556482546268,0.014585119714554185,0.6846949069702426,1.27365,0.20795387,1.377727,0.7225748,0.26315418,0.59615475,1.2239904,1.377727,0.052929014,1.27365,0.18354158,0.65571374,0.10485808,0.01458512,0.65571374,0.17377788839182684,0.6029667330314938,0.09928556482546268,0.014585119714554185,0.6846949069702426
2012-12-07 12:00:00,-0.23480055,-0.25396794,0.0,0.0,-0.27828866,-0.2982377,0.0,0.0,0.0,0.0,0.0,0.0,-0.024929814,-0.03484645,-0.27828866,-0.2982377,-0.28413486,0.0,0.0,0.0,-0.23480055,-0.25396794,-0.23430625,0.0,0.0,0.0,0.0,0.0,0.0,0.0,0.0,0.0,0.0,0.0,0.0,0.0,0.0,0.0,0.4063778,1.5342286,0.0,0.0,0.52607113,1.6926324,0.078326486,0.89011705,0.0,0.14792912,0.0,0.57394844,0.27327755,1.2547979,0.52607113,1.6926324,1.4457374,0.0,0.0,0.0,0.4063778,1.5342286,1.2960489,0.0,0.0,0.0,0.0,0.0,0.0,0.63697857,0.0,0.0,0.63697857,0.0,0.4802347,0.0,0.0,0.6877713,274.4473,274.4473,266.32602,266.32602,274.73578,274.73578,270.23865,270.23865,268.46304,268.46304,269.52512,269.52512,274.35657,274.35657,274.73578,274.73578,274.73578,262.45682,262.45682,262.45682,274.4473,274.4473,274.4473,264.97116,268.54404,263.99316,261.77148,268.54404,264.97116,268.54404,263.99316,261.77148,268.54404,264.97116,268.54404,263.99316,261.77148,268.54404,0.29486158,0.0,0.2938644,0.0,0.0,0.0,0.027433673,0.2938644,0.0,0.29486158,0.0,0.0,0.0,0.0,0.0,0.0,0.0,0.0,0.0,0.0,1.5336461,0.23110045,1.6922145,0.89155114,0.25177136,0.5760704,1.2532246,1.6922145,0.058347035,1.5336461,0.2082817,0.69359225,0.15701045,0.017562581,0.69359225,0.1951393456003908,0.6369512732225531,0.11245634513820461,0.017562581571642838,0.7296131235414767,1.2387844,0.23110045,1.3983501,0.89155114,0.25177136,0.5760704,1.225791,1.3983501,0.058347035,1.2387844,0.2082817,0.69359225,0.15701045,0.017562581,0.69359225,0.1951393456003908,0.6369512732225531,0.11245634513820461,0.017562581571642838,0.7296131235414767
2012-12-07 13:00:00,-0.21071357,-0.22988364,0.0,0.0,-0.15708895,-0.17148031,0.0,0.0,0.0,0.0,0.0,0.0,-0.024040474,-0.033798866,-0.15708895,-0.17148031,-0.1583329,0.0,0.0,0.0,-0.21071357,-0.22988364,-0.20724478,0.0,0.0,0.0,0.0,0.0,0.0,0.0,0.0,0.0,0.0,0.0,0.0,0.0,0.0,0.0,0.41275936,1.5423516,0.0,0.0,0.46054053,1.6025227,0.029579774,0.81409127,0.0,0.15374702,0.0,0.5247851,0.2762034,1.2588375,0.46054053,1.6025227,1.3591665,0.0,0.0,0.0,0.41275936,1.5423516,1.3044497,0.0,0.0,0.0,0.0,0.0,0.0,0.6819929,0.0,0.0,0.6819929,0.0,0.5301837,0.023576297,0.0,0.7324266,274.4904,274.4904,266.50366,266.50366,274.3034,274.3034,269.92264,269.92264,268.49832,268.49832,269.28397,269.28397,274.37537,274.37537,274.3034,274.3034,274.3034,262.33627,262.33627,262.33627,274.4904,274.4904,274.4904,265.425,268.79575,264.46445,261.81244,268.79575,265.425,268.79575,264.46445,261.81244,268.79575,265.425,268.79575,264.46445,261.81244,268.79575,0.26808602,0.0,0.16978502,0.0,0.0,0.0,0.026616905,0.16978502,0.0,0.26808602,0.0,0.0,0.0,0.0,0.0,0.0,0.0,0.0,0.0,0.0,1.5417691,0.23966384,1.6021048,0.8155279,0.25283548,0.53483033,1.2572641,1.6021048,0.055871766,1.5417691,0.23821986,0.7197331,0.20494743,0.017896174,0.7197331,0.22098898594122857,0.6607942526445395,0.12456255074320874,0.017896172639618544,0.7599082001791516,1.2736831,0.23966384,1.4323198,0.8155279,0.25283548,0.53483033,1.2306472,1.4323198,0.055871766,1.2736831,0.23821986,0.7197331,0.20494743,0.017896174,0.7197331,0.22098898594122857,0.6607942526445395,0.12456255074320874,0.017896172639618544,0.7599082001791516
2012-12-07 14:00:00,-0.051520035,-0.057729106,0.0,0.0,-0.032748852,-0.036744423,0.0,0.0,0.0,0.0,0.0,0.0,-0.012426558,-0.01825937,-0.032748852,-0.036744423,-0.032591388,0.0,0.0,0.0,-0.051520035,-0.057729106,-0.04868654,0.0,0.0,0.0,0.0,0.0,0.0,0.0,0.0,0.0,0.0,0.0,0.0,0.0,0.0,0.0,0.30122206,1.4003767,0.0,0.0,0.34848452,1.4484369,0.0,0.5633123,0.0,0.1860173,0.0,0.5618598,0.2461278,1.2173141,0.34848452,1.4484369,1.2111323,0.0,0.0,0.0,0.30122206,1.4003767,1.1576217,0.0,0.0,0.0,0.0,0.0,0.0,0.70734894,0.0,0.0,0.70734894,0.0,0.5583194,0.06905132,0.0,0.75758046,273.73724,273.73724,266.43527,266.43527,273.56406,273.56406,268.88025,268.88025,268.694,268.694,269.46582,269.46582,274.18213,274.18213,273.56406,273.56406,273.56406,262.11163,262.11163,262.11163,273.73724,273.73724,273.73724,265.58072,268.93753,264.7322,261.5567,268.93753,265.58072,268.93753,264.7322,261.5567,268.93753,265.58072,268.93753,264.7322,261.5567,268.93753,0.06901471,0.0,0.036647674,0.0,0.0,0.0,0.014367466,0.036647674,0.0,0.06901471,0.0,0.0,0.0,0.0,0.0,0.0,0.0,0.0,0.0,0.0,1.3997942,0.23636706,1.448019,0.6145375,0.2593758,0.5640074,1.2157409,1.448019,0.05125899,1.3997942,0.24849318,0.7366425,0.23218301,0.015813094,0.7366425,0.22985931844471155,0.6764092648645952,0.13144073814062543,0.015813092796372337,0.7791576017862211,1.3307796,0.23636706,1.4113714,0.6145375,0.2593758,0.5640074,1.2013735,1.4113714,0.05125899,1.3307796,0.24849318,0.7366425,0.23218301,0.015813094,0.7366425,0.22985931844471155,0.6764092648645952,0.13144073814062543,0.015813092796372337,0.7791576017862211
2012-12-07 15:00:00,0.0,0.0,0.0,0.0,-0.0070124334,-0.008083984,0.0,0.0,0.0,0.0,0.0,0.0,-0.0025793344,-0.0039928523,-0.0070124334,-0.008083984,-0.0069372584,0.0,0.0,0.0,0.0,0.0,0.0,0.0,0.0,0.0,0.0,0.0,0.0,0.0,0.0,0.0,0.0,0.0,0.0,0.0,0.0,0.0,0.16268058,1.2240285,0.0,0.0,0.33058017,1.423817,0.0,0.16512144,0.0,0.21413553,0.0,0.54398507,0.20057747,1.1544261,0.33058017,1.423817,1.1874794,0.0,0.0,0.0,0.16268058,1.2240285,0.97524536,0.0,0.0,0.0,0.0,0.0,0.0,0.69902056,0.0,0.0,0.69902056,0.0,0.54907805,0.04962054,0.0,0.7493184,272.80176,272.80176,266.27682,266.27682,273.44592,273.44592,267.22513,267.22513,268.8645,268.8645,269.37814,269.37814,273.88947,273.88947,273.44592,273.44592,273.44592,261.84186,261.84186,261.84186,272.80176,272.80176,272.80176,265.28604,268.89096,264.6178,260.9622,268.89096,265.28604,268.89096,264.6178,260.9622,268.89096,265.28604,268.89096,264.6178,260.9622,268.89096,0.0,0.0,0.008110494,0.0,0.0,0.0,0.0031368257,0.008110494,0.0,0.0,0.0,0.0,0.0,0.0,0.0,0.0,0.0,0.0,0.0,0.0,1.2234478,0.22872901,1.4233992,0.45529813,0.26932386,0.5461705,1.1528528,1.4233992,0.045719396,1.2234478,0.2290538,0.7310885,0.22054565,0.010970553,0.7310885,0.21307469554570482,0.6712804425125065,0.12850179073318124,0.010970553604692252,0.7728350475777865,1.2234478,0.22872901,1.4152887,0.45529813,0.26932386,0.5461705,1.1497159,1.4152887,0.045719396,1.2234478,0.2290538,0.7310885,0.22054565,0.010970553,0.7310885,0.21307469554570482,0.6712804425125065,0.12850179073318124,0.010970553604692252,0.7728350475777865
2012-12-07 16:00:00,0.0,0.0,0.0,0.0,0.0,0.0,0.0,0.0,0.0,0.0,0.0,0.0,0.0,0.0,0.0,0.0,0.0,0.0,0.0,0.0,0.0,0.0,0.0,0.0,0.0,0.0,0.0,0.0,0.0,0.0,0.0,0.0,0.0,0.0,0.0,0.0,0.0,0.0,0.11072865,1.1578993,0.0,0.0,0.30861017,1.3936067,0.0,0.11809622,0.0,0.23583192,0.0,0.5330474,0.1430814,1.0750453,0.30861017,1.3936067,1.1584554,0.0,0.0,0.0,0.11072865,1.1578993,0.9068558,0.0,0.0,0.0,0.0,0.0,0.0,0.68053025,0.0,0.0,0.68053025,0.0,0.5285607,0.00013907254,0.0,0.7309756,272.45096,272.45096,266.1948,266.1948,273.30096,273.30096,267.02966,267.02966,268.99606,268.99606,269.3245,269.3245,273.52005,273.52005,273.30096,273.30096,273.30096,261.5128,261.5128,261.5128,272.45096,272.45096,272.45096,265.08328,268.78757,264.32645,261.26236,268.78757,265.08328,268.78757,264.32645,261.26236,268.78757,265.08328,268.78757,264.32645,261.26236,268.78757,0.0,0.0,0.0,0.0,0.0,0.0,0.0,0.0,0.0,0.0,0.0,0.0,0.0,0.0,0.0,0.0,0.0,0.0,0.0,0.0,1.1573204,0.22477464,1.3931887,0.43765816,0.2769999,0.5394021,1.073472,1.3931887,0.03896222,1.1573204,0.21567816,0.7187577,0.19091058,0.013415562,0.7187577,0.20152570688155802,0.6598935158225475,0.12101762671641156,0.013415562356263804,0.7587978171333716,1.1573204,0.22477464,1.3931887,0.43765816,0.2769999,0.5394021,1.073472,1.3931887,0.03896222,1.1573204,0.21567816,0.7187577,0.19091058,0.013415562,0.7187577,0.20152570688155802,0.6598935158225475,0.12101762671641156,0.013415562356263804,0.7587978171333716
2012-12-07 17:00:00,0.0,0.0,0.0,0.0,0.0,0.0,0.0,0.0,0.0,0.0,0.0,0.0,0.0,0.0,0.0,0.0,0.0,0.0,0.0,0.0,0.0,0.0,0.0,0.0,0.0,0.0,0.0,0.0,0.0,0.0,0.0,0.0,0.0,0.0,0.0,0.0,0.0,0.0,0.09088796,1.1326443,0.0,0.0,0.30501178,1.3886584,0.0,0.16686884,0.0,0.24336097,0.0,0.5411542,0.050365727,0.9470395,0.30501178,1.3886584,1.1537015,0.0,0.0,0.0,0.09088796,1.1326443,0.8807375,0.0,0.0,0.0,0.0,0.0,0.0,0.668267,0.0,0.0,0.668267,0.0,0.51495314,0.0,0.0,0.71881026,272.317,272.317,266.31113,266.31113,273.27722,273.27722,267.2324,267.2324,269.04172,269.04172,269.36426,269.36426,272.92435,272.92435,273.27722,273.27722,273.27722,260.36563,260.36563,260.36563,272.317,272.317,272.317,265.06,268.719,264.2723,262.8746,268.719,265.06,268.719,264.2723,262.8746,268.719,265.06,268.719,264.2723,262.8746,268.719,0.0,0.0,0.0,0.0,0.0,0.0,0.0,0.0,0.0,0.0,0.0,0.0,0.0,0.0,0.0,0.0,0.0,0.0,0.0,0.0,1.132066,0.23038255,1.3882406,0.4559536,0.27966362,0.5439421,0.94546634,1.3882406,0.015406414,1.132066,0.21414208,0.71057963,0.18540387,0.026547914,0.71057963,0.20019941573906197,0.6523414425426366,0.11962693781248893,0.026547914160404206,0.7494880010741624,1.132066,0.23038255,1.3882406,0.4559536,0.27966362,0.5439421,0.94546634,1.3882406,0.015406414,1.132066,0.21414208,0.71057963,0.18540387,0.026547914,0.71057963,0.20019941573906197,0.6523414425426366,0.11962693781248893,0.026547914160404206,0.7494880010741624
2012-12-07 18:00:00,0.0,0.0,0.0,0.0,0.0,0.0,0.0,0.0,0.0,0.0,0.0,0.0,0.0,0.0,0.0,0.0,0.0,0.0,0.0,0.0,0.0,0.0,0.0,0.0,0.0,0.0,0.0,0.0,0.0,0.0,0.0,0.0,0.0,0.0,0.0,0.0,0.0,0.0,0.09031398,1.1319135,0.0,0.0,0.30117738,1.383386,0.0,0.15450509,0.0,0.24891213,0.0,0.5438669,0.06253466,0.9638402,0.30117738,1.383386,1.1486361,0.0,0.0,0.0,0.09031398,1.1319135,0.8799819,0.0,0.0,0.0,0.0,0.0,0.0,0.6689766,0.0,0.0,0.6689766,0.0,0.5157404,0.0,0.0,0.7195141,272.3131,272.3131,266.30746,266.30746,273.25192,273.25192,267.181,267.181,269.07538,269.07538,269.37756,269.37756,273.00253,273.00253,273.25192,273.25192,273.25192,259.22144,259.22144,259.22144,272.3131,272.3131,272.3131,264.99512,268.72296,264.32483,263.2747,268.72296,264.99512,268.72296,264.32483,263.2747,268.72296,264.99512,268.72296,264.32483,263.2747,268.72296,0.0,0.0,0.0,0.0,0.0,0.0,0.0,0.0,0.0,0.0,0.0,0.0,0.0,0.0,0.0,0.0,0.0,0.0,0.0,0.0,1.1313355,0.23020601,1.3829681,0.4513157,0.2816276,0.5460525,0.96226704,1.3829681,0.0,1.1313355,0.20986204,0.7110528,0.19074607,0.029806767,0.7110528,0.1965038784272053,0.6527783671204686,0.12097607851353226,0.02980676580061395,0.750026619715772,1.1313355,0.23020601,1.3829681,0.4513157,0.2816276,0.5460525,0.96226704,1.3829681,0.0,1.1313355,0.20986204,0.7110528,0.19074607,0.029806767,0.7110528,0.1965038784272053,0.6527783671204686,0.12097607851353226,0.02980676580061395,0.750026619715772
2012-12-07 19:00:00,0.0,0.0,0.0,0.0,0.0,0.0,0.0,0.0,0.0,0.0,0.0,0.0,0.0,0.0,0.0,0.0,0.0,0.0,0.0,0.0,0.0,0.0,0.0,0.0,0.0,0.0,0.0,0.0,0.0,0.0,0.0,0.0,0.0,0.0,0.0,0.0,0.0,0.0,0.10239015,1.1472851,0.0,0.0,0.30492386,1.3885376,0.0,0.118389904,0.0,0.27038205,0.0,0.5272986,0.050465483,0.9471772,0.30492386,1.3885376,1.1535854,0.0,0.0,0.0,0.10239015,1.1472851,0.895879,0.0,0.0,0.0,0.0,0.0,0.0,0.6795315,0.0,0.0,0.6795315,0.0,0.52745247,0.014438786,0.0,0.7299849,272.39465,272.39465,266.39545,266.39545,273.27664,273.27664,267.03088,267.03088,269.20557,269.20557,269.2963,269.2963,272.925,272.925,273.27664,273.27664,273.27664,255.98538,255.98538,255.98538,272.39465,272.39465,272.39465,264.93384,268.78198,264.41064,263.3367,268.78198,264.93384,268.78198,264.41064,263.3367,268.78198,264.93384,268.78198,264.41064,263.3367,268.78198,0.0,0.0,0.0,0.0,0.0,0.0,0.0,0.0,0.0,0.0,0.0,0.0,0.0,0.0,0.0,0.0,0.0,0.0,0.0,0.0,1.1467067,0.23444726,1.3881198,0.4377683,0.2892235,0.53622115,0.9456041,1.3881198,0.0,1.1467067,0.20581956,0.71809167,0.19947486,0.030311875,0.71809167,0.1930134556039653,0.6592784604552917,0.12318048505120442,0.030311875375969112,0.7580396078147976,1.1467067,0.23444726,1.3881198,0.4377683,0.2892235,0.53622115,0.9456041,1.3881198,0.0,1.1467067,0.20581956,0.71809167,0.19947486,0.030311875,0.71809167,0.1930134556039653,0.6592784604552917,0.12318048505120442,0.030311875375969112,0.7580396078147976
2012-12-07 20:00:00,0.0,0.0,0.0,0.0,0.0,0.0,0.0,0.0,0.0,0.0,0.0,0.0,0.0,0.0,0.0,0.0,0.0,0.0,0.0,0.0,0.0,0.0,0.0,0.0,0.0,0.0,0.0,0.0,0.0,0.0,0.0,0.0,0.0,0.0,0.0,0.0,0.0,0.0,0.113110445,1.1609311,0.0,0.0,0.30747706,1.3920484,0.0,0.053391695,0.0,0.30743855,0.0,0.49543145,0.0065822816,0.8865907,0.30747706,1.3920484,1.1569585,0.0,0.0,0.0,0.113110445,1.1609311,0.90999126,0.0,0.0,0.0,0.0,0.0,0.0,0.6576792,0.0,0.0,0.6576792,0.0,0.5032046,0.03327357,0.0,0.7083068,272.46704,272.46704,266.80374,266.80374,273.2935,273.2935,266.7607,266.7607,269.43027,269.43027,269.13998,269.13998,272.64304,272.64304,273.2935,273.2935,273.2935,255.20322,255.20322,255.20322,272.46704,272.46704,272.46704,265.06726,268.6598,264.52155,263.18848,268.6598,265.06726,268.6598,264.52155,263.18848,268.6598,265.06726,268.6598,264.52155,263.18848,268.6598,0.0,0.0,0.0,0.0,0.0,0.0,0.0,0.0,0.0,0.0,0.0,0.0,0.0,0.0,0.0,0.0,0.0,0.0,0.0,0.0,1.1603521,0.25412935,1.3916305,0.41338632,0.30834034,0.5185881,0.885018,1.3916305,0.0,1.1603521,0.21462123,0.7038715,0.21075524,0.029104535,0.7038715,0.20061312123305164,0.64617380745341,0.12602928069768404,0.02910453423054586,0.7418027776485588,1.1603521,0.25412935,1.3916305,0.41338632,0.30834034,0.5185881,0.885018,1.3916305,0.0,1.1603521,0.21462123,0.7038715,0.21075524,0.029104535,0.7038715,0.20061312123305164,0.64617380745341,0.12602928069768404,0.02910453423054586,0.7418027776485588
2012-12-07 21:00:00,0.0,0.0,0.0,0.0,0.0,0.0,0.0,0.0,0.0,0.0,0.0,0.0,0.0,0.0,0.0,0.0,0.0,0.0,0.0,0.0,0.0,0.0,0.0,0.0,0.0,0.0,0.0,0.0,0.0,0.0,0.0,0.0,0.0,0.0,0.0,0.0,0.0,0.0,0.115731776,1.1642677,0.0,0.0,0.31371185,1.4006218,0.0,0.0,0.0,0.26079956,0.0,0.4826833,0.0,0.79530776,0.31371185,1.4006218,1.165195,0.0,0.0,0.0,0.115731776,1.1642677,0.9134419,0.0,0.0,0.0,0.0,0.0,0.0,0.6307624,0.0,0.0,0.6307624,0.0,0.47333708,0.0429812,0.0,0.68160474,272.48474,272.48474,267.1409,267.1409,273.33463,273.33463,266.4595,266.4595,269.14746,269.14746,269.07745,269.07745,272.21823,272.21823,273.33463,273.33463,273.33463,258.3034,258.3034,258.3034,272.48474,272.48474,272.48474,265.3288,268.50928,264.5787,262.6832,268.50928,265.3288,268.50928,264.5787,262.6832,268.50928,265.3288,268.50928,264.5787,262.6832,268.50928,0.0,0.0,0.0,0.0,0.0,0.0,0.0,0.0,0.0,0.0,0.0,0.0,0.0,0.0,0.0,0.0,0.0,0.0,0.0,0.0,1.1636887,0.2703823,1.400204,0.38620338,0.2858333,0.5115342,0.79373556,1.400204,0.0,1.1636887,0.23187429,0.6905055,0.21656927,0.024988836,0.6905055,0.21550999553343353,0.6341818383454252,0.12749757850887183,0.024988835786079605,0.7259526922132491,1.1636887,0.2703823,1.400204,0.38620338,0.2858333,0.5115342,0.79373556,1.400204,0.0,1.1636887,0.23187429,0.6905055,0.21656927,0.024988836,0.6905055,0.21550999553343353,0.6341818383454252,0.12749757850887183,0.024988835786079605,0.7259526922132491
2012-12-07 22:00:00,0.0,0.0,0.0,0.0,0.0,0.0,0.0,0.0,0.0,0.0,0.0,0.0,0.0,0.0,0.0,0.0,0.0,0.0,0.0,0.0,0.0,0.0,0.0,0.0,0.0,0.0,0.0,0.0,0.0,0.0,0.0,0.0,0.0,0.0,0.0,0.0,0.0,0.0,0.112174906,1.1597402,0.0,0.005612448,0.3222593,1.4123753,0.0,0.0,0.0,0.20591193,0.0,0.49162382,0.0,0.68073195,0.3222593,1.4123753,1.176487,0.0,0.0,0.0,0.112174906,1.1597402,0.90875983,0.0,0.0,0.0,0.0,0.0,0.0,0.57957554,0.0,0.0,0.57957554,0.0,0.41653886,0.0,0.0,0.6308261,272.46072,272.46072,267.2933,267.2933,273.39102,273.39102,266.14035,266.14035,268.81464,268.81464,269.1213,269.1213,271.68503,271.68503,273.39102,273.39102,273.39102,258.3196,258.3196,258.3196,272.46072,272.46072,272.46072,265.56595,268.22305,263.5156,262.26917,268.22305,265.56595,268.22305,263.5156,262.26917,268.22305,265.56595,268.22305,263.5156,262.26917,268.22305,0.0,0.0,0.0,0.0,0.0,0.0,0.0,0.0,0.0,0.0,0.0,0.0,0.0,0.0,0.0,0.0,0.0,0.0,0.0,0.0,1.1591613,0.27772903,1.4119574,0.35740107,0.2664144,0.5164812,0.6791604,1.4119574,0.0,1.1591613,0.2475188,0.6650878,0.10843403,0.021616384,0.6650878,0.22901800138970746,0.6113771590543079,0.10018865029182054,0.021616384206924338,0.695811177351576,1.1591613,0.27772903,1.4119574,0.35740107,0.2664144,0.5164812,0.6791604,1.4119574,0.0,1.1591613,0.2475188,0.6650878,0.10843403,0.021616384,0.6650878,0.22901800138970746,0.6113771590543079,0.10018865029182054,0.021616384206924338,0.695811177351576
2012-12-07 23:00:00,0.0,0.0,0.0,0.0,0.0,0.0,0.0,0.0,0.0,0.0,0.0,0.0,0.0,0.0,0.0,0.0,0.0,0.0,0.0,0.0,0.0,0.0,0.0,0.0,0.0,0.0,0.0,0.0,0.0,0.0,0.0,0.0,0.0,0.0,0.0,0.0,0.0,0.0,0.10436969,1.149805,0.0,0.0068291873,0.32496044,1.4160894,0.0,0.0,0.0,0.19267066,0.0,0.49218372,0.0,0.5753107,0.32496044,1.4160894,1.1800553,0.0,0.0,0.0,0.10436969,1.149805,0.8984849,0.0,0.0,0.0,0.0,0.0,0.0,0.5499352,0.0,0.0,0.5499352,0.0,0.38364938,0.0,0.0,0.6014223,272.40802,272.40802,267.30008,267.30008,273.40884,273.40884,265.72043,265.72043,268.73434,268.73434,269.12405,269.12405,271.19443,271.19443,273.40884,273.40884,273.40884,261.81122,261.81122,261.81122,272.40802,272.40802,272.40802,265.71045,268.0573,263.14886,261.48007,268.0573,265.71045,268.0573,263.14886,261.48007,268.0573,265.71045,268.0573,263.14886,261.48007,268.0573,0.0,0.0,0.0,0.0,0.0,0.0,0.0,0.0,0.0,0.0,0.0,0.0,0.0,0.0,0.0,0.0,0.0,0.0,0.0,0.0,1.1492263,0.27805564,1.4156717,0.3195047,0.26172972,0.51679105,0.5737397,1.4156717,0.04509024,1.1492263,0.25705126,0.6503695,0.09076818,0.015188915,0.6503695,0.23724865481004684,0.5981718905576604,0.09076818323520366,0.015188914576039264,0.6783574437751025,1.1492263,0.27805564,1.4156717,0.3195047,0.26172972,0.51679105,0.5737397,1.4156717,0.04509024,1.1492263,0.25705126,0.6503695,0.09076818,0.015188915,0.6503695,0.23724865481004684,0.5981718905576604,0.09076818323520366,0.015188914576039264,0.6783574437751025
