,CH-Dav_REF_GPP_WRF,IT-Lav_REF_GPP_WRF,IT-Ren_REF_GPP_WRF,AT-Neu_REF_GPP_WRF,IT-MBo_REF_GPP_WRF,CH-Dav_ALPS_GPP_WRF,IT-Lav_ALPS_GPP_WRF,IT-Ren_ALPS_GPP_WRF,AT-Neu_ALPS_GPP_WRF,IT-MBo_ALPS_GPP_WRF,CH-Dav_SITE_GPP_WRF,IT-Lav_SITE_GPP_WRF,IT-Ren_SITE_GPP_WRF,AT-Neu_SITE_GPP_WRF,IT-MBo_SITE_GPP_WRF,CH-Dav_REF_RECO_WRF,IT-Lav_REF_RECO_WRF,IT-Ren_REF_RECO_WRF,AT-Neu_REF_RECO_WRF,IT-MBo_REF_RECO_WRF,CH-Dav_ALPS_RECO_WRF,IT-Lav_ALPS_RECO_WRF,IT-Ren_ALPS_RECO_WRF,AT-Neu_ALPS_RECO_WRF,IT-MBo_ALPS_RECO_WRF,CH-Dav_SITE_RECO_WRF,IT-Lav_SITE_RECO_WRF,IT-Ren_SITE_RECO_WRF,AT-Neu_SITE_RECO_WRF,IT-MBo_SITE_RECO_WRF,CH-Dav_REF_T2_WRF,IT-Lav_REF_T2_WRF,IT-Ren_REF_T2_WRF,AT-Neu_REF_T2_WRF,IT-MBo_REF_T2_WRF,CH-Dav_ALPS_T2_WRF,IT-Lav_ALPS_T2_WRF,IT-Ren_ALPS_T2_WRF,AT-Neu_ALPS_T2_WRF,IT-MBo_ALPS_T2_WRF,CH-Dav_SITE_T2_WRF,IT-Lav_SITE_T2_WRF,IT-Ren_SITE_T2_WRF,AT-Neu_SITE_T2_WRF,IT-MBo_SITE_T2_WRF,CH-Dav_ALPS_GPP_recalc,IT-Lav_ALPS_GPP_recalc,IT-Ren_ALPS_GPP_recalc,AT-Neu_ALPS_GPP_recalc,IT-MBo_ALPS_GPP_recalc,CH-Dav_SITE_GPP_recalc,IT-Lav_SITE_GPP_recalc,IT-Ren_SITE_GPP_recalc,AT-Neu_SITE_GPP_recalc,IT-MBo_SITE_GPP_recalc,CH-Dav_ALPS_RECO_recalc,IT-Lav_ALPS_RECO_recalc,IT-Ren_ALPS_RECO_recalc,AT-Neu_ALPS_RECO_recalc,IT-MBo_ALPS_RECO_recalc,CH-Dav_SITE_RECO_recalc,IT-Lav_SITE_RECO_recalc,IT-Ren_SITE_RECO_recalc,AT-Neu_SITE_RECO_recalc,IT-MBo_SITE_RECO_recalc,CH-Dav_ALPS_NEE_recalc,IT-Lav_ALPS_NEE_recalc,IT-Ren_ALPS_NEE_recalc,AT-Neu_ALPS_NEE_recalc,IT-MBo_ALPS_NEE_recalc,CH-Dav_SITE_NEE_recalc,IT-Lav_SITE_NEE_recalc,IT-Ren_SITE_NEE_recalc,AT-Neu_SITE_NEE_recalc,IT-MBo_SITE_NEE_recalc
2012-01-20 00:00:00,0.0,0.0,0.0,0.0,0.0,0.0,0.0,0.0,0.0,0.0,0.0,0.0,0.0,0.0,0.0,0.67544395,0.61171126,0.39406642,0.5680213,0.6990832,1.4862185,1.4407285,1.195992,1.4197093,1.9567182,1.3114656,0.8011478,1.242128,1.3884034,2.799004,272.08136,271.657,270.49512,273.36832,274.25916,272.08136,271.657,270.49512,273.36832,274.25916,272.08136,271.657,270.49512,273.36832,274.25916,0.0,0.0,0.0,0.0,0.0,0.0,0.0,0.0,0.0,0.0,1.4892092,1.4437273,1.1989534,1.4224123,1.9595716,1.1560081783905065,0.8753484932762721,0.43899972356928785,1.635528302438345,2.7985153657520265,1.4892092,1.4437273,1.1989534,1.4224123,1.9595716,1.1560081783905065,0.8753484932762721,0.43899972356928785,1.635528302438345,2.7985153657520265
2012-01-20 01:00:00,0.0,0.0,0.0,0.0,0.0,0.0,0.0,0.0,0.0,0.0,0.0,0.0,0.0,0.0,0.0,0.79764616,0.39923888,0.8568171,0.548765,0.7225335,1.6167307,1.233813,1.6834532,1.3449056,2.0450795,1.5821165,0.43934172,1.725976,1.3113985,2.8806677,272.78256,270.47464,273.13074,273.14536,274.49686,272.78256,270.47464,273.13074,273.14536,274.49686,272.78256,270.47464,273.13074,273.14536,274.49686,0.0,0.0,0.0,0.0,0.0,0.0,0.0,0.0,0.0,0.0,1.6197215,1.236812,1.6864144,1.3476086,2.0479329,1.2592546472707689,0.740560139131476,1.2553299591401674,1.559925408904884,2.880103231020784,1.6197215,1.236812,1.6864144,1.3476086,2.0479329,1.2592546472707689,0.740560139131476,1.2553299591401674,1.559925408904884,2.880103231020784
2012-01-20 02:00:00,0.0,0.0,0.0,0.0,0.0,0.0,0.0,0.0,0.0,0.0,0.0,0.0,0.0,0.0,0.0,0.79894376,0.7504786,0.78352314,0.4797838,0.63213724,1.6181167,1.5758663,1.6062453,1.0769393,1.7044647,1.5849904,1.0374461,1.6493403,1.035547,2.565873,272.79,272.42923,272.7133,272.34665,273.58057,272.79,272.42923,272.7133,272.34665,273.58057,272.79,272.42923,272.7133,272.34665,273.58057,0.0,0.0,0.0,0.0,0.0,0.0,0.0,0.0,0.0,0.0,1.6211075,1.5788652,1.6092066,1.0796423,1.7073182,1.2603510540430536,0.9633797887873169,1.126033246477784,1.2890961001781185,2.565598717643657,1.6211075,1.5788652,1.6092066,1.0796423,1.7073182,1.2603510540430536,0.9633797887873169,1.126033246477784,1.2890961001781185,2.565598717643657
2012-01-20 03:00:00,0.0,0.0,0.0,0.0,0.0,0.0,0.0,0.0,0.0,0.0,0.0,0.0,0.0,0.0,0.0,0.9927271,0.76026213,0.8602517,0.59253585,0.64848536,1.8250779,1.5853939,1.6870712,1.5149391,1.7660646,2.0141773,1.0541059,1.7295672,1.4864354,2.622803,273.90195,272.48367,273.1503,273.65216,273.74628,273.90195,272.48367,273.1503,273.65216,273.74628,273.90195,272.48367,273.1503,273.65216,273.74628,0.0,0.0,0.0,0.0,0.0,0.0,0.0,0.0,0.0,0.0,1.8280686,1.5883927,1.6900324,1.517642,1.768918,1.4240751407437209,0.9695862316892969,1.2613888225670689,1.7317755667080854,2.6224766362993703,1.8280686,1.5883927,1.6900324,1.517642,1.768918,1.4240751407437209,0.9695862316892969,1.2613888225670689,1.7317755667080854,2.6224766362993703
2012-01-20 04:00:00,0.0,0.0,0.0,0.0,0.0,0.0,0.0,0.0,0.0,0.0,0.0,0.0,0.0,0.0,0.0,0.68274623,0.8792377,0.58590406,0.5766875,0.55015594,1.4940172,1.7012577,1.3980737,1.453374,1.3955574,1.3276385,1.256702,1.4427117,1.4230589,2.280382,272.12326,273.14575,271.58774,273.46866,272.74957,272.12326,273.14575,271.58774,273.46866,272.74957,272.12326,273.14575,271.58774,273.46866,272.74957,0.0,0.0,0.0,0.0,0.0,0.0,0.0,0.0,0.0,0.0,1.497008,1.7042565,1.4010348,1.456077,1.3984109,1.1621777132197966,1.0450620045359662,0.7774170204076023,1.669552708945055,2.280371143979737,1.497008,1.7042565,1.4010348,1.456077,1.3984109,1.1621777132197966,1.0450620045359662,0.7774170204076023,1.669552708945055,2.280371143979737
2012-01-20 05:00:00,0.0,0.0,0.0,0.0,0.0,0.0,0.0,0.0,0.0,0.0,0.0,0.0,0.0,0.0,0.0,0.9779205,0.11640662,0.44671017,0.59410405,0.55137527,1.8092644,0.95837826,1.251447,1.5210311,1.400152,1.9813842,0.0,1.2971717,1.4927069,2.284628,273.817,268.90073,270.79495,273.67032,272.76193,273.817,268.90073,270.79495,273.67032,272.76193,273.817,268.90073,270.79495,273.67032,272.76193,0.0,0.0,0.0,0.0,0.0,0.0,0.0,0.0,0.0,0.0,1.8122551,0.9613771,1.2544082,1.5237341,1.4030054,1.4115653192107682,0.5611368845200856,0.5318676380299878,1.737932659734695,2.2846134196805785,1.8122551,0.9613771,1.2544082,1.5237341,1.4030054,1.4115653192107682,0.5611368845200856,0.5318676380299878,1.737932659734695,2.2846134196805785
2012-01-20 06:00:00,0.0,0.0,0.0,0.0,0.0,0.0,0.0,0.0,0.0,0.0,0.0,0.0,0.0,0.0,0.0,0.8971225,0.22257704,0.5803316,0.5582719,0.5939044,1.7229719,1.0617718,1.3922037,1.3818365,1.5604025,1.8024347,0.13851511,1.4368851,1.3494161,2.432731,273.35336,269.49155,271.556,273.25543,273.19302,273.35336,269.49155,271.556,273.25543,273.19302,273.35336,269.49155,271.556,273.25543,273.19302,0.0,0.0,0.0,0.0,0.0,0.0,0.0,0.0,0.0,0.0,1.7259626,1.0647707,1.3951648,1.3845395,1.563256,1.3433005172249153,0.6284893142187035,0.7675867271720678,1.5972508451182967,2.4325798062239685,1.7259626,1.0647707,1.3951648,1.3845395,1.563256,1.3433005172249153,0.6284893142187035,0.7675867271720678,1.5972508451182967,2.4325798062239685
2012-01-20 07:00:00,0.0,0.0,0.0,-9.763986e-05,0.0,0.0,0.0,0.0,-0.00014757694,0.0,0.0,0.0,0.0,-9.479789e-05,0.0,0.8319448,0.16626173,0.04426534,0.5798845,0.5630146,1.6533618,1.0069294,0.8275121,1.4657936,1.4440094,1.6580803,0.042619348,0.87637913,1.4358436,2.325161,272.97937,269.17816,268.5028,273.50568,272.8799,272.97937,269.17816,268.5028,273.50568,272.8799,272.97937,269.17816,268.5028,273.50568,272.8799,0.0,0.0,0.0,0.00023325524,0.0,0.0,0.0,0.0,0.00023325524653177313,0.0,1.6563526,1.0099282,0.8456019,1.4684964,1.4468627,1.2882330377398818,0.5927639991063529,0.0,1.6821049002749326,2.3251088218026754,1.6563526,1.0099282,0.8456019,1.4682633,1.4468627,1.2882330377398818,0.5927639991063529,0.0,1.6818716450284008,2.3251088218026754
2012-01-20 08:00:00,0.0,-0.33155543,0.0,-0.0040522176,-0.003976041,0.0,-0.45335212,0.0,-0.0057801134,-0.004907131,0.0,-0.34989205,0.0,-0.004120732,-0.0037709083,0.7550612,0.9742592,0.6059328,0.58795244,0.6130434,1.5712498,1.7937938,1.4191719,1.497134,1.6325188,1.4878002,1.418508,1.4636536,1.4681065,2.4993804,272.5382,273.67453,271.7018,273.5991,273.38702,272.5382,273.67453,271.7018,273.5991,273.38702,272.5382,273.67453,271.7018,273.5991,273.38702,0.0,0.740572,0.0,0.009381829,0.0074383724,0.0,0.5346726090091084,0.0,0.009381828878518052,0.007438372205489011,1.5742407,1.7967927,1.4221331,1.499837,1.6353722,1.2232754299523956,1.1053417333266662,0.8127493628253222,1.7137802981815744,2.4991678225949396,1.5742407,1.0562208,1.4221331,1.4904552,1.6279337,1.2232754299523956,0.5706691243175578,0.8127493628253222,1.7043984693030563,2.4917294503894505
2012-01-20 09:00:00,0.0,-0.8682915,0.0,-0.015223209,-0.018271621,0.0,-1.1377537,0.0,-0.020696923,-0.021814197,0.0,-0.95417446,0.0,-0.016149469,-0.017932583,0.67926794,1.0523186,0.64534193,0.62900054,0.6641651,1.4903024,1.8698117,1.4606854,1.6565912,1.8251461,1.3199348,1.5514306,1.5048594,1.6322557,2.6774058,272.1033,274.10892,271.92627,274.07437,273.9052,272.1033,274.10892,271.92627,274.07437,273.9052,272.1033,274.10892,271.92627,274.07437,273.9052,0.0,1.8819866,0.0,0.034094818,0.03341507,0.0,1.422884876613237,0.0,0.03409481731344607,0.03341507201636204,1.4932932,1.8728105,1.4636467,1.659294,1.8279996,1.1592389835924437,1.1548610765255363,0.8822703308516272,1.8749409146461415,2.6770291593857345,1.4932932,-0.009176144,1.4636467,1.6251992,1.7945845,1.1592389835924437,-0.26802380008770066,0.8822703308516272,1.8408460973326954,2.6436140873693725
2012-01-20 10:00:00,0.0,-1.5580217,0.0,-0.010969461,-0.028615702,0.0,-2.0034313,0.0,-0.014850762,-0.033829737,0.0,-1.7450128,0.0,-0.011682532,-0.028391207,0.447011,1.1549628,0.63905686,0.60399574,0.69708407,1.2422512,1.9697711,1.4540647,1.5594568,1.9491856,0.8055373,1.726217,1.4982877,1.5322633,2.7920423,270.7706,274.6801,271.89047,273.78485,274.2389,270.7706,274.6801,271.89047,273.78485,274.2389,270.7706,274.6801,271.89047,273.78485,274.2389,0.0,3.3112779,0.0,0.024629986,0.05185267,0.0,2.5458474009901004,0.0,0.024629986072600182,0.05185266922290278,1.2452419,1.9727701,1.457026,1.5621598,1.9520389,0.9630091321757639,1.219976542779102,0.8711828943465483,1.7767689120521164,2.7915601285536114,1.2452419,-1.3385078,1.457026,1.5375298,1.9001863,0.9630091321757639,-1.3258708582109984,0.8711828943465483,1.7521389259795161,2.7397074593307087
2012-01-20 11:00:00,0.0,-1.2587129,0.0,-0.032753803,-0.027430272,0.0,-1.6177492,0.0,-0.043105163,-0.03210458,0.0,-1.4105045,0.0,-0.035839684,-0.027528359,0.39959168,1.099651,0.539331,0.6809552,0.6838129,1.1916071,1.9159061,1.3490137,1.8584156,1.8991795,0.7005139,1.6320301,1.3940153,1.8400192,2.7458274,270.4985,274.3723,271.32248,274.67593,274.10437,270.4985,274.3723,271.32248,274.67593,274.10437,270.4985,274.3723,271.32248,274.67593,274.10437,0.0,2.6879318,0.0,0.071377166,0.049554043,0.0,2.0754125984444936,0.0,0.07137716373870173,0.04955404411083926,1.1945978,1.918905,1.351975,1.8611184,1.902033,0.9229453502835927,1.1848878751168985,0.6952584542506147,2.078921784798289,2.7453874093207595,1.1945978,-0.76902676,1.351975,1.7897413,1.8524789,0.9229453502835927,-0.890524723327595,0.6952584542506147,2.007544621059587,2.6958333652099205
2012-01-20 12:00:00,0.0,-1.4470091,0.0,-0.013631009,0.0,0.0,-1.8713385,0.0,-0.019184787,0.0,0.0,-1.6112336,0.0,-0.0140206795,0.0,0.3566345,1.1450093,0.5000237,0.657234,0.46572092,1.1457286,1.960078,1.3076073,1.7662677,1.0774046,0.6053733,1.7092679,1.3529159,1.7451597,1.9863461,270.252,274.62473,271.0986,274.40128,271.8937,270.252,274.62473,271.0986,274.40128,271.8937,270.252,274.62473,271.0986,274.40128,271.8937,0.0,3.087751,0.0,0.030926483,0.0,0.0,2.3585104367982543,0.0,0.030926483556976848,0.0,1.1487194,1.963077,1.3105687,1.7689705,1.080258,0.8866515900387445,1.2136622524948566,0.6259170781199588,1.985789285236127,1.986606645140053,1.1487194,-1.124674,1.3105687,1.738044,1.080258,0.8866515900387445,-1.1448481843033977,0.6259170781199588,1.95486280167915,1.986606645140053
2012-01-20 13:00:00,0.0,-1.0412252,0.0,-0.032230955,0.0,0.0,-1.3419571,0.0,-0.042288937,0.0,0.0,-1.1634562,0.0,-0.03537287,0.0,0.29772726,1.0641639,0.5093094,0.67571807,0.50746125,1.0828155,1.8813473,1.317389,1.8380715,1.234683,0.47490692,1.5716014,1.362625,1.8190764,2.131702,269.914,274.17484,271.1515,274.6153,272.3168,269.914,274.17484,271.1515,274.6153,272.3168,269.914,274.17484,271.1515,274.6153,272.3168,0.0,2.2341256,0.0,0.070192166,0.0,0.0,1.7230181254956445,0.0,0.07019216589754276,0.0,1.0858063,1.8843461,1.3203502,1.8407743,1.2375364,0.8368819121296273,1.1623756038059607,0.6422977494441718,2.058360198506065,2.131828645921418,1.0858063,-0.34977943,1.3203502,1.7705821,1.2375364,0.8368819121296273,-0.5606425216896838,0.6422977494441718,1.988168032608522,2.131828645921418
2012-01-20 14:00:00,0.0,-0.52559775,0.0,-0.019056441,0.0,0.0,-0.71916354,0.0,-0.026298076,0.0,0.0,-0.55432314,0.0,-0.019943494,0.0,0.15277812,1.0317042,0.2266512,0.6673999,0.5018102,0.92800933,1.8497363,1.0196371,1.805758,1.2133896,0.15387663,1.5163276,1.06708,1.7858123,2.112023,269.08228,273.9942,269.5416,274.51898,272.25952,269.08228,273.9942,269.5416,274.51898,272.25952,269.08228,273.9942,269.5416,274.51898,272.25952,0.0,1.1682196,0.0,0.042706978,0.0,0.0,0.8394791165219206,0.0,0.042706978270592486,0.0,0.936902,1.8527353,1.0225984,1.8084611,1.216243,0.720318836834599,1.1417837116889091,0.14366557727671087,2.0257017353262667,2.1121675311301153,0.936902,0.6845158,1.0225984,1.7657541,1.216243,0.720318836834599,0.3023045951669885,0.14366557727671087,1.9829947570556743,2.1121675311301153
2012-01-20 15:00:00,0.0,-0.17761415,0.0,-0.00039763577,0.0,0.0,-0.25362146,0.0,-0.0005746084,0.0,0.0,-0.18045455,0.0,-0.00040000887,0.0,0.0,0.96968,0.04649435,0.55401266,0.4532566,0.68554723,1.7893344,0.82986003,1.3652909,1.0304389,0.0,1.4107106,0.8787097,1.3323836,1.9429406,267.7796,273.64905,268.5155,273.20612,271.76736,267.7796,273.64905,268.5155,273.20612,271.76736,267.7796,273.64905,268.5155,273.20612,271.76736,0.0,0.40606058,0.0,0.0009328667,0.0,0.0,0.27898929051825994,0.0,0.0009328667242788199,0.0,0.721845,1.7923334,0.84770864,1.3679937,1.0332923,0.5559155431565025,1.1024368119011319,0.0,1.5805283874191352,1.9432411601981279,0.721845,1.3862728,0.84770864,1.3670609,1.0332923,0.5559155431565025,0.8234475213828719,0.0,1.5795955206948564,1.9432411601981279
2012-01-20 16:00:00,0.0,0.0,0.0,0.0,0.0,0.0,0.0,0.0,0.0,0.0,0.0,0.0,0.0,0.0,0.0,0.0,0.8461088,0.0,0.44152415,0.037006453,0.6832582,1.6689953,0.7629078,0.928315,0.0,0.0,1.2002889,0.8122537,0.88254905,0.4933955,267.7673,272.9614,268.1535,271.90366,267.5481,267.7673,272.9614,268.1535,271.90366,267.5481,267.7673,272.9614,268.1535,271.90366,267.5481,0.0,0.0,0.0,0.0,0.0,0.0,0.0,0.0,0.0,0.0,0.7198146,1.6719942,0.7876365,0.9310178,0.108185716,0.5543634059838399,1.0240456807854832,0.0,1.138883726439859,0.49503298347934444,0.7198146,1.6719942,0.7876365,0.9310178,0.108185716,0.5543634059838399,1.0240456807854832,0.0,1.138883726439859,0.49503298347934444
2012-01-20 17:00:00,0.0,0.0,0.0,0.0,0.0,0.0,0.0,0.0,0.0,0.0,0.0,0.0,0.0,0.0,0.0,0.0,0.91624373,0.0,0.31859836,0.3561315,0.7614565,1.7372959,0.5920786,0.45079392,0.66446954,0.0,1.3197173,0.64269066,0.39097625,1.604713,268.18744,273.35168,267.22986,270.48035,270.78287,268.18744,273.35168,267.22986,270.48035,270.78287,268.18744,273.35168,267.22986,270.48035,270.78287,0.0,0.0,0.0,0.0,0.0,0.0,0.0,0.0,0.0,0.0,0.7891743,1.7402948,0.63436186,0.4534968,0.6673229,0.6073864145596343,1.068537944391662,0.0,0.6562607656532318,1.605325569805251,0.7891743,1.7402948,0.63436186,0.4534968,0.6673229,0.6073864145596343,1.068537944391662,0.0,0.6562607656532318,1.605325569805251
2012-01-20 18:00:00,0.0,0.0,0.0,0.0,0.0,0.0,0.0,0.0,0.0,0.0,0.0,0.0,0.0,0.0,0.0,0.113033295,0.22910845,0.0,0.33868757,0.21241881,0.88556165,1.0681324,0.673689,0.52883303,0.12295727,0.065850645,0.1496372,0.7236961,0.47131178,1.1042496,268.85422,269.5279,267.6711,270.71295,269.32614,268.85422,269.5279,267.6711,270.71295,269.32614,268.85422,269.5279,267.6711,270.71295,269.32614,0.0,0.0,0.0,0.0,0.0,0.0,0.0,0.0,0.0,0.0,0.8992522,1.0711312,0.7075859,0.5315359,0.13881367,0.6915368986427699,0.6326327410663819,0.0,0.7351336447268757,1.1053236233758161,0.8992522,1.0711312,0.7075859,0.5315359,0.13881367,0.6915368986427699,0.6326327410663819,0.0,0.7351336447268757,1.1053236233758161
2012-01-20 19:00:00,0.0,0.0,0.0,0.0,0.0,0.0,0.0,0.0,0.0,0.0,0.0,0.0,0.0,0.0,0.0,0.13354659,0.5289302,0.0,0.3019461,0.16447943,0.9074699,1.3601124,0.5533081,0.38610604,0.0,0.11128308,0.6601851,0.6042075,0.3243849,0.9373061,268.97192,271.19635,267.02023,270.28754,268.8402,268.97192,271.19635,267.02023,270.28754,268.8402,268.97192,271.19635,267.02023,270.28754,268.8402,0.0,0.0,0.0,0.0,0.0,0.0,0.0,0.0,0.0,0.0,0.9186842,1.3631113,0.5995756,0.38880897,0.1304432,0.7063919683076816,0.8228337760086772,0.0,0.5908817509605947,0.9385341024264738,0.9186842,1.3631113,0.5995756,0.38880897,0.1304432,0.7063919683076816,0.8228337760086772,0.0,0.5908817509605947,0.9385341024264738
2012-01-20 20:00:00,0.0,0.0,0.0,0.0,0.0,0.0,0.0,0.0,0.0,0.0,0.0,0.0,0.0,0.0,0.0,0.13512087,0.53781426,0.0,0.2771548,0.19827452,0.90915126,1.3687642,0.52166086,0.28980118,0.06966144,0.11476964,0.6753132,0.57279485,0.22524613,1.0549937,268.98096,271.2458,266.84912,270.0005,269.18277,268.98096,271.2458,266.84912,270.0005,269.18277,268.98096,271.2458,266.84912,270.0005,269.18277,0.0,0.0,0.0,0.0,0.0,0.0,0.0,0.0,0.0,0.0,0.92017543,1.371763,0.5711803,0.29250407,0.136344,0.7075319995809026,0.8284696714689954,0.0,0.493547940862629,1.0561132252460659,0.92017543,1.371763,0.5711803,0.29250407,0.136344,0.7075319995809026,0.8284696714689954,0.0,0.493547940862629,1.0561132252460659
2012-01-20 21:00:00,0.0,0.0,0.0,0.0,0.0,0.0,0.0,0.0,0.0,0.0,0.0,0.0,0.0,0.0,0.0,0.16509037,0.6808921,0.0,0.24603528,0.18969402,0.9411588,1.5080997,0.626582,0.1689133,0.037329987,0.18114547,0.9189515,0.67693835,0.100800894,1.0251131,269.15292,272.042,267.4164,269.64017,269.0958,269.15292,272.042,267.4164,269.64017,269.0958,269.15292,272.042,267.4164,269.64017,269.0958,0.0,0.0,0.0,0.0,0.0,0.0,0.0,0.0,0.0,0.0,0.94856524,1.5110986,0.6653197,0.17161618,0.13484581,0.7292349597991492,0.9192354199626391,0.0,0.37136844949258024,1.026260174017929,0.94856524,1.5110986,0.6653197,0.17161618,0.13484581,0.7292349597991492,0.9192354199626391,0.0,0.37136844949258024,1.026260174017929
2012-01-20 22:00:00,0.0,0.0,0.0,0.0,0.0,0.0,0.0,0.0,0.0,0.0,0.0,0.0,0.0,0.0,0.0,0.19058698,0.6019498,0.0,0.2521448,0.23785317,0.9683894,1.4312222,0.5904982,0.19264652,0.2187946,0.23761494,0.7845255,0.641122,0.12523249,1.192822,269.29922,271.6027,267.2213,269.7109,269.58395,269.29922,271.6027,267.2213,269.7109,269.58395,269.29922,271.6027,267.2213,269.7109,269.58395,0.0,0.0,0.0,0.0,0.0,0.0,0.0,0.0,0.0,0.0,0.97271794,1.434221,0.6329439,0.19534941,0.22164792,0.7476988446769265,0.8691559661655521,0.0,0.3953552421575902,1.193814352068904,0.97271794,1.434221,0.6329439,0.19534941,0.22164792,0.7476988446769265,0.8691559661655521,0.0,0.3953552421575902,1.193814352068904
2012-01-20 23:00:00,0.0,0.0,0.0,0.0,0.0,0.0,0.0,0.0,0.0,0.0,0.0,0.0,0.0,0.0,0.0,0.0,0.51122236,0.0,0.22538994,0.23860887,0.70599574,1.3428676,0.5483468,0.08871382,0.22164205,0.0,0.6300314,0.59928304,0.018241432,1.1954536,267.88947,271.0978,266.9934,269.40112,269.5916,267.88947,271.0978,266.9934,269.40112,269.5916,267.88947,271.0978,266.9934,269.40112,269.5916,0.0,0.0,0.0,0.0,0.0,0.0,0.0,0.0,0.0,0.0,0.7399822,1.3458666,0.59512407,0.09141674,0.22449535,0.5697807883713539,0.8116002535140059,0.0,0.29031213070697914,1.1964435155279436,0.7399822,1.3458666,0.59512407,0.09141674,0.22449535,0.5697807883713539,0.8116002535140059,0.0,0.29031213070697914,1.1964435155279436
2012-02-19 00:00:00,0.0,0.0,0.0,0.0,0.0,0.0,0.0,0.0,0.0,0.0,0.0,0.0,0.0,0.0,0.0,0.0,0.3089282,0.0,0.13043933,0.22578327,0.55596644,1.1458645,0.5253579,0.0,0.17331496,0.0,0.28555727,0.57646453,0.0,1.15079,267.0834,269.97208,266.8691,268.30173,269.4616,267.0834,269.97208,266.8691,268.30173,269.4616,267.0834,269.97208,266.8691,268.30173,269.4616,0.0,0.0,0.0,0.0,0.0,0.0,0.0,0.0,0.0,0.0,0.6069104,1.1488633,0.5744974,0.06455262,0.17616832,0.46805225452138993,0.6832688265138707,0.0,0.06455261958603077,1.1518210600079914,0.6069104,1.1488633,0.5744974,0.06455262,0.17616832,0.46805225452138993,0.6832688265138707,0.0,0.06455261958603077,1.1518210600079914
2012-02-19 01:00:00,0.0,0.0,0.0,0.0,0.0,0.0,0.0,0.0,0.0,0.0,0.0,0.0,0.0,0.0,0.0,0.0,0.12492329,0.0,0.029031292,0.06539431,0.3494994,0.96667206,0.004776232,0.0,0.0,0.0,0.0,0.05974134,0.0,0.5922532,265.97412,268.94812,264.0544,267.12756,267.83585,265.97412,268.94812,264.0544,267.12756,267.83585,265.97412,268.94812,264.0544,267.12756,267.83585,0.0,0.0,0.0,0.0,0.0,0.0,0.0,0.0,0.0,0.0,0.42377988,0.969671,0.107411444,0.049067065,0.11314239,0.328055643878436,0.5665396904767981,0.0,0.04906706585582955,0.5937994466478017,0.42377988,0.969671,0.107411444,0.049067065,0.11314239,0.328055643878436,0.5665396904767981,0.0,0.04906706585582955,0.5937994466478017
2012-02-19 02:00:00,0.0,0.0,0.0,0.0,0.0,0.0,0.0,0.0,0.0,0.0,0.0,0.0,0.0,0.0,0.0,0.0,0.3756686,0.0,0.0,0.11400506,0.34132573,1.2108593,0.044393286,0.0,0.0,0.0,0.39920533,0.09906475,0.0,0.7615347,265.9302,270.34348,264.26862,266.32324,268.32858,265.9302,270.34348,264.26862,266.32324,268.32858,265.9302,270.34348,264.26862,266.32324,268.32858,0.0,0.0,0.0,0.0,0.0,0.0,0.0,0.0,0.0,0.0,0.41653004,1.2138581,0.14295742,0.03845921,0.121630095,0.3225133972494995,0.7256076214225577,0.0,0.03845920999843687,0.7629248379213102,0.41653004,1.2138581,0.14295742,0.03845921,0.121630095,0.3225133972494995,0.7256076214225577,0.0,0.03845920999843687,0.7629248379213102
2012-02-19 03:00:00,0.0,0.0,0.0,0.0,0.0,0.0,0.0,0.0,0.0,0.0,0.0,0.0,0.0,0.0,0.0,0.0,0.23791581,0.0,0.009208258,0.20236607,0.18615025,1.0767093,0.32797232,0.0,0.08507849,0.0,0.16463459,0.38054192,0.0,1.069242,265.0965,269.5769,265.80188,266.89804,269.22424,265.0965,269.5769,265.80188,266.89804,269.22424,265.0965,269.5769,265.80188,266.89804,269.22424,0.0,0.0,0.0,0.0,0.0,0.0,0.0,0.0,0.0,0.0,0.27889374,1.0797082,0.3973955,0.046039987,0.1370584,0.21729544335379802,0.63821993125729,0.0,0.046039987243617894,1.0703484170422197,0.27889374,1.0797082,0.3973955,0.046039987,0.1370584,0.21729544335379802,0.63821993125729,0.0,0.046039987243617894,1.0703484170422197
2012-02-19 04:00:00,0.0,0.0,0.0,0.0,0.0,0.0,0.0,0.0,0.0,0.0,0.0,0.0,0.0,0.0,0.0,0.0,0.0,0.0,0.0,0.0,0.08955967,0.7368404,0.33555254,0.0,0.0,0.0,0.0,0.38806593,0.0,0.0,264.57755,267.6348,265.84286,266.61557,265.61053,264.57755,267.6348,265.84286,266.61557,265.61053,264.57755,267.6348,265.84286,266.61557,265.61053,0.0,0.0,0.0,0.0,0.0,0.0,0.0,0.0,0.0,0.0,0.19322056,0.7398393,0.40419677,0.0423146,0.074810006,0.15180141699864563,0.41682317125778867,0.0,0.0423145997107591,0.07481000845545877,0.19322056,0.7398393,0.40419677,0.0423146,0.074810006,0.15180141699864563,0.41682317125778867,0.0,0.0423145997107591,0.07481000845545877
2012-02-19 05:00:00,0.0,0.0,0.0,0.0,0.0,0.0,0.0,0.0,0.0,0.0,0.0,0.0,0.0,0.0,0.0,0.0,0.14812613,0.0,0.0,0.1444583,0.27431718,0.9892681,0.17364122,0.0,0.0,0.0,0.011737347,0.2273547,0.0,0.86758465,265.5702,269.07724,264.96744,266.0506,268.63727,265.5702,269.07724,264.96744,266.0506,268.63727,265.5702,269.07724,264.96744,266.0506,268.63727,0.0,0.0,0.0,0.0,0.0,0.0,0.0,0.0,0.0,0.0,0.35709536,0.992267,0.25892368,0.034863424,0.1269474,0.27707775897183234,0.5812591186821107,0.0,0.03486342216151374,0.8688769828941542,0.35709536,0.992267,0.25892368,0.034863424,0.1269474,0.27707775897183234,0.5812591186821107,0.0,0.03486342216151374,0.8688769828941542
2012-02-19 06:00:00,0.0,0.0,0.0,0.0,0.0,0.0,0.0,0.0,0.0,0.0,0.0,0.0,0.0,0.0,0.0,0.0,0.0,0.0,0.0,0.03410413,0.26918235,0.6946819,0.540157,0.0,0.0,0.0,0.0,0.5911539,0.0,0.48328847,265.5426,267.3939,266.94913,265.3827,267.51868,265.5426,267.3939,266.94913,265.3827,267.51868,265.5426,267.3939,266.94913,265.3827,267.51868,0.0,0.0,0.0,0.0,0.0,0.0,0.0,0.0,0.0,0.0,0.3525409,0.69768083,0.5877758,0.026054667,0.10767896,0.27359604184010305,0.38936035720608986,0.0,0.026054667673165874,0.48493531983586197,0.3525409,0.69768083,0.5877758,0.026054667,0.10767896,0.27359604184010305,0.38936035720608986,0.0,0.026054667673165874,0.48493531983586197
2012-02-19 07:00:00,0.0,0.0,0.0,0.0,0.0,0.0,0.0,0.0,0.0,0.0,0.0,0.0,0.0,0.0,0.0,0.0,0.0,0.0,0.0,0.16333234,0.41245794,0.8436733,0.647082,0.0,0.0,0.0,0.0,0.6972863,0.0,0.9333115,266.31238,268.24527,267.52725,266.77844,268.82858,266.31238,268.24527,267.52725,266.77844,268.82858,266.31238,268.24527,267.52725,266.77844,268.82858,0.0,0.0,0.0,0.0,0.0,0.0,0.0,0.0,0.0,0.0,0.47962236,0.84667224,0.683713,0.044462655,0.13024291,0.3707451933121618,0.4864160433492739,0.0,0.044462654298363616,0.9345432208412386,0.47962236,0.84667224,0.683713,0.044462655,0.13024291,0.3707451933121618,0.4864160433492739,0.0,0.044462654298363616,0.9345432208412386
2012-02-19 08:00:00,0.0,0.0,0.0,0.0,0.0,0.0,0.0,0.0,0.0,0.0,0.0,0.0,0.0,0.0,0.0,0.0,0.4399412,0.0,0.12638037,0.22872473,0.56706536,1.2734509,0.7802696,0.0,0.18439844,0.0,0.50865114,0.82948685,0.0,1.1610332,267.14304,270.70114,268.24738,268.25473,269.49142,267.14304,270.70114,268.24738,268.25473,269.49142,267.14304,270.70114,268.24738,268.25473,269.49142,0.0,0.0,0.0,0.0,0.0,0.0,0.0,0.0,0.0,0.0,0.6167549,1.2764497,0.80321413,0.06393279,0.18725178,0.47557800150745094,0.7663808898144896,0.0,0.06393279495329497,1.1620548954640932,0.6167549,1.2764497,0.80321413,0.06393279,0.18725178,0.47557800150745094,0.7663808898144896,0.0,0.06393279495329497,1.1620548954640932
2012-02-19 09:00:00,0.0,0.0,0.0,0.0,0.0,0.0,0.0,0.0,0.0,0.0,0.0,0.0,0.0,0.0,0.0,0.037644178,0.56913346,0.0141418595,0.26219466,0.27193126,0.80504584,1.3992641,0.79578,0.23168653,0.34720153,0.0,0.72864467,0.84488225,0.16542132,1.3114952,268.42163,271.42007,268.33124,269.82727,269.92938,268.42163,271.42007,268.33124,269.82727,269.92938,268.42163,271.42007,268.33124,269.82727,269.92938,0.0,0.0,0.0,0.0,0.0,0.0,0.0,0.0,0.0,0.0,0.8278369,1.402263,0.8171307,0.23438944,0.35005486,0.6369424956092925,0.8483379424405247,0.0,0.434812377805426,1.312378101841284,0.8278369,1.402263,0.8171307,0.23438944,0.35005486,0.6369424956092925,0.8483379424405247,0.0,0.434812377805426,1.312378101841284
2012-02-19 10:00:00,0.0,0.0,0.0,0.0,0.0,0.0,0.0,0.0,0.0,0.0,0.0,0.0,0.0,0.0,0.0,0.2208916,0.6424821,0.18639012,0.39293,0.26614472,1.0007547,1.4706943,0.97722614,0.7395447,0.3253976,0.3047328,0.8535455,1.0249835,0.68822396,1.2913442,269.4731,271.82825,269.3123,271.341,269.87073,269.4731,271.82825,269.3123,271.341,269.87073,269.4731,271.82825,269.3123,271.341,269.87073,0.0,0.0,0.0,0.0,0.0,0.0,0.0,0.0,0.0,0.0,1.0037454,1.4736933,0.9810589,0.7422476,0.32825097,0.771964745575545,0.8948688694663003,0.07351323081764824,0.948096627059018,1.2922456230832209,1.0037454,1.4736933,0.9810589,0.7422476,0.32825097,0.771964745575545,0.8948688694663003,0.07351323081764824,0.948096627059018,1.2922456230832209
2012-02-19 11:00:00,0.0,0.0,0.0,0.0,0.0,0.0,0.0,0.0,0.0,0.0,0.0,0.0,0.0,0.0,0.0,0.28300583,0.6733187,0.19495778,0.4737823,0.27410498,1.0670929,1.5007244,0.98625135,1.053626,0.35539213,0.44230214,0.9060552,1.0339417,1.0115474,1.319065,269.82953,271.99985,269.36108,272.27716,269.95142,269.82953,271.99985,269.36108,272.27716,269.95142,269.82953,271.99985,269.36108,272.27716,269.95142,0.0,0.0,0.0,0.0,0.0,0.0,0.0,0.0,0.0,0.0,1.0700837,1.5037233,0.9892425,1.0563289,0.3582455,0.8244439861227262,0.9144309930301086,0.08778573302863779,1.2655335777888916,1.3199408748190784,1.0700837,1.5037233,0.9892425,1.0563289,0.3582455,0.8244439861227262,0.9144309930301086,0.08778573302863779,1.2655335777888916,1.3199408748190784
2012-02-19 12:00:00,0.0,0.0,0.0,0.0,0.0,0.0,0.0,0.0,0.0,0.0,0.0,0.0,0.0,0.0,0.0,0.4932177,0.6952108,0.20425951,0.49678132,0.2830016,1.2916001,1.522044,0.9960498,1.1429685,0.3889147,0.90787494,0.943334,1.0436677,1.1035191,1.3500463,271.03574,272.12167,269.41406,272.54346,270.0416,271.03574,272.12167,269.41406,272.54346,270.0416,271.03574,272.12167,269.41406,272.54346,270.0416,0.0,0.0,0.0,0.0,0.0,0.0,0.0,0.0,0.0,0.0,1.2945908,1.5250429,0.999011,1.1456714,0.3917681,1.0020484028217018,0.9283189527076334,0.10416481243892302,1.3558307101421607,1.350893775302989,1.2945908,1.5250429,0.999011,1.1456714,0.3917681,1.0020484028217018,0.9283189527076334,0.10416481243892302,1.3558307101421607,1.350893775302989
2012-02-19 13:00:00,0.0,0.0,0.0,0.0,0.0,0.0,0.0,0.0,0.0,0.0,0.0,0.0,0.0,0.0,0.0,0.61111194,0.6687834,0.26925915,0.50708157,0.3244228,1.4175116,1.4963077,1.0645202,1.1829813,0.54499066,1.1689844,0.89833236,1.1116306,1.1447092,1.4942912,271.71222,271.9746,269.78427,272.66272,270.46146,271.71222,271.9746,269.78427,272.66272,270.46146,271.71222,271.9746,269.78427,272.66272,270.46146,0.0,0.0,0.0,0.0,0.0,0.0,0.0,0.0,0.0,0.0,1.4205023,1.4993067,1.0674815,1.1856841,0.547844,1.1016551606956093,0.9115539031870943,0.21882951170841422,1.3962709110631524,1.495005452073764,1.4205023,1.4993067,1.0674815,1.1856841,0.547844,1.1016551606956093,0.9115539031870943,0.21882951170841422,1.3962709110631524,1.495005452073764
2012-02-19 14:00:00,0.0,0.0,0.0,0.0,0.0,0.0,0.0,0.0,0.0,0.0,0.0,0.0,0.0,0.0,0.0,0.6406134,0.66436327,0.28856456,0.5409765,0.30931512,1.4490191,1.4920032,1.0848566,1.3146504,0.48806453,1.2343237,0.8908056,1.1318163,1.2802529,1.4416803,271.8815,271.95,269.89423,273.05518,270.30832,271.8815,271.95,269.89423,273.05518,270.30832,271.8815,271.95,269.89423,273.05518,270.30832,0.0,0.0,0.0,0.0,0.0,0.0,0.0,0.0,0.0,0.0,1.4520099,1.4950022,1.0878178,1.3173534,0.49091792,1.126580440883572,0.9087498712481952,0.2528858064465212,1.5293469048819743,1.442443132402609,1.4520099,1.4950022,1.0878178,1.3173534,0.49091792,1.126580440883572,0.9087498712481952,0.2528858064465212,1.5293469048819743,1.442443132402609
2012-02-19 15:00:00,0.0,0.0,0.0,-0.000335389,0.0,0.0,0.0,0.0,-0.00046730993,0.0,0.0,0.0,0.0,-0.00034801802,0.0,0.58609915,0.54743874,0.21756378,0.5505599,0.27399057,1.3907979,1.378137,1.0100645,1.3518782,0.35496104,1.1135868,0.69170207,1.0575784,1.3185762,1.3186666,271.5687,271.29935,269.48984,273.16614,269.95026,271.5687,271.29935,269.48984,273.16614,269.95026,271.5687,271.29935,269.48984,273.16614,269.95026,0.0,0.0,0.0,0.0007783733,0.0,0.0,0.0,0.0,0.0007783732461548521,0.0,1.3937886,1.3811357,1.0130258,1.3545811,0.3578144,1.0805223695068609,0.8345752248843402,0.12763463753876186,1.5669724347050873,1.3195428341360367,1.3937886,1.3811357,1.0130258,1.3538027,0.3578144,1.0805223695068609,0.8345752248843402,0.12763463753876186,1.5661940614589325,1.3195428341360367
2012-02-19 16:00:00,0.0,0.0,0.0,0.0,0.0,0.0,0.0,0.0,0.0,0.0,0.0,0.0,0.0,0.0,0.0,0.47823036,0.55140364,0.17379314,0.529846,0.20113169,1.2755935,1.3819981,0.9639565,1.2714126,0.08042723,0.8746812,0.6984537,1.0118122,1.2357428,1.0649434,270.94974,271.3214,269.24054,272.9263,269.21173,270.94974,271.3214,269.24054,272.9263,269.21173,270.94974,271.3214,269.24054,272.9263,269.21173,0.0,0.0,0.0,0.0,0.0,0.0,0.0,0.0,0.0,0.0,1.2785842,1.3849969,0.9690266,1.2741154,0.13684288,0.98938580329589,0.8370905041545933,0.05252845739798832,1.4856470664763066,1.0660537675672945,1.2785842,1.3849969,0.9690266,1.2741154,0.13684288,0.98938580329589,0.8370905041545933,0.05252845739798832,1.4856470664763066,1.0660537675672945
2012-02-19 17:00:00,0.0,0.0,0.0,0.0,0.0,0.0,0.0,0.0,0.0,0.0,0.0,0.0,0.0,0.0,0.0,0.45823827,0.5387137,0.04519766,0.45657918,0.07071725,1.254242,1.36964,0.82849413,0.98679817,0.0,0.8304031,0.67684466,0.8773539,0.94275326,0.6107896,270.83502,271.2508,268.50812,272.07797,267.8898,270.83502,271.2508,268.50812,272.07797,267.8898,270.83502,271.2508,268.50812,272.07797,267.8898,0.0,0.0,0.0,0.0,0.0,0.0,0.0,0.0,0.0,0.0,1.2572327,1.3726388,0.84648305,0.98950106,0.11407181,0.9724948481441773,0.8290402189106573,0.0,1.197991819495311,0.6123188131640634,1.2572327,1.3726388,0.84648305,0.98950106,0.11407181,0.9724948481441773,0.8290402189106573,0.0,1.197991819495311,0.6123188131640634
2012-02-19 18:00:00,0.0,0.0,0.0,0.0,0.0,0.0,0.0,0.0,0.0,0.0,0.0,0.0,0.0,0.0,0.0,0.25377557,0.5493581,0.16262677,0.42719653,0.18858308,1.035875,1.3800061,0.95219386,0.8726576,0.0331439,0.37756363,0.6949705,1.0001367,0.8252539,1.0212444,269.6618,271.31003,269.17694,271.73776,269.08453,269.6618,271.31003,269.17694,271.73776,269.08453,269.6618,271.31003,269.17694,271.73776,269.08453,0.0,0.0,0.0,0.0,0.0,0.0,0.0,0.0,0.0,0.0,1.0388657,1.3830049,0.9583608,0.8753605,0.13465182,0.7997478729240527,0.8357928566195941,0.03392689729310898,1.0826316967043137,1.0223949894904965,1.0388657,1.3830049,0.9583608,0.8753605,0.13465182,0.7997478729240527,0.8357928566195941,0.03392689729310898,1.0826316967043137,1.0223949894904965
2012-02-19 19:00:00,0.0,0.0,0.0,0.0,0.0,0.0,0.0,0.0,0.0,0.0,0.0,0.0,0.0,0.0,0.0,0.0,0.5505372,0.18560784,0.41471395,0.17784391,0.624554,1.3811543,0.9764021,0.82416725,0.0,0.0,0.6969782,1.0241656,0.7753367,0.9838464,267.4519,271.3166,269.30783,271.59323,268.97568,267.4519,271.3166,269.30783,271.59323,268.97568,267.4519,271.3166,269.30783,271.59323,268.97568,0.0,0.0,0.0,0.0,0.0,0.0,0.0,0.0,0.0,0.0,0.66774565,1.3841531,0.9803117,0.82687014,0.1327767,0.514558597846204,0.8365408303998215,0.07221005050319904,1.0336233058236028,0.985031539058649,0.66774565,1.3841531,0.9803117,0.82687014,0.1327767,0.514558597846204,0.8365408303998215,0.07221005050319904,1.0336233058236028,0.985031539058649
2012-02-19 20:00:00,0.0,0.0,0.0,0.0,0.0,0.0,0.0,0.0,0.0,0.0,0.0,0.0,0.0,0.0,0.0,0.0,0.53811044,0.11436594,0.4914625,0.18008089,0.59070617,1.3690524,0.90135604,1.122307,0.0011074245,0.0,0.6758175,0.94967574,1.0822495,0.9916364,267.27005,271.24744,268.90207,272.48187,268.99835,267.27005,271.24744,268.90207,272.48187,268.99835,267.27005,271.24744,268.90207,272.48187,268.99835,0.0,0.0,0.0,0.0,0.0,0.0,0.0,0.0,0.0,0.0,0.6377235,1.3720514,0.91226345,1.1250098,0.1331673,0.49160776555862074,0.8286575346510061,0.00040594776613605773,1.3349483341292228,0.9928142818875987,0.6377235,1.3720514,0.91226345,1.1250098,0.1331673,0.49160776555862074,0.8286575346510061,0.00040594776613605773,1.3349483341292228,0.9928142818875987
2012-02-19 21:00:00,0.0,0.0,0.0,0.0,0.0,0.0,0.0,0.0,0.0,0.0,0.0,0.0,0.0,0.0,0.0,0.0,0.5291331,0.0,0.44323733,0.17798543,0.6647864,1.36031,0.7304026,0.9349701,0.0,0.0,0.6605306,0.77998936,0.8894,0.9843392,267.66806,271.19748,267.97775,271.9235,268.9771,267.66806,271.19748,267.97775,271.9235,268.9771,267.66806,271.19748,267.97775,271.9235,268.9771,0.0,0.0,0.0,0.0,0.0,0.0,0.0,0.0,0.0,0.0,0.70343065,1.3633089,0.7584715,0.937673,0.13280141,0.5418384678064242,0.8229624970778326,0.0,1.1456099625193485,0.9855238525350432,0.70343065,1.3633089,0.7584715,0.937673,0.13280141,0.5418384678064242,0.8229624970778326,0.0,1.1456099625193485,0.9855238525350432
2012-02-19 22:00:00,0.0,0.0,0.0,0.0,0.0,0.0,0.0,0.0,0.0,0.0,0.0,0.0,0.0,0.0,0.0,0.0,0.49800587,0.0,0.5257581,0.15402928,0.57448363,1.3299968,0.68132,1.2555324,0.0,0.0,0.6075259,0.7312706,1.2193954,0.90091467,267.1829,271.02426,267.71237,272.87897,268.73428,267.1829,271.02426,267.71237,272.87897,268.73428,267.1829,271.02426,267.71237,272.87897,268.73428,0.0,0.0,0.0,0.0,0.0,0.0,0.0,0.0,0.0,0.0,0.62333465,1.3329958,0.7144328,1.2582353,0.12861855,0.4806080043548387,0.8032159892798287,0.0,1.4695972323850943,0.9021762284570481,0.62333465,1.3329958,0.7144328,1.2582353,0.12861855,0.4806080043548387,0.8032159892798287,0.0,1.4695972323850943,0.9021762284570481
2012-02-19 23:00:00,0.0,0.0,0.0,0.0,0.0,0.0,0.0,0.0,0.0,0.0,0.0,0.0,0.0,0.0,0.0,0.0,0.5057877,0.0,0.5130329,0.18077034,0.17869791,1.3375752,0.6527488,1.2061002,0.0037052336,0.0,0.6207771,0.7029112,1.1685085,0.9940373,265.05646,271.06757,267.5579,272.73163,269.00534,265.05646,271.06757,267.5579,272.73163,269.00534,265.05646,271.06757,267.5579,272.73163,269.00534,0.0,0.0,0.0,0.0,0.0,0.0,0.0,0.0,0.0,0.0,0.27228373,1.340574,0.68879753,1.208803,0.13328768,0.21224233176438548,0.8081526162293298,0.0,1.419636820397748,0.9952130007406664,0.27228373,1.340574,0.68879753,1.208803,0.13328768,0.21224233176438548,0.8081526162293298,0.0,1.419636820397748,0.9952130007406664
2012-03-19 00:00:00,0.0,0.0,0.0,0.0,0.0,0.0,0.0,0.0,0.0,0.0,0.0,0.0,0.0,0.0,0.0,0.5703407,1.1032759,0.8492461,0.52012557,0.47433454,1.3739676,1.9194362,1.6754779,1.2336524,1.1098609,1.078685,1.6382029,1.7180598,1.1968713,2.0163422,271.47827,274.3925,273.08762,272.81375,271.98102,271.47827,274.3925,273.08762,272.81375,271.98102,271.47827,274.3925,273.08762,272.81375,271.98102,0.0,0.0,0.0,0.0,0.0,0.0,0.0,0.0,0.0,0.0,1.3769584,1.9224352,1.678439,1.2363553,1.1127143,1.0672082167762078,1.1871874596226208,1.241973993426888,1.4474834377668344,2.016574918671176,1.3769584,1.9224352,1.678439,1.2363553,1.1127143,1.0672082167762078,1.1871874596226208,1.241973993426888,1.4474834377668344,2.016574918671176
2012-03-19 01:00:00,0.0,0.0,0.0,0.0,0.0,0.0,0.0,0.0,0.0,0.0,0.0,0.0,0.0,0.0,0.0,0.5608366,1.286694,0.82639897,0.5999236,0.5283224,1.3638172,2.0980573,1.6514108,1.5436381,1.3132882,1.0576357,1.9505341,1.694171,1.5159788,2.2043488,271.42374,275.41318,272.9575,273.7377,272.52826,271.42374,275.41318,272.9575,273.7377,272.52826,271.42374,275.41318,272.9575,273.7377,272.52826,0.0,0.0,0.0,0.0,0.0,0.0,0.0,0.0,0.0,0.0,1.366808,2.101056,1.654372,1.5463411,1.3161415,1.0591783852103362,1.3035443482434874,1.2016697911611958,1.7607811662939454,2.2044082220476504,1.366808,2.101056,1.654372,1.5463411,1.3161415,1.0591783852103362,1.3035443482434874,1.2016697911611958,1.7607811662939454,2.2044082220476504
2012-03-19 02:00:00,0.0,0.0,0.0,0.0,0.0,0.0,0.0,0.0,0.0,0.0,0.0,0.0,0.0,0.0,0.0,0.5171934,1.0937393,0.8036001,0.69364077,0.49944377,1.317206,1.910149,1.6273944,1.9076943,1.2044728,0.9609755,1.6219633,1.6703328,1.8907481,2.1037822,271.1733,274.33942,272.82764,274.8228,272.23553,271.1733,274.33942,272.82764,274.8228,272.23553,271.1733,274.33942,272.82764,274.8228,272.23553,0.0,0.0,0.0,0.0,0.0,0.0,0.0,0.0,0.0,0.0,1.3201969,1.9131479,1.6303556,1.9103972,1.2073263,1.0223049672866984,1.1811375693723163,1.1614506587408115,2.128726975953031,2.10393437384404,1.3201969,1.9131479,1.6303556,1.9103972,1.2073263,1.0223049672866984,1.1811375693723163,1.1614506587408115,2.128726975953031,2.10393437384404
2012-03-19 03:00:00,0.0,0.0,0.0,0.0,0.0,0.0,0.0,0.0,0.0,0.0,0.0,0.0,0.0,0.0,0.0,0.49201047,1.0329545,0.7885437,0.6026964,0.26382047,1.2903107,1.850954,1.611534,1.5544091,0.31663978,0.905201,1.5184568,1.6545897,1.527067,1.2832502,271.0288,274.00116,272.74188,273.7698,269.84717,271.0288,274.00116,272.74188,273.7698,269.84717,271.0288,274.00116,272.74188,273.7698,269.84717,0.0,0.0,0.0,0.0,0.0,0.0,0.0,0.0,0.0,0.0,1.2933015,1.8539529,1.6144953,1.5571121,0.31949311,1.001028385045847,1.1425769117907316,1.1348899625947992,1.7716673206872113,1.2841591123645817,1.2933015,1.8539529,1.6144953,1.5571121,0.31949311,1.001028385045847,1.1425769117907316,1.1348899625947992,1.7716673206872113,1.2841591123645817
2012-03-19 04:00:00,0.0,0.0,0.0,0.0,0.0,0.0,0.0,0.0,0.0,0.0,0.0,0.0,0.0,0.0,0.0,0.41280806,1.0069219,0.7199112,0.67697,0.57080334,1.2057222,1.8256023,1.5392365,1.8429347,1.4733572,0.72978514,1.4741274,1.5828284,1.8240829,2.352284,270.57434,273.8563,272.35098,274.6298,272.95886,270.57434,273.8563,272.35098,274.6298,272.95886,270.57434,273.8563,272.35098,274.6298,272.95886,0.0,0.0,0.0,0.0,0.0,0.0,0.0,0.0,0.0,0.0,1.2087129,1.8286012,1.5421978,1.8456377,1.4762106,0.9341116241734587,1.1260623465128732,1.0138166683121423,2.0632755248718455,2.3522070125139702,1.2087129,1.8286012,1.5421978,1.8456377,1.4762106,0.9341116241734587,1.1260623465128732,1.0138166683121423,2.0632755248718455,2.3522070125139702
2012-03-19 05:00:00,0.0,0.0,0.0,0.0,0.0,0.0,0.0,0.0,0.0,0.0,0.0,0.0,0.0,0.0,0.0,0.39632615,1.0911562,0.72493714,0.6780691,0.57593656,1.1881195,1.9076335,1.544531,1.8472042,1.4926993,0.6932815,1.6175649,1.5880835,1.8284779,2.3701599,270.47977,274.32504,272.3796,274.64252,273.0109,270.47977,274.32504,272.3796,274.64252,273.0109,270.47977,274.32504,272.3796,274.64252,273.0109,0.0,0.0,0.0,0.0,0.0,0.0,0.0,0.0,0.0,0.0,1.1911103,1.9106325,1.5474921,1.8499072,1.4955528,0.9201863594713682,1.1794989849514461,1.022682836634192,2.0675906640182258,2.3700664694767686,1.1911103,1.9106325,1.5474921,1.8499072,1.4955528,0.9201863594713682,1.1794989849514461,1.022682836634192,2.0675906640182258,2.3700664694767686
2012-03-19 06:00:00,0.0,-0.30078527,0.0,-0.02076907,0.0,0.0,-0.43494204,0.0,-0.030447586,0.0,0.0,-0.30241534,0.0,-0.020650346,0.0,0.45690337,1.0604184,0.6886197,0.7033691,0.5547202,1.2528162,1.8776996,1.5062742,1.9454854,1.4127557,0.8274466,1.5652233,1.5501102,1.929651,2.296276,270.82736,274.154,272.17276,274.93546,272.79584,270.82736,274.154,272.17276,274.93546,272.79584,270.82736,274.154,272.17276,274.93546,272.79584,0.0,0.6873568,0.0,0.047973834,0.0,0.0,0.46282945540749276,0.0,0.0479738343411515,0.0,1.2558069,1.8806986,1.5092354,1.9481881,1.415609,0.9713669870792451,1.159999482448308,0.9586157909126015,2.166921648829024,2.296250872282143,1.2558069,1.1933417,1.5092354,1.9002142,1.415609,0.9713669870792451,0.6971700270408152,0.9586157909126015,2.1189478144878726,2.296250872282143
2012-03-19 07:00:00,0.0,-0.6500717,0.0,-0.03407391,-0.0065552075,0.0,-0.8949987,0.0,-0.046853065,-0.007945006,0.0,-0.6817698,0.0,-0.035775833,-0.006260401,0.46775833,1.0643724,0.82329124,0.6296226,0.61232084,1.2644093,1.8815502,1.6481371,1.6590073,1.6297961,0.8514879,1.5719563,1.6909217,1.6347431,2.4968643,270.88965,274.176,272.9398,274.08157,273.3797,270.88965,274.176,272.9398,274.08157,273.3797,270.88965,274.176,272.9398,274.08157,273.3797,0.0,1.4472842,0.0,0.077185705,0.012153615,0.0,1.0302380524220724,0.0,0.07718570548161198,0.012153615460140725,1.2674,1.8845491,1.6510983,1.6617103,1.6326495,0.9805381601211833,1.162507803822931,1.1961875122413783,1.8773830557457711,2.496653881438886,1.2674,0.43726495,1.6510983,1.5845246,1.6204959,0.9805381601211833,0.13226975140085862,1.1961875122413783,1.800197350264159,2.4845002659787454
2012-03-19 08:00:00,0.0,-1.2128625,0.0,-0.062030293,0.0,0.0,-1.545596,0.0,-0.0823313,0.0,0.0,-1.371213,0.0,-0.06731437,0.0,0.5393075,1.0624146,0.74432296,0.6552362,0.5646404,1.340824,1.8796436,1.5649519,1.7585067,1.4501354,1.0099535,1.5686225,1.6083531,1.7371702,2.3308225,271.3002,274.1651,272.49002,274.37814,272.8964,271.3002,274.1651,272.49002,274.37814,272.8964,271.3002,274.1651,272.49002,274.37814,272.8964,0.0,2.5902874,0.0,0.1372091,0.0,0.0,2.0267902758313485,0.0,0.1372090995582943,0.0,1.3438148,1.8826425,1.5679132,1.7612096,1.4529887,1.0409888171193193,1.1612658194529721,1.0568809144478115,1.9779454591618917,2.330765189403796,1.3438148,-0.7076449,1.5679132,1.6240005,1.4529887,1.0409888171193193,-0.8655244563783764,1.0568809144478115,1.8407363596035973,2.330765189403796
2012-03-19 09:00:00,0.0,-1.9504441,0.0,-0.06531054,0.0,0.0,-2.4544659,0.0,-0.085070215,0.0,0.0,-2.2347364,0.0,-0.07219812,0.0,0.5785204,1.1553028,0.82161963,0.6456897,0.58538115,1.3827035,1.9701023,1.6463759,1.7214222,1.5282867,1.0968016,1.7267959,1.6891736,1.6989946,2.4030495,271.5252,274.682,272.93027,274.2676,273.10663,271.5252,274.682,272.93027,274.2676,273.10663,271.5252,274.682,272.93027,274.2676,273.10663,0.0,4.101844,0.0,0.14325999,0.0,0.0,3.2419525432656813,0.0,0.14325998973548756,0.0,1.3856944,1.9731011,1.6493373,1.7241251,1.5311401,1.0741191742179035,1.2201922375436327,1.193238424270718,1.9404648021158755,2.4029257753373527,1.3856944,-2.1287427,1.6493373,1.5808651,1.5311401,1.0741191742179035,-2.0217603057220486,1.193238424270718,1.7972048123803879,2.4029257753373527
2012-03-19 10:00:00,0.0,-2.282526,0.0,-0.071599595,0.0,0.0,-2.8595421,0.0,-0.09099641,0.0,0.0,-2.627897,0.0,-0.0811773,0.0,0.6231317,1.1956924,0.7980597,0.63880527,0.56457716,1.4303486,2.0094357,1.6215582,1.6946788,1.449897,1.1956053,1.795573,1.6645397,1.6714642,2.3306022,271.7812,274.90677,272.79608,274.1879,272.89575,271.7812,274.90677,272.79608,274.1879,272.89575,271.7812,274.90677,272.79608,274.1879,272.89575,0.0,4.770848,0.0,0.15515874,0.0,0.0,3.7827757655684873,0.0,0.15515874858389692,0.0,1.4333394,2.0124345,1.6245195,1.6973817,1.4527504,1.1118104037503769,1.2458146882011907,1.1516770787354815,1.9134356811318347,2.3305452195526417,1.4333394,-2.758413,1.6245195,1.5422231,1.4527504,1.1118104037503769,-2.5369610773672964,1.1516770787354815,1.7582769325479377,2.3305452195526417
2012-03-19 11:00:00,0.0,-1.5106261,0.0,-0.037588045,0.0,0.0,-1.9164078,0.0,-0.047600538,0.0,0.0,-1.715962,0.0,-0.042777497,0.0,0.6865489,1.1021737,0.7899636,0.5946022,0.57597864,1.4980785,1.9183627,1.6130298,1.5229663,1.4928582,1.3360606,1.6363257,1.6560745,1.4946988,2.3703067,272.14508,274.38635,272.74997,273.6761,273.01132,272.14508,274.38635,272.74997,273.6761,273.01132,272.14508,274.38635,272.74997,273.6761,273.01132,0.0,3.2065601,0.0,0.081984736,0.0,0.0,2.516841189226256,0.0,0.08198473734791484,0.0,1.5010692,1.9213617,1.615991,1.5256692,1.4957116,1.165390544540221,1.1864881911118037,1.1373947969288538,1.7398884422255005,2.370213116044205,1.5010692,-1.2851985,1.615991,1.4436845,1.4957116,1.165390544540221,-1.3303529981144522,1.1373947969288538,1.6579037048775858,2.370213116044205
2012-03-19 12:00:00,0.0,-1.5794661,0.0,-0.052378852,-0.0024782552,0.0,-2.0041094,0.0,-0.06601815,-0.002863826,0.0,-1.7938087,0.0,-0.05991206,-0.0024938518,0.70554644,1.1129223,0.77084035,0.6109962,0.5949521,1.5183679,1.9288303,1.5928853,1.5866506,1.5643504,1.378136,1.654629,1.6360794,1.5602573,2.4363797,272.2541,274.44617,272.64105,273.8659,273.20364,272.2541,274.44617,272.64105,273.8659,273.20364,272.2541,274.44617,272.64105,273.8659,273.20364,0.0,3.3497388,0.0,0.113590054,0.0045029633,0.0,2.626737527660271,0.0,0.11359005690031346,0.0045029634475779665,1.5213586,1.9318292,1.5958465,1.5893537,1.5672039,1.1814412207312075,1.1933069288292257,1.1036598771619086,1.8042533474784612,2.4362250209002463,1.5213586,-1.4179096,1.5958465,1.4757636,1.5627009,1.1814412207312075,-1.4334305988310452,1.1036598771619086,1.6906632905781478,2.431722057452668
2012-03-19 13:00:00,0.0,-0.8594891,0.0,-0.08593803,0.0,0.0,-1.0987167,0.0,-0.10823699,0.0,0.0,-0.9685266,0.0,-0.09837481,0.0,0.7275967,1.0109087,0.7734391,0.65138805,0.5692107,1.5419177,1.8294849,1.5956228,1.7435582,1.4673561,1.4269725,1.4809165,1.6387966,1.7217821,2.3467376,272.3806,273.87848,272.65585,274.3336,272.94272,272.3806,273.87848,272.65585,274.3336,272.94272,272.3806,273.87848,272.65585,274.3336,272.94272,0.0,1.8474729,0.0,0.1848619,0.0,0.0,1.444792008668255,0.0,0.1848619058106629,0.0,1.5449085,1.8324838,1.598584,1.7462611,1.4702095,1.20007114891929,1.1285915415743863,1.1082441966034802,1.9628372981218078,2.346665867215836,1.5449085,-0.014989113,1.598584,1.5613992,1.4702095,1.20007114891929,-0.31620046709386873,1.1082441966034802,1.777975392311145,2.346665867215836
2012-03-19 14:00:00,0.0,-1.1194823,0.0,-0.049157962,0.0,0.0,-1.4195646,0.0,-0.06307429,0.0,0.0,-1.2722492,0.0,-0.0551812,0.0,0.680672,1.0428092,0.7631354,0.61409837,0.5781224,1.491802,1.860551,1.5847688,1.5987016,1.5009354,1.3230447,1.5352378,1.6280231,1.572663,2.3777716,272.11136,274.056,272.59717,273.90182,273.03305,272.11136,274.056,272.59717,273.90182,273.03305,272.11136,274.056,272.59717,273.90182,273.03305,0.0,2.3886533,0.0,0.1075932,0.0,0.0,1.8833542697016394,0.0,0.10759320443463849,0.0,1.4947927,1.86355,1.5877302,1.6014045,1.5037888,1.1604252597722926,1.1488285810143068,1.090067606322775,1.8164330088100904,2.3776711414738303,1.4947927,-0.5251034,1.5877302,1.4938114,1.5037888,1.1604252597722926,-0.7345256886873326,1.090067606322775,1.7088398043754518,2.3776711414738303
2012-03-19 15:00:00,0.0,-0.9461743,0.0,-0.05860171,-0.0064375913,0.0,-1.2139205,0.0,-0.07733003,-0.007483388,0.0,-1.0622072,0.0,-0.06395373,-0.006433122,0.68178356,1.0278927,0.76306576,0.6445538,0.60413784,1.4929891,1.8460246,1.5846955,1.7170093,1.5989622,1.3255063,1.5098374,1.6279503,1.6944519,2.4683673,272.11774,273.973,272.59677,274.25446,273.29675,272.11774,273.973,272.59677,274.25446,273.29675,272.11774,273.973,272.59677,274.25446,273.29675,0.0,2.034669,0.0,0.12948167,0.011716493,0.0,1.5820710976152816,0.0,0.12948167465206806,0.01171649357007362,1.4959798,1.8490236,1.5876567,1.7197123,1.6018155,1.1613643950813397,1.1393658429574762,1.089944727657331,1.9360047901923987,2.4681834978465784,1.4959798,-0.18564533,1.5876567,1.5902306,1.590099,1.1613643950813397,-0.4427052546578054,1.089944727657331,1.8065231155403305,2.456467004276505
2012-03-19 16:00:00,0.0,-0.3338754,0.0,-0.053439677,0.0,0.0,-0.46339265,0.0,-0.073312365,0.0,0.0,-0.34764123,0.0,-0.056226168,0.0,0.5934547,0.98268807,0.76985985,0.67389154,0.5878378,1.3986535,1.8020023,1.5918523,1.8309759,1.5375437,1.1298774,1.4328612,1.6350541,1.8117721,2.411605,271.6109,273.72144,272.63547,274.59415,273.13153,271.6109,273.72144,272.63547,274.59415,273.13153,271.6109,273.72144,272.63547,274.59415,273.13153,0.0,0.75212955,0.0,0.11989239,0.0,0.0,0.5333191586367969,0.0,0.11989238817640188,0.0,1.4016442,1.8050013,1.5948137,1.8336788,1.540397,1.0867368390399335,1.1106888761183384,1.101930123640656,2.0511889960397784,2.4114731752679353,1.4016442,1.0528717,1.5948137,1.7137865,1.540397,1.0867368390399335,0.5773697174815415,1.101930123640656,1.9312966078633766,2.4114731752679353
2012-03-19 17:00:00,0.0,0.0,0.0,-0.0052441284,0.0,0.0,0.0,0.0,-0.00778777,0.0,0.0,0.0,0.0,-0.00516112,0.0,0.4613389,0.6085964,0.23474203,0.61256176,0.32220694,1.2575535,1.4376949,1.02816,1.5927327,0.5366412,0.83727044,0.79584366,1.0755398,1.5665182,1.4865745,270.8528,271.63968,269.58768,273.88403,270.439,270.8528,271.63968,269.58768,273.88403,270.439,270.8528,271.63968,269.58768,273.88403,270.439,0.0,0.0,0.0,0.012405793,0.0,0.0,0.0,0.0,0.012405793182145058,0.0,1.2605442,1.4406939,1.0311213,1.5954354,0.5394945,0.9751145413746769,0.8733724509173457,0.15793840687830446,1.8104000924495636,1.4872960325285327,1.2605442,1.4406939,1.0311213,1.5830296,0.5394945,0.9751145413746769,0.8733724509173457,0.15793840687830446,1.7979942992674185,1.4872960325285327
2012-03-19 18:00:00,0.0,0.0,0.0,0.0,0.0,0.0,0.0,0.0,0.0,0.0,0.0,0.0,0.0,0.0,0.0,0.43798026,0.87952834,0.31962037,0.61007375,0.24568702,1.2326062,1.7015407,1.1175708,1.583067,0.24831256,0.78553617,1.2571969,1.1642878,1.5565684,1.2201024,270.71878,273.14737,270.0711,273.85522,269.66336,270.71878,273.14737,270.0711,273.85522,269.66336,270.71878,273.14737,270.0711,273.85522,269.66336,0.0,0.0,0.0,0.0,0.0,0.0,0.0,0.0,0.0,0.0,1.235597,1.7045397,1.1205319,1.5857701,0.25116596,0.9553792194735536,1.0452463887701617,0.3076707868245586,1.8006315280510434,1.221069664102452,1.235597,1.7045397,1.1205319,1.5857701,0.25116596,0.9553792194735536,1.0452463887701617,0.3076707868245586,1.8006315280510434,1.221069664102452
2012-03-19 19:00:00,0.0,0.0,0.0,0.0,0.0,0.0,0.0,0.0,0.0,0.0,0.0,0.0,0.0,0.0,0.0,0.4338425,0.21578783,0.45793548,0.6258298,0.34630156,1.2281871,1.05516,1.2632718,1.644274,0.6274302,0.776372,0.12695432,1.3089089,1.6195763,1.5704815,270.69504,269.45377,270.8589,274.03766,270.68323,270.69504,269.45377,270.8589,274.03766,270.68323,270.69504,269.45377,270.8589,274.03766,270.68323,0.0,0.0,0.0,0.0,0.0,0.0,0.0,0.0,0.0,0.0,1.2311778,1.058159,1.266233,1.6469768,0.63028353,0.9518832995193018,0.6241823768237196,0.5516700075765696,1.8624922038713323,1.5711254953281046,1.2311778,1.058159,1.266233,1.6469768,0.63028353,0.9518832995193018,0.6241823768237196,0.5516700075765696,1.8624922038713323,1.5711254953281046
2012-03-19 20:00:00,0.0,0.0,0.0,0.0,0.0,0.0,0.0,0.0,0.0,0.0,0.0,0.0,0.0,0.0,0.0,0.30998632,0.7355348,0.5839001,0.62372124,0.28537405,1.0959083,1.5613132,1.3959626,1.636083,0.39785412,0.50205797,1.0119991,1.4406164,1.6111442,1.3583081,269.98434,272.34607,271.57632,274.01324,270.06564,269.98434,272.34607,271.57632,274.01324,270.06564,269.98434,272.34607,271.57632,274.01324,270.06564,0.0,0.0,0.0,0.0,0.0,0.0,0.0,0.0,0.0,0.0,1.098899,1.5643121,1.3989239,1.638786,0.40070748,0.8472393613514144,0.9538996559914112,0.7738818957248236,1.854213759465807,1.3591478820986984,1.098899,1.5643121,1.3989239,1.638786,0.40070748,0.8472393613514144,0.9538996559914112,0.7738818957248236,1.854213759465807,1.3591478820986984
2012-03-19 21:00:00,0.0,0.0,0.0,0.0,0.0,0.0,0.0,0.0,0.0,0.0,0.0,0.0,0.0,0.0,0.0,0.15065071,0.22524226,0.51392806,0.50932187,0.31481868,0.92573726,1.0643673,1.3222542,1.1916841,0.50880206,0.14916492,0.14305365,1.3674543,1.1536684,1.4608458,269.07007,269.50638,271.1778,272.68866,270.3641,269.07007,269.50638,271.1778,272.68866,270.3641,269.07007,269.50638,271.1778,272.68866,270.3641,0.0,0.0,0.0,0.0,0.0,0.0,0.0,0.0,0.0,0.0,0.93488675,1.0673661,1.3252155,1.194387,0.51165545,0.7187782540329488,0.6301800828567989,0.6504455501836246,1.4050667582440233,1.4615909842078842,0.93488675,1.0673661,1.3252155,1.194387,0.51165545,0.7187782540329488,0.6301800828567989,0.6504455501836246,1.4050667582440233,1.4615909842078842
2012-03-19 22:00:00,0.0,0.0,0.0,0.0,0.0,0.0,0.0,0.0,0.0,0.0,0.0,0.0,0.0,0.0,0.0,0.0,0.89331526,0.48119518,0.5668168,0.25003144,0.43745622,1.7149669,1.2877735,1.4150302,0.2646826,0.0,1.2806735,1.3332291,1.3835866,1.2352315,266.4467,273.2241,270.99136,273.35437,269.7074,266.4467,273.2241,270.99136,273.35437,269.7074,266.4467,273.2241,270.99136,273.35437,269.7074,0.0,0.0,0.0,0.0,0.0,0.0,0.0,0.0,0.0,0.0,0.5017951,1.7179658,1.2907346,1.4177332,0.2675359,0.38769545558731766,1.0539924635771,0.5927020296298926,1.6307992410716887,1.2361847353032247,0.5017951,1.7179658,1.2907346,1.4177332,0.2675359,0.38769545558731766,1.0539924635771,0.5927020296298926,1.6307992410716887,1.2361847353032247
2012-03-19 23:00:00,0.0,0.0,0.0,0.0,0.0,0.0,0.0,0.0,0.0,0.0,0.0,0.0,0.0,0.0,0.0,0.0,0.9081714,0.14401789,0.57238865,0.24060194,0.4971374,1.7294345,0.9325914,1.4366747,0.229152,0.0,1.3059713,0.9806795,1.405868,1.2023942,266.76733,273.30676,269.07095,273.41888,269.61182,266.76733,273.30676,269.07095,273.41888,269.61182,266.76733,273.30676,269.07095,273.41888,269.61182,0.0,0.0,0.0,0.0,0.0,0.0,0.0,0.0,0.0,0.0,0.5547306,1.7324334,0.94058615,1.4393777,0.23200533,0.42816271432966324,1.0634169332079655,0.002927272415831724,1.6526750304132896,1.2033778032167248,0.5547306,1.7324334,0.94058615,1.4393777,0.23200533,0.42816271432966324,1.0634169332079655,0.002927272415831724,1.6526750304132896,1.2033778032167248
2012-04-07 00:00:00,0.0,0.0,0.0,0.0,0.0,0.0,0.0,0.0,0.0,0.0,0.0,0.0,0.0,0.0,0.0,0.10359837,1.1330103,1.0332662,0.63393193,0.50434816,0.8754851,1.9483929,1.8693243,1.6757475,1.222953,0.04495432,1.6888355,1.9104695,1.6519759,2.1208613,268.80008,274.55795,274.1357,274.13147,272.28525,268.80008,274.55795,274.1357,274.13147,272.28525,268.80008,274.55795,274.1357,274.13147,272.28525,0.0,0.0,0.0,0.0,0.0,0.0,0.0,0.0,0.0,0.0,0.8903145,1.9513917,1.8722856,1.6784505,1.2258064,0.6847044139174515,1.2060503146756119,1.5666005231203513,1.894302126499564,2.120997749440754,0.8903145,1.9513917,1.8722856,1.6784505,1.2258064,0.6847044139174515,1.2060503146756119,1.5666005231203513,1.894302126499564,2.120997749440754
2012-04-07 01:00:00,0.0,0.0,0.0,0.0,0.0,0.0,0.0,0.0,0.0,0.0,0.0,0.0,0.0,0.0,0.0,0.0058398307,1.2188461,0.955991,0.6594427,0.5021082,0.77107865,2.0319836,1.7879229,1.7748476,1.2145127,0.0,1.8349999,1.8296713,1.7539922,2.113061,268.23914,275.0356,273.6956,274.42685,272.26254,268.23914,275.0356,273.6956,274.42685,272.26254,268.23914,275.0356,273.6956,274.42685,272.26254,0.0,0.0,0.0,0.0,0.0,0.0,0.0,0.0,0.0,0.0,0.7977089,2.0349824,1.790884,1.7775506,1.2173661,0.6139107827246226,1.260502805876168,1.4302808221175816,1.9944609557509152,2.1132045318569874,0.7977089,2.0349824,1.790884,1.7775506,1.2173661,0.6139107827246226,1.260502805876168,1.4302808221175816,1.9944609557509152,2.1132045318569874
2012-04-07 02:00:00,0.0,0.0,0.0,0.0,0.0,0.0,0.0,0.0,0.0,0.0,0.0,0.0,0.0,0.0,0.0,0.5431315,1.4898218,0.7648714,0.5899766,0.81051815,1.3449081,2.2958722,1.5865977,1.5049974,2.3766074,1.0184227,2.2964277,1.6298382,1.4762012,3.1870644,271.32214,276.54355,272.60706,273.62253,275.3887,271.32214,276.54355,272.60706,273.62253,275.3887,271.32214,276.54355,272.60706,273.62253,275.3887,0.0,0.0,0.0,0.0,0.0,0.0,0.0,0.0,0.0,0.0,1.3478988,2.298871,1.5895588,1.5077003,2.3794608,1.0442196223212563,1.4324045753115042,1.0931301207538455,1.7217276048108792,3.1862174657895825,1.3478988,2.298871,1.5895588,1.5077003,2.3794608,1.0442196223212563,1.4324045753115042,1.0931301207538455,1.7217276048108792,3.1862174657895825
2012-04-07 03:00:00,0.0,0.0,0.0,0.0,0.0,0.0,0.0,0.0,0.0,0.0,0.0,0.0,0.0,0.0,0.0,0.46859863,1.1004736,0.42246994,0.5756753,0.72489387,1.2653068,1.9167073,1.2259122,1.4494424,2.0539734,0.853349,1.6334308,1.2718264,1.4190115,2.8888876,270.89447,274.3769,270.6569,273.45694,274.52078,270.89447,274.3769,270.6569,273.45694,274.52078,270.89447,274.3769,270.6569,273.45694,274.52078,0.0,0.0,0.0,0.0,0.0,0.0,0.0,0.0,0.0,0.0,1.2682976,1.9197061,1.2288736,1.4521453,2.0568268,0.9812481284409414,1.1854097172891502,0.48910586245541204,1.6655790556304024,2.8883154387972256,1.2682976,1.9197061,1.2288736,1.4521453,2.0568268,0.9812481284409414,1.1854097172891502,0.48910586245541204,1.6655790556304024,2.8883154387972256
2012-04-07 04:00:00,0.0,0.0,0.0,0.0,0.0,0.0,0.0,0.0,0.0,0.0,0.0,0.0,0.0,0.0,0.0,0.51015174,1.0327406,0.9432601,0.5763079,0.7317643,1.3096856,1.8507458,1.7745119,1.4518996,2.0798614,0.9453799,1.5180924,1.8163599,1.421541,2.9128127,271.1329,273.99997,273.62308,273.46426,274.59042,271.1329,273.99997,273.62308,273.46426,274.59042,271.1329,273.99997,273.62308,273.46426,274.59042,0.0,0.0,0.0,0.0,0.0,0.0,0.0,0.0,0.0,0.0,1.3126763,1.8537446,1.7774733,1.4546026,2.0827148,1.0163556125059408,1.1424412328259461,1.4078223829563985,1.6680625889520602,2.9122188292893694,1.3126763,1.8537446,1.7774733,1.4546026,2.0827148,1.0163556125059408,1.1424412328259461,1.4078223829563985,1.6680625889520602,2.9122188292893694
2012-04-07 05:00:00,0.0,-0.07152036,-0.013985359,-0.004012195,-0.0038996004,0.0,-0.10642688,-0.021016963,-0.0060120905,-0.0050432617,0.0,-0.07027665,-0.012592118,-0.0039212094,-0.0034806556,0.3767542,1.0005988,0.9165282,0.6141247,0.68310237,1.1672167,1.8194447,1.7463528,1.598804,1.8965023,0.649934,1.4633603,1.7884092,1.5727681,2.7433531,270.36746,273.8211,273.47083,273.90213,274.09717,270.36746,273.8211,273.47083,273.90213,274.09717,270.36746,273.8211,273.47083,273.90213,274.09717,0.0,0.16794656,0.033189874,0.009725747,0.007421621,0.0,0.11004503560411884,0.02528234031584873,0.00972574652780861,0.007421621206136268,1.1702074,1.8224435,1.7493141,1.601507,1.8993556,0.9036503884795345,1.1220511196821652,1.3606653320409345,1.816536489365159,2.7429153671839734,1.1702074,1.654497,1.7161242,1.5917811,1.891934,0.9036503884795345,1.0120060840780463,1.335382991725086,1.8068107428373503,2.7354937459778372
2012-04-07 06:00:00,0.0,-2.5858014,-0.17794894,-0.030873898,-0.042200193,0.0,-3.4851797,-0.24908371,-0.04327216,-0.05183321,0.0,-2.765361,-0.17026065,-0.03187156,-0.03939788,0.621685,1.5545714,0.9272499,0.61478627,0.7364399,1.4288036,2.3589282,1.7576469,1.6013739,2.0974793,1.1924015,2.4066858,1.7996199,1.5754137,2.9290953,271.7729,276.90387,273.5319,273.9098,274.63782,271.7729,276.90387,273.5319,273.9098,274.63782,271.7729,276.90387,273.5319,273.9098,274.63782,0.0,5.485424,0.40665364,0.07228548,0.07798299,0.0,3.88280165082288,0.3335382308786221,0.07228548088973079,0.07798298897213163,1.4317944,2.3619273,1.7606082,1.6040769,2.1003325,1.1105881798075021,1.473480512163342,1.3795791943143048,1.8191338512973927,2.92848612352,1.4317944,-3.1234968,1.3539546,1.5317913,2.0223496,1.1105881798075021,-2.4093211386595383,1.0460409634356826,1.7468483704076618,2.850503134547868
2012-04-07 07:00:00,0.0,-4.38572,-0.47587374,-0.07164147,-0.05505789,0.0,-5.646678,-0.6298771,-0.09453181,-0.06661457,0.0,-4.905683,-0.48057306,-0.07818872,-0.052159235,0.73603183,1.7007093,0.9625708,0.63255084,0.7419827,1.5509263,2.501244,1.7948539,1.6703825,2.118364,1.4456543,2.6555352,1.8365511,1.646453,2.9483972,272.42902,277.7171,273.73306,274.11548,274.694,272.42902,277.7171,273.73306,274.11548,274.694,272.42902,277.7171,273.73306,274.11548,274.694,0.0,8.961141,1.0520105,0.1618712,0.100985914,0.0,6.653253625589677,0.913220612969449,0.16187118914508,0.10098591355859701,1.5539172,2.504243,1.7978152,1.6730855,2.1212175,1.20719779293914,1.5661875135377619,1.4418881298995396,1.8888797454139448,2.9477701471378945,1.5539172,-6.4568973,0.74580467,1.5112143,2.0202317,1.20719779293914,-5.087066112051915,0.5286675169300906,1.7270085562688648,2.8467842335792977
2012-04-07 08:00:00,0.0,-4.977735,-0.86091435,-0.07161826,-0.04400195,0.0,-6.358301,-1.0875736,-0.09155331,-0.05254524,0.0,-5.6137524,-0.91395056,-0.08070305,-0.042244863,0.8189572,1.7749135,0.99509484,0.615498,0.6913427,1.6394911,2.5735073,1.8291147,1.6041384,1.9275519,1.6293156,2.781893,1.8705578,1.5782595,2.772049,272.90485,278.13004,273.9183,273.91803,274.1807,272.90485,278.13004,273.9183,273.91803,274.1807,272.90485,278.13004,273.9183,273.91803,274.1807,0.0,10.0620365,1.8496568,0.15956712,0.08076118,0.0,7.514369380296879,1.687769957524303,0.15956712032135936,0.08076117728377007,1.6424818,2.5765061,1.832076,1.6068413,1.9304053,1.2772599830762792,1.6132611564226793,1.4992630144569392,1.8219278262842575,2.771584771117802,1.6424818,-7.4855304,-0.017580934,1.4472742,1.8496441,1.2772599830762792,-5.9011082238742,-0.18850694306736382,1.6623607059628982,2.6908235938340317
2012-04-07 09:00:00,-0.7540585,-5.1657495,-1.0414877,-0.10501988,-0.05202459,-0.9450341,-6.5559254,-1.3053573,-0.1317974,-0.059932668,-0.96993464,-5.8654933,-1.1155671,-0.12068303,-0.051976673,1.0186706,1.7712117,1.0164362,0.6365913,0.67321825,1.8527855,2.5699024,1.8515956,1.6860784,1.8592587,2.0716364,2.7755892,1.8928722,1.6626108,2.7089326,274.0508,278.10944,274.03986,274.16226,273.99698,274.0508,278.10944,274.03986,274.16226,273.99698,274.0508,278.10944,274.03986,274.16226,273.99698,1.6239076,10.408339,2.2234187,0.23068741,0.09413043,1.11336935419945,7.8391464436554505,2.039963115290218,0.23068741202081966,0.09413042790979448,1.8557763,2.5729012,1.854557,1.6887813,1.8621122,1.445994289248657,1.6109128666475467,1.5369111471080301,1.904743314506033,2.708526747120123,0.23186879,-7.835437,-0.36886182,1.4580939,1.7679816,0.332624935049207,-6.228233577007904,-0.5030519681821879,1.6740559024852133,2.6143963192103286
2012-04-07 10:00:00,0.0,-5.629545,-0.73408,-0.10833129,-0.059375614,0.0,-7.0738754,-0.9156528,-0.13477004,-0.06856349,0.0,-6.4603367,-0.7906475,-0.12568213,-0.0591559,0.85916996,1.7988127,0.9665519,0.6349072,0.68735343,1.6824384,2.5967815,1.7990477,1.6795359,1.9125205,1.7183781,2.8225896,1.8407137,1.6558757,2.758157,273.1356,278.26303,273.75574,274.14276,274.14026,273.1356,278.26303,273.75574,274.14276,274.14026,273.1356,278.26303,273.75574,274.14276,274.14026,0.0,11.254045,1.5703368,0.23688678,0.107351944,0.0,8.572254720196884,1.4645692613165577,0.2368867874540162,0.10735194226489866,1.6854292,2.5997803,1.8020089,1.6822388,1.9153739,1.311235112605968,1.6284224110004983,1.4489111182399266,1.8981309070371193,2.7577057209854225,1.6854292,-8.654264,0.2316721,1.445352,1.808022,1.311235112605968,-6.943832309196386,-0.01565814307663116,1.6612441195831031,2.650353778720524
2012-04-07 11:00:00,0.0,-4.5413556,-1.1511732,-0.077819355,-0.06060874,0.0,-5.8752565,-1.4211866,-0.097276725,-0.06932764,0.0,-5.054868,-1.2548931,-0.08981001,-0.061068892,0.8199198,1.7672414,1.0189224,0.6120267,0.6816151,1.640519,2.5660357,1.8542145,1.5906541,1.8908981,1.6314477,2.7688284,1.8954717,1.5643785,2.7381737,272.91037,278.08734,274.05402,273.87784,274.0821,272.91037,278.08734,274.05402,273.87784,274.0821,272.91037,278.08734,274.05402,273.87784,274.0821,0.0,9.250287,2.4364567,0.17136756,0.10917449,0.0,6.800755062554198,2.2775471854451284,0.17136755429765516,0.10917449350009276,1.6435099,2.5690348,1.857176,1.593357,1.8937515,1.278073301214736,1.6083941084294786,1.541296970243884,1.8082994371816612,2.73774083830443,1.6435099,-6.681252,-0.57928085,1.4219894,1.784577,1.278073301214736,-5.1923609541247195,-0.7362502152012445,1.636931882884006,2.6285663448043373
2012-04-07 12:00:00,0.0,-5.7041216,-0.9688126,-0.09095502,-0.053838782,0.0,-7.2325053,-1.1961172,-0.11369098,-0.061536103,0.0,-6.483116,-1.0560342,-0.1049754,-0.054298468,0.7840415,1.874898,0.9933212,0.6228515,0.67060196,1.602201,2.6708767,1.8272463,1.6327043,1.8494005,1.5519851,2.9521499,1.8687035,1.607666,2.6998217,272.7045,278.68643,273.9082,274.00317,273.97046,272.7045,278.68643,273.9082,274.00317,273.97046,272.7045,278.68643,273.9082,274.00317,273.97046,0.0,11.385661,2.055495,0.199874,0.09708412,0.0,8.536008316182576,1.9314452364258015,0.19987399291576685,0.09708412316072158,1.6051917,2.6738756,1.8302076,1.6354072,1.8522538,1.247760350043293,1.6766893329859645,1.4961343345906295,1.8507989011485275,2.6994241851842458,1.6051917,-8.711785,-0.22528741,1.4355332,1.7551697,1.247760350043293,-6.859318983196611,-0.43531090183517196,1.6509249082327606,2.602340062023524
2012-04-07 13:00:00,0.0,-6.0442524,-0.635344,-0.11421482,-0.051351596,0.0,-7.48861,-0.7865379,-0.14318916,-0.05915734,0.0,-7.0442204,-0.6903389,-0.131396,-0.051304333,0.8428902,1.7890952,0.9482217,0.6438816,0.6721133,1.6650517,2.587318,1.7797387,1.7143985,1.8550953,1.682322,2.8060417,1.8215477,1.6917644,2.7050848,273.04218,278.20895,273.65134,274.24667,273.98578,273.04218,278.20895,273.65134,274.24667,273.98578,273.04218,278.20895,273.65134,274.24667,273.98578,0.0,11.998899,1.3557771,0.250394,0.0929262,0.0,9.315043602628515,1.2815549485524813,0.2503939903955423,0.0929261941385487,1.6680423,2.590317,1.7827,1.7171015,1.8579488,1.29748059977825,1.6222577154722986,1.416575124818038,1.933366036038137,2.704682512102324,1.6680423,-9.408583,0.4269227,1.4667075,1.7650225,1.29748059977825,-7.692785887156217,0.13502017626555674,1.6829720456425947,2.6117563179637755
2012-04-07 14:00:00,-0.07250416,-3.9890873,-0.9771307,-0.097211964,-0.064566456,-0.09053978,-5.1843433,-1.2225373,-0.12501346,-0.07425784,-0.09359488,-4.4197245,-1.0487474,-0.10886988,-0.06463358,0.87616247,1.6725435,1.0050557,0.6435522,0.6924235,1.7005864,2.4738147,1.8396074,1.7131184,1.9316243,1.7560127,2.607573,1.8809727,1.6904467,2.775813,273.2331,277.56036,273.97504,274.24286,274.19165,273.2331,277.56036,273.97504,274.24286,274.19165,273.2331,277.56036,273.97504,274.24286,274.19165,0.15795076,8.212535,2.0862203,0.21613832,0.116438635,0.10982512709469855,6.035948768616576,1.9228271798771086,0.21613832490967386,0.11643863825724181,1.7035773,2.4768136,1.8425686,1.7158216,1.9344778,1.3255917504643673,1.5483196375598642,1.516834663615457,1.9320725290997738,2.775345208097065,1.5456265,-5.735721,-0.24365173,1.4996833,1.8180392,1.2157666233696687,-4.487629131056712,-0.40599251626165156,1.7159342041901,2.6589065698398233
2012-04-07 15:00:00,-0.4258389,-4.8713923,-0.40186784,-0.13396072,-0.04885009,-0.5386229,-6.200815,-0.5102455,-0.17392801,-0.05778421,-0.54284054,-5.513907,-0.42421943,-0.14856993,-0.04737218,0.9544396,1.7307014,0.9244852,0.6899455,0.69112885,1.7841866,2.5304518,1.7547345,1.8933395,1.9267464,1.929379,2.7066066,1.7967291,1.8759711,2.7713044,273.68225,277.884,273.51614,274.78003,274.17853,273.68225,277.884,273.51614,274.78003,274.17853,273.68225,277.884,273.51614,274.78003,274.17853,0.9273798,9.865759,0.8716045,0.29678348,0.08927289,0.63153245322533,7.419147633364147,0.802115851747848,0.29678348925046394,0.0892728892705159,1.7871774,2.5334504,1.7576958,1.8960426,1.9295998,1.391726647490946,1.5852138791380586,1.374701856516674,2.114219002132348,2.770841063525803,0.8597976,-7.332308,0.8860913,1.5992591,1.8403269,0.760194194265616,-5.833933754226088,0.5725860047688259,1.817435512881884,2.6815681742552875
2012-04-07 16:00:00,-0.43802416,-2.521048,-0.47415277,-0.07373623,-0.041250497,-0.5709357,-3.410678,-0.6298014,-0.100946255,-0.049304888,-0.5427963,-2.6866782,-0.47713327,-0.077727765,-0.039565466,0.9784044,1.561613,0.96515346,0.6698958,0.6858933,1.8097813,2.3657856,1.7975745,1.8154542,1.9070185,1.982456,2.4186764,1.8392514,1.7957935,2.7530723,273.81976,276.94305,273.74777,274.54788,274.12546,273.81976,276.94305,273.74777,274.54788,274.12546,273.81976,276.94305,273.74777,274.54788,274.12546,0.9675417,5.355505,1.0499338,0.16872665,0.07579717,0.6349167538439016,3.7723145753979472,0.9071669422583374,0.1687266500236802,0.07579716778073434,1.812772,2.3687844,1.8005358,1.8181571,1.9098719,1.4119742250151859,1.4779474811578166,1.4464440927260087,2.0355013438913074,2.752625464899231,0.84523034,-2.9867203,0.7506019,1.6494304,1.8340747,0.7770574711712843,-2.2943670942401306,0.5392771504676713,1.8667746938676273,2.676828297118497
2012-04-07 17:00:00,-0.28839007,-1.4452609,0.0,-0.07069947,0.0,-0.39993694,-2.0134397,0.0,-0.09844085,0.0,-0.3387488,-1.4998757,0.0,-0.07340583,0.0,0.997285,1.4033554,0.6561064,0.69033563,0.5036678,1.8299458,2.2116673,1.4720248,1.8948549,1.2203891,2.0242722,2.1491895,1.5161146,1.8775309,2.118492,273.9281,276.06238,271.98758,274.78455,272.27835,273.9281,276.06238,271.98758,274.78455,272.27835,273.9281,276.06238,271.98758,274.78455,272.27835,0.65737647,3.1622343,0.0,0.16260508,0.0,0.40186321576772766,2.1727280234272977,0.0,0.16260507897916654,0.0,1.8329365,2.2146661,1.474986,1.8975579,1.2232425,1.427926044857852,1.3775520051122219,0.9012598107652706,2.11575051434737,2.118630454852137,1.1755601,-0.94756824,1.474986,1.7349528,1.2232425,1.0260628290901241,-0.7951760183150758,0.9012598107652706,1.9531454353682034,2.118630454852137
2012-04-07 18:00:00,0.0,0.0,0.0,0.0,0.0,0.0,0.0,0.0,0.0,0.0,0.0,0.0,0.0,0.0,0.0,0.605384,1.2655971,0.71093637,0.59335023,0.5155871,1.411394,2.077512,1.5297824,1.5181029,1.2653015,1.1562983,1.9146094,1.5734442,1.4896923,2.1599996,271.67935,275.29578,272.29987,273.6616,272.39917,271.67935,275.29578,272.29987,273.6616,272.39917,271.67935,275.29578,272.29987,273.6616,272.39917,0.0,0.0,0.0,0.0,0.0,0.0,0.0,0.0,0.0,0.0,1.4143847,2.0805109,1.5327437,1.5208058,1.2681549,1.0968156930982713,1.290160835999139,0.9979842248799111,1.7349731158597197,2.160100009172205,1.4143847,2.0805109,1.5327437,1.5208058,1.2681549,1.0968156930982713,1.290160835999139,0.9979842248799111,1.7349731158597197,2.160100009172205
2012-04-07 19:00:00,0.0,0.0,0.0,0.0,0.0,0.0,0.0,0.0,0.0,0.0,0.0,0.0,0.0,0.0,0.0,0.4759647,0.8988979,0.22268616,0.51298547,0.5495658,1.2731737,1.7204037,1.0154604,1.2059158,1.393334,0.86966324,1.2901801,1.0629343,1.1683186,2.278327,270.93674,273.25516,269.519,272.73108,272.7436,270.93674,273.25516,269.519,272.73108,272.7436,270.93674,273.25516,269.519,272.73108,272.7436,0.0,0.0,0.0,0.0,0.0,0.0,0.0,0.0,0.0,0.0,1.2761645,1.7234025,1.0184216,1.2086188,1.3961874,0.9874715849147703,1.0575340324527815,0.13667094555142648,1.4194505553986236,2.278318092035627,1.2761645,1.7234025,1.0184216,1.2086188,1.3961874,0.9874715849147703,1.0575340324527815,0.13667094555142648,1.4194505553986236,2.278318092035627
2012-04-07 20:00:00,0.0,0.0,0.0,0.0,0.0,0.0,0.0,0.0,0.0,0.0,0.0,0.0,0.0,0.0,0.0,0.27083188,0.9770559,0.2862659,0.4104652,0.50949043,1.0540911,1.7965175,1.0824351,0.80766255,1.242329,0.4153395,1.4232707,1.1294127,0.75834626,2.1387687,269.75967,273.6901,269.88113,271.54404,272.33737,269.75967,273.6901,269.88113,271.54404,272.33737,269.75967,273.6901,269.88113,271.54404,272.33737,0.0,0.0,0.0,0.0,0.0,0.0,0.0,0.0,0.0,0.0,1.0570818,1.7995164,1.0853964,0.81036544,1.2451825,0.8141584324269905,1.1071159967123219,0.24883081048686317,1.0169422403464692,2.1388886306680024,1.0570818,1.7995164,1.0853964,0.81036544,1.2451825,0.8141584324269905,1.1071159967123219,0.24883081048686317,1.0169422403464692,2.1388886306680024
2012-04-07 21:00:00,0.0,0.0,0.0,0.0,0.0,0.0,0.0,0.0,0.0,0.0,0.0,0.0,0.0,0.0,0.0,0.35849592,1.1753029,0.57455015,0.41962418,0.28743336,1.1477166,1.9895793,1.3861134,0.8432419,0.40561372,0.609496,1.760853,1.4308401,0.79497254,1.3654796,270.2627,274.7933,271.52307,271.6501,270.08652,270.2627,274.7933,271.52307,271.6501,270.08652,270.2627,274.7933,271.52307,271.6501,270.08652,0.0,0.0,0.0,0.0,0.0,0.0,0.0,0.0,0.0,0.0,1.1507075,1.9925783,1.3890747,0.84594476,0.40846702,0.8882243046711199,1.2328799602249787,0.7573877979402005,1.0529017332329704,1.3663126143934514,1.1507075,1.9925783,1.3890747,0.84594476,0.40846702,0.8882243046711199,1.2328799602249787,0.7573877979402005,1.0529017332329704,1.3663126143934514
2012-04-07 22:00:00,0.0,0.0,0.0,0.0,0.0,0.0,0.0,0.0,0.0,0.0,0.0,0.0,0.0,0.0,0.0,0.2442715,0.76635486,0.10807546,0.24183135,0.47307307,1.0257245,1.5913273,0.89472955,0.15258262,1.1051075,0.35651416,1.0644808,0.94309837,0.08398965,2.011949,269.60727,272.51758,268.86624,269.5915,271.96823,269.60727,272.51758,268.86624,269.5915,271.96823,269.60727,272.51758,268.86624,269.5915,271.96823,0.0,0.0,0.0,0.0,0.0,0.0,0.0,0.0,0.0,0.0,1.0287153,1.5943261,0.90625495,0.15528552,1.1079609,0.7917180413581812,0.9734513427117745,0.00034290463615284286,0.35486330095906377,2.0121859964028985,1.0287153,1.5943261,0.90625495,0.15528552,1.1079609,0.7917180413581812,0.9734513427117745,0.00034290463615284286,0.35486330095906377,2.0121859964028985
2012-04-07 23:00:00,0.0,0.0,0.0,0.0,0.0,0.0,0.0,0.0,0.0,0.0,0.0,0.0,0.0,0.0,0.0,0.0,0.86834097,0.55474645,0.34280977,0.43944654,0.7005314,1.6906459,1.3652524,0.5448463,0.9784023,0.0,1.2381467,1.4101337,0.48779625,1.8948486,267.8601,273.0851,271.41028,270.76068,271.62738,267.8601,273.0851,271.41028,270.76068,271.62738,267.8601,273.0851,271.41028,270.76068,271.62738,0.0,0.0,0.0,0.0,0.0,0.0,0.0,0.0,0.0,0.0,0.7351355,1.6936449,1.3682135,0.5475492,0.9812557,0.5660756867333853,1.0381493352275388,0.7224524481339158,0.751318003539678,1.8951934598530527,0.7351355,1.6936449,1.3682135,0.5475492,0.9812557,0.5660756867333853,1.0381493352275388,0.7224524481339158,0.751318003539678,1.8951934598530527
2012-05-16 00:00:00,0.0,0.0,0.0,0.0,0.0,0.0,0.0,0.0,0.0,0.0,0.0,0.0,0.0,0.0,0.0,0.91314703,1.7518368,0.765643,0.84974724,0.62783504,1.7400863,2.5510345,1.5874104,2.5141096,1.6882535,1.8379252,2.7425966,1.630645,2.515008,2.5508907,273.4453,278.00162,272.61145,276.6303,273.53696,273.4453,278.00162,272.61145,276.6303,273.53696,273.4453,278.00162,272.61145,276.6303,273.53696,0.0,0.0,0.0,0.0,0.0,0.0,0.0,0.0,0.0,0.0,1.7430768,2.554033,1.5903716,2.5168128,1.691107,1.3568393434744792,1.598621744017112,1.0944912382787657,2.7416216075161084,2.550630293010321,1.7430768,2.554033,1.5903716,2.5168128,1.691107,1.3568393434744792,1.598621744017112,1.0944912382787657,2.7416216075161084,2.550630293010321
2012-05-16 01:00:00,0.0,0.0,0.0,0.0,0.0,0.0,0.0,0.0,0.0,0.0,0.0,0.0,0.0,0.0,0.0,0.37376526,1.7478937,0.7531049,0.632137,0.59058964,1.1640244,2.5471942,1.5742029,1.6687751,1.5479125,0.6433141,2.7358825,1.6175354,1.6447983,2.4211876,270.3503,277.97968,272.54004,274.1107,273.15942,270.3503,277.97968,272.54004,274.1107,273.15942,270.3503,277.97968,272.54004,274.1107,273.15942,0.0,0.0,0.0,0.0,0.0,0.0,0.0,0.0,0.0,0.0,1.1670151,2.550193,1.577164,1.6714779,1.5507659,0.9011250581269772,1.5961203805381188,1.0723730784988128,1.8872551006993605,2.4210471011705725,1.1670151,2.550193,1.577164,1.6714779,1.5507659,0.9011250581269772,1.5961203805381188,1.0723730784988128,1.8872551006993605,2.4210471011705725
2012-05-16 02:00:00,0.0,0.0,0.0,0.0,0.0,0.0,0.0,0.0,0.0,0.0,0.0,0.0,0.0,0.0,0.0,0.0,1.1513762,0.73762524,0.787856,0.54941535,0.41733715,1.9662784,1.5578964,2.2736855,1.3927668,0.0,1.7201097,1.6013498,2.2675092,2.2778027,266.3386,274.66016,272.45187,275.9137,272.74207,266.3386,274.66016,272.45187,275.9137,272.74207,266.3386,274.66016,272.45187,275.9137,272.74207,0.0,0.0,0.0,0.0,0.0,0.0,0.0,0.0,0.0,0.0,0.4839501,1.9692774,1.5608578,2.2763884,1.3956202,0.37405359487870554,1.2177013109080845,1.0450656581551014,2.498628568102922,2.2777943542947825,0.4839501,1.9692774,1.5608578,2.2763884,1.3956202,0.37405359487870554,1.2177013109080845,1.0450656581551014,2.498628568102922,2.2777943542947825
2012-05-16 03:00:00,0.0,0.0,0.0,0.0,0.0,0.0,0.0,0.0,0.0,0.0,0.0,0.0,0.0,0.0,0.0,0.18573655,1.0888914,0.52714664,0.662197,0.48272532,0.9632091,1.9054279,1.3361787,1.785547,1.1414777,0.22687232,1.6137083,1.3812755,1.7650064,2.0455623,269.2714,274.31244,271.25308,274.45874,272.06607,269.2714,274.31244,271.25308,274.45874,272.06607,269.2714,274.31244,271.25308,274.45874,272.06607,0.0,0.0,0.0,0.0,0.0,0.0,0.0,0.0,0.0,0.0,0.9681232,1.9084268,1.3391399,1.78825,1.144331,0.7441863158891641,1.1780621795038464,0.6737641400029167,2.0052746737556326,2.0457680603458486,0.9681232,1.9084268,1.3391399,1.78825,1.144331,0.7441863158891641,1.1780621795038464,0.6737641400029167,2.0052746737556326,2.0457680603458486
2012-05-16 04:00:00,0.0,-0.002333766,0.0,-0.066265255,0.0,0.0,-0.0035113886,0.0,-0.22028872,0.0,0.0,-0.0022736834,0.0,-0.10526764,0.0,0.0,0.88671243,0.443147,0.79194134,0.45760405,0.66461027,1.7085369,1.2476935,2.2895553,1.0468202,0.0,1.2694302,1.2934462,2.2838461,1.95808,267.6671,273.18735,270.77466,275.961,271.81143,267.6671,273.18735,270.77466,275.961,271.81143,267.6671,273.18735,270.77466,275.961,271.81143,0.0,0.005615434,0.0,0.21283989,0.0,0.0,0.003664803801760578,0.0,0.14419795667545784,0.0,0.7032744,1.7115358,1.2506548,2.2922583,1.0496736,0.5417190726392963,1.0498038104078264,0.5255819216822661,2.514668054138628,1.958366706153717,0.7032744,1.7059203,1.2506548,2.0794184,1.0496736,0.5417190726392963,1.0461390066060658,0.5255819216822661,2.3704700974631705,1.958366706153717
2012-05-16 05:00:00,0.0,-0.28602147,0.0,-0.10324482,0.0,0.0,-0.41181576,0.0,-0.14592203,0.0,0.0,-0.28859493,0.0,-0.10581341,0.0,0.23028927,0.98358744,0.44436866,0.68015397,0.49378362,1.0107915,1.8028781,1.2489805,1.8553028,1.1831455,0.32554668,1.4343927,1.2947236,1.836815,2.0840716,269.52704,273.72644,270.78162,274.66666,272.17816,269.52704,273.72644,270.78162,274.66666,272.17816,269.52704,273.72644,270.78162,274.66666,272.17816,0.0,0.66691005,0.0,0.23369686,0.0,0.0,0.4535562266006389,0.0,0.23369686143752158,0.0,1.0137823,1.8058771,1.2519417,1.8580059,1.1859989,0.7799047077338522,1.1112594235600004,0.5277370244300564,2.0757759759241887,2.084241834788286,1.0137823,1.138967,1.2519417,1.6243091,1.1859989,0.7799047077338522,0.6577031969593615,0.5277370244300564,1.842079114486667,2.084241834788286
2012-05-16 06:00:00,0.0,-1.5187871,0.0,-0.23651433,0.0,0.0,-2.0910985,0.0,-0.31572685,0.0,0.0,-1.5927905,0.0,-0.2552504,0.0,0.21127047,1.1727694,0.51539624,0.71007156,0.46666625,0.9904793,1.987112,1.3238009,1.9715221,1.0809667,0.28342426,1.7565386,1.3689893,1.9564542,1.9896382,269.4179,274.7792,271.18616,275.01306,271.9033,269.4179,274.7792,271.18616,275.01306,271.9033,269.4179,274.7792,271.18616,275.01306,271.9033,0.0,3.3997953,0.0,0.51644367,0.0,0.0,2.4028247133535454,0.0,0.5164436567995192,0.0,0.9934701,1.9901109,1.3267621,1.974225,1.0838201,0.7638360576613527,1.2312726863344436,0.6530354543629865,2.193236753983088,1.9898957181525565,0.9934701,-1.4096844,1.3267621,1.4577813,1.0838201,0.7638360576613527,-1.1715520270191018,0.6530354543629865,1.676793097183569,1.9898957181525565
2012-05-16 07:00:00,0.0,-3.8795311,0.0,-0.38649434,0.0,0.0,-5.0216208,0.0,-0.4917085,0.0,0.0,-4.31595,0.0,-0.44529358,0.0,0.14953387,1.3297217,0.7141243,0.7220271,0.44054544,0.9245444,2.1399593,1.5331408,2.0179646,0.982543,0.14669132,2.0238032,1.5767777,2.0042634,1.8986753,269.06366,275.65262,272.31802,275.1515,271.63852,269.06366,275.65262,272.31802,275.1515,271.63852,269.06366,275.65262,272.31802,275.1515,271.63852,0.0,8.282586,0.0,0.81810075,0.0,0.0,6.245356311134831,0.0,0.8149426912305289,0.0,0.9338288,2.1429582,1.536102,2.0206676,0.9853964,0.7179694480620825,1.3308401728000656,1.003608286875241,2.2401755337624176,1.8990167453612177,0.9338288,-6.139628,1.536102,1.2025669,0.9853964,0.7179694480620825,-4.914516138334765,1.003608286875241,1.4252328425318888,1.8990167453612177
2012-05-16 08:00:00,0.0,-3.391206,0.0,-0.70515424,0.0,0.0,-4.3723693,0.0,-1.8583922,0.0,0.0,-3.7877977,0.0,-1.1731627,0.0,0.2974986,1.258775,0.6920435,0.74270403,0.58534795,1.0825713,2.0708683,1.5098808,2.098287,1.5281619,0.4744004,1.9029925,1.5536901,2.0869493,2.4029343,269.9127,275.2578,272.19226,275.3909,273.1063,269.9127,275.2578,272.19226,275.3909,273.1063,269.9127,275.2578,272.19226,275.3909,273.1063,0.0,7.270695,0.0,2.0195007,0.0,0.0,5.534095095562083,0.0,1.4734096001945667,0.0,1.085562,2.073867,1.512842,2.1009898,1.5310153,0.8366886929033641,1.2858330249172651,0.9646557499294349,2.3213560292141016,2.402810553034367,1.085562,-5.196828,1.512842,0.08148911,1.5310153,0.8366886929033641,-4.248262070644818,0.9646557499294349,0.8479464290195349,2.402810553034367
2012-05-16 09:00:00,0.0,-4.3885384,0.0,-1.4773226,-0.12897396,0.0,-5.511147,0.0,-5.322602,-0.13655892,0.0,-5.0394654,0.0,-3.009646,-0.1275713,0.4911489,1.2979089,0.8158381,0.793673,0.6477237,1.2893906,2.1089787,1.640286,2.296282,1.7631946,0.90329283,1.9696312,1.6831287,2.2907703,2.6201503,271.02386,275.4756,272.89734,275.98105,273.73856,271.02386,275.4756,272.89734,275.98105,273.73856,271.02386,275.4756,272.89734,275.98105,273.73856,0.0,9.241057,0.0,5.070616,0.1977047,0.0,7.256940289686334,0.0,3.081975077235038,0.1977047011049774,1.2923813,2.1119776,1.6432471,2.2989852,1.766048,1.0003004428445759,1.3106587965251855,1.183039495038851,2.5214667266066657,2.6198265233306977,1.2923813,-7.1290803,1.6432471,-2.7716308,1.5683433,1.0003004428445759,-5.946281493161148,1.183039495038851,-0.5605083506283721,2.42212182222572
2012-05-16 10:00:00,0.0,-7.8685956,-0.28802595,-1.0606122,-0.2564004,0.0,-9.682301,-0.35290512,-3.398171,-0.27080148,0.0,-9.241043,-0.31681567,-2.0128634,-0.2544958,0.41409513,1.577544,0.8918969,0.76341796,0.70402074,1.2070968,2.3813,1.7204062,2.1787527,1.975323,0.7326358,2.4458046,1.7626551,2.1697826,2.8161988,270.58173,277.0317,273.33054,275.63074,274.3092,270.58173,277.0317,273.33054,275.63074,274.3092,270.58173,277.0317,273.33054,275.63074,274.3092,0.0,15.981793,0.6182052,3.3837583,0.3904935,0.0,12.673451921014975,0.5993010298266858,2.2074416108741817,0.390493512309698,1.2100875,2.3842988,1.7233675,2.1814556,1.9781764,0.9351990440049869,1.4880538245604242,1.3172135454988647,2.4026813974428824,2.8156939636517264,1.2100875,-13.597495,1.1051623,-1.2023027,1.5876828,0.9351990440049869,-11.18539809645455,0.717912515672179,0.19523978656870078,2.4252004513420284
2012-05-16 11:00:00,0.0,-9.208414,-0.6936423,-1.6921387,-0.41636673,0.0,-11.273013,-0.84873116,-6.296693,-0.43947953,0.0,-10.877596,-0.7642267,-3.5281882,-0.4136343,0.7108117,1.6883264,0.936482,0.80795574,0.7779153,1.5239913,2.4891849,1.7673721,2.3517654,2.2537594,1.3897973,2.634449,1.809273,2.3478866,3.0735283,272.2843,277.6482,273.58447,276.14642,275.05823,272.2843,277.6482,273.58447,276.14642,275.05823,272.2843,277.6482,273.58447,276.14642,275.05823,0.0,18.4705,1.4814138,5.938485,0.6294643,0.0,14.652963865868703,1.4250209263805331,3.5317854727364395,0.6294643515177234,1.526982,2.492184,1.7703333,2.3544686,2.2566125,1.185889756405641,1.5583320493714665,1.395865343588176,2.577542839398594,3.072786345877479,1.526982,-15.978317,0.28891942,-3.5840168,1.6271483,1.185889756405641,-13.094631816497236,-0.029155582792357082,-0.9542426333378455,2.4433219943597555
2012-05-16 12:00:00,0.0,-9.297226,-1.8401802,-2.0315313,-0.74101794,0.0,-11.484673,-2.261963,-7.8482695,-1.8111639,0.0,-10.871409,-2.016335,-4.3424063,-1.1445473,0.8010872,1.7436765,1.0716251,0.8325046,0.81666905,1.6204058,2.5430875,1.9097314,2.4471285,2.3997838,1.5897374,2.728701,1.9505773,2.446056,3.208484,272.8023,277.9562,274.3542,276.43066,275.45105,272.8023,277.9562,274.3542,276.43066,275.45105,272.8023,277.9562,274.3542,276.43066,275.45105,0.0,18.65316,3.8904068,7.329333,1.8398244,0.0,14.57533254443217,3.618140635980023,4.247074392299153,1.5989872206700273,1.6233965,2.5460863,1.9126929,2.4498315,2.4026375,1.2621619226054743,1.593445069668375,1.6342688589599599,2.673924628389924,3.2076173898804887,1.6233965,-16.107073,-1.977714,-4.8795013,0.56281286,1.2621619226054743,-12.981887474763795,-1.983871777020063,-1.5731497639092287,1.6086301692104614
2012-05-16 13:00:00,0.0,-9.193435,-2.2053773,-2.4652414,-0.9835042,0.0,-11.354762,-2.7187319,-9.83454,-2.9030612,0.0,-10.751846,-2.4081879,-5.359837,-1.7171891,0.72892106,1.7317324,1.1193554,0.86867404,0.84288013,1.5433321,2.5314555,1.9600108,2.5876338,2.4985483,1.4299057,2.7083623,2.0004838,2.5906956,3.2997615,272.3882,277.88974,274.62604,276.84946,275.71674,272.3882,277.88974,274.62604,276.84946,275.71674,272.3882,277.88974,274.62604,276.84946,275.71674,0.0,18.462404,4.6492877,9.134404,2.8021145,0.0,14.438922966796149,4.267190950169787,5.1705407593161095,2.3476497825495564,1.5463228,2.5344546,1.9629719,2.5903366,2.5014014,1.2011900230434656,1.5858679213272806,1.7184691014043274,2.815930994111206,3.2988106053163344,1.5463228,-15.92795,-2.6863158,-6.5440674,-0.3007129,1.2011900230434656,-12.853055045468867,-2.5487218487654593,-2.3546097652049034,0.951160822766778
2012-05-16 14:00:00,0.0,-10.317896,-2.5923004,-2.797121,-1.1572964,0.0,-12.758418,-3.2033675,-11.344424,-3.6868708,0.0,-12.051237,-2.8227122,-6.1015315,-2.12917,0.661983,1.8622024,1.1711688,0.9031858,0.863663,1.471842,2.658513,2.0145907,2.7216985,2.5768583,1.2816525,2.9305315,2.0546591,2.7287054,3.3721354,272.00412,278.61578,274.92114,277.24905,275.9274,272.00412,278.61578,274.92114,277.24905,275.9274,272.00412,278.61578,274.92114,277.24905,275.9274,0.0,20.503029,5.4460077,10.536054,3.4995077,0.0,15.8936623088927,4.933080259037433,5.887754010229822,2.8810148749485585,1.4748328,2.6615121,2.017552,2.7244017,2.5797117,1.1446352048632427,1.6686355687942136,1.8098719240847316,2.951428432918644,3.371117837817327,1.4748328,-17.841516,-3.4284558,-7.8116517,-0.91979593,1.1446352048632427,-14.225026740098487,-3.123208334952701,-2.9363255773111776,0.49010296286876853
2012-05-16 15:00:00,0.0,-8.942432,-2.4764628,-2.0071304,-1.1505625,0.0,-11.297876,-3.091998,-7.7938204,-3.7086647,0.0,-10.202534,-2.6643236,-4.2102118,-2.1354218,0.7539284,1.839389,1.1750319,0.84674513,0.86982894,1.5700401,2.6362963,2.0186603,2.502448,2.6000915,1.4852912,2.891684,2.0586987,2.5030034,3.3936076,272.5317,278.48883,274.94315,276.59555,275.9899,272.5317,278.48883,274.94315,276.59555,275.9899,272.5317,278.48883,274.94315,276.59555,275.9899,0.0,18.017956,5.2307444,7.268852,3.511287,0.0,13.59753259196887,4.672820069032089,4.215953351730807,2.889558900835621,1.5730308,2.6392953,2.0216215,2.5051508,2.6029449,1.2223183207618356,1.6541631458837667,1.816686963914367,2.7298351722937415,3.3925701356823184,1.5730308,-15.378659,-3.2091227,-4.763701,-0.908342,1.2223183207618356,-11.943369446085104,-2.8561331051177223,-1.4861181794370655,0.5030112348466975
2012-05-16 16:00:00,0.0,-8.070339,-1.8883218,-2.193546,-0.95846295,0.0,-10.294133,-2.402771,-8.672359,-2.9724874,0.0,-9.114902,-1.988567,-4.5479884,-1.7325865,0.69937706,1.7916616,1.1271086,0.88771164,0.8596287,1.511779,2.5898175,1.968178,2.6615875,2.5616567,1.364472,2.8104122,2.0085905,2.666826,3.3580866,272.2187,278.22324,274.6702,277.0699,275.8865,272.2187,278.22324,274.6702,277.0699,275.8865,272.2187,278.22324,274.6702,277.0699,275.8865,0.0,16.413734,4.048412,8.076095,2.833908,0.0,12.268314802348284,3.565051486865915,4.636658582775143,2.368707335931223,1.5147697,2.5928164,1.9711392,2.6642904,2.56451,1.1762287950924772,1.6238858630497237,1.7321464420887687,2.890674999037594,3.357081666362695,1.5147697,-13.820918,-2.0772727,-5.4118037,-0.26939794,1.1762287950924772,-10.64442893929856,-1.8329050447771464,-1.7459835837375492,0.9883743304314718
2012-05-16 17:00:00,0.0,-5.513336,-0.629833,-1.2721229,-0.41598752,0.0,-7.276818,-0.8313181,-4.730679,-0.87657523,0.0,-6.015657,-0.6378864,-2.4417894,-0.5749756,0.539233,1.654375,0.97252625,0.8326574,0.80687225,1.3407446,2.4561214,1.805341,2.4477222,2.3628693,1.0097886,2.5766351,1.8469604,2.4466672,3.174368,271.29977,277.45926,273.78976,276.43243,275.35175,271.29977,277.45926,273.78976,276.43243,275.35175,271.29977,277.45926,273.78976,276.43243,275.35175,0.0,11.5602455,1.3976505,4.4467773,0.92919505,0.0,8.344392307874372,1.2147835217663345,2.698798907407977,0.8437981552204112,1.3437353,2.4591203,1.8083023,2.4504251,2.365723,1.0409259085340243,1.5367938834487318,1.4594503268530237,2.6745248156093244,3.173532537706328,1.3437353,-9.101125,0.41065177,-1.9963523,1.4365277,1.0409259085340243,-6.80759842442564,0.24466680508668914,-0.024274091798652364,2.329734382485917
2012-05-16 18:00:00,0.0,-1.7573628,0.0,-0.2594573,0.0,0.0,-2.498243,0.0,-0.8239545,0.0,0.0,-1.7921963,0.0,-0.41306803,0.0,0.40075645,1.4178277,0.79305524,0.77135134,0.5046703,1.1928508,2.225761,1.6162865,2.2095711,1.2241668,0.70309365,2.1738334,1.6593072,2.201508,2.121983,270.5052,276.1429,272.76758,275.7226,272.2885,270.5052,276.1429,272.76758,275.7226,272.2885,270.5052,276.1429,272.76758,275.7226,272.2885,0.0,3.9136646,0.0,0.8149716,0.0,0.0,2.625358562934748,0.0,0.5626429004157507,0.0,1.1958418,2.22876,1.6192477,2.2122738,1.2270201,0.9239294202964219,1.3867329483960364,1.1428487192335688,2.433829044518672,2.122118548206161,1.1958418,-1.6849046,1.6192477,1.3973023,1.2270201,0.9239294202964219,-1.2386256145387116,1.1428487192335688,1.8711861441029214,2.122118548206161
2012-05-16 19:00:00,0.0,0.0,0.0,0.0,0.0,0.0,0.0,0.0,0.0,0.0,0.0,0.0,0.0,0.0,0.0,0.37982827,1.1826077,0.5808728,0.76065046,0.5148555,1.1704997,1.996693,1.3927736,2.1680021,1.2625449,0.6567425,1.7732918,1.4374509,2.1587157,2.157452,270.3851,274.83395,271.55908,275.5987,272.39175,270.3851,274.83395,271.55908,275.5987,272.39175,270.3851,274.83395,271.55908,275.5987,272.39175,0.0,0.0,0.0,0.0,0.0,0.0,0.0,0.0,0.0,0.0,1.1734904,1.999692,1.3957349,2.1707048,1.2653981,0.9062476143581432,1.2375139187145736,0.7685413998805186,2.3918159391606304,2.1575546437517,1.1734904,1.999692,1.3957349,2.1707048,1.2653981,0.9062476143581432,1.2375139187145736,0.7685413998805186,2.3918159391606304,2.1575546437517
2012-05-16 20:00:00,0.0,0.0,0.0,0.0,0.0,0.0,0.0,0.0,0.0,0.0,0.0,0.0,0.0,0.0,0.0,0.16362776,0.6980132,0.47721946,0.6663983,0.41224188,0.9395967,1.524773,1.2835854,1.8018675,0.87589455,0.17790614,0.94810593,1.3290721,1.7818072,1.8001114,269.14453,272.13727,270.96872,274.5074,271.35162,269.14453,272.13727,270.96872,274.5074,271.35162,269.14453,272.13727,270.96872,274.5074,271.35162,0.0,0.0,0.0,0.0,0.0,0.0,0.0,0.0,0.0,0.0,0.94717973,1.527772,1.2865467,1.8045703,0.87874794,0.7281758091230147,0.9300966950411043,0.58568849349454,2.021769474233642,1.8005435753276329,0.94717973,1.527772,1.2865467,1.8045703,0.87874794,0.7281758091230147,0.9300966950411043,0.58568849349454,2.021769474233642,1.8005435753276329
2012-05-16 21:00:00,0.0,0.0,0.0,0.0,0.0,0.0,0.0,0.0,0.0,0.0,0.0,0.0,0.0,0.0,0.0,0.0,1.2312179,0.5160499,0.4736321,0.44008183,0.39020324,2.0440319,1.3244894,1.0530424,0.980796,0.0,1.8560672,1.3696728,1.0109468,1.8970609,266.1928,275.10446,271.18988,272.27542,271.63382,266.1928,275.10446,271.18988,272.27542,271.63382,266.1928,275.10446,271.18988,272.27542,271.63382,0.0,0.0,0.0,0.0,0.0,0.0,0.0,0.0,0.0,0.0,0.45988303,2.0470307,1.3274506,1.0557452,0.9836494,0.3556551847699986,1.2683513121468335,0.654188623377155,1.264943738624998,1.8974036331194164,0.45988303,2.0470307,1.3274506,1.0557452,0.9836494,0.3556551847699986,1.2683513121468335,0.654188623377155,1.264943738624998,1.8974036331194164
2012-05-16 22:00:00,0.0,0.0,0.0,0.0,0.0,0.0,0.0,0.0,0.0,0.0,0.0,0.0,0.0,0.0,0.0,0.0,1.1809789,0.4437793,0.29602373,0.41279283,0.29168707,1.9951069,1.2483597,0.36309972,0.8779706,0.0,1.7705183,1.2941074,0.30070156,1.8020301,265.6635,274.8249,270.77826,270.21896,271.3572,265.6635,274.8249,270.77826,270.21896,271.3572,265.6635,274.8249,270.77826,270.21896,271.3572,0.0,0.0,0.0,0.0,0.0,0.0,0.0,0.0,0.0,0.0,0.37250194,1.9981058,1.2513208,0.36580268,0.88082397,0.2888555144904477,1.2364806712135155,0.5266972818762978,0.5676296702365751,1.802460455459124,0.37250194,1.9981058,1.2513208,0.36580268,0.88082397,0.2888555144904477,1.2364806712135155,0.5266972818762978,0.5676296702365751,1.802460455459124
2012-05-16 23:00:00,0.0,0.0,0.0,0.0,0.0,0.0,0.0,0.0,0.0,0.0,0.0,0.0,0.0,0.0,0.0,0.0,1.2001729,0.36175686,0.37062153,0.35719424,0.21499392,2.013799,1.1619574,0.65288466,0.6684741,0.0,1.8032026,1.2083454,0.5990138,1.608414,265.25146,274.9317,270.3111,271.0827,270.79364,265.25146,274.9317,270.3111,271.0827,270.79364,265.25146,274.9317,270.3111,271.0827,270.79364,0.0,0.0,0.0,0.0,0.0,0.0,0.0,0.0,0.0,0.0,0.30447727,2.0167978,1.1649184,0.65558755,0.6713275,0.23685314202074675,1.2486569885660548,0.38200292721325524,0.8605106852485588,1.6090231582556132,0.30447727,2.0167978,1.1649184,0.65558755,0.6713275,0.23685314202074675,1.2486569885660548,0.38200292721325524,0.8605106852485588,1.6090231582556132
2012-06-10 00:00:00,0.0,0.0,0.0,0.0,0.0,0.0,0.0,0.0,0.0,0.0,0.0,0.0,0.0,0.0,0.0,1.9156493,2.8657815,2.3605266,1.2331526,1.5463059,2.810762,3.635844,3.2674592,4.0034976,5.14907,4.058245,4.6394644,3.2982411,4.0482235,5.7493634,279.19772,284.20053,281.6952,281.0696,282.84692,279.19772,284.20053,281.6952,281.0696,282.84692,279.19772,284.20053,281.6952,281.0696,282.84692,0.0,0.0,0.0,0.0,0.0,0.0,0.0,0.0,0.0,0.0,2.813753,3.6388428,3.27042,4.0062003,5.151923,2.2038360424162486,2.305286497889088,3.9079967799290563,4.246922197939323,5.746153270244186,2.813753,3.6388428,3.27042,4.0062003,5.151923,2.2038360424162486,2.305286497889088,3.9079967799290563,4.246922197939323,5.746153270244186
2012-06-10 01:00:00,0.0,0.0,0.0,0.0,0.0,0.0,0.0,0.0,0.0,0.0,0.0,0.0,0.0,0.0,0.0,1.9472674,2.8894668,2.359069,1.3430396,1.523554,2.8445308,3.6589098,3.2659237,4.430368,5.06334,4.128273,4.6797967,3.2967172,4.487655,5.670132,279.37915,284.33234,281.6869,282.34195,282.6163,279.37915,284.33234,281.6869,282.34195,282.6163,279.37915,284.33234,281.6869,282.34195,282.6163,0.0,0.0,0.0,0.0,0.0,0.0,0.0,0.0,0.0,0.0,2.8475213,3.6619089,3.268885,4.4330707,5.0661936,2.2305497238147405,2.3203120735021217,3.905425780159762,4.678353328133282,5.666995548092947,2.8475213,3.6619089,3.268885,4.4330707,5.0661936,2.2305497238147405,2.3203120735021217,3.905425780159762,4.678353328133282,5.666995548092947
2012-06-10 02:00:00,0.0,0.0,0.0,0.0,0.0,0.0,0.0,0.0,0.0,0.0,0.0,0.0,0.0,0.0,0.0,1.8984706,2.9035664,2.3220015,1.2546467,1.3543408,2.7924154,3.6726406,3.2268767,4.0869937,4.425741,4.0201983,4.703806,3.2579598,4.1341763,5.080866,279.09915,284.4108,281.47577,281.31848,280.9011,279.09915,284.4108,281.47577,281.31848,280.9011,279.09915,284.4108,281.47577,281.31848,280.9011,0.0,0.0,0.0,0.0,0.0,0.0,0.0,0.0,0.0,0.0,2.795406,3.6756394,3.229838,4.089697,4.4285946,2.1893221330946115,2.3292564483345157,3.840035425733389,4.3313105905981475,5.078272428364453,2.795406,3.6756394,3.229838,4.089697,4.4285946,2.1893221330946115,2.3292564483345157,3.840035425733389,4.3313105905981475,5.078272428364453
2012-06-10 03:00:00,0.0,0.0,0.0,0.0,0.0,0.0,0.0,0.0,0.0,0.0,0.0,0.0,0.0,0.0,0.0,1.7225043,2.9123297,2.1432967,1.3480659,1.4276843,2.6044827,3.6811748,3.0386293,4.4498925,4.7021017,3.630472,4.718728,3.0711076,4.5077543,5.3362775,278.08945,284.45956,280.45795,282.40015,281.64453,278.08945,284.45956,280.45795,282.40015,281.64453,278.08945,284.45956,280.45795,282.40015,281.64453,0.0,0.0,0.0,0.0,0.0,0.0,0.0,0.0,0.0,0.0,2.6074734,3.6841738,3.0415905,4.4525957,4.704955,2.040651172160967,2.3348158069429035,3.5247854834338197,4.698087069984953,5.333447930458714,2.6074734,3.6841738,3.0415905,4.4525957,4.704955,2.040651172160967,2.3348158069429035,3.5247854834338197,4.698087069984953,5.333447930458714
2012-06-10 04:00:00,-0.6089142,-3.5780327,-1.3206316,-1.2217144,-1.7641726,-0.9492473,-5.224203,-1.996316,-4.7585554,-6.79729,-0.6846901,-3.569194,-1.231595,-2.2182348,-3.8733084,1.7092719,2.873152,2.1544096,1.3222442,1.4144614,2.5903504,3.6430216,3.0503356,4.349585,4.652277,3.6011653,4.652015,3.0827274,4.404495,5.29023,278.01352,284.24155,280.52124,282.10117,281.5105,278.01352,284.24155,280.52124,282.10117,281.5105,278.01352,284.24155,280.52124,282.10117,281.5105,1.3620487,7.074926,2.8243067,4.7026615,6.6757164,0.7602366409352517,4.270518963693448,1.7972996423726688,2.67031740268476,4.630052154598654,2.593341,3.6460207,3.0532968,4.352288,4.6551304,2.029471417859966,2.3099622037524634,3.544389356674684,4.596707170183787,5.2874428073029325,1.2312925,-3.4289052,0.22899005,-0.3503739,-2.020586,1.2692347769247145,-1.9605567599409843,1.747089714302015,1.9263897674990274,0.6573906527042785
2012-06-10 05:00:00,-2.8817968,-12.741416,-1.4913783,-3.3129566,-6.208974,-4.30557,-17.0772,-2.246756,-13.325133,-25.411682,-3.3551319,-13.698289,-1.3945619,-6.446998,-13.967049,1.7068945,2.9330812,2.1355383,1.3766025,1.5124776,2.5878112,3.7013834,3.0304565,4.5607467,5.021604,3.5958998,4.754065,3.0629954,4.6218705,5.631561,277.99988,284.57504,280.41376,282.73056,282.50403,277.99988,284.57504,280.41376,282.73056,282.50403,277.99988,284.57504,280.41376,282.73056,282.50403,6.3051386,23.970726,3.18872,13.255795,25.247074,3.68358508777437,15.922887301751356,2.041359827216942,7.217715391067232,16.28338636530712,2.5908022,3.7043824,3.0334177,4.56345,5.024458,2.027462836600904,2.3479801454749065,3.5110986905443444,4.810125466958234,5.628458925121609,-3.7143364,-20.266342,-0.15530236,-8.692345,-20.222616,-1.656122251173466,-13.57490715627645,1.4697388633274024,-2.407589924108998,-10.65492744018551
2012-06-10 06:00:00,-4.663005,-18.170511,-3.4761727,-4.064229,-8.569183,-6.803273,-23.313478,-5.065017,-16.50681,-36.102455,-5.5577164,-20.397814,-3.3470778,-8.076786,-19.497007,1.7823104,3.0289965,2.1718554,1.4263775,1.5722039,2.6683555,3.7947903,3.068713,4.754104,5.2466536,3.762929,4.917393,3.1009684,4.8209176,5.83955,278.43262,285.1088,280.6206,283.3069,283.10944,278.43262,285.1088,280.6206,283.3069,283.10944,278.43262,285.1088,280.6206,283.3069,283.10944,10.009627,33.135788,7.2821283,16.551146,36.13694,6.006628152357608,23.13380658909406,4.814020104691524,8.862441740639731,22.420837445114454,2.6713464,3.797789,3.0716743,4.756807,5.2495074,2.0911802465640026,2.408826942759453,3.575165736265935,5.0055484952061695,5.836257111179076,-7.3382807,-29.337997,-4.210454,-11.794338,-30.887432,-3.915447905793606,-20.724979646334607,-1.238854368425589,-3.856893245433562,-16.584580333935378
2012-06-10 07:00:00,-7.338889,-21.49412,-12.513234,-4.5572863,-9.700369,-10.439954,-26.98423,-16.273247,-18.569983,-41.51113,-8.9931965,-24.690321,-13.543326,-9.118905,-22.203026,1.9344022,3.162428,2.4761498,1.5230386,1.57501,2.83079,3.9247317,3.3892562,5.1295967,5.257227,4.0997787,5.144605,3.4191358,5.2074594,5.8493214,279.30533,285.85132,282.35373,284.4261,283.13788,279.30533,285.85132,282.35373,284.4261,283.13788,279.30533,285.85132,282.35373,284.4261,283.13788,15.347272,38.332714,24.043135,18.93619,41.50208,9.47300398590043,27.364091992311565,17.55712827703401,9.983705026114404,25.44937505311276,2.833781,3.9277308,3.3922176,5.1323,5.2600803,2.219680018969837,2.493473222046492,4.1119659123613665,5.385053082866469,5.846019582668418,-12.513492,-34.404984,-20.650917,-13.803889,-36.242,-7.2533239669305924,-24.87061877026507,-13.445162364672644,-4.598651943247934,-19.603355470444342
2012-06-10 08:00:00,-10.892077,-23.012772,-8.866743,-7.3633475,-10.799904,-15.028533,-28.544088,-12.041851,-31.051456,-46.664936,-13.805391,-26.78656,-9.1514225,-15.944616,-24.81469,2.087164,3.1608324,2.3998504,1.6343279,1.6375451,2.9939406,3.9231777,3.308882,5.561914,5.492861,4.438113,5.1418877,3.3393571,5.6524987,6.067094,280.1819,285.84244,281.91916,285.71466,283.77176,280.1819,285.84244,281.91916,285.71466,283.77176,280.1819,285.84244,281.91916,285.71466,283.77176,22.128454,40.772087,17.559439,32.171787,47.113033,14.135282837524976,29.571134113521527,12.259267363234619,16.10734002737075,28.147920400384745,2.9969316,3.9261765,3.3118434,5.564617,5.495714,2.348745968643327,2.492460848232324,3.9773665126748146,5.821989378590104,6.063590714970043,-19.131523,-36.845913,-14.247595,-26.60717,-41.617317,-11.78653686888165,-27.078673265289204,-8.281900850559804,-10.285350648780646,-22.0843296854147
2012-06-10 09:00:00,-15.846582,-19.161795,-9.903145,-7.3211536,-11.149027,-21.111319,-24.508226,-13.229201,-30.95082,-48.430748,-20.928478,-21.580805,-10.399646,-15.938308,-25.668808,2.2868135,3.1595378,2.3658416,1.5805467,1.6316773,3.2071674,3.9219172,3.273058,5.3529935,5.470751,4.8802924,5.1396837,3.3037987,5.4374313,6.04666,281.32748,285.83524,281.72546,285.09195,283.71228,281.32748,285.83524,281.72546,285.09195,283.71228,281.32748,285.83524,281.72546,285.09195,283.71228,31.087622,34.533306,19.485476,31.757145,48.817875,20.660850572674747,24.07178202685689,13.936355622839187,15.964460828766663,29.110596933824706,3.2101579,3.9249163,3.2760193,5.355697,5.473604,2.517426353171166,2.491639816547981,3.9173733673229503,5.610837305971669,6.043175417831924,-27.877464,-30.60839,-16.209457,-26.40145,-43.344273,-18.14342421950358,-21.58014221030891,-10.018982255516237,-10.353623522794994,-23.06742151599278
2012-06-10 10:00:00,-16.206099,-24.987268,-10.362774,-8.079719,-5.8941073,-21.634909,-30.642717,-13.715526,-34.32333,-24.023743,-21.365303,-29.458433,-10.990416,-17.809204,-13.23728,2.3515873,3.2546635,2.325988,1.6824791,1.5067573,3.2763453,4.014555,3.231076,5.7489643,5.0000496,5.0237503,5.301667,3.2621279,5.845053,5.61164,281.69916,286.3646,281.49847,286.2722,282.44604,281.69916,286.3646,281.49847,286.2722,282.44604,281.69916,286.3646,281.49847,286.2722,282.44604,31.679045,43.67543,20.34881,35.831833,23.854006,20.95963319637007,32.03356373199852,14.791535774123993,17.687376867931345,15.456639855908387,3.2793362,4.017554,3.2340372,5.751667,5.0029035,2.572152328907455,2.551985645347166,3.847067866278809,6.011038004645783,5.608556890969517,-28.399708,-39.657875,-17.114773,-30.080168,-18.851103,-18.387480867462614,-29.481578086651353,-10.944467907845183,-11.676338863285562,-9.84808296493887
2012-06-10 11:00:00,-18.964216,-25.555948,-15.431097,-9.771872,-10.875364,-25.020046,-31.289104,-19.542688,-42.34338,-47.2435,-25.375294,-30.184769,-17.23335,-22.602278,-25.036934,2.5277505,3.3224735,2.605131,1.745032,1.5917523,3.4644885,4.080591,3.5251253,5.9919586,5.320313,5.4139137,5.417136,3.5539973,6.0951977,5.907625,282.71,286.74194,283.08835,286.99646,283.3076,282.71,286.74194,283.08835,286.99646,283.3076,282.71,286.74194,283.08835,286.99646,283.3076,36.353558,44.399,28.912598,44.583027,47.293095,24.296306565125555,32.54484283294288,21.52962442415146,21.361859376060515,28.54988962306697,3.4674792,4.08359,3.5280864,5.9946613,5.3231664,2.7209895482450936,2.5950028350797805,4.339499391943856,6.256628405991203,5.904269694205143,-32.886078,-40.31541,-25.384512,-38.588364,-41.96993,-21.57531701688046,-29.949839997863094,-17.190125032207604,-15.10523097006931,-22.645619928861827
2012-06-10 12:00:00,-20.188665,-25.597893,-16.8518,-9.838371,-11.685791,-26.611492,-31.361675,-21.351898,-42.47272,-50.94928,-27.054636,-30.211014,-18.811161,-22.597857,-26.943546,2.6712422,3.3489118,2.869893,1.8342578,1.6713343,3.617738,4.106338,3.8040247,6.3385677,5.6201787,5.7317166,5.462157,3.83083,6.4520063,6.184761,283.53336,286.88907,284.5963,288.02957,284.11426,283.53336,286.88907,284.5963,288.02957,284.11426,283.53336,286.88907,284.5963,288.02957,284.11426,38.289665,44.399593,30.954933,45.425095,51.686783,25.501903394633135,32.48093479969832,22.38471735980277,21.60543940882058,30.372388938927354,3.620729,4.109337,3.8069863,6.341271,5.623032,2.8422233790493534,2.6117748424959495,4.806561199297198,6.60694112906652,6.181148888280001,-34.668938,-40.290257,-27.147947,-39.083824,-46.06375,-22.65968001558378,-29.869159957202367,-17.57815616050557,-14.99849827975406,-24.19124005064735
2012-06-10 13:00:00,-20.919098,-25.105019,-10.815667,-9.88835,-9.293341,-27.639248,-30.848108,-14.485727,-42.562626,-39.50741,-27.95925,-29.530933,-11.335312,-22.602177,-21.218437,2.8178034,3.3284616,2.6063316,1.9188081,1.5854751,3.7742653,4.086423,3.5263896,6.667014,5.2966595,6.0563154,5.427334,3.5552526,6.7901177,5.885766,284.37433,286.77527,283.09518,289.00854,283.24396,284.37433,286.77527,283.09518,289.00854,283.24396,284.37433,286.77527,283.09518,289.00854,283.24396,39.32542,43.683796,20.915722,46.187134,39.598717,25.983208716978453,31.85877483520885,14.507384542555705,21.80150478228471,24.315041792463695,3.7772565,4.089422,3.5293508,6.669717,5.2995133,2.9660499422618436,2.5988018460937727,4.34161668587151,6.938896401672584,5.882429830411927,-35.548164,-39.59437,-17.386372,-39.517418,-34.299202,-23.01715877471661,-29.259972989115077,-10.165767856684194,-14.862608380612127,-18.43261196205177
2012-06-10 14:00:00,-20.905586,-24.833336,-13.187653,-8.509237,-11.01264,-27.748001,-30.690042,-17.139032,-36.024902,-47.44296,-27.790245,-29.023321,-14.287994,-18.681961,-25.275826,2.9099395,3.435625,2.590825,1.8831893,1.7073209,3.872668,4.190783,3.510055,6.5286484,5.7557774,6.2603784,5.609815,3.5390394,6.6476808,6.3100805,284.903,287.3716,283.00687,288.59613,284.47903,284.903,287.3716,283.00687,288.59613,284.47903,284.903,287.3716,283.00687,288.59613,284.47903,39.15426,43.000076,25.10516,38.931046,48.48932,25.63609728016009,30.98778463431344,18.110917805621582,18.802099226108272,28.421701134599097,3.875659,4.1937823,3.5130162,6.5313516,5.758631,3.0438948230940523,2.666783965346908,4.314262004502629,6.799052779552246,6.30635363260629,-35.2786,-38.806297,-21.592144,-32.399693,-42.730686,-22.592202457066037,-28.32100066896653,-13.796655801118954,-12.003046446556025,-22.115347501992808
2012-06-10 15:00:00,-19.944546,-23.60092,-15.34738,-9.360573,-9.849039,-26.687119,-29.458153,-19.77463,-39.99772,-41.801414,-26.2657,-27.281628,-16.79685,-21.032412,-22.476645,2.9237568,3.460813,2.87875,1.930769,1.7048553,3.8874252,4.2153125,3.813355,6.713477,5.7464867,6.290981,5.652706,3.8400912,6.8379474,6.3014936,284.9823,287.51178,284.64676,289.14703,284.45404,284.9823,287.51178,284.64676,289.14703,284.45404,284.9823,287.51178,284.64676,289.14703,284.45404,37.491165,41.014668,28.44528,43.52503,42.773018,24.281142093816776,29.143775871779305,20.111482014327773,20.680058024468757,25.35227811311856,3.890416,4.2183113,3.8163164,6.71618,5.7493405,3.055568859136657,2.6827627726612544,4.8221856942186765,6.985855877562927,6.297774808411256,-33.60075,-36.796356,-24.628963,-36.80885,-37.023678,-21.22557323468012,-26.46101309911805,-15.289296320109097,-13.69420214690583,-19.054503304707307
2012-06-10 16:00:00,-18.308424,-14.870995,-5.133953,-8.599267,-9.835604,-24.848227,-19.719969,-7.4236517,-36.344315,-41.738,-23.72757,-16.151981,-4.989397,-18.845493,-22.444672,2.957976,3.1844735,2.722941,1.9664533,1.7045662,3.9239712,3.9462008,3.6492255,6.852098,5.745398,6.366768,5.1821456,3.6771784,6.9806476,6.3004875,285.17865,285.974,283.75934,289.5602,284.4511,285.17865,285.974,283.75934,289.5602,284.4511,285.17865,285.974,283.75934,289.5602,284.4511,34.612026,27.280378,10.258775,39.82943,42.70672,21.99046337368425,18.16058507696395,6.421576362046821,19.0689162091288,25.31788505519059,3.926962,3.9492,3.6521869,6.854801,5.7482514,3.0844798475500963,2.507458592262837,4.547325024030107,7.1259582010709375,6.296769231948835,-30.685062,-23.331179,-6.606588,-32.97463,-36.958466,-18.905983526134154,-15.653126484701113,-1.8742513380167143,-11.942958008057865,-19.021115823241757
2012-06-10 17:00:00,-10.116789,-13.1696205,-10.900253,-5.6807523,-4.883276,-14.578715,-17.690454,-14.661146,-23.181923,-19.522203,-12.323562,-14.128877,-11.3743725,-11.465912,-10.890599,2.6957603,3.1304617,2.7132316,1.9156715,1.6410978,3.6439235,3.8936014,3.6389983,6.65483,5.5062475,5.7860184,5.090172,3.6670265,6.777575,6.0794654,283.67404,285.67343,283.70404,288.97223,283.80777,283.67404,285.67343,283.70404,288.97223,283.80777,283.67404,285.67343,283.70404,288.97223,283.80777,20.133957,24.428722,20.957062,25.278912,19.876854,12.000020007623636,16.04674910794525,14.292474266228055,12.66752661286428,12.520063438592477,3.6469145,3.8966005,3.6419594,6.6575327,5.5091004,2.862938277492928,2.4731944352327915,4.530197628508195,6.926582215619364,6.075950925653973,-16.487043,-20.532122,-17.315104,-18.621378,-14.367754,-9.137081730130708,-13.573554672712458,-9.76227663771986,-5.740944397244917,-6.444112512938504
2012-06-10 18:00:00,-4.40821,-5.5841875,-5.9958344,-3.0884545,-2.252276,-6.681833,-8.003764,-8.558915,-12.248262,-8.719716,-5.1251073,-5.655722,-5.896131,-5.833003,-4.9603195,2.4966745,2.9570684,2.6599877,1.780084,1.6137967,3.4312994,3.7247434,3.582911,6.1281223,5.403376,5.3450875,4.794911,3.611355,6.2353683,5.984393,282.53168,284.70853,283.4008,287.4023,283.53104,282.53168,284.70853,283.4008,287.4023,283.53104,282.53168,284.70853,283.4008,287.4023,283.53104,9.143129,10.8646555,11.956215,13.089532,8.862041,5.1791559120367054,6.669242517592125,7.645692483539032,6.88883435039089,5.754680414574239,3.4342902,3.7277422,3.5858724,6.1308255,5.40623,2.6947342008251796,2.3631970632177657,4.436271067083668,6.394247196177558,5.980965848974414,-5.708839,-7.136913,-8.370343,-6.9587064,-3.4558115,-2.484421711211526,-4.30604545437436,-3.2094214164553643,-0.494587154213332,0.22628543440017435
2012-06-10 19:00:00,-0.17857262,0.0,-0.059517574,-0.07548842,-0.009832902,-0.28331912,0.0,-0.092113815,-0.28900185,-0.036994424,-0.19984818,0.0,-0.05454815,-0.13185997,-0.021398531,2.3804345,2.9004407,2.4484432,1.6380706,1.477099,3.3071544,3.6695964,3.36007,5.5764527,4.888297,5.0876412,4.698483,3.3901658,5.667465,5.5083575,281.8647,284.3934,282.19592,285.758,282.14542,281.8647,284.3934,282.19592,285.758,282.14542,281.8647,284.3934,282.19592,285.758,282.14542,0.38251632,0.0,0.12585525,0.30229038,0.03680801,0.20711215109935777,0.0,0.07544869267666594,0.16846168451729004,0.02543631089725083,3.3101451,3.6725953,3.3630311,5.579156,4.89115,2.596524912238897,2.3272734480799593,4.063088560129684,5.836683617409911,5.505370081268332,2.927629,3.6725953,3.237176,5.2768655,4.854342,2.389412761139539,2.3272734480799593,3.9876398674530176,5.668221932892621,5.479933770371081
2012-06-10 20:00:00,0.0,0.0,0.0,0.0,0.0,0.0,0.0,0.0,0.0,0.0,0.0,0.0,0.0,0.0,0.0,2.2615457,2.7795126,2.4331028,1.5425507,1.4845806,3.1801805,3.5518312,3.3439107,5.205394,4.9164877,4.8243294,4.4925623,3.374126,5.285487,5.534412,281.1825,283.72046,282.10855,284.652,282.22125,281.1825,283.72046,282.10855,284.652,282.22125,281.1825,283.72046,282.10855,284.652,282.22125,0.0,0.0,0.0,0.0,0.0,0.0,0.0,0.0,0.0,0.0,3.1831715,3.5548303,3.3468716,5.2080965,4.9193406,2.4960778754042634,2.250559169811146,4.0360268971168605,5.461659737784101,5.531399846988304,3.1831715,3.5548303,3.3468716,5.2080965,4.9193406,2.4960778754042634,2.250559169811146,4.0360268971168605,5.461659737784101,5.531399846988304
2012-06-10 21:00:00,0.0,0.0,0.0,0.0,0.0,0.0,0.0,0.0,0.0,0.0,0.0,0.0,0.0,0.0,0.0,1.9470547,2.683274,2.1761582,1.5477561,1.3464677,2.8443031,3.4581096,3.0732455,5.225615,4.3960757,4.1278014,4.328683,3.1054673,5.3063035,5.0534487,279.37793,283.1849,280.6451,284.71228,280.8213,279.37793,283.1849,280.6451,284.71228,280.8213,279.37793,283.1849,280.6451,284.71228,280.8213,0.0,0.0,0.0,0.0,0.0,0.0,0.0,0.0,0.0,0.0,2.847294,3.4611084,3.0762067,5.2283177,4.398929,2.230369984999612,2.1895071146055134,3.582755856908372,5.482097147410242,5.050880944518284,2.847294,3.4611084,3.0762067,5.2283177,4.398929,2.230369984999612,2.1895071146055134,3.582755856908372,5.482097147410242,5.050880944518284
2012-06-10 22:00:00,0.0,0.0,0.0,0.0,0.0,0.0,0.0,0.0,0.0,0.0,0.0,0.0,0.0,0.0,0.0,1.9635417,2.6003828,2.1977677,1.4843837,1.3441914,2.8619118,3.3773868,3.0960085,4.9794364,4.3874993,4.1643167,4.1875334,3.1280615,5.052881,5.045523,279.47253,282.72363,280.7682,283.97852,280.79822,279.47253,282.72363,280.7682,283.97852,280.79822,279.47253,282.72363,280.7682,283.97852,280.79822,0.0,0.0,0.0,0.0,0.0,0.0,0.0,0.0,0.0,0.0,2.8649025,3.3803856,3.0989702,4.9821396,4.3903527,2.244299743172081,2.1369228183816187,3.6208765998111714,5.233288500802174,5.042962029876716,2.8649025,3.3803856,3.0989702,4.9821396,4.3903527,2.244299743172081,2.1369228183816187,3.6208765998111714,5.233288500802174,5.042962029876716
2012-06-10 23:00:00,0.0,0.0,0.0,0.0,0.0,0.0,0.0,0.0,0.0,0.0,0.0,0.0,0.0,0.0,0.0,1.7970957,2.5367904,2.115906,1.382757,1.3513842,2.6841464,3.3154573,3.0097756,4.5846543,4.4146013,3.7956753,4.0792456,3.0424678,4.6464815,5.07057,278.51746,282.36975,280.30194,282.80182,280.87112,278.51746,282.36975,280.30194,282.80182,280.87112,278.51746,282.36975,280.30194,282.80182,280.87112,0.0,0.0,0.0,0.0,0.0,0.0,0.0,0.0,0.0,0.0,2.6871371,3.3184564,3.012737,4.587357,4.4174547,2.103672094215442,2.0965809395187476,3.476465811299153,4.834288176566861,5.067986219134267,2.6871371,3.3184564,3.012737,4.587357,4.4174547,2.103672094215442,2.0965809395187476,3.476465811299153,4.834288176566861,5.067986219134267
2012-07-15 00:00:00,0.0,0.0,0.0,0.0,0.0,0.0,0.0,0.0,0.0,0.0,0.0,0.0,0.0,0.0,0.0,1.8102269,3.493229,2.6740046,1.5513564,1.7425522,2.698171,4.2468805,3.5976765,5.239601,5.8885293,3.824758,5.7079053,3.626011,5.320701,6.43277,278.5928,287.69217,283.48062,284.75397,284.83615,278.5928,287.69217,283.48062,284.75397,284.83615,278.5928,287.69217,283.48062,284.75397,284.83615,0.0,0.0,0.0,0.0,0.0,0.0,0.0,0.0,0.0,0.0,2.7011614,4.24988,3.6006377,5.242304,5.891383,2.1147664725792565,2.703326833195786,4.46099803545305,5.496232591232676,6.4289292134735385,2.7011614,4.24988,3.6006377,5.242304,5.891383,2.1147664725792565,2.703326833195786,4.46099803545305,5.496232591232676,6.4289292134735385
2012-07-15 01:00:00,0.0,0.0,0.0,0.0,0.0,0.0,0.0,0.0,0.0,0.0,0.0,0.0,0.0,0.0,0.0,1.9242704,3.4521098,2.3862565,1.4708152,1.7413328,2.8199694,4.206837,3.2945628,4.926728,5.8839355,4.0773396,5.637886,3.325144,4.998621,6.4285235,279.2472,287.46335,281.84174,283.8214,284.8238,279.2472,287.46335,281.84174,283.8214,284.8238,279.2472,287.46335,281.84174,283.8214,284.8238,0.0,0.0,0.0,0.0,0.0,0.0,0.0,0.0,0.0,0.0,2.8229604,4.209836,3.297524,4.929431,5.886789,2.211119957899336,2.677241682478831,3.9533862685031305,5.180016711052618,6.424686937772697,2.8229604,4.209836,3.297524,4.929431,5.886789,2.211119957899336,2.677241682478831,3.9533862685031305,5.180016711052618,6.424686937772697
2012-07-15 02:00:00,0.0,0.0,0.0,0.0,0.0,0.0,0.0,0.0,0.0,0.0,0.0,0.0,0.0,0.0,0.0,2.095296,3.383494,2.4293733,1.460022,1.6848613,3.0026257,4.1400156,3.339982,4.8848004,5.671149,4.456123,5.5210447,3.3702266,4.95546,6.231867,280.22855,287.0815,282.0873,283.69644,284.25137,280.22855,287.0815,282.0873,283.69644,284.25137,280.22855,287.0815,282.0873,283.69644,284.25137,0.0,0.0,0.0,0.0,0.0,0.0,0.0,0.0,0.0,0.0,3.0056164,4.143015,3.3429432,4.8875036,5.6740026,2.355616484851618,2.6337130874174104,4.02944816241308,5.137641423751834,6.228211961672289,3.0056164,4.143015,3.3429432,4.8875036,5.6740026,2.355616484851618,2.6337130874174104,4.02944816241308,5.137641423751834,6.228211961672289
2012-07-15 03:00:00,0.0,0.0,0.0,0.0,0.0,0.0,0.0,0.0,0.0,0.0,0.0,0.0,0.0,0.0,0.0,1.7664028,2.9875154,2.3694265,1.5038929,1.4418045,2.6513665,3.754394,3.276834,5.0552225,4.755306,3.7276974,4.8467574,3.3075466,5.130897,5.3854485,278.34134,284.87796,281.74588,284.2044,281.78766,278.34134,284.87796,281.74588,284.2044,281.78766,278.34134,284.87796,281.74588,284.2044,281.78766,0.0,0.0,0.0,0.0,0.0,0.0,0.0,0.0,0.0,0.0,2.6543572,3.7573931,3.2797954,5.057926,4.75816,2.0777402766627593,2.3825121814867076,3.9236968924908093,5.309884807664298,5.382574530549929,2.6543572,3.7573931,3.2797954,5.057926,4.75816,2.0777402766627593,2.3825121814867076,3.9236968924908093,5.309884807664298,5.382574530549929
2012-07-15 04:00:00,-0.15992522,-1.244417,-1.4812057,-0.4579029,-0.78913057,-0.24990952,-1.8619832,-2.2608058,-1.7934259,-2.9812756,-0.17827049,-1.2175671,-1.389501,-0.817779,-1.713924,1.6982467,3.0374093,2.1962352,1.441588,1.4452758,2.5785756,3.8029828,3.0943944,4.8131914,4.7683864,3.576747,4.9317183,3.1264596,4.881743,5.397537,277.95026,285.1556,280.75946,283.483,281.82285,277.95026,285.1556,280.75946,283.483,281.82285,277.95026,285.1556,280.75946,283.483,281.82285,0.3548212,2.459432,3.1484725,1.8123186,2.8546956,0.19556535291046906,1.4353607560553605,1.9986712531317414,1.017058075708108,1.9831910044156198,2.5815663,3.8059816,3.0973558,4.815894,4.77124,2.020156453765925,2.4141636487076803,3.618173269171399,5.065267123536527,5.394651922853804,2.2267451,1.3465497,-0.051116623,3.0035758,1.9165444,1.8245911008554558,0.9788028926523198,1.6195020160396576,4.048209047828419,3.411460918438184
2012-07-15 05:00:00,-1.847886,-8.824654,-7.6807218,-2.2087083,-5.5756516,-2.794134,-12.360138,-10.782557,-8.824388,-22.43694,-2.1143482,-9.115139,-7.7801538,-4.111436,-12.426547,1.7052299,3.246882,2.236523,1.4306551,1.6501689,2.5860338,4.0069766,3.1368341,4.7707214,5.5404277,3.5922132,5.288416,3.1685843,4.8380237,6.1110554,277.99033,286.3213,280.98892,283.3564,283.89972,277.99033,286.3213,280.98892,283.3564,283.89972,277.99033,286.3213,280.98892,283.3564,283.89972,4.0279975,16.584679,15.565779,8.884242,22.126049,2.298120385930572,10.32192616648806,10.811810309175478,4.885985616222053,13.810120034430666,2.5890243,4.0099754,3.139795,4.773424,5.543281,2.0260563803725224,2.547049018397665,3.6892443988233072,5.022343389293879,6.107511361917263,-1.438973,-12.574702,-12.425983,-4.110818,-16.582767,-0.27206400555804944,-7.774877148090395,-7.12256591035217,0.1363577730718264,-7.702608672513403
2012-07-15 06:00:00,-5.245667,-14.926727,-8.849543,-5.964508,-8.033528,-7.5504875,-19.956753,-12.400082,-24.777279,-33.410862,-6.282605,-16.085455,-8.994636,-12.05994,-18.134893,1.8322452,3.4214106,2.4695272,1.5480723,1.6647768,2.7216864,4.1769404,3.38228,5.2268443,5.595471,3.873524,5.58561,3.4122112,5.3075676,6.161926,278.71915,287.2925,282.316,284.71594,284.0478,278.71915,287.2925,282.316,284.71594,284.0478,278.71915,287.2925,282.316,284.71594,284.0478,11.020812,27.007126,17.595074,25.388882,32.921253,6.633079458443922,17.629327642066826,11.927516599426696,13.199457941076961,19.992872918604185,2.724677,4.1799393,3.3852415,5.2295465,5.5983243,2.13336943994507,2.657766532610398,4.100282986939135,5.483338914071071,6.1583348722888145,-8.296135,-22.827187,-14.209831,-20.159336,-27.322927,-4.4997100184988525,-14.971561109456427,-7.827233612487561,-7.71611902700589,-13.83453804631537
2012-07-15 07:00:00,-5.5083003,-22.979036,-8.907202,-8.196963,-9.343697,-7.861946,-28.97581,-12.479028,-34.76703,-39.557873,-6.641144,-26.271185,-9.055012,-17.353123,-21.23817,1.7901285,3.5166674,2.4805276,1.6313705,1.6726317,2.6767058,4.2697062,3.393868,5.5504265,5.6250677,3.780245,5.7478175,3.4237132,5.640673,6.189279,278.47748,287.8226,282.37866,285.68042,284.1274,278.47748,287.8226,282.37866,285.68042,284.1274,278.47748,287.8226,282.37866,285.68042,284.1274,11.55993,39.983784,17.693403,36.0859,38.957172,7.028228044371693,27.97533957551928,11.981629992708466,18.159241233777916,23.310302991580244,2.6796963,4.272705,3.3968291,5.553129,5.6279216,2.0977856480199795,2.718195856157144,4.119688363874281,5.810378860311354,6.185663507606081,-8.880234,-35.71108,-14.296575,-30.53277,-33.32925,-4.930442396351713,-25.257143719362134,-7.8619416288341855,-12.348862373466563,-17.124639483974164
2012-07-15 08:00:00,-10.286445,-25.2249,-10.101657,-11.4144745,-10.220421,-13.851577,-31.381336,-13.966768,-49.847843,-43.704777,-13.172894,-29.264847,-10.408551,-25.835175,-23.321075,1.903736,3.617639,2.4877882,1.7404907,1.7028563,2.7980387,4.3680367,3.401516,5.974317,5.7389545,4.03186,5.919756,3.4313045,6.0770373,6.294533,279.12936,288.3845,282.42,286.94388,284.43378,279.12936,288.3845,282.42,286.94388,284.43378,279.12936,288.3845,282.42,286.94388,284.43378,20.708963,43.23803,19.910107,52.584114,43.215107,13.480960080680713,30.6686882300017,13.687029722584342,25.301278681421124,25.445032413273342,2.8010294,4.371036,3.4044771,5.9770203,5.741808,2.193770668769045,2.7822502433271312,4.132496101695579,6.238798706352803,6.290819571212841,-17.907934,-38.866993,-16.505629,-46.607094,-37.4733,-11.287189411911669,-27.88643798667457,-9.554533620888762,-19.06247997506832,-19.154212842060502
2012-07-15 09:00:00,-13.722513,-3.58352,-7.993894,-12.9114895,-3.2489295,-18.131622,-5.2419815,-11.319355,-57.05328,-12.682359,-18.007465,-3.5693,-8.041338,-30.070597,-7.1551223,2.1052523,2.980101,2.4833677,1.8235307,1.6251892,3.013259,3.7471735,3.3968596,6.296897,5.446304,4.4781737,4.8341317,3.4266825,6.4091086,6.024066,280.28568,284.8367,282.39484,287.90536,283.6465,280.28568,284.8367,282.39484,287.90536,283.6465,280.28568,284.8367,282.39484,287.90536,283.6465,26.898218,7.032006,15.968113,60.984303,12.48898,17.86067231312375,4.21607468131574,10.674647733865152,28.67518939414523,8.021916849925088,3.0162497,3.7501726,3.3998206,6.2995996,5.449157,2.364028261399638,2.3778086440408126,4.1246980325423905,6.564824543153409,6.020602321201525,-23.88197,-3.2818334,-12.568293,-54.6847,-7.0398235,-15.496644051724111,-1.838266037274927,-6.549949701322761,-22.11036485099182,-2.0013145287235625
2012-07-15 10:00:00,-16.140347,-26.90978,-14.364432,-13.593588,-5.418053,-21.092823,-33.104782,-19.209835,-60.12272,-21.779873,-21.485353,-31.611681,-15.347488,-31.840157,-12.069909,2.2538497,3.642838,2.7165644,1.9781216,1.6248308,3.1719618,4.3925767,3.6425087,6.8974247,5.4449534,4.807285,5.9626656,3.6705112,7.0273085,6.022818,281.13834,288.52472,283.72302,289.6953,283.64288,281.13834,288.52472,283.72302,289.6953,283.64288,281.13834,288.52472,283.72302,289.6953,283.64288,31.08288,45.75377,27.317142,65.98014,21.388063,20.850824328325324,32.905433827520966,19.086615843828394,30.396969167826153,13.46248951899448,3.1749525,4.395576,3.6454701,6.900128,5.447807,2.4895758237669847,2.798236008537108,4.536076900039448,7.1717690428000145,6.019355825378316,-27.907927,-41.358196,-23.671673,-59.080013,-15.940256,-18.36124850455834,-30.107197818983856,-14.550538943788947,-23.225200125026138,-7.443133693616165
2012-07-15 11:00:00,-16.97528,-27.475399,-12.5383835,-13.814375,-10.887456,-22.120205,-33.66904,-17.003689,-61.107307,-47.077198,-22.684446,-32.419086,-13.191331,-32.43013,-24.94993,2.3132415,3.644182,2.6253955,2.0511644,1.6828952,3.2353916,4.393885,3.5464716,7.1811686,5.663741,4.938823,5.964954,3.5751858,7.3194017,6.2250204,281.47913,288.5322,283.20377,290.54105,284.23145,281.47913,288.5322,283.20377,290.54105,284.23145,281.47913,288.5322,283.20377,290.54105,284.23145,32.49112,46.609123,24.195969,67.88396,46.336185,21.838792653175098,33.693864755069235,16.77688291970418,30.984722091570053,27.233699014561196,3.2383823,4.3968844,3.549433,7.1838717,5.6665945,2.53975440748052,2.7990883507517856,4.375247631383079,7.458544705062924,6.221371946776859,-29.252737,-42.21224,-20.646536,-60.700085,-40.66959,-19.29903824569458,-30.89477640431745,-12.401635288321103,-23.52617738650713,-21.012327067784337
2012-07-15 12:00:00,-18.401964,-27.660635,-18.35516,-13.827942,-11.317593,-24.001232,-33.91029,-23.764843,-61.111645,-48.91514,-24.591715,-32.622055,-20.356203,-32.433327,-25.930182,2.4873781,3.7131047,2.8292139,2.095789,1.7614202,3.4213705,4.4610057,3.761174,7.3545194,5.959625,5.3244977,6.0823183,3.7882967,7.4978538,6.4984756,282.47833,288.91574,284.36462,291.05774,285.0274,282.47833,288.91574,284.36462,291.05774,285.0274,282.47833,288.91574,284.36462,291.05774,285.0274,34.788815,46.695873,33.985733,68.39828,48.788383,23.22566442545117,33.64927695588115,24.458714768103857,31.076396250894817,28.019922219072846,3.4243612,4.4640045,3.7641351,7.3572226,5.9624786,2.6868796146040586,2.842811766890847,4.734800058677793,7.633747632850363,6.494574501910989,-31.364452,-42.23187,-30.221598,-61.041058,-42.825905,-20.538784810847112,-30.806465188990302,-19.72391470942606,-23.442648618044455,-21.525347717161857
2012-07-15 13:00:00,-18.907488,-13.821627,-7.9318824,-13.654078,-3.4361198,-24.719654,-18.674345,-11.361374,-60.176605,-13.437637,-25.20603,-14.747825,-7.8968062,-31.868034,-7.573119,2.584392,3.5195904,2.8046415,2.149212,1.6518068,3.5249817,4.272553,3.7352893,7.562047,5.5465994,5.539362,5.752795,3.762604,7.7114882,6.116759,283.035,287.83887,284.22467,291.6763,283.91632,283.035,287.83887,284.22467,291.6763,283.91632,283.035,287.83887,284.22467,291.6763,283.91632,35.54175,24.964247,15.563492,67.96369,13.29031,23.577480892938055,16.02920339047468,9.920077612069408,30.766021837971174,8.457233810963602,3.5279725,4.275552,3.7382505,7.56475,5.549453,2.768845007773091,2.720050135342545,4.6914522463910995,7.843492369919857,6.1132096285376525,-32.01378,-20.688694,-11.825241,-60.398945,-7.740857,-20.808635885164964,-13.309153255132136,-5.228625365678308,-22.922529468051316,-2.34402418242595
2012-07-15 14:00:00,-18.945044,-11.935209,-6.189502,-13.28774,-10.176495,-24.888441,-16.334755,-9.029841,-58.335163,-43.224102,-25.12078,-12.5846405,-6.0571685,-30.744257,-23.1585,2.6644294,3.4008894,2.8067741,2.1616707,1.7888958,3.610462,4.156956,3.7375355,7.610446,6.0631537,5.716627,5.550666,3.7648335,7.7613115,6.5941563,283.49426,287.1783,284.23682,291.82056,285.3059,283.49426,287.1783,284.23682,291.82056,285.3059,283.49426,287.1783,284.23682,291.82056,285.3059,35.505295,21.900227,12.262678,66.04483,43.391514,23.3425679072243,13.913971624960732,7.652336740260953,29.977118407002752,25.02403004279619,3.613453,4.159955,3.7404969,7.613148,6.066007,2.8364672434948592,2.6447483098866265,4.695214223994698,7.892407628301006,6.590167114369928,-31.891844,-17.74027,-8.5221815,-58.43168,-37.325504,-20.50610066372944,-11.269223315074106,-2.9571225162662547,-22.084710778701748,-18.433862928426265
2012-07-15 15:00:00,-17.659937,-20.839268,-18.347965,-12.638953,-5.7119384,-23.390831,-26.632055,-24.021446,-55.11499,-22.955902,-23.19802,-23.489944,-20.079712,-28.803188,-12.724194,2.6126597,3.4284024,3.0748043,2.1776853,1.7245874,3.5551715,4.1837497,4.019879,7.6726556,5.8208385,5.601969,5.597516,4.045084,7.8253517,6.370209,283.1972,287.33142,285.7634,292.00598,284.65405,283.1972,287.33142,285.7634,292.00598,284.65405,283.1972,287.33142,285.7634,292.00598,284.65405,33.375553,36.771873,33.5871,62.60516,22.925983,21.751414406882567,25.37807090590869,23.2461548764777,28.567563280250628,14.005895180272091,3.5581625,4.1867485,4.02284,7.6753583,5.8236914,2.7927278028333076,2.6622021910745377,5.168041876418881,7.9552824135609725,6.366426351481154,-29.817392,-32.585125,-29.564262,-54.9298,-17.102291,-18.95868660404926,-22.71586871483415,-18.07811300005882,-20.612280866689655,-7.639468828790937
2012-07-15 16:00:00,-16.3101,-21.76644,-10.046907,-11.558453,-7.7131596,-22.02585,-27.644659,-14.166997,-49.886093,-31.765625,-20.9776,-24.695463,-10.156132,-25.703625,-17.345346,2.7481415,3.4534426,3.0182765,2.1505008,1.7602491,3.6998677,4.2081347,3.9603317,7.5670543,5.9552116,5.902032,5.6401553,3.9859784,7.7166424,6.4943967,283.9746,287.47076,285.44144,291.69122,285.01553,283.9746,287.47076,285.44144,291.69122,285.01553,283.9746,287.47076,285.44144,291.69122,285.01553,30.862114,38.204903,19.244667,56.475666,31.83793,19.537406656302117,26.550717984713895,12.22858708498141,26.149217115976832,18.920837473032684,3.702858,4.211134,3.9632928,7.569757,5.9580655,2.907194467247974,2.678087066797879,5.068321113308409,7.848552569062735,6.490499822287219,-27.159256,-33.99377,-15.281375,-48.90591,-25.879866,-16.63021218905414,-23.872630917916016,-7.160265971673001,-18.300664546914096,-12.430337650745464
2012-07-15 17:00:00,-13.183819,-17.832264,-13.349046,-9.515864,-7.916224,-18.153294,-23.338041,-18.21021,-40.384842,-32.689774,-16.609356,-19.619568,-13.959503,-20.29292,-17.820562,2.565171,3.4720333,2.9594011,1.994381,1.7596681,3.5044534,4.226239,3.8983123,6.960587,5.953023,5.4967923,5.6718125,3.9244187,7.0923295,6.4923735,282.9247,287.57422,285.1061,289.88358,285.00964,282.9247,287.57422,285.1061,289.88358,285.00964,282.9247,287.57422,285.1061,289.88358,285.00964,25.552982,31.773014,25.216473,44.632362,32.752197,15.893275966341646,21.245940593454662,16.76785323765576,21.457050811686642,19.43092689094494,3.5074446,4.2292385,3.9012737,6.96329,5.955876,2.7526056058262194,2.689880699890767,4.964460284392971,7.235606197222124,6.488478194607559,-22.045538,-27.543777,-21.315199,-37.66907,-26.796322,-13.140670360515426,-18.556059893563894,-11.80339295326279,-14.221444614464518,-12.94244869633738
2012-07-15 18:00:00,-7.7002788,-6.773079,-2.3287103,-5.4796553,-4.639208,-11.118945,-9.6627655,-3.5335734,-22.507456,-18.418398,-9.256258,-6.8866405,-2.200166,-10.828925,-10.285482,2.3859284,3.3127503,2.556592,1.7337196,1.6759918,3.3130221,4.071122,3.4739943,5.948014,5.637728,5.099809,5.4005795,3.5032454,6.0499606,6.2009797,281.8962,286.68784,282.8119,286.86548,284.16147,281.8962,286.68784,282.8119,286.86548,284.16147,281.8962,286.68784,282.8119,286.86548,284.16147,15.521919,12.787993,4.799088,23.863718,18.265823,9.182086921310894,7.773358266255395,2.9437603482356307,12.274821032713756,11.418774682599345,3.3160129,4.0741215,3.476955,5.950717,5.640582,2.6011666671395934,2.5888346606037653,4.253871866539329,6.21221455175556,6.197353333981731,-12.205906,-8.713873,-1.3221332,-17.913,-12.62524,-6.580920254171301,-5.184523605651629,1.3101115183036987,-6.0626064809581965,-5.221421348617614
2012-07-15 19:00:00,-0.124106206,0.0,0.0,0.0,0.0,-0.1937757,0.0,0.0,0.0,0.0,-0.13821714,0.0,0.0,0.0,0.0,1.6455622,3.2326455,2.3924289,1.6097606,1.5135465,2.522308,3.9931126,3.3010647,5.4664803,5.0256314,3.4600625,5.2641735,3.3315978,5.554256,5.635282,277.64795,286.24207,281.8769,285.4302,282.51486,277.64795,286.24207,281.8769,285.4302,282.51486,277.64795,286.24207,281.8769,285.4302,282.51486,0.2764747,0.0,0.0,0.0,0.0,0.15251413599220998,0.0,0.0,0.0,0.0,2.5252988,3.9961114,3.3040261,5.4691825,5.028485,1.9756441361993202,2.538017669869896,3.964275208702492,5.725535153210225,5.632177463081604,2.2488241,3.9961114,3.3040261,5.4691825,5.028485,1.8231300002071102,2.538017669869896,3.964275208702492,5.725535153210225,5.632177463081604
2012-07-15 20:00:00,0.0,0.0,0.0,0.0,0.0,0.0,0.0,0.0,0.0,0.0,0.0,0.0,0.0,0.0,0.0,1.7970318,2.7629619,2.2517831,1.4063593,1.3492948,2.6840782,3.5357137,3.1529086,4.676341,4.4067283,3.7955337,4.464379,3.18454,4.7408667,5.063294,278.5171,283.62836,281.07584,283.0751,280.84995,278.5171,283.62836,281.07584,283.0751,280.84995,278.5171,283.62836,281.07584,283.0751,280.84995,0.0,0.0,0.0,0.0,0.0,0.0,0.0,0.0,0.0,0.0,2.687069,3.5387125,3.15587,4.6790442,4.4095817,2.1036181725709033,2.240059705305442,3.7161642787606177,4.926955013631211,5.060716739291345,2.687069,3.5387125,3.15587,4.6790442,4.4095817,2.1036181725709033,2.240059705305442,3.7161642787606177,4.926955013631211,5.060716739291345
2012-07-15 21:00:00,0.0,0.0,0.0,0.0,0.0,0.0,0.0,0.0,0.0,0.0,0.0,0.0,0.0,0.0,0.0,1.7839217,3.0720682,2.198362,1.4074585,1.5591464,2.6700766,3.8367352,3.0966356,4.6806107,5.1974535,3.7664983,4.990737,3.1286836,4.7452617,5.7940793,278.44186,285.34848,280.77158,283.08783,282.97708,278.44186,285.34848,280.77158,283.08783,282.97708,278.44186,285.34848,280.77158,283.08783,282.97708,0.0,0.0,0.0,0.0,0.0,0.0,0.0,0.0,0.0,0.0,2.6730676,3.839734,3.0995965,4.683314,5.200307,2.092541768088602,2.4361505988985517,3.621925794569963,4.931270152777591,5.790828099538223,2.6730676,3.839734,3.0995965,4.683314,5.200307,2.092541768088602,2.4361505988985517,3.621925794569963,4.931270152777591,5.790828099538223
2012-07-15 22:00:00,0.0,0.0,0.0,0.0,0.0,0.0,0.0,0.0,0.0,0.0,0.0,0.0,0.0,0.0,0.0,1.7293544,3.0144038,2.273939,1.6127232,1.4212444,2.6117985,3.780579,3.1762476,5.4779873,4.6778364,3.6456435,4.892544,3.2077057,5.5661025,5.3138504,278.12875,285.0276,281.20203,285.4645,281.57925,278.12875,285.0276,281.20203,285.4645,281.57925,278.12875,285.0276,281.20203,285.4645,281.57925,0.0,0.0,0.0,0.0,0.0,0.0,0.0,0.0,0.0,0.0,2.6147895,3.783578,3.179209,5.480691,4.6806893,2.046438762008109,2.399569462623708,3.7552491465769027,5.737166367599989,5.3110424299053856,2.6147895,3.783578,3.179209,5.480691,4.6806893,2.046438762008109,2.399569462623708,3.7552491465769027,5.737166367599989,5.3110424299053856
2012-07-15 23:00:00,0.0,0.0,0.0,0.0,0.0,0.0,0.0,0.0,0.0,0.0,0.0,0.0,0.0,0.0,0.0,1.4972198,2.7165122,2.1905825,1.3152728,1.2551532,2.3638778,3.490479,3.0884395,4.3225036,4.052001,3.131517,4.385283,3.1205487,4.3766165,4.7354565,276.79675,283.36987,280.72726,282.02045,279.8957,276.79675,283.36987,280.72726,282.02045,279.8957,276.79675,283.36987,280.72726,282.02045,279.8957,0.0,0.0,0.0,0.0,0.0,0.0,0.0,0.0,0.0,0.0,2.3668687,3.4934778,3.091401,4.3252063,4.0548544,1.8503122604101279,2.2105930173122967,3.6082011928603523,4.569336563368019,4.733181630922006,2.3668687,3.4934778,3.091401,4.3252063,4.0548544,1.8503122604101279,2.2105930173122967,3.6082011928603523,4.569336563368019,4.733181630922006
2012-08-30 00:00:00,0.0,0.0,0.0,0.0,0.0,0.0,0.0,0.0,0.0,0.0,0.0,0.0,0.0,0.0,0.0,2.6972122,3.2382007,2.7381308,1.6500338,1.6944172,3.6454744,3.9985225,3.665227,5.6229258,5.7071557,5.789234,5.2736335,3.6930609,5.715306,6.2651443,283.68237,286.27298,283.84586,285.8965,284.34824,283.68237,286.27298,283.84586,285.8965,284.34824,283.68237,286.27298,283.84586,285.8965,284.34824,0.0,0.0,0.0,0.0,0.0,0.0,0.0,0.0,0.0,0.0,3.6484652,4.0015216,3.6681883,5.6256294,5.7100096,2.8641649949061807,2.5415418440065025,4.574122025301972,5.8836534413557615,6.261458833461098,3.6484652,4.0015216,3.6681883,5.6256294,5.7100096,2.8641649949061807,2.5415418440065025,4.574122025301972,5.8836534413557615,6.261458833461098
2012-08-30 01:00:00,0.0,0.0,0.0,0.0,0.0,0.0,0.0,0.0,0.0,0.0,0.0,0.0,0.0,0.0,0.0,2.7404249,3.185214,2.6859753,1.5813583,1.6925565,3.6916254,3.9469218,3.6102853,5.356148,5.7001452,5.88494,5.1834064,3.6385267,5.440677,6.2586646,283.93033,285.97812,283.5488,285.10135,284.32938,283.93033,285.97812,283.5488,285.10135,284.32938,283.93033,285.97812,283.5488,285.10135,284.32938,0.0,0.0,0.0,0.0,0.0,0.0,0.0,0.0,0.0,0.0,3.694616,3.949921,3.613247,5.3588505,5.7029986,2.900674441729183,2.507928250217864,4.482114261499382,5.614024507067797,6.25498543498426,3.694616,3.949921,3.613247,5.3588505,5.7029986,2.900674441729183,2.507928250217864,4.482114261499382,5.614024507067797,6.25498543498426
2012-08-30 02:00:00,0.0,0.0,0.0,0.0,0.0,0.0,0.0,0.0,0.0,0.0,0.0,0.0,0.0,0.0,0.0,2.5276067,3.4769526,2.610114,1.5509795,1.7049515,3.4643352,4.23103,3.5303745,5.2381372,5.74685,5.413595,5.680189,3.559208,5.319194,6.30183,282.70917,287.6016,283.11673,284.7496,284.45502,282.70917,287.6016,283.11673,284.7496,284.45502,282.70917,287.6016,283.11673,284.7496,284.45502,0.0,0.0,0.0,0.0,0.0,0.0,0.0,0.0,0.0,0.0,3.4673257,4.234029,3.5333354,5.24084,5.7497034,2.7208682245448816,2.6930013160808324,4.348289942625633,5.494752819295189,6.298110000565397,3.4673257,4.234029,3.5333354,5.24084,5.7497034,2.7208682245448816,2.6930013160808324,4.348289942625633,5.494752819295189,6.298110000565397
2012-08-30 03:00:00,0.0,0.0,0.0,0.0,0.0,0.0,0.0,0.0,0.0,0.0,0.0,0.0,0.0,0.0,0.0,2.5096302,3.361854,2.8685858,1.5052924,1.6099068,3.445136,4.118942,3.8026478,5.0606594,5.3887196,5.3737817,5.484195,3.8294632,5.136494,5.970847,282.60602,286.9611,284.58887,284.2206,283.4916,282.60602,286.9611,284.58887,284.2206,283.4916,282.60602,286.9611,284.58887,284.2206,283.4916,0.0,0.0,0.0,0.0,0.0,0.0,0.0,0.0,0.0,0.0,3.448127,4.1219406,3.8056092,5.0633626,5.391573,2.705680294666513,2.619985159339376,4.80425486126886,5.315379625138466,5.967432465750991,3.448127,4.1219406,3.8056092,5.0633626,5.391573,2.705680294666513,2.619985159339376,4.80425486126886,5.315379625138466,5.967432465750991
2012-08-30 04:00:00,0.0,0.0,0.0,0.0,0.0,0.0,0.0,0.0,0.0,0.0,0.0,0.0,0.0,0.0,0.0,2.4713213,3.0962634,2.6244743,1.5576084,1.590753,3.404222,3.8602977,3.545501,5.263887,5.3165464,5.288936,5.0319376,3.5742223,5.3457017,5.904145,282.3862,285.48312,283.19852,284.82635,283.29745,282.3862,285.48312,283.19852,284.82635,283.29745,282.3862,285.48312,283.19852,284.82635,283.29745,0.0,0.0,0.0,0.0,0.0,0.0,0.0,0.0,0.0,0.0,3.407213,3.8632967,3.5484622,5.26659,5.3194003,2.6733138275322252,2.451499716658381,4.373621852117203,5.52077817889506,5.900792075605937,3.407213,3.8632967,3.5484622,5.26659,5.3194003,2.6733138275322252,2.451499716658381,4.373621852117203,5.52077817889506,5.900792075605937
2012-08-30 05:00:00,-1.1524767,-3.213956,-2.0322375,-1.4413754,-0.78290135,-1.7968507,-4.7266665,-3.0927608,-5.713391,-2.7850168,-1.3061513,-3.187484,-1.9210807,-2.6407754,-1.6096063,2.4543824,3.437111,2.4958735,1.4585592,1.8023417,3.3861308,4.1922307,3.4100327,4.879118,6.1138177,5.25142,5.6123457,3.4397583,4.94961,6.6409802,282.289,287.37988,282.46606,283.6795,285.4422,282.289,287.37988,282.46606,283.6795,285.4422,282.289,287.37988,282.46606,283.6795,285.4422,2.3831637,6.0537043,4.19318,5.703458,2.8431933,1.308335449867265,3.5403790704167473,2.5895098048771428,3.1533007186796143,1.8073321817581531,3.3891218,4.1952295,3.4129941,4.881821,6.116671,2.659002124377608,2.6677267602047756,4.146759479092139,5.131898252945501,6.63694736938216,1.0059581,-1.858475,-0.7801859,-0.82163656,3.2734778,1.3506666745103428,-0.8726523102119716,1.557249674214996,1.9785975342658864,4.8296151876240065
2012-08-30 06:00:00,-6.9644365,-15.008753,-10.417045,-6.1706815,-3.7105718,-9.961826,-20.128878,-14.562148,-25.837334,-13.9500265,-8.521321,-16.12619,-10.66065,-12.705982,-7.8088584,2.4725764,4.0077605,3.0058296,1.5682037,1.9165344,3.4055626,4.747955,3.9472198,5.305046,6.5440984,5.291716,6.5840697,3.9729638,5.388072,7.038644,282.3934,290.55545,285.37054,284.94904,286.5997,282.3934,290.55545,285.37054,284.94904,286.5997,282.3934,290.55545,285.37054,284.94904,286.5997,13.738637,25.823849,19.781494,26.171968,14.430264,8.294821524870148,16.42570215451184,12.764975562210438,13.459430672983853,8.530679012781997,3.4085534,4.7509537,3.9501812,5.3077493,6.546952,2.6743742865414837,3.029735632991402,5.046363641014037,5.562377362032825,7.034244344831987,-10.330084,-21.072895,-15.831312,-20.86422,-7.8833127,-5.620447238328664,-13.395966521520437,-7.718611921196401,-7.897053310951028,-1.4964346679500098
2012-08-30 07:00:00,-9.987871,-20.350866,-14.713849,-9.257905,-5.1170096,-13.7490425,-26.161545,-19.775723,-39.747097,-19.75601,-12.708375,-22.79985,-15.693993,-20.212711,-10.8903675,2.5261283,3.8224177,3.1015093,1.8275186,1.9639258,3.462756,4.56746,4.04801,6.3123875,6.7226696,5.4103208,6.2684603,4.0730066,6.425056,7.203679,282.70068,289.52405,285.9155,287.95154,287.08008,282.70068,289.52405,285.9155,287.95154,287.08008,282.70068,289.52405,285.9155,287.95154,287.08008,19.21521,34.68429,27.152086,42.038498,20.534176,12.128659480970335,23.402189688705462,18.21082843872645,20.377907553868816,11.748124911044858,3.4657466,4.5704584,4.050971,6.3150907,6.7255235,2.719619039779738,2.9121576336874666,5.215151666309174,6.580481151135359,7.199127460404655,-15.749463,-30.113834,-23.101114,-35.723408,-13.808652,-9.409040441190596,-20.490032055017995,-12.995676772417275,-13.797426402733457,-4.548997450640203
2012-08-30 08:00:00,-13.249006,-23.56939,-17.39259,-10.866342,-5.868883,-17.887531,-29.666405,-22.91336,-47.157734,-22.957006,-17.224495,-26.998589,-18.966948,-24.436787,-12.558561,2.9384255,3.9854567,3.2537184,2.055487,2.0145478,3.9030905,4.726235,4.2083464,7.1979604,6.9134145,6.323468,6.54609,4.232155,7.336688,7.379964,285.06647,290.43134,286.7824,290.5911,287.5932,285.06647,290.43134,286.7824,290.5911,287.5932,285.06647,290.43134,286.7824,290.5911,287.5932,24.493656,39.23816,31.39581,51.777325,24.014256,15.626408151310574,27.03810718408391,21.28545096457245,24.113664774595613,13.421543622851418,3.9060817,4.7292337,4.2113075,7.200663,6.916268,3.067961850439776,3.015586752227751,5.483660454714783,7.475515516094251,7.375249987895846,-20.587576,-34.508926,-27.184502,-44.576664,-17.097986,-12.558446300870798,-24.022520431856158,-15.801790509857668,-16.63814925850136,-6.046293634955572
2012-08-30 09:00:00,-15.218358,-22.32681,-19.164808,-11.532961,-6.3513346,-20.327034,-28.352636,-24.97311,-50.264385,-24.99884,-20.01266,-25.334751,-21.156927,-26.333946,-13.622146,3.234206,3.9796548,3.420582,2.2467165,2.0950356,4.2189856,4.7205844,4.38412,7.9408164,7.216695,6.978556,6.5362105,4.4066253,8.101403,7.660255,286.76367,290.39905,287.7328,292.80527,288.40906,286.76367,290.39905,287.7328,292.80527,288.40906,286.76367,290.39905,287.7328,292.80527,288.40906,27.410923,37.36741,33.983162,56.903973,26.45098,17.55048995847778,25.461753919595182,23.01181202991728,25.76121594157295,14.405009962885089,4.2219763,4.723583,4.387081,7.943519,7.219548,3.317861712053864,3.011906025439469,5.778021023888839,8.226308335342368,7.6552820831705874,-23.188946,-32.643826,-29.59608,-48.960457,-19.231432,-14.232628246423916,-22.449847894155713,-17.23379100602844,-17.534907606230583,-6.749727879714501
2012-08-30 10:00:00,-16.480011,-26.242783,-20.282526,-11.659298,-6.5988293,-21.855919,-32.45591,-26.274672,-50.870792,-26.055645,-21.83349,-30.645235,-22.534678,-26.81824,-14.169333,3.444732,4.0964756,3.5762951,2.3981419,2.137878,4.443828,4.834349,4.548148,8.529047,7.378125,7.444824,6.7351365,4.569438,8.706944,7.809448,287.97168,291.04913,288.61966,294.55856,288.84332,287.97168,291.04913,288.61966,294.55856,288.84332,287.97168,291.04913,288.61966,294.55856,288.84332,29.156025,42.920387,35.464073,58.97059,27.736078,18.705507557709172,30.144638919460668,23.86853746662196,26.17313766611133,14.90165280528678,4.446819,4.8373485,4.551109,8.531751,7.3809786,3.4957312435051544,3.0860145717948386,6.052711554386795,8.820824820325178,7.804337844214935,-24.709206,-38.08304,-30.912962,-50.43884,-20.3551,-15.209776314204017,-27.05862434766583,-17.815825912235162,-17.35231284578615,-7.097314961071845
2012-08-30 11:00:00,-17.078314,-26.7115,-20.772762,-11.4976845,-6.7420654,-22.587896,-32.958214,-26.847181,-50.12771,-26.627104,-22.683033,-31.274519,-23.135548,-26.49926,-14.472614,3.5960314,4.193197,3.6660116,2.511216,2.205143,4.6054163,4.928541,4.6426554,8.968297,7.631581,7.779919,6.899837,4.6632442,9.159119,8.043692,288.83984,291.58737,289.13065,295.8678,289.52515,288.83984,291.58737,289.13065,295.8678,289.52515,288.83984,291.58737,289.13065,295.8678,289.52515,29.87294,43.329403,36.052998,59.128956,28.625202,19.135944504572795,30.42365900400324,24.152439572664754,25.905563819648307,15.113605953221306,4.608407,4.93154,4.6456165,8.971,7.6344347,3.623561488824634,3.1473727744081925,6.210979275478903,9.26476674962699,8.038364816333894,-25.264534,-38.397865,-31.407381,-50.157955,-20.990768,-15.51238301574816,-27.276286229595048,-17.941460297185852,-16.640797070021318,-7.075241136887412
2012-08-30 12:00:00,-17.327375,-26.652971,-21.044037,-11.235657,-6.762085,-22.91846,-32.91413,-27.20553,-48.89402,-26.656702,-22.995615,-31.176113,-23.41518,-25.840584,-14.497989,3.7539947,4.255868,3.8269491,2.57773,2.2690692,4.774122,4.989573,4.8121862,9.226679,7.8724566,8.129773,7.0065565,4.831519,9.425105,8.266307,289.74625,291.93613,290.04727,296.63794,290.17313,289.74625,291.93613,290.04727,296.63794,290.17313,289.74625,291.93613,290.04727,296.63794,290.17313,30.003675,43.062885,36.137913,58.264904,28.929562,19.11966641755558,30.137114650192554,23.880777497029484,25.374248319175223,15.050957339767818,4.7771125,4.9925723,4.8151474,9.2293825,7.8753095,3.7570220525280194,3.187130190038141,6.494885705885169,9.525910278399289,8.260775285360923,-25.226562,-38.070316,-31.322765,-49.03552,-21.054253,-15.362644365027563,-26.949984460154415,-17.385891791144317,-15.848338040775934,-6.790182054406895
2012-08-30 13:00:00,-16.494244,-26.076582,-18.632837,-10.691871,-5.9186807,-21.96091,-32.33604,-24.57635,-46.322132,-22.958155,-21.73398,-30.3614,-20.254284,-24.405157,-12.600979,3.661177,4.2811,3.8435218,2.661094,2.2578785,4.674992,5.0141454,4.8296437,9.550518,7.8302894,7.9242024,7.0495224,4.848848,9.758473,8.227336,289.21365,292.07654,290.14166,297.60318,290.0597,289.21365,292.07654,290.14166,297.60318,290.0597,289.21365,292.07654,290.14166,297.60318,290.0597,28.838087,42.153553,32.329193,55.911015,24.913317,18.278425089004426,29.314223685612568,20.799459410108735,24.224417574805816,13.157958067481086,4.677983,5.017144,4.8326054,9.553222,7.8331428,3.678602007487399,3.2031368289350075,6.524121376055851,9.853208926027245,8.221840621706543,-24.160105,-37.13641,-27.496588,-46.357796,-17.080173,-14.599823081517027,-26.11108685667756,-14.275338034052883,-14.371208648778572,-4.936117445774544
2012-08-30 14:00:00,-9.184419,-24.874813,-19.596626,-10.182022,-6.2649283,-13.124255,-31.108051,-25.631521,-43.74216,-24.46853,-11.243044,-28.693775,-21.51059,-22.689037,-13.378569,3.4359245,4.2981935,3.8097758,2.5336611,2.2544012,4.4344215,5.0307918,4.7940965,9.055489,7.8171864,7.425318,7.07863,4.8135633,9.248877,8.215227,287.92114,292.17166,289.94946,296.1277,290.02444,287.92114,292.17166,289.94946,296.1277,290.02444,287.92114,292.17166,289.94946,296.1277,290.02444,16.941822,40.35155,33.91618,51.845028,26.52208,9.929899153471771,27.734855173728324,22.11266774252457,23.02512665318939,13.94715387765007,4.4374123,5.0337906,4.7970576,9.058192,7.8200397,3.4882900565588293,3.2139807092743977,6.464591388750662,9.352890790323807,8.209742279893035,-12.50441,-35.31776,-29.119122,-42.786835,-18.70204,-6.441609096912941,-24.520874464453925,-15.64807635377391,-13.672235862865582,-5.737411597757035
2012-08-30 15:00:00,-12.586231,-22.351341,-16.97832,-8.266644,-5.0111227,-17.286419,-28.45788,-22.668356,-34.75191,-19.11268,-16.050234,-25.293066,-18.214302,-17.51726,-10.592117,3.2533739,4.3242154,3.7049494,2.51431,2.2384806,4.2394567,5.056133,4.683672,8.980316,7.757197,7.021008,7.1229405,4.703957,9.171494,8.159785,286.87366,292.31647,289.35242,295.90363,289.86307,286.87366,292.31647,289.35242,295.90363,289.86307,286.87366,292.31647,289.35242,295.90363,289.86307,22.996685,36.551453,29.937931,41.148613,20.713312,14.212162087687714,24.52605932306333,19.186066475753044,18.764069968056184,11.134377628650874,4.242448,5.0591316,4.686633,8.98302,7.760051,3.334056179296953,3.230488316656626,6.279668449462201,9.276915366792098,8.15435177642132,-18.754236,-31.492323,-25.251297,-32.165596,-12.953261,-10.878105908390761,-21.295571006406703,-12.906398026290844,-9.487154601264086,-2.980025852229554
2012-08-30 16:00:00,-9.634635,-13.531378,-9.894784,-7.7144747,-2.3279347,-13.705399,-18.370815,-14.02968,-32.232697,-8.46411,-11.84568,-14.37342,-9.977069,-16.06396,-4.8227262,3.4576983,4.1495275,3.4781709,2.3862789,2.1585314,4.457676,4.886014,4.444784,8.482964,7.455948,7.473542,6.8254757,4.46684,8.659504,7.8813715,288.04608,291.34436,288.0608,294.4212,289.05267,288.04608,291.34436,288.0608,294.4212,289.05267,288.04608,291.34436,288.0608,294.4212,289.05267,17.70343,23.19754,18.316023,37.446354,9.101015,10.423700909488097,14.468299045573007,11.13157880648151,17.45878001843515,5.175678477804103,4.460667,4.8890133,4.4477453,8.485666,7.4588013,3.5066863242872444,3.119669912957258,5.879613323596076,8.774248222488591,7.8761946622588015,-13.2427635,-18.308527,-13.868278,-28.960688,-1.6422143,-6.917014585200853,-11.348629132615748,-5.251965482885434,-8.684531795946558,2.700516184454698
2012-08-30 17:00:00,-1.4213756,-2.9322608,-2.5242558,-3.3300176,-0.7622397,-2.2162378,-4.329468,-3.8440123,-13.310457,-2.7067907,-1.6114928,-2.8989947,-2.386421,-6.2733665,-1.5654376,3.0213454,3.843553,3.3057299,2.255272,1.8994819,3.9916499,4.588042,4.2631345,7.9740515,6.4798436,6.5071177,6.3044505,4.286537,8.135616,6.97926,285.54227,289.64166,287.07864,292.90433,286.42685,285.54227,289.64166,287.07864,292.90433,286.42685,285.54227,289.64166,287.07864,292.90433,286.42685,2.8231487,5.3700604,4.911051,15.202759,2.804971,1.523180022347462,3.078788354884137,2.798110296427991,7.564161470152175,1.7382474493468616,3.9946406,4.591041,4.266096,7.976754,6.4826975,3.138019547106537,2.92556549856652,5.57541300898145,8.259898123517788,6.974915333549121,1.1714919,-0.77901936,-0.64495474,-7.226005,3.6777263,1.6148395247590748,-0.15322285631761723,2.7773027125534595,0.6957366533656124,5.23666788420226
2012-08-30 18:00:00,0.0,0.0,0.0,0.0,0.0,0.0,0.0,0.0,0.0,0.0,0.0,0.0,0.0,0.0,0.0,2.7175236,3.3709464,3.2184296,2.0889735,1.813433,3.6671667,4.1277966,4.171173,7.328042,6.1556106,5.8342195,5.499678,4.195257,7.4705977,6.6796045,283.79892,287.0117,286.58142,290.97882,285.55463,283.79892,287.0117,286.58142,290.97882,285.55463,283.79892,287.0117,286.58142,290.97882,285.55463,0.0,0.0,0.0,0.0,0.0,0.0,0.0,0.0,0.0,0.0,3.6701574,4.1307955,4.1741343,7.3307457,6.158464,2.8813255582805866,2.625753254816665,5.4214082323597514,7.606987561309502,6.6755363661275835,3.6701574,4.1307955,4.1741343,7.3307457,6.158464,2.8813255582805866,2.625753254816665,5.4214082323597514,7.606987561309502,6.6755363661275835
2012-08-30 19:00:00,0.0,0.0,0.0,0.0,0.0,0.0,0.0,0.0,0.0,0.0,0.0,0.0,0.0,0.0,0.0,2.508572,3.0316343,3.0008998,1.9077752,1.7127613,3.444006,3.797359,3.942027,6.624155,5.7762775,5.3714375,4.9218845,3.9678094,6.745997,6.329026,282.59995,285.12347,285.34247,288.8808,284.53418,282.59995,285.12347,285.34247,288.8808,284.53418,282.59995,285.12347,285.34247,288.8808,284.53418,0.0,0.0,0.0,0.0,0.0,0.0,0.0,0.0,0.0,0.0,3.4469967,3.800358,3.9449885,6.6268578,5.779131,2.7047860940612476,2.4105003166584735,5.037667612382602,6.895579441320671,6.32528151456041,3.4469967,3.800358,3.9449885,6.6268578,5.779131,2.7047860940612476,2.4105003166584735,5.037667612382602,6.895579441320671,6.32528151456041
2012-08-30 20:00:00,0.0,0.0,0.0,0.0,0.0,0.0,0.0,0.0,0.0,0.0,0.0,0.0,0.0,0.0,0.0,2.3524437,3.0635896,2.9152927,1.7704794,1.7584847,3.2772603,3.8284786,3.8518488,6.0908127,5.948564,5.025647,4.9763,3.8782997,6.196961,6.488253,281.70407,285.3013,284.8549,287.2911,284.99765,281.70407,285.3013,284.8549,287.2911,284.99765,281.70407,285.3013,284.8549,287.2911,284.99765,0.0,0.0,0.0,0.0,0.0,0.0,0.0,0.0,0.0,0.0,3.2802508,3.8314774,3.8548102,6.093516,5.951418,2.5728757776383477,2.430772145576544,4.886649732551701,6.35653888191039,6.484361615964521,3.2802508,3.8314774,3.8548102,6.093516,5.951418,2.5728757776383477,2.430772145576544,4.886649732551701,6.35653888191039,6.484361615964521
2012-08-30 21:00:00,0.0,0.0,0.0,0.0,0.0,0.0,0.0,0.0,0.0,0.0,0.0,0.0,0.0,0.0,0.0,2.339089,3.0682182,2.8782842,1.6902125,1.6776836,3.2629972,3.8329859,3.8128636,5.7790046,5.6441035,4.99607,4.9841814,3.8396034,5.875977,6.2068725,281.62744,285.32706,284.6441,286.36172,284.17862,281.62744,285.32706,284.6441,286.36172,284.17862,281.62744,285.32706,284.6441,286.36172,284.17862,0.0,0.0,0.0,0.0,0.0,0.0,0.0,0.0,0.0,0.0,3.2659879,3.835985,3.8158252,5.7817073,5.6469574,2.561592673518648,2.4337083775324135,4.821363352380703,6.041399199503049,6.203240146188823,3.2659879,3.835985,3.8158252,5.7817073,5.6469574,2.561592673518648,2.4337083775324135,4.821363352380703,6.041399199503049,6.203240146188823
2012-08-30 22:00:00,0.0,0.0,0.0,0.0,0.0,0.0,0.0,0.0,0.0,0.0,0.0,0.0,0.0,0.0,0.0,2.1349666,3.1895468,2.8217661,1.6948063,1.6686275,3.0449939,3.9511409,3.7533286,5.79685,5.60998,4.543984,5.1907835,3.7805092,5.8943477,6.1753354,280.45618,286.00223,284.3222,286.41492,284.08682,280.45618,286.00223,284.3222,286.41492,284.08682,280.45618,286.00223,284.3222,286.41492,284.08682,0.0,0.0,0.0,0.0,0.0,0.0,0.0,0.0,0.0,0.0,3.0479846,3.95414,3.7562895,5.7995534,5.6128335,2.389133280402729,2.5106766189917225,4.721661493680301,6.059435860251588,6.171732083699617,3.0479846,3.95414,3.7562895,5.7995534,5.6128335,2.389133280402729,2.5106766189917225,4.721661493680301,6.059435860251588,6.171732083699617
2012-08-30 23:00:00,0.0,0.0,0.0,0.0,0.0,0.0,0.0,0.0,0.0,0.0,0.0,0.0,0.0,0.0,0.0,2.0047598,3.2559576,2.657555,1.6217741,1.6486605,2.9059327,4.0158153,3.580349,5.513147,5.5347443,4.2556057,5.303871,3.6088119,5.6022964,6.1058025,279.70905,286.3718,283.38693,285.5693,283.88443,279.70905,286.3718,283.38693,285.5693,283.88443,279.70905,286.3718,283.38693,285.5693,283.88443,0.0,0.0,0.0,0.0,0.0,0.0,0.0,0.0,0.0,0.0,2.9089236,4.018814,3.58331,5.51585,5.5375977,2.2791241386032524,2.5528066770315085,4.431979765998155,5.772701590210707,6.102263509754002,2.9089236,4.018814,3.58331,5.51585,5.5375977,2.2791241386032524,2.5528066770315085,4.431979765998155,5.772701590210707,6.102263509754002
2012-09-19 00:00:00,0.0,0.0,0.0,0.0,0.0,0.0,0.0,0.0,0.0,0.0,0.0,0.0,0.0,0.0,0.0,2.6938193,2.7946045,2.4255798,1.5010781,1.408741,3.6418502,3.5665288,3.3359861,5.044288,4.6307225,5.781719,4.5182614,3.3662603,5.119641,5.2703085,283.6629,283.80444,282.0657,284.1718,281.4525,283.6629,283.80444,282.0657,284.1718,281.4525,283.6629,283.80444,282.0657,284.1718,281.4525,0.0,0.0,0.0,0.0,0.0,0.0,0.0,0.0,0.0,0.0,3.6448412,3.5695276,3.338947,5.0469913,4.633576,2.8612981608048793,2.260133234198057,4.022756001248889,5.298833084382922,5.2675407731508415,3.6448412,3.5695276,3.338947,5.0469913,4.633576,2.8612981608048793,2.260133234198057,4.022756001248889,5.298833084382922,5.2675407731508415
2012-09-19 01:00:00,0.0,0.0,0.0,0.0,0.0,0.0,0.0,0.0,0.0,0.0,0.0,0.0,0.0,0.0,0.0,2.6276789,2.7649198,2.3871512,1.58712,1.3905112,3.5712125,3.53762,3.295505,5.378529,4.5620327,5.635233,4.467713,3.3260796,5.4637175,5.206826,283.2834,283.63925,281.84683,285.16806,281.26773,283.2834,283.63925,281.84683,285.16806,281.26773,283.2834,283.63925,281.84683,285.16806,281.26773,0.0,0.0,0.0,0.0,0.0,0.0,0.0,0.0,0.0,0.0,3.574203,3.5406191,3.2984664,5.3812323,4.564886,2.8054173631813892,2.241301689675401,3.9549647867438367,5.636645356405895,5.204116132734572,3.574203,3.5406191,3.2984664,5.3812323,4.564886,2.8054173631813892,2.241301689675401,3.9549647867438367,5.636645356405895,5.204116132734572
2012-09-19 02:00:00,0.0,0.0,0.0,0.0,0.0,0.0,0.0,0.0,0.0,0.0,0.0,0.0,0.0,0.0,0.0,2.5326965,2.7027364,2.384708,1.6194334,1.4900209,3.4697707,3.4770632,3.2929316,5.5040555,4.936987,5.4248686,4.361825,3.323525,5.5929375,5.553357,282.73837,283.2932,281.83292,285.5422,282.2764,282.73837,283.2932,281.83292,285.5422,282.2764,282.73837,283.2932,281.83292,285.5422,282.2764,0.0,0.0,0.0,0.0,0.0,0.0,0.0,0.0,0.0,0.0,3.4727616,3.4800622,3.2958927,5.506758,4.9398403,2.7251684756968344,2.2018539004009883,3.950654581248256,5.763512516920573,5.550327728942425,3.4727616,3.4800622,3.2958927,5.506758,4.9398403,2.7251684756968344,2.2018539004009883,3.950654581248256,5.763512516920573,5.550327728942425
2012-09-19 03:00:00,0.0,0.0,0.0,0.0,0.0,0.0,0.0,0.0,0.0,0.0,0.0,0.0,0.0,0.0,0.0,2.545498,2.784503,2.3868513,1.5463276,1.3664618,3.483443,3.5566912,3.2951891,5.2200656,4.4714136,5.453221,4.50106,3.3257658,5.3005905,5.123076,282.81183,283.74823,281.84512,284.69574,281.02396,282.81183,283.74823,281.84512,284.69574,281.02396,282.81183,283.74823,281.84512,284.69574,281.02396,0.0,0.0,0.0,0.0,0.0,0.0,0.0,0.0,0.0,0.0,3.4864337,3.5596902,3.2981505,5.222769,4.474267,2.7359842588971994,2.253725012322806,3.954435463261923,5.476488501325499,5.1204437912572525,3.4864337,3.5596902,3.2981505,5.222769,4.474267,2.7359842588971994,2.253725012322806,3.954435463261923,5.476488501325499,5.1204437912572525
2012-09-19 04:00:00,0.0,0.0,0.0,0.0,0.0,0.0,0.0,0.0,0.0,0.0,0.0,0.0,0.0,0.0,0.0,2.2449627,2.74691,2.36664,1.5407399,1.3232913,3.16247,3.5200818,3.273899,5.198359,4.308747,4.787602,4.4370456,3.3046336,5.2782454,4.97274,281.08734,283.53903,281.73,284.63104,280.58636,281.08734,283.53903,281.73,284.63104,280.58636,281.08734,283.53903,281.73,284.63104,280.58636,0.0,0.0,0.0,0.0,0.0,0.0,0.0,0.0,0.0,0.0,3.1654608,3.5230806,3.2768602,5.2010627,4.3116,2.482067234764987,2.229876825050904,3.9187817458730416,5.454550623650856,4.9702462819378646,3.1654608,3.5230806,3.2768602,5.2010627,4.3116,2.482067234764987,2.229876825050904,3.9187817458730416,5.454550623650856,4.9702462819378646
2012-09-19 05:00:00,0.0,0.0,0.0,0.0,0.0,0.0,0.0,0.0,0.0,0.0,0.0,0.0,0.0,0.0,0.0,2.0920358,2.7276282,2.3553026,1.4848818,1.4395283,2.9991436,3.5013041,3.2619557,4.9813714,4.7467303,4.4489026,4.404212,3.292779,5.0548725,5.377523,280.20984,283.43173,281.66544,283.98428,281.7646,280.20984,283.43173,281.66544,283.98428,281.7646,280.20984,283.43173,281.66544,283.98428,281.7646,0.0,0.0,0.0,0.0,0.0,0.0,0.0,0.0,0.0,0.0,3.0021346,3.5043032,3.2649171,4.9840746,4.7495837,2.352861987509772,2.2176448445333246,3.898780880020743,5.23524428329298,5.37465561590836,3.0021346,3.5043032,3.2649171,4.9840746,4.7495837,2.352861987509772,2.2176448445333246,3.898780880020743,5.23524428329298,5.37465561590836
2012-09-19 06:00:00,-1.3514259,-4.867574,-2.4644363,-1.03921,-0.7628186,-2.0913155,-6.9286866,-3.7160192,-4.0791974,-2.818195,-1.5533406,-4.9585915,-2.3492932,-1.8849912,-1.6064305,2.1240478,2.7633073,2.4285002,1.4780765,1.479375,3.0333323,3.5360498,3.3390622,4.954935,4.8968725,4.519801,4.4649673,3.3693137,5.0276585,5.5162835,280.39352,283.63028,282.08234,283.9055,282.1685,280.39352,283.63028,282.08234,283.9055,282.1685,280.39352,283.63028,282.08234,283.9055,282.1685,2.8871984,9.481874,5.0742946,4.044556,2.7213454,1.6382645154781672,5.916561670936946,3.190761085150496,2.248685072995311,1.8880227235690512,3.036323,3.539049,3.3420234,4.9576383,4.8997264,2.3799081857162525,2.2402788790177874,4.02790745299251,5.208525603974147,5.513288995909901,0.14912477,-5.9428253,-1.7322713,0.9130823,2.1783812,0.7416436702380853,-3.6762827919191583,0.8371463678420139,2.959840530978836,3.62526627234085
2012-09-19 07:00:00,-4.5039144,-9.403265,-2.4831157,-3.2480385,-1.7818247,-6.5293417,-12.716031,-3.7346718,-13.166238,-6.796898,-5.4996347,-10.025064,-2.3706841,-6.3105874,-3.8064106,2.205223,2.850821,2.320812,1.508134,1.4778004,3.1200283,3.621275,3.2256236,5.0716963,4.8909397,4.6995873,4.6139894,3.256716,5.147856,5.510801,280.8593,284.11728,281.469,284.2535,282.15253,280.8593,284.11728,281.469,284.2535,282.15253,280.8593,284.11728,281.469,284.2535,282.15253,9.235433,17.704712,5.148494,13.086129,6.5422587,5.631746199212994,11.67797661565726,3.2858742656310502,6.9989022513714225,4.432561615803325,3.123019,3.6242738,3.228585,5.0744,4.893793,2.4484920240989587,2.2957959282497375,3.8379370362158034,5.3265348289749115,5.507810699140667,-6.112414,-14.080439,-1.9199088,-8.011729,-1.6484654,-3.1832541751140355,-9.382180687407523,0.5520627705847532,-1.672367422396511,1.0752490833373418
2012-09-19 08:00:00,-6.6433153,-14.87797,-3.1050067,-6.562384,-2.9800081,-9.261621,-19.101715,-4.623064,-27.80773,-11.78198,-8.448479,-16.69021,-2.9903316,-14.070315,-6.471396,2.2499938,3.0395532,2.3016353,1.6208253,1.5325559,3.1678433,3.8050709,3.2054226,5.5094614,5.0972595,4.7987447,4.9353695,3.2366648,5.598502,5.7014813,281.1162,285.16754,281.35977,285.55832,282.70755,281.1162,285.16754,281.35977,285.55832,282.70755,281.1162,285.16754,281.35977,285.55832,282.70755,13.286261,26.837523,6.413305,28.069788,11.396719,8.486177335420411,18.712389795703565,4.148203668107605,14.109883219770342,7.392697392933899,3.1708343,3.8080697,3.208384,5.5121646,5.1001134,2.4863180577427784,2.41552391730335,3.804107594398516,5.76897629022822,5.69831506499545,-10.115427,-23.029453,-3.204921,-22.557623,-6.2966056,-5.999859277677633,-16.296865878400215,-0.34409607370908946,-8.340906929542122,-1.694382327938449
2012-09-19 09:00:00,-8.551234,-11.840679,-10.86369,-8.575735,-1.9465435,-11.681685,-15.640764,-14.646591,-37.124596,-7.456089,-11.140381,-12.909198,-11.55367,-19.349718,-4.167013,2.4364111,2.950345,2.4857519,1.7708616,1.5118,3.3669376,3.7181954,3.3993711,6.092297,5.019052,5.2116175,4.783462,3.4291756,6.1984887,5.6292014,282.18588,284.6711,282.40842,287.29553,282.49716,282.18588,284.6711,282.40842,287.29553,282.49716,282.18588,284.6711,282.40842,287.29553,282.49716,16.681839,21.84315,20.958284,38.381012,7.21247,10.880286092640745,14.757118244214443,14.933239146370465,18.49940354794329,4.822039081869589,3.3699286,3.7211945,3.4023323,6.0950003,5.0219054,2.6438186879696173,2.3589318731965614,4.128904263782594,6.35803934995889,5.626102105287808,-13.31191,-18.121954,-17.555952,-32.28601,-2.1905649,-8.236467404671128,-12.398186371017882,-10.80433488258787,-12.141364197984402,0.8040630234182196
2012-09-19 10:00:00,-9.723223,-11.646231,-9.266665,-8.852318,-1.3973829,-13.156731,-15.431474,-12.724346,-38.23693,-5.2674937,-12.81623,-12.659153,-9.660789,-19.932274,-2.9688466,2.5794404,2.978094,2.448304,1.9138372,1.4586886,3.5196939,3.7452188,3.3599231,6.6477036,4.818926,5.528395,4.8307137,3.3900201,6.7702394,5.444246,283.0066,284.82553,282.19513,288.951,281.9588,283.0066,284.82553,282.19513,288.951,281.9588,283.0066,284.82553,282.19513,288.951,281.9588,18.677504,21.473753,18.112848,40.5177,5.0607,12.28175973747436,14.435415672646371,12.668420507531641,19.225471905135286,3.4795743150568166,3.5226843,3.7482178,3.3628845,6.650407,4.8217793,2.764661586850972,2.376535349140519,4.062842802798794,6.919379968986558,5.44131695556305,-15.1548195,-17.725534,-14.749963,-33.867294,-0.23892088,-9.517098150623388,-12.058880323505853,-8.605577704732847,-12.306091936148729,1.961742640506233
2012-09-19 11:00:00,-10.024803,-4.262117,-7.066857,-7.4690375,-2.0243378,-13.619186,-6.1175494,-9.956195,-31.64444,-7.7779155,-13.157331,-4.311598,-7.1725035,-16.093405,-4.33899,2.7314737,2.8106067,2.3732312,1.933937,1.4939468,3.6820655,3.5821123,3.2808416,6.725784,4.95178,5.8651156,4.545511,3.3115246,6.850617,5.5670285,283.87897,283.8935,281.76755,289.18372,282.3162,283.87897,283.8935,281.76755,289.18372,282.3162,283.87897,283.8935,281.76755,289.18372,282.3162,19.100504,8.307388,14.0909195,33.713913,7.5002565,12.43695469258758,5.124545777337112,9.634775929773362,16.29674354467708,5.0295676349478065,3.6850564,3.5851114,3.2838027,6.728487,4.954633,2.8931119310826463,2.2702848039222596,3.9304079580650684,6.998294240282229,5.56398680922365,-15.415447,-4.7222767,-10.8071165,-26.985424,-2.5456235,-9.543842761504933,-2.8542609734148527,-5.704367971708294,-9.298449304394852,0.5344191742758433
2012-09-19 12:00:00,-8.724045,-6.412704,-8.237739,-5.6993775,-2.705054,-12.091778,-8.9573965,-11.407707,-23.621147,-10.610953,-11.194829,-6.639602,-8.507669,-11.674323,-5.8530064,2.7428763,2.76277,2.3562453,1.8860676,1.5165782,3.694244,3.5355268,3.2629495,6.539829,5.0370555,5.8903704,4.464052,3.2937653,6.65919,5.64584,283.9444,283.6273,281.6708,288.62946,282.5456,283.9444,283.6273,281.6708,288.62946,282.5456,283.9444,283.6273,281.6708,288.62946,282.5456,16.79827,12.369195,16.292208,25.018688,10.246746,10.659899510352723,7.886112520707909,11.394838856252644,12.463166417683077,6.71861060224014,3.6972346,3.5385256,3.2659104,6.5425324,5.039909,2.9027459315735404,2.2399379421319168,3.9004444681067563,6.810352856165788,5.642725541182213,-13.101034,-8.830669,-13.026298,-18.476156,-5.2068367,-7.7571535787791825,-5.646174578575992,-7.494394388145888,-5.652813561517289,-1.0758850610579271
2012-09-19 13:00:00,-8.4989,-6.623027,-7.580286,-7.4863234,-3.1116257,-11.739737,-9.245991,-10.596646,-31.800785,-12.384559,-10.943965,-6.8607397,-7.7536016,-16.201298,-6.776151,2.6032195,2.8385096,2.3614376,1.8618457,1.4950366,3.5450892,3.6092856,3.2684186,6.4457355,4.9558864,5.581061,4.5930247,3.2991936,6.5623283,5.570824,283.14304,284.04877,281.70038,288.349,282.32724,283.14304,284.04877,281.70038,288.349,282.32724,283.14304,284.04877,281.70038,288.349,282.32724,16.490843,12.694864,15.063945,33.462406,11.899339,10.554363221503909,8.071357105662022,10.41036197298952,16.275582006296514,7.766411511203834,3.5480802,3.6122842,3.2713797,6.448439,4.9587398,2.7847518929119746,2.287985690405037,3.9096036547848647,6.715254226057314,5.567778670467364,-12.942763,-9.082581,-11.792564,-27.01397,-6.940599,-7.769611328591934,-5.783371415256985,-6.500758318204655,-9.560327780239199,-2.1986328407364697
2012-09-19 14:00:00,-8.779519,-4.960988,-8.151388,-6.6633835,-1.4767153,-12.011301,-7.0661597,-11.323298,-28.00755,-5.583875,-11.42381,-5.0510287,-8.393277,-14.074482,-3.1408749,2.515619,2.853706,2.389525,1.8458972,1.4305626,3.451532,3.624084,3.2980056,6.383782,4.7129464,5.387045,4.6189013,3.3285615,6.498551,5.3463,282.64038,284.13333,281.86035,288.16434,281.6737,282.64038,284.13333,281.86035,288.16434,281.6737,282.64038,284.13333,281.86035,288.16434,281.6737,17.046429,9.598266,16.10777,29.423174,5.3392935,11.072247644239845,5.960572970015288,11.18136597104621,14.505872674011233,3.693581946082864,3.4545228,3.627083,3.300967,6.3864846,4.7158003,2.7107399423123835,2.297625854800433,3.9591521135739725,6.652638142185021,5.343461796063662,-13.591907,-5.9711823,-12.806805,-23.036688,-0.6234933,-8.361507701927462,-3.6629471152148545,-7.222213857472237,-7.853234531826212,1.6498798499807976
2012-09-19 15:00:00,-7.222286,-14.314134,-2.5188034,-5.316183,-1.3783123,-10.047614,-18.4913,-3.768736,-22.046766,-5.191521,-9.21618,-15.956583,-2.4117851,-10.871829,-2.9275649,2.367643,3.0492272,2.1509588,1.7062925,1.4687984,3.2934937,3.8144917,3.0467005,5.8414702,4.85702,5.059313,4.9518423,3.079119,5.9402814,5.4794526,281.7913,285.22137,280.5016,286.5479,282.06128,281.7913,285.22137,280.5016,286.5479,282.06128,281.7913,285.22137,280.5016,286.5479,282.06128,14.305092,25.88813,5.2781863,22.642115,4.9960427,9.134510252329964,17.903373997677164,3.454993732345087,11.526834600011412,3.4267553732878366,3.2964845,3.8174906,3.0496619,5.8441734,4.859874,2.5857181159792884,2.4216607812490296,3.5383021366326797,6.104532686150687,5.476491182238166,-11.008607,-22.07064,-2.2285247,-16.797941,-0.13616894,-6.548792136350675,-15.481713216428135,0.08330840428759245,-5.422301913860725,2.0497358089503295
2012-09-19 16:00:00,-3.9310892,-6.3612185,-1.9256831,-1.9298846,-1.1525307,-5.759252,-8.924562,-2.9014363,-7.6629486,-4.3097906,-4.750174,-6.5611286,-1.8300316,-3.5871344,-2.4402618,2.182157,2.9197826,2.0421994,1.5744979,1.4771712,3.0953934,3.6884327,2.9321332,5.3294964,4.888569,4.648501,4.731419,2.9654007,5.413242,5.5086102,280.72696,284.50104,279.88214,285.0219,282.14615,280.72696,284.50104,279.88214,285.0219,282.14615,280.72696,284.50104,279.88214,285.0219,282.14615,8.12113,12.147037,4.08558,7.7214203,4.155778,4.893994497763103,7.651625599675367,2.6881259402268802,4.189741280238649,2.858874026156599,3.0983844,3.6914315,2.9350946,5.3321996,4.8914223,2.429003843068637,2.3395436970235037,3.346441278849139,5.587088518583319,5.505621475383937,-5.0227456,-8.4556055,-1.1504852,-2.389221,0.73564434,-2.464990654694466,-5.3120819026518635,0.6583153386222587,1.3973472383446701,2.6467474492273384
2012-09-19 17:00:00,-0.59354264,-0.44826144,-0.1563601,-0.2855226,-0.03441297,-0.92029595,-0.6748423,-0.2433752,-1.1084533,-0.12407738,-0.6736653,-0.4365292,-0.1444947,-0.5059852,-0.071606025,1.6624855,2.7784214,1.9886501,1.5060437,1.3881297,2.5403824,3.5507686,2.8757246,5.063578,4.5530596,3.497544,4.490704,2.9094102,5.139498,5.1985326,277.74506,283.7144,279.57715,284.2293,281.2436,277.74506,283.7144,279.57715,284.2293,281.2436,277.74506,283.7144,279.57715,284.2293,281.2436,1.3164228,0.89769346,0.33885336,1.1055379,0.11835477,0.7468452349539233,0.5264827378652651,0.21664419505792448,0.6200565164028891,0.08595621184863377,2.543373,3.5537674,2.8786857,5.066281,4.5559125,1.9899423589428025,2.2498668591959587,3.2519759417376646,5.318328820957935,5.195830601674412,1.2269503,2.656074,2.5398324,3.960743,4.4375577,1.2430971239888793,1.7233841213306937,3.03533174667974,4.698272304555045,5.1098743898257775
2012-09-19 18:00:00,0.0,0.0,0.0,0.0,0.0,0.0,0.0,0.0,0.0,0.0,0.0,0.0,0.0,0.0,0.0,1.6899288,2.6429224,1.8723783,1.3844674,1.2432007,2.5696917,3.4188137,2.7532444,4.591299,4.0069637,3.5583243,4.259971,2.787838,4.6533217,4.6938334,277.90253,282.96036,278.91492,282.82162,279.77454,277.90253,282.96036,278.91492,282.82162,279.77454,277.90253,282.96036,278.91492,282.82162,279.77454,0.0,0.0,0.0,0.0,0.0,0.0,0.0,0.0,0.0,0.0,2.5726826,3.4218125,2.7562053,4.5940022,4.009817,2.0131286660943957,2.163909016582661,3.0468630924962206,4.841004064590844,4.691596854298952,2.5726826,3.4218125,2.7562053,4.5940022,4.009817,2.0131286660943957,2.163909016582661,3.0468630924962206,4.841004064590844,4.691596854298952
2012-09-19 19:00:00,0.0,0.0,0.0,0.0,0.0,0.0,0.0,0.0,0.0,0.0,0.0,0.0,0.0,0.0,0.0,1.651907,2.616868,1.6734304,1.35854,1.2348189,2.5290847,3.3934407,2.5436728,4.4905815,3.975381,3.474115,4.215605,2.5798197,4.5496407,4.6646447,277.68436,282.81537,277.7818,282.52142,279.68958,277.68436,282.81537,277.7818,282.52142,279.68958,277.68436,282.81537,277.7818,282.52142,279.68958,0.0,0.0,0.0,0.0,0.0,0.0,0.0,0.0,0.0,0.0,2.5320754,3.3964396,2.546634,4.493284,3.9782345,1.9810048463605316,2.147380535513542,2.6959027195775653,4.739210242569401,4.66243513688873,2.5320754,3.3964396,2.546634,4.493284,3.9782345,1.9810048463605316,2.147380535513542,2.6959027195775653,4.739210242569401,4.66243513688873
2012-09-19 20:00:00,0.0,0.0,0.0,0.0,0.0,0.0,0.0,0.0,0.0,0.0,0.0,0.0,0.0,0.0,0.0,1.2513902,2.3005886,1.5522184,1.2424171,1.1447871,2.101331,3.0854335,2.4159884,4.0394864,3.6361387,2.5870585,3.6770322,2.4530816,4.0852714,4.351118,275.38617,281.05533,277.09143,281.17688,278.77698,275.38617,281.05533,277.09143,281.17688,278.77698,275.38617,281.05533,277.09143,281.17688,278.77698,0.0,0.0,0.0,0.0,0.0,0.0,0.0,0.0,0.0,0.0,2.1043217,3.0884326,2.4189494,4.042189,3.6389923,1.6426150725882414,1.9467391781783983,2.4820749372946183,4.283295613046101,4.349198068844447,2.1043217,3.0884326,2.4189494,4.042189,3.6389923,1.6426150725882414,1.9467391781783983,2.4820749372946183,4.283295613046101,4.349198068844447
2012-09-19 21:00:00,0.0,0.0,0.0,0.0,0.0,0.0,0.0,0.0,0.0,0.0,0.0,0.0,0.0,0.0,0.0,1.6222779,2.4074774,1.5396376,1.173984,1.1113772,2.4974406,3.1895266,2.4027355,3.7736495,3.5102503,3.4084933,3.8590465,2.439927,3.8116117,4.2347727,277.51434,281.65015,277.01978,280.38452,278.43832,277.51434,281.65015,277.01978,280.38452,278.43832,277.51434,281.65015,277.01978,280.38452,278.43832,0.0,0.0,0.0,0.0,0.0,0.0,0.0,0.0,0.0,0.0,2.5004313,3.1925256,2.4056966,3.7763526,3.513104,1.9559717228834919,2.0145473500407824,2.4598811598743917,4.014618699864772,4.232959714641416,2.5004313,3.1925256,2.4056966,3.7763526,3.513104,1.9559717228834919,2.0145473500407824,2.4598811598743917,4.014618699864772,4.232959714641416
2012-09-19 22:00:00,0.0,0.0,0.0,0.0,0.0,0.0,0.0,0.0,0.0,0.0,0.0,0.0,0.0,0.0,0.0,1.2333765,2.1943908,1.4424087,1.0620992,0.9512232,2.0820925,2.9820135,2.3003147,3.3390186,2.9067867,2.5471625,3.4961948,2.3382652,3.364191,3.677054,275.2828,280.46436,276.466,279.08905,276.81494,275.2828,280.46436,276.466,279.08905,276.81494,275.2828,280.46436,276.466,279.08905,276.81494,0.0,0.0,0.0,0.0,0.0,0.0,0.0,0.0,0.0,0.0,2.0850832,2.9850123,2.3032758,3.3417213,2.90964,1.6273956884172252,1.8793693537407052,2.288361447324381,3.575343743596577,3.675755132156944,2.0850832,2.9850123,2.3032758,3.3417213,2.90964,1.6273956884172252,1.8793693537407052,2.288361447324381,3.575343743596577,3.675755132156944
2012-09-19 23:00:00,0.0,0.0,0.0,0.0,0.0,0.0,0.0,0.0,0.0,0.0,0.0,0.0,0.0,0.0,0.0,1.1918713,2.3120174,1.442832,1.0057087,1.078931,2.0377645,3.0965633,2.3007607,3.119962,3.3879921,2.4552379,3.6964936,2.338708,3.1386888,4.1217823,275.04465,281.11893,276.4684,278.43613,278.10944,275.04465,281.11893,276.4684,278.43613,278.10944,275.04465,281.11893,276.4684,278.43613,278.10944,0.0,0.0,0.0,0.0,0.0,0.0,0.0,0.0,0.0,0.0,2.0407555,3.0995622,2.3037217,3.1226652,3.3908455,1.5923286455856296,1.9539893054248816,2.28910817152208,3.3539470960263063,4.120073281979791,2.0407555,3.0995622,2.3037217,3.1226652,3.3908455,1.5923286455856296,1.9539893054248816,2.28910817152208,3.3539470960263063,4.120073281979791
2012-10-15 00:00:00,0.0,0.0,0.0,0.0,0.0,0.0,0.0,0.0,0.0,0.0,0.0,0.0,0.0,0.0,0.0,1.2958099,2.0745926,1.3991793,1.0073271,0.9634948,2.1487713,2.8653483,2.2547765,3.1262486,2.9530263,2.6854386,3.2921977,2.2930648,3.1451604,3.7197888,275.64105,279.7977,276.2198,278.45486,276.93933,275.64105,279.7977,276.2198,278.45486,276.93933,275.64105,279.7977,276.2198,278.45486,276.93933,0.0,0.0,0.0,0.0,0.0,0.0,0.0,0.0,0.0,0.0,2.1517622,2.8683474,2.2577379,3.1289518,2.9558797,1.680144537187099,1.8033717387217845,2.212101057108714,3.3603008021075462,3.7184502327905884,2.1517622,2.8683474,2.2577379,3.1289518,2.9558797,1.680144537187099,1.8033717387217845,2.212101057108714,3.3603008021075462,3.7184502327905884
2012-10-15 01:00:00,0.0,0.0,0.0,0.0,0.0,0.0,0.0,0.0,0.0,0.0,0.0,0.0,0.0,0.0,0.0,1.0863957,2.0654507,1.2052251,1.0102079,0.9868307,1.9251162,2.8564458,2.0504658,3.1374395,3.0409565,2.2216327,3.2766309,2.0902684,3.1566803,3.8010533,274.43942,279.74683,275.1151,278.48822,277.17587,274.43942,279.74683,275.1151,278.48822,277.17587,274.43942,279.74683,275.1151,278.48822,277.17587,0.0,0.0,0.0,0.0,0.0,0.0,0.0,0.0,0.0,0.0,1.9281071,2.8594446,2.053427,3.1401424,3.04381,1.5032141410448556,1.7975723327141606,1.8699501392819027,3.3716112267765954,3.799640057376304,1.9281071,2.8594446,2.053427,3.1401424,3.04381,1.5032141410448556,1.7975723327141606,1.8699501392819027,3.3716112267765954,3.799640057376304
2012-10-15 02:00:00,0.0,0.0,0.0,0.0,0.0,0.0,0.0,0.0,0.0,0.0,0.0,0.0,0.0,0.0,0.0,1.1467441,2.1055608,1.0851543,1.023771,1.0087124,1.9895687,2.8955066,1.9239835,3.1901278,3.1234071,2.3552911,3.3449316,1.9647235,3.2109191,3.877254,274.7857,279.97003,274.43124,278.64526,277.39767,274.7857,279.97003,274.43124,278.64526,277.39767,274.7857,279.97003,274.43124,278.64526,277.39767,0.0,0.0,0.0,0.0,0.0,0.0,0.0,0.0,0.0,0.0,1.9925596,2.8985054,1.9269446,3.1928308,3.1262608,1.5542015494264694,1.823017357033153,1.6581356766712336,3.4248623204151376,3.8757705753854617,1.9925596,2.8985054,1.9269446,3.1928308,3.1262608,1.5542015494264694,1.823017357033153,1.6581356766712336,3.4248623204151376,3.8757705753854617
2012-10-15 03:00:00,0.0,0.0,0.0,0.0,0.0,0.0,0.0,0.0,0.0,0.0,0.0,0.0,0.0,0.0,0.0,1.1382241,2.1134634,1.0764314,0.9114355,0.9876706,1.9804691,2.9032025,1.9147946,2.7537456,3.0441217,2.336421,3.358388,1.9556026,2.7616959,3.8039782,274.73682,280.014,274.38156,277.34457,277.1844,274.73682,280.014,274.38156,277.34457,277.1844,274.73682,280.014,274.38156,277.34457,277.1844,0.0,0.0,0.0,0.0,0.0,0.0,0.0,0.0,0.0,0.0,1.98346,2.9062014,1.9177558,2.7564487,3.046975,1.547003009880568,1.828030520834584,1.6427474868756085,2.9838178466552625,3.802562513970216,1.98346,2.9062014,1.9177558,2.7564487,3.046975,1.547003009880568,1.828030520834584,1.6427474868756085,2.9838178466552625,3.802562513970216
2012-10-15 04:00:00,0.0,0.0,0.0,0.0,0.0,0.0,0.0,0.0,0.0,0.0,0.0,0.0,0.0,0.0,0.0,1.0625052,2.0562925,1.186552,0.95319,0.8241807,1.8996011,2.847527,2.0307956,2.9159465,2.428088,2.1687202,3.2610354,2.0707438,2.9286695,3.2346425,274.30234,279.69586,275.00876,277.82803,275.5272,274.30234,279.69586,275.00876,277.82803,275.5272,274.30234,279.69586,275.00876,277.82803,275.5272,0.0,0.0,0.0,0.0,0.0,0.0,0.0,0.0,0.0,0.0,1.902592,2.8505259,2.0337567,2.9186494,2.4309416,1.483029472105911,1.7917624898630917,1.8370092047378277,3.14775174199568,3.23375190314863,1.902592,2.8505259,2.0337567,2.9186494,2.4309416,1.483029472105911,1.7917624898630917,1.8370092047378277,3.14775174199568,3.23375190314863
2012-10-15 05:00:00,0.0,0.0,0.0,0.0,0.0,0.0,0.0,0.0,0.0,0.0,0.0,0.0,0.0,0.0,0.0,1.058777,2.195603,1.1744694,0.9524731,0.8811492,1.8956194,2.9831934,2.0180676,2.9131615,2.6427462,2.160463,3.4982584,2.0581102,2.9258027,3.4330287,274.28094,280.4711,274.93994,277.81973,276.10464,274.28094,280.4711,274.93994,277.81973,276.10464,274.28094,280.4711,274.93994,277.81973,276.10464,0.0,0.0,0.0,0.0,0.0,0.0,0.0,0.0,0.0,0.0,1.8986102,2.9861925,2.0210288,2.9158647,2.6455998,1.4798795493707815,1.8801382012078227,1.815694482385779,3.1449370708978015,3.4319552137938256,1.8986102,2.9861925,2.0210288,2.9158647,2.6455998,1.4798795493707815,1.8801382012078227,1.815694482385779,3.1449370708978015,3.4319552137938256
2012-10-15 06:00:00,-0.030888308,-0.2111725,-0.07082434,-0.08251477,-0.019676533,-0.046537913,-0.3182776,-0.10648996,-0.2973629,-0.059435107,-0.03407337,-0.20546567,-0.06374168,-0.13863318,-0.03492242,1.1116531,2.198043,1.0978158,0.9583375,0.8950947,1.9520913,2.98557,1.9373208,2.9359424,2.6952934,2.2775722,3.5024137,1.977962,2.949254,3.4815927,274.58435,280.48468,274.50336,277.88763,276.246,274.58435,280.48468,274.50336,277.88763,276.246,274.58435,280.48468,274.50336,277.88763,276.246,0.07088447,0.44363344,0.16403835,0.2756072,0.05576746,0.03944562120982551,0.26723273561630495,0.12031577918623881,0.1739901726384702,0.04927540795981127,1.955082,2.988569,1.9402821,2.9386456,2.6981468,1.5245536318710022,1.8816863329855027,1.6804712371669728,3.1679614944006698,3.480474278105661,1.8841976,2.5449357,1.7762437,2.6630385,2.6423795,1.4851080106611767,1.6144535973691978,1.560155457980734,2.9939713217621997,3.4311988701458493
2012-10-15 07:00:00,-0.2805767,-1.733052,-0.24357826,-0.35959488,-0.098200396,-0.4089298,-2.528397,-0.3566579,-1.3144354,-0.31077048,-0.31704512,-1.7298712,-0.22403616,-0.623773,-0.18126735,1.1582162,2.2247393,1.0285243,0.9658703,0.9288658,2.0018208,3.0115683,1.8643291,2.9652047,2.8225431,2.3806987,3.547873,1.9055114,2.9793773,3.5991964,274.85153,280.63324,274.1087,277.97485,276.58832,274.85153,280.63324,274.1087,277.97485,276.58832,274.85153,280.63324,274.1087,277.97485,276.58832,0.6302789,3.5727353,0.5601761,1.2172945,0.28863868,0.36168252049839916,2.226008644298425,0.4283709763191301,0.7553817124553759,0.2491793297599015,2.0048115,3.014567,1.8672905,2.9679077,2.8253968,1.5638939650322805,1.8986218509489774,1.558235321665113,3.197536237039409,3.5979696028867174,1.3745327,-0.5581683,1.3071144,1.7506133,2.536758,1.2022114445338814,-0.32738679334944765,1.129864345345983,2.442154524584033,3.348790273126816
2012-10-15 08:00:00,-0.3034537,-2.5371454,-0.4561125,-0.639967,-0.2780224,-0.42927378,-3.6395016,-0.6531047,-2.3803673,-0.9098515,-0.35081825,-2.567859,-0.42763257,-1.1445616,-0.5260894,1.0359554,2.2220795,1.0479153,0.9980915,0.95026875,1.8712457,3.008978,1.8847558,3.0903726,2.9031906,2.1099186,3.543344,1.9257867,3.108228,3.6737304,274.15,280.61844,274.21915,278.34793,276.80527,274.15,280.61844,274.21915,278.34793,276.80527,274.15,280.61844,274.21915,278.34793,276.80527,0.67893153,5.1859555,1.0350076,2.2079554,0.84112793,0.40521282771914796,3.2926162895564333,0.8075208081271805,1.3413815876758968,0.709281930597791,1.8742367,3.0119767,1.887717,3.0930755,2.9060438,1.460598067977858,1.896934561258697,1.5924428516837668,3.324041215611345,3.67243463487999,1.1953052,-2.1739786,0.8527094,0.88512003,2.064916,1.05538524025871,-1.3956817282977363,0.7849220435565862,1.9826596279354483,2.963152704282199
2012-10-15 09:00:00,-0.1459497,-2.262472,-0.3299895,-0.6404066,-0.1778181,-0.2037744,-3.2688956,-0.45928705,-2.3455987,-0.5327743,-0.17049974,-2.276271,-0.31738394,-1.1503634,-0.31273735,0.9304267,2.2785482,0.94772345,0.91557616,0.8799599,1.7585409,3.0639696,1.7792138,2.7698305,2.6382651,1.8761958,3.6395016,1.8210268,2.7782538,3.4288876,273.54446,280.93268,273.6485,277.39252,276.0926,273.54446,280.93268,273.6485,277.39252,276.0926,273.54446,280.93268,273.6485,277.39252,276.0926,0.32756257,4.6201997,0.74473876,2.1631684,0.5028585,0.19968336567875494,2.9017267596997676,0.612066809795865,1.335613062375791,0.44060624433568973,1.7615316,3.0669687,1.782175,2.7725337,2.6411188,1.3714386287333022,1.932757286909868,1.4156960697498604,3.0000746418566124,3.4278176856411537,1.433969,-1.5532311,1.0374362,0.6093651,2.1382604,1.1717552630545474,-0.9689694727898996,0.8036292599539954,1.6644615794808215,2.987211441305464
2012-10-15 10:00:00,-0.5457719,-3.5301726,-1.0072466,-0.44710863,-0.3601312,-0.7461477,-4.9684973,-1.3939177,-1.508051,-1.189328,-0.64867127,-3.6310883,-0.9739287,-0.7714361,-0.6854186,1.0677971,2.2563052,1.1158674,0.8105019,0.95247865,1.9052529,3.0423083,1.9563364,2.3616557,2.9115171,2.1804407,3.601625,1.9968367,2.3580682,3.681426,274.3327,280.8089,274.60617,276.1759,276.82767,274.3327,280.8089,274.60617,276.1759,276.82767,274.3327,280.8089,274.60617,276.1759,276.82767,1.1956697,7.124086,2.230885,1.4205256,1.0983269,0.7389720626819499,4.6134376822552365,1.783135731694294,0.9314568775999956,0.9193373557733502,1.9082437,3.0453074,1.9592975,2.3643591,2.9143705,1.4875004751322354,1.9186466745721824,1.7123157159270843,2.5875390610182656,3.680123104915587,0.71257406,-4.0787783,-0.2715875,0.9438335,1.8160437,0.7485284124502855,-2.694791007683054,-0.07082001576720964,1.65608218341827,2.7607857491422365
2012-10-15 11:00:00,-0.6686187,-2.3452382,-0.82216245,-0.4058841,-0.4033203,-0.9105475,-3.3716872,-1.1294998,-1.3445178,-1.3247415,-0.7972785,-2.3692508,-0.80044955,-0.6906359,-0.7631842,1.1058241,2.1618433,1.0506748,0.8012743,0.9381266,1.9458659,2.950317,1.8876626,2.3258104,2.8574388,2.2646623,3.440771,1.9286718,2.3211682,3.6314468,274.5509,280.28323,274.23486,276.06906,276.6822,274.5509,280.28323,274.23486,276.06906,276.6822,274.5509,280.28323,274.23486,276.06906,276.6822,1.4565498,4.823298,1.8249923,1.2751225,1.2246714,0.9018368169815087,3.0642296871098584,1.490082733667636,0.8467478351830097,1.0264007405100406,1.9488566,2.953316,1.8906238,2.3285134,2.860292,1.5196287883364776,1.8587217984586135,1.597310737276363,2.551310518688585,3.630189948703472,0.4923068,-1.8699821,0.06563156,1.053391,1.6356207,0.6177919713549689,-1.205507888651245,0.10722800360872697,1.7045626835055754,2.6037892081934313
2012-10-15 12:00:00,-0.36599505,-2.683249,-0.7365527,-0.55454266,-0.4312058,-0.49693346,-3.8203034,-1.0239029,-1.9624729,-1.4335079,-0.43752787,-2.7328975,-0.7092153,-0.9843943,-0.82390356,0.9892435,2.0954647,1.0557008,0.85025585,0.95231,1.8213574,2.8856745,1.8929569,2.5160856,2.910882,2.0064619,3.3277397,1.9339268,2.5170424,3.6808388,273.88196,279.91385,274.2635,276.6362,276.82596,273.88196,279.91385,274.2635,276.6362,276.82596,273.88196,279.91385,274.2635,276.6362,276.82596,0.80483454,5.5210915,1.6444378,1.8195779,1.3227898,0.5038519080347815,3.5582359880521395,1.323548449560571,1.1538823412471633,1.1009200111452797,1.8243482,2.8886735,1.8959181,2.5187888,2.9137354,1.4211319176459896,1.816612614105717,1.6061769055984125,2.7436187822289413,3.6795365186458415,1.0195136,-2.6324182,0.2514803,0.6992108,1.5909455,0.917280009611208,-1.7416233739464224,0.2826284560378416,1.589736440981778,2.578616507500562
2012-10-15 13:00:00,-0.16942297,-1.9308846,-0.43756026,-0.41663438,-0.40159884,-0.23286775,-2.7908955,-0.606348,-1.4417377,-1.3332855,-0.20047124,-1.9420377,-0.42255723,-0.718626,-0.7670309,0.92801213,2.0352778,0.9706509,0.8339093,0.95475477,1.755962,2.8270617,1.8033655,2.4525857,2.9200933,1.8708481,3.2252507,1.8449996,2.4516735,3.689352,273.5306,279.57892,273.77908,276.44693,276.85074,273.5306,279.57892,273.77908,276.44693,276.85074,273.5306,279.57892,273.77908,276.44693,276.85074,0.37719125,4.0245905,0.9831008,1.3442509,1.2304803,0.23393270094836066,2.558509063023925,0.8080516961787119,0.8699024371726388,1.0257286122510703,1.7589529,2.8300607,1.8063267,2.4552886,2.922947,1.3693985931815922,1.7784311618359685,1.4561420550910649,2.679440141975105,3.688042019557156,1.3817616,-1.1945297,0.823226,1.1110377,1.6924666,1.1354658922332315,-0.7800779011879566,0.648090358912353,1.8095377048024663,2.662313407306086
2012-10-15 14:00:00,-0.007594485,-0.92445564,-0.27172843,-0.23008335,-0.45720077,-0.010634156,-1.3674403,-0.3841223,-0.72309995,-1.5362964,-0.008851331,-0.91265464,-0.2576767,-0.36773616,-0.8812106,0.8653607,1.9813317,0.9492772,0.7834465,0.96751404,1.6890502,2.7745266,1.7808505,2.2565563,2.9681711,1.732089,3.1333892,1.8226514,2.2498758,3.7337852,273.1711,279.27872,273.65735,275.86264,276.98007,273.1711,279.27872,273.65735,275.86264,276.98007,273.1711,279.27872,273.65735,275.86264,276.98007,0.017172737,1.9588438,0.6181938,0.69969004,1.4159019,0.010482720755166838,1.2176575615624456,0.4992042224466294,0.4847570931144429,1.1702697159395068,1.6920409,2.7775254,1.7838118,2.2592592,2.9710245,1.3164655121262112,1.744208752179703,1.418437209209769,2.481316271239867,3.732434030471137,1.6748681,0.81868166,1.165618,1.5595691,1.5551225,1.3059827913710444,0.5265511906172573,0.9192329867631397,1.9965591781254242,2.56216431453163
2012-10-15 15:00:00,0.0,-1.9662533,0.0,-0.15512957,-0.13403803,0.0,-2.8278828,0.0,-0.5074718,-0.39612007,0.0,-1.9857725,0.0,-0.2487348,-0.23310879,0.8169787,1.9200861,0.78754705,0.8040497,0.8752722,1.637378,2.7148829,1.6104841,2.336592,2.620602,1.6249337,3.0290983,1.6535479,2.3322668,3.4125633,272.8935,278.9379,272.7362,276.1012,276.04507,272.8935,278.9379,272.7362,276.1012,276.04507,272.8935,278.9379,272.7362,276.1012,276.04507,0.0,4.127727,0.0,0.4814852,0.37512884,0.0,2.6550432651272837,0.0,0.32742882553951713,0.3310174316943268,1.6403687,2.717882,1.6134454,2.3392947,2.6234555,1.275588412095583,1.7053558629816572,1.1331318524584442,2.562207021137358,3.411508492391256,1.6403687,-1.4098452,1.6134454,1.8578095,2.2483268,1.275588412095583,-0.9496874021456265,1.1331318524584442,2.234778195597841,3.0804910606969296
2012-10-15 16:00:00,0.0,-0.27251744,0.0,-0.026543967,-0.0050856494,0.0,-0.4091159,0.0,-0.08276861,-0.0066613765,0.0,-0.26595625,0.0,-0.040227577,-0.0045245993,0.67116797,1.7330047,0.71621406,0.7854285,0.75294757,1.4816517,2.5326946,1.535342,2.2642555,2.1596804,1.3019952,2.710529,1.5789626,2.2578018,2.9865813,272.05682,277.89682,272.32993,275.8856,274.80515,272.05682,277.89682,272.32993,275.8856,274.80515,272.05682,277.89682,272.32993,275.8856,274.80515,0.0,0.59429866,0.0,0.080013774,0.009361747,0.0,0.36862339362056623,0.0,0.056591897224323034,0.009361746472363807,1.4846423,2.5356934,1.5383034,2.2669587,2.1625338,1.1523954282064213,1.5866750372203633,1.0072946468385666,2.4890980089810615,2.985919204181008,1.4846423,1.9413949,1.5383034,2.186945,2.153172,1.1523954282064213,1.218051643599797,1.0072946468385666,2.4325061117567386,2.9765574577086444
2012-10-15 17:00:00,0.0,0.0,0.0,0.0,0.0,0.0,0.0,0.0,0.0,0.0,0.0,0.0,0.0,0.0,0.0,0.6186748,1.5601268,0.6599,0.76375526,0.7340706,1.4255886,2.3643384,1.4760208,2.180063,2.0885513,1.1857345,2.4161458,1.5200812,2.1711316,2.9208438,271.7556,276.93478,272.0092,275.63464,274.6138,271.7556,276.93478,272.0092,275.63464,274.6138,271.7556,276.93478,272.0092,275.63464,274.6138,0.0,0.0,0.0,0.0,0.0,0.0,0.0,0.0,0.0,0.0,1.4285794,2.3673372,1.4789821,2.1827662,2.0914044,1.1080448755734322,1.4770046862999484,0.9079519719294615,2.4040059485477667,2.9202424914791068,1.4285794,2.3673372,1.4789821,2.1827662,2.0914044,1.1080448755734322,1.4770046862999484,0.9079519719294615,2.4040059485477667,2.9202424914791068
2012-10-15 18:00:00,0.0,0.0,0.0,0.0,0.0,0.0,0.0,0.0,0.0,0.0,0.0,0.0,0.0,0.0,0.0,0.44270837,1.4827089,0.6197782,0.7044313,0.7051768,1.237656,2.2889452,1.4337566,1.9496113,1.9796792,0.796008,2.2843158,1.4781301,1.9338983,2.8202248,270.7459,276.50397,271.78067,274.94775,274.32092,270.7459,276.50397,271.78067,274.94775,274.32092,270.7459,276.50397,271.78067,274.94775,274.32092,0.0,0.0,0.0,0.0,0.0,0.0,0.0,0.0,0.0,0.0,1.2406466,2.2919443,1.4367179,1.9523143,1.9825326,0.9593739146397874,1.4278923799954346,0.8371738606336121,2.171091915198308,2.8197162695014124,1.2406466,2.2919443,1.4367179,1.9523143,1.9825326,0.9593739146397874,1.4278923799954346,0.8371738606336121,2.171091915198308,2.8197162695014124
2012-10-15 19:00:00,0.0,0.0,0.0,0.0,0.0,0.0,0.0,0.0,0.0,0.0,0.0,0.0,0.0,0.0,0.0,0.5085136,1.3766483,0.6097424,0.77216053,0.63295627,1.3079362,2.1856587,1.423185,2.2127144,1.7075504,0.94175196,2.1037116,1.467637,2.2047439,2.5687244,271.1235,275.91376,271.7235,275.73196,273.58887,271.1235,275.91376,271.7235,275.73196,273.58887,271.1235,275.91376,271.7235,275.73196,273.58887,0.0,0.0,0.0,0.0,0.0,0.0,0.0,0.0,0.0,0.0,1.3109269,2.1886575,1.4261461,2.2154171,1.7104038,1.0149716236294504,1.360609529253117,0.8194698806046156,2.437005897559292,2.568447850953851,1.3109269,2.1886575,1.4261461,2.2154171,1.7104038,1.0149716236294504,1.360609529253117,0.8194698806046156,2.437005897559292,2.568447850953851
2012-10-15 20:00:00,0.0,0.0,0.0,0.0,0.0,0.0,0.0,0.0,0.0,0.0,0.0,0.0,0.0,0.0,0.0,0.5146192,1.3024113,0.600655,0.7425037,0.61231786,1.3144568,2.1133633,1.4136122,2.097509,1.629785,0.95527446,1.977298,1.4581351,2.0861483,2.4968538,271.15854,275.50064,271.67175,275.38858,273.37967,271.15854,275.50064,271.67175,275.38858,273.37967,271.15854,275.50064,271.67175,275.38858,273.37967,0.0,0.0,0.0,0.0,0.0,0.0,0.0,0.0,0.0,0.0,1.3174477,2.116362,1.4165735,2.1002119,1.6326382,1.020130127623642,1.3135150126813095,0.8034389408666668,2.3205695769955765,2.496643406684069,1.3174477,2.116362,1.4165735,2.1002119,1.6326382,1.020130127623642,1.3135150126813095,0.8034389408666668,2.3205695769955765,2.496643406684069
2012-10-15 21:00:00,0.0,0.0,0.0,0.0,0.0,0.0,0.0,0.0,0.0,0.0,0.0,0.0,0.0,0.0,0.0,0.48903745,1.2941908,0.5980563,0.7488426,0.5708575,1.2871354,2.1053576,1.4108748,2.1221328,1.4735615,0.8986165,1.9632998,1.455418,2.1114967,2.3524728,271.01175,275.4549,271.65695,275.46198,272.9594,271.01175,275.4549,271.65695,275.46198,272.9594,271.01175,275.4549,271.65695,275.46198,272.9594,0.0,0.0,0.0,0.0,0.0,0.0,0.0,0.0,0.0,0.0,1.2901262,2.1083567,1.4138361,2.1248357,1.4764148,0.9985165351044243,1.3083000699066076,0.7988546214250952,2.3454566504896874,2.352395558100674,1.2901262,2.1083567,1.4138361,2.1248357,1.4764148,0.9985165351044243,1.3083000699066076,0.7988546214250952,2.3454566504896874,2.352395558100674
2012-10-15 22:00:00,0.0,0.0,0.0,0.0,0.0,0.0,0.0,0.0,0.0,0.0,0.0,0.0,0.0,0.0,0.0,0.17852478,1.3186165,0.5250838,0.756573,0.5708876,0.95550674,2.1291447,1.3340057,2.1521626,1.4736749,0.21089968,2.0048928,1.3791186,2.1424103,2.3525777,269.23,275.59082,271.24133,275.55148,272.95972,269.23,275.59082,271.24133,275.55148,272.95972,269.23,275.59082,271.24133,275.55148,272.95972,0.0,0.0,0.0,0.0,0.0,0.0,0.0,0.0,0.0,0.0,0.9612915,2.1321435,1.3369669,2.1548657,1.4765283,0.7389637401915701,1.323795303474668,0.6701250410647622,2.3758074972914454,2.352500305648843,0.9612915,2.1321435,1.3369669,2.1548657,1.4765283,0.7389637401915701,1.323795303474668,0.6701250410647622,2.3758074972914454,2.352500305648843
2012-10-15 23:00:00,0.0,0.0,0.0,0.0,0.0,0.0,0.0,0.0,0.0,0.0,0.0,0.0,0.0,0.0,0.0,0.0,1.3457514,0.63488823,0.7851466,0.57665914,0.7216672,2.1555698,1.4496734,2.26316,1.4954221,0.0,2.0510993,1.4939289,2.2566738,2.3726761,267.97366,275.74182,271.86673,275.88232,273.01822,267.97366,275.74182,271.86673,275.88232,273.01822,267.97366,275.74182,271.86673,275.88232,273.01822,0.0,0.0,0.0,0.0,0.0,0.0,0.0,0.0,0.0,0.0,0.75388235,2.1585686,1.4526347,2.2658632,1.4982754,0.5804069582457358,1.3410091372633435,0.8638290788299656,2.4879907670418224,2.372580410632822,0.75388235,2.1585686,1.4526347,2.2658632,1.4982754,0.5804069582457358,1.3410091372633435,0.8638290788299656,2.4879907670418224,2.372580410632822
2012-11-11 00:00:00,0.0,0.0,0.0,0.0,0.0,0.0,0.0,0.0,0.0,0.0,0.0,0.0,0.0,0.0,0.0,1.1861273,1.5507545,1.244795,0.9564425,0.7935107,2.03163,2.3552113,2.0921485,2.928581,2.312523,2.4425163,2.4001865,2.131642,2.941676,3.127838,275.0117,276.88263,275.34048,277.8657,275.2163,275.0117,276.88263,275.34048,277.8657,275.2163,275.0117,276.88263,275.34048,277.8657,275.2163,0.0,0.0,0.0,0.0,0.0,0.0,0.0,0.0,0.0,0.0,2.034621,2.35821,2.0951097,2.931284,2.3153765,1.5874756975771567,1.4710591644840942,1.9397546734592332,3.1605212424912033,3.1270455758289697,2.034621,2.35821,2.0951097,2.931284,2.3153765,1.5874756975771567,1.4710591644840942,1.9397546734592332,3.1605212424912033,3.1270455758289697
2012-11-11 01:00:00,0.0,0.0,0.0,0.0,0.0,0.0,0.0,0.0,0.0,0.0,0.0,0.0,0.0,0.0,0.0,1.3656412,1.4903044,1.2022566,0.861874,0.79050606,2.2233515,2.2963421,2.0473387,2.5612178,2.3012013,2.8400996,2.2972496,2.0871644,2.5635023,3.1173744,276.04175,276.54623,275.0982,276.77072,275.18585,276.04175,276.54623,275.0982,276.77072,275.18585,276.04175,276.54623,275.0982,276.77072,275.18585,0.0,0.0,0.0,0.0,0.0,0.0,0.0,0.0,0.0,0.0,2.2263424,2.299341,2.0503001,2.5639207,2.3040547,1.7391438032530713,1.4327107227192253,1.864713617692974,2.7892330109033865,3.1165917705217128,2.2263424,2.299341,2.0503001,2.5639207,2.3040547,1.7391438032530713,1.4327107227192253,1.864713617692974,2.7892330109033865,3.1165917705217128
2012-11-11 02:00:00,0.0,0.0,0.0,0.0,0.0,0.0,0.0,0.0,0.0,0.0,0.0,0.0,0.0,0.0,0.0,1.4333291,1.701647,1.1307094,0.8420774,0.78729063,2.2956426,2.5021572,1.9719709,2.4843152,2.2890854,2.9900134,2.657132,2.0123553,2.4843369,3.106177,276.43015,277.72232,274.6907,276.5415,275.15326,276.43015,277.72232,274.6907,276.5415,275.15326,276.43015,277.72232,274.6907,276.5415,275.15326,0.0,0.0,0.0,0.0,0.0,0.0,0.0,0.0,0.0,0.0,2.2986333,2.505156,1.9749322,2.487018,2.291939,1.7963322007566225,1.566782413614129,1.7384983238717293,2.7115087659910095,3.105404732377275,2.2986333,2.505156,1.9749322,2.487018,2.291939,1.7963322007566225,1.566782413614129,1.7384983238717293,2.7115087659910095,3.105404732377275
2012-11-11 03:00:00,0.0,0.0,0.0,0.0,0.0,0.0,0.0,0.0,0.0,0.0,0.0,0.0,0.0,0.0,0.0,1.3950841,1.6280243,1.1950877,0.83993983,0.8809715,2.2547967,2.43046,2.0397868,2.4760118,2.6420772,2.9053092,2.5317643,2.0796685,2.475789,3.4324105,276.2107,277.31262,275.05737,276.51675,276.10284,276.2107,277.31262,275.05737,276.51675,276.10284,276.2107,277.31262,275.05737,276.51675,276.10284,0.0,0.0,0.0,0.0,0.0,0.0,0.0,0.0,0.0,0.0,2.2577875,2.4334588,2.042748,2.4787147,2.6449304,1.7640196552668734,1.520077539197603,1.8520665673572574,2.703116492974908,3.4313372032596288,2.2577875,2.4334588,2.042748,2.4787147,2.6449304,1.7640196552668734,1.520077539197603,1.8520665673572574,2.703116492974908,3.4313372032596288
2012-11-11 04:00:00,0.0,0.0,0.0,0.0,0.0,0.0,0.0,0.0,0.0,0.0,0.0,0.0,0.0,0.0,0.0,1.3860373,1.7336737,1.1742442,0.85045093,0.8877938,2.2451348,2.5333462,2.0178304,2.5168436,2.6677833,2.8852727,2.711668,2.057875,2.5178223,3.4561682,276.15878,277.90054,274.93866,276.63846,276.172,276.15878,277.90054,274.93866,276.63846,276.172,276.15878,277.90054,274.93866,276.63846,276.172,0.0,0.0,0.0,0.0,0.0,0.0,0.0,0.0,0.0,0.0,2.2481256,2.536345,2.0207918,2.5195465,2.670637,1.7563762621535286,1.5870994688537947,1.815297489774344,2.744384538336452,3.4550729976747023,2.2481256,2.536345,2.0207918,2.5195465,2.670637,1.7563762621535286,1.5870994688537947,1.815297489774344,2.744384538336452,3.4550729976747023
2012-11-11 05:00:00,0.0,0.0,0.0,0.0,0.0,0.0,0.0,0.0,0.0,0.0,0.0,0.0,0.0,0.0,0.0,1.0877147,1.8279328,1.1561713,0.8170937,0.9019983,1.9265249,2.62514,1.9987924,2.3872633,2.721306,2.2245538,2.8721762,2.0389779,2.384429,3.5056336,274.447,278.42508,274.83572,276.25223,276.31598,274.447,278.42508,274.83572,276.25223,276.31598,274.447,278.42508,274.83572,276.25223,276.31598,0.0,0.0,0.0,0.0,0.0,0.0,0.0,0.0,0.0,0.0,1.9295157,2.6281388,2.0017538,2.389966,2.7241595,1.5043285216986533,1.646895623898208,1.7834152021940957,2.6134195478410396,3.50449289090079,1.9295157,2.6281388,2.0017538,2.389966,2.7241595,1.5043285216986533,1.646895623898208,1.7834152021940957,2.6134195478410396,3.50449289090079
2012-11-11 06:00:00,0.0,0.0,0.0,0.0,0.0,0.0,0.0,0.0,0.0,0.0,0.0,0.0,0.0,0.0,0.0,1.102149,1.8904616,1.1018664,0.7678117,0.91237915,1.9419409,2.6860332,1.9415878,2.1958203,2.7604213,2.2565227,2.9786522,1.9821974,2.1873527,3.5417838,274.52982,278.77304,274.52643,275.6816,276.4212,274.52982,278.77304,274.52643,275.6816,276.4212,274.52982,278.77304,274.52643,275.6816,276.4212,0.0,0.0,0.0,0.0,0.0,0.0,0.0,0.0,0.0,0.0,1.9449316,2.689032,1.9445491,2.1985233,2.763275,1.5165238003051307,1.6865625868849663,1.6876171041728036,2.419931605972896,3.540609845509427,1.9449316,2.689032,1.9445491,2.1985233,2.763275,1.5165238003051307,1.6865625868849663,1.6876171041728036,2.419931605972896,3.540609845509427
2012-11-11 07:00:00,-0.22747101,-0.10143441,-0.18029365,-0.0122360345,-0.021359619,-0.3333945,-0.15299094,-0.26825976,-0.018283505,-0.05470307,-0.25596938,-0.0986392,-0.16364333,-0.01198464,-0.032741413,1.18926,1.6953899,1.1140187,0.71258605,0.8690341,2.0349758,2.4960637,1.9543891,1.9812899,2.5970967,2.4494538,2.6464767,1.9949038,1.9665093,3.3908398,275.02966,277.6875,274.59564,275.04218,275.98184,275.02966,277.6875,274.59564,275.04218,275.98184,275.02966,277.6875,274.59564,275.04218,275.98184,0.5129279,0.22289817,0.41348198,0.027721623,0.054067563,0.29206335418780094,0.13786728582977084,0.30561232079758904,0.027721622554977895,0.04933726195779267,2.0379665,2.4990625,1.9573503,1.9839927,2.59995,1.5901223516299257,1.562812934157201,1.7090547051902965,2.2031087989366775,3.3898048004106593,1.5250386,2.2761643,1.5438683,1.956271,2.5458825,1.2980589974421246,1.42494564832743,1.4034423843927075,2.1753871763816996,3.3404675384528666
2012-11-11 08:00:00,-0.54293334,-0.30779848,-0.25131628,-0.020741967,-0.012447944,-0.7550786,-0.46153343,-0.36831725,-0.030008202,-0.016395064,-0.63626885,-0.3006621,-0.23098002,-0.020845896,-0.011170321,1.1520042,1.9107963,1.0469401,0.6267101,0.76330733,1.9951863,2.705836,1.8837286,1.6476936,2.1987164,2.3669407,3.013279,1.9247669,1.6230965,3.0226583,274.8159,278.8862,274.2136,274.04785,274.91016,274.8159,278.8862,274.2136,274.04785,274.91016,274.8159,278.8862,274.2136,274.04785,274.91016,1.1953787,0.6620121,0.5755004,0.04697666,0.023211407,0.7211302183154086,0.4070955413660694,0.438030017154725,0.046976660599985495,0.023211406878279016,1.9981772,2.708835,1.8866898,1.6503966,2.2015698,1.5586455916305249,1.6994625253830282,1.590722550367548,1.8659484544106393,3.0219628355059274,0.80279857,2.0468228,1.3111893,1.6034199,2.1783583,0.8375153733151163,1.292366984016959,1.1526925332128228,1.8189717938106538,2.9987514286276484
2012-11-11 09:00:00,-0.6421106,-0.95505244,-0.5577517,-0.020319868,-0.07785009,-0.8727964,-1.4062457,-0.80633354,-0.028636621,-0.19252005,-0.76689184,-0.9462851,-0.5185945,-0.020877032,-0.116639055,1.1281668,2.0090861,1.1552658,0.5963444,0.85489887,1.9697281,2.8015552,1.9978387,1.529734,2.543835,2.3141465,3.1806507,2.038031,1.5016657,3.3416152,274.6791,279.43317,274.83057,273.69626,275.83856,274.6791,279.43317,274.83057,273.69626,275.83856,274.6791,279.43317,274.83057,273.69626,275.83856,1.3997811,2.018228,1.2555032,0.045660432,0.19356954,0.8672457455950748,1.2589444548910225,0.949035142440191,0.0456604332316713,0.17657590709619253,1.9727188,2.8045542,2.0008,1.532437,2.5466883,1.538505857395362,1.761815707071475,1.7818177795433212,1.7467285069155658,3.34062582654536,0.57293767,0.78632617,0.74529666,1.4867765,2.3531187,0.6712601118002872,0.5028712521804526,0.8327826371031302,1.7010680736838946,3.1640499194491674
2012-11-11 10:00:00,-0.8963541,-2.793352,-0.28328338,-0.020774918,-0.14732492,-1.1752244,-3.9561145,-0.40788686,-0.029208096,-0.40652567,-1.1048346,-2.857829,-0.26431575,-0.021388592,-0.24192512,1.1357776,2.3058534,0.99455357,0.5957856,0.9007789,1.9778563,3.0905604,1.8285446,1.5275635,2.7167118,2.3310027,3.685997,1.869992,1.4994313,3.5013876,274.72278,281.08463,273.91522,273.6898,276.30362,274.72278,281.08463,273.91522,273.6898,276.30362,274.72278,281.08463,273.91522,273.6898,276.30362,1.9151025,5.6438427,0.6459666,0.046629485,0.39214835,1.2353093832101507,3.619944736413918,0.5064657678358866,0.04662948628446397,0.3456635032075943,1.9808471,3.0935595,1.8315058,1.5302663,2.7195652,1.5449360135065886,1.9500789680808088,1.4983083417484881,1.7445347191481018,3.500250615199949,0.06574462,-2.5502832,1.1855392,1.4836369,2.3274167,0.3096266302964379,-1.6698657683331093,0.9918425739126016,1.6979052328636377,3.1545871119923548
2012-11-11 11:00:00,-0.72451043,-2.5646002,-0.8430806,-0.01556223,-0.24852635,-0.9763239,-3.660127,-1.1902493,-0.021388493,-0.7559595,-0.8717006,-2.6067843,-0.8004182,-0.016346589,-0.4417167,1.1393197,2.3851686,1.151515,0.5754487,0.9982865,1.9816391,3.1678014,1.9938875,1.4485618,3.0841217,2.3388474,3.8210583,2.0341096,1.418105,3.8409467,274.7431,281.526,274.8092,273.4543,277.292,274.7431,281.526,274.8092,273.4543,277.292,274.7431,281.526,274.8092,273.4543,277.292,1.570486,5.1687527,1.8751053,0.034648597,0.7105624,0.9817199186180376,3.273727798140051,1.455580772256386,0.03464859866393382,0.5967523643891497,1.9846301,3.1708002,1.9968488,1.4512649,3.0869753,1.5479286647784802,2.000394990329317,1.7752012360194036,1.6646891228568084,3.8394964994545715,0.41414407,-1.9979527,0.121743634,1.4166162,2.3764129,0.5662087461604426,-1.2733328078107342,0.31962046376301756,1.6300405241928746,3.242744135065422
2012-11-11 12:00:00,-1.0779452,-2.2777677,-1.0321987,-0.012251425,-0.23771709,-1.3982123,-3.2726696,-1.455678,-0.016933933,-0.7233242,-1.3417655,-2.302267,-0.9813068,-0.012803527,-0.42263356,1.1682363,2.395654,1.2132355,0.57117885,1.0013965,2.0125222,3.1780124,2.058904,1.4319752,3.0958405,2.402891,3.838913,2.0986438,1.4010303,3.851777,274.90903,281.58435,275.16074,273.40488,277.32352,274.90903,281.58435,275.16074,273.40488,277.32352,274.90903,281.58435,275.16074,273.40488,277.32352,2.2827268,4.602797,2.281246,0.02738183,0.67981464,1.4877782420253052,2.891938289363029,1.7526169006806294,0.027381829822966598,0.5710183224084895,2.015513,3.1810114,2.061865,1.4346782,3.098694,1.572359663224839,2.007046738551618,1.884081185807984,1.6479252729356195,3.8503169211804185,-0.26721394,-1.4217858,-0.21938087,1.4072963,2.4188793,0.08458142119953393,-0.8848915508114112,0.13146428512735464,1.6205434431126529,3.2792985987719288
2012-11-11 13:00:00,-1.037418,-2.761195,-0.73714024,-0.012363415,-0.19919658,-1.3547379,-3.9296682,-1.0515374,-0.017146356,-0.6028831,-1.2833673,-2.8132613,-0.6934043,-0.012881877,-0.35264176,1.171342,2.440239,1.1611758,0.57227796,0.99892765,2.0158393,3.2214313,2.004064,1.4362447,3.086538,2.40977,3.914834,2.0442107,1.4054254,3.8431797,274.92685,281.83246,274.86423,273.4176,277.2985,274.92685,281.83246,274.86423,273.4176,277.2985,274.92685,281.83246,274.86423,273.4176,277.2985,2.2043355,5.531937,1.6469244,0.027675547,0.566971,1.4252025536768511,3.5053850910324087,1.261611006506839,0.027675547619551485,0.4786128887918128,2.01883,3.2244303,2.0070255,1.4389477,3.0893917,1.574983849925717,2.0353305842876597,1.7922435616960084,1.6522404120819996,3.8417276222305685,-0.18550539,-2.307507,0.36010113,1.4112722,2.5224206,0.14978129624886583,-1.470054506744749,0.5306325551891693,1.6245648644624482,3.363114733438756
2012-11-11 14:00:00,-1.050774,-1.1831851,-0.821767,-0.009163074,-0.300269,-1.4237632,-1.744301,-1.2025509,-0.013108975,-0.9370304,-1.2690306,-1.1711777,-0.7691406,-0.00929489,-0.5448532,1.2633833,2.4623613,1.3233882,0.57611287,1.050251,2.1141398,3.2429752,2.1749387,1.451142,3.279926,2.6136208,3.952505,2.2138186,1.420761,4.0219073,275.455,281.95557,275.78812,273.462,277.81873,275.455,281.95557,275.78812,273.462,277.81873,275.455,281.95557,275.78812,273.462,277.81873,2.2544947,2.4097905,1.8293821,0.020833412,0.8786785,1.4058752003512176,1.4670143092428598,1.3410375091647426,0.020833412433934873,0.7220989942522007,2.1171305,3.245974,2.1778998,1.4538449,3.2827792,1.6527478482911182,2.049364659773415,2.0783996169004086,1.667296832844549,4.020290767594096,-0.13736424,0.8361837,0.34851778,1.4330115,2.4041007,0.2468726479399006,0.5823503505305554,0.737362107735666,1.646463420410614,3.2981917733418955
2012-11-11 15:00:00,-0.39812535,-0.5309401,-0.41674617,-0.0014717071,-0.061221473,-0.5664789,-0.79343325,-0.62661356,-0.0021732855,-0.18714549,-0.458181,-0.51998883,-0.38350746,-0.0014548425,-0.10948342,1.1562324,2.285184,1.3850497,0.5590653,1.0582806,1.9997021,3.0704315,2.2398925,1.3849183,3.3101811,2.3763053,3.6508007,2.278291,1.3525887,4.0498695,274.84015,280.9696,276.1393,273.26462,277.90012,274.84015,280.9696,276.1393,273.26462,277.90012,274.84015,280.9696,276.1393,273.26462,277.90012,0.88677883,1.1048024,0.9351067,0.0034125093,0.17586954,0.5218912239357901,0.668616545500358,0.6618180633832472,0.003412509304536749,0.14742503702993867,2.002693,3.0734308,2.242854,1.3876213,3.3130345,1.5622179005812062,1.9369668137660314,2.187175592433613,1.6003656098258758,4.048226938690741,1.115914,1.9686284,1.3077474,1.3842088,3.137165,1.040326676645416,1.2683502682656735,1.5253575290503658,1.596953100521339,3.900801901660802
2012-11-11 16:00:00,0.0,0.0,0.0,0.0,0.0,0.0,0.0,0.0,0.0,0.0,0.0,0.0,0.0,0.0,0.0,1.2169212,2.255203,1.2858974,0.5659549,1.0294472,2.064518,3.041235,2.1354458,1.4116821,3.2015362,2.5107179,3.5997484,2.1746185,1.3801401,3.9494603,275.1884,280.80276,275.5746,273.3444,277.60785,275.1884,280.80276,275.5746,273.3444,277.60785,275.1884,280.80276,275.5746,273.3444,277.60785,0.0,0.0,0.0,0.0,0.0,0.0,0.0,0.0,0.0,0.0,2.067509,3.0442338,2.138407,1.4143851,3.2043896,1.6134928910670256,1.917947406061365,2.0122625382763357,1.6274154269209302,3.947910211809384,2.067509,3.0442338,2.138407,1.4143851,3.2043896,1.6134928910670256,1.917947406061365,2.0122625382763357,1.6274154269209302,3.947910211809384
2012-11-11 17:00:00,0.0,0.0,0.0,0.0,0.0,0.0,0.0,0.0,0.0,0.0,0.0,0.0,0.0,0.0,0.0,1.3990624,2.3213894,1.4111065,0.572191,1.0177867,2.2590454,3.1056905,2.2673407,1.4359069,3.1575992,2.9141197,3.712453,2.3055358,1.4050776,3.908854,276.23352,281.17108,276.28772,273.4166,277.48965,276.23352,281.17108,276.28772,273.4166,277.48965,276.23352,281.17108,276.28772,273.4166,277.48965,0.0,0.0,0.0,0.0,0.0,0.0,0.0,0.0,0.0,0.0,2.2620363,3.1086893,2.270302,1.4386098,3.1604528,1.7673807711097789,1.959934827240736,2.2331416655147716,1.651898926250272,3.9073414864035687,2.2620363,3.1086893,2.270302,1.4386098,3.1604528,1.7673807711097789,1.959934827240736,2.2331416655147716,1.651898926250272,3.9073414864035687
2012-11-11 18:00:00,0.0,0.0,0.0,0.0,0.0,0.0,0.0,0.0,0.0,0.0,0.0,0.0,0.0,0.0,0.0,1.2063375,2.2634947,1.502827,0.6126146,1.0588799,2.0532146,3.0493097,2.3639593,1.5929372,3.3124387,2.487277,3.6138678,2.4014382,1.5667288,4.051956,275.12766,280.8489,276.81012,273.88464,277.9062,275.12766,280.8489,276.81012,273.88464,277.9062,275.12766,280.8489,276.81012,273.88464,277.9062,0.0,0.0,0.0,0.0,0.0,0.0,0.0,0.0,0.0,0.0,2.0562053,3.0523088,2.3669205,1.5956402,3.3152921,1.6045508850143764,1.923207575157662,2.394944511289658,1.8106070535597016,4.050311414899302,2.0562053,3.0523088,2.3669205,1.5956402,3.3152921,1.6045508850143764,1.923207575157662,2.394944511289658,1.8106070535597016,4.050311414899302
2012-11-11 19:00:00,0.0,0.0,0.0,0.0,0.0,0.0,0.0,0.0,0.0,0.0,0.0,0.0,0.0,0.0,0.0,1.2362006,2.1778839,1.4650363,0.64864427,1.0804845,2.0851085,2.965938,2.3241503,1.7328999,3.3938458,2.5534172,3.4680862,2.3619244,1.71081,4.127192,275.299,280.3725,276.59488,274.30182,278.12518,275.299,280.3725,276.59488,274.30182,278.12518,275.299,280.3725,276.59488,274.30182,278.12518,0.0,0.0,0.0,0.0,0.0,0.0,0.0,0.0,0.0,0.0,2.0880992,2.9689372,2.3271115,1.7356027,3.3966992,1.6297817211880576,1.8688977208175213,2.328278109183672,1.9520649723391177,4.125478255465307,2.0880992,2.9689372,2.3271115,1.7356027,3.3966992,1.6297817211880576,1.8688977208175213,2.328278109183672,1.9520649723391177,4.125478255465307
2012-11-11 20:00:00,0.0,0.0,0.0,0.0,0.0,0.0,0.0,0.0,0.0,0.0,0.0,0.0,0.0,0.0,0.0,0.9224331,2.2812576,1.5442028,0.61349475,1.0188978,1.7500036,3.0666082,2.4075444,1.596357,3.1617854,1.8584918,3.6441145,2.4447002,1.5702492,3.9127228,273.4986,280.94775,277.04578,273.89484,277.50092,273.4986,280.94775,277.04578,273.89484,277.50092,273.4986,280.94775,277.04578,273.89484,277.50092,0.0,0.0,0.0,0.0,0.0,0.0,0.0,0.0,0.0,0.0,1.7529944,3.069607,2.4105055,1.5990599,3.1646388,1.364684942754844,1.9344758871304835,2.4679344385635034,1.8140633040990086,3.9112066709310014,1.7529944,3.069607,2.4105055,1.5990599,3.1646388,1.364684942754844,1.9344758871304835,2.4679344385635034,1.8140633040990086,3.9112066709310014
2012-11-11 21:00:00,0.0,0.0,0.0,0.0,0.0,0.0,0.0,0.0,0.0,0.0,0.0,0.0,0.0,0.0,0.0,1.1092917,2.177637,1.4337019,0.6272873,1.0366879,1.9495692,2.9656978,2.2911425,1.6499358,3.2288194,2.2723422,3.4676657,2.3291614,1.6254047,3.9746757,274.5708,280.37112,276.4164,274.05453,277.68124,274.5708,280.37112,276.4164,274.05453,277.68124,274.5708,280.37112,276.4164,274.05453,277.68124,0.0,0.0,0.0,0.0,0.0,0.0,0.0,0.0,0.0,0.0,1.9525601,2.9686968,2.2941039,1.6526388,3.2316728,1.5225585310230745,1.8687411681658457,2.2730016141438583,1.8682146785666518,3.973101997144005,1.9525601,2.9686968,2.2941039,1.6526388,3.2316728,1.5225585310230745,1.8687411681658457,2.2730016141438583,1.8682146785666518,3.973101997144005
2012-11-11 22:00:00,0.0,0.0,0.0,0.0,0.0,0.0,0.0,0.0,0.0,0.0,0.0,0.0,0.0,0.0,0.0,0.97986174,2.1710014,1.5814418,0.6404631,1.0875356,1.8113376,2.9592357,2.4467719,1.701119,3.4204142,1.9856834,3.4563665,2.483637,1.6780939,4.1517467,273.82812,280.3342,277.25787,274.2071,278.19666,273.82812,280.3342,277.25787,274.2071,278.19666,273.82812,280.3342,277.25787,274.2071,278.19666,0.0,0.0,0.0,0.0,0.0,0.0,0.0,0.0,0.0,0.0,1.8143284,2.9622347,2.4497333,1.7038219,3.4232678,1.413205435898817,1.8645316413096822,2.5336272635509705,1.919944608045679,4.150010131246463,1.8143284,2.9622347,2.4497333,1.7038219,3.4232678,1.413205435898817,1.8645316413096822,2.5336272635509705,1.919944608045679,4.150010131246463
2012-11-11 23:00:00,0.0,0.0,0.0,0.0,0.0,0.0,0.0,0.0,0.0,0.0,0.0,0.0,0.0,0.0,0.0,0.8740617,2.1708808,1.606609,0.6736728,1.0667377,1.6983428,2.9591184,2.473283,1.8301262,3.3420475,1.7513598,3.456161,2.5099518,1.8108974,4.0793204,273.22104,280.33353,277.4012,274.5916,277.98584,273.22104,280.33353,277.4012,274.5916,277.98584,273.22104,280.33353,277.4012,274.5916,277.98584,0.0,0.0,0.0,0.0,0.0,0.0,0.0,0.0,0.0,0.0,1.7013335,2.9621172,2.4762442,1.8328291,3.3449008,1.323816829664972,1.864455104457752,2.578024270596457,2.050330107432705,4.077650524971386,1.7013335,2.9621172,2.4762442,1.8328291,3.3449008,1.323816829664972,1.864455104457752,2.578024270596457,2.050330107432705,4.077650524971386
2012-12-07 00:00:00,0.0,0.0,0.0,0.0,0.0,0.0,0.0,0.0,0.0,0.0,0.0,0.0,0.0,0.0,0.0,0.0,0.0,0.0,0.0,0.0,0.0,0.44408607,0.0,0.0,0.0,0.0,0.0,0.0,0.0,0.0,256.77097,265.9619,261.61337,257.9619,264.44687,256.77097,265.9619,261.61337,257.9619,264.44687,256.77097,265.9619,261.61337,257.9619,264.44687,0.0,0.0,0.0,0.0,0.0,0.0,0.0,0.0,0.0,0.0,0.0,0.44708496,0.0,0.0,0.054765135,0.0,0.22611768888231676,0.0,0.0,0.05476513339863587,0.0,0.44708496,0.0,0.0,0.054765135,0.0,0.22611768888231676,0.0,0.0,0.05476513339863587
2012-12-07 01:00:00,0.0,0.0,0.0,0.0,0.0,0.0,0.0,0.0,0.0,0.0,0.0,0.0,0.0,0.0,0.0,0.0,0.0,0.0,0.0,0.0,0.0,0.557616,0.0,0.0,0.0,0.0,0.0,0.0,0.0,0.0,256.4946,266.61066,260.35837,256.82712,264.14908,256.4946,266.61066,260.35837,256.82712,264.14908,256.4946,266.61066,260.35837,256.82712,264.14908,0.0,0.0,0.0,0.0,0.0,0.0,0.0,0.0,0.0,0.0,0.0,0.56061494,0.0,0.0,0.049635503,0.0,0.300073161533826,0.0,0.0,0.0496355042044244,0.0,0.56061494,0.0,0.0,0.049635503,0.0,0.300073161533826,0.0,0.0,0.0496355042044244
2012-12-07 02:00:00,0.0,0.0,0.0,0.0,0.0,0.0,0.0,0.0,0.0,0.0,0.0,0.0,0.0,0.0,0.0,0.0,0.0,0.0,0.0,0.0,0.0,0.72179604,0.0,0.0,0.0,0.0,0.0,0.0,0.0,0.0,255.87263,267.54883,256.4583,256.60678,263.97626,255.87263,267.54883,256.4583,256.60678,263.97626,255.87263,267.54883,256.4583,256.60678,263.97626,0.0,0.0,0.0,0.0,0.0,0.0,0.0,0.0,0.0,0.0,0.0,0.7247949,0.0,0.0,0.046658553,0.0,0.407022975262902,0.0,0.0,0.04665855297191573,0.0,0.7247949,0.0,0.0,0.046658553,0.0,0.407022975262902,0.0,0.0,0.04665855297191573
2012-12-07 03:00:00,0.0,0.0,0.0,0.0,0.0,0.0,0.0,0.0,0.0,0.0,0.0,0.0,0.0,0.0,0.0,0.0,0.0,0.0,0.0,0.0,0.0,0.6680858,0.0,0.0,0.0,0.0,0.0,0.0,0.0,0.0,254.77298,267.2419,257.6854,257.12692,264.61377,254.77298,267.2419,257.6854,257.12692,264.61377,254.77298,267.2419,257.6854,257.12692,264.61377,0.0,0.0,0.0,0.0,0.0,0.0,0.0,0.0,0.0,0.0,0.0,0.67108476,0.0,0.0,0.0576401,0.0,0.3720351970873338,0.0,0.0,0.05764010184126167,0.0,0.67108476,0.0,0.0,0.0576401,0.0,0.3720351970873338,0.0,0.0,0.05764010184126167
2012-12-07 04:00:00,0.0,0.0,0.0,0.0,0.0,0.0,0.0,0.0,0.0,0.0,0.0,0.0,0.0,0.0,0.0,0.0,0.0,0.0,0.0,0.0,0.0,0.6319355,0.0,0.0,0.0,0.0,0.0,0.0,0.0,0.0,256.58194,267.03534,260.8016,257.252,264.25522,256.58194,267.03534,260.8016,257.252,264.25522,256.58194,267.03534,260.8016,257.252,264.25522,0.0,0.0,0.0,0.0,0.0,0.0,0.0,0.0,0.0,0.0,0.0,0.63493437,0.0,0.0,0.051463835,0.0,0.34848619932752267,0.0,0.0,0.051463834839540964,0.0,0.63493437,0.0,0.0,0.051463835,0.0,0.34848619932752267,0.0,0.0,0.051463834839540964
2012-12-07 05:00:00,0.0,0.0,0.0,0.0,0.0,0.0,0.0,0.0,0.0,0.0,0.0,0.0,0.0,0.0,0.0,0.0,0.0,0.0,0.0,0.0,0.0,0.539127,0.0,0.0,0.0,0.0,0.0,0.0,0.0,0.0,256.62225,266.505,256.58096,255.05142,264.22736,256.62225,266.505,256.58096,255.05142,264.22736,256.62225,266.505,256.58096,255.05142,264.22736,0.0,0.0,0.0,0.0,0.0,0.0,0.0,0.0,0.0,0.0,0.0,0.5421259,0.0,0.0,0.050983883,0.0,0.28802904419825703,0.0,0.0,0.05098388490571077,0.0,0.5421259,0.0,0.0,0.050983883,0.0,0.28802904419825703,0.0,0.0,0.05098388490571077
2012-12-07 06:00:00,0.0,0.0,0.0,0.0,0.0,0.0,0.0,0.0,0.0,0.0,0.0,0.0,0.0,0.0,0.0,0.0,0.0,0.0,0.0,0.0,0.0,0.62384456,0.0,0.0,0.0,0.0,0.0,0.0,0.0,0.0,257.4526,266.9891,256.649,254.8657,263.96246,257.4526,266.9891,256.649,254.8657,263.96246,257.4526,266.9891,256.649,254.8657,263.96246,0.0,0.0,0.0,0.0,0.0,0.0,0.0,0.0,0.0,0.0,0.0,0.6268434,0.0,0.0,0.046420943,0.0,0.3432155933877806,0.0,0.0,0.04642094358517832,0.0,0.6268434,0.0,0.0,0.046420943,0.0,0.3432155933877806,0.0,0.0,0.04642094358517832
2012-12-07 07:00:00,0.0,0.0,0.0,0.0,0.0,0.0,0.0,0.0,0.0,0.0,0.0,0.0,0.0,0.0,0.0,0.0,0.0,0.0,0.0,0.0,0.0,0.575037,0.0,0.0,0.0,0.0,0.0,0.0,0.0,0.0,257.3064,266.7102,258.1433,255.02185,263.4978,257.3064,266.7102,258.1433,255.02185,263.4978,257.3064,266.7102,258.1433,255.02185,263.4978,0.0,0.0,0.0,0.0,0.0,0.0,0.0,0.0,0.0,0.0,0.0,0.5780359,0.0,0.0,0.03841687,0.0,0.3114214893063928,0.0,0.0,0.03841687163282498,0.0,0.5780359,0.0,0.0,0.03841687,0.0,0.3114214893063928,0.0,0.0,0.03841687163282498
2012-12-07 08:00:00,0.0,0.0,0.0,0.0,0.0,0.0,0.0,0.0,0.0,0.0,0.0,0.0,0.0,0.0,0.0,0.0,0.0,0.0,0.0,0.0,0.0,0.51824,0.0,0.0,0.0,0.0,0.0,0.0,0.0,0.0,257.81967,266.38565,261.45978,257.25595,264.20682,257.81967,266.38565,261.45978,257.25595,264.20682,257.81967,266.38565,261.45978,257.25595,264.20682,0.0,0.0,0.0,0.0,0.0,0.0,0.0,0.0,0.0,0.0,0.0,0.52123886,0.0,0.0,0.0506301,0.0,0.2744228792937481,0.0,0.0,0.05063009924802433,0.0,0.52123886,0.0,0.0,0.0506301,0.0,0.2744228792937481,0.0,0.0,0.05063009924802433
2012-12-07 09:00:00,0.0,0.0,0.0,0.0,0.0,0.0,0.0,0.0,0.0,0.0,0.0,0.0,0.0,0.0,0.0,0.0,0.0,0.0,0.0,0.0,0.0,0.6323093,0.0,0.0,0.0,0.0,0.0,0.0,0.0,0.0,259.1061,267.03748,261.96103,258.87735,264.94568,259.1061,267.03748,261.96103,258.87735,264.94568,259.1061,267.03748,261.96103,258.87735,264.94568,0.0,0.0,0.0,0.0,0.0,0.0,0.0,0.0,0.0,0.0,0.0,0.6353082,0.0,0.0,0.06335744,0.0,0.3487297256745734,0.0,0.0,0.06335744628850946,0.0,0.6353082,0.0,0.0,0.06335744,0.0,0.3487297256745734,0.0,0.0,0.06335744628850946
2012-12-07 10:00:00,0.0,0.0,0.0,0.0,0.0,0.0,0.0,0.0,0.0,0.0,0.0,0.0,0.0,0.0,0.0,0.0,0.0,0.0,0.0,0.0,0.0,0.78934366,0.0,0.0,0.0,0.0,0.0,0.0,0.0,0.0,261.18137,267.9348,262.6348,261.29575,264.7554,261.18137,267.9348,262.6348,261.29575,264.7554,261.18137,267.9348,262.6348,261.29575,264.7554,0.0,0.0,0.0,0.0,0.0,0.0,0.0,0.0,0.0,0.0,0.0,0.79234254,0.0,0.0,0.0600798,0.0,0.45102470722716437,0.0,0.0,0.06007980353119151,0.0,0.79234254,0.0,0.0,0.0600798,0.0,0.45102470722716437,0.0,0.0,0.06007980353119151
2012-12-07 11:00:00,0.0,0.0,0.0,0.0,0.0,0.0,0.0,0.0,0.0,0.0,0.0,0.0,0.0,0.0,0.0,0.0,0.0,0.0,0.0,0.0,0.0,0.72861594,0.0,0.0,0.0,0.0,0.0,0.0,0.0,0.0,262.09232,267.5878,262.79254,263.02164,265.53732,262.09232,267.5878,262.79254,263.02164,265.53732,262.09232,267.5878,262.79254,263.02164,265.53732,0.0,0.0,0.0,0.0,0.0,0.0,0.0,0.0,0.0,0.0,0.0,0.7316148,0.0,0.0,0.07354889,0.0,0.4114655916226714,0.0,0.0,0.07354889137850515,0.0,0.7316148,0.0,0.0,0.07354889,0.0,0.4114655916226714,0.0,0.0,0.07354889137850515
2012-12-07 12:00:00,0.0,0.0,0.0,0.0,0.0,0.0,0.0,0.0,0.0,0.0,0.0,0.0,0.0,0.0,0.0,0.0,0.0,0.0,0.0,0.0,0.0,0.7512707,0.0,0.0,0.0,0.0,0.0,0.0,0.0,0.0,262.87143,267.71725,263.16666,264.21927,265.25912,262.87143,267.71725,263.16666,264.21927,265.25912,262.87143,267.71725,263.16666,264.21927,265.25912,0.0,0.0,0.0,0.0,0.0,0.0,0.0,0.0,0.0,0.0,0.0,0.75426954,0.0,0.010710788,0.06875675,0.0,0.4262232882539492,0.0,0.010710788144732851,0.06875675162297822,0.0,0.75426954,0.0,0.010710788,0.06875675,0.0,0.4262232882539492,0.0,0.010710788144732851,0.06875675162297822
2012-12-07 13:00:00,0.0,0.0,0.0,0.0,0.0,0.0,0.0,0.0,0.0,0.0,0.0,0.0,0.0,0.0,0.0,0.0,0.0,0.0,0.0,0.0,0.0,0.82839924,0.0,0.0,0.0,0.0,0.0,0.0,0.0,0.0,263.67288,268.158,263.1821,264.7406,265.5712,263.67288,268.158,263.1821,264.7406,265.5712,263.67288,268.158,263.1821,264.7406,265.5712,0.0,0.0,0.0,0.0,0.0,0.0,0.0,0.0,0.0,0.0,0.043870624,0.8313982,0.0,0.017586414,0.0741324,0.037628825568352404,0.47646625259834163,0.0,0.017586414249294954,0.07413240115567002,0.043870624,0.8313982,0.0,0.017586414,0.0741324,0.037628825568352404,0.47646625259834163,0.0,0.017586414249294954,0.07413240115567002
2012-12-07 14:00:00,0.0,0.0,0.0,0.0,0.0,0.0,0.0,0.0,0.0,0.0,0.0,0.0,0.0,0.0,0.0,0.0,0.0,0.0,0.0,0.0,0.0,0.77186924,0.0,0.0,0.0,0.0,0.0,0.0,0.0,0.0,263.3236,267.83496,263.23938,264.7042,264.97763,263.3236,267.83496,263.23938,264.7042,264.97763,263.3236,267.83496,263.23938,264.7042,264.97763,0.0,0.0,0.0,0.0,0.0,0.0,0.0,0.0,0.0,0.0,0.0,0.7748682,0.0,0.017106252,0.06390784,0.0,0.43964158997644753,0.0,0.017106251400688596,0.0639078379431866,0.0,0.7748682,0.0,0.017106252,0.06390784,0.0,0.43964158997644753,0.0,0.017106251400688596,0.0639078379431866
2012-12-07 15:00:00,0.0,0.0,0.0,0.0,0.0,0.0,0.0,0.0,0.0,0.0,0.0,0.0,0.0,0.0,0.0,0.0,0.0,0.0,0.0,0.0,0.0,0.6377567,0.0,0.0,0.0,0.0,0.0,0.0,0.0,0.0,262.4286,267.0686,261.56897,263.9657,264.004,262.4286,267.0686,261.56897,263.9657,264.004,262.4286,267.0686,261.56897,263.9657,264.004,0.0,0.0,0.0,0.0,0.0,0.0,0.0,0.0,0.0,0.0,0.0,0.6407556,0.0,0.0073665525,0.0471364,0.0,0.35227825244588495,0.0,0.007366552512653779,0.047136400167810184,0.0,0.6407556,0.0,0.0073665525,0.0471364,0.0,0.35227825244588495,0.0,0.007366552512653779,0.047136400167810184
2012-12-07 16:00:00,0.0,0.0,0.0,0.0,0.0,0.0,0.0,0.0,0.0,0.0,0.0,0.0,0.0,0.0,0.0,0.0,0.0,0.0,0.0,0.0,0.0,0.5942471,0.0,0.0,0.0,0.0,0.0,0.0,0.0,0.0,261.93124,266.81998,261.63495,262.70547,264.069,261.93124,266.81998,261.63495,262.70547,264.069,261.93124,266.81998,261.63495,262.70547,264.069,0.0,0.0,0.0,0.0,0.0,0.0,0.0,0.0,0.0,0.0,0.0,0.59724593,0.0,0.0,0.048256107,0.0,0.3239352645969882,0.0,0.0,0.04825610811858601,0.0,0.59724593,0.0,0.0,0.048256107,0.0,0.3239352645969882,0.0,0.0,0.04825610811858601
2012-12-07 17:00:00,0.0,0.0,0.0,0.0,0.0,0.0,0.0,0.0,0.0,0.0,0.0,0.0,0.0,0.0,0.0,0.0,0.0,0.0,0.0,0.0,0.0,0.6255001,0.0,0.0,0.0,0.0,0.0,0.0,0.0,0.0,261.52853,266.99857,261.66943,262.31265,263.6007,261.52853,266.99857,261.66943,262.31265,263.6007,261.52853,266.99857,261.66943,262.31265,263.6007,0.0,0.0,0.0,0.0,0.0,0.0,0.0,0.0,0.0,0.0,0.0,0.628499,0.0,0.0,0.04018948,0.0,0.3442940672104341,0.0,0.0,0.040189479712644714,0.0,0.628499,0.0,0.0,0.04018948,0.0,0.3442940672104341,0.0,0.0,0.040189479712644714
2012-12-07 18:00:00,0.0,0.0,0.0,0.0,0.0,0.0,0.0,0.0,0.0,0.0,0.0,0.0,0.0,0.0,0.0,0.0,0.0,0.0,0.0,0.0,0.0,0.619305,0.0,0.0,0.0,0.0,0.0,0.0,0.0,0.0,262.03168,266.96317,258.65152,262.31647,263.6649,262.03168,266.96317,258.65152,262.31647,263.6649,262.03168,266.96317,258.65152,262.31647,263.6649,0.0,0.0,0.0,0.0,0.0,0.0,0.0,0.0,0.0,0.0,0.0,0.6223039,0.0,0.0,0.041294996,0.0,0.340258487745021,0.0,0.0,0.04129499418235437,0.0,0.6223039,0.0,0.0,0.041294996,0.0,0.340258487745021,0.0,0.0,0.04129499418235437
2012-12-07 19:00:00,0.0,0.0,0.0,0.0,0.0,0.0,0.0,0.0,0.0,0.0,0.0,0.0,0.0,0.0,0.0,0.0,0.0,0.0,0.0,0.0,0.0,0.5375035,0.0,0.0,0.0,0.0,0.0,0.0,0.0,0.0,262.23804,266.49573,262.64532,262.0079,263.46524,262.23804,266.49573,262.64532,262.0079,263.46524,262.23804,266.49573,262.64532,262.0079,263.46524,0.0,0.0,0.0,0.0,0.0,0.0,0.0,0.0,0.0,0.0,0.0,0.5405023,0.0,0.0,0.037855968,0.0,0.28697144406249364,0.0,0.0,0.0378559662884692,0.0,0.5405023,0.0,0.0,0.037855968,0.0,0.28697144406249364,0.0,0.0,0.0378559662884692
2012-12-07 20:00:00,0.0,0.0,0.0,0.0,0.0,0.0,0.0,0.0,0.0,0.0,0.0,0.0,0.0,0.0,0.0,0.0,0.0,0.0,0.0,0.0,0.0,0.549477,0.0,0.0,0.0,0.0,0.0,0.0,0.0,0.0,261.5134,266.56415,261.9714,263.84686,263.45554,261.5134,266.56415,261.9714,263.84686,263.45554,261.5134,266.56415,261.9714,263.84686,263.45554,0.0,0.0,0.0,0.0,0.0,0.0,0.0,0.0,0.0,0.0,0.0,0.55247587,0.0,0.005799282,0.0376888,0.0,0.29477124506374885,0.0,0.0057992816555932645,0.03768879862257873,0.0,0.55247587,0.0,0.005799282,0.0376888,0.0,0.29477124506374885,0.0,0.0057992816555932645,0.03768879862257873
2012-12-07 21:00:00,0.0,0.0,0.0,0.0,0.0,0.0,0.0,0.0,0.0,0.0,0.0,0.0,0.0,0.0,0.0,0.0,0.0,0.0,0.0,0.0,0.0,0.55550647,0.0,0.0,0.0,0.0,0.0,0.0,0.0,0.0,260.36902,266.5986,262.66257,263.3767,263.12814,260.36902,266.5986,262.66257,263.3767,263.12814,260.36902,266.5986,262.66257,263.3767,263.12814,0.0,0.0,0.0,0.0,0.0,0.0,0.0,0.0,0.0,0.0,0.0,0.5585054,0.0,0.0,0.0341434,0.0,0.29869897714689664,0.0,0.0,0.03414340075938443,0.0,0.5585054,0.0,0.0,0.0341434,0.0,0.29869897714689664,0.0,0.0,0.03414340075938443
2012-12-07 22:00:00,0.0,0.0,0.0,0.0,0.0,0.0,0.0,0.0,0.0,0.0,0.0,0.0,0.0,0.0,0.0,0.0,0.0,0.0,0.0,0.0,0.0,0.0,0.0,0.0,0.0,0.0,0.0,0.0,0.0,0.0,259.8109,263.23697,262.6344,262.59457,262.0045,259.8109,263.23697,262.6344,262.59457,262.0045,259.8109,263.23697,262.6344,262.59457,262.0045,0.0,0.0,0.0,0.0,0.0,0.0,0.0,0.0,0.0,0.0,0.0,0.0,0.0,0.0,0.023221767,0.0,0.0,0.0,0.0,0.023221767243325385,0.0,0.0,0.0,0.0,0.023221767,0.0,0.0,0.0,0.0,0.023221767243325385
2012-12-07 23:00:00,0.0,0.0,0.0,0.0,0.0,0.0,0.0,0.0,0.0,0.0,0.0,0.0,0.0,0.0,0.0,0.0,0.0,0.0,0.0,0.0,0.0,0.07720983,0.0,0.0,0.0,0.0,0.0,0.0,0.0,0.0,260.91257,263.86548,262.70184,261.64746,262.0151,260.91257,263.86548,262.70184,261.64746,262.0151,260.91257,263.86548,262.70184,261.64746,262.0151,0.0,0.0,0.0,0.0,0.0,0.0,0.0,0.0,0.0,0.0,0.0,0.08020874,0.0,0.0,0.023324993,0.0,0.0,0.0,0.0,0.023324991807790043,0.0,0.08020874,0.0,0.0,0.023324993,0.0,0.0,0.0,0.0,0.023324991807790043
